ticker,price,dividend,mktcap,shares,bvps,sector,name,FE1,g2,icc_method,ICC,bm,date
A,149.93,1.02,42275135488.0,281965813.0,26.113,Healthcare,"Agilent Technologies, Inc.",6.20237,0.0881276028356901,forecast_icc,0.054079895587833104,0.17416794032414196,2026-09-01
AA,50.9,0.4,13432990720.0,263909445.0,27.926,Basic Materials,Alcoa Corporation,6.49824,0.01,forecast_icc,0.07792276913448629,0.5486444020315678,2026-09-01
AADX,12.55,0.0,2163538688.0,172393518.0,4.802,Industrials,"Applied Aerospace & Defense, In",0.4,0.04,forecast_icc,0.034507404925577495,0.3826294755104467,2026-09-01
AAL,12.95,0.0,8572510208.0,661969951.0,-6.001,Industrials,"American Airlines Group, Inc.",0.00053,0.75,forecast_icc,0.010000000000000002,,2026-09-01
AAME,1.355,0.02,27638244.0,20397228.0,5.365,Financial Services,Atlantic American Corporation,0.23,0.04,trailing_eps_fallback_icc,0.11232711778557525,3.959409585500439,2026-09-01
AAMI,90.08,0.4,3196950784.0,35490128.0,2.592,Financial Services,Acadian Asset Management Inc.,5.375,0.21178232558139531,forecast_icc,0.10006347090583378,0.028774422251474988,2026-09-01
AAOI,103.39,0.0,8778461184.0,84906289.0,19.767,Technology,"Applied Optoelectronics, Inc.",0.68,0.75,forecast_icc,0.0759033034246982,0.19118870374707803,2026-09-01
AAON,75.35,0.4,6212881408.0,82453639.0,12.255,Industrials,"AAON, Inc.",2.368,0.4898648648648649,forecast_icc,0.12538546972520515,0.1626410162350551,2026-09-01
AAP,42.76,1.0,2579676928.0,60329208.0,37.617,Consumer Cyclical,Advance Auto Parts Inc.,2.99215,0.3009675317079692,forecast_icc,0.14673595790912974,0.8797240432333703,2026-09-01
AAPL,325.13,1.08,4745005629440.0,14594180000.0,7.36,Technology,Apple Inc.,8.81249,0.0815637804979068,forecast_icc,0.038050107084358076,0.022637099550222615,2026-09-01
AAT,22.41,1.36,1738399104.0,61390936.0,18.276,Real Estate,"American Assets Trust, Inc.",0.39,0.01,forecast_icc,0.020192597484152988,0.6454103339988836,2026-09-01
ABBV,259.99,6.92,459432820736.0,1767117285.0,-3.359,Healthcare,AbbVie Inc.,14.0106,0.162121536550897,forecast_icc,0.0934865671943449,,2026-09-01
ABCB,83.55,0.8,5606810112.0,67107239.0,61.163,Financial Services,Ameris Bancorp,6.63571,0.05920391337174169,forecast_icc,0.07511323398403513,0.7320526247486727,2026-09-01
ABEV,2.89,0.16,44563795968.0,15419998554.0,1.1096244,Consumer Defensive,Ambev S.A.,0.20052,0.0692200279273889,forecast_icc,0.09123602163086642,0.38395307831876835,2026-09-01
ABG,209.36,0.0,3758413056.0,17951917.0,218.546,Consumer Cyclical,Asbury Automotive Group Inc,26.39582,0.14724679892498127,forecast_icc,0.12666315528038152,1.0438766559781767,2026-09-01
ABM,46.41,1.16,2718740736.0,58580923.0,29.846,Industrials,ABM Industries Incorporated,3.97749,0.09490910096568439,forecast_icc,0.09697438154423044,0.6430941371888136,2026-09-01
ABNB,182.545,0.0,109305331712.0,419529556.0,13.219,Consumer Cyclical,"Airbnb, Inc.",5.2918,0.1690048754677047,forecast_icc,0.05444181458791364,0.050736419842502184,2026-09-01
ABR,4.95,0.94,1003504832.0,186558043.0,11.346,Real Estate,Arbor Realty Trust,0.2725,0.75,forecast_icc,0.3049805557900628,2.109294831853884,2026-09-01
ABT,108.93,2.52,189735698432.0,1741813154.0,29.537,Healthcare,Abbott Laboratories,5.51886,0.09893528736007062,forecast_icc,0.07129602300984972,0.2711558001729263,2026-09-01
ABTC,7.71,0.0,939230016.0,24004726.0,9.229,Financial Services,American Bitcoin Corp.,0.02,0.04,forecast_icc,0.010000000000000002,0.23587365446165637,2026-09-01
ABUS,5.09,0.0,1008358272.0,198105743.0,1.309,Healthcare,Arbutus Biopharma Corporation,1.027,0.01,forecast_icc,0.10173646239963718,0.2571709131444503,2026-09-01
ABX,9.21,0.2,900666624.0,97792249.0,4.477,Financial Services,"Abacus Global Management, Inc.",1.02,0.12908823529411761,forecast_icc,0.12239339939262084,0.48610205719469407,2026-09-01
ACA,145.48,0.2,7144058368.0,49106809.0,60.76,Industrials,"Arcosa, Inc.",4.29167,0.19289227736522152,forecast_icc,0.060075083774859483,0.41765192291889175,2026-09-01
ACAD,28.89,0.0,4947004416.0,171235870.0,7.591,Healthcare,ACADIA Pharmaceuticals Inc.,0.59933,0.4849248327298816,forecast_icc,0.09462367935710814,0.26275527164801304,2026-09-01
ACCL,2.96,0.0,41291704.0,13949900.0,0.415,Industrials,Acco Group Holdings Limited,0.04,0.01,trailing_eps_fallback_icc,0.014738143239583786,0.14020270270270271,2026-09-01
ACCO,4.25,0.3,392307168.0,92307568.0,7.488,Industrials,Acco Brands Corporation,0.88,0.09469318181818176,forecast_icc,0.178731424331794,1.7618823349768618,2026-09-01
ACCS,5.27,0.0,20169892.0,3827304.0,7.59,Communication Services,ACCESS Newswire Inc.,0.445,0.7303370786516854,forecast_icc,0.2575921250354952,1.440227709697206,2026-09-01
ACEL,11.58,0.0,942529728.0,81392900.0,3.495,Consumer Cyclical,"Accel Entertainment, Inc.",0.82822,0.30400135229769876,forecast_icc,0.13236150391272894,0.301813488794276,2026-09-01
ACFN,19.17,0.0,48590468.0,2534714.0,3.496,Technology,"Acorn Energy, Inc.",0.61,0.01,trailing_eps_fallback_icc,0.02839734768518254,0.1823682814497691,2026-09-01
ACGL,98.61,0.0,33626009600.0,341000000.0,68.318,Financial Services,Arch Capital Group Ltd.,9.37453,0.040831913706607104,forecast_icc,0.07443675565648389,0.6928100680730193,2026-09-01
ACH,1.15,0.0,88440408.0,76904704.0,-7.164,Healthcare,"Accendra Health, Inc.",0.14973,0.04,forecast_icc,0.09080140840688744,,2026-09-01
ACHC,28.25,0.0,2630082560.0,93100275.0,21.78,Healthcare,"Acadia Healthcare Company, Inc.",1.55206,0.17401389121554578,forecast_icc,0.08403792083009531,0.7709735125196983,2026-09-01
ACI,12.46,0.68,6102639104.0,489778423.0,3.3,Consumer Defensive,"Albertsons Companies, Inc.",1.79259,0.03179756664937328,forecast_icc,0.11425424244225135,0.26484751406004164,2026-09-01
ACIC,9.36,0.0,442442656.0,47269517.0,7.302,Financial Services,American Coastal Insurance Corp,0.93,0.17204301075268824,forecast_icc,0.11825406575829012,0.7801282458940849,2026-09-01
ACIU,2.68,0.0,266464176.0,99426932.0,0.43789092,Healthcare,AC Immune SA,0.61270267,0.04,forecast_icc,0.12734349109068355,0.16339213540756578,2026-09-01
ACIW,51.23,0.0,5171936768.0,100955241.0,14.786,Technology,"ACI Worldwide, Inc.",3.59,0.08356545961002793,forecast_icc,0.07302810248254643,0.28861996199602413,2026-09-01
ACLS,110.09,0.0,3399742976.0,30881489.0,34.514,Technology,"Axcelis Technologies, Inc.",4.106,0.2830004870920604,forecast_icc,0.08791676928046183,0.31350714417830156,2026-09-01
ACM,66.23,1.24,8523564544.0,128696425.0,17.042,Industrials,AECOM,4.00115,0.5983929620234183,forecast_icc,0.21478247633343928,0.25731540642745443,2026-09-01
ACMR,70.04,0.0,4878230016.0,64657388.0,26.71,Technology,"ACM Research, Inc.",2.15375,0.3431224608241439,forecast_icc,0.08974553812239028,0.3540216077994794,2026-09-01
ACN,188.09,6.52,115100180480.0,611942109.0,52.121,Technology,Accenture plc,13.86199,0.057219057292639874,forecast_icc,0.08039193024579616,0.27710673024297416,2026-09-01
ACNB,63.98,1.6,653366592.0,10212044.0,41.621,Financial Services,ACNB Corporation,5.6625,0.01,forecast_icc,0.06576161858273907,0.6505313992607691,2026-09-01
ACNT,15.1,0.0,136477056.0,9038215.0,8.835,Basic Materials,Ascent Industries Co.,0.8,0.01,forecast_icc,0.039972977126609716,0.5850992970202992,2026-09-01
ACP,5.04,0.93,632372224.0,125470678.0,5.648,Financial Services,Aberdeen Income Credit Strategi,0.66,0.04,trailing_eps_fallback_icc,0.15475701902506322,1.1206349084427845,2026-09-01
ACR,13.93,0.0,99336240.0,7131101.0,58.414,Real Estate,ACRES Commercial Realty Corp.,0.24,0.75,forecast_icc,0.12929301267283833,4.1933954195769845,2026-09-01
ACRE,4.47,0.6,248000560.0,55481113.0,8.836,Real Estate,Ares Commercial Real Estate Cor,0.39,0.01,forecast_icc,0.08960328534582962,1.9767339011976424,2026-09-01
ACT,48.43,0.96,6658333696.0,137483671.0,39.061,Financial Services,"Enact Holdings, Inc.",4.84291,0.03410965721023107,forecast_icc,0.08103370738552818,0.8065455890498823,2026-09-01
ACU,62.9,0.64,241147472.0,3833823.0,31.64,Consumer Defensive,Acme,2.64,0.01,forecast_icc,0.03607251572321672,0.5030206566710349,2026-09-01
ACV,25.94,2.16,269672960.0,10396028.0,,Financial Services,568516,5.14,0.04,trailing_eps_fallback_icc,0.15373368623321249,,2026-09-01
ACVA,6.76,0.0,1180193920.0,174584894.0,2.305,Consumer Cyclical,ACV Auctions Inc.,0.2033,0.6855386128873584,forecast_icc,0.15609258796853587,0.3409763207981956,2026-09-01
AD,36.92,0.0,3192802816.0,53473077.0,14.634,Communication Services,"Array Digital Infrastructure, I",6.487,0.01,forecast_icc,0.0931992490327399,0.24509030275736263,2026-09-01
ADAM,9.61,1.2,863744704.0,89879786.0,10.369,Real Estate,"Adamas Trust, Inc.",1.23025,0.014468603942288105,forecast_icc,0.13292079809956914,1.0789802782211908,2026-09-01
ADBE,286.08,0.0,113716797440.0,397500000.0,28.867,Technology,Adobe Inc.,24.41188,0.12610704296432718,forecast_icc,0.09543988213038845,0.10090534343489861,2026-09-01
ADC,72.5,3.2,9042840576.0,124381214.0,51.09,Real Estate,Agree Realty Corporation,1.91571,0.01,forecast_icc,0.028952161356621597,0.7027256722987483,2026-09-01
ADEA,24.37,0.2,2687527424.0,110280150.0,4.328,Technology,Adeia Inc.,1.42375,0.13134328358208935,forecast_icc,0.08022130256864879,0.17759539305076874,2026-09-01
ADI,354.52,4.4,171788140544.0,484565465.0,69.239,Technology,"Analog Devices, Inc.",12.84498,0.27184160660429213,forecast_icc,0.09197160275223448,0.195303518187518,2026-09-01
ADIG,20.34,0.0,1544277888.0,75923198.0,32.335,Technology,ADI Global Distribution Inc.,1.60803,0.13933197763723304,forecast_icc,0.09483601778020623,1.589724638555467,2026-09-01
ADM,84.55,2.08,40749424640.0,481956527.0,48.907,Consumer Defensive,Archer-Daniels-Midland Company,5.41607,0.05061419073239448,forecast_icc,0.06780095356400737,0.5784387896081223,2026-09-01
ADMA,9.33,0.0,2089777024.0,223984680.0,1.811,Healthcare,ADMA Biologics Inc,0.79667,0.23325843824921244,forecast_icc,0.1256344989608179,0.1941050412658762,2026-09-01
ADNT,18.25,0.0,1407018880.0,77096932.0,22.426,Consumer Cyclical,Adient plc,1.95084,0.5538332205613994,forecast_icc,0.23377080474678158,1.2288220304705504,2026-09-01
ADP,283.49,6.8,112620011520.0,397262737.0,15.161,Technology,"Automatic Data Processing, Inc.",12.25722,0.09310594082508117,forecast_icc,0.0633540549809867,0.05347984140977825,2026-09-01
ADSE,11.6,0.0,871504896.0,75129730.0,-0.20743415,Industrials,ADS-TEC ENERGY PLC,0.82425,0.04,forecast_icc,0.06084719005758876,,2026-09-01
ADSK,247.69,0.0,51767209984.0,209000000.0,16.187,Technology,"Autodesk, Inc.",12.56759,0.1308437019348978,forecast_icc,0.06996100681655826,0.06535185112440153,2026-09-01
ADT,7.37,0.22,5384221696.0,675814723.0,4.74,Industrials,ADT Inc.,0.92238,0.06813894490340222,forecast_icc,0.11137108937575124,0.5949535453563909,2026-09-01
ADTN,7.47,0.0,608666112.0,81481407.0,1.595,Technology,"ADTRAN Holdings, Inc.",0.28857,0.75,forecast_icc,0.1891927640792318,0.21352074906545807,2026-09-01
ADUS,114.55,0.0,2138050176.0,18664776.0,62.765,Healthcare,Addus HomeCare Corporation,7.0451,0.0673787455110646,forecast_icc,0.0626653990774439,0.5479266477420593,2026-09-01
ADV,32.63,0.0,418389376.0,12822230.0,31.332,Communication Services,Advantage Solutions Inc.,1.79,0.75,forecast_icc,0.2200941454409705,0.9602206303632337,2026-09-01
ADVB,10.44,0.0,17248268.0,1652133.0,6.663,Healthcare,Advanced Biomed Inc.,4.0,0.04,trailing_eps_fallback_icc,0.16968900197964853,0.6382184100455768,2026-09-01
AEBI,12.05,0.1,935119168.0,77603247.0,10.675,Industrials,Aebi Schmidt Holding AG,0.755,0.6423841059602649,forecast_icc,0.21662336488356615,0.8858920767251346,2026-09-01
AEE,106.09,3.0,29370300416.0,276843251.0,49.447,Utilities,Ameren Corporation,5.39756,0.08090878100475019,forecast_icc,0.06854226974567645,0.466085400500011,2026-09-01
AEF,9.6,0.79,389773696.0,40601424.0,7.632,Financial Services,27762,2.29,0.75,trailing_eps_fallback_icc,0.4,0.794999947785086,2026-09-01
AEG,9.18,0.49,13631332352.0,1476697486.0,6.954433,Financial Services,Aegon Ltd. New York Registry Sh,0.878,0.06605922551252852,forecast_icc,0.1057285001889966,0.7533815083122578,2026-09-01
AEHR,76.59,0.0,2498400256.0,32620450.0,6.758,Technology,Aehr Test Systems,0.75,0.75,forecast_icc,0.09574258680929149,0.08823606248461735,2026-09-01
AEIS,267.0,0.4,10693467136.0,40050442.0,36.403,Industrials,"Advanced Energy Industries, Inc",11.2445,0.35085864200275685,forecast_icc,0.11026394523602534,0.13634083516446502,2026-09-01
AEM,193.46,1.8,97961353216.0,506364864.0,56.488,Basic Materials,Agnico Eagle Mines Limited,12.1355,0.02940299122409451,forecast_icc,0.05502653817794327,0.2919879881054991,2026-09-01
AENT,5.0255,0.0,256086240.0,50957370.0,2.353,Communication Services,Alliance Entertainment Holding ,0.45667,0.0291895679593579,forecast_icc,0.06798978604437192,0.46821216013011874,2026-09-01
AEO,16.58,0.5,2778365696.0,167573333.0,9.818,Consumer Cyclical,"American Eagle Outfitters, Inc.",1.74,0.04789080459770112,forecast_icc,0.09311878923446926,0.5921592631821784,2026-09-01
AEP,122.96,3.8,66939101184.0,544397352.0,58.929,Utilities,American Electric Power Company,6.37571,0.07488577742714142,forecast_icc,0.0686620352352928,0.47925339582653453,2026-09-01
AER,144.16,1.6,22659655680.0,157184065.0,119.208,Industrials,AerCap Holdings N.V.,18.71998,0.01,forecast_icc,0.07981404645818613,0.8269145076665172,2026-09-01
AERO,14.56,0.0,2124353664.0,145903409.0,-4.385,Industrials,"Grupo Aeromexico, S.A.B. de C.V",1.14495,0.75,forecast_icc,0.2553067291687472,,2026-09-01
AERT,7.28,0.0,39261296.0,5393035.0,-0.496,Industrials,"Aeries Technology, Inc.",0.41,0.053,trailing_eps_fallback_icc,0.0551772416409545,,2026-09-01
AES,14.77,0.7,10533339136.0,713157713.0,6.93,Utilities,The AES Corporation,2.02,0.17708910891089102,forecast_icc,0.16909475015610587,0.4691943254916197,2026-09-01
AESI,12.68,1.0,1585043712.0,125003451.0,8.904,Energy,Atlas Energy Solutions Inc.,0.08,0.04,forecast_icc,0.010332939007543486,0.702208222572981,2026-09-01
AEYE,7.01,0.0,88113416.0,12569674.0,0.257,Technology,"AudioEye, Inc.",0.98667,0.15540150202195258,forecast_icc,0.13724046691114833,0.036661911030665295,2026-09-01
AFCG,3.49,0.2,78671328.0,22541928.0,8.254,Financial Services,Advanced Flower Capital Inc.,1.04,0.01,forecast_icc,0.15155893999742498,2.3650430015875665,2026-09-01
AFG,142.42,3.52,11809674240.0,82921466.0,58.143,Financial Services,"American Financial Group, Inc.",12.38714,0.01,forecast_icc,0.06490594978644915,0.4082502785138636,2026-09-01
AFJK,12.01,0.0,38027648.0,3166332.0,-1.416,Financial Services,"Aimei Health Technology Co., Lt",0.07,0.04,trailing_eps_fallback_icc,0.010000000000000002,,2026-09-01
AFL,116.02,2.44,58165846016.0,501343298.0,60.352,Financial Services,AFLAC Incorporated,7.01529,0.07500046327379195,forecast_icc,0.07150922498580525,0.5201862053647947,2026-09-01
AFRM,69.94,0.0,23599243264.0,296881962.0,16.264,Financial Services,"Affirm Holdings, Inc.",3.87911,0.24834820358278065,forecast_icc,0.1022774784806163,0.20460351952614203,2026-09-01
AFYA,14.58,0.66,1290012416.0,49904082.0,10.699273,Consumer Defensive,Afya Limited,9.63,0.05432294911734159,forecast_icc,0.2549886068622461,0.41390097530067954,2026-09-01
AG,19.86,0.06,9789120512.0,492906383.0,6.02,Basic Materials,First Majestic Silver Corp.,0.945,0.07671957671957674,forecast_icc,0.055537146650553315,0.30312186084771736,2026-09-01
AGBK,6.63,0.0,1059711552.0,58606471.0,5.8035407,Financial Services,AGI Inc,6.53351,0.40668492127508804,forecast_icc,0.4,0.3209600188749001,2026-09-01
AGCC,14.515,0.0,330746048.0,22786500.0,0.496,Consumer Defensive,Agencia Comercial Spirits Ltd,0.04,0.01,trailing_eps_fallback_icc,0.010000000000000002,0.034171546624194284,2026-09-01
AGCO,122.32,1.2,8566280704.0,70031729.0,58.292,Industrials,AGCO Corporation,5.62441,0.2992278301190703,forecast_icc,0.1096970044847746,0.47655332435718417,2026-09-01
AGD,12.28,1.44,320738208.0,26118747.0,12.137,Financial Services,"""abrdn Global Dynamic Dividend ",2.97,0.75,trailing_eps_fallback_icc,0.4,0.988355064760479,2026-09-01
AGEN,7.99,0.0,359627264.0,45009670.0,-4.671,Healthcare,Agenus Inc.,0.87,0.01,forecast_icc,0.06778224922189258,,2026-09-01
AGI,34.92,0.16,14617667584.0,418604465.0,11.479,Basic Materials,Alamos Gold Inc.,2.29554,0.33144706692107295,forecast_icc,0.13679113153739964,0.3287228024664184,2026-09-01
AGL,87.47,0.0,1468727168.0,16791210.0,13.555,Healthcare,"agilon health, inc.",2.05538,0.04,forecast_icc,0.02797612988416194,0.15496741430876831,2026-09-01
AGM,219.85,6.3,2386078208.0,9322129.0,115.18,Financial Services,Federal Agricultural Mortgage C,20.88,0.10823754789272044,forecast_icc,0.10909668990158672,0.44999481350612963,2026-09-01
AGM-A,154.0,6.3,1671394304.0,1030780.0,115.18,Financial Services,Federal Agricultural Mortgage C,18.28,0.208,trailing_eps_fallback_icc,0.16606322793356176,0.07103365143453307,2026-09-01
AGMH,0.9,0.0,4316737.0,3596375.0,15.379,Technology,AGM Group Holdings Inc.,0.33,0.01,trailing_eps_fallback_icc,0.1456619216012328,12.812606171050032,2026-09-01
AGNC,10.6,1.44,12566104064.0,1185481447.0,9.083,Real Estate,AGNC Investment Corp.,1.58313,0.01,forecast_icc,0.14461112789183017,0.8568867429602881,2026-09-01
AGNT,3.92,0.2,644149760.0,164323924.0,1.681,Real Estate,"AGNT, Inc.",0.15,0.75,forecast_icc,0.25134009579941397,0.4288265453114506,2026-09-01
AGO,74.46,1.52,3274691840.0,43979208.0,126.249,Financial Services,Assured Guaranty Ltd.,7.04239,0.01,forecast_icc,0.06729717802456159,1.6955277937822693,2026-09-01
AGRO,12.02,0.3,1734581888.0,144307966.0,12.06,Consumer Defensive,Adecoagro S.A.,1.765,0.01,forecast_icc,0.09110399828944826,1.0033277079623237,2026-09-01
AGRZ,0.2054,0.0,4451733.0,21673485.0,0.19205508,Consumer Defensive,Agroz Inc.,0.09,0.04,trailing_eps_fallback_icc,0.18230240356446903,0.9350297727994469,2026-09-01
AGX,404.75,2.0,5674290176.0,14019247.0,33.773,Industrials,"Argan, Inc.",12.09207,0.32235589109226126,forecast_icc,0.08766642190402762,0.08344163133101638,2026-09-01
AGYS,112.49,0.0,3172869120.0,28205788.0,12.03,Technology,"Agilysys, Inc.",2.45625,0.3033078880407125,forecast_icc,0.06615442186282405,0.10694283842379228,2026-09-01
AHMA,1.37,0.0,40723252.0,10965000.0,0.42,Consumer Cyclical,Ambitions Enterprise Management,0.04,0.042,trailing_eps_fallback_icc,0.03286903850770244,0.11308772688389425,2026-09-01
AHR,56.54,1.0,12325650432.0,217998775.0,18.977,Real Estate,"American Healthcare REIT, Inc.",0.60433,0.6381778167557459,forecast_icc,0.10046448585075518,0.33563849437386023,2026-09-01
AIFU,22.07,0.0,130780328.0,5925706.0,67.99667,Financial Services,AIFU Inc.,0.54,0.04,forecast_icc,0.028787611242403373,3.080954770193113,2026-09-01
AIG,75.88,2.0,39677132800.0,522893169.0,77.386,Financial Services,"American International Group, I",8.04089,0.09193634038023157,forecast_icc,0.10877235395186358,1.0198471492434555,2026-09-01
AII,25.65,0.0,502571424.0,19593427.0,18.859,Financial Services,American Integrity Insurance Gr,3.765,0.01,forecast_icc,0.08292306356288004,0.7352436333367813,2026-09-01
AIIR,7.47,0.0,1198087936.0,160386602.0,,Consumer Defensive,Air Global PLC,0.54,0.1314814814814813,forecast_icc,0.08773186410568579,,2026-09-01
AIN,54.33,1.12,1540525184.0,28354963.0,26.283,Consumer Cyclical,Albany International Corporatio,2.55239,0.242639251838473,forecast_icc,0.1042224128319248,0.4837658613239523,2026-09-01
AIO,25.8,2.16,888527232.0,34439039.0,,Financial Services,AllianzGI Artificial Intelligen,4.33,0.04,trailing_eps_fallback_icc,0.14264676516692976,,2026-09-01
AIOT,2.93,0.0,393281952.0,134225918.0,3.649,Technology,"PowerFleet, Inc.",0.1075,0.75,forecast_icc,0.18491370855481815,1.2453924526442546,2026-09-01
AIP,20.74,0.0,1019414656.0,49152102.0,1.38,Technology,"Arteris, Inc.",0.12333,0.04,forecast_icc,0.010000000000000002,0.0665380866959009,2026-09-01
AIR,124.48,0.0,5011420672.0,40258840.0,43.273,Industrials,AAR Corp.,5.70857,0.14564593234382683,forecast_icc,0.06874398912879565,0.3476301227421684,2026-09-01
AIRG,5.02,0.0,65763176.0,13100234.0,2.242,Technology,"Airgain, Inc.",0.07,0.75,forecast_icc,0.11596793019700102,0.44661353685229555,2026-09-01
AIRI,2.61,0.0,12660217.0,4850658.0,3.732,Industrials,Air Industries Group,0.26,0.04,forecast_icc,0.07645814756444358,1.4298851003896693,2026-09-01
AIRT,31.98,0.0,86234360.0,2696509.0,24.223,Industrials,"Air T, Inc.",23.6,0.04,trailing_eps_fallback_icc,0.23875200099193228,0.7574421321964934,2026-09-01
AISP,2.05,0.0,70601096.0,34439562.0,-0.25,Technology,"Airship AI Holdings, Inc",0.04,0.04,forecast_icc,0.024456876515827175,,2026-09-01
AIT,319.11,2.04,11710971904.0,36698856.0,49.249,Industrials,Applied Industrial Technologies,12.0325,0.0992844379804696,forecast_icc,0.05295277821880717,0.15433236233165845,2026-09-01
AIV,2.55,0.0,393398688.0,145236898.0,2.582,Real Estate,Apartment Investment and Manage,0.11,0.04,trailing_eps_fallback_icc,0.042363109997561904,0.9532356921231013,2026-09-01
AIZ,280.78,3.52,13849127936.0,49323767.0,123.484,Financial Services,"Assurant, Inc.",22.26528,0.05246644102387221,forecast_icc,0.0738586448287476,0.43978913852009344,2026-09-01
AJG,262.0,2.8,67161341952.0,256341000.0,92.536,Financial Services,Arthur J. Gallagher & Co.,13.18336,0.12951098961114615,forecast_icc,0.07367177473195208,0.3531908399470809,2026-09-01
AKAM,106.46,0.0,15300070400.0,143716609.0,33.07,Technology,"Akamai Technologies, Inc.",6.69605,0.07006220084975467,forecast_icc,0.0643646216504809,0.310633097454898,2026-09-01
AKO-A,23.4,0.69,3691625216.0,78881550.0,1199.614,Consumer Defensive,Embotelladora Andina S.A.,1.89,0.01,trailing_eps_fallback_icc,0.06321535432482378,25.63299527578587,2026-09-01
AKO-B,29.3,0.75,4622419456.0,78880217.0,1199.614,Consumer Defensive,Embotelladora Andina S.A.,1941.2131,0.08184361624182324,forecast_icc,0.4,20.471057102663337,2026-09-01
AKR,20.45,0.8,2981468672.0,137329896.0,17.015,Real Estate,Acadia Realty Trust,0.435,0.01,forecast_icc,0.024047424837566056,0.7837305829789379,2026-09-01
ALAB,279.91,0.0,48560218112.0,173485104.0,9.947,Technology,"Astera Labs, Inc.",4.0322,0.5856058727245674,forecast_icc,0.09172196858018522,0.03553642048122438,2026-09-01
ALAR,1.53,0.0,11243704.0,7348826.0,4.6,Technology,Alarum Technologies Ltd.,0.13,0.01,forecast_icc,0.05689757140560006,3.0065358888850144,2026-09-01
ALB,135.54,1.64,15994404864.0,118005057.0,68.14,Basic Materials,Albemarle Corporation,11.56498,0.01,forecast_icc,0.060340065765011164,0.5027298391125683,2026-09-01
ALC,71.75,0.36,34683949056.0,483400000.0,44.673,Healthcare,Alcon Inc.,3.49908,0.13705031036729642,forecast_icc,0.07165001028556361,0.6226202260052126,2026-09-01
ALCO,39.96,0.2,296445696.0,7418561.0,14.135,Consumer Defensive,"Alico, Inc.",0.21,0.04,trailing_eps_fallback_icc,0.010000000000000002,0.3537287305901719,2026-09-01
ALDF,10.8,0.0,322576704.0,23707500.0,0.011,Financial Services,Aldel Financial II Inc.,0.21,0.01,trailing_eps_fallback_icc,0.019707995175928368,0.0008084356271431181,2026-09-01
ALF,10.89,0.0,391359392.0,28750000.0,-0.391,Financial Services,Centurion Acquisition Corp.,0.26,0.01,trailing_eps_fallback_icc,0.023042302065036477,,2026-09-01
ALG,164.1,1.32,1997255424.0,12170965.0,99.305,Industrials,"Alamo Group, Inc.",10.554,0.1536858063293538,forecast_icc,0.09101174852493543,0.6051492787559455,2026-09-01
ALGM,35.47,0.0,6611680768.0,186402046.0,5.175,Technology,"Allegro MicroSystems, Inc.",1.02772,0.4596971937881913,forecast_icc,0.10899883300719293,0.1458979375892941,2026-09-01
ALGN,154.96,0.0,11008336896.0,71039852.0,59.407,Healthcare,"Align Technology, Inc.",11.29194,0.11128380065781429,forecast_icc,0.08264920620193075,0.3833698521070407,2026-09-01
ALGT,72.41,0.0,1979527040.0,27337755.0,65.417,Industrials,Allegiant Travel Company,6.47621,0.75,forecast_icc,0.26882034998055826,0.9034248498242288,2026-09-01
ALH,22.26,0.0,4425044992.0,198789096.0,2.529,Consumer Cyclical,Alliance Laundry Holdings Inc.,1.34624,0.10699429522224868,forecast_icc,0.07229161007472504,0.11361186715454756,2026-09-01
ALHC,13.59,0.0,2819043840.0,207435149.0,1.28,Healthcare,"Alignment Healthcare, Inc.",0.495,0.5202020202020201,forecast_icc,0.13589470611486643,0.09418689661811006,2026-09-01
ALIS,10.2,0.0,85960496.0,8427500.0,0.024,Financial Services,Calisa Acquisition Corp,0.12,0.04,trailing_eps_fallback_icc,0.016560783791385793,0.0023529412859600064,2026-09-01
ALIT,13.82,0.16,512198144.0,26419410.0,38.789,Technology,"Alight, Inc.",4.72546,0.11576439119154536,forecast_icc,0.2025118077108724,2.0007540177459138,2026-09-01
ALK,40.69,0.0,4539659776.0,111566970.0,32.895,Industrials,"Alaska Air Group, Inc.",5.61621,0.04,forecast_icc,0.09417422878128623,0.8084296311261719,2026-09-01
ALKS,47.2,0.0,7918426112.0,167763272.0,10.795,Healthcare,Alkermes plc,1.27483,0.43410493948212725,forecast_icc,0.10002810651892435,0.22870763654604395,2026-09-01
ALKT,19.44,0.0,2078952192.0,106941980.0,3.391,Technology,"Alkami Technology, Inc.",0.7596,0.43060821484992085,forecast_icc,0.12162248076122073,0.17443414792099268,2026-09-01
ALL,257.87,4.32,65204477952.0,252857950.0,124.791,Financial Services,Allstate Corporation (The),35.2329,0.01,forecast_icc,0.08433735066449943,0.4839298991348207,2026-09-01
ALLE,151.82,2.12,12910284800.0,85036786.0,24.907,Industrials,Allegion plc,8.95099,0.09196748069208005,forecast_icc,0.07247402656730018,0.16405611973037187,2026-09-01
ALLT,7.56,0.0,369858624.0,48923099.0,2.428,Technology,Allot Ltd.,0.34333,0.1699239798444645,forecast_icc,0.07367983732645239,0.32116402501946256,2026-09-01
ALLY,41.85,1.2,12730756096.0,304199693.0,44.378,Financial Services,Ally Financial Inc.,5.24651,0.22501434286792565,forecast_icc,0.16826969100357847,1.0604063006277864,2026-09-01
ALM,17.635,0.0,5003787776.0,283741849.0,1.3776702,Basic Materials,Almonty Industries Inc.,0.43,0.75,forecast_icc,0.15324428978043347,0.07812135673201656,2026-09-01
ALNT,86.45,0.16,1469867136.0,17002511.0,18.379,Technology,Allient Inc.,2.73724,0.2123818152591661,forecast_icc,0.06695872557635543,0.21259686812196338,2026-09-01
ALNY,246.11,0.0,32931762176.0,133809118.0,10.125,Healthcare,"Alnylam Pharmaceuticals, Inc.",8.91542,0.41184487102121947,forecast_icc,0.11291596165783069,0.04114014040637532,2026-09-01
ALRM,55.61,0.0,2729907712.0,49090228.0,17.63,Technology,"Alarm.com Holdings, Inc.",2.89294,0.06120417291751634,forecast_icc,0.0542384180248575,0.3170292958387012,2026-09-01
ALRS,32.61,0.88,812094592.0,24903238.0,23.339,Financial Services,Alerus Financial Corporation,3.016,0.01,forecast_icc,0.06835589941526993,0.7157007045824533,2026-09-01
ALSN,122.71,1.16,10133150720.0,82578038.0,23.94,Consumer Cyclical,"Allison Transmission Holdings, ",9.97304,0.13281908024032818,forecast_icc,0.09880612547770082,0.19509413057659525,2026-09-01
ALTI,3.83,0.0,597263296.0,115069665.0,2.228,Financial Services,"AlTi Global, Inc.",0.13,0.75,forecast_icc,0.1785777523949893,0.4292499059242375,2026-09-01
ALTO,4.02,0.0,311825216.0,77567564.0,3.35,Basic Materials,"Alto Ingredients, Inc.",0.38,0.01,forecast_icc,0.06139735229733069,0.8333236892554577,2026-09-01
ALV,119.21,3.48,8730608640.0,73237217.0,33.999,Consumer Cyclical,"Autoliv, Inc.",10.231,0.1537679601212003,forecast_icc,0.11854215301893911,0.28520258362915235,2026-09-01
ALVO,5.24,0.0,1869721088.0,356817038.0,-0.537,Healthcare,Alvotech,0.22832,0.04,forecast_icc,0.042685447712008454,,2026-09-01
ALX,267.25,18.0,1364923264.0,5107290.0,43.785,Real Estate,"Alexander's, Inc.",13.01,0.75,forecast_icc,0.28579436570483685,0.16383535876929706,2026-09-01
AM,22.48,0.9,10670670848.0,474674000.0,4.098,Energy,Antero Midstream Corporation,1.38526,0.1635938379798738,forecast_icc,0.10883472060944724,0.18229538514577937,2026-09-01
AMAL,47.34,0.68,1415473024.0,29900147.0,27.926,Financial Services,Amalgamated Financial Corp.,4.035,0.15365551425030977,forecast_icc,0.11023348602629754,0.5899028034899519,2026-09-01
AMAT,441.85,2.12,350651023360.0,793597443.0,32.291,Technology,"Applied Materials, Inc.",12.79441,0.44268395338276667,forecast_icc,0.11012487489095435,0.07308136387671028,2026-09-01
AMBA,67.83,0.0,2975578880.0,43868185.0,13.812,Technology,"Ambarella, Inc.",0.79024,0.45182476209759037,forecast_icc,0.06217740849475466,0.20362672127179504,2026-09-01
AMBP,5.06,0.4,3024393984.0,597706314.0,-1.268,Consumer Cyclical,Ardagh Metal Packaging S.A.,0.27118,0.11803967844236318,forecast_icc,0.09497638966945449,,2026-09-01
AMBR,0.8801,0.0,82971648.0,87028604.0,1.093,Financial Services,Amber International Holding Lim,0.01,0.04,trailing_eps_fallback_icc,0.016102858348878653,1.1464429894414052,2026-09-01
AMCR,45.82,2.6,21184679936.0,462345690.0,25.522,Consumer Cyclical,Amcor plc,4.2708,0.053559052168211885,forecast_icc,0.10073180328291131,0.557005663329744,2026-09-01
AMCX,12.36,0.0,509849632.0,29765563.0,22.09,Communication Services,AMC Global Media Inc.,2.88497,0.01,forecast_icc,0.11135650748285453,1.289637660599508,2026-09-01
AMD,459.61,0.0,750301806592.0,1632475042.0,41.191,Technology,"Advanced Micro Devices, Inc.",7.56794,0.75,forecast_icc,0.12636082495139755,0.08962164140381396,2026-09-01
AME,231.32,1.36,53019242496.0,229203002.0,49.118,Industrials,"AMETEK, Inc.",8.334,0.08594552435805136,forecast_icc,0.048300615752420506,0.21233787059642265,2026-09-01
AMG,360.75,0.04,9328970752.0,25859933.0,116.846,Financial Services,"Affiliated Managers Group, Inc.",36.98459,0.01,forecast_icc,0.06503399718101799,0.32389743859687903,2026-09-01
AMGN,438.12,10.08,236861685760.0,540632005.0,21.62,Healthcare,Amgen Inc.,23.04147,0.05885561988883525,forecast_icc,0.061490393804239596,0.049347212532901294,2026-09-01
AMH,33.42,1.32,13700594688.0,359179944.0,18.919,Real Estate,American Homes 4 Rent,0.74605,0.01,forecast_icc,0.02506877595962221,0.4959876206313768,2026-09-01
AMKR,45.73,0.33,11335209984.0,247872518.0,18.753,Technology,"Amkor Technology, Inc.",2.57216,0.09104799079372983,forecast_icc,0.0675331573198393,0.4100809192432513,2026-09-01
AMN,33.54,0.0,1299003904.0,38729991.0,19.147,Healthcare,AMN Healthcare Services Inc,3.28733,0.01,forecast_icc,0.06298597350719026,0.5708705996906688,2026-09-01
AMP,542.64,6.8,47969378304.0,88400000.0,71.974,Financial Services,"Ameriprise Financial, Inc.",46.52667,0.11051274462582428,forecast_icc,0.0964727726154154,0.13263673253546113,2026-09-01
AMPG,3.24,0.0,97342200.0,30043887.0,1.823,Technology,"Amplitech Group, Inc.",0.24,0.5416666666666667,forecast_icc,0.19622807764630268,0.562654285613023,2026-09-01
AMPH,22.96,0.0,976671168.0,42537944.0,18.061,Healthcare,"Amphastar Pharmaceuticals, Inc.",2.97155,0.01,forecast_icc,0.0762583874984365,0.7866289409948057,2026-09-01
AMPL,13.83,0.0,1727589120.0,101261624.0,1.091,Technology,"Amplitude, Inc.",0.07344,0.75,forecast_icc,0.06647637095835213,0.06394832573615652,2026-09-01
AMPX,9.48,0.0,1384844288.0,146080618.0,0.86,Industrials,"Amprius Technologies, Inc.",0.1,0.04,forecast_icc,0.01515928974682676,0.09071729765476709,2026-09-01
AMPY,4.99,0.0,206867664.0,41456450.0,10.634,Energy,Amplify Energy Corp.,1.07,0.75,forecast_icc,0.3757013964928343,2.131062345732294,2026-09-01
AMR,233.41,0.0,2959416064.0,12679045.0,118.152,Basic Materials,"Alpha Metallurgical Resources, ",18.25829,0.04,forecast_icc,0.06501863073272329,0.5061993624563903,2026-09-01
AMRC,22.6,0.0,1199296384.0,35066211.0,23.306,Industrials,"Ameresco, Inc.",1.21509,0.3541466064242156,forecast_icc,0.1253637047357664,0.6814438236194998,2026-09-01
AMRN,13.845,0.0,290317312.0,20969109.0,21.122,Healthcare,Amarin Corporation plc,0.98,0.04,forecast_icc,0.06068481279120863,1.5256049225820882,2026-09-01
AMRX,17.68,0.0,6157874176.0,348296027.0,0.103,Healthcare,"Amneal Pharmaceuticals, Inc.",1.00798,0.15180856763031003,forecast_icc,0.08057350828945115,0.00582579145914007,2026-09-01
AMRZ,42.81,0.44,23413886976.0,546925644.0,23.402,Basic Materials,Amrize Ltd,2.47558,0.17819662462938002,forecast_icc,0.09283791015198906,0.5466479757934918,2026-09-01
AMS,1.4639,0.0,9734935.0,6650000.0,3.488,Healthcare,American Shared Hospital Servic,0.4,0.04,forecast_icc,0.14092434169065365,2.3826764123232462,2026-09-01
AMSC,28.56,0.0,1383507584.0,48442143.0,11.816,Industrials,American Superconductor Corpora,0.8825,0.5354107648725213,forecast_icc,0.1279478807452631,0.4137254962008218,2026-09-01
AMSF,25.94,1.64,485175840.0,18703771.0,13.496,Financial Services,"AMERISAFE, Inc.",1.95,0.03418974358974358,forecast_icc,0.0845121275388111,0.5202775418825472,2026-09-01
AMT,176.02,6.98,82018295808.0,465960048.0,7.983,Real Estate,American Tower Corporation (REI,6.98352,0.01,forecast_icc,0.040801129070357295,0.04535279630646968,2026-09-01
AMTB,28.43,0.36,1114167680.0,39189858.0,23.335,Financial Services,Amerant Bancorp Inc.,2.185,0.26544622425629294,forecast_icc,0.13528124740676206,0.8207878875377179,2026-09-01
AMTD,0.7506,0.0,71239448.0,45350101.0,14.552,Financial Services,AMTD IDEA Group,0.48,0.04,trailing_eps_fallback_icc,0.22196459080359643,9.263612903794538,2026-09-01
AMTM,19.99,0.0,4887683072.0,244506413.0,19.217,Industrials,"Amentum Holdings, Inc.",2.46208,0.07207320639459325,forecast_icc,0.09971441625452482,0.961330689695954,2026-09-01
AMX,22.98,0.59,68838309888.0,2995575000.0,7.3406467,Communication Services,"America Movil, S.A.B. de C.V.",1.87478,0.11202914475298442,forecast_icc,0.10019570111511411,0.319436339650543,2026-09-01
AMZE,0.1556,0.0,1143387.0,7348249.0,0.881,Technology,"Amaze Holdings, Inc.",0.29,0.04,forecast_icc,0.3773653008969392,5.661956423328235,2026-09-01
AMZN,254.92,0.0,2749647028224.0,10786313572.0,51.156,Consumer Cyclical,"Amazon.com, Inc.",12.4927,0.01,forecast_icc,0.03802783977111335,0.20067472349192042,2026-09-01
AN,204.08,0.0,6747049472.0,33060806.0,68.193,Consumer Cyclical,"AutoNation, Inc.",21.85162,0.13418730510598298,forecast_icc,0.11160009416359296,0.33414836409813714,2026-09-01
ANAB,55.28,0.0,1636756736.0,29608481.0,0.439,Healthcare,"AnaptysBio, Inc.",4.35454,0.04,forecast_icc,0.06532997027552717,0.007941389745409302,2026-09-01
ANDE,67.26,0.8,2290475776.0,34054056.0,39.13,Consumer Defensive,"The Andersons, Inc.",6.11,0.026731587561374726,forecast_icc,0.07065659773742838,0.5817722349402398,2026-09-01
ANDG,55.72,0.0,6290085376.0,18399339.0,-57.547,Consumer Cyclical,Andersen Group Inc.,1.87089,0.21878357359331657,forecast_icc,0.06988799725287898,,2026-09-01
ANET,189.26,0.0,238699380736.0,1261224648.0,11.733,Technology,"Arista Networks, Inc.",4.11295,0.25446698841464155,forecast_icc,0.05791679147425463,0.061994081213601636,2026-09-01
ANF,140.68,0.0,6250652672.0,44431710.0,30.948,Consumer Cyclical,Abercrombie & Fitch Company,13.11673,0.01,forecast_icc,0.06080285611594603,0.21998863690501982,2026-09-01
ANGI,4.665,0.0,188690000.0,40448016.0,16.982,Communication Services,Angi Inc.,0.9488,0.04,forecast_icc,0.11898632618921706,3.640300003773385,2026-09-01
ANIK,21.11,0.0,282514432.0,13382966.0,10.258,Healthcare,Anika Therapeutics Inc.,1.05,0.01,forecast_icc,0.03839339890409643,0.485930804511962,2026-09-01
ANIP,71.92,0.0,1652027648.0,22959488.0,27.866,Healthcare,"ANI Pharmaceuticals, Inc.",9.28421,0.12465788688536783,forecast_icc,0.12081804483982872,0.3872750515904199,2026-09-01
ANNA,3.14,0.0,128551608.0,40940000.0,0.988,Energy,"AleAnna, Inc.",0.19,0.75,trailing_eps_fallback_icc,0.22931894391659713,0.3146496619474414,2026-09-01
ANPA,4.0005,0.0,60414572.0,15101755.0,0.203,Industrials,Rich Sparkle Holdings Limited,0.01,0.04,trailing_eps_fallback_icc,0.010000000000000002,0.0507436561000548,2026-09-01
ANTA,3.9,0.0,93655944.0,24014343.0,4.668,Financial Services,Antalpha Platform Holding Compa,0.25,0.04,trailing_eps_fallback_icc,0.05660524010839285,1.1969229964090693,2026-09-01
AOD,10.65,1.23,1123216512.0,105466347.0,10.543,Financial Services,Aberdeen Total Dynamic Dividend,2.61,0.75,trailing_eps_fallback_icc,0.4,0.9899531252804445,2026-09-01
AOMR,8.2,1.28,190361984.0,23214877.0,10.133,Real Estate,"Angel Oak Mortgage REIT, Inc.",1.24467,0.13222781942201545,forecast_icc,0.22978006352001545,1.235731755354052,2026-09-01
AON,326.3,3.28,69216526336.0,212125434.0,45.274,Financial Services,Aon plc,19.0711,0.11955104844502928,forecast_icc,0.07793760607292366,0.1387496224860538,2026-09-01
AORT,27.09,0.0,1320806016.0,48756221.0,9.151,Healthcare,"Artivion, Inc.",0.44167,0.75,forecast_icc,0.12572575401465713,0.3377999289571679,2026-09-01
AOS,58.49,1.44,7949293056.0,110047214.0,13.552,Industrials,A.O. Smith Corporation,3.74322,0.09279978200586658,forecast_icc,0.08099858129973836,0.18760911613421338,2026-09-01
AOSL,23.64,0.0,715328768.0,30259255.0,26.374,Technology,Alpha and Omega Semiconductor L,0.315,0.04,forecast_icc,0.018285929101238378,1.115651469744888,2026-09-01
AOUT,10.0,0.0,126188688.0,12618869.0,13.315,Consumer Cyclical,"American Outdoor Brands, Inc.",0.575,0.39130434782608714,forecast_icc,0.1387998501985478,1.3315000211033179,2026-09-01
AP,8.38,0.0,173119232.0,20658621.0,1.509,Industrials,Ampco-Pittsburgh Corporation,0.23,0.04,forecast_icc,0.031184474101064397,0.18007161150645584,2026-09-01
APA,44.3,1.0,15520572416.0,350351510.0,20.022,Energy,APA Corporation,5.73988,0.01,forecast_icc,0.08343882189658391,0.4519638673885879,2026-09-01
APAC,10.24,0.0,82436272.0,6133750.0,0.032,Financial Services,StoneBridge Acquisition II Corp,0.13,0.04,trailing_eps_fallback_icc,0.017599174428660096,0.0023809907366990103,2026-09-01
APAM,41.7,3.46,2960551168.0,70996433.0,5.916,Financial Services,Artisan Partners Asset Manageme,3.8625,0.04142394822006468,forecast_icc,0.1080777136331662,0.14187050781890084,2026-09-01
APC,17.99,0.76,1485438336.0,12570223.0,5.419,Energy,ARKO Petroleum Corp.,0.95,0.2578947368421054,forecast_icc,0.13091235107167087,0.04585719702133768,2026-09-01
APD,305.32,7.24,67990347776.0,222685530.0,62.347,Basic Materials,"Air Products and Chemicals, Inc",13.44213,0.07388412401903555,forecast_icc,0.05889216806720675,0.20420214329026937,2026-09-01
APEI,45.85,0.0,839125760.0,18301543.0,17.098,Consumer Defensive,"American Public Education, Inc.",3.025,0.24297520661157024,forecast_icc,0.11144606139840263,0.3729116625069405,2026-09-01
APG,39.12,0.0,16906109952.0,432160297.0,8.454,Industrials,APi Group Corporation,0.96961,0.75,forecast_icc,0.1544381530717368,0.21610430555645307,2026-09-01
APH,163.18,1.0,201198223360.0,1232983457.0,12.568,Technology,Amphenol Corporation,5.31661,0.21833085368307992,forecast_icc,0.07158244123293056,0.07701924912055048,2026-09-01
API,4.025,0.0,340312896.0,65504801.0,6.644,Technology,"Agora, Inc.",0.1424,0.75,forecast_icc,0.18193390880520438,1.278863960077493,2026-09-01
APLE,15.57,0.96,3675807744.0,236082698.0,13.304,Real Estate,"Apple Hospitality REIT, Inc.",0.74202,0.01,forecast_icc,0.049007207658238516,0.8544636806206152,2026-09-01
APMD,26.85,0.0,1069252480.0,39823183.0,-53.946,Healthcare,"Apnimed, Inc.",2.41,0.04,trailing_eps_fallback_icc,0.07135700360173292,,2026-09-01
APO,131.69,2.25,77768630272.0,590543159.0,34.043,Financial Services,"Apollo Global Management, Inc. ",8.76735,0.2242011554232466,forecast_icc,0.11722535262708089,0.2585086131968977,2026-09-01
APOG,37.59,1.08,784439168.0,20868294.0,24.309,Industrials,"Apogee Enterprises, Inc.",2.865,0.3612565445026177,forecast_icc,0.17507604819150768,0.6466879517749935,2026-09-01
APP,311.74,0.0,104323948544.0,304443000.0,9.434,Communication Services,Applovin Corporation,15.72513,0.292517772508081,forecast_icc,0.10698484332442504,0.027530737688562925,2026-09-01
APPF,225.28,0.0,7978739712.0,24087367.0,14.856,Technology,"AppFolio, Inc.",6.89775,0.22231162335544208,forecast_icc,0.06647697163442393,0.04484942949245566,2026-09-01
APPN,40.39,0.0,2893038848.0,40540212.0,-1.465,Technology,Appian Corporation,1.08144,0.31103898505696126,forecast_icc,0.07674760273128237,,2026-09-01
APPS,10.0,0.0,1210162432.0,121016250.0,1.575,Technology,"Digital Turbine, Inc.",0.725,0.31034482758620685,forecast_icc,0.13495059319097946,0.15750000885005164,2026-09-01
APT,5.26,0.0,53684708.0,10206218.0,6.414,Industrials,"Alpha Pro Tech, Ltd.",1.16,0.52,forecast_icc,0.30303080737554466,1.219391604998578,2026-09-01
APTV,44.85,0.0,9491180544.0,211620527.0,42.008,Consumer Cyclical,Aptiv PLC,5.72425,0.13758483644145536,forecast_icc,0.12434034567314056,0.936633230924661,2026-09-01
APVO,2.34,0.0,4216609.0,1801970.0,4.257,Healthcare,Aptevo Therapeutics Inc.,456.62,0.04,trailing_eps_fallback_icc,0.4,1.819231114385991,2026-09-01
APWC,1.38,0.0,56900788.0,41232454.0,4.963,Industrials,Asia Pacific Wire & Cable Corpo,0.28,0.01,trailing_eps_fallback_icc,0.10209329188306226,3.596376718051778,2026-09-01
AQN,5.66,0.26,4357644800.0,769901895.0,5.764,Utilities,Algonquin Power & Utilities Cor,0.35645,0.14330200589142938,forecast_icc,0.10702989324906798,1.0183745409400968,2026-09-01
AR,39.81,0.0,12239147008.0,307439000.0,26.958,Energy,Antero Resources Corporation,4.29443,0.01,forecast_icc,0.06734520137162525,0.6771665179430124,2026-09-01
ARBK,2.95,0.0,43172948.0,14634897.0,0.966,Financial Services,Argo Blockchain plc,4.97,0.04,trailing_eps_fallback_icc,0.3592688332251681,0.3274576130867876,2026-09-01
ARCB,132.72,0.48,2966471680.0,22351354.0,56.723,Industrials,ArcBest Corporation,6.81226,0.3934802840760627,forecast_icc,0.13440398556829714,0.42738849033677606,2026-09-01
ARCO,8.06,0.28,1697944320.0,130663057.0,3.945,Consumer Cyclical,Arcos Dorados Holdings Inc.,0.8025,0.06588161993769459,forecast_icc,0.09924115448248905,0.3035822516635881,2026-09-01
ARDC,12.4,1.35,297178400.0,23965972.0,,Financial Services,Ares Dynamic Credit Allocation ,0.96,0.04,trailing_eps_fallback_icc,0.0954721461057132,,2026-09-01
ARDT,10.94,0.0,1543042176.0,141045907.0,9.517,Healthcare,"Ardent Health, Inc.",1.0875,0.12919540229885063,forecast_icc,0.10540906692026153,0.8699269001179912,2026-09-01
ARDX,3.76,0.0,970785280.0,258187572.0,0.598,Healthcare,"Ardelyx, Inc.",0.25198,0.04,forecast_icc,0.05840750384465923,0.1590425516711584,2026-09-01
ARE,51.63,2.88,8885279744.0,172095277.0,91.103,Real Estate,Alexandria Real Estate Equities,1.46172,0.01,forecast_icc,0.03069300387988705,1.7645360047463012,2026-09-01
AREC,2.31,0.0,247103632.0,106971272.0,0.886,Industrials,American Resources Corporation,0.84,0.04,forecast_icc,0.16496883926305805,0.3835497933595731,2026-09-01
ARES,139.09,5.4,45878366208.0,222028421.0,11.031,Financial Services,Ares Management Corporation,5.85105,0.22916912349065566,forecast_icc,0.10739701186351025,0.053384540786544483,2026-09-01
ARGX,1028.51,0.0,64344604672.0,62560993.0,5.3836,Healthcare,argenx SE,29.04117,0.35094832611771487,forecast_icc,0.08677682066369041,0.005234368345748223,2026-09-01
ARHS,8.36,0.0,1185044352.0,54636133.0,2.928,Consumer Cyclical,"Arhaus, Inc.",0.53307,0.06590128876132595,forecast_icc,0.06381992332517827,0.13499460771574565,2026-09-01
ARI,6.81,1.0,873124352.0,128212093.0,9.787,Real Estate,Apollo Commercial Real Estate F,0.22698,0.01,forecast_icc,0.035195564107482924,1.4371512503536266,2026-09-01
ARIS,18.87,0.0,3895347200.0,206430693.0,8.552,Basic Materials,Aris Mining Corporation,2.1,0.37428571428571433,forecast_icc,0.18615911870257074,0.45320614463737663,2026-09-01
ARKO,4.5,0.12,504835744.0,112185721.0,3.584,Consumer Cyclical,ARKO Corp.,0.11,0.18181818181818188,forecast_icc,0.061795665506213626,0.7964444452332599,2026-09-01
ARL,15.05,0.0,243088256.0,16152043.0,38.19,Real Estate,"American Realty Investors, Inc.",0.51,0.04,trailing_eps_fallback_icc,0.035936552282804166,2.5375414358561197,2026-09-01
ARLO,12.57,0.0,1352699136.0,107613304.0,1.474,Industrials,"Arlo Technologies, Inc.",0.94714,0.08295500137255307,forecast_icc,0.07637718335196217,0.1172633336375547,2026-09-01
ARLP,26.44,2.4,3401738752.0,128658801.0,13.75,Energy,"Alliance Resource Partners, L.P",2.46,0.18292682926829285,forecast_icc,0.17561731995995544,0.5200453775910655,2026-09-01
ARM,234.82,0.0,250787430400.0,1067998569.0,8.081,Technology,Arm Holdings plc,2.22863,0.37341774991811105,forecast_icc,0.0447784794139402,0.03441359250869775,2026-09-01
ARMK,56.62,0.48,14926449664.0,263625044.0,12.878,Industrials,Aramark,2.27543,0.23172323472925993,forecast_icc,0.08577979845894934,0.22744613709581998,2026-09-01
AROC,31.69,0.92,5556467200.0,175338185.0,8.858,Energy,"Archrock, Inc.",1.8294,0.19696075215917785,forecast_icc,0.10853600769523164,0.2795203475204533,2026-09-01
AROW,37.39,1.2,692602048.0,18523723.0,26.975,Financial Services,Arrow Financial Corporation,3.51667,0.22085097549670563,forecast_icc,0.1482273673271709,0.7214495385451127,2026-09-01
ARQ,2.05,0.0,89520392.0,43668483.0,3.922,Industrials,"Arq, Inc.",0.04,0.04,forecast_icc,0.024456876515827175,1.9131706921703382,2026-09-01
ARQT,23.75,0.0,2985184000.0,125691961.0,1.756,Healthcare,"Arcutis Biotherapeutics, Inc.",0.41167,0.75,forecast_icc,0.129687635144777,0.07393684393189834,2026-09-01
ARR,16.12,2.88,2281835008.0,141553046.0,18.912,Real Estate,"ARMOUR Residential REIT, Inc.",2.91287,0.01,forecast_icc,0.18349015243901373,1.1732010406389557,2026-09-01
ARRY,4.36,0.0,671473600.0,154007692.0,-1.312,Technology,"Array Technologies, Inc.",0.74457,0.19495816377237873,forecast_icc,0.16592301740336557,,2026-09-01
ARTNA,35.67,1.27,368368384.0,9445669.0,24.812,Utilities,Artesian Resources Corporation,2.09,0.044,forecast_icc,0.06582208656833288,0.6362270743300272,2026-09-01
ARVN,9.28,0.0,606783872.0,65386191.0,8.609,Healthcare,"Arvinas, Inc.",0.26,0.04,trailing_eps_fallback_icc,0.031628344969022365,0.9276939356736891,2026-09-01
ARW,205.98,0.0,10485498880.0,50905423.0,137.424,Technology,"Arrow Electronics, Inc.",21.635,0.10584700716431694,forecast_icc,0.1014879616102754,0.6671715795702798,2026-09-01
ARX,19.78,0.0,4295989760.0,118548679.0,3.307,Financial Services,Accelerant Holdings,0.89375,0.051748251748251706,forecast_icc,0.046760101934335885,0.09125731283237509,2026-09-01
ARXS,51.31,0.0,22105700352.0,90149551.0,10.701,Industrials,"Arxis, Inc.",1.01819,0.26657107219674137,forecast_icc,0.05631907125954616,0.04363989061146033,2026-09-01
AS,29.46,0.0,17140475904.0,581822024.0,11.786,Consumer Cyclical,"Amer Sports, Inc.",1.291,0.24339271882261837,forecast_icc,0.08801825066564117,0.40006791020684135,2026-09-01
ASA,61.2,0.08,1149822976.0,18787956.0,73.873,Financial Services,ASA  Gold and Precious Metals L,38.54,0.011,trailing_eps_fallback_icc,0.19861975596880888,1.2070750911729913,2026-09-01
ASAN,9.83,0.0,2333281280.0,167823036.0,0.586,Technology,"Asana, Inc.",0.37288,0.26123685904312377,forecast_icc,0.08430025090274784,0.042148497028185135,2026-09-01
ASB,29.9,0.96,5642668032.0,188718000.0,29.215,Financial Services,Associated Banc-Corp,2.95556,0.1287945431661004,forecast_icc,0.12039862089913297,0.9770903300944003,2026-09-01
ASC,17.68,1.37,721390272.0,40802614.0,17.136,Industrials,Ardmore Shipping Corporation,2.905,0.01,forecast_icc,0.11914854741092451,0.9692306933465273,2026-09-01
ASGI,22.26,2.63,704058112.0,31628846.0,,Financial Services,abrdn Global Infrastructure Inc,5.13,0.04,trailing_eps_fallback_icc,0.1838217703414965,,2026-09-01
ASH,75.64,1.68,3463810304.0,45793370.0,40.836,Basic Materials,Ashland Inc.,3.52781,0.21905091260583753,forecast_icc,0.09872600515614838,0.5398731146334739,2026-09-01
ASIC,26.26,0.0,1258561152.0,47926928.0,13.863,Financial Services,Ategrity Specialty Insurance Co,2.25099,0.1190853802104852,forecast_icc,0.0936604102805638,0.5279131664028988,2026-09-01
ASIX,16.76,0.64,452539872.0,27001186.0,29.514,Basic Materials,AdvanSix Inc.,0.185,0.75,forecast_icc,0.12321596905359866,1.7609785411438839,2026-09-01
ASLE,5.45,0.0,260110848.0,47726763.0,8.78,Industrials,AerSale Corporation,0.155,0.7096774193548387,forecast_icc,0.15675266032596957,1.6110092384151544,2026-09-01
ASM,7.01,0.0,1190685440.0,169855271.0,1.664,Basic Materials,Avino Silver & Gold Mines Ltd.,0.48,0.7083333333333333,forecast_icc,0.23100306211046928,0.23737518025247709,2026-09-01
ASMB,35.18,0.0,716285760.0,20360596.0,15.398,Healthcare,"Assembly Biosciences, Inc.",0.425,0.01,forecast_icc,0.013432451128326698,0.4376918748293977,2026-09-01
ASML,1665.14,9.08,639580307456.0,384100000.0,1.1847047,Technology,ASML Holding N.V. - New York Re,38.18989,0.3534812485712844,forecast_icc,0.08093255798730406,0.0007114744934533571,2026-09-01
ASND,260.25,0.0,17070534656.0,65592830.0,25.335495,Healthcare,Ascendis Pharma A/S,11.337,0.01,forecast_icc,0.035209934495051276,0.09735060148902522,2026-09-01
ASO,42.81,0.6,2655006464.0,62018371.0,33.397,Consumer Cyclical,"Academy Sports and Outdoors, In",6.42373,0.0870133084671989,forecast_icc,0.12363276693882169,0.7801214665091678,2026-09-01
ASPC,11.01,0.0,25736768.0,2337481.0,1.399,Financial Services,A SPAC III Acquisition Corp.,0.04,0.04,trailing_eps_fallback_icc,0.010000000000000002,0.1270608616823993,2026-09-01
ASPS,5.64,0.0,64409960.0,11420206.0,-9.642,Real Estate,Altisource Portfolio Solutions ,0.76,0.5526315789473684,forecast_icc,0.2572556436739849,,2026-09-01
ASR,250.02,5.74,7508617728.0,27705000.0,81.109276,Industrials,Grupo Aeroportuario del Sureste,19.47333,0.22449524554865552,forecast_icc,0.13087681266366397,0.2992737908603782,2026-09-01
ASRV,4.96,0.12,84217168.0,16979267.0,7.255,Financial Services,AmeriServ Financial Inc.,0.51,0.04,trailing_eps_fallback_icc,0.08648780088730079,1.4627015489882063,2026-09-01
ASTE,41.18,0.52,948184640.0,23025367.0,29.968,Industrials,"Astec Industries, Inc.",3.3275,0.17129977460555978,forecast_icc,0.11136276294154601,0.727731888017085,2026-09-01
ASTH,38.6,0.0,1914728576.0,49604366.0,16.865,Healthcare,Astrana Health Inc.,3.04,0.16447368421052633,forecast_icc,0.1015630845714427,0.4369170874013215,2026-09-01
ASUR,9.06,0.0,261646720.0,28879328.0,6.861,Technology,Asure Software Inc,0.855,0.25847953216374275,forecast_icc,0.1397173316113779,0.7572847441313233,2026-09-01
ASX,37.43,0.42,97455194112.0,2603665389.0,5.5854244,Technology,"ASE Technology Holding Co., Ltd",1.11983,0.6437316378378859,forecast_icc,0.1629660875400215,0.14922320278222517,2026-09-01
ASYS,14.52,0.0,254217616.0,17508101.0,6.603,Technology,"Amtech Systems, Inc.",0.41,0.75,forecast_icc,0.16416892783455073,0.4547520849341927,2026-09-01
ATAT,34.49,0.54,4766033920.0,111482890.0,3.7028344,Consumer Cyclical,Atour Lifestyle Holdings Limite,15.43929,0.21046175050795712,forecast_icc,0.27774867337483566,0.08661345828260829,2026-09-01
ATCH,0.1897,0.0,28519078.0,150337774.0,0.149,Financial Services,"AtlasClear Holdings, Inc.",0.02,0.01,forecast_icc,0.06628292151193194,0.7854506490707728,2026-09-01
ATEC,9.21,0.0,1416399616.0,153789305.0,-0.079,Healthcare,"Alphatec Holdings, Inc.",0.32136,0.75,forecast_icc,0.18080831659343477,,2026-09-01
ATEN,24.95,0.24,1811595264.0,72609021.0,3.284,Technology,"A10 Networks, Inc.",1.04183,0.14205772534866523,forecast_icc,0.06782552751748405,0.13162323268471515,2026-09-01
ATEX,89.55,0.0,1756056448.0,19609786.0,14.618,Communication Services,Anterix Inc.,2.06,0.01,forecast_icc,0.022408746485363742,0.16323840391035085,2026-09-01
ATHM,22.1,1.86,2545277184.0,115170911.0,28.818058,Communication Services,Autohome Inc.,1.2992,0.09092518472906419,forecast_icc,0.09297519148984712,1.3039844988100273,2026-09-01
ATI,200.95,0.0,27363438592.0,136170383.0,13.782,Industrials,ATI Inc.,5.13032,0.21320697344415152,forecast_icc,0.0573312216117855,0.06858422461037751,2026-09-01
ATKR,93.63,1.32,3162124032.0,33772550.0,37.789,Industrials,Atkore Inc.,5.70686,0.1204970859632093,forecast_icc,0.08200337569474458,0.4035992513370203,2026-09-01
ATLC,89.24,0.0,1353774208.0,15170038.0,46.267,Financial Services,Atlanticus Holdings Corporation,9.66,0.4435817805383022,forecast_icc,0.20369039208795836,0.5184558429303449,2026-09-01
ATLO,31.23,0.96,276610976.0,8857220.0,24.059,Financial Services,Ames National Corporation,2.72,0.03676470588235281,forecast_icc,0.079215710443444,0.7703810566793995,2026-09-01
ATMU,46.2,0.24,3769713408.0,81595527.0,5.574,Consumer Cyclical,Atmus Filtration Technologies I,2.96,0.1074324324324325,forecast_icc,0.07718210465393016,0.1206493487098529,2026-09-01
ATNI,30.13,1.12,464103136.0,15403357.0,40.145,Communication Services,"ATN International, Inc.",0.78,0.3846153846153846,forecast_icc,0.1118699912277411,1.3323929937094847,2026-09-01
ATNM,0.9955,0.0,31233808.0,31374994.0,0.964,Healthcare,"Actinium Pharmaceuticals, Inc. ",0.14,0.01,forecast_icc,0.08060895857880732,0.9683575635734202,2026-09-01
ATO,167.7,4.0,28339380224.0,168988553.0,90.292,Utilities,Atmos Energy Corporation,8.46368,0.06546325002835651,forecast_icc,0.06204195266784762,0.5384138363955493,2026-09-01
ATR,130.92,1.92,8324041216.0,63581129.0,41.325,Healthcare,"AptarGroup, Inc.",5.51714,0.14500266442395882,forecast_icc,0.07116560607734568,0.31565078640823974,2026-09-01
ATRA,9.02,0.0,90540152.0,10037710.0,-3.918,Healthcare,"Atara Biotherapeutics, Inc.",1.545,0.04,forecast_icc,0.107461583313052,,2026-09-01
ATRC,48.92,0.0,2488379136.0,50866294.0,10.153,Healthcare,"AtriCure, Inc.",0.28424,0.5189980298339432,forecast_icc,0.04487049771736007,0.2075429244323965,2026-09-01
ATRO,72.99,0.0,3139231488.0,36107984.0,4.609,Industrials,Astronics Corporation,2.72,0.15716911764705865,forecast_icc,0.06217983432802689,0.05301351585321509,2026-09-01
ATS,18.49,0.0,1814366336.0,98126894.0,13.341966,Industrials,ATS Corporation,1.09138,0.2632721875057267,forecast_icc,0.10960234257193244,0.7215773669610259,2026-09-01
AU,108.13,4.52,54688829440.0,505769256.0,17.547,Basic Materials,AngloGold Ashanti PLC,8.68658,0.14291470290954567,forecast_icc,0.11808989874486542,0.16227688955691788,2026-09-01
AUB,39.51,1.48,5642616320.0,142814896.0,36.31,Financial Services,Atlantic Union Bankshares Corpo,3.76667,0.07079462761537392,forecast_icc,0.09991800756416025,0.9190078821024642,2026-09-01
AUBN,26.5,1.08,92333736.0,3484292.0,26.915,Financial Services,"Auburn National Bancorporation,",2.41,0.265,trailing_eps_fallback_icc,0.1666795222464078,1.0156603993582582,2026-09-01
AUDC,9.99,0.4,241286400.0,24152794.0,5.928,Technology,AudioCodes Ltd.,0.61,0.049180327868852514,forecast_icc,0.07111592218701557,0.5933934230524389,2026-09-01
AUGO,79.045,2.64,6626883072.0,83836843.0,5.445,Basic Materials,Aura Minerals Inc.,5.17,0.75,forecast_icc,0.28477307239673333,0.06888481435016937,2026-09-01
AUNA,5.15,0.0,381390048.0,30138747.0,7.321088,Healthcare,Auna SA,0.8402,0.31436562723161154,forecast_icc,0.2020990498771068,0.5785374320955957,2026-09-01
AUPH,16.05,0.0,2135471104.0,133051168.0,4.626,Healthcare,Aurinia Pharmaceuticals Inc,0.944,0.1299470338983051,forecast_icc,0.07673857303311171,0.2882243182851329,2026-09-01
AUUD,0.9989,0.0,5796666.0,5803050.0,1.842,Technology,Auddia Inc.,6.45,0.04,trailing_eps_fallback_icc,0.4,1.8440286364610277,2026-09-01
AVA,37.64,1.97,3152456448.0,83752830.0,33.683,Utilities,Avista Corporation,2.61357,0.06690465531820444,forecast_icc,0.08892311738565542,0.8948724968681946,2026-09-01
AVAH,13.46,0.0,2938192640.0,218290683.0,1.32,Healthcare,Aveanna Healthcare Holdings Inc,0.82303,0.09129679355552045,forecast_icc,0.06875242738304904,0.09806834910593201,2026-09-01
AVAL,5.24,0.2,6220790272.0,378293132.0,775.421,Financial Services,Grupo Aval Acciones y Valores S,0.57856,0.031941371681416086,forecast_icc,0.09218358379003916,47.154208047953304,2026-09-01
AVAV,144.17,0.0,7327096320.0,50822615.0,87.271,Industrials,"AeroVironment, Inc.",3.23654,0.3608205058488385,forecast_icc,0.07716597705000605,0.6053339877023753,2026-09-01
AVBC,21.7,0.16,400831552.0,18471500.0,20.953,Financial Services,"Avidia Bancorp, Inc.",1.44,0.0277777777777779,forecast_icc,0.056135689016935664,0.9655760320484951,2026-09-01
AVBH,31.2,0.0,342684576.0,10983480.0,26.968,Financial Services,"Avidbank Holdings, Inc.",3.3925,0.1370670596904937,forecast_icc,0.11348689451751948,0.8643589743589744,2026-09-01
AVD,2.29,0.0,67556448.0,29500632.0,6.269,Basic Materials,American Vanguard Corporation,0.39,0.04,forecast_icc,0.10709139045621444,2.7375545559766556,2026-09-01
AVEX,16.89,0.0,953783872.0,56470333.0,-9.451,Industrials,AEVEX Corp.,0.3925,0.5159235668789808,forecast_icc,0.1065241172509247,,2026-09-01
AVGO,369.68,2.6,1758782291968.0,4757580198.0,18.43,Technology,Broadcom Inc.,11.63075,0.6772280377447712,forecast_icc,0.16784281796761846,0.04985392646353488,2026-09-01
AVNT,42.62,1.1,3909087232.0,91719550.0,26.569,Basic Materials,Avient Corporation,3.19982,0.0922520641786102,forecast_icc,0.089373908856485,0.6233927715916471,2026-09-01
AVNW,18.66,0.0,238876720.0,12801539.0,20.895,Technology,"Aviat Networks, Inc.",2.57333,0.16191860352150722,forecast_icc,0.13791546615639316,1.1197749090200166,2026-09-01
AVO,12.82,0.0,1133000064.0,88377546.0,8.174,Consumer Defensive,"Mission Produce, Inc.",0.59,0.35169491525423724,forecast_icc,0.11478610423843613,0.6375975465117008,2026-09-01
AVPT,13.5,0.0,2856133120.0,211565426.0,2.066,Technology,"AvePoint, Inc.",0.44898,0.10387990556372229,forecast_icc,0.047320852592242946,0.1530370440562658,2026-09-01
AVT,89.39,1.48,7336503296.0,82072979.0,61.189,Technology,"Avnet, Inc.",10.5725,0.04484937337432027,forecast_icc,0.09323452921996134,0.6845173115057509,2026-09-01
AVTR,14.2,0.0,9604295680.0,676358840.0,8.323,Healthcare,"Avantor, Inc.",0.81252,0.0852779008516713,forecast_icc,0.06424711057182864,0.5861267512871907,2026-09-01
AVX,3.46,0.0,25594946.0,7397383.0,14.705,Technology,Avax One Technology Ltd.,274.22,0.04,trailing_eps_fallback_icc,0.4,4.249999863840307,2026-09-01
AVY,173.07,4.0,13238191104.0,76490385.0,30.602,Consumer Cyclical,Avery Dennison Corporation,10.17247,0.09965819510895568,forecast_icc,0.07829846211897984,0.1768186260026663,2026-09-01
AWI,168.94,1.36,7139881472.0,42262826.0,20.892,Industrials,Armstrong World Industries Inc,8.43595,0.13590289179049186,forecast_icc,0.07375849437189905,0.12366521268660073,2026-09-01
AWK,137.4,3.58,27305361408.0,198728989.0,58.698,Utilities,"American Water Works Company, I",6.08427,0.07914343051836958,forecast_icc,0.06142317578503492,0.4272052664684511,2026-09-01
AWP,11.45,1.44,353297152.0,30855647.0,11.967,Financial Services,Aberdeen Global Premier Propert,1.77,0.04,trailing_eps_fallback_icc,0.16137560867125111,1.045152856621386,2026-09-01
AWR,89.19,2.18,3535101440.0,39635626.0,28.295,Utilities,American States Water Company,3.68,0.032608695652173836,forecast_icc,0.04542409180372753,0.31724408951331257,2026-09-01
AWX,2.66,0.0,10372489.0,3287647.0,9.746,Industrials,Avalon Holdings Corporation,0.3,0.75,trailing_eps_fallback_icc,0.29449986766012104,3.0890760801963735,2026-09-01
AX,94.68,0.0,5371579904.0,56734049.0,55.812,Financial Services,"Axos Financial, Inc.",9.65833,0.11820573536004675,forecast_icc,0.10360674383690538,0.5894803390023257,2026-09-01
AXGN,49.88,0.0,2681624320.0,53761513.0,4.776,Healthcare,"AxoGen, Inc.",0.46429,0.4942169764586788,forecast_icc,0.05878011497136593,0.09574979767784922,2026-09-01
AXIL,7.0,0.0,47758768.0,6822681.0,1.926,Technology,"AXIL Brands, Inc.",0.7,0.32857142857142874,forecast_icc,0.1640605605650055,0.2751428513817609,2026-09-01
AXON,518.3,0.0,42105352192.0,81237415.0,45.233,Industrials,"Axon Enterprise, Inc.",7.71309,0.36901942023235823,forecast_icc,0.0604417038152944,0.0872718502849425,2026-09-01
AXP,324.19,3.8,218928693248.0,675309833.0,50.785,Financial Services,American Express Company,17.6721,0.13786929680117255,forecast_icc,0.08006523934940646,0.15665196443691057,2026-09-01
AXR,22.91,0.0,121992288.0,5324849.0,26.7,Real Estate,AMREP Corporation,1.55,0.07096774193548372,forecast_icc,0.06786398224913814,1.1654299679992886,2026-09-01
AXS,99.8,1.76,7357578752.0,73723236.0,81.394,Financial Services,Axis Capital Holdings Limited,12.28385,0.10728639636596027,forecast_icc,0.11963226826795614,0.8155711645427999,2026-09-01
AXSM,202.83,0.0,10624401408.0,52380818.0,1.593,Healthcare,"Axsome Therapeutics, Inc.",5.03398,0.04,forecast_icc,0.029077550710792655,0.007853867702247117,2026-09-01
AXTA,35.08,0.0,7507822080.0,214019997.0,11.785,Basic Materials,Axalta Coating Systems Ltd.,2.65115,0.07855836146577899,forecast_icc,0.07525115203381172,0.3359463820225479,2026-09-01
AXTI,56.11,0.0,3679312896.0,65573212.0,13.767,Technology,AXT Inc,0.868,0.75,forecast_icc,0.12239085193917598,0.24535733576381322,2026-09-01
AYA,26.37,0.0,3798233600.0,144036168.0,3.403,Basic Materials,Aya Gold & Silver Inc.,2.3,0.75,forecast_icc,0.2661438314426966,0.12904816589058662,2026-09-01
AYI,326.08,0.77,9761383424.0,29935547.0,95.368,Industrials,Acuity Inc.,19.83232,0.09379840583451671,forecast_icc,0.07001014914685355,0.2924680982489393,2026-09-01
AZ,6.05,0.0,266360144.0,44026467.0,1.438,Technology,A2Z Cust2Mate Solutions Corp.,0.55,0.04,forecast_icc,0.07196678610770146,0.23768593377093233,2026-09-01
AZN,162.47,3.2,251972435968.0,1550885842.0,32.427,Healthcare,AstraZeneca PLC,10.05333,0.12997384946082535,forecast_icc,0.08798543745082232,0.19958760570509704,2026-09-01
AZO,2965.83,0.0,48418230272.0,16325355.0,-170.111,Consumer Cyclical,"AutoZone, Inc.",151.04103,0.1586719184846661,forecast_icc,0.07661663433923238,,2026-09-01
AZTA,31.57,0.0,1383030912.0,43808393.0,34.506,Healthcare,"Azenta, Inc.",0.375,0.5666666666666667,forecast_icc,0.07918111586291554,1.092999726717605,2026-09-01
AZTR,0.1767,0.0,10708681.0,60603742.0,0.121,Healthcare,Azitra Inc,0.02,0.04,trailing_eps_fallback_icc,0.08307217615479134,0.6847764707903802,2026-09-01
AZZ,135.75,0.96,4079491072.0,30051501.0,45.842,Industrials,AZZ Inc.,7.07,0.10413719943422906,forecast_icc,0.06742540393109453,0.33769430660050725,2026-09-01
B,43.1,0.7,70937616384.0,1645884419.0,16.59,Basic Materials,Barrick Mining Corporation,3.64549,0.2035336813432489,forecast_icc,0.1258231938176521,0.3849188047622178,2026-09-01
BA,205.66,0.0,162428731392.0,789792534.0,7.716,Industrials,Boeing Company (The),4.12084,0.04,forecast_icc,0.024938440194162012,0.03751823424414276,2026-09-01
BABA,112.85,1.05,280502599680.0,2485623615.0,66.81295,Consumer Cyclical,Alibaba Group Holding Limited,44.49562,0.4097886488602698,forecast_icc,0.34372071041770413,0.5920510059345994,2026-09-01
BAC,61.99,1.28,433480499200.0,6992748365.0,39.342,Financial Services,Bank of America Corporation,4.67973,0.13072976432400996,forecast_icc,0.09931756497001545,0.6346507090481592,2026-09-01
BAH,75.38,2.36,9067080704.0,120284973.0,9.993,Industrials,Booz Allen Hamilton Holding Cor,6.41373,0.04917107517778252,forecast_icc,0.08312123399737939,0.1325683287079078,2026-09-01
BAK,1.65,0.0,372824128.0,172530183.0,-6.1323495,Basic Materials,Braskem SA,0.52672,0.01,forecast_icc,0.13437407139425817,,2026-09-01
BALL,62.77,0.8,16712293376.0,266246511.0,21.715,Consumer Cyclical,Ball Corporation,4.02452,0.12380358402989677,forecast_icc,0.0848707710257316,0.34594551784662253,2026-09-01
BAM,49.66,2.01,79319515136.0,1597230353.0,4.704,Financial Services,Brookfield Asset Management Inc,1.83407,0.18372799293374853,forecast_icc,0.08706919434508126,0.09472286318984287,2026-09-01
BANC,18.16,0.48,2877134336.0,157955199.0,18.378,Financial Services,"Banc of California, Inc.",1.33893,0.5894408221490297,forecast_icc,0.23827170942760378,1.0089555468090594,2026-09-01
BAND,50.79,0.0,1634462208.0,30222760.0,11.752,Technology,Bandwidth Inc.,1.752,0.09931506849315075,forecast_icc,0.047693358821954246,0.21730565184166073,2026-09-01
BANF,107.71,1.96,3617589760.0,33586387.0,58.249,Financial Services,BancFirst Corporation,7.67,0.02390221642764012,forecast_icc,0.06076083126521009,0.540794724154405,2026-09-01
BANR,68.58,2.04,2330684928.0,33984909.0,58.828,Financial Services,Banner Corporation,6.192,0.08930878552971566,forecast_icc,0.100117823027566,0.857801156489909,2026-09-01
BAP,372.52,14.41,29585285120.0,79419317.0,139.60379,Financial Services,Credicorp Ltd.,29.69601,0.1498194538592894,forecast_icc,0.11817012916806247,0.37475513950400724,2026-09-01
BATL,1.37,0.0,78476552.0,57282155.0,-0.464,Energy,Battalion Oil Corporation,0.23,0.04,forecast_icc,0.10617154309554266,,2026-09-01
BAX,25.48,0.04,13173057536.0,516995999.0,12.004,Healthcare,Baxter International Inc.,2.04697,0.01,forecast_icc,0.05503653479065773,0.4711146182301165,2026-09-01
BB,7.83,0.0,4589166080.0,586100431.0,1.281,Technology,BlackBerry Limited,0.18857,0.21212281911226616,forecast_icc,0.054899065439316636,0.16360154307403055,2026-09-01
BBAR,15.11,0.46,3086016256.0,204236693.0,12.720965,Financial Services,Banco BBVA Argentina S.A.,0.392,0.75,forecast_icc,0.20325539018287786,0.8418905176916686,2026-09-01
BBCP,9.01,0.0,454044736.0,50393420.0,5.212,Industrials,"Concrete Pumping Holdings, Inc.",0.175,0.6285714285714286,forecast_icc,0.11585861869798367,0.5784683407055291,2026-09-01
BBD,3.32,0.04,35156066304.0,10589176727.0,3.3015597,Financial Services,Banco Bradesco Sa,0.49051,0.14050681943283516,forecast_icc,0.1415197262852902,0.9944457049241404,2026-09-01
BBDC,9.3,1.04,973774016.0,104706884.0,10.944,Financial Services,"Barings BDC, Inc.",1.04,0.01,forecast_icc,0.11473687260131815,1.176774199832418,2026-09-01
BBDO,3.06,0.21,32402880512.0,5302577204.0,3.3208182,Financial Services,Banco Bradesco Sa,0.42,0.178,trailing_eps_fallback_icc,0.18350840044060301,0.5434360960417418,2026-09-01
BBGI,18.83,0.0,34887300.0,1019614.0,20.957,Communication Services,"Beasley Broadcast Group, Inc.",2.25,0.01,forecast_icc,0.07224659746764639,0.6124879425464281,2026-09-01
BBIO,76.57,0.0,14968898560.0,195492997.0,-12.88,Healthcare,"BridgeBio Pharma, Inc.",0.15318,0.04,forecast_icc,0.010000000000000002,,2026-09-01
BBN,15.65,1.18,967052800.0,61792514.0,,Financial Services,BlackRock Taxable Municipal Bon,1.27,0.04,trailing_eps_fallback_icc,0.09673919378743101,,2026-09-01
BBSI,33.79,0.32,818906752.0,24235180.0,8.465,Industrials,"Barrett Business Services, Inc.",1.71,0.18421052631578938,forecast_icc,0.0869131517724705,0.2505178986483677,2026-09-01
BBT,30.39,1.29,2547170816.0,83816086.0,30.105,Financial Services,Beacon Financial Corporation,3.04286,0.09248864555056757,forecast_icc,0.11332030556777128,0.9906219297033593,2026-09-01
BBUC,27.02,0.25,5551043584.0,205442014.0,26.436,Industrials,Brookfield Business Corporation,1.6,0.75,forecast_icc,0.2403145692026033,0.9783863159997844,2026-09-01
BBVA,28.64,1.08,158044258304.0,5518305297.0,11.824905,Financial Services,Banco Bilbao Vizcaya Argentaria,2.38992,0.038515933587735196,forecast_icc,0.08052463283061384,0.4128807752857812,2026-09-01
BBW,30.4,0.92,381138272.0,12537443.0,12.801,Consumer Cyclical,"Build-A-Bear Workshop, Inc.",3.53333,0.07264252136086924,forecast_icc,0.10884359822725742,0.4210855210126995,2026-09-01
BBWI,18.61,0.8,3752619264.0,201645313.0,-5.228,Consumer Cyclical,"Bath & Body Works, Inc.",2.67587,0.04886261290720406,forecast_icc,0.11747663319797141,,2026-09-01
BBY,82.63,3.84,17415686144.0,210767126.0,15.064,Consumer Cyclical,"Best Buy Co., Inc.",6.83428,0.0515021333629877,forecast_icc,0.08895279490077701,0.18230668374543718,2026-09-01
BC,73.37,1.76,4754187264.0,64797428.0,25.889,Consumer Cyclical,Brunswick Corporation,4.55848,0.1879508081641248,forecast_icc,0.10702973247918587,0.35285539259145177,2026-09-01
BCAL,21.09,0.48,678054912.0,32150541.0,18.27,Financial Services,California BanCorp,1.7375,0.06474820143884896,forecast_icc,0.08372019128301245,0.8662873370202795,2026-09-01
BCAT,15.8,3.05,1655449344.0,104775271.0,,Financial Services,BlackRock Capital Allocation Term Trust,2.12,0.04,trailing_eps_fallback_icc,0.15824438466788038,,2026-09-01
BCBP,8.47,0.48,153322432.0,18101822.0,14.732,Financial Services,"BCB Bancorp, Inc. (NJ)",0.93,0.04,forecast_icc,0.10356067085252196,1.7393152340813378,2026-09-01
BCC,75.84,0.89,2646160128.0,34891351.0,57.994,Basic Materials,"Boise Cascade, L.L.C.",3.93,0.34563104325699756,forecast_icc,0.12992279277398622,0.7646887988684863,2026-09-01
BCE,23.41,1.25,21830428672.0,932525817.0,15.984088,Communication Services,"BCE, Inc.",2.59018,0.02974310665668023,forecast_icc,0.09757009356120971,0.6827889156532224,2026-09-01
BCG,1.36,0.0,23201780.0,17060131.0,0.19,Financial Services,"Binah Capital Group, Inc.",0.1,0.04,trailing_eps_fallback_icc,0.06230845500764608,0.1397058712736695,2026-09-01
BCH,41.45,2.19,20935790592.0,505085406.0,56.243,Financial Services,Banco De Chile,2.81431,0.11512235681214933,forecast_icc,0.10545234312860818,1.3568877833786275,2026-09-01
BCML,29.85,1.2,325965504.0,10920117.0,30.953,Financial Services,BayCom Corp,1.81333,0.3180171287079572,forecast_icc,0.15623836631338006,1.0369513870430902,2026-09-01
BCO,110.02,1.02,4531683328.0,41189634.0,7.536,Industrials,Brinks Company (The),9.19667,0.12576943611111413,forecast_icc,0.098233990307967,0.06849664006884464,2026-09-01
BCPC,173.31,0.96,5524779520.0,31878021.0,40.756,Basic Materials,Balchem Corporation,5.83881,0.07425143137043344,forecast_icc,0.04351523536478795,0.2351624384598066,2026-09-01
BCRX,9.92,0.0,2534908160.0,255535105.0,-1.78,Healthcare,"BioCryst Pharmaceuticals, Inc.",0.745,0.261744966442953,forecast_icc,0.12466946751721142,,2026-09-01
BCS,26.15,0.61,87836917760.0,3358964537.0,26.386168,Financial Services,Barclays PLC,2.79901,0.21492956438169197,forecast_icc,0.1497732872759786,1.0090313371592994,2026-09-01
BCSF,11.9,1.68,771935232.0,64868507.0,16.655,Financial Services,"Bain Capital Specialty Finance,",1.64,0.01,forecast_icc,0.14125215681022307,1.3995798342897763,2026-09-01
BCX,13.25,0.84,1010154688.0,76238090.0,,Financial Services,BlackRock Resources  of Benefic,2.8,0.04,trailing_eps_fallback_icc,0.14842752247885216,,2026-09-01
BDC,112.06,0.2,4379102208.0,39078191.0,35.523,Technology,Belden Inc,8.64398,0.16221347110937323,forecast_icc,0.10056668153507389,0.31699981250882925,2026-09-01
BDCI,10.14,0.0,352331232.0,26060000.0,-0.275,Financial Services,BTC Development Corp.,0.23,0.04,trailing_eps_fallback_icc,0.027280588920319565,,2026-09-01
BDJ,9.86,0.74,1744674560.0,176944689.0,9.735,Financial Services,Blackrock Enhanced Equity Divid,1.57,0.75,trailing_eps_fallback_icc,0.4,0.987322556829739,2026-09-01
BDL,45.25,0.6,84103776.0,1858647.0,37.532,Consumer Cyclical,"Flanigan's Enterprises, Inc.",3.57,0.481,trailing_eps_fallback_icc,0.19852501128528754,0.8294364714849426,2026-09-01
BDMD,1.14,0.0,36459196.0,31981751.0,1.524,Healthcare,Baird Medical Investment Holdin,0.1,0.40000000000000013,forecast_icc,0.17327593057186347,1.3368421103965102,2026-09-01
BDX,187.12,4.2,50969018368.0,272386800.0,89.637,Healthcare,"Becton, Dickinson and Company",12.62289,0.05304648935386447,forecast_icc,0.0701083530590366,0.4790348406421167,2026-09-01
BE,213.63,0.0,62919880704.0,294527346.0,5.495,Industrials,Bloom Energy Corporation,2.7062,0.75,forecast_icc,0.11022499529377547,0.02572204123977482,2026-09-01
BEAG,10.8,0.0,338234400.0,26158000.0,-0.303,Financial Services,Bold Eagle Acquisition Corp.,0.25,0.01,trailing_eps_fallback_icc,0.02251434768861371,,2026-09-01
BEKE,17.74,0.28,19569973248.0,1058187501.0,8.779063,Real Estate,KE Holdings Inc,7.56634,0.10698567603359099,forecast_icc,0.2227127607035967,0.47470145305594463,2026-09-01
BELFA,202.58,0.24,2577366016.0,2115263.0,62.978,Technology,Bel Fuse Inc.,8.26,0.01,forecast_icc,0.03388163326076821,0.051686501795637864,2026-09-01
BELFB,243.42,0.28,3462091264.0,12107444.0,62.978,Technology,Bel Fuse Inc.,9.8298,0.0863099961342042,forecast_icc,0.050964123776315096,0.22024335873544434,2026-09-01
BEN,33.1,1.32,16817344512.0,508076910.0,23.129,Financial Services,"Franklin Templeton, Inc.",2.88973,0.09534454776051726,forecast_icc,0.10521028306649349,0.6987613795391339,2026-09-01
BENF,1.95,0.0,30138658.0,15425814.0,1.397,Financial Services,Beneficient,6.02,0.04,forecast_icc,0.4,0.715023945591738,2026-09-01
BESS,2.81,0.0,19944180.0,7097573.0,4.661,Utilities,Bimergen Energy Corporation,0.11,0.75,forecast_icc,0.19030340940169255,1.658718872021813,2026-09-01
BF-A,27.01,0.92,12393923584.0,168480849.0,8.764,Consumer Defensive,Brown Forman Inc,1.53,0.01,trailing_eps_fallback_icc,0.05079869555253118,0.11913629696266488,2026-09-01
BF-B,26.36,0.92,12095662080.0,290383416.0,8.764,Consumer Defensive,Brown Forman Inc,1.6764,0.013654259126700152,forecast_icc,0.057104553804867716,0.21039941765833456,2026-09-01
BFAM,73.07,0.0,3553781760.0,48635306.0,19.16,Consumer Cyclical,Bright Horizons Family Solution,5.111,0.1520426531011545,forecast_icc,0.09142774275353782,0.2622143186868065,2026-09-01
BFC,150.33,2.4,1666499328.0,11085607.0,73.95,Financial Services,Bank First Corporation,9.94,0.2002012072434607,forecast_icc,0.10943527429940991,0.4919177727085168,2026-09-01
BFH,102.05,0.92,3920686336.0,38419268.0,86.951,Financial Services,"Bread Financial Holdings, Inc.",12.22145,0.09393075289756925,forecast_icc,0.10932825110847622,0.8520431081656412,2026-09-01
BFRI,1.535,0.0,22798370.0,14852359.0,0.419,Healthcare,Biofrontera Inc.,0.43,0.04,forecast_icc,0.14290444333740504,0.2729641821323191,2026-09-01
BFS,32.75,2.36,1137374848.0,24717101.0,4.476,Real Estate,"Saul Centers, Inc.",1.36,0.01,forecast_icc,0.042709832887520296,0.09727113648639434,2026-09-01
BFST,30.68,0.6,998630464.0,32549883.0,28.788,Financial Services,"Business First Bancshares, Inc.",3.0025,0.09641965029142385,forecast_icc,0.10257225818360605,0.9383311100391185,2026-09-01
BG,121.04,2.88,23254097920.0,192119123.0,83.042,Consumer Defensive,Bunge Limited,9.63786,0.17674151730778398,forecast_icc,0.11821256348796588,0.6860707418989831,2026-09-01
BGB,11.2,0.91,500401888.0,44678740.0,,Financial Services,Blackstone / GSO Strategic Cred,0.67,0.04,trailing_eps_fallback_icc,0.07517520100772168,,2026-09-01
BGC,11.99,0.08,5700843520.0,366013569.0,2.339,Financial Services,"BGC Group, Inc.",1.405,0.12099644128113884,forecast_icc,0.11616330736951397,0.1501717657900212,2026-09-01
BGH,14.15,1.47,284166112.0,20082411.0,,Financial Services,Barings Global Short Duration H,1.0,0.04,trailing_eps_fallback_icc,0.08775114798210348,,2026-09-01
BGL,0.188,0.0,8140724.0,43301723.0,-0.581,Basic Materials,Blue Gold Limited,0.2,0.04,forecast_icc,0.2867039804875916,,2026-09-01
BGR,17.43,1.17,443701088.0,25456171.0,14.185,Financial Services,BlackRock Energy and Resources ,1.58,0.04,trailing_eps_fallback_icc,0.0982214971196777,0.8138266851286152,2026-09-01
BGS,3.49,0.38,283652096.0,81275671.0,4.861,Consumer Defensive,"B&G Foods, Inc.",0.5498,0.01,forecast_icc,0.13233752168723323,1.3928366555451084,2026-09-01
BGSF,5.16,0.0,55077740.0,10673981.0,4.312,Industrials,"BGSF, Inc.",0.12,0.04,forecast_icc,0.027770760022334445,0.8356589444664941,2026-09-01
BGSI,82.6,0.44,2298763264.0,27830064.0,62.173,Consumer Cyclical,Boyd Group Services Inc.,3.3507,0.44505327245053294,forecast_icc,0.13210189352279944,0.7526997652038344,2026-09-01
BGT,11.06,1.44,329861408.0,29824720.0,11.838,Financial Services,BlackRock Floating Rate Income ,0.71,0.01,trailing_eps_fallback_icc,0.06598154125634287,1.0703435648949875,2026-09-01
BGX,10.73,0.98,136359792.0,12708275.0,,Financial Services,Blackstone GSO Long Short Credi,0.7,0.04,trailing_eps_fallback_icc,0.08147952231919742,,2026-09-01
BGY,5.88,0.51,532813024.0,90614455.0,6.296,Financial Services,Blackrock Enhanced Internationa,0.9,0.04,trailing_eps_fallback_icc,0.1382755426825083,1.0707482418447791,2026-09-01
BHB,38.85,1.32,651362176.0,16766080.0,32.802,Financial Services,"Bar Harbor Bankshares, Inc.",3.625,0.044137931034482714,forecast_icc,0.08689977146762906,0.8443243658041328,2026-09-01
BHC,6.47,0.0,2419718912.0,373990561.0,-4.737,Healthcare,Bausch Health Companies Inc.,4.4655,0.01,forecast_icc,0.20719636543258868,,2026-09-01
BHE,70.48,0.68,2531636992.0,35919933.0,31.078,Technology,"Benchmark Electronics, Inc.",2.94333,0.12344521341473769,forecast_icc,0.06357075803809298,0.4409477667223153,2026-09-01
BHF,52.99,0.0,3047537920.0,57511563.0,113.897,Financial Services,"Brighthouse Financial, Inc.",18.4075,0.09411924487301371,forecast_icc,0.18858811897362648,2.1494054095349866,2026-09-01
BHP,92.82,3.96,235899879424.0,2541476901.0,20.048,Basic Materials,BHP Group Limited,4.74173,0.010905302495081148,forecast_icc,0.05023254521206544,0.2159879396108936,2026-09-01
BHRB,70.63,2.2,1425810048.0,20187033.0,59.1,Financial Services,Burke & Herbert Financial Servi,6.8425,0.27925904274753366,forecast_icc,0.16883369666676773,0.8367549744606653,2026-09-01
BIDU,94.86,0.0,32175235072.0,273683991.0,118.98194,Communication Services,"Baidu, Inc.",40.09794,0.34416780512914125,forecast_icc,0.3198397172472559,1.0120657121308922,2026-09-01
BIIB,216.04,0.0,31920773120.0,147753998.0,127.61,Healthcare,Biogen Inc.,12.41218,0.33229940268349334,forecast_icc,0.12456553981458734,0.5906776635358636,2026-09-01
BILI,15.79,0.0,6608205824.0,338805755.0,5.6661606,Communication Services,Bilibili Inc.,6.82792,0.2840162157728856,forecast_icc,0.2973369093639673,0.2905066626499576,2026-09-01
BILL,47.62,0.0,4742796288.0,99596727.0,38.35,Technology,"BILL Holdings, Inc.",3.73256,0.1662049638853762,forecast_icc,0.1017554036781646,0.8053338681473642,2026-09-01
BIO,380.96,0.0,10195098624.0,21700560.0,268.303,Healthcare,"Bio-Rad Laboratories, Inc.",9.48306,0.05746035562360685,forecast_icc,0.03179761069062824,0.5710906352562225,2026-09-01
BIO-B,365.08,0.0,9770124288.0,5061038.0,268.303,Healthcare,"Bio-Rad Laboratories, Inc.",8.21,0.187,trailing_eps_fallback_icc,0.048306317009558675,0.13898407415162659,2026-09-01
BIOX,0.4599,0.0,29348928.0,63815891.0,1.064,Basic Materials,Bioceres Crop Solutions Corp.,0.64,0.04,forecast_icc,0.3272418598106922,2.3135464444902385,2026-09-01
BIPC,37.39,1.82,4599171072.0,123005386.0,-12.52,Utilities,Brookfield Infrastructure Corpo,2.04,0.04,forecast_icc,0.06655117100574409,,2026-09-01
BIRK,34.25,0.0,5655572480.0,165126204.0,18.356846,Consumer Cyclical,Birkenstock Holding plc,1.95418,0.23136046832942703,forecast_icc,0.09985873597344286,0.5359663072327179,2026-09-01
BIT,11.89,1.48,678475648.0,57062709.0,,Financial Services,BlackRock Multi-Sector Income T,1.06,0.04,trailing_eps_fallback_icc,0.10873675706368505,,2026-09-01
BJ,91.48,0.0,11555267584.0,126314692.0,17.378,Consumer Defensive,"BJ's Wholesale Club Holdings, I",4.71021,0.0666106182102284,forecast_icc,0.05519789002115966,0.1899650269125261,2026-09-01
BJRI,61.75,0.0,1313654912.0,21273765.0,18.764,Consumer Cyclical,"BJ's Restaurants, Inc.",2.36957,0.1540574872234204,forecast_icc,0.06277503090173953,0.3038704630976936,2026-09-01
BKD,11.9,0.0,2841925120.0,238817252.0,-0.121,Healthcare,Brookdale Senior Living Inc.,0.03,0.75,forecast_icc,0.04001701065565311,,2026-09-01
BKE,42.47,1.4,2187884288.0,51515996.0,9.66,Consumer Cyclical,"Buckle, Inc. (The)",4.29943,0.01,forecast_icc,0.07454281588740808,0.2274546803455083,2026-09-01
BKH,72.4,2.81,5520727552.0,76253141.0,51.712,Utilities,Black Hills Corporation,4.338,0.06316274781005071,forecast_icc,0.07457482656425551,0.7142541250678983,2026-09-01
BKHA,11.97,0.0,49718316.0,4153577.0,-1.229,Financial Services,Black Hawk Acquisition Corporat,0.12,0.01,trailing_eps_fallback_icc,0.011474805380495057,,2026-09-01
BKKT,7.26,0.0,327204256.0,45069458.0,7.865,Technology,"Bakkt, Inc.",2.55,,forecast_icc,0.010000000000000002,1.0833333633961046,2026-09-01
BKNG,195.69,1.68,151635968000.0,774878436.0,-14.226,Consumer Cyclical,Booking Holdings Inc. Common St,10.44798,0.1845725202383619,forecast_icc,0.08933451932681746,,2026-09-01
BKR,63.655,0.92,63188664320.0,992674071.0,20.062,Energy,Baker Hughes Company,2.62781,0.20282288293293638,forecast_icc,0.08383472562436378,0.3151677191900802,2026-09-01
BKT,10.22,1.06,331015104.0,32388952.0,11.513,Financial Services,BlackRock Income Trust Inc. (Th,0.95,0.222,trailing_eps_fallback_icc,0.19361716758475633,1.1265165845000233,2026-09-01
BKTI,72.72,0.0,274109984.0,3769389.0,13.787,Technology,BK Technologies Corporation,3.59,0.1754874651810585,forecast_icc,0.07896682363628868,0.18959019800971572,2026-09-01
BKU,44.74,1.32,3186930944.0,71232249.0,41.554,Financial Services,"BankUnited, Inc.",3.90322,0.1458052582226983,forecast_icc,0.11710198238238678,0.9287885200395481,2026-09-01
BKV,25.12,0.0,2749078528.0,109437830.0,21.035,Energy,BKV Corporation,1.64781,0.1165182879094071,forecast_icc,0.07870341127996927,0.8373805006307918,2026-09-01
BKYI,3.01,0.0,4323395.0,1436344.0,3.987,Industrials,"BIO-key International, Inc.",0.22,0.04,forecast_icc,0.0620504087716226,1.324584852413439,2026-09-01
BL,32.21,0.0,1872214912.0,58125270.0,5.416,Technology,"BlackLine, Inc.",2.48472,0.11899127467078796,forecast_icc,0.08780248790256395,0.16814654145859084,2026-09-01
BLBD,60.55,0.0,1917984256.0,31676039.0,20.675,Industrials,Blue Bird Corporation,4.82483,0.01,forecast_icc,0.054313938171777765,0.3414533275110471,2026-09-01
BLCO,17.88,0.0,6386114560.0,357165246.0,18.093,Healthcare,Bausch + Lomb Corporation,0.80393,0.36001890711877915,forecast_icc,0.11518457356336664,1.0119127577752067,2026-09-01
BLDR,62.79,0.0,6755981824.0,107596457.0,37.225,Industrials,"Builders FirstSource, Inc.",3.15571,0.41521876218030185,forecast_icc,0.13501255252972705,0.5928491544480805,2026-09-01
BLFS,35.47,0.0,1734720896.0,48906704.0,8.591,Healthcare,"BioLife Solutions, Inc.",0.25,0.32000000000000006,forecast_icc,0.031921271596207154,0.24220466533424403,2026-09-01
BLIN,0.9749,0.0,12283622.0,12599879.0,0.706,Technology,"Bridgeline Digital, Inc.",0.12,0.04,forecast_icc,0.08764066512488611,0.724176840837336,2026-09-01
BLK,1128.1,22.92,183289380864.0,154869259.0,371.704,Financial Services,"BlackRock, Inc.",56.28456,0.14254957309784433,forecast_icc,0.08103948214119006,0.31406905722513945,2026-09-01
BLKB,47.78,0.0,2168738816.0,45390097.0,1.495,Technology,"Blackbaud, Inc.",5.245,0.1382268827454718,forecast_icc,0.11446622375248505,0.03128924263003554,2026-09-01
BLLN,92.32,0.0,4356307456.0,42644388.0,11.464,Healthcare,"BillionToOne, Inc.",1.39,0.01,forecast_icc,0.016094927655490587,0.11222239682799837,2026-09-01
BLMN,9.74,0.6,833947712.0,85620917.0,5.044,Consumer Cyclical,"Bloomin' Brands, Inc.",0.96948,0.07073895284069809,forecast_icc,0.11406627680023707,0.5178644885448166,2026-09-01
BLND,1.55,0.0,366595616.0,233256934.0,-0.314,Technology,"Blend Labs, Inc.",0.0475,0.26315789473684204,forecast_icc,0.07422801415145142,,2026-09-01
BLNE,1.05,0.0,34574552.0,32928148.0,1.542,Financial Services,"Beeline Holdings, Inc.",0.47,0.04,forecast_icc,0.1843748201878751,1.468571572988133,2026-09-01
BLSH,33.06,0.0,5013494784.0,151648346.0,15.921,Technology,Bullish,0.44816,0.75,forecast_icc,0.11425922364804453,0.48157890267907777,2026-09-01
BLTE,156.7,0.0,6310644736.0,40272144.0,19.285,Healthcare,"Belite Bio, Inc",2.14143,0.04,forecast_icc,0.018652739103703138,0.12306956413019032,2026-09-01
BLUW,10.3688,0.0,334995200.0,25983000.0,-0.293,Financial Services,Blue Water Acquisition Corp. II,0.31,0.653,trailing_eps_fallback_icc,0.1491581220780701,,2026-09-01
BLW,12.59,1.36,492072608.0,39084400.0,13.901,Financial Services,Blackrock Limited Duration Inco,1.22,0.01,trailing_eps_fallback_icc,0.09948129738725375,1.1041302351867552,2026-09-01
BLX,54.22,2.75,2018621952.0,30060446.0,46.739,Financial Services,"Bladex, Inc. Class E",6.86,0.028425655976676234,forecast_icc,0.10322000031869061,0.6960169952585554,2026-09-01
BLZE,13.53,0.0,837507008.0,61900000.0,1.433,Technology,"Backblaze, Inc.",0.21429,0.3159736805263893,forecast_icc,0.055175616627526236,0.10591278538889552,2026-09-01
BMA,78.41,5.32,5013459968.0,62815463.0,65.038124,Financial Services,Banco Macro S.A.,12535.772,0.36266916788212167,forecast_icc,0.4,0.8148863056228182,2026-09-01
BMBL,2.68,0.0,410620960.0,131968314.0,3.914,Communication Services,Bumble Inc.,0.35,0.75,forecast_icc,0.31167445248549697,1.2579094379302995,2026-09-01
BME,45.62,3.15,589597568.0,12924103.0,43.972,Financial Services,Blackrock Health Sciences Trust,5.92,0.04,trailing_eps_fallback_icc,0.11906096966802726,0.9638755109586884,2026-09-01
BMEZ,16.8,1.32,1050023552.0,62501404.0,,Financial Services,BlackRock Health Sciences Trust,2.54,0.04,trailing_eps_fallback_icc,0.13323365026448386,,2026-09-01
BMHL,5.8862,0.0,150216688.0,14014999.0,0.43187752,Financial Services,Bluemount Holdings Limited,0.05,0.04,trailing_eps_fallback_icc,0.01266605309946811,0.04029354588700877,2026-09-01
BMI,132.27,1.76,3834090496.0,28986847.0,23.558,Technology,"Badger Meter, Inc.",4.50211,0.10581705022755994,forecast_icc,0.053039401383479734,0.17810537918664715,2026-09-01
BMN,26.04,1.13,160084896.0,6147653.0,,Financial Services,53753,1.17,0.04,trailing_eps_fallback_icc,0.05695188780754534,,2026-09-01
BMNR,23.37,0.01,14097400832.0,603226394.0,20.011,Financial Services,"BitMine Immersion Technologies,",0.94,0.04,forecast_icc,0.040271107538653594,0.8562687203256221,2026-09-01
BMO,168.3,4.96,117329739776.0,697146398.0,87.989006,Financial Services,Bank Of Montreal,14.739,0.11645226948911058,forecast_icc,0.10754962118823641,0.5228104887440298,2026-09-01
BMRA,2.09,0.0,6458662.0,3090269.0,1.095,Healthcare,"Biomerica, Inc.",0.39,0.04,forecast_icc,0.11309884064944764,0.5239234620111719,2026-09-01
BMRC,26.47,1.0,428661728.0,16194248.0,24.815,Financial Services,Bank of Marin Bancorp,2.255,0.06356097560975615,forecast_icc,0.09128969631492889,0.9374764245806427,2026-09-01
BMRN,64.84,0.0,12551321600.0,193573759.0,32.664,Healthcare,BioMarin Pharmaceutical Inc.,5.0248,0.2880074828848911,forecast_icc,0.13376675828347062,0.5037631466614639,2026-09-01
BMY,66.92,2.52,136698462208.0,2042714656.0,10.925,Healthcare,Bristol-Myers Squibb Company,6.94908,0.01,forecast_icc,0.07740362418415059,0.1632546354679765,2026-09-01
BN,39.74,0.28,88713650176.0,2232266331.0,19.025,Financial Services,Brookfield Corporation,5.87,0.403,forecast_icc,0.2263823170166258,0.47871851584305836,2026-09-01
BNC,2.81,0.0,115698512.0,41173850.0,7.153,Industrials,CEA Industries Inc.,4.72,0.04,forecast_icc,0.35874576653808077,2.545551744433844,2026-09-01
BNED,11.79,0.32,408700128.0,34664980.0,8.552,Consumer Cyclical,"Barnes & Noble Education, Inc",0.775,,forecast_icc,0.010000000000000002,0.7253604504865728,2026-09-01
BNL,20.82,1.17,4432507392.0,204600604.0,15.02,Real Estate,"Broadstone Net Lease, Inc.",0.74109,0.06978909444197057,forecast_icc,0.054382189993986224,0.6933098583493574,2026-09-01
BNS,91.19,3.29,111169142784.0,1219093484.0,52.803368,Financial Services,Bank Nova Scotia Halifax Pfd 3,8.52964,0.11082413794720525,forecast_icc,0.11279471640247907,0.5790477487725926,2026-09-01
BNT,39.66,0.28,10881673216.0,59928210.0,48.978,Financial Services,Brookfield Wealth Solutions Ltd,0.84,0.01,trailing_eps_fallback_icc,0.021943226540771424,0.26973460892615725,2026-09-01
BNY,160.51,2.22,108906692608.0,678504142.0,58.821,Financial Services,The Bank of New York Mellon Cor,9.25034,0.10761442282121525,forecast_icc,0.07565199854209681,0.3664631730231269,2026-09-01
BOBS,16.3,0.0,2130199168.0,130687076.0,4.064,Consumer Cyclical,"Bob's Discount Furniture, Inc.",0.92269,0.14599703042191847,forecast_icc,0.07880023234461964,0.24932517336519774,2026-09-01
BODI,5.69,0.0,41450148.0,4555733.0,5.18,Communication Services,"The Beachbody Company, Inc.",0.40667,0.01,forecast_icc,0.0501466583374567,0.5693272057798201,2026-09-01
BOE,12.48,0.99,693889536.0,55600125.0,12.887,Financial Services,Blackrock Enhanced Global Divid,1.83,0.75,trailing_eps_fallback_icc,0.4,1.0326122152027957,2026-09-01
BOH,75.18,2.8,2965880832.0,39450396.0,38.805,Financial Services,Bank of Hawaii Corporation,5.95597,0.12117925375715477,forecast_icc,0.10739249841893936,0.5161612025213022,2026-09-01
BOKF,133.6,2.52,8117535232.0,60759992.0,100.106,Financial Services,BOK Financial Corporation,10.31144,0.043673822472903856,forecast_icc,0.07177589688563735,0.7492963794200135,2026-09-01
BON,1.18,0.0,12001365.0,6086971.0,9.33,Basic Materials,Bon Natural Life Limited,0.58,0.04,forecast_icc,0.1936883446484844,4.732081678209104,2026-09-01
BOOM,6.66,0.0,136802704.0,20540949.0,11.555,Industrials,DMC Global Inc.,0.43,0.04,forecast_icc,0.05689353452534936,1.7349851922152064,2026-09-01
BOOT,148.78,0.0,4505779200.0,30284844.0,43.591,Consumer Cyclical,"Boot Barn Holdings, Inc.",9.03048,0.1069035090050583,forecast_icc,0.07243872544129959,0.29298964201441563,2026-09-01
BORR,4.6,0.24,1419158528.0,308512741.0,3.117,Energy,Borr Drilling Limited,0.14153,0.04,forecast_icc,0.040222799472592885,0.6776087341364305,2026-09-01
BOSC,4.66,0.0,32899598.0,7060000.0,4.374,Technology,B.O.S. Better Online Solutions,0.53,0.15094339622641506,forecast_icc,0.12079936041576012,0.9386266665021256,2026-09-01
BOTJ,26.65,0.4,121079984.0,4543338.0,18.302,Financial Services,Bank of the James Financial Gro,2.53,0.198,trailing_eps_fallback_icc,0.13107022361764498,0.6867540722172544,2026-09-01
BOW,33.61,0.0,1107214336.0,32943005.0,14.387,Financial Services,Bowhead Specialty Holdings Inc.,2.02384,0.21029330381848377,forecast_icc,0.0978310756419688,0.4280571498443821,2026-09-01
BOX,35.16,0.0,4823979008.0,137200773.0,0.139,Technology,"Box, Inc.",1.61292,0.1370433747489026,forecast_icc,0.0668405604151607,0.003953356226337874,2026-09-01
BP,44.47,2.02,114525478912.0,2575342288.0,5.646,Energy,BP p.l.c.,6.31044,0.01,forecast_icc,0.09674004987048923,0.12696198868743133,2026-09-01
BPOP,167.23,3.6,10665677824.0,63778501.0,100.379,Financial Services,"Popular, Inc.",15.88167,0.09025058447883638,forecast_icc,0.0996054929056932,0.6002452218717047,2026-09-01
BPRN,42.26,1.4,287925856.0,6813201.0,41.085,Financial Services,"Princeton Bancorp, Inc.",3.83667,0.01,forecast_icc,0.06953007980595899,0.9721959916132019,2026-09-01
BPYPN,13.75,1.44,,,19.784,Real Estate,Brookfield Property Partners L.,2.196,0.04,trailing_eps_fallback_icc,0.15090484391824743,,2026-09-01
BPYPO,15.05,1.59,,,19.784,Real Estate,Brookfield Property Partners L.,2.196,0.04,trailing_eps_fallback_icc,0.1457601700303749,,2026-09-01
BPYPP,16.175,1.63,,0.0,19.784,Real Estate,Brookfield Property Partners L.,2.196,0.04,trailing_eps_fallback_icc,0.13858084706577245,,2026-09-01
BR,180.39,4.36,20863600640.0,115658297.0,24.917,Technology,"Broadridge Financial Solutions,",10.54859,0.09738078738485423,forecast_icc,0.07785311601824463,0.13812849642184294,2026-09-01
BRBI,10.69,1.05,280600992.0,26248926.0,5.973561,Financial Services,BRBI BR Partners S.A.,0.39,0.01,trailing_eps_fallback_icc,0.037941206659353785,0.5587990246502265,2026-09-01
BRBR,10.31,0.0,1198828160.0,116278194.0,-4.018,Consumer Defensive,"BellRing Brands, Inc.",1.04388,0.2658351534659158,forecast_icc,0.1470213569689055,,2026-09-01
BRBS,3.9,2.4,349781376.0,89687528.0,3.11,Financial Services,"Blue Ridge Bankshares, Inc.",0.09,0.04,trailing_eps_fallback_icc,0.031875718585832616,0.7974358591350501,2026-09-01
BRC,90.39,0.98,4258525184.0,43574162.0,28.481,Industrials,Brady Corporation,5.27,0.24383301707779892,forecast_icc,0.11063261740624897,0.29142382733458555,2026-09-01
BRCB,9.32,0.0,206975344.0,22207657.0,2.46,Consumer Cyclical,"Black Rock Coffee Bar, Inc.",0.268,0.044776119402985204,forecast_icc,0.0329923709894705,0.26394852239018385,2026-09-01
BRCC,8.27,0.0,117805728.0,1198199.0,4.039,Consumer Defensive,BRC Inc.,0.07,0.75,forecast_icc,0.08812407119461663,0.041080564104658816,2026-09-01
BRIA,1.44,0.53,36000000.0,25000000.0,0.478,Consumer Cyclical,BrilliA Inc,0.07,0.75,forecast_icc,0.2855768187337905,0.33194444444444443,2026-09-01
BRK-A,752091.0,0.0,1073339170816.0,488450.0,522225.9,Financial Services,Berkshire Hathaway Inc.,34391.816,0.01,forecast_icc,0.03635371859578329,0.23765203748324581,2026-09-01
BRK-B,502.33,0.0,1075342737408.0,1408035161.0,522225.9,Financial Services,Berkshire Hathaway Inc. New,22.25303,0.01,forecast_icc,0.03560290375898259,683.7935512144368,2026-09-01
BRKR,56.03,0.2,8536692224.0,152359316.0,15.631,Healthcare,Bruker Corporation,2.1215,0.1342964883337261,forecast_icc,0.059534378607925306,0.27897555703139754,2026-09-01
BRLT,1.34,0.25,136479296.0,16907896.0,0.72,Consumer Cyclical,"Brilliant Earth Group, Inc.",0.072,0.41666666666666674,forecast_icc,0.19322514813803549,0.08919803572257581,2026-09-01
BRO,72.05,0.66,24108677120.0,334610357.0,38.13,Financial Services,"Brown & Brown, Inc.",4.48234,0.07648237304622163,forecast_icc,0.06878805393546783,0.5292158026300698,2026-09-01
BROS,46.31,0.0,8122609152.0,137940798.0,5.785,Consumer Cyclical,Dutch Bros Inc.,0.97708,0.34553977156425275,forecast_icc,0.07168676929214682,0.09824275691432408,2026-09-01
BRSL,11.17,0.92,2041232128.0,182742355.0,4.598,Consumer Cyclical,Brightstar Lottery PLC Trading ,0.52358,0.37881508078994597,forecast_icc,0.16535429216470388,0.41163831235268505,2026-09-01
BRSP,4.64,0.64,587072128.0,126524180.0,6.806,Real Estate,"BrightSpire Capital, Inc.",0.57,0.1453684210526316,forecast_icc,0.20063638537781003,1.4668105127280033,2026-09-01
BRUN,16.82,0.0,1336978688.0,49954423.0,1.303,Technology,Boost Run Inc.,0.96,0.04,forecast_icc,0.0520965627741688,0.04868485470502878,2026-09-01
BRX,29.26,1.23,8979084288.0,306872316.0,9.847,Real Estate,Brixmor Property Group Inc.,0.97811,0.030742963470366425,forecast_icc,0.040945375443591225,0.33653450605095825,2026-09-01
BRZE,32.78,0.0,3692066048.0,112631669.0,5.204,Technology,"Braze, Inc.",0.63288,0.5310169384401466,forecast_icc,0.09862693514104104,0.1587553412793118,2026-09-01
BSAA,11.185,0.0,82763408.0,6024500.0,0.493,Financial Services,BEST SPAC I Acquisition Corp.,0.25,0.04,trailing_eps_fallback_icc,0.026994814534767132,0.03588637263463099,2026-09-01
BSAC,34.87,1.48,16427791360.0,471115317.0,24.37,Financial Services,Banco Santander - Chile,2.88507,0.05274742033988766,forecast_icc,0.08770118676134142,0.6988815491804493,2026-09-01
BSBK,9.1,0.0,116127952.0,12761313.0,11.423,Financial Services,Bogota Financial Corp.,0.35,0.75,forecast_icc,0.18882633911476676,1.2552746852799057,2026-09-01
BSBR,5.72,0.35,42828656640.0,7487527435.0,13.089956,Financial Services,Banco Santander Brasil SA,0.70712,0.2133018441000114,forecast_icc,0.18486305760736776,2.288453861553171,2026-09-01
BSEM,3.5,0.0,62410152.0,17831471.0,1.55,Healthcare,"BioStem Technologies, Inc.",0.29,0.04,forecast_icc,0.06761673962904866,0.44285711802143984,2026-09-01
BSET,18.62,0.8,161216976.0,8658269.0,19.056,Consumer Cyclical,"Bassett Furniture Industries, I",0.93,0.489247311827957,forecast_icc,0.19890497486773795,1.0234156362292766,2026-09-01
BSIN,1.51,0.0,79265072.0,52493428.0,0.706,Energy,Big Sky Industrial Inc.,0.09,0.04,forecast_icc,0.053745757236409536,0.4675496941200028,2026-09-01
BSL,13.01,1.06,169389392.0,13019938.0,14.132,Financial Services,Blackstone GSO Senior Floating ,0.57,0.01,trailing_eps_fallback_icc,0.045058176019668564,1.0862413616550437,2026-09-01
BSM,14.9,1.22,3166240000.0,212499331.0,3.822,Energy,"Black Stone Minerals, L.P.",1.01,0.14851485148514842,forecast_icc,0.126813765943652,0.2565100696984436,2026-09-01
BSP,40.5,0.0,25726382080.0,324978625.0,2.094,Technology,Bending Spoons S.p.A.,1.42146,0.3875944451479465,forecast_icc,0.10601293058534045,0.02645164946372436,2026-09-01
BSRR,39.42,1.08,511017088.0,12963397.0,28.686,Financial Services,Sierra Bancorp,3.55,0.06591549295774657,forecast_icc,0.09064323216835335,0.7277017052353443,2026-09-01
BST,50.36,3.0,1748500224.0,34720019.0,,Financial Services,BlackRock Science and Technolog,7.22,0.04,trailing_eps_fallback_icc,0.12057012709427509,,2026-09-01
BSTZ,31.05,1.95,2134505856.0,68744150.0,,Financial Services,BlackRock Science and Technolog,4.65,0.04,trailing_eps_fallback_icc,0.12482714743487666,,2026-09-01
BSVN,51.42,1.2,489819488.0,9525856.0,27.975,Financial Services,Bank7 Corp.,4.41667,0.013584895407626307,forecast_icc,0.06583306875720718,0.5440490387348574,2026-09-01
BSX,48.08,0.0,69678956544.0,1449229526.0,17.232,Healthcare,Boston Scientific Corporation,3.30364,0.03924761777917696,forecast_icc,0.05920440185934657,0.3584026574258798,2026-09-01
BSY,35.62,0.28,10760548352.0,290577762.0,3.878,Technology,"Bentley Systems, Incorporated",1.39088,0.12931381571379275,forecast_icc,0.06139793751862058,0.1047214811154635,2026-09-01
BTE,5.0,0.06,3496000000.0,699200000.0,2.1855676,Energy,Baytex Energy Corp,0.3,0.26666666666666683,forecast_icc,0.11908934528166937,0.43711352000000003,2026-09-01
BTG,5.2,0.08,6869567488.0,1321070762.0,3.007,Basic Materials,B2Gold Corp,0.53818,0.75,forecast_icc,0.3041251182580452,0.5782692707034659,2026-09-01
BTGO,6.93,0.0,814591168.0,108690240.0,3.6,Financial Services,"BitGo Holdings, Inc.",0.25536,0.04,forecast_icc,0.037953467680286915,0.4803450852047539,2026-09-01
BTI,55.92,3.34,120462934016.0,2154201384.0,5.8387523,Consumer Defensive,British American Tobacco  Indus,4.84426,0.07701898742016322,forecast_icc,0.10796357474773532,0.10441260117259456,2026-09-01
BTMD,1.67,0.0,56611728.0,28677589.0,-2.378,Healthcare,Biote Corp.,0.35,0.2857142857142858,forecast_icc,0.2164165352688462,,2026-09-01
BTO,38.91,2.6,771704384.0,19833060.0,36.043,Financial Services,John Hancock Financial Opportun,9.29,0.75,trailing_eps_fallback_icc,0.4,0.9263171188360128,2026-09-01
BTSG,59.16,0.0,11705648128.0,197864241.0,9.943,Healthcare,"BrightSpring Health Services, I",1.8194,0.2521875343519844,forecast_icc,0.07231089969590376,0.16806964695590412,2026-09-01
BTT,22.61,0.56,1438570624.0,63625411.0,24.801,Financial Services,BlackRock Municipal 2030 Target,1.38,0.75,trailing_eps_fallback_icc,0.26583284740182156,1.09690396278452,2026-09-01
BTU,29.1,0.3,3547290112.0,121900000.0,26.65,Energy,Peabody Energy Corporation,2.84333,0.04,forecast_icc,0.0788882432913437,0.9158075312223011,2026-09-01
BTX,8.91,0.63,1039888704.0,116710298.0,,Financial Services,BlackRock Technology and Privat,0.37,0.04,trailing_eps_fallback_icc,0.05342105528903675,,2026-09-01
BTZ,9.95,1.01,928578304.0,93324457.0,14.199,Financial Services,BlackRock Credit Allocation Inc,1.1,0.01,trailing_eps_fallback_icc,0.1085574905622205,1.427035242192133,2026-09-01
BUD,79.13,1.35,155816968192.0,1747084389.0,7.919808,Consumer Defensive,Anheuser-Busch Inbev SA Sponsor,4.45718,0.11613621168541544,forecast_icc,0.07826376961917669,0.08880016779448358,2026-09-01
BUDA,8.25,0.0,103674992.0,12566666.0,1.722,Consumer Defensive,"Buda Juice, Inc.",0.2,0.7499999999999998,forecast_icc,0.15282282344923515,0.2087272777604844,2026-09-01
BULL,9.13,0.0,4836749312.0,445905406.0,1.97,Technology,Webull Corporation,0.235,0.34042553191489366,forecast_icc,0.080173733756108,0.18161653481618356,2026-09-01
BUR,4.21,0.13,924450752.0,219584503.0,3.73,Financial Services,Burford Capital Limited,0.5321,0.01,forecast_icc,0.08498670314839654,0.8859857536142715,2026-09-01
BURL,262.15,0.0,16467003392.0,62815195.0,31.875,Consumer Cyclical,"Burlington Stores, Inc.",11.82762,0.15205933230861324,forecast_icc,0.06942930804978775,0.12159069218372333,2026-09-01
BUSE,29.9,1.04,2469051136.0,82576956.0,28.647,Financial Services,First Busey Corporation,2.69,0.013275092936802846,forecast_icc,0.07152633094131267,0.958093586657899,2026-09-01
BV,11.1,0.0,1027860032.0,92600000.0,13.305,Industrials,"BrightView Holdings, Inc.",0.50185,0.21697718441765446,forecast_icc,0.08384863729614922,1.1986486113315475,2026-09-01
BVC,13.65,0.0,2293199872.0,168000000.0,1.742,Technology,BitVentures Limited,1.47,0.04,trailing_eps_fallback_icc,0.08044680986445477,0.12761905474238575,2026-09-01
BVFL,21.22,0.0,179746208.0,8470604.0,22.863,Financial Services,"BV Financial, Inc.",1.48,0.448,trailing_eps_fallback_icc,0.16731185735285148,1.0774270089302802,2026-09-01
BVN,33.42,1.14,8488240640.0,253715190.0,17.026,Basic Materials,Buenaventura Mining Company Inc,4.13,0.01,forecast_icc,0.08494834426703685,0.5089105043256643,2026-09-01
BVS,13.67,0.0,933731328.0,68305143.0,3.347,Healthcare,Bioventus Inc.,0.778,0.18251928020565544,forecast_icc,0.08793675838250009,0.24484271520661668,2026-09-01
BW,6.84,0.0,1018921088.0,148965066.0,0.385,Industrials,"Babcock & Wilcox Enterprises, I",0.145,0.75,forecast_icc,0.14327563067158244,0.05628654768797955,2026-09-01
BWA,63.54,0.68,12940959744.0,203666354.0,27.599,Consumer Cyclical,BorgWarner Inc.,5.21906,0.1381723911968824,forecast_icc,0.10158723049077134,0.434356324047151,2026-09-01
BWAY,14.27,0.0,573767872.0,40207981.0,2.045,Healthcare,Brainsway Ltd.,0.27,0.75,forecast_icc,0.13549479896139627,0.14330764261579287,2026-09-01
BWB,20.92,0.0,583329600.0,27883823.0,17.266,Financial Services,"Bridgewater Bancshares, Inc.",1.84,0.15217391304347827,forecast_icc,0.10473496322678838,0.8253345757149987,2026-09-01
BWEN,4.155,0.0,98296384.0,23657373.0,2.782,Industrials,"Broadwind, Inc.",0.045,0.04,forecast_icc,0.015488705245809958,0.6695547588607125,2026-09-01
BWFG,65.46,0.8,521845280.0,7971972.0,41.629,Financial Services,"Bankwell Financial Group, Inc.",5.77,0.025419410745234128,forecast_icc,0.06882674987600368,0.6359456243199134,2026-09-01
BWIN,30.26,0.0,2930335232.0,96838572.0,9.178,Financial Services,"The Baldwin Insurance Group, In",2.01216,0.23198453403307884,forecast_icc,0.10914391764134251,0.30330468818388084,2026-09-01
BWLP,24.21,1.86,3675431424.0,151814604.0,12.617,Energy,BW LPG Limited,2.94,0.75,trailing_eps_fallback_icc,0.4,0.5211483055187592,2026-09-01
BWMN,42.6,0.0,738417792.0,17333752.0,14.884,Industrials,Bowman Consulting Group Ltd.,1.9456,0.2742907072368421,forecast_icc,0.0970791719615153,0.349389691802009,2026-09-01
BWMX,15.87,1.27,591060992.0,37243920.0,3.3852909,Consumer Cyclical,"Betterware de Mexico, S.A.P.I. ",40.26,0.19696969696969702,forecast_icc,0.4,0.2133138629732615,2026-09-01
BWXT,161.54,1.06,14800614400.0,91621980.0,14.565,Industrials,"BWX Technologies, Inc.",4.73851,0.10880213400414895,forecast_icc,0.04611798133103635,0.09016342853307495,2026-09-01
BX,136.66,5.23,163349397504.0,750625114.0,11.269,Financial Services,Blackstone Inc.,6.01888,0.24450894518581512,forecast_icc,0.11379091577492428,0.05178344419335166,2026-09-01
BXC,74.77,0.0,581889664.0,7782395.0,79.068,Industrials,Bluelinx Holdings Inc.,1.88667,0.5123630523620983,forecast_icc,0.11074524324266222,1.0574829661521536,2026-09-01
BXDC,20.3,0.0,2043192960.0,100649905.0,19.192,Real Estate,Blackstone Digital Infrastructu,0.40558,0.20646974702894605,forecast_icc,0.04728804595544045,0.9454187708046918,2026-09-01
BXMT,13.81,1.88,2327587072.0,168543591.0,19.124,Real Estate,"Blackstone Mortgage Trust, Inc.",1.26782,0.22227918789733558,forecast_icc,0.19199341180524676,1.3847935800375506,2026-09-01
BXP,67.06,2.8,12129639424.0,159661556.0,32.316,Real Estate,"BXP, Inc.",2.09673,0.044636171562385085,forecast_icc,0.04203699170506664,0.42537314287241257,2026-09-01
BXSL,24.68,3.08,5749701120.0,232970063.0,25.526,Financial Services,Blackstone Secured Lending Fund,2.81896,0.01,forecast_icc,0.11718038473779291,1.034278774500543,2026-09-01
BY,37.67,0.56,1702172416.0,45186420.0,28.86,Financial Services,"Byline Bancorp, Inc.",3.386,0.01,forecast_icc,0.06336814650904607,0.7661269028577655,2026-09-01
BYD,76.39,0.8,5550147072.0,72655414.0,34.2,Consumer Cyclical,Boyd Gaming Corporation,7.08416,0.09461531077784802,forecast_icc,0.09497863007725582,0.44770257915068096,2026-09-01
BZ,17.55,0.51,7842863104.0,385215465.0,6.895428,Communication Services,KANZHUN LIMITED - American Depo,8.60339,0.1584491694552963,forecast_icc,0.27073964240747717,0.33868059000536394,2026-09-01
BZH,33.2,0.0,885763520.0,26679623.0,43.398,Consumer Cyclical,"Beazer Homes USA, Inc.",1.52,0.04,forecast_icc,0.044302693063077936,1.3071686209813653,2026-09-01
BZUN,2.74,0.0,159306304.0,53707409.0,9.301101,Consumer Cyclical,Baozun Inc.,3.51125,0.5793691705233179,forecast_icc,0.4,3.1357078973931185,2026-09-01
C,132.54,2.68,222327455744.0,1677436783.0,114.738,Financial Services,"Citigroup, Inc.",11.15454,0.15498173837737816,forecast_icc,0.11289656834124895,0.8656858909475832,2026-09-01
CAAP,23.09,0.0,3772246272.0,163371430.0,11.419,Industrials,Corporacion America Airports SA,1.89638,0.1861019415939842,forecast_icc,0.11007248380956347,0.4945430983701162,2026-09-01
CAAS,5.48,0.0,165335440.0,30170702.0,14.709,Consumer Cyclical,"China Automotive Systems, Inc.",0.64,0.75,forecast_icc,0.2985199023791839,2.6841242005827666,2026-09-01
CABO,23.87,0.0,135436592.0,5673925.0,57.529,Communication Services,"Cable One, Inc.",14.54,0.04,forecast_icc,0.21649614495114322,2.4100963152188593,2026-09-01
CAC,56.17,1.68,949107136.0,16897049.0,42.964,Financial Services,Camden National Corporation,5.4,0.07407407407407396,forecast_icc,0.09824249982918587,0.7648923769507934,2026-09-01
CACC,594.18,0.0,6215164928.0,10460071.0,153.132,Financial Services,Credit Acceptance Corporation,47.725,0.1483499214248296,forecast_icc,0.09825835145810757,0.2577198853011677,2026-09-01
CACI,629.46,0.0,13910776832.0,22099539.0,201.941,Technology,"CACI International, Inc.",33.63744,0.12019226195572563,forecast_icc,0.06981157686123363,0.3208162318392515,2026-09-01
CAE,23.56,0.0,7582764544.0,321849081.0,12.150852,Industrials,CAE Inc,1.26902,0.17000520086365856,forecast_icc,0.08206719777109017,0.5157407337224333,2026-09-01
CAF,18.97,0.26,319034176.0,16817828.0,,Financial Services,Morgan Stanley China A Share Fu,4.15,0.04,trailing_eps_fallback_icc,0.12936095015404014,,2026-09-01
CAG,16.11,1.23,7709692416.0,478565642.0,13.285,Consumer Defensive,"ConAgra Brands, Inc.",1.4458,0.07330889472956148,forecast_icc,0.11744029103104692,0.8246430870284411,2026-09-01
CAH,239.35,2.06,55667003392.0,232575728.0,-12.373,Healthcare,"Cardinal Health, Inc.",10.23,0.3760254154447702,forecast_icc,0.12251760711238757,,2026-09-01
CAI,24.78,0.0,7002709504.0,282595186.0,2.094,Healthcare,"Caris Life Sciences, Inc.",0.14413,0.75,forecast_icc,0.07038444103953367,0.08450362236873962,2026-09-01
CAKE,108.36,1.2,5392061952.0,49760634.0,10.426,Consumer Cyclical,The Cheesecake Factory Incorpor,4.51332,0.09932599505463835,forecast_icc,0.05842022768098232,0.09621632219777582,2026-09-01
CAL,11.74,0.28,394343584.0,33589744.0,18.281,Consumer Cyclical,"Caleres, Inc.",1.62667,0.39958934510380106,forecast_icc,0.23265444685695502,1.5571550672522163,2026-09-01
CALM,79.02,4.8,3690707456.0,46705993.0,56.038,Consumer Defensive,"Cal-Maine Foods, Inc.",1.435,0.75,forecast_icc,0.16602673393039835,0.7091622587097838,2026-09-01
CALX,37.7,0.0,2373742336.0,62963989.0,11.277,Technology,"Calix, Inc",1.72167,0.33722490372719505,forecast_icc,0.11107725388322487,0.2991246746475014,2026-09-01
CALY,15.53,0.0,2791634944.0,179757563.0,12.074,Consumer Cyclical,Callaway Golf Company,0.73155,0.19544802132458483,forecast_icc,0.08114609368532533,0.7774629775024052,2026-09-01
CAMT,128.14,0.0,5980060160.0,46668177.0,13.463,Technology,Camtek Ltd.,3.61242,0.3525559043522071,forecast_icc,0.08699660457801295,0.10506477362110685,2026-09-01
CANG,1.84,0.0,75480424.0,39321967.0,11.174,Financial Services,Cango Inc.,0.7,0.04,forecast_icc,0.16904234045266164,5.821160454239101,2026-09-01
CAPL,23.26,2.1,887909952.0,38173255.0,-2.81,Energy,CrossAmerica Partners LP,1.33,0.01,forecast_icc,0.05878369450582843,,2026-09-01
CAPN,11.25,0.0,59491036.0,5288092.0,-0.722,Financial Services,Cayson Acquisition Corp,0.17,0.01,trailing_eps_fallback_icc,0.016142218993744607,,2026-09-01
CAPS,0.185,0.0,3807032.0,20578551.0,0.815,Basic Materials,Capstone Holding Corp.,0.2,,forecast_icc,0.010000000000000002,4.405405330188977,2026-09-01
CAR,140.7,0.0,4970333184.0,35325754.0,-95.977,Industrials,"Avis Budget Group, Inc.",0.52,0.75,forecast_icc,0.052404334724225676,,2026-09-01
CARE,30.77,0.4,712754176.0,23163931.0,24.327,Financial Services,"Carter Bankshares, Inc.",5.76333,0.01,forecast_icc,0.10140407227286474,0.7906077135870756,2026-09-01
CARG,34.77,0.0,3097084928.0,75309865.0,2.959,Communication Services,"CarGurus, Inc.",2.62432,0.14689138519692713,forecast_icc,0.09429304742276023,0.07195214071152524,2026-09-01
CARR,57.25,0.96,47550730240.0,830580423.0,15.935,Industrials,Carrier Global Corporation,2.88548,0.14657180087888322,forecast_icc,0.08085827901521248,0.278340605364066,2026-09-01
CARS,11.59,0.0,620444160.0,53532714.0,8.226,Communication Services,Cars.com Inc.,2.0999,0.23306347921329573,forecast_icc,0.18426307049109047,0.7097497788745405,2026-09-01
CART,50.05,0.0,11586578432.0,231500067.0,9.964,Consumer Cyclical,Maplebear Inc.,2.3272,0.26623410106565837,forecast_icc,0.09629209159557395,0.19908091772955258,2026-09-01
CASH,80.34,0.2,1668931840.0,20773362.0,40.473,Financial Services,"Pathward Financial, Inc.",7.88,0.21785152284263964,forecast_icc,0.13219967143939948,0.5037714902880635,2026-09-01
CASS,55.2,1.28,706899456.0,12806149.0,19.105,Industrials,"Cass Information Systems, Inc",2.985,0.21440536013400346,forecast_icc,0.10615298903119064,0.34610505718793483,2026-09-01
CASY,766.91,2.6,28379437056.0,37004914.0,107.08,Consumer Cyclical,"Caseys General Stores, Inc.",21.37271,0.10209327689375836,forecast_icc,0.04222221756383707,0.13962525695280656,2026-09-01
CAT,779.16,6.52,358160269312.0,459674889.0,42.193,Industrials,"Caterpillar, Inc.",27.19191,0.18908160552164222,forecast_icc,0.06971879336877657,0.05415190978282854,2026-09-01
CATO,2.61,0.0,51970184.0,18148297.0,8.768,Consumer Cyclical,Cato Corporation (The),1.3,0.01,forecast_icc,0.1732754539020963,3.061837689395135,2026-09-01
CATY,60.73,1.52,4051530240.0,66713820.0,45.591,Financial Services,Cathay General Bancorp,5.528,0.07272069464544151,forecast_icc,0.09265848322955372,0.7507162942019655,2026-09-01
CAVA,61.08,0.0,7134522880.0,116806198.0,7.202,Consumer Cyclical,"CAVA Group, Inc.",0.54599,0.35489660982801885,forecast_icc,0.040801421381331124,0.11791093141690227,2026-09-01
CB,338.74,4.08,130685845504.0,385799859.0,195.45,Financial Services,Chubb Limited,27.72066,0.050099095764675194,forecast_icc,0.0743913769832826,0.5769911971013114,2026-09-01
CBAN,20.97,0.48,445003616.0,21220965.0,18.431,Financial Services,"Colony Bankcorp, Inc.",2.04,0.09313725490196068,forecast_icc,0.1025867366989125,0.8789223095099524,2026-09-01
CBAT,1.03,0.0,91305216.0,88645836.0,1.186,Industrials,CBAK Energy Technology Limited,0.33,0.04,forecast_icc,0.15395492547959855,1.1514562486331557,2026-09-01
CBC,31.53,0.48,7551597056.0,239505133.0,16.141,Financial Services,"Central Bancompany, Inc.",1.908,0.06289308176100628,forecast_icc,0.06580409568946022,0.5119251362440543,2026-09-01
CBFV,37.1,1.1,188526752.0,5081584.0,31.906,Financial Services,"CB Financial Services, Inc.",3.21,0.045691588785046644,forecast_icc,0.08198119376849566,0.8600000656882902,2026-09-01
CBK,33.75,0.32,462417856.0,13701270.0,22.087,Financial Services,"Commercial Bancgroup, Inc.",2.98,0.06711409395973167,forecast_icc,0.08296954902586495,0.6544296388286529,2026-09-01
CBL,53.8,2.5,1664720256.0,30942757.0,13.814,Real Estate,"CBL & Associates Properties, In",3.24,,forecast_icc,0.010000000000000002,0.2567658101458219,2026-09-01
CBNA,45.25,0.0,296922208.0,3393357.0,27.987,Financial Services,"Chain Bridge Bancorp, Inc.",5.12,0.01,forecast_icc,0.06960086295637513,0.31984769006904323,2026-09-01
CBNK,35.95,0.5,585641920.0,16290456.0,25.919,Financial Services,"Capital Bancorp, Inc.",3.4625,0.10541516245487381,forecast_icc,0.10213730079596875,0.7209735414158878,2026-09-01
CBOE,307.62,3.44,32125069312.0,104431019.0,53.807,Financial Services,"Cboe Global Markets, Inc.",14.16696,0.07597960324586217,forecast_icc,0.05675654281491592,0.17491385885458724,2026-09-01
CBRE,144.46,0.0,41832050688.0,289575298.0,28.974,Real Estate,CBRE Group Inc,7.81404,0.16397663692532927,forecast_icc,0.08084943825691593,0.20056761612833893,2026-09-01
CBRL,54.2,1.0,1211449088.0,22351460.0,20.825,Consumer Cyclical,Cracker Barrel Old Country Stor,1.10129,0.75,forecast_icc,0.17349535197529742,0.3842251062060315,2026-09-01
CBRS,172.62,0.0,41008304128.0,112247109.0,40.273,Technology,Cerebras Systems Inc.,1.27368,0.04,forecast_icc,0.011237546736997759,0.11023444926293442,2026-09-01
CBSH,57.14,1.1,8195714560.0,143432178.0,30.23,Financial Services,"Commerce Bancshares, Inc.",4.30444,0.06355298250178909,forecast_icc,0.07751819315111674,0.5290514584417152,2026-09-01
CBT,80.65,1.85,4163267328.0,51621417.0,31.086,Basic Materials,Cabot Corporation,6.36062,0.0984620996066421,forecast_icc,0.0926922871555037,0.38544326905687476,2026-09-01
CBU,61.94,1.9,3259028992.0,52615905.0,39.407,Financial Services,"Community Financial System, Inc",4.585,0.13122573609596522,forecast_icc,0.1034390323638571,0.6362124956312754,2026-09-01
CBZ,54.41,0.0,2953070336.0,54274405.0,34.607,Industrials,"CBIZ, Inc.",3.9725,0.0692259282567651,forecast_icc,0.07088191104049549,0.6360411775288647,2026-09-01
CC,15.1,0.35,2272534784.0,150498995.0,-0.326,Basic Materials,Chemours Company (The),0.98509,0.75,forecast_icc,0.2693786952395504,,2026-09-01
CCAP,10.48,1.52,386145568.0,36845952.0,17.816,Financial Services,"Crescent Capital BDC, Inc.",1.48333,0.01,forecast_icc,0.14504719549662226,1.700000039446264,2026-09-01
CCAQ,10.55,0.0,213456176.0,14482813.0,-0.346,Financial Services,Collective Acquisition Corp.,0.2,0.01,trailing_eps_fallback_icc,0.019323342999411186,,2026-09-01
CCB,47.17,0.0,721056000.0,15286327.0,30.329,Financial Services,Coastal Financial Corporation,1.94333,0.75,forecast_icc,0.19462708959620467,0.6429722678723983,2026-09-01
CCBG,50.14,1.08,858060672.0,17113297.0,33.317,Financial Services,Capital City Bank Group,3.71333,0.01,forecast_icc,0.057233540888986564,0.6644794881695733,2026-09-01
CCC,7.24,0.0,4264321280.0,588994704.0,3.015,Technology,CCC Intelligent Solutions Holdi,0.45372,0.15476505333685964,forecast_icc,0.08619476729669995,0.4164365009007952,2026-09-01
CCEC,22.605,0.6,1361094400.0,60212098.0,25.663,Industrials,Capital Clean Energy Carriers C,1.9425,0.4646074646074647,forecast_icc,0.21387850479436954,1.1352798681516874,2026-09-01
CCEL,4.1646,0.6,33577712.0,8062650.0,-2.202,Healthcare,"Cryo-Cell International, Inc.",0.11,0.01,forecast_icc,0.02894241393419819,,2026-09-01
CCEP,107.6,2.41,47492337664.0,441378600.0,21.646158,Consumer Defensive,Coca-Cola Europacific Partners ,4.49858,0.09240026852918048,forecast_icc,0.06118449252162794,0.20117247083124756,2026-09-01
CCG,15.09,0.0,37806880.0,1974098.0,22.25721,Communication Services,Cheche Group Inc.,15.05002,0.5116272270734523,forecast_icc,0.4,1.1621671438262031,2026-09-01
CCI,75.84,4.25,32266536960.0,425455439.0,-7.676,Real Estate,Crown Castle Inc.,2.30515,0.2525779233455523,forecast_icc,0.09138495720484607,,2026-09-01
CCII,10.31,0.0,357688256.0,26020000.0,-0.276,Financial Services,Cohen Circle Acquisition Corp. ,0.32,0.04,trailing_eps_fallback_icc,0.03390071549895379,,2026-09-01
CCJ,96.26,0.17,41924407296.0,435532978.0,11.783216,Energy,Cameco Corporation,1.48147,0.75,forecast_icc,0.12509923247400645,0.12241029714895668,2026-09-01
CCK,116.66,1.31,12688002048.0,108760511.0,26.667,Consumer Cyclical,"Crown Holdings, Inc.",8.40305,0.07657576713217207,forecast_icc,0.07641910225692283,0.22858733280975274,2026-09-01
CCL,23.23,0.45,31816949760.0,1369649119.0,9.452,Consumer Cyclical,Carnival Corporation Ltd.,2.24382,0.1755934076708472,forecast_icc,0.1276400570153683,0.4068876360066264,2026-09-01
CCLD,2.26,0.0,96036120.0,42493859.0,0.409,Healthcare,"CareCloud, Inc.",0.36667,0.01,forecast_icc,0.08853276019365344,0.1809734538525713,2026-09-01
CCNE,33.42,0.76,989929920.0,29620885.0,29.046,Financial Services,CNB Financial Corporation,3.546,0.0496333897349126,forecast_icc,0.09148229620627746,0.8691203370335548,2026-09-01
CCS,64.86,1.25,1844139776.0,28432620.0,90.24,Real Estate,"Century Communities, Inc.",4.86,0.01,forecast_icc,0.05704697201844244,1.3913043155357872,2026-09-01
CCSI,36.13,0.0,662079424.0,18324922.0,2.266,Technology,"Consensus Cloud Solutions, Inc.",5.9,0.04364406779661012,forecast_icc,0.10601661806169649,0.06271796365627577,2026-09-01
CCU,11.46,0.35,2121696768.0,184751436.0,4007.12,Consumer Defensive,"Compania Cervecerias Unidas, S.",0.69,0.22608695652173916,forecast_icc,0.12043268281349895,348.92883157953696,2026-09-01
CDE,20.2,0.04,20764286976.0,1027934998.0,10.121,Basic Materials,"Coeur Mining, Inc.",1.2425,0.6581971830985915,forecast_icc,0.2111289872676988,0.5010396035646661,2026-09-01
CDLR,25.2,0.0,2431073792.0,96471183.0,21.294188,Industrials,Cadeler A/S,2.5,0.01,trailing_eps_fallback_icc,0.063524354988019,0.8450074671301478,2026-09-01
CDNA,48.97,0.0,2533424896.0,51734223.0,8.267,Healthcare,"CareDx, Inc.",1.21333,0.11676130978381805,forecast_icc,0.040110599141231496,0.16881764374237837,2026-09-01
CDNL,36.01,0.0,716457920.0,19896084.0,12.108,Industrials,Cardinal Infrastructure Group I,1.64,0.3963414634146343,forecast_icc,0.12409510152082215,0.33623996378182264,2026-09-01
CDNS,313.04,0.0,86341443584.0,275816000.0,24.902,Technology,"Cadence Design Systems, Inc.",4.80568,0.75,forecast_icc,0.12190960916186577,0.07954893672026563,2026-09-01
CDP,35.52,1.28,4114795008.0,113410458.0,13.538,Real Estate,COPT Defense Properties,1.44545,0.010066069390155308,forecast_icc,0.04059125839252331,0.37312934846546797,2026-09-01
CDRE,28.45,0.4,1218249984.0,42820734.0,8.099,Industrials,"Cadre Holdings, Inc.",1.42208,0.15433730873087304,forecast_icc,0.08113490121060823,0.2846748444250339,2026-09-01
CDRO,8.65,0.0,393314752.0,45469915.0,0.7312344,Consumer Cyclical,"Codere Online Luxembourg, S.A.",0.3625,0.6993103448275861,forecast_icc,0.18498340001496405,0.08453577152650506,2026-09-01
CDW,150.3,2.52,18790119424.0,125017426.0,19.49,Technology,CDW Corporation,10.92964,0.09220706262969336,forecast_icc,0.08382846261316235,0.12967398331847876,2026-09-01
CE,44.13,0.12,4843220480.0,109748926.0,37.969,Basic Materials,Celanese Corporation,5.97253,0.03432381252166161,forecast_icc,0.09154537926021766,0.8603896908063124,2026-09-01
CECO,70.55,0.0,4132101888.0,58569830.0,35.518,Industrials,CECO Environmental Corp.,2.28772,0.3488713653768818,forecast_icc,0.09372358162029493,0.5034443192171354,2026-09-01
CEE,19.8,0.39,129099840.0,6520194.0,20.183,Financial Services,The Central and Eastern Europe ,6.69,0.381,trailing_eps_fallback_icc,0.3191086034072016,1.0193434438183657,2026-09-01
CEG,280.31,1.71,99315900416.0,354307379.0,89.999,Utilities,Constellation Energy Corporatio,12.11777,0.10099878112887106,forecast_icc,0.0584892305026916,0.3210695333683335,2026-09-01
CELH,30.72,0.0,7773236224.0,253035047.0,4.735,Consumer Defensive,"Celsius Holdings, Inc.",1.44173,0.21109361669660753,forecast_icc,0.08446238893112812,0.1541341229082658,2026-09-01
CENT,42.12,0.0,2636400128.0,9650221.0,27.911,Consumer Defensive,Central Garden & Pet Company,2.97309,0.0499379433518663,forecast_icc,0.0636361586059474,0.10216481006444558,2026-09-01
CENTA,36.42,0.0,2279622400.0,51340003.0,27.911,Consumer Defensive,Central Garden & Pet Company,2.97309,0.0499379433518663,forecast_icc,0.07021592435679203,0.6285913069344291,2026-09-01
CENX,46.78,0.0,4630906368.0,98993295.0,14.174,Basic Materials,Century Aluminum Company,9.93154,0.21592824476365213,forecast_icc,0.19253670359333996,0.3029927301112731,2026-09-01
CEPF,10.39,0.0,593788544.0,45900000.0,-0.003,Financial Services,"Cantor Equity Partners IV, Inc.",0.37,0.04,trailing_eps_fallback_icc,0.03712240026066234,,2026-09-01
CEPL,5.6,0.0,184490368.0,32611589.0,-1.387,Industrials,"Capstone Energy Plus, Inc.",0.01,0.75,forecast_icc,0.03188473485985577,,2026-09-01
CEPS,10.36,0.0,152032992.0,11800000.0,0.008,Financial Services,"Cantor Equity Partners VI, Inc.",0.1,0.04,trailing_eps_fallback_icc,0.014092197350196536,0.0006209178597235,2026-09-01
CEPU,13.85,0.0,2077309440.0,149986238.0,13.178933,Utilities,Central Puerto S.A.,1.98613,0.01,forecast_icc,0.08165725559167447,0.9515474890077301,2026-09-01
CEPV,10.38,0.0,329980192.0,25540000.0,0.0,Financial Services,"Cantor Equity Partners V, Inc.",0.27,0.04,trailing_eps_fallback_icc,0.030047469702397973,,2026-09-01
CERT,8.1,0.0,1235564160.0,152538780.0,6.338,Healthcare,"Certara, Inc.",0.3421,0.142414498684595,forecast_icc,0.06441100225365892,0.782469109204333,2026-09-01
CET,54.06,2.76,1597433216.0,29549265.0,62.108,Financial Services,11017,7.46,0.01,trailing_eps_fallback_icc,0.0973915698307973,1.1488716600093534,2026-09-01
CETX,2.535,0.0,4363092.0,1721141.0,25.516,Technology,Cemtrex Inc.,0.55,0.04,forecast_icc,0.12355100769033267,10.065484238242053,2026-09-01
CEV,10.66,0.6,74977912.0,7033575.0,11.088,Financial Services,10525,1.04,0.04,trailing_eps_fallback_icc,0.09697935339580377,1.0401500591267465,2026-09-01
CEVA,26.23,0.0,738481280.0,28154072.0,12.092,Technology,"CEVA, Inc.",0.548,0.4522262773722625,forecast_icc,0.08934027651836562,0.4609988741000991,2026-09-01
CF,135.6,2.4,20521451520.0,151338130.0,37.917,Basic Materials,"CF Industries Holdings, Inc.",15.06302,0.01,forecast_icc,0.0740101999785695,0.2796238789257925,2026-09-01
CFBK,34.65,0.36,224955152.0,6415512.0,29.934,Financial Services,CF Bankshares Inc.,3.56,0.1797752808988764,forecast_icc,0.12819232042268525,0.8536898777406086,2026-09-01
CFFI,91.41,1.92,297237088.0,3251691.0,85.464,Financial Services,C&F Financial Corporation,8.97,0.109,trailing_eps_fallback_icc,0.10765809812624305,0.9349523691471503,2026-09-01
CFFN,8.55,0.34,1054808832.0,123369446.0,8.29,Financial Services,"Capitol Federal Financial, Inc.",0.685,0.13138686131386845,forecast_icc,0.11285337997361522,0.9695905801251387,2026-09-01
CFG,68.16,1.84,28707411968.0,421176788.0,56.951,Financial Services,"Citizens Financial Group, Inc.",5.30312,0.2303549608532336,forecast_icc,0.13521507856746096,0.8355486478588023,2026-09-01
CFR,158.32,4.12,9839395840.0,62148785.0,72.04,Financial Services,"Cullen/Frost Bankers, Inc.",10.98377,0.0660538230498271,forecast_icc,0.07703285047198472,0.4550277826204419,2026-09-01
CG,46.54,1.4,16583729152.0,356332798.0,14.834,Financial Services,The Carlyle Group Inc.,3.66224,0.3948921971252566,forecast_icc,0.1889348473039797,0.31873655660219985,2026-09-01
CGAU,21.78,0.2,4325400576.0,198595055.0,11.05,Basic Materials,Centerra Gold Inc.,1.63455,0.18136490165488972,forecast_icc,0.10797130288081846,0.5073461565447389,2026-09-01
CGEN,2.59,0.0,245335520.0,94724146.0,0.937,Healthcare,Compugen Ltd.,0.38,0.04,trailing_eps_fallback_icc,0.09780267674512089,0.36177608852562404,2026-09-01
CGNT,8.44,0.0,622077824.0,73705907.0,2.655,Technology,Cognyte Software Ltd.,0.45,0.703711111111111,forecast_icc,0.20668182825241077,0.3145734754322314,2026-09-01
CGNX,60.08,0.34,10106888192.0,168223842.0,9.687,Technology,Cognex Corporation,1.69166,0.19657614414244007,forecast_icc,0.06085243280909362,0.16123502372806303,2026-09-01
CHA,11.93,0.0,2275806464.0,125489219.0,6.0736585,Consumer Cyclical,Chagee Holdings Limited,9.86882,0.09049004845564124,forecast_icc,0.2856821598272893,0.3349048672170884,2026-09-01
CHAR,10.95,0.0,120066744.0,8840000.0,-0.279,Financial Services,Charlton Aria Acquisition Corpo,0.25,0.01,trailing_eps_fallback_icc,0.022281817712136706,,2026-09-01
CHCI,19.84,0.0,203993936.0,10061702.0,7.899,Real Estate,"Comstock Holding Companies, Inc",2.35,0.75,trailing_eps_fallback_icc,0.30015645010054437,0.38960660133544367,2026-09-01
CHCO,142.24,3.48,1997783680.0,14045160.0,57.568,Financial Services,City Holding Company,9.264,0.03411053540587217,forecast_icc,0.06283880228931926,0.4047243848142758,2026-09-01
CHCT,14.89,1.76,425433984.0,28571793.0,15.316,Real Estate,Community Healthcare Trust Inco,0.4,0.04,forecast_icc,0.03605342397386967,1.028609838531376,2026-09-01
CHD,99.43,1.23,23585183744.0,237203907.0,18.335,Consumer Defensive,"Church & Dwight Company, Inc.",3.77449,0.07026379722823473,forecast_icc,0.04866784115472082,0.18440109189106516,2026-09-01
CHDN,86.65,0.44,6039525888.0,69700243.0,19.157,Consumer Cyclical,"Churchill Downs, Incorporated",6.88917,0.06534604313727188,forecast_icc,0.07553650625187791,0.2210848301526479,2026-09-01
CHE,515.17,2.8,6733251584.0,13069961.0,63.811,Healthcare,Chemed Corp,25.5225,0.07846018219218331,forecast_icc,0.05833803876573451,0.12386397136159646,2026-09-01
CHEC,10.22,0.0,176547104.0,13058000.0,-0.284,Financial Services,Chenghe Acquisition III Co.,0.24,0.04,trailing_eps_fallback_icc,0.027963659653950645,,2026-09-01
CHEF,115.52,0.0,4712763392.0,40796083.0,15.894,Consumer Defensive,"The Chefs' Warehouse, Inc.",2.54059,0.21007325070160876,forecast_icc,0.05120777646988828,0.13758656848818096,2026-09-01
CHGA,2.5,0.0,2493350.0,997340.0,-0.532,Real Estate,Change Agents Corporation,43.6,0.04,trailing_eps_fallback_icc,0.4,,2026-09-01
CHH,98.12,1.15,4416246272.0,45008622.0,3.175,Consumer Cyclical,"Choice Hotels International, In",7.01537,0.07228984358629686,forecast_icc,0.07494516355653225,0.032358334668977445,2026-09-01
CHKP,134.47,0.0,13729472512.0,102100634.0,26.6,Technology,Check Point Software Technologi,10.43491,0.08307115250634656,forecast_icc,0.07787389087459318,0.19781363501228735,2026-09-01
CHMG,79.89,1.44,385187392.0,4821472.0,56.088,Financial Services,Chemung Financial Corp,7.565,0.05089226701916716,forecast_icc,0.08410794439485075,0.7020653509240511,2026-09-01
CHMI,2.93,0.4,109813776.0,36947394.0,3.264,Real Estate,Cherry Hill Mortgage Investment,0.555,0.01,forecast_icc,0.15945967428109797,1.09818911987873,2026-09-01
CHPG,10.48,0.0,104666752.0,8617125.0,-0.178,Financial Services,ChampionsGate Acquisition Corpo,0.36,0.04,trailing_eps_fallback_icc,0.036259041247001814,,2026-09-01
CHRD,150.41,5.2,8227107328.0,54697872.0,151.408,Energy,Chord Energy Corporation,19.17443,0.01,forecast_icc,0.08676177341406854,1.006635148126756,2026-09-01
CHRW,147.88,2.52,17279965184.0,116851258.0,13.898,Industrials,"C.H. Robinson Worldwide, Inc.",6.24327,0.20116861836825906,forecast_icc,0.08600186188756265,0.09398160044834498,2026-09-01
CHSN,1.05,0.0,2435041.0,2318379.0,144.209,Consumer Cyclical,Chanson International Holding,3.0,0.01,trailing_eps_fallback_icc,0.4,137.29999503540188,2026-09-01
CHT,43.24,1.61,33543198720.0,775744655.0,3.7325165,Communication Services,"Chunghwa Telecom Co., Ltd.",1.555,0.01,forecast_icc,0.03749172965398642,0.08632091854876944,2026-09-01
CHTR,146.19,0.0,19703121920.0,119277492.0,142.122,Communication Services,"Charter Communications, Inc.",41.91909,0.07972644444333121,forecast_icc,0.16436251726741735,0.8603690210543041,2026-09-01
CHWY,23.72,0.0,9711541248.0,232945978.0,1.035,Consumer Cyclical,"Chewy, Inc.",1.52941,0.1974486893638725,forecast_icc,0.09855480407339662,0.02482603750250786,2026-09-01
CHYM,31.66,0.0,11986004992.0,347019852.0,3.71,Technology,"Chime Financial, Inc.",0.43668,0.75,forecast_icc,0.11530531513237563,0.10741224050709958,2026-09-01
CI,283.06,6.24,74795909120.0,264240486.0,161.623,Healthcare,The Cigna Group,30.50562,0.09781377988711593,forecast_icc,0.1099190702002063,0.5709849719221917,2026-09-01
CIA,3.81,0.0,192950240.0,50643108.0,4.644,Financial Services,"Citizens, Inc.",0.12,0.6666666666666667,forecast_icc,0.15571320197749905,1.2188976471446733,2026-09-01
CIB,96.25,4.0,22730928128.0,109046803.0,44394.484,Financial Services,Grupo Cibest S.A.,10.98182,0.044020936420374523,forecast_icc,0.10085649570560429,212.97311415416445,2026-09-01
CIEN,360.33,0.0,51005763584.0,141552922.0,20.426,Technology,Ciena Corporation,6.55345,0.4754381280089113,forecast_icc,0.08610637536240578,0.0566869267629,2026-09-01
CIFR,14.61,0.0,6063598592.0,415030722.0,1.357,Technology,Cipher Digital Inc.,0.295,0.04,forecast_icc,0.025079068678349234,0.09288159188127207,2026-09-01
CIG,2.06,0.18,5893004800.0,1904080104.0,1.9639169,Utilities,Comp En De Mn Cemig,0.03,0.75,forecast_icc,0.14583309923753285,0.6345582978651837,2026-09-01
CIG-C,3.1705,0.18,9069792256.0,956601779.0,1.9639169,Utilities,Comp En De Mn Cemig,0.31,0.01,trailing_eps_fallback_icc,0.08166884360133675,0.20713665179104243,2026-09-01
CIGI,99.14,0.3,5066432512.0,49778127.0,30.206,Real Estate,Colliers International Group In,7.50467,0.135395693614776,forecast_icc,0.09263659326055251,0.29677649916399396,2026-09-01
CII,24.41,1.69,1000408512.0,40983552.0,22.624,Financial Services,BlackRock Enhanced Large Cap Co,5.08,0.75,trailing_eps_fallback_icc,0.4,0.9268332579401323,2026-09-01
CIK,2.42,0.24,132760136.0,54859559.0,2.844,Financial Services,106937,0.14,0.01,trailing_eps_fallback_icc,0.05947285002992535,1.175206583066471,2026-09-01
CIM,11.3,1.8,945943552.0,83711818.0,28.852,Real Estate,Chimera Investment Corporation,1.92333,0.08535716699682316,forecast_icc,0.2168813313341743,2.5532743130702156,2026-09-01
CINF,170.39,3.76,26151124992.0,153478045.0,108.677,Financial Services,Cincinnati Financial Corporatio,8.44114,0.06990524976484203,forecast_icc,0.06188848755673415,0.6378132298923089,2026-09-01
CINT,3.39,0.0,433881632.0,17378235.0,2.537,Technology,CI&T Inc,0.37251,0.19097473893318284,forecast_icc,0.13079955728206427,0.10161430893437776,2026-09-01
CION,7.42,1.2,365084064.0,49202704.0,13.572,Financial Services,CION Investment Corporation,1.13,0.013274336283185972,forecast_icc,0.1587856202202783,1.8291105105261454,2026-09-01
CISS,1.57,0.0,430811.0,274402.0,293.751,Industrials,C3is Inc.,296.96,0.04,trailing_eps_fallback_icc,0.4,187.10260857313298,2026-09-01
CIVB,26.97,0.72,560820608.0,20794238.0,27.257,Financial Services,"Civista Bancshares, Inc.",2.83667,0.024676821766367096,forecast_icc,0.08192356146349844,1.0106414369958387,2026-09-01
CIX,33.0,1.2,406660896.0,12323057.0,11.726,Industrials,CompX International Inc.,1.61,0.331,forecast_icc,0.1431101709667394,0.35533332022659,2026-09-01
CKX,11.35,0.0,23303014.0,2053129.0,10.532,Energy,"CKX Lands, Inc.",1.42,0.01,trailing_eps_fallback_icc,0.07453553380106037,0.9279295213915246,2026-09-01
CL,89.63,2.12,71450599424.0,797172829.0,0.296,Consumer Defensive,Colgate-Palmolive Company,3.87527,0.0600603312801431,forecast_icc,0.05446707602205547,0.003302465749569916,2026-09-01
CLAR,3.64,0.1,139368896.0,38288155.0,5.173,Consumer Cyclical,Clarus Corporation,0.30333,0.01,forecast_icc,0.06391433518970968,1.421153725828466,2026-09-01
CLB,12.39,0.04,568509504.0,45884542.0,5.943,Energy,Core Laboratories Inc.,0.45667,0.5401274443252237,forecast_icc,0.1444776564299931,0.4796609928019779,2026-09-01
CLBK,11.5,0.2,1196669696.0,104058235.0,11.496,Financial Services,"Columbia Financial, Inc.",0.50061,0.2657358023211682,forecast_icc,0.10370684695715265,0.9996521793428953,2026-09-01
CLBT,11.85,0.0,2971813376.0,250785933.0,2.146,Technology,Cellebrite DI Ltd.,0.54866,0.19055517077971773,forecast_icc,0.07919230248415621,0.1810970421508729,2026-09-01
CLDT,13.08,0.4,641969856.0,46681220.0,15.502,Real Estate,Chatham Lodging Trust (REIT),0.08,0.75,trailing_eps_fallback_icc,0.08394965103474139,1.127237152455956,2026-09-01
CLF,11.54,0.0,6584031744.0,570540047.0,9.822,Basic Materials,Cleveland-Cliffs Inc.,0.56516,0.04,forecast_icc,0.04658116033546811,0.8511265679635823,2026-09-01
CLFD,28.25,0.0,383746720.0,13583955.0,18.085,Technology,"Clearfield, Inc.",0.43,0.75,forecast_icc,0.1213747142113587,0.6401770057474367,2026-09-01
CLH,315.25,0.0,16641179648.0,52787248.0,55.472,Industrials,"Clean Harbors, Inc.",9.79275,0.014809935921983097,forecast_icc,0.029060718564356443,0.17596193797522786,2026-09-01
CLM,6.57,1.46,2050774528.0,312142253.0,6.439,Financial Services,Cornerstone Strategic Value Fd,1.14,0.129,trailing_eps_fallback_icc,0.253778974350643,0.9800609182654135,2026-09-01
CLMB,27.99,0.0,522311296.0,18660639.0,6.797,Technology,"Climb Global Solutions, Inc.",1.40333,0.24466091368388043,forecast_icc,0.09562938244011651,0.2428367225720502,2026-09-01
CLMT,51.52,0.0,4528517120.0,87898234.0,-12.945,Basic Materials,"Calumet, Inc",0.67588,0.01,forecast_icc,0.014382975462876223,,2026-09-01
CLOV,4.3,0.0,2283972096.0,435441337.0,0.711,Healthcare,"Clover Health Investments, Corp",0.14,0.0714285714285714,forecast_icc,0.04036729541572737,0.13555279031176046,2026-09-01
CLPR,3.25,0.38,138043616.0,16157566.0,-2.481,Real Estate,Clipper Realty Inc.,0.4,0.04,forecast_icc,0.142381784747048,,2026-09-01
CLS,292.59,0.0,36898852864.0,126111117.0,21.562,Technology,"Celestica, Inc.",11.23888,0.738996234500235,forecast_icc,0.1863624394889311,0.07369356209463543,2026-09-01
CLST,17.75,0.0,71599792.0,4033791.0,23.04,Financial Services,"Catalyst Bancorp, Inc.",0.56,0.01,trailing_eps_fallback_icc,0.02822581065856411,1.2980281372884435,2026-09-01
CLVT,2.04,0.0,1304001664.0,639216510.0,7.094,Technology,Clarivate Plc,0.714,0.013305322128851715,forecast_icc,0.14445503331760967,3.4774510241269145,2026-09-01
CLX,94.97,5.0,11484818432.0,120931005.0,0.744,Consumer Defensive,Clorox Company (The),5.80668,0.08295273719233709,forecast_icc,0.08876967488247942,0.007834052253652555,2026-09-01
CM,112.42,3.09,102070099968.0,907935437.0,50.52876,Financial Services,Canadian Imperial Bank of Comme,10.48286,0.0777659913420572,forecast_icc,0.0968233241543831,0.4494641604745266,2026-09-01
CMBT,18.27,0.8,5301401600.0,290169769.0,10.756,Energy,CMB.TECH NV,2.49,0.01,forecast_icc,0.09383957534391085,0.5887246941193816,2026-09-01
CMC,67.14,0.8,7427317760.0,110624335.0,40.94,Industrials,Commercial Metals Company,6.36408,0.15971357996756796,forecast_icc,0.11745402079011302,0.609770636082224,2026-09-01
CMCL,25.07,0.56,484730464.0,19335079.0,15.202,Basic Materials,Caledonia Mining Corporation Pl,3.85,0.325974025974026,forecast_icc,0.21589738345236975,0.6063820881660122,2026-09-01
CMCM,3.21,0.0,99634000.0,10224887.0,7.4791713,Communication Services,Cheetah Mobile Inc.,0.18,0.04,forecast_icc,0.05143505118171554,0.767546032440162,2026-09-01
CMCO,17.26,0.28,498196864.0,28864244.0,19.749,Industrials,Columbus McKinnon Corporation,2.01308,0.31307250581198964,forecast_icc,0.18336380620166592,1.1442062283956889,2026-09-01
CMCSA,26.3,1.32,93329145856.0,3539192198.0,25.311,Communication Services,Comcast Corporation,3.51572,0.03029535912985115,forecast_icc,0.10714850053810421,0.9598340679319417,2026-09-01
CMDB,20.45,0.13,496965504.0,24301490.0,28.095,Industrials,Costamare Bulkers Holdings Limi,1.49,0.04,trailing_eps_fallback_icc,0.06382924853053618,1.3738385381976128,2026-09-01
CME,286.45,5.2,103001481216.0,359576125.0,73.816,Financial Services,CME Group Inc.,12.26548,0.05419274255879092,forecast_icc,0.05074286755933184,0.2576901897880373,2026-09-01
CMG,37.51,0.0,47465828352.0,1265418000.0,1.735,Consumer Cyclical,"Chipotle Mexican Grill, Inc.",1.14919,0.1913782751329196,forecast_icc,0.060719427864229236,0.04625433298495235,2026-09-01
CMI,551.15,8.8,76052676608.0,137989067.0,93.321,Industrials,Cummins Inc.,28.56962,0.18068493735653468,forecast_icc,0.09068474440217769,0.16932050646791352,2026-09-01
CMP,24.43,0.0,1025592704.0,41980874.0,6.278,Basic Materials,Compass Minerals Intl Inc,0.89113,0.44136096865777175,forecast_icc,0.11949104418966783,0.2569791360099223,2026-09-01
CMPR,88.03,0.0,2143484288.0,24349476.0,-20.289,Industrials,Cimpress PLC,5.0,0.5349999999999999,forecast_icc,0.17226593044869032,,2026-09-01
CMRC,2.36,0.0,195547216.0,82858991.0,0.623,Technology,"Commerce.com, Inc. - Series 1",0.29732,0.04617920086102534,forecast_icc,0.0913968514413076,0.2639830545733773,2026-09-01
CMRE,15.37,0.5,1858119424.0,120892607.0,18.359,Industrials,Costamare Inc.,2.74,0.014598540145985162,forecast_icc,0.10852867137923561,1.1944697112821312,2026-09-01
CMS,67.96,2.28,20994177024.0,308919602.0,30.453,Utilities,CMS Energy Corporation,3.87168,0.07365019836350117,forecast_icc,0.07349612828217211,0.4481018059889443,2026-09-01
CMT,24.72,0.0,211684752.0,8563299.0,19.459,Basic Materials,Core Molding Technologies Inc,1.04,0.75,forecast_icc,0.19641965857493837,0.7871763727271202,2026-09-01
CMTV,40.22,1.0,225268288.0,5600902.0,21.581,Financial Services,Community Bancorp.,3.29,0.166,trailing_eps_fallback_icc,0.11712167686803948,0.5365738210875025,2026-09-01
CNA,48.68,1.92,13172853760.0,270600928.0,41.338,Financial Services,CNA Financial Corporation,4.3,0.11627906976744184,forecast_icc,0.11310378972545584,0.8491782696040496,2026-09-01
CNC,65.23,0.0,32223295488.0,493995000.0,45.673,Healthcare,Centene Corporation,4.88635,0.08721642944119834,forecast_icc,0.07731022680917493,0.7001839288412387,2026-09-01
CNF,2.2499,0.0,37929300.0,6858216.0,27.990705,Financial Services,CNFinance Holdings Limited,0.01015196,0.04,forecast_icc,0.010000000000000002,5.061161183630596,2026-09-01
CNH,12.5,0.1,20101984256.0,1237725958.0,6.266,Industrials,CNH Industrial N.V.,0.45185,0.5189332743166981,forecast_icc,0.14379808510425995,0.3858122041117969,2026-09-01
CNI,120.42,2.6,72842051584.0,604900000.0,26.021288,Industrials,Canadian National Railway Compa,8.13546,0.10572481457717209,forecast_icc,0.08626212836920943,0.21608777854161104,2026-09-01
CNK,34.78,0.36,4031414272.0,115911855.0,4.321,Communication Services,Cinemark Holdings Inc Cinemark ,2.34778,0.13425022787484342,forecast_icc,0.08937988410844777,0.12423806923879442,2026-09-01
CNM,42.07,0.0,8142228992.0,187192831.0,10.859,Industrials,"Core & Main, Inc.",2.91,0.10898281786941566,forecast_icc,0.07935913876256973,0.24965239295360264,2026-09-01
CNMD,49.12,0.8,1471205248.0,29951248.0,34.728,Healthcare,CONMED Corporation,4.53604,0.054124302254830337,forecast_icc,0.08334085852371198,0.7070032831639274,2026-09-01
CNO,54.54,0.72,5046115328.0,92521371.0,27.958,Financial Services,"CNO Financial Group, Inc.",4.67,0.07665952890792282,forecast_icc,0.08592339328455811,0.512614619817504,2026-09-01
CNOB,30.84,0.78,1551863680.0,50319832.0,30.187,Financial Services,"ConnectOne Bancorp, Inc.",3.278,0.11836485661989005,forecast_icc,0.1178257577705707,0.9788261611896221,2026-09-01
CNP,39.47,0.96,25999689728.0,658720288.0,17.793,Utilities,"CenterPoint Energy, Inc (Holdin",1.91192,0.09141595882672915,forecast_icc,0.06777449800426283,0.4507980751693991,2026-09-01
CNQ,51.81,1.78,106806321152.0,2061500000.0,16.272335,Energy,Canadian Natural Resources Limi,5.93426,0.01,forecast_icc,0.0811095844335038,0.3140770905755689,2026-09-01
CNR,101.24,0.4,5025174528.0,49636257.0,74.601,Energy,"Core Natural Resources, Inc.",5.08936,0.28732296398761337,forecast_icc,0.10814536049837764,0.7368727967207033,2026-09-01
CNS,77.49,2.68,3984654336.0,51421533.0,11.463,Financial Services,Cohen & Steers Inc,3.53333,0.12547370327707852,forecast_icc,0.0792979573231033,0.14792877451214878,2026-09-01
CNSY,2.71,0.0,20567884.0,7589625.0,0.747,Healthcare,"Cerenome, Inc.",2.93,0.04,trailing_eps_fallback_icc,0.28900961072801457,0.27564575310712564,2026-09-01
CNX,37.56,0.0,5556763136.0,147943637.0,32.501,Energy,CNX Resources Corporation,3.20112,0.21130104463437793,forecast_icc,0.11942535692801581,0.8653088189031997,2026-09-01
CNXC,32.28,1.44,1969672320.0,61018350.0,44.383,Technology,Concentrix Corporation,11.2,0.06160714285714297,forecast_icc,0.1920454291818673,1.3749380546963264,2026-09-01
CNXN,80.07,0.8,2020814720.0,25238099.0,37.747,Technology,"PC Connection, Inc.",4.175,0.06946107784431144,forecast_icc,0.0596080962326343,0.471424972079083,2026-09-01
COCO,58.06,0.0,3359592704.0,57864153.0,6.985,Consumer Defensive,"The Vita Coco Company, Inc.",2.03,0.15270935960591148,forecast_icc,0.058677628223127054,0.12030658008745337,2026-09-01
CODA,10.06,0.0,113484392.0,11280754.0,5.446,Industrials,"Coda Octopus Group, Inc.",0.475,0.2315789473684211,forecast_icc,0.0893730666463404,0.5413518564209252,2026-09-01
CODI,11.42,1.0,859194752.0,75235966.0,-0.07,Industrials,D/B/A Compass Diversified Holdi,0.036,0.75,forecast_icc,0.05211981636091975,,2026-09-01
COF,211.34,3.2,129657094144.0,613500000.0,167.859,Financial Services,Capital One Financial Corporati,20.39023,0.17767823119209547,forecast_icc,0.12589922974087758,0.794260408039274,2026-09-01
COFS,33.085,1.16,494803360.0,14955520.0,32.285,Financial Services,"ChoiceOne Financial Services, I",3.66667,0.019999072728115852,forecast_icc,0.08536919121684206,0.9758198958066896,2026-09-01
COHN,11.23,1.0,36261332.0,3228970.0,23.954,Financial Services,Cohen & Company Inc.,1.9,0.01,forecast_icc,0.1264947956190281,2.133036574056353,2026-09-01
COHR,272.03,0.0,53272244224.0,195832246.0,55.7,Technology,Coherent Corp.,9.41471,0.4816112232878125,forecast_icc,0.12445564435498352,0.20475683465360442,2026-09-01
COHU,44.16,0.0,2090465152.0,47338433.0,16.362,Technology,"Cohu, Inc.",0.95,0.75,forecast_icc,0.14430207592359412,0.37051631308226657,2026-09-01
COIN,176.82,0.0,46651645952.0,222803032.0,49.585,Financial Services,"Coinbase Global, Inc.",2.85598,0.04,forecast_icc,0.02122703419065275,0.23681240214090182,2026-09-01
COKE,193.16,1.0,12857560064.0,56517334.0,47.819,Consumer Defensive,"Coca-Cola Consolidated, Inc.",38.94,0.75,forecast_icc,0.37272710639696094,0.2101955877393131,2026-09-01
COLA,10.66,0.0,47910720.0,4494439.0,-0.108,Financial Services,Columbus Acquisition Corp,0.11,0.01,trailing_eps_fallback_icc,0.011761149512297675,,2026-09-01
COLB,29.32,1.48,8292194304.0,282817000.0,26.703,Financial Services,"Columbia Banking System, Inc.",3.02916,0.0830263175269712,forecast_icc,0.11554021990801833,0.9107435347187928,2026-09-01
COLL,24.0,0.0,743980608.0,30999193.0,9.598,Healthcare,"Collegium Pharmaceutical, Inc.",7.46575,0.01,forecast_icc,0.13234451651688672,0.3999166795675406,2026-09-01
COLM,56.81,1.2,2908285184.0,51193194.0,31.286,Consumer Cyclical,Columbia Sportswear Company,4.67302,0.01,forecast_icc,0.06141645312318855,0.5507129343076143,2026-09-01
COMP,10.33,0.0,7929768960.0,757522197.0,3.955,Real Estate,"Compass, Inc.",0.87267,0.01,forecast_icc,0.05666190564109963,0.3778168448850999,2026-09-01
CON,33.89,0.25,4321575936.0,127517736.0,3.741,Healthcare,Concentra Group Holdings Parent,1.64019,0.11587072229436846,forecast_icc,0.0672010170582652,0.11038654820388188,2026-09-01
COO,69.28,0.0,13511720960.0,195030630.0,42.272,Healthcare,"The Cooper Companies, Inc.",4.6265,0.07977520804063554,forecast_icc,0.0697141270333631,0.6101617118771523,2026-09-01
COOK,53.32,0.0,149201296.0,2798224.0,59.786,Consumer Cyclical,"Traeger, Inc.",0.42833,0.04,forecast_icc,0.01208233260434366,1.121267874670472,2026-09-01
COP,136.19,3.36,163610148864.0,1201337479.0,54.397,Energy,ConocoPhillips,10.43893,0.01,forecast_icc,0.059547888211314626,0.3994199339032697,2026-09-01
COPL,10.52,0.0,233348336.0,16431401.0,-0.22,Financial Services,Copley Acquisition Corp,0.28,0.207,trailing_eps_fallback_icc,0.057889105425201426,,2026-09-01
COR,330.97,2.4,63158067200.0,190827165.0,15.988,Healthcare,"Cencora, Inc.",17.85252,0.10841830733140223,forecast_icc,0.07014418277190676,0.04830649272972052,2026-09-01
CORT,113.38,0.0,12256196608.0,108098397.0,6.54,Healthcare,Corcept Therapeutics Incorporat,2.15,0.75,forecast_icc,0.13564376672765055,0.057682129211156986,2026-09-01
CORZ,16.07,0.0,5163940864.0,321340441.0,-7.57,Technology,"Core Scientific, Inc.",0.14,0.04,forecast_icc,0.012938053602506945,,2026-09-01
COSM,0.2279,0.0,22934438.0,100633773.0,0.256,Healthcare,Cosmos Health Inc.,0.07,0.04,forecast_icc,0.15041461483303886,1.1232996373401432,2026-09-01
COSO,27.19,0.2,325041408.0,11954446.0,22.47,Financial Services,"CoastalSouth Bancshares, Inc.",2.315,0.10151187904967607,forecast_icc,0.09109952390308262,0.8264067131409916,2026-09-01
COST,939.96,5.88,416852344832.0,443478804.0,37.278,Consumer Defensive,Costco Wholesale Corporation,20.59047,0.10271790784765966,forecast_icc,0.036668214463982246,0.03965913364880971,2026-09-01
COTY,2.84,0.0,2500524544.0,880466438.0,3.395,Consumer Defensive,Coty Inc.,0.32864,0.01,forecast_icc,0.07068115338124803,1.195422602102641,2026-09-01
COUR,6.18,0.0,1633991936.0,264400000.0,4.251,Consumer Defensive,"Coursera, Inc.",0.63252,0.3013501549358124,forecast_icc,0.15810598533843978,0.6878641046120806,2026-09-01
CP,88.97,0.76,78211678208.0,879079224.0,37.99341,Industrials,Canadian Pacific Kansas City Li,5.17556,0.15675984820966238,forecast_icc,0.08674580840862689,0.42703619389281366,2026-09-01
CPA,125.49,6.84,5122429440.0,29881298.0,70.194,Industrials,"Copa Holdings, S.A.",16.4786,0.1710897770441664,forecast_icc,0.168259417688584,0.4094712980198708,2026-09-01
CPAC,12.37,0.61,1059136320.0,84773690.0,4.6060085,Basic Materials,Cementos Pacasmayo S.A.A.,0.98,0.01,forecast_icc,0.06913507014475806,0.36866674227200985,2026-09-01
CPAY,404.81,0.0,26579662848.0,65659599.0,53.947,Technology,"Corpay, Inc.",27.35905,0.14201882009792,forecast_icc,0.08692811019625213,0.13326498562112235,2026-09-01
CPB,23.71,1.56,7070469632.0,298206243.0,13.517,Consumer Defensive,The Campbell's Company,2.16649,0.01,forecast_icc,0.08211319568460251,0.5700970368910001,2026-09-01
CPBI,21.05,0.0,81843304.0,3888043.0,23.169,Financial Services,"Central Plains Bancshares, Inc.",1.18,0.5,trailing_eps_fallback_icc,0.1628913948977907,1.1006650986011024,2026-09-01
CPF,36.89,1.2,949822720.0,25747432.0,23.108,Financial Services,Central Pacific Financial Corp ,3.2725,0.09243697478991608,forecast_icc,0.10152006306016148,0.6264028498454954,2026-09-01
CPHC,15.9,0.28,82415960.0,5183394.0,16.21,Consumer Cyclical,Canterbury Park Holding Corpora,0.02,0.04,trailing_eps_fallback_icc,0.010000000000000002,1.01949691224855,2026-09-01
CPIX,6.56,0.0,98289184.0,14983107.0,1.164,Healthcare,Cumberland Pharmaceuticals Inc.,0.14,0.04,forecast_icc,0.02611037477329614,0.17743902063527153,2026-09-01
CPK,132.3,2.94,3189284096.0,24106455.0,69.421,Utilities,Chesapeake Utilities Corporatio,6.43,0.1394245723172629,forecast_icc,0.0798929129267697,0.5247240954965086,2026-09-01
CPNG,15.8,0.0,28362014720.0,1637261211.0,1.667,Consumer Cyclical,"Coupang, Inc.",0.26913,0.04,forecast_icc,0.022100461712511454,0.09623133143684512,2026-09-01
CPRI,12.79,0.0,1453604224.0,113651618.0,1.215,Consumer Cyclical,Capri Holdings Limited,2.126,0.1896801505174035,forecast_icc,0.16185963149629135,0.09499608874967055,2026-09-01
CPRT,32.465,0.0,31273807872.0,963308388.0,9.477,Industrials,"Copart, Inc.",1.582,0.05917825537294563,forecast_icc,0.05126659826337454,0.2919143594678665,2026-09-01
CPS,25.25,0.0,448672512.0,17769208.0,-7.348,Consumer Cyclical,Cooper-Standard Holdings Inc.,2.27873,0.75,forecast_icc,0.26978464795102985,,2026-09-01
CPSH,3.67,0.0,70715208.0,19268448.0,1.736,Technology,CPS Technologies Corp.,0.01,0.75,forecast_icc,0.04233730209131639,0.4730244974744329,2026-09-01
CPSS,9.24,0.0,199165552.0,21554714.0,14.895,Financial Services,"Consumer Portfolio Services, In",1.45,0.35,forecast_icc,0.2100018909002394,1.612013030395939,2026-09-01
CPT,105.96,4.24,10653149184.0,100539350.0,37.077,Real Estate,Camden Property Trust,2.29518,0.01,forecast_icc,0.024426742822140426,0.34991507352104306,2026-09-01
CQP,70.32,3.27,34038937600.0,484057704.0,7.628,Energy,"Cheniere Energy Partners, LP",4.85568,0.01,forecast_icc,0.06235359455575559,0.10847554084978257,2026-09-01
CR,200.01,1.02,11560648704.0,57800356.0,37.676,Industrials,Crane Company,6.98602,0.11707238169945122,forecast_icc,0.053400894089355666,0.18837058961081637,2026-09-01
CRAI,172.48,2.28,1082632832.0,6276860.0,29.066,Industrials,"CRA International,Inc.",8.47,0.12908264462809926,forecast_icc,0.07353870952938346,0.1685180860652118,2026-09-01
CRAQ,10.36,0.0,403955040.0,23660000.0,-0.276,Financial Services,Cal Redwood Acquisition Corp.,0.3,0.541,trailing_eps_fallback_icc,0.1248131801093525,,2026-09-01
CRBG,32.17,1.0,14340500480.0,445772522.0,22.788,Financial Services,Corebridge Financial Inc.,4.53586,0.2721865313303322,forecast_icc,0.19584303319377244,0.7083619044888453,2026-09-01
CRC,53.88,1.62,4785615872.0,88819893.0,38.302,Energy,California Resources Corporatio,3.5281,0.15817862305490227,forecast_icc,0.10467561064765465,0.7108760152670273,2026-09-01
CRCL,89.48,0.0,24391723008.0,234685190.0,13.883,Financial Services,"Circle Internet Group, Inc.",1.05937,0.31449823951971445,forecast_icc,0.044795691599530604,0.13357541374594148,2026-09-01
CRCT,5.85,0.2,1225249792.0,54662100.0,1.759,Technology,"Cricut, Inc.",0.35,0.01,forecast_icc,0.05281282738344317,0.07847431154675111,2026-09-01
CRD-A,12.85,0.32,611553856.0,28686832.0,3.841,Financial Services,Crawford & Company,1.05,0.07619047619047614,forecast_icc,0.08807951292414173,0.18017402822491566,2026-09-01
CRD-B,11.99,0.31,570624896.0,18904905.0,3.841,Financial Services,Crawford & Company,1.055,0.07109004739336489,forecast_icc,0.09061117878836178,0.12725301790022145,2026-09-01
CRDO,206.63,0.0,38832943104.0,187934666.0,11.129,Technology,Credo Technology Group Holding ,6.16761,0.4814685104927192,forecast_icc,0.11505159823653,0.05385955147186776,2026-09-01
CRE,3.08,0.0,6203073.0,1638985.0,3.2581377,Industrials,Cre8 Enterprise Limited,0.35,0.04,trailing_eps_fallback_icc,0.08328431385758595,0.8608698975869701,2026-09-01
CRESY,11.67,0.63,827697088.0,70925196.0,12.291782,Industrials,Cresud S.A.C.I.F. y A.,0.107,0.01,forecast_icc,0.011347936552371558,1.0532803125426387,2026-09-01
CREX,2.86,0.0,38685804.0,13526506.0,1.463,Technology,"Creative Realities, Inc.",0.21,0.04,forecast_icc,0.062248170150814006,0.511538503322821,2026-09-01
CRF,6.34,1.41,1079471744.0,170263672.0,6.521,Financial Services,33138,1.11,0.173,trailing_eps_fallback_icc,0.27984852600148213,1.0285488353755372,2026-09-01
CRGY,14.07,0.48,4648780288.0,330403696.0,15.596,Energy,Crescent Energy Company,2.29209,0.01,forecast_icc,0.10045210173560859,1.108457643420467,2026-09-01
CRH,91.2,1.56,60673941504.0,665284511.0,36.094,Basic Materials,CRH PLC,5.85526,0.13679153444936687,forecast_icc,0.09059866287395779,0.3957675823392969,2026-09-01
CRI,32.0,1.0,1174757888.0,36711185.0,27.983,Consumer Cyclical,"Carter's, Inc.",3.26081,0.1149223659152172,forecast_icc,0.11696348021939912,0.8744687738202274,2026-09-01
CRIS,1.42,0.0,3443610.0,2425078.0,2.409,Healthcare,"Curis, Inc.",3.65,0.04,trailing_eps_fallback_icc,0.4,1.6964792476499952,2026-09-01
CRK,16.02,0.0,4703801344.0,293620548.0,8.784,Energy,"Comstock Resources, Inc.",0.41313,0.75,forecast_icc,0.15735765762759008,0.5483145875031239,2026-09-01
CRL,282.34,0.0,13478592512.0,47738872.0,59.496,Healthcare,Charles River Laboratories Inte,11.31818,0.12084981861041277,forecast_icc,0.057665324462886525,0.21072466772649326,2026-09-01
CRM,258.11,1.76,212424523776.0,823000000.0,46.632,Technology,"Salesforce, Inc.",16.14637,0.01,forecast_icc,0.04699598212544365,0.1806671627070208,2026-09-01
CRMD,8.38,0.0,653173440.0,77944324.0,5.933,Healthcare,CorMedix Inc.,0.488,0.01,forecast_icc,0.04298494517227536,0.7079952214407248,2026-09-01
CRNC,8.42,0.0,380838752.0,45230257.0,3.681,Technology,Cerence Inc.,0.7325,0.07167235494880542,forecast_icc,0.08022782517639779,0.4371734103807797,2026-09-01
CRNT,2.05,0.0,187125040.0,91280512.0,1.89,Technology,Ceragon Networks Ltd.,0.104,0.7115384615384615,forecast_icc,0.20408008703549274,0.9219512668106843,2026-09-01
CRON,3.38,0.0,1245235584.0,368412864.0,2.883,Healthcare,Cronos Group Inc. Common Share,0.22075,0.01,forecast_icc,0.04688718402141581,0.8529585088631711,2026-09-01
CROX,115.28,0.0,5527108096.0,47945075.0,28.766,Consumer Cyclical,"Crocs, Inc.",13.95039,0.07165892853174705,forecast_icc,0.09851144815151669,0.24953158206696305,2026-09-01
CRS,473.06,0.8,23444176896.0,49558566.0,44.905,Industrials,Carpenter Technology Corporatio,13.37656,0.18717816837811818,forecast_icc,0.05747995009317719,0.09492452714813367,2026-09-01
CRSR,11.62,0.0,1257016320.0,108176959.0,6.146,Technology,"Corsair Gaming, Inc.",0.89898,0.01,forecast_icc,0.05315682556570189,0.5289156389107184,2026-09-01
CRT,10.53,0.62,63180000.0,6000000.0,0.349,Energy,Cross Timbers Royalty Trust,0.53,0.01,trailing_eps_fallback_icc,0.05175458677759048,0.033143399810066476,2026-09-01
CRTO,17.41,0.0,853047488.0,48997559.0,23.224,Communication Services,Criteo S.A.,3.47106,0.055746659521875186,forecast_icc,0.12482617815991881,1.3339460302308517,2026-09-01
CRUS,109.07,0.0,5466322432.0,50117561.0,43.396,Technology,"Cirrus Logic, Inc.",8.4312,0.05562671980263767,forecast_icc,0.06946819654352449,0.39787292173327843,2026-09-01
CRVL,69.74,0.0,3523025664.0,50516571.0,8.081,Financial Services,CorVel Corp.,2.25,0.212,trailing_eps_fallback_icc,0.06680291160077967,0.11587324339485708,2026-09-01
CRWD,215.07,0.0,220217671680.0,1023934842.0,4.551,Technology,"CrowdStrike Holdings, Inc.",1.30869,0.2656778916320901,forecast_icc,0.024674581564176956,0.02116055187756856,2026-09-01
CSAI,5.13,0.0,4450131.0,867282.0,4.222,Technology,"Cloudastructure, Inc.",92.1,0.04,trailing_eps_fallback_icc,0.4,0.8228217560336989,2026-09-01
CSAN,2.99,0.0,2948413952.0,986091616.0,0.98048663,Energy,Cosan S.A.,0.24892752,0.04,forecast_icc,0.06783557531686213,0.3279219475905852,2026-09-01
CSBR,5.0,0.0,69592856.0,13918571.0,0.284,Healthcare,"Champions Oncology, Inc.",0.1,0.04,forecast_icc,0.024904552894872173,0.05679999918382427,2026-09-01
CSCO,109.74,1.68,432533012480.0,3941434665.0,12.734,Technology,"Cisco Systems, Inc.",5.1456,0.08786147388059695,forecast_icc,0.06194064689352523,0.11603791520174604,2026-09-01
CSGP,31.98,0.0,12958219264.0,405197588.0,19.595,Real Estate,"CoStar Group, Inc.",1.3624,0.2714988256018791,forecast_icc,0.09260913726708594,0.6127266852875503,2026-09-01
CSHR,5.675,0.63,747852736.0,131780209.0,7.278,Financial Services,CoinShares PLC,0.38,0.1578947368421053,forecast_icc,0.12904683047480614,1.282466874737756,2026-09-01
CSL,334.85,5.0,13298277376.0,39714133.0,40.728,Industrials,Carlisle Companies Incorporated,21.22494,0.13452570419515908,forecast_icc,0.08826250606923891,0.12163058139719164,2026-09-01
CSR,52.39,3.08,927049024.0,16794151.0,40.509,Real Estate,D/B/A Centerspace,0.62,0.01,forecast_icc,0.014321538605184293,0.7338492843923213,2026-09-01
CSTM,26.91,0.0,3647051264.0,135527728.0,9.194,Basic Materials,Constellium SE,3.6595,0.01,forecast_icc,0.07882876535177463,0.3416573667421858,2026-09-01
CSV,33.11,0.45,525862816.0,15882296.0,17.59,Consumer Cyclical,"Carriage Services, Inc.",3.382,0.07569485511531626,forecast_icc,0.09537190683883623,0.531259442842979,2026-09-01
CSW,300.82,1.2,4901406720.0,16293487.0,65.862,Industrials,"CSW Industrials, Inc.",12.58959,0.0853776810841338,forecast_icc,0.05297192998002942,0.21894156149400307,2026-09-01
CSWC,24.96,3.04,1590797312.0,63733867.0,16.607,Financial Services,Capital Southwest Corporation,2.23833,0.04274168688263136,forecast_icc,0.11070751866862094,0.6653445547618576,2026-09-01
CSX,48.7,0.56,90215530496.0,1852474917.0,7.602,Industrials,CSX Corporation,2.00572,0.1325160042279081,forecast_icc,0.06583807267566166,0.15609855910184328,2026-09-01
CTAS,200.59,2.08,80270008320.0,400169561.0,12.845,Industrials,Cintas Corporation,5.48926,0.11060689418974512,forecast_icc,0.045444196374730156,0.06403609665210759,2026-09-01
CTBI,75.71,2.6,1375495808.0,18167954.0,49.099,Financial Services,"Community Trust Bancorp, Inc.",6.38667,0.013568886446301498,forecast_icc,0.06862106397165338,0.6485140618080313,2026-09-01
CTEV,39.35,0.0,666882688.0,16947463.0,-17.393,Healthcare,Claritev Corporation,5.81,0.26161790017211706,forecast_icc,0.17598447571238374,,2026-09-01
CTGO,18.8,0.0,628684992.0,33440691.0,9.988,Basic Materials,Contango Silver & Gold Inc.,0.25667,0.75,forecast_icc,0.11468778573817506,0.5312765947306087,2026-09-01
CTKB,4.62,0.0,600522624.0,129983253.0,2.477,Healthcare,"Cytek Biosciences, Inc.",0.07,0.04,forecast_icc,0.02021165743005693,0.5361471904861989,2026-09-01
CTM,0.57,0.0,54025332.0,94781286.0,0.379,Technology,"Castellum, Inc.",0.01,0.04,forecast_icc,0.02259726314353505,0.6649122932553195,2026-09-01
CTO,21.5,1.52,805937280.0,37485454.0,17.692,Real Estate,"CTO Realty Growth, Inc.",0.705,0.01,forecast_icc,0.03471946899403011,0.8228837015307195,2026-09-01
CTOS,8.87,0.0,2017974016.0,227505535.0,3.587,Industrials,"Custom Truck One Source, Inc.",0.13,0.75,forecast_icc,0.11902088877337824,0.40439685921357277,2026-09-01
CTRE,39.93,1.56,9435187200.0,236293199.0,19.027,Real Estate,"CareTrust REIT, Inc.",1.815,0.01,forecast_icc,0.04483152775562363,0.4765089024808114,2026-09-01
CTRI,20.49,0.0,2068733056.0,100963053.0,8.607,Utilities,"Centuri Holdings, Inc.",0.709,0.3319746121297604,forecast_icc,0.09388903236108093,0.42005854484252986,2026-09-01
CTRM,2.34,0.0,22609908.0,9662354.0,58.514,Industrials,Castor Maritime Inc.,3.37,0.04,trailing_eps_fallback_icc,0.3327840041544118,25.005983304133743,2026-09-01
CTRN,67.87,0.0,565346816.0,8329848.0,15.232,Consumer Cyclical,"Citi Trends, Inc.",1.93,0.45336787564766845,forecast_icc,0.1066664530814532,0.22442904274886727,2026-09-01
CTS,56.24,0.16,1606000512.0,28556195.0,20.052,Technology,CTS Corporation,2.72,0.09558823529411753,forecast_icc,0.06063681782305637,0.35654336213561555,2026-09-01
CTSH,63.39,1.32,29983469568.0,473000000.0,31.996,Technology,Cognizant Technology Solutions ,5.73621,0.10086625140990302,forecast_icc,0.10012340818602328,0.5047483902980977,2026-09-01
CTVA,87.73,0.72,58533109760.0,667196000.0,37.719,Basic Materials,"Corteva, Inc.",3.76397,0.01,forecast_icc,0.03624339144105038,0.42994411243801306,2026-09-01
CTW,2.54,0.0,158496000.0,50400000.0,0.599,Communication Services,CTW,0.09,0.6666666666666667,forecast_icc,0.16459883006982035,0.19047546941247728,2026-09-01
CUB,10.87,0.0,284389984.0,21496164.0,-0.395,Financial Services,Lionheart Holdings,0.06,0.04,trailing_eps_fallback_icc,0.010000000000000002,,2026-09-01
CUBE,39.73,2.12,9007442944.0,225521694.0,11.437,Real Estate,CubeSmart,1.47959,0.044221710068329756,forecast_icc,0.049440503719825224,0.2863511465255638,2026-09-01
CUBI,76.42,0.0,2584913152.0,33825088.0,65.31,Financial Services,"Customers Bancorp, Inc",8.41838,0.13960049320653134,forecast_icc,0.11512480874534659,0.8546192337528871,2026-09-01
CULP,3.3,0.0,41975740.0,12719922.0,3.802,Consumer Cyclical,"Culp, Inc.",0.34,0.75,forecast_icc,0.28427652233792544,1.152121283484222,2026-09-01
CURB,29.59,0.68,3374374144.0,114037648.0,18.294,Real Estate,Curbline Properties Corp.,0.195,0.01,forecast_icc,0.010000000000000002,0.6182493829919532,2026-09-01
CURI,2.79,0.34,165553088.0,59338028.0,0.701,Communication Services,CuriosityStream Inc.,0.2,0.5499999999999998,forecast_icc,0.27968927883766403,0.2512544956455297,2026-09-01
CURV,2.18,0.0,216954448.0,99520381.0,-2.13,Consumer Cyclical,Torrid Holdings Inc.,0.03714,0.01,forecast_icc,0.017767975882052582,,2026-09-01
CUVL,6.24,0.04,314670048.0,50427898.0,3.8769815,Healthcare,Clinuvel Pharmaceuticals Limite,0.48,0.053,trailing_eps_fallback_icc,0.07051290107399677,0.6213112079542028,2026-09-01
CUZ,28.57,1.28,4703394816.0,164602058.0,27.239,Real Estate,Cousins Properties Incorporated,0.17883,0.75,forecast_icc,0.08528057769428321,0.9532679337506844,2026-09-01
CVBF,21.87,0.8,3849064192.0,175997435.0,17.984,Financial Services,CVB Financial Corporation,1.74,0.14559195402298863,forecast_icc,0.11544525239186668,0.822313610050596,2026-09-01
CVCO,552.85,0.0,4251085824.0,7689402.0,144.032,Consumer Cyclical,"Cavco Industries, Inc.",22.5993,0.2755386228776997,forecast_icc,0.09123556163255278,0.26052636778381827,2026-09-01
CVE,33.13,0.62,61099839488.0,1844245000.0,13.323279,Energy,Cenovus Energy Inc,3.24483,0.01,forecast_icc,0.0683649104203633,0.40215147675111024,2026-09-01
CVEO,33.19,0.0,343080352.0,10336859.0,14.495,Consumer Cyclical,Civeo Corporation (Canada),0.26,0.04,forecast_icc,0.011826945005316704,0.4367279278208272,2026-09-01
CVGI,3.09,0.0,125554976.0,40632682.0,3.887,Consumer Cyclical,"Commercial Vehicle Group, Inc.",0.15333,0.04,forecast_icc,0.047035707091026,1.2579289166046275,2026-09-01
CVI,42.87,0.4,4309746688.0,100530599.0,5.222,Energy,CVR Energy Inc.,0.11654,0.75,forecast_icc,0.0465260658026536,0.12181012620526435,2026-09-01
CVLG,34.19,0.28,867666176.0,20677778.0,16.29,Industrials,"Covenant Logistics Group, Inc.",1.718,0.5890570430733411,forecast_icc,0.18466758223131408,0.3882149759171896,2026-09-01
CVLT,129.2,0.0,5354637312.0,41444564.0,1.256,Technology,"Commvault Systems, Inc.",5.45222,0.13735505904017087,forecast_icc,0.06328900243120728,0.00972136287687378,2026-09-01
CVNA,72.18,0.0,80008912896.0,719916415.0,5.602,Consumer Cyclical,Carvana Co.,1.54654,0.45046361555472214,forecast_icc,0.0903590142013303,0.050406531108256394,2026-09-01
CVS,97.6,2.66,124827508736.0,1278970369.0,62.365,Healthcare,CVS Health Corporation,7.94776,0.07038083686472674,forecast_icc,0.08690023951248815,0.6389856520438713,2026-09-01
CVSA,133.58,0.0,4546905600.0,34038820.0,42.494,Consumer Defensive,Covista Inc.,9.045,0.10613598673300184,forecast_icc,0.07752837938192736,0.31811648279656385,2026-09-01
CVU,5.09,0.0,67441152.0,13249734.0,2.125,Industrials,"CPI Aerostructures, Inc.",0.39,0.04,forecast_icc,0.06410214114106444,0.4174852284551723,2026-09-01
CVV,6.56,0.0,45599892.0,6951203.0,5.189,Industrials,CVD Equipment Corporation,0.41,0.04,forecast_icc,0.055597728195720175,0.7910060920100425,2026-09-01
CVX,211.05,7.12,413996384256.0,1961603274.0,96.8,Energy,Chevron Corporation,15.9365,0.01,forecast_icc,0.06174866311474336,0.4586590708139694,2026-09-01
CW,577.99,1.04,21347739648.0,36934444.0,75.001,Industrials,Curtiss-Wright Corporation,15.29155,0.12021475913167712,forecast_icc,0.043282992351719396,0.12976175839316664,2026-09-01
CWBC,25.73,0.48,698163136.0,27134206.0,22.403,Financial Services,Community West Bancshares,2.36,0.28050847457627115,forecast_icc,0.15626572434198993,0.8706956664896154,2026-09-01
CWCO,28.92,0.56,463092064.0,16012865.0,14.101,Utilities,Consolidated Water Co. Ltd.,0.92,0.4782608695652175,forecast_icc,0.13898998923170336,0.48758643673280483,2026-09-01
CWEN,31.52,1.86,7773966848.0,121174960.0,15.276,Utilities,"Clearway Energy, Inc.",0.77,0.75,forecast_icc,0.19654921629706823,0.23811121466722263,2026-09-01
CWH,6.49,0.0,414243392.0,63827952.0,3.849,Consumer Cyclical,"Camping World Holdings, Inc.",0.34902,0.75,forecast_icc,0.21825679727883085,0.5930662793722972,2026-09-01
CWK,13.39,0.0,3142816768.0,234713708.0,8.621,Real Estate,Cushman & Wakefield Ltd.,1.46992,0.17077800152389244,forecast_icc,0.12456078215064015,0.6438386409512755,2026-09-01
CWST,92.65,0.0,5896250368.0,62651846.0,24.828,Industrials,"Casella Waste Systems, Inc.",1.25771,0.16655667840758204,forecast_icc,0.03189547350120202,0.26381512578402094,2026-09-01
CX,10.45,0.1,15078852608.0,1442952453.0,8.59,Basic Materials,"Cemex, S.A.B. de C.V. Sponsored",0.8275,0.1117824773413898,forecast_icc,0.09116553470363387,0.8220095980442121,2026-09-01
CXDO,5.91,0.0,191574848.0,32415373.0,2.349,Communication Services,"Crexendo, Inc.",0.41167,0.06072825321252462,forecast_icc,0.06625108605891863,0.3974619422743846,2026-09-01
CXM,7.6,0.0,1780138624.0,133099276.0,2.088,Technology,"Sprinklr, Inc.",0.49023,0.1097444056871264,forecast_icc,0.07609590042944875,0.15611777899831691,2026-09-01
CXT,49.16,0.72,2829713664.0,57561304.0,22.001,Industrials,"Crane NXT, Co.",4.30136,0.092538173972883,forecast_icc,0.09282046069900585,0.4475386557358759,2026-09-01
CXW,32.72,0.0,3235794944.0,98893489.0,14.546,Industrials,"CoreCivic, Inc.",1.68667,0.34980168023383373,forecast_icc,0.12158404496237141,0.44455990440969056,2026-09-01
CYCU,3.12,0.0,80621848.0,25840335.0,15.329,Technology,"Cycurion, Inc.",18.0,0.04,trailing_eps_fallback_icc,0.4,4.913140855007442,2026-09-01
CYD,36.73,0.87,1378048000.0,37518322.0,37.984203,Consumer Cyclical,China Yuchai International Limi,22.98817,0.16773279473746716,forecast_icc,0.3030875828498544,1.0341465312292215,2026-09-01
CYH,2.93,0.0,413157440.0,141009357.0,-10.256,Healthcare,"Community Health Systems, Inc.",1.85,0.01,trailing_eps_fallback_icc,0.19743691863011337,,2026-09-01
CYPH,1.71,0.0,182054272.0,106464482.0,1.293,Financial Services,Cypherpunk Technologies Inc.,0.64,0.04,trailing_eps_fallback_icc,0.16755945386175347,0.756140318563906,2026-09-01
CZFS,79.9,2.04,384307424.0,4809855.0,73.365,Financial Services,"Citizens Financial Services, In",8.72,0.010321100917431103,forecast_icc,0.07587543530959218,0.918210240130568,2026-09-01
CZNC,25.32,1.12,454110848.0,17934867.0,19.292,Financial Services,Citizens & Northern Corp,2.17,0.26728110599078336,forecast_icc,0.16596507614987882,0.7619273040665173,2026-09-01
CZR,29.67,0.0,6046074368.0,203777357.0,16.544,Consumer Cyclical,"Caesars Entertainment, Inc.",0.72333,0.04,forecast_icc,0.028714259612466396,0.5576002524962658,2026-09-01
CZWI,20.7,0.32,199759792.0,9650231.0,12.616,Financial Services,"Citizens Community Bancorp, Inc",1.43,0.5174825174825175,forecast_icc,0.19990684710603157,0.6094685676084405,2026-09-01
D,66.38,2.67,58382929920.0,879525949.0,31.74,Utilities,"Dominion Energy, Inc.",3.58485,0.06431510383977024,forecast_icc,0.07099876337028588,0.478156092191887,2026-09-01
DAAQ,10.43,0.0,239890000.0,17250000.0,-0.28,Financial Services,Digital Asset Acquisition Corp.,0.26,0.01,trailing_eps_fallback_icc,0.023794697019110286,,2026-09-01
DAC,151.09,3.6,2750376960.0,18203567.0,222.858,Industrials,Danaos Corporation,27.6,0.01,forecast_icc,0.10365866877175042,1.4750016428606207,2026-09-01
DAIO,2.83,0.0,29419624.0,10395627.0,1.14,Technology,Data I/O Corporation,0.15,0.04,forecast_icc,0.04937043995509105,0.4028268607375811,2026-09-01
DAKT,19.36,0.0,935200768.0,48305826.0,6.234,Technology,"Daktronics, Inc.",1.175,0.24255319148936172,forecast_icc,0.10622867293065708,0.3220041402746153,2026-09-01
DAL,76.38,0.78,50229248000.0,657623030.0,33.353,Industrials,"Delta Air Lines, Inc.",6.47742,0.3365336816201512,forecast_icc,0.16083778037149765,0.4366718952190963,2026-09-01
DAN,29.37,0.48,3159527168.0,107576679.0,17.848,Consumer Cyclical,Dana Incorporated,1.9212,0.75,forecast_icc,0.25969551166476,0.607694906452534,2026-09-01
DAO,16.39,0.0,1977201536.0,32646271.0,-2.30745,Consumer Defensive,"Youdao, Inc.",1.97644,0.4746210358017444,forecast_icc,0.2228653469302816,,2026-09-01
DAR,67.7,0.0,10683256832.0,157802916.0,33.242,Consumer Defensive,Darling Ingredients Inc.,6.41998,0.01,forecast_icc,0.06153628772350209,0.4910192290762293,2026-09-01
DASH,225.66,0.0,97778016256.0,409082893.0,22.899,Consumer Cyclical,"DoorDash, Inc.",2.61208,0.7089867079109369,forecast_icc,0.0988294241565727,0.09580465554016773,2026-09-01
DAVA,3.1,0.0,163812416.0,39397924.0,4.493445,Technology,Endava plc,0.46407,0.37196974594349985,forecast_icc,0.21250243642133937,1.0807019939696147,2026-09-01
DAVE,340.64,0.0,4345036288.0,11441425.0,16.298,Technology,Dave Inc.,17.3259,0.26874159495322014,forecast_icc,0.101994611967961,0.04291617659557737,2026-09-01
DB,39.58,1.16,74370826240.0,1879000000.0,48.613758,Financial Services,Deutsche Bank AG,3.82958,0.24868523441212864,forecast_icc,0.15746665544101013,1.2282403719332404,2026-09-01
DBD,66.65,0.0,2262540032.0,33946588.0,28.502,Technology,Diebold Nixdorf Incorporated,5.37333,0.3064524233575827,forecast_icc,0.141504037459394,0.4276369202275401,2026-09-01
DBI,5.22,0.2,265056352.0,43044346.0,5.535,Consumer Cyclical,Designer Brands Inc.,0.38895,0.4977760637614088,forecast_icc,0.22498394896836482,0.8988671779124162,2026-09-01
DBL,14.1,1.32,278783840.0,19771903.0,,Financial Services,DoubleLine Opportunistic Credit,0.67,0.04,trailing_eps_fallback_icc,0.0606313322663575,,2026-09-01
DBRG,15.91,0.04,2983049984.0,187495281.0,8.308,Financial Services,"DigitalBridge Group, Inc.",0.35569,0.75,forecast_icc,0.15116179512775518,0.5221872925036445,2026-09-01
DBX,34.26,0.0,7449584128.0,142295014.0,-9.96,Technology,"Dropbox, Inc.",3.04535,0.07717339550462188,forecast_icc,0.08306246281028906,,2026-09-01
DCBO,25.395,0.0,631983424.0,24886137.0,-0.012,Technology,Docebo Inc.,1.7425,0.19225251076040184,forecast_icc,0.10084141220732518,,2026-09-01
DCGO,0.3855,0.0,38136888.0,98928369.0,1.204,Healthcare,DocGo Inc.,0.03879135,0.04,forecast_icc,0.07696551563472631,3.1232164584588022,2026-09-01
DCH,6.08,0.0,1444636032.0,237604602.0,6.357,Consumer Cyclical,Dauch Corporation,0.96819,0.17669052561997134,forecast_icc,0.15391471005385504,1.0455591730069764,2026-09-01
DCI,89.76,1.24,10404176896.0,115911056.0,15.21,Industrials,"Donaldson Company, Inc.",4.33,0.12438106235565827,forecast_icc,0.07180367044363967,0.16945186336055162,2026-09-01
DCO,168.75,0.0,2548087808.0,15099779.0,45.727,Industrials,Ducommun Incorporated,5.36269,0.56,forecast_icc,0.13476466914732066,0.27097480399427426,2026-09-01
DCOM,39.45,1.0,1741977728.0,44156595.0,31.792,,"Dime Commercial Bancshares, Inc",3.38,0.28816568047337277,forecast_icc,0.15847214505619156,0.8058808362904626,2026-09-01
DCOY,3.06,0.0,2004866.0,655185.0,8.122,Healthcare,Decoy Therapeutics Inc.,115.98,0.04,trailing_eps_fallback_icc,0.4,2.6542484984033847,2026-09-01
DCTH,16.4,0.0,569060224.0,34698795.0,3.498,Healthcare,"Delcath Systems, Inc.",0.045,0.01,forecast_icc,0.010000000000000002,0.2132926881742485,2026-09-01
DCX,0.7264,0.0,255385680.0,351577182.0,7.717,Consumer Cyclical,Digital Currency X Technology I,362.74,0.04,trailing_eps_fallback_icc,0.4,10.623622724242017,2026-09-01
DD,132.11,2.4,17837414400.0,135019401.0,101.963,Basic Materials,"DuPont de Nemours, Inc.",7.26216,0.09674945195368867,forecast_icc,0.07228230326332341,0.771803742147909,2026-09-01
DDI,12.7,0.0,629328704.0,49553440.0,20.406,Communication Services,"DoubleDown Interactive Co., Ltd",2.5875,0.01,forecast_icc,0.102358287021315,1.6067716126928797,2026-09-01
DDL,2.3,0.0,502911360.0,182294586.0,0.9767397,Consumer Defensive,Dingdong (Cayman) Limited,2.185,0.17848970251716256,forecast_icc,0.35686261879226133,0.354047200765686,2026-09-01
DDOG,223.84,0.0,80375349248.0,334904614.0,12.166,Technology,"Datadog, Inc.",2.52724,0.17458967094537914,forecast_icc,0.02882829871263326,0.05069277548458535,2026-09-01
DDS,626.36,1.2,9781896192.0,11630836.0,135.942,Consumer Cyclical,"Dillard's, Inc.",35.99,0.01,forecast_icc,0.04297276736188442,0.16163728141023398,2026-09-01
DE,676.08,6.48,182288351232.0,269625412.0,103.744,Industrials,Deere & Company,18.12879,0.2379154924294451,forecast_icc,0.06880101966667349,0.15344929367937374,2026-09-01
DEA,24.51,1.8,1201132416.0,47321617.0,27.836,Real Estate,"Easterly Government Properties,",0.23,0.326086956521739,forecast_icc,0.04444009456361911,1.0966688711962962,2026-09-01
DEC,15.36,1.16,1087020416.0,70769563.0,13.317,Energy,Diversified Energy Company,2.69867,0.2158767096384515,forecast_icc,0.22333012900372895,0.8669922446709593,2026-09-01
DECK,84.58,0.0,11518261248.0,136181857.0,16.834,Consumer Cyclical,Deckers Outdoor Corporation,7.5284,0.11531666755220216,forecast_icc,0.09469377323653616,0.1990305074158707,2026-09-01
DEFT,0.6638,0.0,257616272.0,388093225.0,0.359,Financial Services,"Defi Technologies, Inc.",0.019851975,0.04,forecast_icc,0.03306414169516325,0.5408255724428774,2026-09-01
DELL,425.0,2.52,274610520064.0,325046693.0,-2.163,Technology,Dell Technologies Inc.,18.864,0.06770515267175581,forecast_icc,0.051650172928181554,,2026-09-01
DEO,90.06,2.0,50064351232.0,555899946.0,1.084914,Consumer Defensive,Diageo plc,6.7137,0.02895422792201008,forecast_icc,0.06593922953422171,0.012046568449870449,2026-09-01
DFH,13.71,0.0,1241236480.0,32808965.0,15.749,Consumer Cyclical,"Dream Finders Homes, Inc.",1.13,0.0486725663716816,forecast_icc,0.07025631408844124,0.4162852108447538,2026-09-01
DFIN,48.16,0.0,1184032128.0,24585383.0,15.684,Technology,"Donnelley Financial Solutions, ",4.82,0.13278008298755184,forecast_icc,0.1069205046209104,0.325664429075357,2026-09-01
DFP,20.42,1.54,419388736.0,20538137.0,,Financial Services,Flaherty & Crumrine Dynamic Pre,2.18,0.04,trailing_eps_fallback_icc,0.11105193739340324,,2026-09-01
DG,131.09,2.36,28920653824.0,220616790.0,42.103,Consumer Defensive,Dollar General Corporation,7.74762,0.06514129500414301,forecast_icc,0.06643752921402946,0.3211763041699206,2026-09-01
DGICA,19.17,0.77,710240896.0,31472828.0,17.942,Financial Services,"Donegal Group, Inc.",1.8,0.04166666666666674,forecast_icc,0.08872362151291491,0.7950619052722078,2026-09-01
DGICB,23.1743,0.7,858598592.0,5576775.0,17.942,Financial Services,"Donegal Group, Inc.",1.92,0.303,trailing_eps_fallback_icc,0.16435700546227705,0.1165369917704221,2026-09-01
DGII,71.13,0.0,2699249920.0,37948123.0,18.059,Technology,Digi International Inc.,2.692,0.16344725111441294,forecast_icc,0.06411093130287504,0.2538872551886563,2026-09-01
DGX,236.22,3.44,26072395776.0,110373360.0,68.327,Healthcare,Quest Diagnostics Incorporated,11.19176,0.07737388936145884,forecast_icc,0.05939505219199186,0.28925153766122397,2026-09-01
DH,0.9023,0.0,96315752.0,106744713.0,1.359,Healthcare,Definitive Healthcare Corp.,0.19471,0.01,forecast_icc,0.106091910224582,1.5061509872964498,2026-09-01
DHF,2.37,0.21,172385584.0,72736534.0,2.669,Financial Services,Dreyfus High Yield Strategies F,0.17,0.04,trailing_eps_fallback_icc,0.08896715364192886,1.1261603478745648,2026-09-01
DHI,141.37,1.8,39541366784.0,279701267.0,84.848,Consumer Cyclical,"D.R. Horton, Inc.",10.43512,0.12018165579312945,forecast_icc,0.09122636461114453,0.6001839347652227,2026-09-01
DHR,206.93,1.6,145468899328.0,702986054.0,74.806,Healthcare,Danaher Corporation,8.5096,0.09256486791388552,forecast_icc,0.05517956033824653,0.3615039021980273,2026-09-01
DHT,19.69,4.88,3174728448.0,161235573.0,8.246,Energy,"DHT Holdings, Inc.",3.64516,0.01,forecast_icc,0.18938777859389677,0.41879126253950405,2026-09-01
DHX,4.47,0.0,194106128.0,43424190.0,2.745,Technology,"DHI Group, Inc.",0.285,0.01,forecast_icc,0.04604630064627878,0.6140939638443563,2026-09-01
DHY,1.71,0.19,236229936.0,138146165.0,2.037,Financial Services,146692,0.1,0.04,trailing_eps_fallback_icc,0.07360456572766838,1.1912281011878187,2026-09-01
DIN,32.5,1.08,411422368.0,12659150.0,-23.044,Consumer Cyclical,"Dine Brands Global, Inc. Common",4.26755,0.087820880833265,forecast_icc,0.12380575576792607,,2026-09-01
DINO,103.97,2.1,18484187136.0,177783849.0,57.851,Energy,HF Sinclair Corporation,13.48029,0.01,forecast_icc,0.0826790239281262,0.5564201104882711,2026-09-01
DIOD,87.13,0.0,4012484864.0,46051705.0,42.563,Technology,Diodes Incorporated,3.225,0.75,forecast_icc,0.18563936703975015,0.4884999660686571,2026-09-01
DIS,106.22,1.5,183408672768.0,1726686902.0,63.602,Communication Services,Walt Disney Company (The),6.89406,0.07974981360765643,forecast_icc,0.07350527615364977,0.5987761575480134,2026-09-01
DIT,69.0,0.48,67348344.0,976028.0,118.322,Consumer Defensive,AMCON Distributing Company,1.93,0.75,trailing_eps_fallback_icc,0.17474871963309713,1.7147501802865412,2026-09-01
DK,73.34,1.02,4490767360.0,61232174.0,3.047,Energy,"Delek US Holdings, Inc.",11.93916,0.01,forecast_icc,0.09323655067077011,0.041546225671774725,2026-09-01
DKL,56.01,4.51,3237226752.0,57797301.0,-1.303,Energy,"Delek Logistics Partners, L.P.",3.48905,0.24858055917799948,forecast_icc,0.15384764357768577,,2026-09-01
DKNG,23.44,0.0,11636883456.0,496454048.0,1.148,Consumer Cyclical,DraftKings Inc.,0.88864,0.75,forecast_icc,0.187625214065407,0.04897610681235648,2026-09-01
DKS,132.95,5.0,11899362304.0,65931904.0,64.458,Consumer Cyclical,Dick's Sporting Goods Inc,11.12,0.16996402877697858,forecast_icc,0.12717330547784433,0.3571484386691383,2026-09-01
DLB,61.43,1.44,5754074112.0,59416894.0,27.589,Industrials,Dolby Laboratories,4.32667,0.062403649920146353,forecast_icc,0.0755374048989671,0.28488557092919137,2026-09-01
DLNG,3.79,0.2,137887824.0,36382011.0,11.366,Energy,Dynagas LNG Partners LP,1.09,0.295,forecast_icc,0.28766377810011423,2.9989445407884596,2026-09-01
DLO,14.83,0.19,4364011008.0,178035757.0,1.876,Technology,DLocal Limited,0.84972,0.3283552228969542,forecast_icc,0.13287665088659234,0.0765339682965346,2026-09-01
DLPN,1.11,0.0,14458362.0,13025551.0,0.477,Communication Services,"Dolphin Entertainment, Inc.",0.36,0.04,forecast_icc,0.15499141371158853,0.4297297181381957,2026-09-01
DLR,183.27,4.88,69214429184.0,370998727.0,72.168,Real Estate,"Digital Realty Trust, Inc.",3.35176,0.01,forecast_icc,0.02108979298813448,0.38683026712478163,2026-09-01
DLTR,131.71,0.0,24712787968.0,187630299.0,18.134,Consumer Defensive,"Dollar Tree, Inc.",7.75963,0.015567752586141292,forecast_icc,0.045541573186542395,0.13768126228703134,2026-09-01
DLX,22.83,0.96,1046899072.0,45856290.0,15.448,Industrials,Deluxe Corporation,3.78,0.08024603174603184,forecast_icc,0.14055742805823435,0.6766535446121783,2026-09-01
DLY,13.78,1.4,668868160.0,48539058.0,,Financial Services,DoubleLine Yield Opportunities ,0.58,0.04,trailing_eps_fallback_icc,0.05410328808995882,,2026-09-01
DMAA,10.755,0.0,261098192.0,24276913.0,-0.305,Financial Services,Drugs Made In America Acquisiti,0.18,0.01,trailing_eps_fallback_icc,0.017518972440696445,,2026-09-01
DMB,10.48,0.6,192894576.0,18405972.0,11.958,Financial Services,Dreyfus Municipal Bond Infrastr,0.31,0.75,trailing_eps_fallback_icc,0.21853900215176114,1.1410305968167813,2026-09-01
DMC,32.14,1.2,1515279360.0,47146218.0,42.578,Consumer Defensive,Del Monte Corporation,2.25,0.3999999999999999,forecast_icc,0.18871099429600136,1.3247667215661145,2026-09-01
DMII,10.155,0.0,646873472.0,63700000.0,-0.281,Financial Services,Drugs Made In America Acquisiti,0.29,0.04,trailing_eps_fallback_icc,0.03204391123474966,,2026-09-01
DMLP,29.2,3.19,1433469184.0,49091408.0,6.399,Energy,"Dorchester Minerals, L.P.",1.75,0.75,trailing_eps_fallback_icc,0.31892300763478276,0.21914382485392864,2026-09-01
DMO,10.2,1.44,116556704.0,11427128.0,11.682,Financial Services,Western Asset Mortgage Defined ,0.86,0.01,trailing_eps_fallback_icc,0.08659892410180958,1.1452941333687678,2026-09-01
DNOW,15.88,0.0,2870880000.0,180785891.0,11.569,Industrials,DNOW Inc.,0.346,0.75,forecast_icc,0.14519541109768663,0.7285264354410494,2026-09-01
DNP,10.8,0.78,4091068416.0,378802615.0,10.356,Financial Services,"DNP Select Income Fund, Inc.",1.86,0.75,trailing_eps_fallback_icc,0.4,0.9588888481057365,2026-09-01
DNUT,3.36,0.14,582960000.0,173500000.0,3.578,Consumer Defensive,"Krispy Kreme, Inc.",0.04724,0.04,forecast_icc,0.021056541667583084,1.0648809523809524,2026-09-01
DOC,20.82,1.22,14760282112.0,689527260.0,11.378,Real Estate,"Healthpeak Properties, Inc.",0.405,0.01,forecast_icc,0.022255154845084002,0.5315237950568515,2026-09-01
DOCN,108.92,0.0,12733629440.0,116908096.0,8.864,Technology,"DigitalOcean Holdings, Inc.",1.45695,0.26403102371392295,forecast_icc,0.04228182184596696,0.08138083237201538,2026-09-01
DOCS,26.35,0.0,4696781824.0,127349369.0,5.094,Healthcare,"Doximity, Inc.",1.35204,0.14594242773882438,forecast_icc,0.07401168187134802,0.1381196125336564,2026-09-01
DOCU,64.64,0.0,12342659072.0,190944608.0,9.426,Technology,"DocuSign, Inc.",4.52359,0.1268859467812069,forecast_icc,0.08476931437151991,0.1458230243992597,2026-09-01
DOLE,13.85,0.34,1308254464.0,94458807.0,14.069,Consumer Defensive,Dole plc,1.32381,0.11968484903422705,forecast_icc,0.11137995562636893,1.0158122844234376,2026-09-01
DOMO,3.68,0.0,173093072.0,43772502.0,-4.126,Technology,"Domo, Inc.",0.062,0.7419354838709677,forecast_icc,0.1264674782287981,,2026-09-01
DOO,61.74,0.7,4528409088.0,38527229.0,6.855789,Consumer Cyclical,BRP Inc.,3.29136,0.5003797822176852,forecast_icc,0.1706829992575395,0.05832833289700371,2026-09-01
DORM,127.18,0.0,3774145024.0,29675618.0,51.07,Consumer Cyclical,"Dorman Products, Inc.",8.665,0.07184073860357776,forecast_icc,0.06842854738926235,0.4015568563535941,2026-09-01
DOUG,1.77,0.0,160876128.0,90890473.0,1.837,Real Estate,Douglas Elliman Inc.,0.09,0.04,forecast_icc,0.04788976205445905,1.0378531667607016,2026-09-01
DOV,189.93,2.1,25579814912.0,134680225.0,57.202,Industrials,Dover Corporation,10.67208,0.09104972976214576,forecast_icc,0.06892113315242254,0.301174119396615,2026-09-01
DOW,30.46,1.4,22002497536.0,722340711.0,21.956,Basic Materials,Dow Inc.,2.46642,0.01,forecast_icc,0.06887486032774948,0.7208141996046898,2026-09-01
DOX,62.6,2.28,6536378880.0,104415000.0,31.166,Technology,Amdocs Limited,7.42167,0.08174171042366485,forecast_icc,0.11644036858465545,0.49785943406022387,2026-09-01
DOYU,4.36,0.0,131579832.0,30178859.0,9.325889,Communication Services,DouYu International Holdings Li,1.19672,0.75,forecast_icc,0.4,2.1389652570817312,2026-09-01
DPC,41.48,0.0,6196822528.0,149393016.0,5.17,Industrials,DPC Holdings PLC,0.60102,0.533775914279059,forecast_icc,0.08396546368718016,0.12463837543033152,2026-09-01
DPZ,340.37,7.96,11260029952.0,33081735.0,-120.428,Consumer Cyclical,Domino's Pizza Inc,19.01672,0.10011610835096696,forecast_icc,0.07617127896361056,,2026-09-01
DRD,27.71,1.03,2403558912.0,86739770.0,9.08584,Basic Materials,DRDGOLD Limited,2.729,,forecast_icc,0.010000000000000002,0.3278903079604649,2026-09-01
DRH,12.0,0.44,2464669184.0,204605681.0,7.449,Real Estate,Diamondrock Hospitality Company,0.78091,0.01,forecast_icc,0.056741686787611045,0.6183822671468919,2026-09-01
DRI,215.56,6.48,24475062272.0,113541756.0,19.351,Consumer Cyclical,"Darden Restaurants, Inc.",11.27306,0.09895627274227237,forecast_icc,0.07575547381581477,0.08977082452082596,2026-09-01
DRS,37.7,0.36,10061810688.0,266891515.0,10.505,Industrials,"Leonardo DRS, Inc.",1.39039,0.057422737505304244,forecast_icc,0.043917255660149146,0.2786471989995565,2026-09-01
DRVN,12.8,0.0,2111741568.0,164979816.0,5.051,Consumer Cyclical,Driven Brands Holdings Inc.,1.207,0.19718309859154926,forecast_icc,0.12213678007523987,0.3946093893511879,2026-09-01
DSC,7.83,0.0,392067616.0,33507862.0,-344.80484,Consumer Cyclical,DSC Holdings Ltd.,0.025635144,0.04,forecast_icc,0.010000000000000002,,2026-09-01
DSGR,34.7,0.0,1605063296.0,46255422.0,14.16,Industrials,"Distribution Solutions Group, I",1.53,0.1470588235294117,forecast_icc,0.0672985594193326,0.408069125468308,2026-09-01
DSGX,80.43,0.0,6892112896.0,85690827.0,18.975,Technology,The Descartes Systems Group Inc,2.89104,0.10936202888925783,forecast_icc,0.05114907630964016,0.23591944398773237,2026-09-01
DSL,10.58,1.32,1212162176.0,114571095.0,,Financial Services,DoubleLine Income Solutions Fun,0.32,0.04,trailing_eps_fallback_icc,0.03964316300783033,,2026-09-01
DSM,5.78,0.36,285697856.0,49428691.0,6.513,Financial Services,Dreyfus Strategic Municipal Bon,0.63,0.04,trailing_eps_fallback_icc,0.10576483198530051,1.1268165221477895,2026-09-01
DSP,12.63,0.0,841755840.0,21135122.0,5.389,Technology,Viant Technology Inc.,0.60167,0.3063639536623066,forecast_icc,0.10671186833322366,0.1353090374258645,2026-09-01
DSU,9.42,1.18,592810304.0,62931032.0,10.135,Financial Services,"Blackrock Debt Strategies Fund,",0.69,0.01,trailing_eps_fallback_icc,0.07526360326434511,1.0759023671086525,2026-09-01
DSWL,2.91,0.2,46226048.0,15885239.0,6.886,Technology,"Deswell Industries, Inc.",0.67,0.01,trailing_eps_fallback_icc,0.13738403598183424,2.3663228955674516,2026-09-01
DSX,2.75,0.04,342137728.0,124413717.0,4.81,Industrials,Diana Shipping inc.,0.6,0.01,forecast_icc,0.11182161822407133,1.7490908771393956,2026-09-01
DT,52.86,0.0,15276651520.0,289002128.0,8.441,Technology,"Dynatrace, Inc.",1.97568,0.16369047619047605,forecast_icc,0.06362747557109125,0.1596859730193021,2026-09-01
DTE,136.06,4.66,28312461312.0,208088069.0,58.384,Utilities,DTE Energy Company,7.70895,0.08513481083675467,forecast_icc,0.0771352255485559,0.4291048272566378,2026-09-01
DTF,11.545,0.39,81156352.0,7029567.0,12.042,Financial Services,"DTF Tax-Free Income, Inc.",0.41,0.75,trailing_eps_fallback_icc,0.2383622385019254,1.04304892627505,2026-09-01
DTI,2.59,0.0,91380960.0,35282224.0,3.393,Energy,Drilling Tools International Co,0.11,0.75,forecast_icc,0.19723215126519145,1.310038612332372,2026-09-01
DTM,129.99,3.52,13260968960.0,102015296.0,46.846,Energy,"DT Midstream, Inc.",4.69443,0.04338971930564517,forecast_icc,0.04490379382596646,0.3603815506115173,2026-09-01
DTSQ,11.36,0.0,41502724.0,3653409.0,-0.457,Financial Services,DT Cloud Star Acquisition Corpo,0.1,0.01,trailing_eps_fallback_icc,0.010259204845129159,,2026-09-01
DTSS,0.6405,0.0,6691401.0,6447153.0,0.343,Technology,Datasea Intelligent Technology ,0.05,0.04,forecast_icc,0.06492752498521692,0.3304798918791446,2026-09-01
DUK,120.39,4.34,93868351488.0,779702193.0,68.946,Utilities,Duke Energy Corporation (Holdin,6.7109,0.06875679864101691,forecast_icc,0.07203968982417697,0.5726887342370156,2026-09-01
DUOL,158.77,0.0,7428255744.0,40387012.0,30.172,Technology,"Duolingo, Inc.",6.62241,0.15263778594197563,forecast_icc,0.06605787700086052,0.16404348046959222,2026-09-01
DUOT,8.61,0.0,270978208.0,31472499.0,6.632,Technology,"Duos Technologies Group, Inc.",0.75,0.01,forecast_icc,0.057924074928229985,0.7702671550916744,2026-09-01
DV,13.36,0.0,2070634112.0,154987592.0,7.064,Communication Services,"DoubleVerify Holdings, Inc.",1.02932,0.12600551820619432,forecast_icc,0.0896902794735685,0.5287425448769966,2026-09-01
DVA,176.14,0.0,11305545728.0,64185000.0,-11.963,Healthcare,DaVita Inc.,14.84534,0.16200639392563598,forecast_icc,0.10494282009001976,,2026-09-01
DVLT,0.2875,0.0,245656272.0,854456625.0,0.288,Technology,Datavault AI Inc.,0.14,0.04,forecast_icc,0.1927420809468966,1.001739161782932,2026-09-01
DVN,49.05,1.28,53954998272.0,1100000000.0,36.305,Energy,Devon Energy Corporation,5.4457,0.01,forecast_icc,0.07670948761749952,0.7401631225836692,2026-09-01
DWSN,3.47,0.0,107762992.0,31055618.0,0.645,Energy,Dawson Geophysical Company,0.12,0.04,trailing_eps_fallback_icc,0.03641863502689946,0.1858789667792446,2026-09-01
DWTX,2.63,0.0,89400416.0,33992553.0,2.033,Healthcare,"Dogwood Therapeutics, Inc.",1.89,0.04,trailing_eps_fallback_icc,0.2355617861226008,0.7730037883604479,2026-09-01
DX,12.74,2.04,3152252416.0,247429551.0,12.919,Real Estate,"Dynex Capital, Inc.",1.40757,0.11400498731857045,forecast_icc,0.1699480569807722,1.014050255983371,2026-09-01
DXC,11.16,0.0,1783130112.0,159778689.0,19.001,Technology,DXC Technology Company,2.59189,0.1410785179926617,forecast_icc,0.17216438493854336,1.7025986209631123,2026-09-01
DXCM,90.14,0.0,34015299584.0,377360765.0,6.946,Healthcare,"DexCom, Inc.",2.66234,0.17342638430854063,forecast_icc,0.05595739631217983,0.07705790940388856,2026-09-01
DXPE,183.1,0.0,2841189888.0,15517148.0,34.874,Industrials,"DXP Enterprises, Inc.",6.46,0.18575851393188847,forecast_icc,0.06558096984370165,0.19046422121857137,2026-09-01
DXYZ,31.6,0.0,962715008.0,30465664.0,,Financial Services,Destiny Tech100 Inc.,10.33,0.04,trailing_eps_fallback_icc,0.15566544149923234,,2026-09-01
DY,287.3,0.0,8665242624.0,30160957.0,68.443,Industrials,"Dycom Industries, Inc.",16.60325,0.2000475810458795,forecast_icc,0.09301477090446253,0.23822834160852227,2026-09-01
DYNC,10.88,0.0,240810656.0,16600000.0,1.721,Financial Services,Dynamix Corporation,2.23,0.04,trailing_eps_fallback_icc,0.1195250000106895,0.1186351155490395,2026-09-01
E,55.53,2.44,80001073152.0,1440682076.0,36.849327,Energy,ENI S.p.A.,5.8436,0.01,forecast_icc,0.08033435123015853,0.6635931598154527,2026-09-01
EAD,6.4,0.64,378190944.0,59092336.0,7.21,Financial Services,238549,0.68,0.357,trailing_eps_fallback_icc,0.2648261702971263,1.1265625190644437,2026-09-01
EARN,4.31,0.96,161921520.0,37568800.0,4.093,Financial Services,Ellington Credit Company,0.78,0.21794871794871784,forecast_icc,0.3112622649319211,0.949652019076896,2026-09-01
EAT,233.98,0.0,10034885632.0,42887790.0,10.514,Consumer Cyclical,"Brinker International, Inc.",13.22086,0.09553841429377519,forecast_icc,0.06628581815136114,0.04493546220617255,2026-09-01
EBAY,104.98,1.24,46716100608.0,445000000.0,10.483,Consumer Cyclical,eBay Inc.,6.12668,0.09894592177166106,forecast_icc,0.07306867831276509,0.09985711434145561,2026-09-01
EBC,21.5,0.56,4912998400.0,228511552.0,19.624,Financial Services,"Eastern Bankshares, Inc.",1.87188,0.13869478812744407,forecast_icc,0.11281380695487642,0.9127441801015038,2026-09-01
EBF,21.09,1.0,533540576.0,25298272.0,12.3,Industrials,"Ennis, Inc.",1.57,0.02547770700636942,forecast_icc,0.07348080256102818,0.5832147724037394,2026-09-01
EBMT,22.29,0.59,177549472.0,7965431.0,25.219,Financial Services,"Eagle Bancorp Montana, Inc.",2.03667,0.06709972651435914,forecast_icc,0.09145831502759705,1.1314041214890236,2026-09-01
EBS,6.22,0.0,318920128.0,51273336.0,6.655,Healthcare,Emergent BioSolutions Inc.,0.3596,0.75,forecast_icc,0.22499839483874584,1.0699357648570866,2026-09-01
EC,17.45,0.65,35874316288.0,2055834735.0,1963.047,Energy,Ecopetrol S.A.,2.15943,0.01,forecast_icc,0.0861556495440493,112.49552957717249,2026-09-01
ECAT,15.18,3.23,1509928832.0,99468307.0,,Financial Services,BlackRock ESG Capital Allocation Term Trust,2.15,0.04,trailing_eps_fallback_icc,0.16628036111191424,,2026-09-01
ECBK,20.61,0.0,180084048.0,8737702.0,20.564,Financial Services,"ECB Bancorp, Inc.",1.38,0.75,trailing_eps_fallback_icc,0.23912628785953827,0.9977680195638428,2026-09-01
ECC,3.88,0.72,516081728.0,133010748.0,5.697,Financial Services,Eagle Point Credit Company Inc.,0.7125,0.06666666666666665,forecast_icc,0.22840838220310922,1.4682988957826464,2026-09-01
ECG,113.7,0.0,5805958144.0,51063836.0,15.142,Industrials,"Everus Construction Group, Inc.",5.33667,0.12710735346199042,forecast_icc,0.06561647480232924,0.13317502219871324,2026-09-01
ECHO,86.04,0.0,24993822720.0,159142240.0,48.735,Communication Services,EchoStar Corporation,39.335,0.01,forecast_icc,0.16516047196461925,0.31030855716976136,2026-09-01
ECL,280.25,2.92,78562091008.0,280328603.0,35.87,Basic Materials,Ecolab Inc.,8.16755,0.1530703821831516,forecast_icc,0.05590740182679334,0.1279928634866154,2026-09-01
ECO,67.96,9.55,2653474816.0,39044655.0,22.475,Industrials,Okeanis Eco Tankers Corp.,15.33,0.01,forecast_icc,0.173414739293961,0.3307092329776986,2026-09-01
ECPG,93.01,0.0,1972683136.0,21209366.0,50.861,Financial Services,Encore Capital Group Inc,13.5175,0.08156093952284071,forecast_icc,0.11358823074635527,0.5468336725954552,2026-09-01
ECVT,10.1,0.0,1105630848.0,109468398.0,5.362,Basic Materials,Ecovyst Inc.,0.68404,0.27499853809718733,forecast_icc,0.12124749049945616,0.5308910755681086,2026-09-01
ECX,1.05,0.0,412640416.0,347029953.0,-0.711,Consumer Cyclical,ECARX Holdings Inc.,0.075,0.04,forecast_icc,0.06106881553821736,,2026-09-01
ED,107.7,3.51,39830544384.0,369828633.0,69.511,Utilities,"Consolidated Edison, Inc.",6.10695,0.06270560590802265,forecast_icc,0.06944007086302284,0.6454131748897113,2026-09-01
EDD,5.79,0.63,373200512.0,64456047.0,,Financial Services,Morgan Stanley Emerging Markets,1.21,0.04,trailing_eps_fallback_icc,0.17137801960301602,,2026-09-01
EDF,5.23,0.72,168270976.0,32174183.0,,Financial Services,Stone Harbor Emerging Markets I,1.13,0.04,trailing_eps_fallback_icc,0.19089127420296437,,2026-09-01
EDN,23.71,0.0,1127983872.0,20589678.0,41.584316,Utilities,Empresa Distribuidora Y Comerci,0.1705,0.75,forecast_icc,0.08008856334634695,0.7590602113593412,2026-09-01
EDRY,51.79,0.0,148460752.0,2866591.0,34.916,Industrials,EuroDry Ltd.,6.21,0.01,forecast_icc,0.0724182576347453,0.6741841867808941,2026-09-01
EDU,59.06,1.2,9846018048.0,159145747.0,25.548,Consumer Defensive,New Oriental Education & Techno,4.34044,0.16149975578512765,forecast_icc,0.10688867999805363,0.41294414904935994,2026-09-01
EDUC,1.35,0.0,11508702.0,8524964.0,4.863,Communication Services,Educational Development Corpora,0.42,0.04,forecast_icc,0.15148254627877022,3.602222034422301,2026-09-01
EE,39.01,0.36,4423815680.0,31380716.0,21.867,Energy,"Excelerate Energy, Inc.",1.6854,0.32953601518927256,forecast_icc,0.11277802569730933,0.15511544024637122,2026-09-01
EEA,11.01,0.97,75442320.0,6852163.0,11.861,Financial Services,"The European Equity Fund, Inc.",2.02,0.04,trailing_eps_fallback_icc,0.15092932556129723,1.0772932929819763,2026-09-01
EEFT,68.14,0.0,2594437120.0,38075094.0,32.886,Technology,"Euronet Worldwide, Inc.",10.72875,0.11254806011883955,forecast_icc,0.1304569214028174,0.48262396942732616,2026-09-01
EFC,13.26,1.56,1741351040.0,128887386.0,13.678,Real Estate,Ellington Financial Inc.,2.09025,0.01,forecast_icc,0.13718864545828102,1.0123872930916906,2026-09-01
EFOR,30.28,0.0,1241480064.0,41000000.0,44.134,Technology,"Everforth, Inc.",3.63711,0.18323339134642636,forecast_icc,0.13474353409569895,1.4575296474515116,2026-09-01
EFR,10.5,0.84,309997984.0,29523618.0,11.867,Financial Services,Eaton Vance Senior Floating-Rat,0.1,0.04,forecast_icc,0.014986958519372883,1.1301904944194736,2026-09-01
EFSC,62.8,1.34,2272890112.0,36192520.0,54.302,Financial Services,Enterprise Financial Services C,5.312,0.11182228915662629,forecast_icc,0.10011243239007625,0.8646815834447169,2026-09-01
EFSI,40.97,1.24,221745056.0,5412376.0,36.416,Financial Services,Eagle Financial Services Inc,3.03,0.10891089108910901,forecast_icc,0.09602617166963967,0.8888454514900209,2026-09-01
EFT,10.64,0.82,282790560.0,26578058.0,12.062,Financial Services,Eaton Vance Floating Rate Incom,0.25,0.04,trailing_eps_fallback_icc,0.03234741823478832,1.1336465248203476,2026-09-01
EFTY,15.02,0.0,302052224.0,15110000.0,0.288,Industrials,"Etoiles Capital Group Co., Ltd.",0.08,0.04,trailing_eps_fallback_icc,0.010000000000000002,0.014407045054566458,2026-09-01
EFX,186.2,2.24,21875687424.0,117484896.0,37.247,Industrials,"Equifax, Inc.",8.56217,0.18500683821975028,forecast_icc,0.08358940867363429,0.20003759591623613,2026-09-01
EFXT,20.36,0.12,2486014720.0,122102883.0,9.582,Energy,Enerflex Ltd,1.3605,0.390790150679897,forecast_icc,0.15435507856724973,0.47062867950596854,2026-09-01
EG,378.61,8.0,14516942848.0,38342734.0,398.708,Financial Services,"Everest Group, Ltd.",53.77174,0.11121492441940695,forecast_icc,0.1323449847439896,1.053083624268602,2026-09-01
EGAN,7.33,0.0,201209088.0,27450081.0,3.335,Technology,eGain Corporation,0.40333,0.057868246845015126,forecast_icc,0.05556015873798581,0.4549795491096307,2026-09-01
EGBN,26.81,0.04,817275264.0,30483973.0,37.733,Financial Services,"Eagle Bancorp, Inc.",1.514,0.6578599735799207,forecast_icc,0.202853897443121,1.4074226932787726,2026-09-01
EGHA,10.4,0.0,213200000.0,15500000.0,-0.332,Financial Services,EGH Acquisition Corp.,0.19,0.01,trailing_eps_fallback_icc,0.01877332030616337,,2026-09-01
EGHT,1.84,0.0,265761328.0,144435501.0,1.027,Technology,8x8 Inc,0.35333,0.04717969037443748,forecast_icc,0.11834957865973117,0.558152160975806,2026-09-01
EGO,42.86,0.3,11178331136.0,260810332.0,26.309,Basic Materials,Eldorado Gold Corporation,3.45449,0.5588842347206102,forecast_icc,0.2155301749039017,0.613835727453977,2026-09-01
EGP,200.07,7.0,10758427648.0,53773317.0,67.12,Real Estate,"EastGroup Properties, Inc.",5.60168,0.01,forecast_icc,0.03040642800175608,0.33548257748528576,2026-09-01
EGY,5.99,0.25,630098688.0,105191778.0,3.616,Energy,"VAALCO Energy, Inc.",0.186,0.75,forecast_icc,0.22443118346761082,0.6036728475905032,2026-09-01
EH,4.44,0.0,336753408.0,56332082.0,1.7752477,Industrials,EHang Holdings Limited,0.4822591,0.04,forecast_icc,0.08089346448789192,0.2969632871739531,2026-09-01
EHC,122.05,0.84,12040645632.0,98653384.0,26.293,Healthcare,Encompass Health Corporation,6.11315,0.09239917227615879,forecast_icc,0.06274625415525914,0.21542810118240677,2026-09-01
EHI,5.69,0.84,172405536.0,30299742.0,6.551,Financial Services,Western Asset Global High Incom,0.71,0.75,trailing_eps_fallback_icc,0.4,1.1513180750877976,2026-09-01
EHLD,9.6,0.56,27039506.0,2816615.0,9.224,Industrials,Euroholdings Ltd.,3.39,0.75,trailing_eps_fallback_icc,0.4,0.9608332622644807,2026-09-01
EHTH,0.9448,0.0,30264452.0,32032654.0,17.36,Financial Services,"eHealth, Inc.",1.265,0.04,forecast_icc,0.3211075215626883,18.37425879840811,2026-09-01
EIC,10.0,1.32,234335552.0,23043757.0,12.518,Financial Services,Eagle Point Income Company Inc.,1.37667,0.01,forecast_icc,0.13765640348501018,1.2309773214693431,2026-09-01
EIG,49.12,1.36,882220032.0,17960506.0,47.833,Financial Services,Employers Holdings Inc,2.4,0.0625,forecast_icc,0.061296812264426626,0.9737988850133025,2026-09-01
EIM,9.49,0.61,487525952.0,51372599.0,10.444,Financial Services,100401,0.23,0.04,trailing_eps_fallback_icc,0.03317389299495968,1.1005268986295935,2026-09-01
EIX,58.8,3.51,22627061760.0,384813979.0,45.339,Utilities,Edison International,6.12399,0.06274504040666296,forecast_icc,0.11225058581196634,0.7710714355641111,2026-09-01
EJH,1.22,0.0,3904188.0,3200154.0,100.057,Consumer Cyclical,E-Home Household Service Holdin,671.6,0.04,trailing_eps_fallback_icc,0.4,82.01393190543078,2026-09-01
EL,100.0,1.4,36179492864.0,247287571.0,10.52,Consumer Defensive,"Estee Lauder Companies, Inc. (T",3.31799,0.17639595056042956,forecast_icc,0.067586616768126,0.07190441437913463,2026-09-01
ELA,13.82,0.0,358815232.0,25963476.0,3.084,Consumer Cyclical,Envela Corporation,0.74,0.01,forecast_icc,0.040297082011954755,0.22315485197685253,2026-09-01
ELAN,23.91,0.0,11945957376.0,499621830.0,13.188,Healthcare,Elanco Animal Health Incorporat,1.13248,0.12996256004521056,forecast_icc,0.06666182943730392,0.5515684081777859,2026-09-01
ELBM,0.5888,0.0,62883920.0,106800138.0,0.65764177,Basic Materials,Electra Battery Materials Corpo,0.76,0.01,forecast_icc,0.28832067512542536,1.1169187892638415,2026-09-01
ELE,20.55,0.12,1321490432.0,64306108.0,12.23,Basic Materials,Elemental Royalty Corporation,0.23537,0.75,forecast_icc,0.11498625754342384,0.5951338593119682,2026-09-01
ELF,105.54,0.0,6227703808.0,59007996.0,4.452,Consumer Defensive,"e.l.f. Beauty, Inc.",3.60846,0.06017802608314904,forecast_icc,0.039684075964337595,0.042183059164524736,2026-09-01
ELMD,27.1,0.0,226723024.0,8366163.0,6.452,Healthcare,"Electromed, Inc.",1.47667,0.1444669425125451,forecast_icc,0.07655478456056264,0.2380811737761578,2026-09-01
ELMT,15.76,0.0,480041696.0,30459498.0,6.157,Industrials,The Elmet Group Co.,0.71,0.01,forecast_icc,0.035999323161722,0.3906725827124817,2026-09-01
ELOX,15.01,0.0,51579072.0,3436314.0,11.5,Healthcare,"Eloxx Pharmaceuticals, Inc.",3.52,0.04,trailing_eps_fallback_icc,0.12921788457907246,0.7661559130028551,2026-09-01
ELPC,11.76,0.54,8730654720.0,742402648.0,1.4720893,Utilities,Companhia Paranaense de Energia,0.227,0.75,forecast_icc,0.1719771600224408,0.12517766759334933,2026-09-01
ELS,63.16,2.17,12656244736.0,193937553.0,9.064,Real Estate,"Equity Lifestyle Properties, In",2.04807,0.06226837949874775,forecast_icc,0.04805126426945616,0.13889190807063737,2026-09-01
ELTK,8.0016,0.19,53777372.0,6720827.0,6.601,Technology,Eltek Ltd.,1.08,0.04,forecast_icc,0.1015404172155637,0.8249599669355356,2026-09-01
ELV,403.04,6.88,87407001600.0,216869290.0,206.986,Healthcare,"Elevance Health, Inc.",27.16015,0.09003300791785018,forecast_icc,0.07950411146092232,0.5135619119548884,2026-09-01
ELVA,6.54,0.0,323778912.0,49507480.0,1.345,Industrials,Electrovaya Inc.,0.064,0.75,forecast_icc,0.09570710987824371,0.20565749692802723,2026-09-01
ELVR,60.31,0.0,1021223936.0,16932911.0,37.67,Basic Materials,Elevra Lithium Limited - Americ,0.07,0.04,forecast_icc,0.010000000000000002,0.6246061562838261,2026-09-01
EMA,50.1,2.11,15388215296.0,307150000.0,30.33608,Utilities,Emera Incorporated,2.67285,0.01,forecast_icc,0.051134871442759855,0.6055105671950173,2026-09-01
EMBC,5.25,0.04,297462912.0,56659599.0,-10.814,Healthcare,Embecta Corp.,1.835,0.01,forecast_icc,0.14445924399105736,,2026-09-01
EMBJ,71.71,0.95,12761384960.0,177958235.0,19.540102,Industrials,Embraer S.A.,3.15153,0.25111295148705537,forecast_icc,0.09789521351740305,0.2724878274998743,2026-09-01
EMD,10.51,1.14,610950976.0,58130443.0,11.237,Financial Services,Western Asset Emerging Markets ,1.58,0.482,trailing_eps_fallback_icc,0.35223322656640665,1.0691721818134883,2026-09-01
EME,735.25,1.6,32431804416.0,44109901.0,92.199,Industrials,"EMCOR Group, Inc.",32.85062,0.11866960197402676,forecast_icc,0.06242473440791774,0.12539816502755638,2026-09-01
EMF,22.46,0.96,335729760.0,14947897.0,22.669,Financial Services,Templeton Emerging Markets Fund,9.42,0.75,trailing_eps_fallback_icc,0.4,1.0093054517806226,2026-09-01
EML,26.96,0.44,162233360.0,6017558.0,20.648,Industrials,Eastern Company (The),1.33,0.677,trailing_eps_fallback_icc,0.21589566253975445,0.7658753882925188,2026-09-01
EMN,70.14,3.36,8018869248.0,114326623.0,53.321,Basic Materials,Eastman Chemical Company,6.38878,0.0850256230454014,forecast_icc,0.10778135626283569,0.760208163576606,2026-09-01
EMO,55.87,4.47,1118217216.0,20014627.0,,Financial Services,ClearBridge Energy Midstream Op,10.97,0.04,trailing_eps_fallback_icc,0.15141007227194203,,2026-09-01
EMPD,3.51,0.0,98666496.0,28110111.0,4.034,Consumer Cyclical,Empery Digital Inc.,0.81,0.04,trailing_eps_fallback_icc,0.12803047348959373,1.1492876748557077,2026-09-01
EMR,147.63,2.22,82687557632.0,560100000.0,36.535,Industrials,Emerson Electric Company,6.558,0.1046950289722477,forecast_icc,0.06383008089662948,0.2474768161743447,2026-09-01
ENB,50.72,2.8,110776819712.0,2184085509.0,19.05212,Energy,Enbridge Inc,2.91072,0.10566114226033418,forecast_icc,0.09500407412087808,0.37563327161685506,2026-09-01
ENIC,4.31,0.19,5962157568.0,1383331144.0,3.85,Utilities,Enel Chile S.A.,359.756,0.01,forecast_icc,0.4,0.8932714111724731,2026-09-01
ENLT,74.93,0.0,10477409280.0,139829297.0,15.533,Utilities,Enlight Renewable Energy Ltd.,0.58,0.75,forecast_icc,0.08365512319498214,0.20730014569985378,2026-09-01
ENLV,1.28,0.0,22381390.0,17485462.0,122.268,Healthcare,Enlivex Ltd.,382.2,0.04,trailing_eps_fallback_icc,0.4,95.5218808043647,2026-09-01
ENOV,20.53,0.0,1183954816.0,57669494.0,25.615,Healthcare,Enovis Corporation,3.64048,0.10276117435063492,forecast_icc,0.13549398155220793,1.247686202925163,2026-09-01
ENPH,35.54,0.0,4684108800.0,131798220.0,8.944,Technology,"Enphase Energy, Inc.",2.02085,0.13977286785263643,forecast_icc,0.07750373218350715,0.2516600980062632,2026-09-01
ENR,20.77,1.2,1422194432.0,68473485.0,2.967,Industrials,"Energizer Holdings, Inc.",3.29692,0.025032454533322035,forecast_icc,0.1180165771717393,0.14285024988411713,2026-09-01
ENS,181.09,1.15,6531051520.0,36065224.0,54.252,Industrials,EnerSys,13.362,0.0630893578805567,forecast_icc,0.07170953598054614,0.2995858364393978,2026-09-01
ENSG,173.2,0.26,10094517248.0,58282434.0,42.257,Healthcare,"The Ensign Group, Inc.",7.7943,0.09728647858050121,forecast_icc,0.05764621268692116,0.2439780677997213,2026-09-01
ENTG,129.51,0.4,19724371968.0,152300000.0,27.218,Technology,"Entegris, Inc.",3.92154,0.27900263671924797,forecast_icc,0.0785334108852419,0.21016138849567248,2026-09-01
ENVA,221.14,0.0,5506025984.0,24898371.0,60.159,Financial Services,"Enova International, Inc.",17.2025,0.19706438017729977,forecast_icc,0.10968906043389792,0.27204032551637886,2026-09-01
EOD,6.58,0.59,283373696.0,43065914.0,,Financial Services,Wells Fargo Global Dividend Opp,1.79,0.04,trailing_eps_fallback_icc,0.1808673651615701,,2026-09-01
EOG,148.35,4.08,79015444480.0,532628530.0,60.636,Energy,"EOG Resources, Inc.",16.51543,0.01,forecast_icc,0.07731632146767187,0.40873608644009746,2026-09-01
EOLS,9.08,0.0,599737984.0,66050440.0,-0.468,Healthcare,"Evolus, Inc. Common Stock",0.276,0.04,forecast_icc,0.033428495734965896,,2026-09-01
EONR,0.5611,0.0,28037238.0,49968344.0,1.352,Energy,EON Resources Inc.,0.39,0.01,forecast_icc,0.2079853955683767,2.4095526488022823,2026-09-01
EOS,21.43,1.83,1142562176.0,53316015.0,24.451,Financial Services,Eaton Vance Enhance Equity Inco,2.36,0.01,trailing_eps_fallback_icc,0.10024438819844617,1.140970627374418,2026-09-01
EPAC,36.63,0.04,1888026240.0,51543169.0,8.293,Industrials,Enerpac Tool Group Corp.,1.865,0.10455764075067031,forecast_icc,0.06432248887463576,0.22639913125201055,2026-09-01
EPAM,116.34,0.0,6001629184.0,51586981.0,68.212,Technology,"EPAM Systems, Inc.",13.15097,0.0692435615015472,forecast_icc,0.0936704480899112,0.5863159885574164,2026-09-01
EPC,27.94,0.6,1287724288.0,46088915.0,31.681,Consumer Defensive,Edgewell Personal Care Company,1.92539,0.04525316948774005,forecast_icc,0.06810808068222618,1.1338940561436393,2026-09-01
EPD,39.28,2.21,84824260608.0,2159477169.0,14.007,Energy,Enterprise Products Partners L.,3.02817,0.04236221876578927,forecast_icc,0.08611333911610208,0.35659369724385487,2026-09-01
EPM,3.69,0.48,132654928.0,35949843.0,1.671,Energy,Evolution Petroleum Corporation,0.05,0.04,forecast_icc,0.020399677397023475,0.4528455034327862,2026-09-01
EPR,59.36,3.72,4547505664.0,76608922.0,30.167,Real Estate,EPR Properties,3.1,0.01,forecast_icc,0.05369650816613747,0.5082041718538913,2026-09-01
EPRT,30.12,1.28,6530580480.0,216245955.0,20.384,Real Estate,Essential Properties Realty Tru,1.34016,0.03163801337153771,forecast_icc,0.05345313759147696,0.6749717824042497,2026-09-01
EPSN,6.28,0.25,190182144.0,30283779.0,4.295,Energy,Epsilon Energy Ltd.,0.37,0.75,forecast_icc,0.28589558610612864,0.6839171547303621,2026-09-01
EQBK,48.99,0.72,1008826112.0,20592490.0,40.201,Financial Services,"Equity Bancshares, Inc.",5.07857,0.03403714037612948,forecast_icc,0.0810523584622147,0.8205960181272548,2026-09-01
EQH,49.36,1.14,13463719936.0,272765787.0,-6.785,Financial Services,"Equitable Holdings, Inc.",7.16645,0.2574175498329019,forecast_icc,0.18769779256481617,,2026-09-01
EQIX,1027.59,20.64,101394038784.0,98671686.0,145.757,Real Estate,"Equinix, Inc.",17.88333,0.045267296415153035,forecast_icc,0.026020427503009744,0.1418435354660268,2026-09-01
EQNR,44.23,1.56,104999329792.0,2373939125.0,8.857,Energy,Equinor ASA,5.27021,0.01,forecast_icc,0.08346074462695141,0.20024869560383604,2026-09-01
EQPT,16.85,0.0,4269385216.0,215807019.0,4.791,Industrials,EquipmentShare.com Inc,0.43572,0.75,forecast_icc,0.15755952750744895,0.24217337525651844,2026-09-01
EQT,55.59,0.66,34772434944.0,625516000.0,40.381,Energy,EQT Corporation,4.06944,0.06632116458284187,forecast_icc,0.07428745325477559,0.7264076167423658,2026-09-01
EQX,12.18,0.05,14219661312.0,1167459822.0,8.069,Basic Materials,Equinox Gold Corp.,1.10751,0.36674160955657276,forecast_icc,0.17021113982382052,0.6624794428660722,2026-09-01
ERC,9.22,0.87,258656048.0,28053801.0,9.848,Financial Services,109188,0.95,0.01,trailing_eps_fallback_icc,0.10125238897661726,1.068112786784711,2026-09-01
ERH,11.31,1.06,99891744.0,8832161.0,13.934,Financial Services,40135,2.51,0.75,trailing_eps_fallback_icc,0.4,1.2320070352761086,2026-09-01
ERIC,10.06,0.31,32903073792.0,3008927076.0,30.791,Technology,Ericsson,0.59058,0.05618205831555412,forecast_icc,0.06815075458645967,2.8157817164073666,2026-09-01
ERIE,256.09,5.85,13390912512.0,46189068.0,47.181,Financial Services,Erie Indemnity Company,12.7,,forecast_icc,0.010000000000000002,0.16274069562885365,2026-09-01
ERII,7.73,0.0,394576896.0,51044875.0,3.37,Industrials,"Energy Recovery, Inc.",0.04,0.75,forecast_icc,0.06539420322845182,0.43596376395540404,2026-09-01
ERO,34.82,0.0,3631817728.0,104302633.0,11.635,Basic Materials,Ero Copper Corp.,4.01562,0.1913876312997742,forecast_icc,0.13435859963846114,0.33414703761118925,2026-09-01
EROC,11.41,0.0,3118359808.0,48174023.0,1.022,Industrials,"ERock, Inc.",0.4767,0.04,forecast_icc,0.04134882555693657,0.015788380603063493,2026-09-01
EROK,25.23,0.0,3318238720.0,26355259.0,13.405,Energy,"EagleRock Land, LLC",0.48808,0.6289952466808719,forecast_icc,0.1156874527558246,0.10646981025373604,2026-09-01
ES,70.5,3.15,26555570176.0,376674754.0,43.389,Utilities,Eversource Energy (D/B/A),4.65102,0.0570735021565163,forecast_icc,0.07935902370259618,0.615446808070298,2026-09-01
ESAB,74.04,0.42,4602904576.0,62167810.0,38.084,Industrials,ESAB Corporation,5.45727,0.1962538045579565,forecast_icc,0.10914427376985325,0.5143706190184552,2026-09-01
ESCA,20.12,0.61,276973408.0,13766074.0,13.266,Consumer Cyclical,"Escalade, Incorporated",1.56,,forecast_icc,0.010000000000000002,0.6593439384765775,2026-09-01
ESE,267.63,0.32,6933642752.0,25907567.0,62.425,Technology,ESCO Technologies Inc.,8.35666,0.10398293097960187,forecast_icc,0.04557591772513826,0.23325111024915404,2026-09-01
ESEA,76.73,3.2,541359424.0,7055381.0,73.536,Industrials,Euroseas Ltd.,18.14,0.01,forecast_icc,0.127681143878682,0.9583734469467738,2026-09-01
ESI,34.36,0.32,8373053440.0,243686070.0,11.542,Basic Materials,Element Solutions Inc.,1.81026,0.14996188392827547,forecast_icc,0.080367927974342,0.335913850316952,2026-09-01
ESLT,708.7,4.0,33209931776.0,46860353.0,94.292,Industrials,Elbit Systems Ltd.,16.2662,0.12885492616591443,forecast_icc,0.04154679413771467,0.1330492466795485,2026-09-01
ESNT,68.09,1.4,6119690240.0,89876493.0,63.013,Financial Services,Essent Group Ltd.,7.55899,0.039173222877659564,forecast_icc,0.08888637823158002,0.9254369471826404,2026-09-01
ESOA,11.26,0.16,210102368.0,18659181.0,4.506,Industrials,Energy Services of America Corp,0.6,0.3583333333333334,forecast_icc,0.13699332794892582,0.4001776390545013,2026-09-01
ESP,62.22,1.0,186406272.0,2995922.0,20.054,Industrials,Espey Mfg. & Electronics Corp.,3.77,0.01,forecast_icc,0.048194979497840795,0.3223079306473121,2026-09-01
ESQ,111.56,0.8,1350387200.0,12104583.0,37.89,Financial Services,"Esquire Financial Holdings, Inc",6.9,0.24637681159420288,forecast_icc,0.11259656686199848,0.33963788302347653,2026-09-01
ESRT,4.39,0.14,1344858240.0,172165643.0,6.014,Real Estate,"Empire State Realty Trust, Inc.",0.06,0.04,forecast_icc,0.020551435970254356,0.7698983775434949,2026-09-01
ESS,279.0,10.36,19230406656.0,64261739.0,82.826,Real Estate,"Essex Property Trust, Inc.",5.63756,0.09372317101724881,forecast_icc,0.03702287076381772,0.2767774436404513,2026-09-01
ESTA,69.55,0.0,2072721664.0,29801891.0,0.725,Healthcare,Establishment Labs Holdings Inc,0.06,0.04,forecast_icc,0.010000000000000002,0.010424154554984185,2026-09-01
ESTC,92.39,0.0,9700144128.0,104991280.0,12.186,Technology,Elastic N.V.,3.35678,0.17719362007638262,forecast_icc,0.06514138939775782,0.1318973946363202,2026-09-01
ET,21.42,1.36,73755475968.0,3443299601.0,9.286,Energy,Energy Transfer LP,1.72243,0.01,forecast_icc,0.07527165835891647,0.4335200834275497,2026-09-01
ETB,15.6,1.27,458245568.0,29374715.0,16.365,Financial Services,Eaton Vance Tax-Managed Buy-Wri,2.87,0.75,trailing_eps_fallback_icc,0.4,1.0490384294889676,2026-09-01
ETD,23.95,1.56,609439872.0,25446339.0,18.5,Consumer Cyclical,Ethan Allen Interiors Inc.,1.225,0.020408163265306145,forecast_icc,0.057360980521030336,0.772442521614339,2026-09-01
ETG,24.0,1.55,1831725696.0,76321908.0,24.632,Financial Services,Eaton Vance Tax-Advantaged Glob,6.43,0.75,trailing_eps_fallback_icc,0.4,1.0263333871230467,2026-09-01
ETJ,8.36,0.78,562642880.0,67301787.0,,Financial Services,Eaton Vance Risk-Managed Divers,0.29,0.04,trailing_eps_fallback_icc,0.04507381391495463,,2026-09-01
ETN,390.71,4.4,151712694272.0,388300000.0,52.147,Industrials,"Eaton Corporation, PLC",13.5506,0.1857054300178591,forecast_icc,0.07015757713863588,0.13346727640138603,2026-09-01
ETO,31.55,2.08,517045728.0,16388138.0,32.837,Financial Services,Eaton Vance Tax-Advantage Globa,8.41,0.04,trailing_eps_fallback_icc,0.16729878427085343,1.0407924451626067,2026-09-01
ETON,60.43,0.0,1727278976.0,28583135.0,1.647,Healthcare,"Eton Pharmaceuticals, Inc.",1.4,0.75,forecast_icc,0.14954992577305581,0.027254672811463664,2026-09-01
ETOR,31.81,0.0,2529756672.0,66806610.0,16.686,Financial Services,eToro Group Ltd.,2.52704,0.19639578320881346,forecast_icc,0.11081727403568495,0.4406491370487035,2026-09-01
ETR,107.02,2.56,49938898944.0,466631498.0,39.065,Utilities,Entergy Corporation,4.39632,0.15932871128580262,forecast_icc,0.07807184931750843,0.36502525796196295,2026-09-01
ETSY,81.75,0.0,7503157760.0,91781748.0,-15.103,Consumer Cyclical,"Etsy, Inc.",3.34671,0.3406659077123504,forecast_icc,0.1052569298306375,,2026-09-01
ETV,15.2,1.19,1774669440.0,116754568.0,15.815,Financial Services,Eaton Vance Corporation Eaton V,2.52,0.75,trailing_eps_fallback_icc,0.4,1.040460522563571,2026-09-01
ETW,9.8,0.8,1064258304.0,108597786.0,10.749,Financial Services,Eaton Vance Corporation Eaton V,2.06,0.596,trailing_eps_fallback_icc,0.4,1.0968367334571438,2026-09-01
ETX,18.15,0.94,197763536.0,10896063.0,,Financial Services,Eaton Vance Municipal Income 20,0.78,0.04,trailing_eps_fallback_icc,0.05517311554936344,,2026-09-01
ETY,14.32,1.19,2280898304.0,159280608.0,15.584,Financial Services,Eaton Vance Tax-Managed Diversi,2.78,0.04,trailing_eps_fallback_icc,0.15220933549801924,1.088268157646015,2026-09-01
EUDA,13.63,0.0,40812652.0,2994325.0,-2.251,Real Estate,Euda Health Holdings Limited,1.6,,forecast_icc,0.010000000000000002,,2026-09-01
EVAC,10.3,0.0,602012928.0,46947857.0,-0.285,Financial Services,EQV Ventures Acquisition Corp. ,0.7,0.04,trailing_eps_fallback_icc,0.05898434898032867,,2026-09-01
EVC,8.03,0.2,741075072.0,82935576.0,0.906,Communication Services,Entravision Communications Corp,0.02,0.04,trailing_eps_fallback_icc,0.010000000000000002,0.10139273967644671,2026-09-01
EVCM,8.07,0.0,1425688448.0,176665246.0,4.05,Technology,EverCommerce Inc.,0.75282,0.04869689965728852,forecast_icc,0.07626124311698457,0.501858766761923,2026-09-01
EVER,24.83,0.0,878318528.0,31769000.0,7.287,Communication Services,"EverQuote, Inc.",2.6,0.18333461538461537,forecast_icc,0.125146086726238,0.2635726056322018,2026-09-01
EVF,4.94,0.38,89761224.0,18170289.0,5.627,Financial Services,Eaton Vance Senior Income Trust,0.11,0.01,trailing_eps_fallback_icc,0.025014437972631524,1.139068872356286,2026-09-01
EVG,10.68,0.88,143719760.0,13456906.0,11.228,Financial Services,Eaton Vance Short Diversified I,1.04,0.01,trailing_eps_fallback_icc,0.09258766019117937,1.0513108327483986,2026-09-01
EVH,4.28,0.0,483893984.0,113059335.0,3.401,Healthcare,"Evolent Health, Inc",0.19965,0.75,forecast_icc,0.20541201532328068,0.7946261186313901,2026-09-01
EVI,13.41,0.0,172574800.0,12869113.0,11.347,Industrials,"EVI Industries, Inc.",0.53,0.7169811320754718,forecast_icc,0.18398730245344053,0.8461596085349656,2026-09-01
EVN,10.61,0.62,423581696.0,39922876.0,10.796,Financial Services,Eaton Vance Municipal Income Tr,0.93,0.04,trailing_eps_fallback_icc,0.09241766096477211,1.0175306755842444,2026-09-01
EVR,286.23,3.56,11007769600.0,38457778.0,48.331,Financial Services,Evercore Inc.,19.53975,0.15576248416689054,forecast_icc,0.09697824717649775,0.1688537220580998,2026-09-01
EVRG,81.52,2.78,18795835392.0,230567172.0,44.34,Utilities,"Evergy, Inc.",4.25934,0.071769335155212,forecast_icc,0.06936541219301218,0.5439156171175731,2026-09-01
EVT,28.59,1.98,2131178240.0,74542782.0,28.586,Financial Services,Eaton Vance Tax Advantaged Divi,6.39,0.04,trailing_eps_fallback_icc,0.155377926267945,0.9998600427958573,2026-09-01
EVTC,29.16,0.2,1796849280.0,61620344.0,10.735,Technology,"Evertec, Inc.",3.9976,0.09524214528717234,forecast_icc,0.11758128968881831,0.36814127940658437,2026-09-01
EVV,9.07,0.84,1053965312.0,116203460.0,10.129,Financial Services,316100,0.62,0.01,trailing_eps_fallback_icc,0.07024960588799306,1.1167586190350824,2026-09-01
EW,90.74,0.0,52248092672.0,575800000.0,18.415,Healthcare,Edwards Lifesciences Corporatio,2.99944,0.1260435281252501,forecast_icc,0.051355666160393665,0.20294247038959165,2026-09-01
EWBC,126.76,3.2,17367623680.0,137011856.0,67.483,Financial Services,"East West Bancorp, Inc.",10.64038,0.0684674795449034,forecast_icc,0.0869696273038153,0.5323682300357166,2026-09-01
EWTX,42.25,0.0,4588524544.0,108604129.0,4.157,Healthcare,"Edgewise Therapeutics, Inc.",1.38027,0.01,forecast_icc,0.028929331321081532,0.09839053053412196,2026-09-01
EXC,43.83,1.68,45156032512.0,1030253967.0,28.77,Utilities,Exelon Corporation,2.85674,0.0635549612495363,forecast_icc,0.07834104475302006,0.6563997096669909,2026-09-01
EXE,99.98,2.3,23918100480.0,239228849.0,82.825,Energy,Expand Energy Corporation,8.85883,0.01,forecast_icc,0.06518863992746152,0.8284156776995445,2026-09-01
EXEL,56.89,0.0,14096300032.0,247781692.0,7.408,Healthcare,"Exelixis, Inc.",3.57833,0.16162287994679092,forecast_icc,0.08812371964571797,0.13021621064882852,2026-09-01
EXFY,2.49,0.0,227054800.0,78936804.0,1.464,Technology,"Expensify, Inc.",0.12,0.01,forecast_icc,0.03761844977934371,0.5089673552640155,2026-09-01
EXG,9.85,0.79,3013469952.0,305936026.0,,Financial Services,Eaton Vance Tax-Managed Global ,2.23,0.04,trailing_eps_fallback_icc,0.16180823553386958,,2026-09-01
EXK,10.24,0.0,3032519424.0,296144479.0,2.406,Basic Materials,Endeavour Silver Corporation,0.79735,0.47955101272966716,forecast_icc,0.18448534546381323,0.23496094067359882,2026-09-01
EXLS,37.42,0.0,5717136896.0,152782931.0,5.709,Technology,"ExlService Holdings, Inc.",2.28879,0.1346694104745303,forecast_icc,0.07986542393996998,0.1525654832035353,2026-09-01
EXOD,7.37,0.0,222598016.0,11015102.0,6.673,Technology,"Exodus Movement, Inc.",0.06,0.04,forecast_icc,0.012219736390860728,0.33020858391657903,2026-09-01
EXP,191.53,1.0,5875244544.0,30675325.0,48.27,Basic Materials,Eagle Materials Inc,12.64146,0.11850371713393848,forecast_icc,0.0816609008198369,0.2520232011894959,2026-09-01
EXPD,187.7,1.62,24399239168.0,129990622.0,16.295,Industrials,Expeditors International of Was,7.72071,0.04533002793784524,forecast_icc,0.044340908979671245,0.08681406706599484,2026-09-01
EXPE,304.23,1.92,36513484800.0,114495891.0,10.075,Consumer Cyclical,"Expedia Group, Inc.",20.87479,0.15879968133811162,forecast_icc,0.09510709739844148,0.031592331111189906,2026-09-01
EXPO,70.3,1.23,3342489856.0,47546084.0,6.072,Industrials,"Exponent, Inc.",2.5121,0.12967636638668845,forecast_icc,0.06187329275174125,0.08637268458115553,2026-09-01
EXR,140.12,6.48,30924838912.0,211269558.0,62.752,Real Estate,Extra Space Storage Inc,4.59088,0.04695613912801022,forecast_icc,0.04454673147484341,0.4287035202136998,2026-09-01
EXTR,21.78,0.0,2842086656.0,130490653.0,0.675,Technology,"Extreme Networks, Inc.",1.30506,0.164942608002697,forecast_icc,0.08637014923881103,0.03099173298922804,2026-09-01
EYE,16.69,0.0,1319666816.0,79069313.0,11.346,Consumer Cyclical,"National Vision Holdings, Inc.",1.00539,0.01,forecast_icc,0.04410884000759535,0.6798082776812052,2026-09-01
EZPW,31.8,0.0,1953899264.0,58473206.0,18.945,Financial Services,"EZCORP, Inc.",2.036,0.07367387033398809,forecast_icc,0.06613248070887953,0.5669559879981613,2026-09-01
EZRA,2.77,0.0,2274026.0,820948.0,8.101,Financial Services,"Reliance Global Group, Inc.",3.07,0.04,trailing_eps_fallback_icc,0.2925730674725521,2.924548685019433,2026-09-01
F,13.84,0.6,55188324352.0,3916743591.0,8.958,Consumer Cyclical,Ford Motor Company,1.86718,0.02470035026082118,forecast_icc,0.10187816244119197,0.6357538392431097,2026-09-01
FA,20.17,0.0,3464272128.0,171753691.0,7.542,Industrials,First Advantage Corporation,1.27564,0.18035652691982063,forecast_icc,0.09314836943986998,0.37392164635456726,2026-09-01
FAF,73.59,2.2,7513538560.0,102100000.0,55.106,Financial Services,First American Corporation (New,7.14233,0.03444394196291678,forecast_icc,0.08333177349108334,0.7488246124073927,2026-09-01
FANG,203.16,4.4,57151614976.0,281313297.0,135.083,Energy,"Diamondback Energy, Inc.",20.23237,0.01,forecast_icc,0.07005311049713214,0.6649093663338967,2026-09-01
FAST,48.75,0.96,55940509696.0,1147497573.0,3.546,Industrials,Fastenal Company,1.25945,0.10697526698161908,forecast_icc,0.04614109252384313,0.0727384576216858,2026-09-01
FATN,6.15,0.0,86890080.0,14128468.0,1.877,Technology,"FatPipe, Inc.",0.45,0.17037777777777774,forecast_icc,0.09884523040651447,0.3052032457099821,2026-09-01
FAX,14.65,1.98,604790464.0,41282628.0,15.701,Financial Services,592314,1.01,0.04,trailing_eps_fallback_icc,0.08576056476863736,1.0717406784839782,2026-09-01
FBIN,42.77,1.04,5105518080.0,119371477.0,19.338,Industrials,"Fortune Brands Innovations, Inc",3.33794,0.034227697322300576,forecast_icc,0.0707199315932554,0.452139349240342,2026-09-01
FBIO,2.68,0.0,89380664.0,33350993.0,4.927,Healthcare,"Fortress Biotech, Inc.",2.55,0.01,forecast_icc,0.24587607212728557,1.83843277905163,2026-09-01
FBIZ,69.8,1.36,584108736.0,8368320.0,45.805,Financial Services,First Business Financial Servic,6.532,0.06031843233312917,forecast_icc,0.0874771974356533,0.6562320916905444,2026-09-01
FBK,55.51,0.84,2774286336.0,49978138.0,38.749,Financial Services,FB Financial Corporation,4.68125,0.09826435246996001,forecast_icc,0.09283760599981095,0.6980544308754438,2026-09-01
FBLA,15.59,0.0,226364896.0,14519878.0,19.386,Financial Services,"FB Bancorp, Inc.",0.17,0.04,trailing_eps_fallback_icc,0.015574848919193921,1.2434894273889534,2026-09-01
FBNC,62.28,0.96,2576786432.0,41374221.0,41.486,Financial Services,First Bancorp,4.722,0.06999152901312988,forecast_icc,0.07845587293042086,0.666120758433891,2026-09-01
FBP,27.85,0.8,4251811328.0,152668268.0,13.035,Financial Services,First BanCorp. New,2.39709,0.06300556090926923,forecast_icc,0.08776833710308318,0.46804308090408286,2026-09-01
FBRT,8.34,1.11,692598784.0,83045416.0,14.766,Real Estate,"Franklin BSP Realty Trust, Inc.",0.845,0.3846153846153846,forecast_icc,0.2742937488759293,1.7705035599022938,2026-09-01
FC,19.51,0.0,220343472.0,11293873.0,3.8,Consumer Defensive,Franklin Covey Company,1.255,0.11952191235059773,forecast_icc,0.07851070817153272,0.19477190320392154,2026-09-01
FCAP,61.46,1.28,205560656.0,3344625.0,42.601,Financial Services,"First Capital, Inc.",5.52,0.265,trailing_eps_fallback_icc,0.15149760133121626,0.693150004468754,2026-09-01
FCBC,48.12,1.26,909964992.0,18910329.0,28.52,Financial Services,"First Community Bankshares, Inc",3.01,0.029900332225913706,forecast_icc,0.060236057551800504,0.5926849799953623,2026-09-01
FCBM,12.55,0.0,389914112.0,31068852.0,13.829,Financial Services,First Carolina Financial Servic,0.91667,0.42908571241559135,forecast_icc,0.16615689943989953,1.1019122957724599,2026-09-01
FCCO,32.96,0.68,309815136.0,9399731.0,24.254,Financial Services,First Community Corporation,3.14333,0.05620472556174483,forecast_icc,0.08742804205894752,0.7358616451650704,2026-09-01
FCF,20.53,0.56,2074678272.0,101055925.0,15.581,Financial Services,First,1.72667,0.13899587066434238,forecast_icc,0.11149370830075667,0.7589380911128566,2026-09-01
FCFS,215.56,1.68,9349225472.0,43371800.0,53.4,Financial Services,"FirstCash Holdings, Inc.",11.322,0.15986574810104237,forecast_icc,0.08197150018902633,0.24772684399754308,2026-09-01
FCN,151.36,0.0,4179288064.0,27611575.0,49.156,Industrials,"FTI Consulting, Inc.",9.3,0.17562688172043006,forecast_icc,0.09037263389816907,0.32476215085326077,2026-09-01
FCNCA,2141.16,8.4,24180375552.0,10287935.0,1767.716,Financial Services,"First Citizens BancShares, Inc.",192.63698,0.024328765951376452,forecast_icc,0.06679218546952026,0.7521035919128143,2026-09-01
FCPT,24.84,1.47,2726170112.0,109749197.0,10.365,Real Estate,"Four Corners Property Trust, In",1.14138,0.031759799540906464,forecast_icc,0.05588979774173064,0.417270522443832,2026-09-01
FCX,72.47,0.6,104068194304.0,1436017523.0,14.003,Basic Materials,"Freeport-McMoRan, Inc.",3.00768,0.37474731354399404,forecast_icc,0.12012091773111722,0.1932247744765194,2026-09-01
FDBC,53.03,1.72,308025184.0,5808508.0,43.54,Financial Services,"Fidelity D & D Bancorp, Inc.",5.26,0.108,trailing_eps_fallback_icc,0.11345757219155594,0.8210446789961174,2026-09-01
FDS,305.44,4.64,10863139840.0,35565543.0,56.804,Financial Services,FactSet Research Systems Inc.,17.8291,0.10548204900976499,forecast_icc,0.07624026600114953,0.18597432550145648,2026-09-01
FDSB,18.4,0.0,96336104.0,5235658.0,24.64,Financial Services,"Fifth District Bancorp, Inc.",0.34,0.01,trailing_eps_fallback_icc,0.01894123531731367,1.3391304792645549,2026-09-01
FDX,324.88,4.88,76889489408.0,236670435.0,131.863,Industrials,FedEx Corporation,17.704,0.17717521464075925,forecast_icc,0.09188521519009896,0.40588217987513314,2026-09-01
FDXF,127.57,0.0,19074027520.0,149518133.0,-3.324,Industrials,"FedEx Freight Holding Company, ",4.302,0.1747443049744306,forecast_icc,0.061507789633618,,2026-09-01
FE,46.16,1.86,26700382208.0,578431175.0,22.354,Utilities,FirstEnergy Corp.,2.73338,0.07903035801827762,forecast_icc,0.07995052280015316,0.48427211210766197,2026-09-01
FEDU,9.6841,0.0,21899992.0,2261438.0,31.131554,Consumer Defensive,Four Seasons Education (Cayman),0.3,0.04,forecast_icc,0.03385734065939483,3.2147079877769817,2026-09-01
FEIM,58.98,0.0,659250688.0,11177530.0,5.715,Technology,"Frequency Electronics, Inc.",0.93,0.75,forecast_icc,0.12359750269849712,0.09689725792140545,2026-09-01
FELE,98.43,1.12,4351734272.0,44211464.0,31.834,Industrials,"Franklin Electric Co., Inc.",4.65,0.11021505376344076,forecast_icc,0.06635133672834065,0.3234176668441579,2026-09-01
FENC,12.03,0.0,421857920.0,35067159.0,1.211,Healthcare,Fennec Pharmaceuticals Inc.,0.334,0.75,forecast_icc,0.16288609968602852,0.1006650048172617,2026-09-01
FENG,1.47,0.0,17655842.0,5399831.0,14.315457,Communication Services,Phoenix New Media Limited,0.68,0.04,forecast_icc,0.18760616379095196,4.378213652329183,2026-09-01
FER,57.7,1.66,41587400704.0,720752182.0,9.248932,Industrials,Ferrovial N.V.,1.15794,0.14359984109712065,forecast_icc,0.045254789766182246,0.16029344963433723,2026-09-01
FERA,10.51,0.0,328612672.0,23600000.0,-0.478,Financial Services,Fifth Era Acquisition Corp I,0.16,0.469,trailing_eps_fallback_icc,0.07638308854488496,,2026-09-01
FERG,218.91,3.56,42348736512.0,193452717.0,32.054,Industrials,Ferguson Enterprises Inc.,11.31216,0.11133417490558828,forecast_icc,0.07261130777973424,0.1464254639323394,2026-09-01
FET,82.25,0.0,925007744.0,11246295.0,25.73,Energy,"Forum Energy Technologies, Inc.",4.01,0.23690773067331672,forecast_icc,0.092310240268075,0.31282675439958263,2026-09-01
FF,5.46,0.14,239493728.0,43863318.0,3.49,Basic Materials,FutureFuel Corp.,0.8,0.04,forecast_icc,0.10724858778853463,0.6391941079141747,2026-09-01
FFA,23.09,1.55,461524896.0,19988085.0,23.72,Financial Services,First Trust Enhanced Equity Inc,4.04,0.75,trailing_eps_fallback_icc,0.4,1.0272845090462899,2026-09-01
FFBC,32.02,1.01,3361105664.0,104968940.0,28.464,Financial Services,First Financial Bancorp.,3.2,0.0869781249999999,forecast_icc,0.10590418318352357,0.8889443554726638,2026-09-01
FFIN,32.6,0.88,4672225792.0,143319824.0,14.025,Financial Services,"First Financial Bankshares, Inc",2.046,0.055718475073313956,forecast_icc,0.06945583747857753,0.4302147672404271,2026-09-01
FFIV,395.72,0.0,22408509440.0,56627182.0,67.851,Technology,"F5, Inc.",17.33147,0.04300212272819337,forecast_icc,0.04358984813244726,0.17146213746031294,2026-09-01
FG,23.64,1.0,3095308288.0,130935209.0,35.199,Financial Services,"F&G Annuities & Life, Inc.",3.4525,0.4386676321506153,forecast_icc,0.26712349375879907,1.488959416242483,2026-09-01
FGBI,8.31,0.04,137439872.0,16539094.0,11.747,Financial Services,"First Guaranty Bancshares, Inc.",0.4,0.625,forecast_icc,0.1857322985324924,1.4135980657636236,2026-09-01
FGI,7.18,0.0,13866525.0,1931271.0,8.844,Consumer Cyclical,FGI Industries Ltd.,0.2,0.75,forecast_icc,0.16313470630003912,1.23175494393873,2026-09-01
FHB,25.25,1.04,3072435968.0,121680634.0,23.225,Financial Services,"First Hawaiian, Inc.",2.34768,0.0755980372112044,forecast_icc,0.10207298628319605,0.9198019923225947,2026-09-01
FHI,62.17,1.44,4641629696.0,74651281.0,17.536,Financial Services,"Federated Hermes, Inc.",5.56923,0.05982694196504723,forecast_icc,0.08645135141507743,0.28203130136471793,2026-09-01
FHN,24.03,0.68,11384865792.0,473777158.0,17.906,Financial Services,First Horizon Corporation,2.13912,0.07787781891618972,forecast_icc,0.09467280331862249,0.7451518486154852,2026-09-01
FIBK,36.315,1.88,3460986624.0,95304607.0,34.774,Financial Services,"First Interstate BancSystem, In",2.70894,0.05161428455410588,forecast_icc,0.08626645573196245,0.9575657937642467,2026-09-01
FICO,1103.68,0.0,23836880896.0,21597635.0,-189.709,Technology,Fair Isaac Corporation,43.0925,0.23348146429193006,forecast_icc,0.07999307340344297,,2026-09-01
FIEE,4.1,0.0,34967252.0,8528598.0,0.624,Technology,"FiEE, Inc",0.47,0.04,trailing_eps_fallback_icc,0.08375293765175224,0.15219512108071862,2026-09-01
FIG,27.2,0.0,14497868800.0,455113611.0,2.785,Technology,"Figma, Inc.",0.28801,0.23547793479393064,forecast_icc,0.03333138937442903,0.08742605027816226,2026-09-01
FIGR,33.7,0.0,7561534464.0,185672153.0,6.319,Financial Services,"Figure Technology Solutions, In",1.31667,0.12911359718076665,forecast_icc,0.058366076480298054,0.15516193708999537,2026-09-01
FIGS,15.26,0.0,2535300096.0,157856601.0,2.669,Consumer Cyclical,"FIGS, Inc.",0.3554,0.043556555993246926,forecast_icc,0.028336424773507805,0.16618122199171803,2026-09-01
FINS,12.749,1.38,426031424.0,33416851.0,20.07,Financial Services,Angel Oak Financial Strategies Income Term Trust,1.67,0.01,trailing_eps_fallback_icc,0.1212992683980898,1.5742411516808676,2026-09-01
FINV,3.32,0.31,783832064.0,122754002.0,10.118851,Financial Services,FinVolution Group,6.82609,0.10981835867971257,forecast_icc,0.4,1.5846882424698845,2026-09-01
FINW,13.98,0.0,194079856.0,13882680.0,14.553,Financial Services,FinWise Bancorp,0.72,0.4537083333333334,forecast_icc,0.14564871841974336,1.040987180246053,2026-09-01
FIS,40.83,1.76,21104175104.0,516879151.0,31.081,Technology,Fidelity National Information S,6.19216,0.08217003436603698,forecast_icc,0.135829736487605,0.7612295108936089,2026-09-01
FISI,40.04,1.28,789042688.0,19706360.0,31.774,Financial Services,"Financial Institutions, Inc.",4.19,0.026252983293555854,forecast_icc,0.08432107732399283,0.7935564097642331,2026-09-01
FISV,51.67,0.0,27476385792.0,531766721.0,50.667,,"Fiserv, Inc.",7.26435,0.11727821484372325,forecast_icc,0.12414437132413614,0.9805883734807548,2026-09-01
FITB,53.01,1.6,48057434112.0,906573000.0,35.629,Financial Services,Fifth Third Bancorp,3.06788,0.5948342177660142,forecast_icc,0.22482378741993003,0.6721184768567279,2026-09-01
FIVE,245.08,0.0,13551784960.0,55295351.0,41.819,Consumer Cyclical,"Five Below, Inc.",9.24236,0.07830683937868699,forecast_icc,0.04650399538235506,0.17063407442594192,2026-09-01
FIVN,34.03,0.0,2542841600.0,74723531.0,10.503,Technology,"Five9, Inc.",3.25913,0.1776486362925076,forecast_icc,0.11749162217315157,0.30863945520358016,2026-09-01
FIX,1554.37,3.6,54705008640.0,35194329.0,18.355,Industrials,"Comfort Systems USA, Inc.",49.00705,0.22795556965783503,forecast_icc,0.07002482469140994,0.01180864284376795,2026-09-01
FIZZ,31.69,0.0,2966567680.0,93612102.0,6.844,Consumer Defensive,National Beverage Corp.,1.9467,0.05476447321107525,forecast_icc,0.05914902218523388,0.2159671698735692,2026-09-01
FKWL,2.49,0.0,29342858.0,11784280.0,2.842,Technology,Franklin Wireless Corp.,0.09,0.01,forecast_icc,0.0310386710411423,1.1413654307293448,2026-09-01
FLC,16.54,1.25,172955824.0,10456821.0,18.694,Financial Services,Flaherty & Crumrine Total Retur,1.79,0.75,trailing_eps_fallback_icc,0.3892747568921201,1.130229715618018,2026-09-01
FLEX,106.86,0.0,39474401280.0,369402978.0,14.89,Technology,Flex Ltd.,4.72433,0.5052102626192496,forecast_icc,0.1463012107065617,0.13934119743588927,2026-09-01
FLG,13.06,0.04,5421112320.0,415092836.0,18.313,Financial Services,"Flagstar Bank, N.A.",0.35343,0.75,forecast_icc,0.1658810293904599,1.402220551236983,2026-09-01
FLNC,10.42,0.0,1937175680.0,143163588.0,2.607,Utilities,"Fluence Energy, Inc.",0.24152,0.04,forecast_icc,0.027705012448203538,0.1926657854366621,2026-09-01
FLNG,31.47,3.0,1702286976.0,54092376.0,12.987,Energy,FLEX LNG Ltd.,2.405,0.01,forecast_icc,0.07851574033670372,0.4126787651061721,2026-09-01
FLO,6.69,0.5,1418234752.0,211993230.0,6.242,Consumer Defensive,"Flowers Foods, Inc.",0.7828,0.01,forecast_icc,0.09845982759811867,0.9330343511847607,2026-09-01
FLOC,21.7,0.36,2360867328.0,43972689.0,8.305,Energy,Flowco Holdings Inc.,1.43526,0.15131753131836745,forecast_icc,0.09605553088996299,0.1546860248408673,2026-09-01
FLR,56.25,0.0,7522934784.0,133741067.0,19.813,Industrials,Fluor Corporation,2.70598,0.24394119690463367,forecast_icc,0.09317099198387668,0.352231122102334,2026-09-01
FLS,76.64,0.88,9795130368.0,127807021.0,17.756,Industrials,Flowserve Corporation,4.11295,0.13298970325435522,forecast_icc,0.0779418310066178,0.23168057796247188,2026-09-01
FLUT,97.0,0.0,16833293312.0,173539102.0,50.438,Consumer Cyclical,Flutter Entertainment plc,5.02298,0.01,forecast_icc,0.039396361085149656,0.519979368531305,2026-09-01
FLX,1.87,0.0,136752928.0,57937317.0,1.626356,Industrials,BINGEX LIMITED,0.40896615,0.04,forecast_icc,0.12412293507309646,0.6890287798945847,2026-09-01
FLXS,79.22,1.0,322873856.0,4075661.0,32.504,Consumer Cyclical,"Flexsteel Industries, Inc.",5.29,0.14366729678638945,forecast_icc,0.09248139722846471,0.4103004398844854,2026-09-01
FLYW,18.185,0.0,2212526592.0,121667674.0,6.715,Technology,Flywire Corporation - Voting,1.05304,0.2778147078933375,forecast_icc,0.1119454771454963,0.369260389395582,2026-09-01
FMAO,33.89,0.92,466772448.0,13773162.0,28.257,Financial Services,"Farmers & Merchants Bancorp, In",3.17333,0.03046326729334803,forecast_icc,0.07883481755375465,0.8337857992723684,2026-09-01
FMBH,49.79,1.04,1324509184.0,26601912.0,41.427,Financial Services,"First Mid Bancshares, Inc.",4.73429,0.04375312876904469,forecast_icc,0.0826887511188138,0.8320345541854696,2026-09-01
FMC,11.88,0.32,1487694848.0,125226839.0,13.071,Basic Materials,FMC Corporation,1.2918,0.27137327759715113,forecast_icc,0.17189909828341,1.1002525247496187,2026-09-01
FMFC,0.2298,0.0,4205340.0,15300000.0,0.44,Consumer Cyclical,Kandal M Venture Limited,0.01,0.04,trailing_eps_fallback_icc,0.04264374068516019,1.6008218122672602,2026-09-01
FMNB,15.37,0.72,910635200.0,59247572.0,13.235,Financial Services,Farmers National Banc Corp.,1.67667,0.04969970238627752,forecast_icc,0.10312689506442596,0.8610930210253238,2026-09-01
FMS,22.74,0.87,12102668288.0,532219370.0,27.490564,Healthcare,Fresenius Medical Care AG,2.06725,0.5207788124319748,forecast_icc,0.24843927541330746,1.2089078461756713,2026-09-01
FMX,119.96,5.9,40868147200.0,340681468.0,37.613625,Consumer Defensive,Fomento Economico Mexicano S.A.,5.875,0.01,forecast_icc,0.05036037604300833,0.3135514051833869,2026-09-01
FMY,11.635,0.78,49019592.0,4213115.0,12.646,Financial Services,First Trust Motgage Income Fund,0.71,0.01,trailing_eps_fallback_icc,0.06272711342942927,1.0868930179998235,2026-09-01
FN,402.07,0.0,14408124416.0,35834864.0,68.488,Technology,Fabrinet,18.19723,0.19730970043242846,forecast_icc,0.07956212710707156,0.17033849061620984,2026-09-01
FNB,17.87,0.52,6361075712.0,355963949.0,19.343,Financial Services,F.N.B. Corporation,1.6875,0.11037037037037045,forecast_icc,0.10971134001684957,1.082428661007423,2026-09-01
FND,47.74,0.0,5083831296.0,106489965.0,23.351,Consumer Cyclical,"Floor & Decor Holdings, Inc.",1.9757,0.11560965733664008,forecast_icc,0.05782280511945678,0.4891285780217597,2026-09-01
FNF,46.04,2.08,12347597824.0,268192827.0,27.81,Financial Services,"Fidelity National Financial, In",5.15731,0.1224184700939055,forecast_icc,0.13303488157396226,0.6040399618760696,2026-09-01
FNGR,0.2064,0.0,12654459.0,61310361.0,0.218,Communication Services,"FingerMotion, Inc.",0.03,0.04,forecast_icc,0.09723909034108169,1.056201509523244,2026-09-01
FNKO,6.2,0.0,347173760.0,55995766.0,3.352,Consumer Cyclical,"Funko, Inc.",0.39,0.01,forecast_icc,0.04557952349254191,0.540645144471748,2026-09-01
FNLC,33.95,1.52,383035456.0,11282340.0,25.974,Financial Services,"First Bancorp, Inc (ME)",3.37,0.181,trailing_eps_fallback_icc,0.14640545542909,0.7650662479663503,2026-09-01
FNRN,16.63,0.0,272653888.0,16395303.0,13.245,Financial Services,First Northern Community Bancor,1.3,0.01,trailing_eps_fallback_icc,0.05356129925730613,0.7964521974284114,2026-09-01
FNV,255.42,1.76,49259159552.0,192855530.0,42.726,Basic Materials,Franco-Nevada Corporation,8.45577,0.10734208711920967,forecast_icc,0.05009512200650856,0.16727742514732866,2026-09-01
FNWB,11.1,0.28,105578928.0,9511615.0,17.813,Financial Services,First Northwest Bancorp,0.08,0.75,forecast_icc,0.09374153640553817,1.6047747519751288,2026-09-01
FNWD,42.56,0.62,184412576.0,4333002.0,41.146,Financial Services,Finward Bancorp,2.63,0.1901140684410647,forecast_icc,0.10195995656641188,0.9667762587514639,2026-09-01
FOA,17.06,0.0,157258320.0,9217956.0,38.791,Financial Services,Finance of America Companies In,4.59333,0.11828891022417287,forecast_icc,0.1758751961301278,2.273798494070139,2026-09-01
FOF,13.42,1.04,372723712.0,27773750.0,,Financial Services,Cohen & Steers Closed-End Oppor,2.27,0.04,trailing_eps_fallback_icc,0.13995377950490762,,2026-09-01
FOIL,22.48,0.0,1757001728.0,78158437.0,11.013034,Industrials,Londian Wason New Energy Tech I,0.04,0.04,trailing_eps_fallback_icc,0.010000000000000002,0.48990362977483537,2026-09-01
FOR,27.52,0.0,1403760384.0,51008733.0,36.398,Real Estate,Forestar Group Inc,2.88667,0.03925976990788693,forecast_icc,0.07880369690064082,1.322601695343185,2026-09-01
FORM,95.41,0.0,7437664768.0,77954772.0,14.226,Technology,"FormFactor, Inc.",3.05714,0.1366833053115004,forecast_icc,0.05223326331705269,0.14910386809087228,2026-09-01
FORR,12.23,0.0,232846960.0,19039000.0,6.308,Industrials,"Forrester Research, Inc.",0.775,0.16774193548387095,forecast_icc,0.09007249837821296,0.5157808888722447,2026-09-01
FORTY,125.72,2.67,1927874304.0,15334667.0,78.738,Technology,Formula Systems (1985) Ltd.,4.71,0.547,trailing_eps_fallback_icc,0.16880494762493303,0.6262965421245638,2026-09-01
FOUR,41.08,0.0,3243681792.0,78960120.0,7.763,Technology,"Shift4 Payments, Inc.",5.19634,0.2123359903316564,forecast_icc,0.14773352584381605,0.18897273248929097,2026-09-01
FOX,59.03,0.58,24818423808.0,220248764.0,27.713,Communication Services,Fox Corporation,5.745,0.031,forecast_icc,0.07501993179748812,0.2459364077248334,2026-09-01
FOXA,65.93,0.58,27719442432.0,200188712.0,27.713,Communication Services,Fox Corporation,5.91574,0.01,forecast_icc,0.06155380395837465,0.2001421850120423,2026-09-01
FOXF,20.04,0.0,842301248.0,42031001.0,15.87,Consumer Cyclical,Fox Factory Holding Corp.,1.592,0.1547298994974875,forecast_icc,0.0993875477451095,0.7919161789844575,2026-09-01
FPF,17.63,1.65,1072747136.0,60847827.0,,Financial Services,First Trust Intermediate Durati,2.54,0.04,trailing_eps_fallback_icc,0.1381875543302279,,2026-09-01
FPH,5.05,0.0,746907648.0,71783254.0,11.823,Real Estate,"Five Point Holdings, LLC",0.66,0.75,forecast_icc,0.311762457689961,1.1362762375168503,2026-09-01
FPI,10.55,0.36,463395424.0,43630722.0,10.607,Real Estate,Farmland Partners Inc.,0.235,0.02127659574468077,forecast_icc,0.027485666383154972,0.9986958098533143,2026-09-01
FPS,29.27,0.0,8910633984.0,259971169.0,1.829,Industrials,"Forgent Power Solutions, Inc.",0.67494,0.7319020950010373,forecast_icc,0.14584172923944505,0.05336177750705376,2026-09-01
FR,62.43,2.0,8553936896.0,132570424.0,20.936,Real Estate,"First Industrial Realty Trust, ",2.51,0.01,forecast_icc,0.03929767521571492,0.32446982373249433,2026-09-01
FRA,11.02,1.49,390491072.0,35434758.0,12.972,Financial Services,Blackrock Floating Rate Income ,0.7,0.04,trailing_eps_fallback_icc,0.07948717616835765,1.1771323693054883,2026-09-01
FRAF,61.24,1.36,275554400.0,4499582.0,40.912,Financial Services,Franklin Financial Services Cor,5.79,0.13816925734024177,forecast_icc,0.11568352596431042,0.6680600955165297,2026-09-01
FRBA,17.7,0.33,438146400.0,24754032.0,18.314,Financial Services,First Bank,1.60667,0.12344165261067919,forecast_icc,0.1066697939303568,1.0346891861898215,2026-09-01
FRBT,17.96,0.0,911728192.0,30016203.0,19.461,Financial Services,"Forbright, Inc.",1.13883,0.75,forecast_icc,0.23381636591774846,0.640701177948219,2026-09-01
FRD,43.95,0.16,317002176.0,7212791.0,22.758,Basic Materials,Friedman Industries Inc.,3.84,0.75,trailing_eps_fallback_icc,0.2710024418407272,0.517815680792046,2026-09-01
FRHC,171.87,0.0,10963185664.0,63787666.0,24.993,Financial Services,Freedom Holding Corp.,4.5,0.01,forecast_icc,0.02467280641708495,0.14541805504334837,2026-09-01
FRME,40.91,1.48,2569206272.0,62801423.0,42.955,Financial Services,First Merchants Corporation,3.86333,0.16005363248803506,forecast_icc,0.13058286387286777,1.0499877547259078,2026-09-01
FRMI,4.63,0.0,2965363712.0,640467348.0,1.617,Real Estate,Fermi Inc.,0.11589,0.04,forecast_icc,0.029251230405865303,0.3492440733408422,2026-09-01
FRO,44.32,3.13,9866646528.0,222622889.0,12.763,Energy,Frontline Plc,7.89692,0.01,forecast_icc,0.12105882455378969,0.2879738241603906,2026-09-01
FROG,91.78,0.0,11316594688.0,123301311.0,7.808,Technology,JFrog Ltd.,0.98017,0.1681749084342512,forecast_icc,0.02711399020987073,0.08507299791419375,2026-09-01
FRPH,22.07,0.0,423088000.0,19170275.0,22.343,Real Estate,"FRP Holdings, Inc.",0.42,0.04,forecast_icc,0.02400966952859862,1.0123696590898348,2026-09-01
FRPT,70.31,0.0,3378962944.0,48058074.0,25.454,Consumer Defensive,"Freshpet, Inc.",1.67827,0.16943042537851483,forecast_icc,0.04751658722158181,0.36202534205595593,2026-09-01
FRSH,13.46,0.0,3511993600.0,236959436.0,3.409,Technology,Freshworks Inc.,0.66967,0.2441799692385802,forecast_icc,0.09508916308543192,0.23001030449599907,2026-09-01
FRST,15.63,0.4,387609504.0,24799072.0,17.539,Financial Services,Primis Financial Corp.,1.39,0.39568345323741005,forecast_icc,0.1946534558302765,1.1221368911738554,2026-09-01
FRT,117.03,4.64,10172060672.0,86389197.0,36.885,Real Estate,Federal Realty Investment Trust,4.176,0.01,forecast_icc,0.037250300141629666,0.3132566383639635,2026-09-01
FSBC,45.34,1.0,1112490112.0,24536614.0,22.136,Financial Services,Five Star Bancorp,3.496,0.07151029748283744,forecast_icc,0.08238196925837746,0.48822230565946817,2026-09-01
FSBW,42.43,1.16,333590944.0,7862148.0,43.569,Financial Services,"FS Bancorp, Inc.",4.34,0.07526958525345617,forecast_icc,0.10105979624687678,1.0268442005787783,2026-09-01
FSCO,5.19,0.76,1049779456.0,202269645.0,,Financial Services,FS Credit Opportunities Corp.,0.61,0.04,trailing_eps_fallback_icc,0.14016074854786276,,2026-09-01
FSHP,11.54,0.0,57994464.0,5025517.0,-1.076,Financial Services,Flag Ship Acquisition Corp.,0.17,0.01,trailing_eps_fallback_icc,0.015813195401613835,,2026-09-01
FSI,5.78,0.0,73825040.0,12772498.0,2.9,Basic Materials,Flexible Solutions Internationa,0.32,0.04,forecast_icc,0.05096130395326877,0.5017300932041485,2026-09-01
FSK,12.27,2.04,3390695424.0,276340280.0,18.299,Financial Services,FS KKR Capital Corp.,1.62179,0.01,forecast_icc,0.13550249522227753,1.4913609603290632,2026-09-01
FSLR,199.65,0.0,21456343040.0,107469788.0,96.031,Technology,"First Solar, Inc.",17.47627,0.31999219513088306,forecast_icc,0.15128087059337142,0.4809967473109528,2026-09-01
FSLY,20.77,0.0,3308660992.0,159300000.0,6.229,Technology,"Fastly, Inc.",0.52526,0.11152572059551469,forecast_icc,0.03988649066134843,0.29990370799523725,2026-09-01
FSM,11.75,0.0,3477499136.0,295957387.0,5.97,Basic Materials,Fortuna Mining Corp.,1.43354,0.22710213876138785,forecast_icc,0.14958179957281093,0.5080851299426462,2026-09-01
FSS,113.61,0.6,6934937600.0,61041611.0,24.698,Industrials,Federal Signal Corporation,5.23102,0.10475586023375927,forecast_icc,0.061631654210778986,0.21739282967419923,2026-09-01
FSTR,36.88,0.0,387968864.0,10519763.0,17.157,Industrials,L.B. Foster Company,1.62,0.24999999999999978,forecast_icc,0.08958758684163193,0.46521149127833106,2026-09-01
FSUN,39.38,0.0,1730765568.0,43950366.0,39.29,Financial Services,FirstSun Capital Bancorp,3.3175,0.41748304446119056,forecast_icc,0.1746634730549098,0.9977144866219108,2026-09-01
FSV,139.47,1.22,6090622464.0,43669770.0,27.587,Real Estate,FirstService Corporation,6.12614,0.09436610981792781,forecast_icc,0.05851916513555222,0.19779882140302696,2026-09-01
FT,7.68,0.51,193012944.0,25131894.0,9.059,Financial Services,Franklin Universal Trust,1.3,0.04,trailing_eps_fallback_icc,0.13448731865809938,1.1795573034003357,2026-09-01
FTAI,189.29,2.0,19441424384.0,102707091.0,3.936,Industrials,FTAI Aviation Ltd.,5.69,0.75,forecast_icc,0.1861327953702353,0.020793492400109113,2026-09-01
FTDR,79.51,0.0,5477707264.0,68893316.0,4.099,Consumer Cyclical,"frontdoor, inc.",4.71161,0.10237689452225451,forecast_icc,0.07016454218351151,0.051553266480652886,2026-09-01
FTF,5.78,0.74,233543088.0,40405374.0,6.624,Financial Services,52385,0.29,0.01,trailing_eps_fallback_icc,0.05159093814423177,1.1460206322869209,2026-09-01
FTFT,1.82,0.0,14701036.0,8077492.0,33.219,Technology,Future FinTech Group Inc.,393.24,0.04,trailing_eps_fallback_icc,0.4,18.25219710692498,2026-09-01
FTHY,13.27,1.5,487977568.0,36772989.0,,Financial Services,First Trust High Yield Opportunities 2027 Term Fund,0.69,0.04,trailing_eps_fallback_icc,0.06596463967503319,,2026-09-01
FTI,78.31,0.2,30710392832.0,392164388.0,8.329,Energy,TechnipFMC plc,3.11659,0.15473642667145815,forecast_icc,0.06552778694634254,0.10635934243890562,2026-09-01
FTK,22.79,0.0,825463616.0,36220429.0,3.572,Energy,"Flotek Industries, Inc.",0.715,0.13286713286713292,forecast_icc,0.05074879787628184,0.15673540284542353,2026-09-01
FTLF,9.69,0.0,90999480.0,9391072.0,5.045,Consumer Defensive,"FitLife Brands, Inc.",0.87,0.48275862068965525,forecast_icc,0.1977168970031874,0.5206398788212856,2026-09-01
FTNT,161.85,0.0,118751559680.0,733713653.0,2.114,Technology,"Fortinet, Inc.",3.45061,0.08953489383036617,forecast_icc,0.03284755302517406,0.013061476132369732,2026-09-01
FTRE,17.72,0.0,1685171968.0,95100000.0,5.512,Healthcare,Fortrea Holdings Inc.,0.84039,0.3547281619248208,forecast_icc,0.11736028363303264,0.31106095398805017,2026-09-01
FTS,55.04,1.85,28119937024.0,510900000.0,33.39348,Utilities,Fortis Inc.,2.58379,0.0712403097774974,forecast_icc,0.06454225333135705,0.6067129139527905,2026-09-01
FTV,56.8,0.28,17316106240.0,304861021.0,20.028,Technology,Fortive Corporation,3.01762,0.07665312398512736,forecast_icc,0.06055788785328364,0.3526056287691152,2026-09-01
FTW,10.79,1.35,356098528.0,29652058.0,5.427,Energy,Presidio Production Company,0.37,0.01,trailing_eps_fallback_icc,0.03603850056450353,0.45190222961550686,2026-09-01
FUBO,10.54,0.0,318353056.0,30204277.0,27.585,Communication Services,fuboTV Inc.,0.466,0.04,forecast_icc,0.043157044605822856,2.6171728693724243,2026-09-01
FUFU,1.24,0.0,206650464.0,31653598.0,0.565,Financial Services,BitFuFu Inc.,0.08,0.01,forecast_icc,0.046457800667040305,0.08654363761796342,2026-09-01
FUL,53.82,0.98,2894838528.0,53787411.0,38.718,Basic Materials,H. B. Fuller Company,4.86898,0.09354115235634586,forecast_icc,0.09652320822419058,0.7193979764172879,2026-09-01
FULT,23.21,0.76,4431126528.0,190914563.0,18.923,Financial Services,Fulton Financial Corporation,2.21714,0.06443436138448622,forecast_icc,0.09553565777761619,0.8152952195837184,2026-09-01
FUN,14.24,0.0,1456984320.0,102316312.0,1.121,Consumer Cyclical,Six Flags Entertainment Corpora,0.07368,0.04,forecast_icc,0.010000000000000002,0.07872190810673928,2026-09-01
FUNC,42.16,1.04,272093728.0,6453836.0,32.907,Financial Services,First,3.33,0.4414414414414414,forecast_icc,0.19822168894261039,0.780526559039244,2026-09-01
FUSB,16.4,0.28,90277224.0,5504709.0,18.881,Financial Services,"First US Bancshares, Inc.",1.32,0.75,trailing_eps_fallback_icc,0.2805120109743843,1.1512805337146832,2026-09-01
FUTU,119.28,2.6,16722399232.0,95750481.0,35.740734,Financial Services,Futu Holdings Limited,80.11323,0.20898008980539173,forecast_icc,0.333083801363789,0.20464721744259898,2026-09-01
FVCB,18.1,0.28,326419104.0,18034205.0,14.782,Financial Services,"FVCBankcorp, Inc.",1.58,0.018987341772152,forecast_icc,0.06665611406075866,0.8166850991356193,2026-09-01
FVN,10.31,0.0,77881744.0,7544000.0,-0.02,Financial Services,Future Vision II Acquisition Co,0.25,0.01,trailing_eps_fallback_icc,0.02331060297039874,,2026-09-01
FVR,19.4,0.86,586322688.0,24455953.0,18.491,Real Estate,"FrontView REIT, Inc.",0.04434,0.04,forecast_icc,0.010000000000000002,0.7712732871817506,2026-09-01
FVRR,9.25,0.0,332544224.0,35950728.0,12.041,Communication Services,Fiverr International Ltd.,1.65625,0.01,forecast_icc,0.09433170346087916,1.3017297688742897,2026-09-01
FWDI,6.21,0.0,458589120.0,73846883.0,6.422,Consumer Cyclical,"Forward Industries, Inc.",0.195,0.04,forecast_icc,0.03416574392196178,1.0341385391480722,2026-09-01
FWONA,89.69,0.0,22486044672.0,23991058.0,31.721,Communication Services,Liberty Media Corporation - Ser,1.91118,0.2651660230852142,forecast_icc,0.05887692709800285,0.033844118070513095,2026-09-01
FWONK,96.95,0.0,24306186240.0,224336239.0,31.721,Communication Services,Liberty Media Corporation - Ser,1.58409,0.1868454443876295,forecast_icc,0.03844070153983037,0.2927719621274078,2026-09-01
FWRD,16.38,0.0,553330496.0,33780862.0,-3.422,Industrials,Forward Air Corporation,0.43,0.04,forecast_icc,0.030239842618344517,,2026-09-01
FWRG,12.075,0.0,745177664.0,61712435.0,10.276,Consumer Cyclical,"First Watch Restaurant Group, I",0.16708,0.5215465645199904,forecast_icc,0.07984044912244836,0.8510144797630433,2026-09-01
FXNC,30.3,0.68,273991648.0,9042629.0,21.408,Financial Services,First National Corporation,2.44,0.05464344262295073,forecast_icc,0.07895362038970802,0.7065346810571393,2026-09-01
G,37.69,0.75,6333216256.0,168034407.0,15.502,Technology,Genpact Limited,4.12028,0.09557117477452981,forecast_icc,0.10902306496662251,0.41130276813872946,2026-09-01
GAB,5.62,0.6,1748925440.0,311196702.0,5.588,Financial Services,"Gabelli Equity Trust, Inc. (The",0.98,0.224,trailing_eps_fallback_icc,0.24966005294061688,0.9943060641716093,2026-09-01
GABC,48.86,1.22,1836100608.0,37578808.0,32.242,Financial Services,"German American Bancorp, Inc.",3.92167,0.0492978756499145,forecast_icc,0.07784909928553774,0.6598853691660016,2026-09-01
GAIN,16.37,0.96,651885632.0,39821967.0,16.243,Financial Services,Gladstone Investment Corporatio,1.01,0.01,forecast_icc,0.062255102100593415,0.992241856898297,2026-09-01
GAM,66.31,0.0,1580307328.0,23832113.0,73.083,Financial Services,"General American Investors, Inc",15.94,0.225,trailing_eps_fallback_icc,0.20771896481935748,1.1021415160956591,2026-09-01
GAP,22.0,0.7,7727943168.0,351270137.0,11.256,Consumer Cyclical,"Gap, Inc. (The)",2.92662,0.01,forecast_icc,0.08806536324720471,0.5116363534406365,2026-09-01
GASS,9.61,0.0,361611680.0,37628686.0,19.426,Industrials,"StealthGas, Inc.",1.82,0.01,forecast_icc,0.09775713778711306,2.021435962013174,2026-09-01
GATX,173.54,2.64,6126839296.0,35305058.0,78.867,Industrials,GATX Corporation,10.22798,0.10193899479662649,forecast_icc,0.07572621220497766,0.4544601016553251,2026-09-01
GAU,2.15,0.0,562422336.0,261591764.0,1.214,Basic Materials,Galiano Gold Inc.,0.49,0.5867346938775511,forecast_icc,0.329749256445521,0.5646511192187076,2026-09-01
GAUZ,0.3641,0.0,8369797.0,22987632.0,0.953,Technology,Gauzy Ltd.,0.59,0.04,forecast_icc,0.35251721990533946,2.617412739639922,2026-09-01
GBAB,13.57,1.51,375881568.0,27699452.0,,Financial Services,Guggenheim Taxable Municipal Ma,1.18,0.04,trailing_eps_fallback_icc,0.1062700322276765,,2026-09-01
GBCI,45.34,1.32,5903361024.0,130202054.0,33.126,Financial Services,"Glacier Bancorp, Inc.",3.12167,0.15483058747401235,forecast_icc,0.10592336489047677,0.7306131580415435,2026-09-01
GBFH,19.43,0.0,282054752.0,14516457.0,11.942,Financial Services,GBank Financial Holdings Inc.,1.59,0.6498930817610062,forecast_icc,0.23344442239990937,0.6146165886756625,2026-09-01
GBLI,29.0,1.4,424577792.0,10847002.0,45.842,Financial Services,"Global Indemnity Group, LLC",2.37,0.24894514767932474,forecast_icc,0.1596304068411244,1.1711593848130428,2026-09-01
GBTG,9.46,0.0,4941652992.0,522373443.0,3.138,Consumer Cyclical,"Global Business Travel Group, I",0.09267,0.75,forecast_icc,0.09576222646705157,0.3317124587233664,2026-09-01
GBX,42.0,1.36,1299466752.0,30939686.0,50.848,Industrials,"Greenbrier Companies, Inc. (The",3.03333,0.28571569858867973,forecast_icc,0.15117776552735063,1.2106667225665193,2026-09-01
GCBC,34.28,0.44,583633600.0,17025485.0,16.319,Financial Services,"Greene County Bancorp, Inc.",2.41,0.215,trailing_eps_fallback_icc,0.11543869588364741,0.4760501960733583,2026-09-01
GCMG,13.3,0.48,812979392.0,61126269.0,0.415,Financial Services,GCM Grosvenor Inc.,0.9,0.19999999999999996,forecast_icc,0.12310439538368823,0.03120300696994789,2026-09-01
GCO,32.51,0.0,361087680.0,11106973.0,49.678,Consumer Cyclical,Genesco Inc.,2.2525,0.2752497225305217,forecast_icc,0.12281209264357751,1.5280837183201599,2026-09-01
GCT,47.37,0.0,1691593856.0,28839563.0,14.751,Technology,GigaCloud Technology Inc,4.18,0.1555023923444978,forecast_icc,0.10589004141800229,0.2514861308487751,2026-09-01
GCTK,3.68,0.0,2937170.0,798144.0,-0.278,Healthcare,"GlucoTrack, Inc.",17.25,0.04,trailing_eps_fallback_icc,0.4,,2026-09-01
GCV,4.52,0.48,91066640.0,20147486.0,4.141,Financial Services,Gabelli Convertible and Income ,1.01,0.01,trailing_eps_fallback_icc,0.15357625945174547,0.9161504094803541,2026-09-01
GD,369.41,6.36,99946528768.0,270557195.0,99.3,Industrials,General Dynamics Corporation,16.99896,0.09386338928969762,forecast_icc,0.06342594386351597,0.26880702906514375,2026-09-01
GDDY,100.55,0.0,12734427136.0,126647704.0,0.053,Technology,GoDaddy Inc.,7.40165,0.24188930846500445,forecast_icc,0.1181235626932503,0.0005271009241573472,2026-09-01
GDEV,11.9,0.0,216301584.0,18176604.0,-2.848,Communication Services,GDEV Inc.,4.58,0.13755458515283836,forecast_icc,0.2191406858286319,,2026-09-01
GDHG,1.2701,0.0,25442766.0,19960521.0,10.882,Consumer Cyclical,Golden Heaven Group Holdings Lt,187.3,0.04,trailing_eps_fallback_icc,0.4,8.537216021324095,2026-09-01
GDL,8.4,0.48,91793576.0,10927807.0,,Financial Services,"GDL Fund, The  of Beneficial In",0.7,0.04,trailing_eps_fallback_icc,0.08929900656477174,,2026-09-01
GDO,10.12,1.46,76096336.0,7519400.0,,Financial Services,Western Asset Global Corporate ,1.21,0.04,trailing_eps_fallback_icc,0.14237989552689767,,2026-09-01
GDOT,13.11,0.0,747075712.0,56985179.0,16.485,Financial Services,Green Dot Corporation,1.44,0.04166666666666674,forecast_icc,0.08211666735554057,1.2574370451692585,2026-09-01
GDRX,3.46,0.0,1180363008.0,107181201.0,1.904,Healthcare,"GoodRx Holdings, Inc.",0.30382,0.1729971693766046,forecast_icc,0.11058449678642732,0.17289003918360682,2026-09-01
GDS,31.24,0.0,6259796480.0,194928821.0,22.398018,Technology,GDS Holdings Limited,2.9046,0.01,forecast_icc,0.06068200763948327,0.6974698387441468,2026-09-01
GDV,29.92,1.8,2616393216.0,87446297.0,30.764,Financial Services,Gabelli Dividend & Income Trust,4.84,0.541,trailing_eps_fallback_icc,0.3318930093479998,1.0282085523141793,2026-09-01
GDYN,7.85,0.0,636846016.0,81126881.0,6.413,Technology,"Grid Dynamics Holdings, Inc.",0.46547,0.1302124734139687,forecast_icc,0.07720282903586714,0.8169426749668165,2026-09-01
GE,331.09,1.88,343526572032.0,1037562513.0,17.001,Industrials,GE Aerospace,7.91328,0.22797626268753302,forecast_icc,0.06007210143604158,0.05134857597528102,2026-09-01
GEF,83.09,2.36,4723513344.0,24808643.0,52.791,Consumer Cyclical,Greif Inc.,4.31167,0.10591255824309354,forecast_icc,0.07665238908279182,0.27726672441321676,2026-09-01
GEF-B,105.54,3.53,3999836416.0,21359678.0,52.791,Consumer Cyclical,"Greif, Inc. Corporation",6.375,0.10274509803921572,forecast_icc,0.08525137245881964,0.28191121936572716,2026-09-01
GEG,2.19,1.0,68671848.0,31357008.0,1.37,Financial Services,"Great Elm Group, Inc.",1.48,0.04,forecast_icc,0.4,0.6255707718831158,2026-09-01
GEHC,70.42,0.14,32033478656.0,454891786.0,24.298,Healthcare,GE HealthCare Technologies Inc.,4.92746,0.09797339805904048,forecast_icc,0.07769113981131215,0.3450440314310895,2026-09-01
GEL,16.57,0.8,2025091200.0,122174321.0,-2.756,Energy,"Genesis Energy, L.P.",0.75,0.04,forecast_icc,0.05792800414085575,,2026-09-01
GEN,30.02,0.5,17969582080.0,598587032.0,4.434,Technology,Gen Digital Inc.,2.92011,0.13046426333254546,forecast_icc,0.11216416097739215,0.1477015374131617,2026-09-01
GENC,18.47,0.0,270727744.0,12338845.0,15.335,Industrials,"Gencor Industries, Inc.",1.07,0.01,forecast_icc,0.04281431327073067,0.6989168722766738,2026-09-01
GENI,7.18,0.0,1921561472.0,267626957.0,2.556,Communication Services,Genius Sports Limited,0.62,0.7258064516129032,forecast_icc,0.25873679908657443,0.35598887262244194,2026-09-01
GEO,30.53,0.0,4018345984.0,131619584.0,11.255,Industrials,Geo Group Inc (The) REIT,1.3075,0.3078393881453154,forecast_icc,0.10079036430909916,0.3686537754136803,2026-09-01
GEOS,5.19,0.0,67135784.0,12935603.0,7.399,Energy,Geospace Technologies Corporati,0.4,0.04,forecast_icc,0.06436057312128451,1.425626110168014,2026-09-01
GERN,1.48,0.0,950860672.0,642473409.0,0.34,Healthcare,Geron Corporation,0.04,0.04,forecast_icc,0.03085544563098068,0.22972972328379146,2026-09-01
GETY,0.2354,0.0,99107752.0,421018476.0,1.071,Communication Services,"Getty Images Holdings, Inc.",0.12616,0.01,forecast_icc,0.18046361750387774,4.549702507589921,2026-09-01
GEV,898.53,2.0,239308718080.0,266333581.0,44.895,Industrials,GE Vernova Inc.,30.74053,0.01,forecast_icc,0.030217843145871837,0.0499649415822695,2026-09-01
GEVO,1.64,0.0,405468832.0,247237104.0,1.141,Basic Materials,"Gevo, Inc.",0.06,0.04,forecast_icc,0.03777809186500891,0.6957317391636159,2026-09-01
GFAI,0.3875,0.0,12164917.0,31393337.0,1.402,Industrials,"Guardforce AI Co., Limited",0.03,0.04,forecast_icc,0.0645597565156627,3.6180648395710384,2026-09-01
GFF,94.44,0.88,4277633024.0,45294716.0,2.84,Industrials,Griffon Corporation,5.39836,0.14012774249957394,forecast_icc,0.08191031971223717,0.03007200307232339,2026-09-01
GFI,44.66,2.32,39787438080.0,890896534.0,4.714,Basic Materials,Gold Fields Limited,4.36493,0.2207297711532601,forecast_icc,0.16445638703119314,0.10555307061569923,2026-09-01
GFL,41.5,0.07,14976949248.0,349077362.0,14.699355,Industrials,GFL Environmental Inc. Subordin,0.8232,0.5022108843537414,forecast_icc,0.0969315960553882,0.3426072948191852,2026-09-01
GFR,6.29,0.0,924683136.0,147008455.0,6.600962,Energy,Greenfire Resources Ltd.,0.225,0.75,forecast_icc,0.1828336369950364,1.049437572022196,2026-09-01
GFS,43.93,0.48,24106635264.0,548751082.0,21.536,Technology,GlobalFoundries Inc.,1.95597,0.3429756080103479,forecast_icc,0.11909928422211508,0.4902344592071894,2026-09-01
GGAL,44.29,1.79,7505093120.0,132503208.0,3.7846065,Financial Services,Grupo Financiero Galicia S.A.,4.74724,0.47517294259401255,forecast_icc,0.24986855697348076,0.06681762561097337,2026-09-01
GGB,4.69,0.15,9202373632.0,1245150696.0,5.2814736,Basic Materials,Gerdau S.A.,2.94008,0.01,forecast_icc,0.2095622454777274,0.7146232908950447,2026-09-01
GGG,76.83,1.18,12442912768.0,161953824.0,15.577,Industrials,Graco Inc.,3.28333,0.06842748063703619,forecast_icc,0.05342393187994403,0.2027463153913513,2026-09-01
GGN,5.56,0.42,868609728.0,156224761.0,5.503,Financial Services,"GAMCO Global Gold, Natural Reso",2.01,0.75,trailing_eps_fallback_icc,0.4,0.9897481366718012,2026-09-01
GGT,4.05,0.96,169329024.0,41809633.0,3.794,Financial Services,"Gabelli Multi-Media Trust, Inc.",1.25,0.049,trailing_eps_fallback_icc,0.29139947367553287,0.9367900661968027,2026-09-01
GGZ,16.19,0.84,124786392.0,7640349.0,,Financial Services,Gabelli Global Small and Mid Ca,2.97,0.04,trailing_eps_fallback_icc,0.1330740931820551,,2026-09-01
GHC,1097.98,7.52,4649866240.0,3270927.0,1124.359,Industrials,Graham Holdings Company,69.0,0.01,forecast_icc,0.0471633600019189,0.7909251623532723,2026-09-01
GHG,1.06,0.06,106951160.0,66134416.0,2.3420606,Consumer Cyclical,GreenTree Hospitality Group Ltd,0.49,0.01,forecast_icc,0.189281898326764,1.4482387102450276,2026-09-01
GHM,83.49,0.0,979924864.0,11737033.0,16.389,Industrials,Graham Corporation,1.795,0.26183844011142066,forecast_icc,0.0586908991955514,0.19629896219982024,2026-09-01
GIB,73.72,0.49,15265599488.0,182952649.0,35.68663,Technology,CGI Inc.,8.92172,0.09590639473106077,forecast_icc,0.10967455452141561,0.42769126083224995,2026-09-01
GIC,38.66,1.1,1479174144.0,38261099.0,8.993,Industrials,Global Industrial Company,2.305,0.01,forecast_icc,0.05099758520987607,0.23261768379518136,2026-09-01
GIII,32.17,0.4,1357270656.0,42190573.0,43.235,Consumer Cyclical,"G-III Apparel Group, LTD.",2.22333,0.11094619332262878,forecast_icc,0.08494808838732426,1.343954071055228,2026-09-01
GIL,50.27,1.0,9309593600.0,185191848.0,18.039,Consumer Cyclical,"Gildan Activewear, Inc.",4.67254,0.18365171833734983,forecast_icc,0.12796477816124552,0.3588422749272321,2026-09-01
GILD,149.92,3.28,185894076416.0,1239955155.0,9.532,Healthcare,"Gilead Sciences, Inc.",9.88806,0.04,forecast_icc,0.0645544701029882,0.06358057645156201,2026-09-01
GILT,10.06,0.0,774918400.0,77029657.0,7.07,Technology,Gilat Satellite Networks Ltd.,0.68,0.12745588235294103,forecast_icc,0.08310872123969235,0.7027832543271653,2026-09-01
GIS,41.09,2.44,21967925248.0,534629472.0,10.354,Consumer Defensive,"General Mills, Inc.",3.07807,0.0431861523617072,forecast_icc,0.08650771880331287,0.2519834481680042,2026-09-01
GKOS,176.7,0.0,10422461440.0,58983937.0,11.595,Healthcare,Glaukos Corporation,0.50433,0.04,forecast_icc,0.010000000000000002,0.06561969583213924,2026-09-01
GL,172.3,1.32,13241159680.0,76849447.0,79.89,Financial Services,Globe Life Inc.,15.71031,0.051426738237501324,forecast_icc,0.078642134446257,0.4636680222279443,2026-09-01
GLAD,19.93,1.8,450279840.0,22593069.0,21.498,Financial Services,Gladstone Capital Corporation,1.972,0.01,forecast_icc,0.09719734236026756,1.0786754240696186,2026-09-01
GLAS,8.49,0.0,800118848.0,87997984.0,0.816,Healthcare,Glass House Brands Inc. Subordi,0.225,0.04,forecast_icc,0.030439496586498083,0.08974461122055706,2026-09-01
GLBE,36.99,0.0,6213114368.0,167967391.0,5.394,Consumer Cyclical,Global-E Online Ltd.,1.592,0.25733040201005,forecast_icc,0.09009072643567684,0.1458231819649646,2026-09-01
GLBS,3.82,0.0,82444384.0,21582301.0,8.392,Industrials,Globus Maritime Limited,0.55,0.01,forecast_icc,0.0818740298202999,2.1968587938263933,2026-09-01
GLIBA,26.46,0.0,1055886080.0,3650938.0,43.478,Communication Services,Liberty Capital Corporation - S,2.58,0.2325581395348837,forecast_icc,0.13465193993133873,0.15033390947250672,2026-09-01
GLNG,52.33,1.0,5342736384.0,102097000.0,19.033,Energy,Golar LNG Limited,1.17814,0.01,forecast_icc,0.024714956849767433,0.3637110389386564,2026-09-01
GLO,5.7,0.64,243767472.0,42766222.0,6.672,Financial Services,Clough Global Opportunities Fun,1.73,0.04,trailing_eps_fallback_icc,0.2020026058159191,1.1705262840974944,2026-09-01
GLOB,39.68,0.0,1713364736.0,43179556.0,49.315,Technology,Globant S.A.,5.94553,0.050071229982860954,forecast_icc,0.10331161628144125,1.2428175737474731,2026-09-01
GLOO,3.12,0.0,273225536.0,28523881.0,1.515,Technology,"Gloo Holdings, Inc.",0.27,0.04,forecast_icc,0.06963053498757246,0.15816120391836289,2026-09-01
GLP,51.99,3.12,1759808512.0,33848979.0,19.839,Energy,Global Partners LP,5.87,0.01,forecast_icc,0.09020110632089196,0.38159259362702747,2026-09-01
GLPI,41.8,3.28,12519119872.0,290919328.0,17.13,Real Estate,"Gaming and Leisure Properties, ",3.10952,0.06209640073065947,forecast_icc,0.10174199235692416,0.398066967933255,2026-09-01
GLQ,7.9,0.87,148031152.0,18738121.0,9.261,Financial Services,Clough Global Equity Fund Cloug,2.94,0.04,trailing_eps_fallback_icc,0.21845120620509684,1.1722785118972796,2026-09-01
GLRE,15.26,0.0,506120000.0,33166448.0,22.003,Financial Services,"Greenlight Reinsurance, Ltd.",1.6,0.04,forecast_icc,0.07906078676695183,1.4418741708369556,2026-09-01
GLU,19.1,1.32,114415800.0,5990356.0,18.39,Financial Services,6968,5.01,0.75,trailing_eps_fallback_icc,0.4,0.9628272217648263,2026-09-01
GLV,6.06,0.68,75202688.0,12409683.0,6.994,Financial Services,25219,1.58,0.04,trailing_eps_fallback_icc,0.18976627236404597,1.1541252741125423,2026-09-01
GLW,145.56,1.12,125128876032.0,859637825.0,13.863,Technology,Corning Incorporated,3.26986,0.3213042760240499,forecast_icc,0.07564596522452105,0.0952390810649282,2026-09-01
GM,85.63,0.72,77448183808.0,904451541.0,70.696,Consumer Cyclical,General Motors Company,13.38804,0.10905703896910968,forecast_icc,0.1324017558607692,0.825598522762663,2026-09-01
GMAB,33.29,0.0,20757399552.0,623532520.0,9.978,Healthcare,Genmab A/S,1.13,0.4070796460176993,forecast_icc,0.10800337554414174,0.29972962022405836,2026-09-01
GME,18.81,0.0,8439882240.0,448691257.0,13.02,Consumer Cyclical,GameStop Corporation,1.3,0.05384615384615388,forecast_icc,0.06388478218849636,0.692185032920554,2026-09-01
GMED,80.48,0.0,10805399552.0,111831817.0,34.882,Healthcare,"Globus Medical, Inc.",5.0004,0.07955163586913039,forecast_icc,0.06637975911118155,0.36101556650646655,2026-09-01
GMHS,0.8352,0.0,47873008.0,49520156.0,0.659,Communication Services,Gamehaus Holdings Inc.,0.09,0.215,trailing_eps_fallback_icc,0.13665563114276402,0.681673957149298,2026-09-01
GMRS,12.97,0.0,700661632.0,54021711.0,10.155,Healthcare,GMR Solutions Inc.,1.83211,0.01,forecast_icc,0.08084625079824848,0.782960633421697,2026-09-01
GNE,15.18,0.3,399531904.0,24745297.0,9.925,Utilities,Genie Energy Ltd.,1.02,0.01,forecast_icc,0.05295544453920653,0.6147120424330369,2026-09-01
GNK,26.03,1.8,1134559360.0,43586605.0,20.386,Industrials,Genco Shipping & Trading Limite,2.3213,0.01,forecast_icc,0.08238768157278051,0.783173239635518,2026-09-01
GNLN,2.77,0.0,1923886.0,694544.0,36.69,Consumer Defensive,"Greenlane Holdings, Inc.",9.46,0.04,trailing_eps_fallback_icc,0.4,13.245493423206987,2026-09-01
GNPX,3.55,0.0,2909967.0,819709.0,29.227,Healthcare,"Genprex, Inc.",34.43,0.04,trailing_eps_fallback_icc,0.4,8.232957605017514,2026-09-01
GNRC,181.42,0.0,10704802816.0,59005639.0,48.769,Industrials,Generac Holdlings Inc.,9.74759,0.212631019564836,forecast_icc,0.09201261187709842,0.26881821719218485,2026-09-01
GNSS,1.41,0.0,64214228.0,45542009.0,-0.029,Technology,Genasys Inc.,0.12,0.04,forecast_icc,0.06885228638540666,,2026-09-01
GNT,9.12,0.72,152382432.0,16708601.0,,Financial Services,"GAMCO Natural Resources, Gold &",2.89,0.04,trailing_eps_fallback_icc,0.18797637898876768,,2026-09-01
GNTX,22.13,0.48,4712624128.0,212951848.0,12.046,Consumer Cyclical,Gentex Corporation,2.10061,0.05353682977801677,forecast_icc,0.08660320202396188,0.5443289961885116,2026-09-01
GNW,10.0,0.0,3778510336.0,377851037.0,23.144,Financial Services,Genworth Financial Inc,1.1,0.01,forecast_icc,0.06826063757120682,2.3144000208255613,2026-09-01
GO,12.11,0.0,1199913216.0,99084492.0,8.241,Consumer Defensive,Grocery Outlet Holding Corp.,0.54506,0.23465306571753564,forecast_icc,0.08751264263239208,0.6805119634351956,2026-09-01
GOF,9.34,2.19,2087002112.0,223447753.0,,Financial Services,Guggenheim Strategic Opportunit,1.54,0.04,trailing_eps_fallback_icc,0.19111834485438217,,2026-09-01
GOGO,2.55,0.0,345545024.0,135507862.0,0.891,Communication Services,Gogo Inc.,0.06,0.75,forecast_icc,0.15066375212297667,0.34941178907556775,2026-09-01
GOLD,43.16,0.8,1251828736.0,29004374.0,29.757,Financial Services,"Gold.com, Inc.",5.31,0.01,forecast_icc,0.07939741909133657,0.689457856572163,2026-09-01
GOLF,85.89,1.02,5016409088.0,58405044.0,15.834,Consumer Cyclical,Acushnet Holdings Corp.,4.58,0.01,forecast_icc,0.04284049863847364,0.1843520834272119,2026-09-01
GOOD,12.99,1.2,634246336.0,48407501.0,3.251,Real Estate,Gladstone Commercial Corporatio,0.25,0.01,forecast_icc,0.02204909573928357,0.24812565216143398,2026-09-01
GOOG,332.03,0.88,4060705456128.0,5527000000.0,50.896,Communication Services,Alphabet Inc.,20.59711,0.01,forecast_icc,0.04571379962586465,0.06927421726081796,2026-09-01
GOOGL,335.02,0.88,4097272709120.0,5867155790.0,50.896,Communication Services,Alphabet Inc.,20.60283,0.01,forecast_icc,0.04541023285040462,0.07288134871353867,2026-09-01
GOOS,8.08,0.0,789097728.0,46656533.0,3.874023,Consumer Cyclical,Canada Goose Holdings Inc. Subo,0.7402,0.11226695487706029,forecast_icc,0.09543246346799528,0.22905715671032703,2026-09-01
GORO,3.58,0.0,482917632.0,134893207.0,-0.081,Basic Materials,Goldgroup Mining Inc.,0.04,0.04,forecast_icc,0.015885640489226367,,2026-09-01
GOTU,2.16,0.0,507720608.0,125097886.0,0.7669403,Consumer Defensive,Gaotu Techedu Inc.,0.1,0.75,forecast_icc,0.20474508391962332,0.18896733499973634,2026-09-01
GPAT,11.16,0.0,180359296.0,16161228.0,-1.009,Financial Services,GP-Act III Acquisition Corp.,0.25,0.01,trailing_eps_fallback_icc,0.021964561889985634,,2026-09-01
GPC,134.84,4.25,18589009920.0,137859758.0,32.831,Consumer Cyclical,Genuine Parts Company,7.73912,0.0730922895626378,forecast_icc,0.07280251009294605,0.24348116087820135,2026-09-01
GPGI,13.09,0.01,3794661120.0,289890082.0,10.943,Industrials,"GPGI, Inc.",0.99255,0.2674323711651805,forecast_icc,0.12728981991321964,0.8359816771532947,2026-09-01
GPI,269.5,2.2,3213039616.0,11922225.0,250.244,Consumer Cyclical,"Group 1 Automotive, Inc.",39.06029,0.13249363996017416,forecast_icc,0.13537694625006658,0.9285491713339646,2026-09-01
GPK,10.85,0.44,3210378240.0,295887387.0,10.93,Consumer Cyclical,Graphic Packaging Holding Compa,0.71307,0.5675319393607923,forecast_icc,0.2396513271414814,1.0073732433191422,2026-09-01
GPN,90.06,1.0,23831531520.0,264618390.0,86.944,Industrials,Global Payments Inc.,13.67866,0.17121998792279358,forecast_icc,0.15405586156623474,0.9654008715659748,2026-09-01
GPOR,182.61,0.0,3281435904.0,17969641.0,103.332,Energy,Gulfport Energy Corporation,23.45182,0.17439499365081246,forecast_icc,0.13677895365174797,0.5658617136323013,2026-09-01
GPRE,14.75,0.0,1033906112.0,70095328.0,12.41,Basic Materials,"Green Plains, Inc.",2.01,0.01,forecast_icc,0.07893730532456489,0.8413559126730455,2026-09-01
GPRK,11.23,0.09,728779264.0,64895753.0,6.768,Energy,Geopark Ltd,1.09333,0.628053744066293,forecast_icc,0.2537737279294908,0.6026714507398497,2026-09-01
GPUS,0.2393,0.0,83226776.0,322910003.0,0.182,Industrials,"Hyperscale Data, Inc.",14.65,0.04,trailing_eps_fallback_icc,0.4,0.7061383772212922,2026-09-01
GRAB,3.46,0.0,14155905024.0,3973517000.0,1.659,Technology,Grab Holdings Limited,0.13375,0.03925233644859816,forecast_icc,0.038995074727808166,0.4656759629160959,2026-09-01
GRBK,70.93,0.0,3050748672.0,43010696.0,44.823,Consumer Cyclical,"Green Brick Partners, Inc.",6.195,0.04761904761904767,forecast_icc,0.07266482086991066,0.631932890605549,2026-09-01
GRC,73.99,0.76,1954093952.0,26410243.0,16.714,Industrials,Gorman-Rupp Company (The),2.81,0.1257402135231318,forecast_icc,0.06044302605073394,0.22589538289610345,2026-09-01
GRDN,38.87,0.0,2462115328.0,49798904.0,3.488,Healthcare,"Guardian Pharmacy Services, Inc",1.30333,0.097189506878534,forecast_icc,0.04630730336185024,0.070548513782698,2026-09-01
GRF,10.1302,0.85,40194972.0,3967836.0,12.179,Financial Services,"Eagle Capital Growth Fund, Inc.",1.0,0.01,trailing_eps_fallback_icc,0.09397604691486505,1.2022467547433544,2026-09-01
GRFS,7.73,0.28,5260878848.0,258223442.0,4.759505,Healthcare,"Grifols, S.A.",1.17687,0.21122978748714805,forecast_icc,0.18334760790123072,0.23361415436955715,2026-09-01
GRMN,275.17,4.2,53068247040.0,192856206.0,46.804,Technology,Garmin Ltd.,10.10472,0.08724338724873126,forecast_icc,0.052356546063364165,0.17009120084219764,2026-09-01
GRND,15.53,0.0,2699434240.0,173820627.0,-0.068,Technology,Grindr Inc.,0.6,0.28333333333333344,forecast_icc,0.08985253596490239,,2026-09-01
GRNT,5.06,0.44,667415232.0,131900242.0,4.264,Energy,"Granite Ridge Resources, Inc.",0.426,0.6056338028169015,forecast_icc,0.3276577046718273,0.8426877375912212,2026-09-01
GROW,3.36,0.09,41678096.0,10335647.0,3.691,Financial Services,"U.S. Global Investors, Inc.",0.25,0.04,trailing_eps_fallback_icc,0.07158080711990433,0.9153218773957428,2026-09-01
GROY,3.2,0.0,741378304.0,231680715.0,3.139,Basic Materials,Gold Royalty Corp.,0.055,0.75,forecast_icc,0.12913579742412917,0.9809374788299713,2026-09-01
GRPN,18.46,0.0,750681344.0,40665296.0,-1.78,Communication Services,"Groupon, Inc.",2.35,0.04,forecast_icc,0.08952473036379838,,2026-09-01
GRRR,14.09,0.0,387609248.0,27509529.0,6.272,Technology,Gorilla Technology Group Inc.,1.09,0.04,forecast_icc,0.0645257233976394,0.4451384139523937,2026-09-01
GRSD,1.8,0.0,64075432.0,35597464.0,2.94,Consumer Cyclical,Grandstand Limited,0.43213,0.4097378103811353,forecast_icc,0.2748979048834054,1.633333414903859,2026-09-01
GRVY,72.9,0.0,506574816.0,6948900.0,72.908134,Communication Services,"GRAVITY Co., Ltd.",8.96,0.75,trailing_eps_fallback_icc,0.30447749564820026,1.0001115656578554,2026-09-01
GRX,10.04,0.68,151108864.0,14771703.0,,Financial Services,The Gabelli Healthcare & Wellne,0.15,0.04,trailing_eps_fallback_icc,0.02217897006806402,,2026-09-01
GS,1002.56,20.0,291916775424.0,291171408.0,362.049,Financial Services,"Goldman Sachs Group, Inc. (The)",70.76699,0.048085837761363104,forecast_icc,0.06960104549931134,0.361124560045839,2026-09-01
GSAT,81.37,0.0,10542573568.0,129563390.0,2.258,Communication Services,"Globalstar, Inc.",0.49288,0.01,forecast_icc,0.010000000000000002,0.027749783554557598,2026-09-01
GSBC,77.98,1.72,849787648.0,10897507.0,58.946,Financial Services,"Great Southern Bancorp, Inc.",5.9,0.01,forecast_icc,0.058243307137859135,0.7559117258691903,2026-09-01
GSBD,10.13,1.41,1140324608.0,112569067.0,12.061,Financial Services,"Goldman Sachs BDC, Inc.",1.295,0.01,forecast_icc,0.13107916747916615,1.1906219576092845,2026-09-01
GSHD,68.45,0.0,2446279168.0,23802805.0,-4.722,Financial Services,"Goosehead Insurance, Inc.",2.1481,0.25700386387970764,forecast_icc,0.07416742477741017,,2026-09-01
GSHR,10.54,0.0,215586304.0,14940625.0,-0.246,Financial Services,Gesher Acquisition Corp. II,0.19,0.01,trailing_eps_fallback_icc,0.018577460267626807,,2026-09-01
GSK,50.66,1.82,101462130688.0,2002805623.0,11.975533,Healthcare,GSK plc,4.79384,0.04013483971096221,forecast_icc,0.08676211050896343,0.23639031299841157,2026-09-01
GSL,44.48,2.5,1602855936.0,36035434.0,54.022,Industrials,Global Ship Lease Inc New,9.88667,0.01,forecast_icc,0.1293968663237567,1.2145235088351696,2026-09-01
GSM,4.03,0.06,753047872.0,186860517.0,3.813,Basic Materials,Ferroglobe PLC,0.11,0.75,forecast_icc,0.1865760112571665,0.9461538606153846,2026-09-01
GSRF,10.22,0.0,300524224.0,23655500.0,-0.27,Financial Services,GSR IV Acquisition Corp.,0.29,0.04,trailing_eps_fallback_icc,0.03190463316489571,,2026-09-01
GSUN,0.266,0.0,2667679.0,9625870.0,0.728,Consumer Defensive,Golden Sun Technology Group Lim,0.47,0.04,trailing_eps_fallback_icc,0.3676973245249624,2.6268652862657014,2026-09-01
GT,5.99,0.0,1724513408.0,287898737.0,9.869,Consumer Cyclical,The Goodyear Tire & Rubber Comp,0.56415,0.04,forecast_icc,0.07367949225864054,1.6475793242733663,2026-09-01
GTBP,0.2889,0.0,13032133.0,45109497.0,0.08,Healthcare,"GT Biopharma, Inc.",5.21,0.04,trailing_eps_fallback_icc,0.4,0.27691244096419215,2026-09-01
GTE,10.34,0.0,365833632.0,35380429.0,3.737,Energy,Gran Tierra Energy Inc.,0.067,0.75,forecast_icc,0.07521868452110703,0.3614119960764023,2026-09-01
GTEC,0.8649,0.0,22958098.0,20532482.0,4.193,Consumer Cyclical,Greenland Technologies Holding ,0.59,,forecast_icc,0.010000000000000002,3.7499925745590943,2026-09-01
GTEN,10.68,0.0,481401024.0,36105000.0,-0.688,Financial Services,"Gores Holdings X, Inc.",1.53,0.04,trailing_eps_fallback_icc,0.09637310584819792,,2026-09-01
GTERA,10.42,0.0,308017120.0,17893817.0,-0.039,Financial Services,Globa Terra Acquisition Corpora,0.44,0.04,trailing_eps_fallback_icc,0.04168435998108104,,2026-09-01
GTES,24.8,0.0,6278148608.0,253151170.0,13.912,Industrials,Gates Industrial Corporation Lt,1.67339,0.1532039751641876,forecast_icc,0.08976064028474662,0.5609677783912694,2026-09-01
GTIM,1.49,0.0,15731265.0,10557896.0,3.348,Consumer Cyclical,Good Times Restaurants Inc.,0.02,0.286,forecast_icc,0.04523223120659821,2.2469798714852236,2026-09-01
GTLB,45.09,0.0,7615700992.0,167800000.0,5.834,Technology,GitLab Inc.,0.81241,0.26690956536724064,forecast_icc,0.05274800050688999,0.12854301935282703,2026-09-01
GTM,4.12,0.0,1199373312.0,291110046.0,2.835,Technology,ZoomInfo Technologies Inc.,1.12538,0.01,forecast_icc,0.12249989843878362,0.6881068405914305,2026-09-01
GTN,4.74,0.32,488145952.0,93115076.0,21.696,Communication Services,"Gray Media, Inc.",2.65,0.01,forecast_icc,0.21307692704576214,4.138566919624892,2026-09-01
GTX,26.6,0.32,4979213824.0,187188503.0,-3.613,Consumer Cyclical,Garrett Motion Inc.,2.09236,0.09867804775468847,forecast_icc,0.08790348666847259,,2026-09-01
GTY,32.38,1.94,2005380864.0,61932699.0,18.125,Real Estate,Getty Realty Corporation,1.50785,0.01,forecast_icc,0.04788800628971143,0.5597590909170059,2026-09-01
GUG,15.35,1.43,506244288.0,32980083.0,,Financial Services,Guggenheim Active Allocation Fund,1.65,0.04,trailing_eps_fallback_icc,0.12087203002995783,,2026-09-01
GUT,6.45,0.6,577917440.0,89599606.0,3.044,Financial Services,Gabelli Utility Trust (The),0.54,0.01,trailing_eps_fallback_icc,0.08599194213976313,0.47193799976688705,2026-09-01
GVA,117.93,0.52,5239263232.0,44426893.0,17.2,Industrials,Granite Construction Incorporat,7.0789,0.12856375990620017,forecast_icc,0.07921752719998365,0.145849239819222,2026-09-01
GWRE,201.09,0.0,16742023168.0,83256364.0,15.82,Technology,"Guidewire Software, Inc.",3.46523,0.1803026061762134,forecast_icc,0.039002075685072676,0.0786712373566344,2026-09-01
GWRS,8.93,0.3,257142496.0,28795352.0,2.946,Utilities,"Global Water Resources, Inc.",0.09,0.44444444444444464,forecast_icc,0.06461107047715797,0.3298992127384499,2026-09-01
GWW,1309.21,9.96,61811888128.0,47213119.0,87.706,Industrials,"W.W. Grainger, Inc.",46.45551,0.0987736438583926,forecast_icc,0.05103837283865287,0.0669915438667572,2026-09-01
GXO,46.17,0.0,5294986752.0,114684579.0,26.026,Industrials,"GXO Logistics, Inc.",3.03306,0.1671612167250236,forecast_icc,0.09189925327566656,0.5636993996116423,2026-09-01
GYRE,6.47,0.0,686038400.0,106033763.0,1.018,Healthcare,"Gyre Therapeutics, Inc.",0.06,0.04,forecast_icc,0.013631550553173898,0.15734158719686828,2026-09-01
GYRO,5.06,0.0,11128498.0,2199308.0,34.537,Real Estate,"Gyrodyne , LLC",0.11,0.04,trailing_eps_fallback_icc,0.02646096518084684,6.825494365546905,2026-09-01
H,162.55,0.6,15318181888.0,41600929.0,35.065,Consumer Cyclical,Hyatt Hotels Corporation,3.58755,0.35370935596716424,forecast_icc,0.07782120001857307,0.09522909350800626,2026-09-01
HAE,101.95,0.0,4638424064.0,45497051.0,18.409,Healthcare,Haemonetics Corporation,5.29736,0.08351140945678592,forecast_icc,0.05972800146852342,0.18056891743889503,2026-09-01
HAFC,30.86,1.12,914976064.0,29649255.0,27.623,Financial Services,Hanmi Financial Corporation,3.18,0.05974842767295585,forecast_icc,0.0994412096785201,0.8951068810309337,2026-09-01
HAFN,8.59,0.73,4293121536.0,499781305.0,5.097,Industrials,Hafnia Limited,1.32,0.01,forecast_icc,0.1186411657627856,0.5933643597610464,2026-09-01
HAIN,0.73,0.0,65885044.0,90253483.0,2.369,Consumer Defensive,"The Hain Celestial Group, Inc.",0.10333,0.04,forecast_icc,0.09565938863859202,3.2452054100016996,2026-09-01
HAL,36.8,0.68,30742636544.0,835397735.0,13.201,Energy,Halliburton Company,2.34955,0.23515992424081222,forecast_icc,0.11860645335741926,0.35872282730048854,2026-09-01
HALO,107.72,0.0,12226004992.0,113498000.0,1.259,Healthcare,"Halozyme Therapeutics, Inc.",8.57694,0.21174451494355795,forecast_icc,0.11513417171376805,0.011687708461881184,2026-09-01
HAPN,16.77,0.0,1935383168.0,115407464.0,13.582,Financial Services,"Happen, Inc.",1.85571,0.26251407816954164,forecast_icc,0.1528153740161199,0.8098986298758594,2026-09-01
HAS,93.2,2.8,13145344000.0,141044467.0,4.992,Consumer Cyclical,"Hasbro, Inc.",6.16442,0.058608920222827265,forecast_icc,0.07393849618619741,0.05356223308146216,2026-09-01
HASI,39.52,1.7,5078153728.0,128495790.0,19.955,Financial Services,HA Sustainable Infrastructure C,3.02299,0.01,forecast_icc,0.06538583710928336,0.5049341998671372,2026-09-01
HAVA,10.21,0.0,211277456.0,15859856.0,-0.199,Financial Services,Harvard Ave Acquisition Corpora,0.2,0.04,trailing_eps_fallback_icc,0.02452736526523458,,2026-09-01
HAWK,18.36,0.0,1798647552.0,97965552.0,8.114,Industrials,"HawkEye 360, Inc.",0.16286,0.04,forecast_icc,0.013135050214148503,0.4419389935755463,2026-09-01
HAYW,13.61,0.0,2886947584.0,212119582.0,7.484,Industrials,"Hayward Holdings, Inc.",0.86435,0.12267021461213634,forecast_icc,0.07868784572052057,0.5498897730205551,2026-09-01
HBAN,16.42,0.62,33175212032.0,2020414826.0,14.721,Financial Services,Huntington Bancshares Incorpora,1.59378,0.17771587044636017,forecast_icc,0.13938999750787595,0.8965286077103919,2026-09-01
HBB,30.46,0.49,409453408.0,9858179.0,16.116,Consumer Cyclical,Hamilton Beach Brands Holding C,1.6,0.75,forecast_icc,0.2397109125545881,0.3880158515227207,2026-09-01
HBCP,67.97,1.25,534974880.0,7870750.0,57.632,Financial Services,"Home Bancorp, Inc.",5.9575,0.0616869492236678,forecast_icc,0.08411829091441103,0.8479034828700742,2026-09-01
HBIO,8.04,0.0,36600532.0,4552305.0,1.63,Healthcare,"Harvard Bioscience, Inc.",0.645,0.04,forecast_icc,0.0661490514419939,0.20273631951579282,2026-09-01
HBM,27.02,0.03,12000791552.0,444144760.0,10.801,Basic Materials,Hudbay Minerals Inc.,1.52203,0.2897840384223702,forecast_icc,0.11382138369630701,0.399740928085741,2026-09-01
HBNC,19.25,0.64,988382016.0,51344519.0,14.146,Financial Services,"Horizon Bancorp, Inc.",2.126,0.04891815616180617,forecast_icc,0.09762631936224231,0.7348571240838927,2026-09-01
HBT,35.32,1.0,1284433408.0,36365612.0,21.029,Financial Services,"HBT Financial, Inc.",3.038,0.1356155365371956,forecast_icc,0.11226549651266182,0.5953850545967736,2026-09-01
HCA,413.58,3.12,91748507648.0,221839800.0,-30.473,Healthcare,"HCA Healthcare, Inc.",29.49127,0.08875643537901201,forecast_icc,0.07813418057417187,,2026-09-01
HCAT,1.71,0.0,128688416.0,75256381.0,1.352,Healthcare,"Health Catalyst, Inc",0.00785,0.04,forecast_icc,0.010000000000000002,0.7906432472678815,2026-09-01
HCC,106.23,0.32,5609165824.0,52802087.0,43.374,Basic Materials,"Warrior Met Coal, Inc.",6.33334,0.07912254829205456,forecast_icc,0.0654646538713336,0.40830273045926624,2026-09-01
HCI,187.86,1.6,2336765440.0,12438867.0,86.601,Financial Services,"HCI Group, Inc.",19.41667,0.01,forecast_icc,0.06778928439164955,0.4609869277538613,2026-09-01
HCKT,10.97,0.48,272910272.0,24877873.0,2.741,Technology,"The Hackett Group, Inc.",1.44667,0.10137764659528425,forecast_icc,0.13472901876985743,0.24986325869405168,2026-09-01
HCM,11.91,0.0,2070126848.0,173814168.0,7.255,Healthcare,HUTCHMED (China) Limited,0.15823,0.5409214434683689,forecast_icc,0.08078543484847064,0.6091519416108746,2026-09-01
HCSG,21.82,0.0,1497554560.0,68632202.0,7.632,Healthcare,"Healthcare Services Group, Inc.",1.20204,0.0239509500515791,forecast_icc,0.046059108630374435,0.34977087289828024,2026-09-01
HD,319.77,9.32,319031181312.0,997689626.0,16.65,Consumer Cyclical,"Home Depot, Inc. (The)",15.01845,0.06792778216127515,forecast_icc,0.06183838041360168,0.05206867932026547,2026-09-01
HDB,22.95,0.42,117894152192.0,5137000187.0,2.468735,Financial Services,HDFC Bank Limited,1.593,0.01,forecast_icc,0.05378303285254567,0.10757015442123012,2026-09-01
HDL,13.0,0.0,764875776.0,58836600.0,6.09,Consumer Cyclical,SUPER HI INTERNATIONAL HOLDING ,0.66,0.3787878787878787,forecast_icc,0.12729316538411417,0.46846155316075794,2026-09-01
HDSN,5.14,0.0,216335136.0,42088547.0,5.78,Basic Materials,"Hudson Technologies, Inc.",0.175,0.6285714285714286,forecast_icc,0.15366673252244312,1.1245135957018095,2026-09-01
HE,11.08,0.0,1913826176.0,172728004.0,10.206,Utilities,"Hawaiian Electric Industries, I",0.8235,0.3054037644201577,forecast_icc,0.13541119547376557,0.9211191857081172,2026-09-01
HEI,325.15,0.25,45442121728.0,55241647.0,30.898,Industrials,Heico Corporation,6.3433,0.12315986946857316,forecast_icc,0.035298915696217445,0.0375611072744935,2026-09-01
HEI-A,242.0,0.25,33821292544.0,84515758.0,34.218,Industrials,Heico Corporation,4.31,0.325,forecast_icc,0.061765756662817695,0.08550708709555345,2026-09-01
HELE,28.51,0.0,664056640.0,23292061.0,36.225,Consumer Defensive,Helen of Troy Limited,3.59244,0.11378895680929957,forecast_icc,0.11555322228981713,1.2706068411950524,2026-09-01
HEPS,2.62,0.0,935930048.0,317225200.0,2.668,Consumer Cyclical,D-Market Electronic Services & ,4.31,0.04,forecast_icc,0.35511694049384823,0.9042949688479283,2026-09-01
HEQ,11.65,1.0,138967888.0,11928574.0,,Financial Services,John Hancock Hedged Equity & In,1.68,0.04,trailing_eps_fallback_icc,0.13405975887196597,,2026-09-01
HERE,1.85,0.0,100611544.0,37764932.0,2.2247548,Consumer Cyclical,Here Group Limited,0.19673033,0.04,forecast_icc,0.07979028694134394,0.8350703149796965,2026-09-01
HESM,40.23,3.09,8294555648.0,128350881.0,4.009,Energy,Hess Midstream LP,2.81725,0.042974531901677215,forecast_icc,0.08832059949601401,0.062035713999106325,2026-09-01
HFBL,24.3,0.6,73931560.0,3042451.0,19.226,Financial Services,"Home Federal Bancorp, Inc. of L",2.02,0.208,trailing_eps_fallback_icc,0.1311372199831039,0.7911934081466697,2026-09-01
HFFG,1.8,0.0,97021696.0,53900945.0,3.836,Consumer Defensive,HF Foods Group Inc.,0.35,0.7142857142857144,forecast_icc,0.350910877504251,2.131111220937634,2026-09-01
HFWA,28.56,1.0,1168548352.0,40915558.0,27.128,Financial Services,Heritage Financial Corporation,2.34333,0.13086931844853256,forecast_icc,0.11146972374436037,0.9498599313620871,2026-09-01
HG,35.05,0.0,3456434176.0,65890659.0,27.424,Financial Services,"Hamilton Insurance Group, Ltd.",4.98412,0.01,forecast_icc,0.08120339175734681,0.522788903362585,2026-09-01
HGBL,1.26,0.0,43645700.0,34639445.0,1.499,Financial Services,Heritage Global Inc.,0.155,0.04,forecast_icc,0.08760741219719281,1.1896825587629483,2026-09-01
HGLB,7.42,1.02,175041104.0,23590445.0,,Financial Services,Highland Global Allocation Fund,0.4,0.04,trailing_eps_fallback_icc,0.06822658239481261,,2026-09-01
HGTY,13.12,0.0,4508329472.0,102070523.0,2.116,Financial Services,"Hagerty, Inc.",0.026,0.75,forecast_icc,0.03420968944341596,0.04790715230761201,2026-09-01
HGV,41.2,0.0,3202234880.0,77724145.0,14.125,Consumer Cyclical,Hilton Grand Vacations Inc.,4.77092,0.17157068238411033,forecast_icc,0.1284949572439016,0.34283979447660007,2026-09-01
HHH,63.11,0.0,3768994560.0,59721036.0,66.947,Real Estate,Howard Hughes Holdings Inc.,2.46793,0.7294939483696865,forecast_icc,0.18580564171517022,1.0607986117899837,2026-09-01
HHS,4.28,0.0,31904148.0,7454240.0,2.059,Industrials,"Harte Hanks, Inc.",1.07,0.04,forecast_icc,0.13402291118860588,0.48107475429213786,2026-09-01
HIFS,282.21,2.52,620085888.0,2197250.0,230.725,Financial Services,Hingham Institution for Savings,30.04,0.75,trailing_eps_fallback_icc,0.2989927165029874,0.8175649794016921,2026-09-01
HIG,137.13,2.4,37144678400.0,270872002.0,71.051,Financial Services,"The Hartford Insurance Group, I",12.75849,0.07292477401322572,forecast_icc,0.09081360717259612,0.5181287722254718,2026-09-01
HII,292.42,5.52,11522694144.0,39404598.0,134.808,Industrials,"Huntington Ingalls Industries, ",18.51263,0.1254349057913433,forecast_icc,0.0874776092189925,0.46100807509067215,2026-09-01
HIMS,28.44,0.0,6635433472.0,224935790.0,1.389,Healthcare,"Hims & Hers Health, Inc.",1.00223,0.04,forecast_icc,0.03687000672791929,0.047085968630144075,2026-09-01
HIMX,13.41,0.25,2339051520.0,174425914.0,5.157,Technology,"Himax Technologies, Inc.",0.47,0.75,forecast_icc,0.21122029690567146,0.3845637562091835,2026-09-01
HIO,3.49,0.43,331896256.0,95099215.0,3.908,Financial Services,Western Asset High Income Oppor,0.3,0.639,trailing_eps_fallback_icc,0.3439940735562782,1.11977078831525,2026-09-01
HIPO,33.21,0.0,876391296.0,26389381.0,17.646,Financial Services,Hippo Holdings Inc.,2.4525,0.43323139653414877,forecast_icc,0.1681013313846459,0.5313460086280912,2026-09-01
HIT,0.968,0.0,63437548.0,53834658.0,0.298,Technology,"Health In Tech, Inc.",0.04,0.04,forecast_icc,0.04100469758981258,0.25289010357083785,2026-09-01
HITI,2.48,0.0,217918032.0,87870176.0,0.7251693,Healthcare,High Tide Inc.,0.05533,0.75,forecast_icc,0.14686581078420197,0.2924069818178094,2026-09-01
HIW,30.4,2.0,3414429184.0,110272697.0,21.439,Real Estate,"Highwoods Properties, Inc.",0.59,0.18644067796610164,forecast_icc,0.051745531413078805,0.6923957779125519,2026-09-01
HIX,3.9,0.59,351271872.0,90069708.0,4.181,Financial Services,Western Asset High Income Fund ,0.51,0.75,trailing_eps_fallback_icc,0.4,1.0720512490906189,2026-09-01
HKD,1.67,0.0,524846528.0,197023250.0,0.846,Technology,AMTD Digital Inc.,0.18,0.75,trailing_eps_fallback_icc,0.289341945471128,0.31758173219734054,2026-09-01
HKIT,2.81,0.0,25267126.0,799860.0,4.393,Technology,Hitek Global Inc.,75.0,0.04,trailing_eps_fallback_icc,0.4,0.13906547899432647,2026-09-01
HL,19.11,0.02,12817313792.0,670712403.0,3.986,Basic Materials,Hecla Mining Company,0.82147,0.29505642324126247,forecast_icc,0.0988997642159185,0.20858189802816995,2026-09-01
HLF,11.52,0.0,1207334912.0,104803380.0,-4.528,Consumer Defensive,Herbalife Ltd.,2.36506,0.3017090475505906,forecast_icc,0.22000077159570336,,2026-09-01
HLI,132.9,2.8,9287914496.0,54197538.0,32.26,Financial Services,"Houlihan Lokey, Inc.",6.99053,0.24714435100056797,forecast_icc,0.11208076161873318,0.18824598101468137,2026-09-01
HLIO,70.45,0.48,2321368064.0,32950577.0,28.736,Industrials,"Helios Technologies, Inc.",3.19731,0.12135513916385965,forecast_icc,0.06548797183185184,0.4078921371221208,2026-09-01
HLIT,11.72,0.0,1278258816.0,109066445.0,3.305,Technology,Harmonic Inc.,0.49667,0.6262508305313388,forecast_icc,0.16985196728944907,0.28199656924955646,2026-09-01
HLLY,2.87,0.0,347941984.0,121234143.0,3.778,Consumer Cyclical,Holley Inc.,0.4075,0.01,forecast_icc,0.08112234337702262,1.3163763308712984,2026-09-01
HLMN,7.32,0.0,1424069376.0,194544999.0,6.289,Industrials,Hillman Solutions Corp.,0.58783,0.15735841995134647,forecast_icc,0.10075090870781278,0.8591530155276649,2026-09-01
HLN,10.07,0.2,44284002304.0,4397616983.0,4.9934416,Healthcare,Haleon plc,0.56925,0.09458058849363193,forecast_icc,0.07364929088039707,0.49587305666351655,2026-09-01
HLNE,102.99,2.4,5683566592.0,43349167.0,21.929,Financial Services,Hamilton Lane Incorporated,7.63768,0.01,forecast_icc,0.057803226049394474,0.1672548157491527,2026-09-01
HLP,1.38,0.0,103139480.0,74738750.0,0.787,Basic Materials,Hongli Group Inc.,0.03,0.75,trailing_eps_fallback_icc,0.14503631353527824,0.5702898274259285,2026-09-01
HLT,311.99,0.6,70217998336.0,225064910.0,-27.927,Consumer Cyclical,Hilton Worldwide Holdings Inc.,9.03863,0.15683460878473854,forecast_icc,0.05296660831977429,,2026-09-01
HLX,10.6,0.0,1562253952.0,147382447.0,10.745,Energy,"Helix Energy Solutions Group, I",0.28,0.75,forecast_icc,0.1591423708068994,1.0136792363287936,2026-09-01
HMC,32.03,1.33,41559781376.0,1297526814.0,59.489132,Consumer Cyclical,"Honda Motor Company, Ltd.",2.37351,0.5362395776718867,forecast_icc,0.24035489588004,1.8572942723938513,2026-09-01
HMH,19.17,0.0,230857120.0,12042625.0,,Energy,HMH Holding Inc.,1.14252,0.75,forecast_icc,0.2278758509977229,,2026-09-01
HMN,50.7,1.44,2053403520.0,40501054.0,37.114,Financial Services,Horace Mann Educators Corporati,4.81667,0.10034525927663718,forecast_icc,0.10625347110510985,0.7320315288813763,2026-09-01
HMR,1.24,0.0,73150072.0,58991997.0,0.242,Industrials,Heidmar Maritime Holdings Corp.,0.24,0.01,forecast_icc,0.09910958006631371,0.19516130174143917,2026-09-01
HMY,19.23,0.41,12018315264.0,624977428.0,7.5220394,Basic Materials,Harmony Gold Mining Company Lim,3.33,0.01,forecast_icc,0.09947578331126283,0.39116171728399274,2026-09-01
HNGE,90.02,0.0,7264111104.0,62468721.0,4.293,Healthcare,"Hinge Health, Inc.",2.43131,0.2872155340125284,forecast_icc,0.07282423729927168,0.03691824304632772,2026-09-01
HNI,47.46,1.4,3425748224.0,72181800.0,25.009,Consumer Cyclical,HNI Corporation,4.255,0.13631022326674502,forecast_icc,0.11560456359904381,0.5269490103076531,2026-09-01
HNNA,10.115,0.6,79953104.0,7904410.0,12.797,Financial Services,"Hennessy Advisors, Inc.",1.25,0.01,forecast_icc,0.09468974712237233,1.2651508160333589,2026-09-01
HNRG,16.37,0.0,771736768.0,47143357.0,4.037,Utilities,Hallador Energy Company,0.78333,0.04,forecast_icc,0.045786960614523545,0.2466096473571154,2026-09-01
HNST,5.63,0.0,604011072.0,107284379.0,1.531,Consumer Defensive,"The Honest Company, Inc.",0.11976,0.01,forecast_icc,0.021117847974238435,0.2719360486309098,2026-09-01
HNVR,26.69,0.4,188309264.0,7055424.0,28.022,Financial Services,"Hanover Bancorp, Inc.",2.365,0.2959830866807609,forecast_icc,0.1558076254262587,1.0499063462326526,2026-09-01
HOFT,12.8,0.58,137493120.0,10741650.0,15.861,Consumer Cyclical,Hooker Furnishings Corporation,0.77,0.7402597402597404,forecast_icc,0.29311777016735807,1.239140625,2026-09-01
HOG,27.15,0.74,2825568512.0,104072507.0,29.779,Consumer Cyclical,"Harley-Davidson, Inc.",0.67616,0.75,forecast_icc,0.19867980626149973,1.09683243311603,2026-09-01
HOMB,29.1,0.86,5821444608.0,200049630.0,22.685,Financial Services,"Home BancShares, Inc.",2.51265,0.033944242134797964,forecast_icc,0.07721325900310816,0.779553214388328,2026-09-01
HON,209.98,2.8,66551058432.0,316940010.0,58.487,Industrials,Honeywell International Inc.,8.3123,0.20334925351587385,forecast_icc,0.08129661462491133,0.27853607142567766,2026-09-01
HONA,154.24,0.0,48886792192.0,316952725.0,-17.974,Industrials,Honeywell Aerospace Inc.,6.78052,0.3438910290066248,forecast_icc,0.11022821256901133,,2026-09-01
HOOD,103.51,0.0,93064011776.0,790630234.0,10.545,Financial Services,"Robinhood Markets, Inc.",2.07216,0.31031387537641897,forecast_icc,0.06361960217407012,0.08958560520254785,2026-09-01
HOPE,13.63,0.56,1741121280.0,127741836.0,17.973,Financial Services,"Hope Bancorp, Inc.",1.1325,0.39293598233995564,forecast_icc,0.20267444021258674,1.3186353212729673,2026-09-01
HOUR,1.85,0.0,65119668.0,35199820.0,0.252,Consumer Cyclical,"Hour Loop, Inc.",0.05,0.01,forecast_icc,0.02525316308708736,0.1362162141244332,2026-09-01
HOV,119.44,0.0,699870272.0,5071686.0,114.683,Consumer Cyclical,"Hovnanian Enterprises, Inc.",3.99,0.01,forecast_icc,0.029385670295208555,0.8310628252231294,2026-09-01
HP,46.21,1.0,4618178560.0,99938945.0,25.757,Energy,"Helmerich & Payne, Inc.",1.53314,0.04,forecast_icc,0.039878573576142995,0.5573901859621903,2026-09-01
HPE,50.87,0.57,67362230272.0,1324203521.0,19.113,Technology,Hewlett Packard Enterprise Comp,3.44257,0.18617486354671087,forecast_icc,0.10426648872978295,0.37572244557041085,2026-09-01
HPI,15.77,1.48,422512224.0,26792150.0,16.096,Financial Services,John Hancock Preferred Income F,1.29,0.01,trailing_eps_fallback_icc,0.08402573261604732,1.0206721176426838,2026-09-01
HPQ,31.32,1.2,28244092928.0,901790969.0,-0.102,Technology,HP Inc.,3.23592,0.01,forecast_icc,0.07739122123772113,,2026-09-01
HQH,22.64,2.47,1294832128.0,57192236.0,19.88,Financial Services,Tekla Healthcare Investors,4.47,0.04,trailing_eps_fallback_icc,0.16754661040722552,0.8780919372430028,2026-09-01
HQI,16.07,0.24,223219008.0,13890418.0,4.957,Industrials,"HireQuest, Inc.",0.775,0.0903225806451613,forecast_icc,0.063595231569325,0.3084629872828751,2026-09-01
HQL,20.87,2.24,634616000.0,30408047.0,18.443,Financial Services,TeklaLife Sciences Investors,6.64,0.04,trailing_eps_fallback_icc,0.20321770575092934,0.8837085904247609,2026-09-01
HQY,97.0,0.0,8023383552.0,82715296.0,24.004,Healthcare,"HealthEquity, Inc.",4.72042,0.15935870113252637,forecast_icc,0.0745864707463191,0.24746392246062723,2026-09-01
HR,19.36,0.96,6790558720.0,346521578.0,12.305,Real Estate,Healthcare Realty Trust Incorpo,0.02,0.04,forecast_icc,0.010000000000000002,0.6279230020839875,2026-09-01
HRB,50.92,1.84,6276700672.0,123265922.0,0.946,Consumer Cyclical,"H&R Block, Inc.",6.146,0.07468272046859759,forecast_icc,0.11460352380438243,0.018578162048126422,2026-09-01
HRI,141.06,2.8,4715839488.0,33431444.0,56.587,Industrials,Herc Holdings Inc.,7.47812,0.35657357731622397,forecast_icc,0.1409446473842938,0.40115553687564354,2026-09-01
HRL,21.99,1.17,12102213632.0,550350800.0,14.273,Consumer Defensive,Hormel Foods Corporation,1.48715,0.044635712604646605,forecast_icc,0.07953125370820424,0.6490677827426407,2026-09-01
HRMY,41.25,0.0,2402251264.0,58236393.0,17.193,Healthcare,"Harmony Biosciences Holdings, I",5.22166,0.2805046670982023,forecast_icc,0.16901417439218214,0.4167999908476685,2026-09-01
HROW,36.97,0.0,1385925760.0,37487850.0,0.406,Healthcare,"Harrow, Inc.",0.28,0.75,forecast_icc,0.08258890501256808,0.010981877629578082,2026-09-01
HRTG,33.72,0.0,1002577088.0,29732416.0,19.666,Financial Services,"Heritage Insurance Holdings, In",5.175,0.01,forecast_icc,0.08538411193768847,0.583214697457758,2026-09-01
HRZN,4.51,0.72,307857632.0,68261111.0,6.233,Financial Services,Horizon Technology Finance Corp,0.67503,0.09552168051790288,forecast_icc,0.20743179183623262,1.3820398152838387,2026-09-01
HSAI,16.78,0.0,21094770688.0,1041146800.0,8.50597,Consumer Cyclical,Hesai Group,3.67906,0.6806548411822584,forecast_icc,0.35602248882946086,0.4198179528651532,2026-09-01
HSBC,103.4,3.75,354269790208.0,3426206769.0,12.5975,Financial Services,"HSBC Holdings, plc.",8.59749,0.1015842996037215,forecast_icc,0.10290138446255426,0.1218326850481276,2026-09-01
HSDT,2.09,0.0,126358688.0,60458703.0,2.805,Financial Services,Solana Company,198.04,0.04,trailing_eps_fallback_icc,0.4,1.3421052766470638,2026-09-01
HSHP,17.01,2.64,801936448.0,47145000.0,3.453,Industrials,Himalaya Shipping Ltd.,1.13,0.75,trailing_eps_fallback_icc,0.33662703204789757,0.2029982368378398,2026-09-01
HSIC,88.52,0.0,10083911680.0,113916757.0,28.209,Healthcare,"Henry Schein, Inc.",5.37635,0.11569187273894,forecast_icc,0.0747115703327702,0.31867373497394613,2026-09-01
HST,21.64,0.8,15033880576.0,685124399.0,9.326,Real Estate,"Host Hotels & Resorts, Inc.",1.3695,0.01,forecast_icc,0.05576861146546197,0.42500471603280615,2026-09-01
HSTM,29.67,0.14,867549504.0,29239955.0,12.196,Healthcare,"HealthStream, Inc.",0.73,0.21232876712328763,forecast_icc,0.05795129912542929,0.41105491909773484,2026-09-01
HSY,176.0,5.81,35362918400.0,146312143.0,22.709,Consumer Defensive,The Hershey Company,8.48975,0.16236873877322644,forecast_icc,0.09155699702916487,0.09395724690491043,2026-09-01
HTB,46.44,0.6,767825280.0,16533706.0,36.235,Financial Services,"HomeTrust Bancshares, Inc.",3.762,0.12387028176501858,forecast_icc,0.09753819187105511,0.7802541183718253,2026-09-01
HTCR,2.5234,0.0,3823778.0,1515328.0,3.105,Technology,"Heartcore Enterprises, Inc.",1.8,,forecast_icc,0.010000000000000002,1.2304828993733423,2026-09-01
HTD,25.26,1.9,895007872.0,35431824.0,27.598,Financial Services,John Hancock Tax Advantaged Div,4.83,0.75,trailing_eps_fallback_icc,0.4,1.0925574057431306,2026-09-01
HTGC,17.67,1.88,3307187968.0,187164000.0,12.317,Financial Services,"Hercules Capital, Inc.",1.93309,0.017443574794758554,forecast_icc,0.11594796824716397,0.6970571404788082,2026-09-01
HTH,37.76,0.8,2163134976.0,57286417.0,37.117,Financial Services,Hilltop Holdings Inc.,2.40667,0.034624605783094564,forecast_icc,0.06104629231643029,0.9829714573433072,2026-09-01
HTHT,46.97,2.17,14444393472.0,307523819.0,6.6433086,Consumer Cyclical,H World Group Limited,18.51691,0.15528778829729162,forecast_icc,0.2538177416964119,0.14143727359876945,2026-09-01
HTLD,11.91,0.08,921031360.0,77332611.0,9.78,Industrials,"Heartland Express, Inc.",0.18707,0.75,forecast_icc,0.13522423025014152,0.8211587231731174,2026-09-01
HTLM,1.7656,0.0,158352256.0,89687500.0,0.343,Consumer Cyclical,HOMESTOLIFE LTD,0.19,0.362,trailing_eps_fallback_icc,0.179708242812339,0.19426823006550664,2026-09-01
HTO,63.8,1.76,2670464000.0,41856804.0,44.057,Utilities,H2O America,2.73483,0.01,forecast_icc,0.03992220987043715,0.6905486139592221,2026-09-01
HTT,2.54,0.0,394420096.0,91792332.0,11.042681,Financial Services,High Templar Tech Limited,0.63,0.04,trailing_eps_fallback_icc,0.13342185844141274,2.569933557650399,2026-09-01
HUBB,443.31,5.68,23425288192.0,52841777.0,74.043,Industrials,Hubbell Inc,20.45775,0.11830528772714488,forecast_icc,0.06790450402814827,0.16702307618768955,2026-09-01
HUBG,37.94,0.5,2320164096.0,60578607.0,27.825,Industrials,"Hub Group, Inc.",1.8251,0.16274724672620677,forecast_icc,0.08094218204794193,0.7265002258594557,2026-09-01
HUBS,251.11,0.0,12521901056.0,49866201.0,33.363,Technology,"HubSpot, Inc.",13.27859,0.25053187123030396,forecast_icc,0.10001830804947814,0.13286209949453542,2026-09-01
HUIZ,1.525,0.0,15411766.0,8600164.0,6.36035,Financial Services,Huize Holding Limited,3.9,0.23076923076923084,forecast_icc,0.4,3.549239788444751,2026-09-01
HUM,394.88,3.54,47417311232.0,120080308.0,160.001,Healthcare,Humana Inc.,9.15272,0.75,forecast_icc,0.16473508172220408,0.40518892491192027,2026-09-01
HUN,9.39,0.35,1646805376.0,175378616.0,15.524,Basic Materials,Huntsman Corporation,0.20284,0.04,forecast_icc,0.030196722665384854,1.653247963883256,2026-09-01
HURN,157.46,0.0,2505200128.0,15910072.0,25.73,Industrials,Huron Consulting Group Inc.,9.198,0.15133724722765818,forecast_icc,0.08169008931325494,0.16340656699822745,2026-09-01
HUT,77.57,0.0,9561237504.0,123259468.0,11.71,Financial Services,Hut 8 Corp.,0.59,0.01,forecast_icc,0.010000000000000002,0.15096041382469147,2026-09-01
HUYA,2.1,0.0,479568768.0,77979576.0,3.001187,Communication Services,HUYA Inc.,0.85077,0.5405338693183821,forecast_icc,0.39313542671319024,0.4880036094358672,2026-09-01
HVII,7.81,0.0,203242224.0,19690000.0,-0.413,Financial Services,Hennessy Capital Investment Cor,0.1,0.01,trailing_eps_fallback_icc,0.014097377971379221,,2026-09-01
HVT,27.19,1.32,437632672.0,14885377.0,18.858,Consumer Cyclical,"Haverty Furniture Companies, In",1.69,0.559171597633136,forecast_icc,0.2429673366399424,0.6414247779608192,2026-09-01
HVT-A,27.21,1.24,437954528.0,1209976.0,18.858,Consumer Cyclical,"Haverty Furniture Companies, In",1.38,0.75,trailing_eps_fallback_icc,0.2836113593800268,0.052100677009098074,2026-09-01
HWBK,38.74,0.84,267332272.0,6900678.0,26.489,Financial Services,"Hawthorn Bancshares, Inc.",3.67,0.205,trailing_eps_fallback_icc,0.1370371488523524,0.683763535821818,2026-09-01
HWC,73.24,2.0,5875536384.0,80223058.0,55.227,Financial Services,Hancock Whitney Corporation,6.49204,0.1222142808731923,forecast_icc,0.1091028699902642,0.7540552103857076,2026-09-01
HWKN,124.58,0.8,2600622080.0,20875117.0,21.147,Basic Materials,"Hawkins, Inc.",4.2,0.19047619047619047,forecast_icc,0.06754824692329287,0.16974634745814354,2026-09-01
HWM,254.89,0.56,101650489344.0,398801399.0,14.33,Industrials,Howmet Aerospace Inc.,5.33373,0.20346924197512806,forecast_icc,0.04934201344512379,0.05622032992217289,2026-09-01
HXHX,0.4756,0.0,6539500.0,8950000.0,2.009,Industrials,Haoxin Holdings Limited,0.3,0.01,trailing_eps_fallback_icc,0.19733188289635473,2.7495297805642633,2026-09-01
HXL,92.08,0.72,6963407872.0,75623452.0,17.195,Industrials,Hexcel Corporation,2.3994,0.29844961240310086,forecast_icc,0.07824013954908149,0.18673978044122821,2026-09-01
HY,32.82,1.45,587999872.0,14471276.0,21.768,Industrials,"Hyster-Yale, Inc.",2.06,0.04,forecast_icc,0.070627022724019,0.5357326607853411,2026-09-01
HYI,10.31,1.14,132112376.0,12814003.0,,Financial Services,Western Asset High Yield Define,0.88,0.04,trailing_eps_fallback_icc,0.10446441741740403,,2026-09-01
HYNE,16.51,0.0,133680448.0,8096938.0,19.902,Financial Services,"Hoyne Bancorp, Inc.",0.03,0.04,trailing_eps_fallback_icc,0.010000000000000002,1.205451227063512,2026-09-01
HYPD,3.085,0.0,47939156.0,15539434.0,6.662,Healthcare,"Hyperion DeFi, Inc.",2.35,0.01,forecast_icc,0.21848358368737475,2.159481266378574,2026-09-01
HYT,8.24,0.93,1343515392.0,163047980.0,9.65,Financial Services,Blackrock Corporate High Yield ,0.91,0.01,trailing_eps_fallback_icc,0.11331589645748441,1.1711164727765173,2026-09-01
HZO,52.12,0.0,1151160704.0,22086735.0,43.125,Consumer Cyclical,"MarineMax, Inc.  (FL)",0.71146,0.75,forecast_icc,0.11467789231114234,0.8274174435987349,2026-09-01
IA,18.51,0.0,331313664.0,17899173.0,4.313,Industrials,Innovative Solutions and Suppor,1.11,0.01,forecast_icc,0.043957544249692115,0.23300920407858575,2026-09-01
IAE,8.925,0.78,95946744.0,10750335.0,,Financial Services,Voya Asia Pacific High Dividend,0.11,0.04,forecast_icc,0.01879552406503332,,2026-09-01
IAF,13.21,1.45,126583144.0,9582373.0,14.424,Financial Services,61617,1.74,0.04,trailing_eps_fallback_icc,0.141997276188362,1.091900104424646,2026-09-01
IAG,19.29,0.0,11014590464.0,571000000.0,7.659,Basic Materials,Iamgold Corporation,2.12933,0.12049799702253772,forecast_icc,0.1092174914068903,0.39704508436274805,2026-09-01
IART,16.62,0.0,1292579072.0,77772506.0,13.415,Healthcare,Integra LifeSciences Holdings C,2.45695,0.06166588656667815,forecast_icc,0.10711283228863377,0.8071600342218753,2026-09-01
IBCP,36.11,1.12,801616576.0,22199295.0,25.648,Financial Services,Independent Bank Corporation,3.53,0.09915014164305958,forecast_icc,0.10875092931286276,0.7102741325548637,2026-09-01
IBEX,38.25,0.0,512133696.0,13389116.0,11.967,Technology,IBEX Limited,3.52,0.029829545454545414,forecast_icc,0.06882051394896405,0.3128627395999345,2026-09-01
IBKR,90.39,0.35,154007879680.0,453077771.0,13.103,Financial Services,"Interactive Brokers Group, Inc.",2.70912,0.1741488010866996,forecast_icc,0.05828723401433111,0.038547884989705225,2026-09-01
IBM,231.4,6.76,218009894912.0,942134390.0,36.568,Technology,International Business Machines,12.32077,0.0683106656483321,forecast_icc,0.0671404754732906,0.1580293884707691,2026-09-01
IBN,30.19,0.25,108331163648.0,3588312925.0,11.120945,Financial Services,ICICI Bank Limited,1.63895,0.12816132279813308,forecast_icc,0.07586963799394375,0.36836519924570066,2026-09-01
IBO,0.458,0.0,49382124.0,107821231.0,0.1,Healthcare,"Impact BioMedical, Inc.",0.88,0.04,trailing_eps_fallback_icc,0.3829936529435568,0.21834061046057884,2026-09-01
IBOC,69.64,1.46,4331016704.0,62191514.0,54.276,Financial Services,International Bancshares Corpor,6.39,0.05633802816901423,forecast_icc,0.08558141800223418,0.7793797264153891,2026-09-01
IBP,234.14,1.56,6223248384.0,26579177.0,24.209,Consumer Cyclical,"Installed Building Products, In",10.43914,0.09115789231680016,forecast_icc,0.05762450078412662,0.10339540643232666,2026-09-01
IBTA,37.27,0.0,865633984.0,20148602.0,10.387,Technology,"Ibotta, Inc.",1.5945,0.18116023831922234,forecast_icc,0.07332377530902667,0.24176907658699315,2026-09-01
ICCC,9.92,0.0,90095392.0,9082197.0,3.455,Healthcare,ImmuCell Corporation,0.07,0.75,trailing_eps_fallback_icc,0.07918994008385172,0.34828629898186136,2026-09-01
ICE,159.6,2.08,89598566400.0,561394487.0,52.081,Financial Services,Intercontinental Exchange Inc.,8.14719,0.08052837849614392,forecast_icc,0.06271496213728545,0.32632203228473755,2026-09-01
ICFI,88.81,0.56,1592708224.0,17933884.0,58.544,Industrials,"ICF International, Inc.",7.108,0.08469330332020264,forecast_icc,0.08227115132332286,0.6592050502879804,2026-09-01
ICHR,51.76,0.0,1938630784.0,37454229.0,23.152,Technology,Ichor Holdings,1.57,0.75,forecast_icc,0.1696784941495969,0.4472952338138463,2026-09-01
ICL,5.77,0.21,7447444992.0,1290718361.0,4.762,Basic Materials,ICL Group Ltd.,0.41975,0.04883859440142935,forecast_icc,0.07744246146978917,0.8253032874609246,2026-09-01
ICLR,161.4,0.0,12452688896.0,77154209.0,121.551,Healthcare,ICON plc,10.58905,0.1216832482611756,forecast_icc,0.08006461730144088,0.7531041156236881,2026-09-01
ICMB,0.823,0.52,11877925.0,14432472.0,3.443,Financial Services,Investcorp Credit Management BD,0.15,0.04,forecast_icc,0.2095043843569281,4.183474899530011,2026-09-01
ICUI,170.81,0.0,4271452160.0,25007038.0,86.05,Healthcare,"ICU Medical, Inc.",8.7525,0.10211368180519864,forecast_icc,0.06362457855344428,0.5037761256115766,2026-09-01
IDA,136.39,3.52,7889076224.0,57842043.0,67.266,Utilities,"IDACORP, Inc.",6.37675,0.09085505939546001,forecast_icc,0.06673265645381787,0.4931886514927404,2026-09-01
IDAI,3.05,0.0,17199838.0,5639291.0,0.822,Technology,T Stamp Inc.,0.14,0.04,forecast_icc,0.044388474159093666,0.2695081896701585,2026-09-01
IDCC,319.9,2.8,8255341568.0,25806007.0,46.585,Technology,"InterDigital, Inc.",11.555,0.01,forecast_icc,0.03242464004949419,0.14562363364284722,2026-09-01
IDE,12.97,1.2,196577472.0,15156320.0,,Financial Services,"Voya Infrastructure, Industrial",4.14,0.04,trailing_eps_fallback_icc,0.19556276021148455,,2026-09-01
IDN,2.72,0.0,55125544.0,20266743.0,1.11,Technology,"Intellicheck, Inc.",0.13,0.01,forecast_icc,0.037416404737360826,0.40808821278933777,2026-09-01
IDR,31.0,0.0,490611264.0,15826170.0,7.619,Basic Materials,"Idaho Strategic Resources, Inc.",1.39,0.014388489208633004,forecast_icc,0.03713442376678841,0.24577419655411742,2026-09-01
IDT,68.35,0.26,1699766400.0,23294240.0,14.391,Communication Services,IDT Corporation,3.85,0.025974025974025983,forecast_icc,0.04842057571687913,0.19721969315312973,2026-09-01
IDXX,545.16,0.0,43003854848.0,78882997.0,20.445,Healthcare,"IDEXX Laboratories, Inc.",14.83498,0.12839383672913618,forecast_icc,0.04503096798886648,0.037502751308351734,2026-09-01
IESC,300.59,0.0,11978124288.0,39848712.0,30.848,Industrials,"IES Holdings, Inc.",11.57,0.16335350043215224,forecast_icc,0.06481633967088307,0.10262483826516128,2026-09-01
IEX,222.86,2.92,16429215744.0,73719896.0,54.162,Industrials,IDEX Corporation,8.82243,0.08603752027502631,forecast_icc,0.05408529428919262,0.24303150371679724,2026-09-01
IFF,85.78,1.6,21899931648.0,255303473.0,54.743,Basic Materials,International Flavors & Fragran,3.24232,0.2200430555898245,forecast_icc,0.08605509581869553,0.6381790704682568,2026-09-01
IFS,55.21,1.8,6095056896.0,110397705.0,34.06833,Financial Services,Intercorp Financial Services In,20.5005,0.14626472525060374,forecast_icc,0.23576937593221714,0.6170681438020575,2026-09-01
IGA,10.67,1.02,163692656.0,15341392.0,10.658,Financial Services,Voya Global Advantage and Premi,1.23,0.09,trailing_eps_fallback_icc,0.15106283468302,0.9988753309494837,2026-09-01
IGI,15.86,0.85,95059304.0,5993650.0,,Financial Services,Western Asset Investment Grade ,1.13,0.04,trailing_eps_fallback_icc,0.08022513085215599,,2026-09-01
IGIC,26.23,0.3,1113901568.0,42466701.0,16.914,Financial Services,International General Insurance,2.36,0.30296610169491545,forecast_icc,0.15649162688623725,0.6448341589137615,2026-09-01
IGR,4.51,0.72,684435712.0,151759571.0,4.567,Financial Services,CBRE Clarion Global Real Estate,0.3,0.75,trailing_eps_fallback_icc,0.33685885816004013,1.0126385117043688,2026-09-01
IH,1.23,0.0,62868824.0,22312862.0,2.7918043,Consumer Defensive,iHuman Inc.,0.19,0.01,forecast_icc,0.08574816572409893,0.9908431574432918,2026-09-01
IHD,7.6,0.66,134792528.0,17735861.0,,Financial Services,Voya Emerging Markets High Inco,2.44,0.04,trailing_eps_fallback_icc,0.19310856802409304,,2026-09-01
IHG,155.27,1.9,22688913408.0,146125537.0,-3.315451,Consumer Cyclical,Intercontinental Hotels Group,6.03457,0.13962055291429198,forecast_icc,0.06532305664596805,,2026-09-01
IHS,8.4,0.0,2842064128.0,338341000.0,-0.537,Real Estate,IHS Holding Limited,0.72,0.01,forecast_icc,0.05725704362953672,,2026-09-01
III,5.06,0.18,244972128.0,48413462.0,1.981,Technology,"Information Services Group, Inc",0.38,0.1578947368421053,forecast_icc,0.1155273843485306,0.39150195985561265,2026-09-01
IIIN,30.07,0.12,582102528.0,19358247.0,19.186,Industrials,"Insteel Industries, Inc.",1.605,0.5077881619937694,forecast_icc,0.16497472524915768,0.6380445180646939,2026-09-01
IIIV,16.0,0.0,422422848.0,18019748.0,15.451,Technology,"i3 Verticals, Inc.",1.0725,0.13752913752913742,forecast_icc,0.08531716097748243,0.6591100071083276,2026-09-01
IIM,12.58,0.93,592538560.0,47101635.0,12.65,Financial Services,Invesco Value Municipal Income ,0.4,0.75,trailing_eps_fallback_icc,0.2273555209579815,1.0055644020027996,2026-09-01
IIPR,56.17,7.6,1548682624.0,27571349.0,62.478,Real Estate,Innovative Industrial Propertie,4.15,0.057831325301204606,forecast_icc,0.09930448576029416,1.1123019759676724,2026-09-01
ILMN,207.13,0.0,31276630016.0,151000000.0,18.795,Healthcare,"Illumina, Inc.",5.35631,0.13816227962907313,forecast_icc,0.045017876563660686,0.09074011485726431,2026-09-01
IMAX,51.13,0.0,2804077312.0,54842114.0,6.489,Communication Services,Imax Corporation,1.85697,0.11582847326558854,forecast_icc,0.05282681082926509,0.1269117924185109,2026-09-01
IMKTA,80.59,0.66,1530756736.0,14552886.0,88.7,Consumer Defensive,"Ingles Markets, Incorporated",4.7,0.04,forecast_icc,0.05522828304854331,0.8432698402314919,2026-09-01
IMMR,7.4,0.3,245620064.0,33191901.0,8.971,Technology,Immersion Corporation,0.256,,forecast_icc,0.010000000000000002,1.2122973140785436,2026-09-01
IMO,134.94,2.48,67097292800.0,483592715.0,36.586903,Energy,Imperial Oil Limited,14.5167,0.01,forecast_icc,0.07267064019946956,0.26369409281460077,2026-09-01
IMOS,57.27,0.76,1991329664.0,34770906.0,22.40468,Technology,ChipMOS TECHNOLOGIES INC.,1.01,0.04,forecast_icc,0.024759261837657774,0.3912114786033138,2026-09-01
IMPP,5.46,0.0,249093152.0,45621455.0,12.332,Energy,Imperial Petroleum Inc.,2.44,0.01,forecast_icc,0.16305841569413226,2.258607988789672,2026-09-01
IMXI,14.41,0.0,435349568.0,30211627.0,5.614,Technology,"International Money Express, In",0.82667,0.23789420203950806,forecast_icc,0.10174972484396519,0.3895905415897874,2026-09-01
INAC,10.29,0.0,151828944.0,14755000.0,-0.244,Financial Services,Indigo Acquisition Corp.,0.35,0.04,trailing_eps_fallback_icc,0.036024740458644566,,2026-09-01
INBK,27.5,0.24,240173280.0,8733574.0,41.626,Financial Services,First Internet Bancorp,2.365,0.75,forecast_icc,0.27598619238849154,1.513672758784824,2026-09-01
INBS,2.43,0.0,7356752.0,3027470.0,1.897,Healthcare,Intelligent Bio Solutions Inc.,0.35,0.04,forecast_icc,0.09669474890387153,0.7806584468254468,2026-09-01
INCY,125.01,0.0,25339244544.0,202697746.0,31.568,Healthcare,Incyte Corporation,3.47935,0.75,forecast_icc,0.16307322770277388,0.25252380490732285,2026-09-01
INDB,79.94,2.56,3786685952.0,47369099.0,73.76,Financial Services,Independent Bank Corp.,7.16914,0.15935384160443244,forecast_icc,0.12469055218654368,0.922691975656079,2026-09-01
INDI,3.55,0.0,750074496.0,211288591.0,1.552,Technology,"indie Semiconductor, Inc.",0.08256,0.04,forecast_icc,0.027771205346422627,0.43718309978639774,2026-09-01
INDV,34.56,0.0,4079130624.0,118030390.0,-1.763,Healthcare,"Indivior Pharmaceuticals, Inc.",4.40867,0.10766512349529456,forecast_icc,0.11428921585200114,,2026-09-01
INFU,12.1,0.0,244198624.0,20181703.0,2.97,Healthcare,"InfuSystems Holdings, Inc.",0.43,0.30232558139534893,forecast_icc,0.08931934328577851,0.2454545276635138,2026-09-01
INFY,12.0,0.52,48603594752.0,4050299443.0,1.1875,Technology,Infosys Limited,0.80501,0.054558328467969375,forecast_icc,0.07863668536755625,0.09895833040959555,2026-09-01
ING,35.25,1.32,100624449536.0,2854594346.0,20.52703,Financial Services,"ING Group, N.V.",2.82158,0.13072108534934324,forecast_icc,0.11130556835909058,0.5823270989145496,2026-09-01
INGM,27.61,0.34,6368575488.0,230661904.0,18.556,Technology,Ingram Micro Holding Corporatio,3.37268,0.118374704982388,forecast_icc,0.12057864432735921,0.6720753014059272,2026-09-01
INGR,104.23,3.28,6573158912.0,63063979.0,71.696,Consumer Defensive,Ingredion Incorporated,10.56652,0.07403383516995188,forecast_icc,0.10190753409537179,0.6878633392126942,2026-09-01
INHD,5.17,0.0,13031404.0,2520581.0,22.072,Basic Materials,Inno Holdings Inc.,36.73,0.04,trailing_eps_fallback_icc,0.4,4.269245572618268,2026-09-01
INIO,19.47,0.0,14602499072.0,750000000.0,0.279,Industrials,INNIO N.V.,0.36701,0.75,forecast_icc,0.13524302075168115,0.01432973896921745,2026-09-01
INLX,5.2527,0.0,23610854.0,4494994.0,2.181,Technology,"Intellinetics, Inc.",0.06,0.04,forecast_icc,0.01617189927932127,0.41521504956999866,2026-09-01
INMD,15.03,0.0,864888896.0,57544172.0,10.681,Healthcare,InMode Ltd.,1.296,0.058641975308642014,forecast_icc,0.07565664594655558,0.7106453834412506,2026-09-01
INNV,10.83,0.0,1470025216.0,135736393.0,1.688,Healthcare,InnovAge Holding Corp.,0.36,0.13888888888888884,forecast_icc,0.05402408005614878,0.15586333410487566,2026-09-01
INOD,54.64,0.0,1878668032.0,34382651.0,4.643,Technology,Innodata Inc.,1.645,0.26910030395136775,forecast_icc,0.07452122464727118,0.08497437858835083,2026-09-01
INR,15.61,0.0,291002048.0,18642028.0,21.401,Energy,"Infinity Natural Resources, Inc",3.224,0.13275434243176165,forecast_icc,0.15895123867878602,1.3709801837133462,2026-09-01
INSE,5.45,0.0,143653120.0,26358372.0,-0.596,Consumer Cyclical,"Inspired Entertainment, Inc.",0.27204,0.75,forecast_icc,0.21146003799582325,,2026-09-01
INSG,4.06,0.0,66667604.0,16420592.0,-1.863,Technology,Inseego Corp.,0.14,0.04,trailing_eps_fallback_icc,0.036350049375838744,,2026-09-01
INSM,121.51,0.0,26535536640.0,218381503.0,3.47,Healthcare,Insmed Incorporated,0.80224,0.04,forecast_icc,0.010209830358094158,0.028557320158647453,2026-09-01
INSP,61.52,0.0,1778566400.0,28910375.0,28.56,Healthcare,"Inspire Medical Systems, Inc.",1.24681,0.23274596770959488,forecast_icc,0.05182752913515702,0.46423923784909016,2026-09-01
INSW,99.76,8.18,4941243904.0,49531311.0,44.325,Energy,"International Seaways, Inc.",14.82193,0.01,forecast_icc,0.11521117882190623,0.4443163306101395,2026-09-01
INTA,42.22,0.0,3230300928.0,76511148.0,4.152,Technology,"Intapp, Inc.",1.59937,0.22278772266579971,forecast_icc,0.07630566867630606,0.09834201010265753,2026-09-01
INTC,88.97,0.0,470304784384.0,5286105262.0,17.359,Technology,Intel Corporation,1.5129,0.34848965562826373,forecast_icc,0.06281674761383049,0.19511071179776793,2026-09-01
INTR,5.59,0.11,2468060416.0,325792797.0,4.6294622,Financial Services,Inter & Co. Inc.,0.75933,0.2858440994034215,forecast_icc,0.18956304719852396,0.6111055584239691,2026-09-01
INTT,10.46,0.0,134157720.0,12825786.0,8.453,Technology,inTest Corporation,0.44,0.5075681818181819,forecast_icc,0.14325412234252338,0.8081262044256566,2026-09-01
INTU,344.93,5.52,94351114240.0,273537000.0,75.215,Technology,Intuit Inc.,24.34173,0.13487701983384093,forecast_icc,0.0945892826130745,0.21805874388156032,2026-09-01
INVA,21.08,0.0,1522934912.0,72245485.0,16.978,Healthcare,"Innoviva, Inc.",1.91,0.15706806282722519,forecast_icc,0.10797048535627785,0.8054079229946763,2026-09-01
INVH,29.13,1.2,17304442880.0,594041956.0,15.331,Real Estate,Invitation Homes Inc.,0.79574,0.01,forecast_icc,0.029779336539405364,0.5262958935223461,2026-09-01
INVX,30.25,0.0,2112066816.0,69820389.0,15.368,Energy,"Innovex International, Inc.",1.53893,0.21605920997056405,forecast_icc,0.08984565880073292,0.5080330461249953,2026-09-01
IOND,72.15,0.0,3241081088.0,44921427.0,13.661,Financial Services,Ionic Digital Inc.,0.695,0.75,forecast_icc,0.09486235115696917,0.18934164175006288,2026-09-01
IOR,19.32,0.0,78558560.0,4066178.0,30.967,Financial Services,Income Opportunity Realty Inves,0.91,0.01,trailing_eps_fallback_icc,0.03706304871861216,1.6028467696709308,2026-09-01
IOSP,92.61,1.79,2281081344.0,24631047.0,54.541,Basic Materials,Innospec Inc.,4.93667,0.24577903728626782,forecast_icc,0.11132396311203452,0.5889320597709469,2026-09-01
IOT,39.06,0.0,22760656896.0,372784485.0,2.587,Technology,Samsara Inc.,0.71585,0.2662848362087029,forecast_icc,0.0532801132492603,0.04237107334386664,2026-09-01
IP,36.46,1.85,19308118016.0,529569895.0,27.299,Consumer Cyclical,International Paper Company,1.34423,0.75,forecast_icc,0.24635776151789146,0.748738357183501,2026-09-01
IPAR,117.11,3.2,3750539008.0,32025781.0,27.18,Consumer Defensive,"Interparfums, Inc.",4.89,0.06421267893660532,forecast_icc,0.05559262402518532,0.23208950119523727,2026-09-01
IPGP,75.2,0.0,3191759872.0,42443616.0,50.012,Technology,IPG Photonics Corporation,1.82286,0.25391417881790157,forecast_icc,0.06222717800380517,0.6650532021576842,2026-09-01
IPI,40.7,0.0,547686656.0,13456674.0,39.008,Basic Materials,"Intrepid Potash, Inc",2.11089,0.01,forecast_icc,0.03943578575032461,0.9584274760785847,2026-09-01
IPM,1.86,0.0,24246456.0,9035729.0,1.239,Technology,Intelligent Protection Manageme,0.09,0.44444444444444464,forecast_icc,0.1390644654677894,0.4617280245409886,2026-09-01
IPST,4.25,0.0,3066706.0,721578.0,63.041,Financial Services,"IP Strategy Holdings, Inc.",0.22,0.04,forecast_icc,0.04852292736619346,14.833178889009902,2026-09-01
IPW,1.81,0.0,380329.0,210127.0,698.003,Consumer Cyclical,iPower Inc.,0.06,0.04,forecast_icc,0.035418704572939455,385.6378987166375,2026-09-01
IQ,0.9039,0.0,872285888.0,530582267.0,2.047199,Communication Services,"iQIYI, Inc.",0.082473636,0.04,forecast_icc,0.07214239998118066,1.2452425304169694,2026-09-01
IQI,9.99,0.76,528309120.0,52883797.0,10.374,Financial Services,Invesco Quality Municipal Incom,0.34,0.75,trailing_eps_fallback_icc,0.2359254191679968,1.0384384620844707,2026-09-01
IQV,258.35,0.0,42524409856.0,164600000.0,37.491,Healthcare,"IQVIA Holdings, Inc.",12.96532,0.11529912103981999,forecast_icc,0.06583334828450949,0.14511708971145892,2026-09-01
IR,74.64,0.08,28960276480.0,387999429.0,26.231,Industrials,Ingersoll Rand Inc.,3.55555,0.10173390895923262,forecast_icc,0.06083294725061672,0.3514335586239196,2026-09-01
IRDM,46.72,0.6,4951458304.0,105981552.0,4.46,Communication Services,Iridium Communications Inc,1.08,0.587962962962963,forecast_icc,0.13624592592554252,0.09546232501607672,2026-09-01
IRHO,10.04,0.0,294372800.0,29320000.0,-0.373,Financial Services,Iron Horse Acquisitions II Corp,0.09,0.04,trailing_eps_fallback_icc,0.013251117762338366,,2026-09-01
IRM,114.22,3.46,34003615744.0,297702812.0,-4.303,Real Estate,Iron Mountain Incorporated (Del,2.48114,0.09956310405700619,forecast_icc,0.04010194638046982,,2026-09-01
IRMD,86.38,0.8,1104540288.0,12786991.0,7.957,Healthcare,iRadimed Corporation,2.09,0.15311004784689008,forecast_icc,0.04875721691922401,0.09211623015692116,2026-09-01
IRS,15.03,2.4,1271712256.0,84611592.0,16.586578,Real Estate,IRSA Inversiones Y Representaci,0.255,0.01,forecast_icc,0.019746643259453203,1.1035647126862131,2026-09-01
IRT,16.27,0.69,3931748352.0,235714682.0,14.275,Real Estate,"Independence Realty Trust, Inc.",0.245,0.01,forecast_icc,0.01777160810622236,0.8558093713801346,2026-09-01
IRTC,122.35,0.0,4033023488.0,32963003.0,5.645,Healthcare,"iRhythm Holdings, Inc.",0.58468,0.75,forecast_icc,0.06213955316560174,0.04613812750871833,2026-09-01
IRWD,4.27,0.0,705574592.0,165239947.0,-0.979,Healthcare,"Ironwood Pharmaceuticals, Inc.",1.21,0.2396694214876034,forecast_icc,0.23004459863200089,,2026-09-01
ISBA,38.55,1.12,294093056.0,7628873.0,32.601,Financial Services,Isabella Bank Corporation,3.3,0.19696969696969702,forecast_icc,0.1322512065205711,0.8456809285323622,2026-09-01
ISPR,1.45,0.0,83229128.0,57399396.0,-0.282,Consumer Defensive,Ispire Technology Inc.,0.09,0.04,forecast_icc,0.05532472701319131,,2026-09-01
ISRG,369.25,0.0,132294172672.0,358278038.0,51.338,Healthcare,"Intuitive Surgical, Inc.",10.79481,0.11820680493681701,forecast_icc,0.04561505386950787,0.13903316785121655,2026-09-01
ISTR,29.76,0.48,410004288.0,13777026.0,28.291,Financial Services,Investar Holding Corporation,3.16,0.04325000000000001,forecast_icc,0.08651954844169352,0.9506384542153862,2026-09-01
IT,189.93,0.0,11993884672.0,63148976.0,-2.598,Technology,"Gartner, Inc.",14.49348,0.134943436634956,forecast_icc,0.09163482784612526,,2026-09-01
ITG,11.99,0.0,1484514048.0,48444533.0,0.71,Industrials,"ITG, Inc.",0.55792,0.7425975050186409,forecast_icc,0.20352885410419475,0.02316961464685311,2026-09-01
ITGR,125.39,0.0,4257597440.0,33954839.0,50.563,Healthcare,Integer Holdings Corporation,6.1628,0.11454695917440127,forecast_icc,0.06474719314940292,0.40324585603776575,2026-09-01
ITIC,293.51,1.84,554145728.0,1887996.0,151.785,Financial Services,Investors Title Company,21.34,0.193,trailing_eps_fallback_icc,0.10774469733162395,0.5171373853124787,2026-09-01
ITRG,2.66,0.0,539642368.0,202873070.0,1.338,Basic Materials,Integra Resources Corp.,0.254,0.75,forecast_icc,0.27589195168634206,0.5030075171191897,2026-09-01
ITRI,95.1,0.0,4164120064.0,43786753.0,36.921,Technology,"Itron, Inc.",6.42152,0.07708611045359981,forecast_icc,0.06948270426889452,0.38823345212579347,2026-09-01
ITRN,51.06,2.0,1011429312.0,19808642.0,11.044,Technology,Ituran Location and Control Ltd,3.63,0.0440771349862259,forecast_icc,0.07571324056655229,0.21629454441597198,2026-09-01
ITT,194.26,1.54,17452283904.0,89402646.0,53.697,Industrials,ITT Inc.,8.25401,0.1636513646094444,forecast_icc,0.07277986560374072,0.2750731026763613,2026-09-01
ITUB,7.68,0.17,84647976960.0,5404129565.0,3.8262315,Financial Services,Itau Unibanco Banco Holding SA,0.89068,0.1245228364844837,forecast_icc,0.12401499840695418,0.2442757820598043,2026-09-01
ITW,269.88,6.88,76861825024.0,284800000.0,10.105,Industrials,Illinois Tool Works Inc.,11.44868,0.08261913163788326,forecast_icc,0.060436119114796114,0.03744256656801186,2026-09-01
IVDA,0.27,0.0,3380137.0,12519027.0,0.432,Industrials,"Iveda Solutions, Inc.",1.84,0.04,forecast_icc,0.4,1.6000001372725425,2026-09-01
IVF,1.01,0.0,2532038.0,2506969.0,7.011,Healthcare,"INVO Fertility, Inc.",357.88,0.04,trailing_eps_fallback_icc,0.4,6.941586050051383,2026-09-01
IVR,7.19,1.44,773934592.0,107640417.0,8.08,Real Estate,INVESCO MORTGAGE CAPITAL INC,2.01792,0.01,forecast_icc,0.22690858690601112,1.123783041035075,2026-09-01
IVT,32.53,1.0,2536638208.0,77978431.0,22.647,Real Estate,InvenTrust Properties Corp.,0.19,0.01,trailing_eps_fallback_icc,0.010000000000000002,0.6961881758650069,2026-09-01
IVZ,31.99,0.86,14123577344.0,441499780.0,22.563,Financial Services,Invesco Ltd,2.80685,0.16191816449044305,forecast_icc,0.12126946001313421,0.7053141915473621,2026-09-01
IX,39.16,0.99,42771832832.0,1092232679.0,26.999832,Financial Services,ORIX Corporation,4.89562,0.01,forecast_icc,0.08247242782845798,0.6894747520813918,2026-09-01
IZM,0.234,0.0,2812238.0,8188610.0,1.287,Technology,ICZOOM Group Inc.,0.1,0.04,trailing_eps_fallback_icc,0.17989782261571186,3.747457032441777,2026-09-01
J,146.33,1.44,17278775296.0,118080879.0,27.87,Industrials,Jacobs Solutions Inc.,7.25712,0.13803409617038187,forecast_icc,0.07474139716198025,0.19045991636292878,2026-09-01
JACK,15.63,1.76,299772928.0,19179330.0,-47.061,Consumer Cyclical,Jack In The Box Inc.,3.10619,0.02944121254656018,forecast_icc,0.1633154279685659,,2026-09-01
JACS,10.75,0.0,318092512.0,23840000.0,-0.004,Financial Services,Jackson Acquisition Company II,0.29,0.01,trailing_eps_fallback_icc,0.02521884110418461,,2026-09-01
JAGX,0.731,0.0,3778027.0,5168300.0,-99.202,Healthcare,"Jaguar Health, Inc.",98.2,0.04,trailing_eps_fallback_icc,0.4,,2026-09-01
JAKK,24.71,1.0,282806240.0,11445012.0,21.658,Consumer Cyclical,"JAKKS Pacific, Inc.",1.99,0.6407035175879399,forecast_icc,0.2790203775402237,0.8764872723317563,2026-09-01
JAN,30.9,0.3,9587985408.0,234372996.0,12.68,Real Estate,"Janus Living, Inc.",0.22926,0.30214603506935367,forecast_icc,0.03460154902182777,0.309955581158932,2026-09-01
JAZZ,243.71,0.0,15820332032.0,64914577.0,74.1,Healthcare,Jazz Pharmaceuticals plc,25.02536,0.031610334476706914,forecast_icc,0.07478522393002957,0.3040498863089854,2026-09-01
JBHT,256.48,1.8,24083472384.0,93900000.0,38.941,Industrials,"J.B. Hunt Transport Services, I",7.82498,0.2927087353577902,forecast_icc,0.08415473005997304,0.1518286001992494,2026-09-01
JBI,4.68,0.0,638519488.0,136435790.0,4.192,Industrials,"Janus International Group, Inc.",0.5525,0.18552036199095023,forecast_icc,0.13421582276643684,0.8957265086324194,2026-09-01
JBL,299.14,0.32,31346010112.0,104787089.0,12.621,Technology,Jabil Inc.,12.76506,0.318923687001863,forecast_icc,0.1037286467720781,0.042190946967209354,2026-09-01
JBS,13.41,1.34,44110368768.0,776405057.0,7.68,Consumer Defensive,JBS N.V.,4.857,0.5188387893761579,forecast_icc,0.4,0.13517889340534656,2026-09-01
JBSS,73.88,0.95,863625792.0,9092149.0,32.492,Consumer Defensive,"John B. Sanfilippo & Son, Inc.",5.789,0.01,forecast_icc,0.05703816101671401,0.3420718881309186,2026-09-01
JBTM,116.4,0.4,6038461440.0,51876817.0,86.539,Industrials,JBT Marel Corporation,8.05429,0.1502304982810403,forecast_icc,0.09191483340157672,0.7434622065522373,2026-09-01
JCAP,20.67,0.96,1186985856.0,57425536.0,8.291,Financial Services,"Jefferson Capital, Inc.",3.0,0.025000000000000133,forecast_icc,0.10762217077553304,0.40111271467079723,2026-09-01
JCE,17.16,1.36,291765952.0,17002678.0,,Financial Services,Nuveen Core Equity Alpha Fund N,2.7,0.04,trailing_eps_fallback_icc,0.1361294341490168,,2026-09-01
JCI,139.25,1.6,84349493248.0,605741470.0,22.257,Industrials,Johnson Controls International ,5.07092,0.18975846591939916,forecast_icc,0.07333629100334046,0.15983484166467912,2026-09-01
JCSE,1.42,0.44,7457299.0,1751619.0,2.964248,Industrials,JE Cleantech Holdings Limited,0.49,0.04,trailing_eps_fallback_icc,0.34890267365155936,0.6962618928799824,2026-09-01
JD,27.9,1.0,37678948352.0,1350500000.0,24.41646,Consumer Cyclical,"JD.com, Inc.",22.76238,0.2500472270474352,forecast_icc,0.39127000245356813,0.8751419737607862,2026-09-01
JEF,51.98,1.6,10572315648.0,194145000.0,51.953,Financial Services,Jefferies Financial Group Inc.,3.55713,0.27672027730220705,forecast_icc,0.14365458687675547,0.9540402992894069,2026-09-01
JFIN,1.9,0.8,99426136.0,25329546.0,11.939829,Financial Services,Jiayin Group Inc.,1.9,0.04,forecast_icc,0.4,3.0417600447394837,2026-09-01
JFR,7.61,0.94,1224962176.0,160967425.0,8.518,Financial Services,Nuveen Floating Rate Income Fun,0.34,0.01,trailing_eps_fallback_icc,0.0459473912103877,1.1193166230056724,2026-09-01
JFU,2.79,0.0,32847602.0,8715213.0,46.749275,Technology,9F Inc.,2.11,0.04,trailing_eps_fallback_icc,0.24173074790292326,12.403641800718816,2026-09-01
JG,6.0,0.0,35760648.0,4685090.0,1.6300104,Technology,Aurora Mobile Limited,0.01,0.04,forecast_icc,0.010000000000000002,0.21355165110363772,2026-09-01
JGH,12.37,1.24,347916576.0,28125836.0,,Financial Services,Nuveen Global High Income Fund ,1.18,0.04,trailing_eps_fallback_icc,0.11572152093849147,,2026-09-01
JHI,13.18,1.24,115253136.0,8744547.0,14.613,Financial Services,John Hancock Investors Trust,1.54,0.75,trailing_eps_fallback_icc,0.4,1.108725278512161,2026-09-01
JHS,10.85,0.62,126365448.0,11646585.0,12.205,Financial Services,John Hancock Income Securities ,0.78,0.01,trailing_eps_fallback_icc,0.0679018556580156,1.1248847859503495,2026-09-01
JHX,28.57,0.0,16585527296.0,580522488.0,11.27,Basic Materials,James Hardie Industries plc.,1.39656,0.17888239674629092,forecast_icc,0.07925214253172308,0.39446972791379864,2026-09-01
JILL,19.43,0.34,290505984.0,14951415.0,8.313,Consumer Cyclical,"J. Jill, Inc.",2.028,0.20710059171597628,forecast_icc,0.14191954148005526,0.4278435548336244,2026-09-01
JJSF,87.01,3.2,1625486720.0,18681608.0,47.889,Consumer Defensive,J & J Snack Foods Corp.,3.98667,0.08361113410440302,forecast_icc,0.06851325531507368,0.550385010535183,2026-09-01
JKHY,168.1,2.44,11785929728.0,70112608.0,29.979,Technology,"Jack Henry & Associates, Inc.",7.227,0.08468244084682452,forecast_icc,0.05739414175855162,0.17834026875609757,2026-09-01
JKS,12.45,1.5,652008832.0,52370188.0,41.096203,Technology,JinkoSolar Holding Company Limi,0.6855,0.04,forecast_icc,0.0695859036147709,3.3008998828963168,2026-09-01
JL,4.88,0.0,18357102.0,1652701.0,4.426,Consumer Cyclical,J-Long Group Limited,0.75,0.04,trailing_eps_fallback_icc,0.10062800999754101,0.3984754579453772,2026-09-01
JLHL,5.62,0.0,120541312.0,11448632.0,0.55696905,Industrials,Julong Holding Limited,0.19,0.01,trailing_eps_fallback_icc,0.02963248238220792,0.052899156173442013,2026-09-01
JLL,354.67,0.0,16317552640.0,46007703.0,162.185,Real Estate,Jones Lang LaSalle Incorporated,25.19658,0.12752444974675115,forecast_icc,0.0857351939262937,0.45728421875984215,2026-09-01
JMKE,20.42,0.0,4754473984.0,232834177.0,,Consumer Cyclical,Jersey Mike's Subs Inc.,0.52326,0.39670527080227824,forecast_icc,0.09019862477509435,,2026-09-01
JMSB,22.56,0.28,318369728.0,14112134.0,19.494,Financial Services,"John Marshall Bancorp, Inc.",1.93,0.10103626943005195,forecast_icc,0.09333687351190148,0.8640957855013149,2026-09-01
JNJ,271.19,5.36,653540392960.0,2409898597.0,35.284,Healthcare,Johnson & Johnson,11.0525,0.11354897082108106,forecast_icc,0.06436604106150323,0.13010804383708893,2026-09-01
JOB,0.2551,0.0,28028014.0,109870686.0,0.461,Industrials,GEE Group Inc.,0.1,0.04,forecast_icc,0.1717876439666034,1.807134328033374,2026-09-01
JOE,65.05,0.64,3703325952.0,56930451.0,13.414,Real Estate,St. Joe Company (The),0.11,0.392,forecast_icc,0.013662375288936192,0.2062106008523443,2026-09-01
JOF,12.59,1.15,356723712.0,28333893.0,13.811,Financial Services,Japan Smaller Capitalization Fu,5.06,0.04,trailing_eps_fallback_icc,0.21555962419860164,1.09698173420835,2026-09-01
JOUT,44.32,1.32,464458976.0,9273554.0,41.736,Consumer Cyclical,Johnson Outdoors Inc.,1.45,0.08965517241379328,forecast_icc,0.054175724900730304,0.833315900313228,2026-09-01
JOYY,74.04,5.4,3625998336.0,32648025.0,129.557,Communication Services,JOYY Inc.,5.33722,0.20604734299878946,forecast_icc,0.15493330962167928,1.166514648650131,2026-09-01
JPM,354.95,6.0,943523233792.0,2658186195.0,133.007,Financial Services,JP Morgan Chase & Co.,24.21208,0.03283113222820999,forecast_icc,0.061864675061206825,0.3747203657268993,2026-09-01
JRI,12.17,1.6,334045536.0,27448277.0,,Financial Services,Nuveen Real Asset Income and Gr,1.76,0.04,trailing_eps_fallback_icc,0.16090620304299474,,2026-09-01
JRSH,5.52,0.2,70103672.0,12699940.0,5.198,Consumer Cyclical,"Jerash Holdings (US), Inc.",0.49,0.2857142857142858,forecast_icc,0.16840532033857614,0.9416666236827081,2026-09-01
JRVR,4.02,0.04,185880912.0,46239030.0,11.302,Financial Services,"James River Group Holdings, Inc",0.75448,0.33584720602269114,forecast_icc,0.22959422652082873,2.81144261364502,2026-09-01
JTAI,1.45,0.0,2061495.0,1421721.0,23.166,Technology,Jet.AI Inc.,540.01,0.04,trailing_eps_fallback_icc,0.4,15.976555211630394,2026-09-01
JUNS,3.35,0.0,4417045.0,1318521.0,-0.551,Healthcare,"Jupiter Neurosciences, Inc.",0.06,0.04,forecast_icc,0.022950306139359347,,2026-09-01
JVA,3.43,0.08,19580498.0,5708599.0,5.084,Consumer Defensive,"Coffee Holding Co., Inc.",0.4,0.01,forecast_icc,0.07824335685469641,1.4822154837941302,2026-09-01
JXN,132.78,3.6,8993022976.0,67728744.0,138.285,Financial Services,Jackson Financial Inc.,26.87367,0.14652185577928134,forecast_icc,0.17623137135675637,1.0414595168982697,2026-09-01
JYNT,8.36,0.0,118236760.0,14143154.0,1.16,Healthcare,The Joint Corp.,0.13,0.75,forecast_icc,0.12271835909446549,0.13875598959240762,2026-09-01
JZ,1.16,0.0,2793643.0,2377874.0,25.022972,Technology,Jianzhi Education Technology Gr,781.27,0.04,trailing_eps_fallback_icc,0.4,21.298882685270808,2026-09-01
KAI,292.48,1.44,3453930752.0,11809117.0,87.546,Industrials,Kadant Inc,12.0375,0.12253374870197287,forecast_icc,0.06091314835929641,0.29932301227618824,2026-09-01
KALU,163.31,3.08,2669970176.0,16349092.0,58.264,Basic Materials,Kaiser Aluminum Corporation,13.51603,0.01,forecast_icc,0.06100401060433114,0.3567693395418661,2026-09-01
KARO,65.0,2.75,2008064512.0,30893300.0,7.2826095,Technology,Karooooo Ltd.,39.46236,0.1759458886898808,forecast_icc,0.3133445411288326,0.11204014548430505,2026-09-01
KB,124.64,3.31,43761864704.0,351106111.0,29.072872,Financial Services,KB Financial Group Inc,19046.764,0.0714194810205031,forecast_icc,0.4,0.23325475485480793,2026-09-01
KBDC,13.5,1.6,891510400.0,66037810.0,,Financial Services,"Kayne Anderson BDC, Inc.",1.62828,0.01,forecast_icc,0.12250390298977465,,2026-09-01
KBH,52.22,1.0,3201594112.0,61309728.0,61.928,Consumer Cyclical,KB Home,3.33491,0.38162948925158413,forecast_icc,0.15987710616948625,1.185905740316404,2026-09-01
KBR,36.96,0.66,4659464192.0,126067755.0,12.977,Industrials,"KBR, Inc.",3.99462,0.017586153376291103,forecast_icc,0.07685016761476204,0.35110930983091887,2026-09-01
KBSX,0.9994,0.0,44739144.0,44766003.0,0.353,Consumer Cyclical,FST Corp.,0.055,0.75,forecast_icc,0.22039051025177459,0.3532119224051314,2026-09-01
KCHV,10.44,0.0,357647072.0,25824050.0,-0.194,Financial Services,Kochav Defense Acquisition Corp,0.29,0.365,trailing_eps_fallback_icc,0.0885637222829353,,2026-09-01
KD,13.12,0.0,2857775616.0,217818263.0,4.877,Technology,"Kyndryl Holdings, Inc.",1.85452,0.3432208873455125,forecast_icc,0.19809235234796307,0.37172256026800665,2026-09-01
KDP,31.89,0.92,43396739072.0,1360826038.0,18.395,Consumer Defensive,Keurig Dr Pepper Inc.,2.29293,0.10515366801428727,forecast_icc,0.09264734658994056,0.5768266350031158,2026-09-01
KE,23.9,0.0,574769280.0,24048925.0,24.414,Industrials,"Kimball Electronics, Inc.",1.6,0.1421874999999999,forecast_icc,0.0864660334106267,1.0215063250248866,2026-09-01
KELYA,16.69,0.3,579676160.0,31435902.0,28.318,Industrials,"Kelly Services, Inc.",1.095,0.6621004566210047,forecast_icc,0.23825099634282443,1.5356882588305858,2026-09-01
KEN,63.89,3.85,3329205504.0,52108397.0,28.288,Utilities,Kenon Holdings Ltd.,1.54,0.75,trailing_eps_fallback_icc,0.195080417314076,0.4427609928449764,2026-09-01
KEP,11.66,0.52,14970602496.0,1283928154.0,28.549204,Utilities,Korea Electric Power Corporatio,3.11051,0.01,forecast_icc,0.13765454624832618,2.448473720391902,2026-09-01
KEQU,37.67,0.0,108056808.0,2868511.0,26.07,Consumer Cyclical,Kewaunee Scientific Corporation,2.16,0.01,forecast_icc,0.042479103218566405,0.6920626580973963,2026-09-01
KEX,140.95,0.0,7442159616.0,52800000.0,64.827,Industrials,Kirby Corporation,7.08929,0.1759626140276389,forecast_icc,0.08000342496142343,0.4599290765870077,2026-09-01
KEY,21.21,0.82,22633795584.0,1067128554.0,16.136,Financial Services,KeyCorp,1.8286,0.1684840861861534,forecast_icc,0.12919137473152076,0.760773255349022,2026-09-01
KEYS,319.27,0.0,54371680256.0,170300000.0,38.585,Technology,Keysight Technologies Inc.,11.49984,0.18696520995074706,forecast_icc,0.06672301787074558,0.12085382443693889,2026-09-01
KF,63.38,0.44,263556096.0,4158348.0,87.883,Financial Services,"Korea Fund, Inc. (The) New",58.39,0.75,trailing_eps_fallback_icc,0.4,1.38660460839426,2026-09-01
KFFB,5.5547,0.2,44919280.0,8086715.0,6.219,Financial Services,Kentucky First Federal Bancorp,0.24,0.75,trailing_eps_fallback_icc,0.2560356703234944,1.119592312810891,2026-09-01
KFII,10.65,0.0,418077024.0,29672727.0,-0.251,Financial Services,K&F Growth Acquisition Corp. II,0.26,0.01,trailing_eps_fallback_icc,0.0234285372868556,,2026-09-01
KFRC,54.89,1.59,983025024.0,17909000.0,7.373,Industrials,"Kforce, Inc.",2.53858,0.21628627027708403,forecast_icc,0.1018889521915517,0.13432318992522413,2026-09-01
KFY,84.65,2.2,4347296768.0,51356133.0,39.275,Industrials,Korn Ferry,5.78805,0.09372932161954362,forecast_icc,0.08515005428164535,0.46396927360055484,2026-09-01
KGC,29.43,0.16,34911068160.0,1186240789.0,8.138,Basic Materials,Kinross Gold Corporation,2.67385,0.144963255231221,forecast_icc,0.10713740792960491,0.27652054347459987,2026-09-01
KGEI,6.22,0.0,223109504.0,35869698.0,5.899,Energy,Kolibri Global Energy Inc.,0.69,0.17391304347826098,forecast_icc,0.12624243877012298,0.9483923576021217,2026-09-01
KGS,59.55,1.96,6020745216.0,101104031.0,21.41,Energy,"Kodiak Gas Services, Inc.",2.62124,0.23498802093665616,forecast_icc,0.10712177940281117,0.35952979673637797,2026-09-01
KHC,25.87,1.6,30677260288.0,1185823758.0,30.359,Consumer Defensive,The Kraft Heinz Company,2.05245,0.019357353406904032,forecast_icc,0.07929290618533769,1.173521466100552,2026-09-01
KIM,24.12,1.12,16179440640.0,670789373.0,15.316,Real Estate,Kimco Realty Corporation (HC),0.85,0.051764705882352935,forecast_icc,0.04902538233991785,0.6349916703219228,2026-09-01
KINS,19.6,0.24,283732224.0,14476133.0,8.923,Financial Services,"Kingstone Companies, Inc",2.65,0.09433962264150941,forecast_icc,0.11865894867187088,0.4552550744430072,2026-09-01
KIO,11.0,1.46,450836800.0,40985165.0,,Financial Services,KKR Income Opportunities Fund,0.98,0.04,trailing_eps_fallback_icc,0.10866978799816696,,2026-09-01
KKR,106.41,0.78,98279268352.0,897635601.0,31.75,Financial Services,KKR & Co. Inc.,6.31447,0.16993825293334197,forecast_icc,0.09060666603073242,0.2899892399450288,2026-09-01
KLAC,170.89,0.92,223275778048.0,1306546783.0,4.858,Technology,KLA Corporation,5.4493,0.2248986108307489,forecast_icc,0.07154564139295039,0.028427643729672603,2026-09-01
KLAR,14.25,0.0,5388116992.0,378113486.0,6.438,Financial Services,Klarna Group plc,0.06,0.75,forecast_icc,0.057197790031167026,0.45178948907054467,2026-09-01
KLC,2.5,0.0,296292576.0,118517033.0,3.934,Consumer Defensive,"KinderCare Learning Companies, ",0.11009,0.75,forecast_icc,0.20036126568668056,1.5736000345212835,2026-09-01
KLIC,78.04,0.82,4083764224.0,52329115.0,17.426,Technology,"Kulicke and Soffa Industries, I",3.86333,0.5280418706142112,forecast_icc,0.17116379190605213,0.2232957408831054,2026-09-01
KLTR,1.54,0.0,234928864.0,152551223.0,0.011,Technology,"Kaltura, Inc.",0.01,0.75,forecast_icc,0.07531621679245909,0.007142857733309433,2026-09-01
KMB,107.08,5.12,35544174592.0,331940357.0,5.262,Consumer Defensive,Kimberly-Clark Corporation,7.45116,0.01,forecast_icc,0.06312670264976716,0.049140827676643434,2026-09-01
KMDA,8.38,0.17,483478016.0,57694272.0,4.657,Healthcare,Kamada Ltd.,0.4875,0.22393846153846164,forecast_icc,0.11110614762912852,0.5557279045010394,2026-09-01
KMI,32.1,1.18,71416905728.0,2224825757.0,14.217,Energy,"Kinder Morgan, Inc.",1.55829,0.01,forecast_icc,0.046299822583832334,0.4428972029079087,2026-09-01
KMPR,27.66,1.28,1629814400.0,58923154.0,37.215,Financial Services,Kemper Corporation,2.04936,0.75,forecast_icc,0.3146490647429824,1.3454447181899976,2026-09-01
KMRK,1.11,0.0,23421000.0,16600000.0,0.337,Consumer Cyclical,K-Tech Solutions Company Limite,0.01,0.04,trailing_eps_fallback_icc,0.013306521625210403,0.23885401989667393,2026-09-01
KMT,29.19,0.8,2224833280.0,76219022.0,20.598,Industrials,Kennametal Inc.,4.95555,0.01,forecast_icc,0.10045756339581813,0.7056526119368368,2026-09-01
KMX,61.0,0.0,8656577536.0,141911096.0,43.116,Consumer Cyclical,CarMax Inc,2.73219,0.14737628056613916,forecast_icc,0.06806782664534047,0.7068196166083528,2026-09-01
KN,34.33,0.0,2932136704.0,85410326.0,9.314,Technology,Knowles Corporation,1.335,0.21161048689138573,forecast_icc,0.07524919970572186,0.2713078743152625,2026-09-01
KNDI,0.6051,0.0,60761336.0,100415365.0,3.265,Consumer Cyclical,"Kandi Technologies Group, Inc.",0.15,0.04,forecast_icc,0.13337944101528565,5.395802467625137,2026-09-01
KNF,61.8,0.0,3507388160.0,56753855.0,28.291,Basic Materials,Knife Riv Holding Co.,2.855,0.39170928196147115,forecast_icc,0.12399297366250928,0.45778318183209016,2026-09-01
KNOP,10.97,0.3,379046688.0,33660342.0,15.533,Energy,KNOT Offshore Partners LP,0.385,0.5670909090909091,forecast_icc,0.17776297090620774,1.3793712195316687,2026-09-01
KNSA,79.28,0.0,6099645952.0,46303276.0,8.389,Healthcare,Kiniksa Pharmaceuticals Interna,1.1575,0.3974082073434124,forecast_icc,0.06379562097798852,0.0636820867015463,2026-09-01
KNSL,372.51,1.0,8485191168.0,22778425.0,89.344,Financial Services,"Kinsale Capital Group, Inc.",21.13393,0.02426335281701042,forecast_icc,0.047845268827615306,0.23984322367125716,2026-09-01
KNTK,55.03,3.21,9311069184.0,80442263.0,-15.014,Energy,Kinetik Holdings Inc.,1.90002,0.09604109430427044,forecast_icc,0.059737648992608514,,2026-09-01
KNX,66.73,0.8,10860708864.0,162756000.0,42.899,Industrials,Knight-Swift Transportation Hol,2.31441,0.7287213587912251,forecast_icc,0.1943673517720531,0.6428742111984487,2026-09-01
KO,88.0,2.12,378624311296.0,4302549243.0,8.401,Consumer Defensive,Coca-Cola Company (The),3.30148,0.06812096393132783,forecast_icc,0.05159438292139973,0.09546591466015264,2026-09-01
KOF,110.93,4.24,23304531968.0,210083226.0,39.9996,Consumer Defensive,Coca Cola Femsa S.A.B. de C.V.,6.9168,0.14806847096923414,forecast_icc,0.10351723370202992,0.3605841566888489,2026-09-01
KOP,45.93,0.36,868608320.0,18911568.0,20.472,Basic Materials,Koppers Holdings Inc.,4.05667,0.20706638696270585,forecast_icc,0.12490125573283828,0.44572174958674127,2026-09-01
KOPN,4.21,0.0,782523712.0,185872614.0,0.383,Technology,Kopin Corporation,0.04,0.04,trailing_eps_fallback_icc,0.01390893110893765,0.09097387091319221,2026-09-01
KOS,2.95,0.0,1756688640.0,595487651.0,1.187,Energy,Kosmos Energy Ltd.,0.1975,0.3367088607594937,forecast_icc,0.13609407895732717,0.40237286542537215,2026-09-01
KOYN,10.235,0.0,322995264.0,23891250.0,-0.237,Financial Services,CSLM Digital Asset Acquisition ,0.26,0.04,trailing_eps_fallback_icc,0.02955553970732576,,2026-09-01
KPLT,5.48,0.0,464909344.0,84837471.0,-7.519,Technology,"Katapult Holdings, Inc.",1.84,0.04,trailing_eps_fallback_icc,0.15796406637937466,,2026-09-01
KR,57.94,1.44,35496783872.0,612647282.0,9.252,Consumer Defensive,Kroger Company (The),5.22131,0.06355110116043683,forecast_icc,0.0887803901742878,0.15968242851249148,2026-09-01
KRC,36.22,2.16,4253769472.0,116308988.0,44.934,Real Estate,Kilroy Realty Corporation,0.7,0.01,forecast_icc,0.02212959773706691,1.2286110239854577,2026-09-01
KREF,7.45,0.4,479038080.0,64300417.0,10.474,Real Estate,KKR Real Estate Finance Trust I,0.29,0.04,forecast_icc,0.05026238658061233,1.4059061184822719,2026-09-01
KRG,26.12,1.16,5430769664.0,203066551.0,14.321,Real Estate,Kite Realty Group Trust,1.00411,0.01,forecast_icc,0.03961963572138513,0.535488753306662,2026-09-01
KRKR,3.1791,0.0,6274939.0,1781645.0,10.046251,Communication Services,36Kr Holdings Inc.,0.06,0.04,forecast_icc,0.02386277103206351,2.852434559586157,2026-09-01
KRMD,3.3,0.0,152367280.0,46171902.0,0.391,Healthcare,"KORU Medical Systems, Inc.",0.035,0.04,forecast_icc,0.01522678408894873,0.11848484584091808,2026-09-01
KRMN,41.09,0.0,5445810176.0,132533708.0,3.177,Industrials,Karman Holdings Inc.,0.58781,0.5949371395518959,forecast_icc,0.09281401874020723,0.07731808063594173,2026-09-01
KRNT,16.07,0.0,690472192.0,42966534.0,15.529,Industrials,Kornit Digital Ltd.,0.212,0.34905660377358494,forecast_icc,0.053023061107341674,0.9663347984418176,2026-09-01
KRNY,9.77,0.44,634360128.0,64929382.0,12.173,Financial Services,Kearny Financial,0.78667,0.26482514904597854,forecast_icc,0.16152589875182122,1.2459568819022622,2026-09-01
KRO,8.4,0.2,966819136.0,115097516.0,6.525,Basic Materials,Kronos Worldwide Inc,0.39857,0.5397044433851019,forecast_icc,0.18655095778105124,0.7767857130002028,2026-09-01
KRP,14.9,1.6,1914816768.0,100895984.0,5.837,Energy,Kimbell Royalty Partners,0.9,0.01,forecast_icc,0.06209091341812789,0.307564602759944,2026-09-01
KRT,47.45,1.88,945760128.0,19931721.0,8.356,Consumer Cyclical,Karat Packaging Inc.,2.72,0.01,forecast_icc,0.05292216022983183,0.17610116534326978,2026-09-01
KRUS,44.18,0.0,536779744.0,11149786.0,19.0,Consumer Cyclical,"Kura Sushi USA, Inc.",0.23361,0.01,forecast_icc,0.010000000000000002,0.39466082013705794,2026-09-01
KRYS,363.84,0.0,10769240064.0,29598836.0,45.923,Healthcare,"Krystal Biotech, Inc.",7.86507,0.1948628556389198,forecast_icc,0.04818867662915116,0.12621757315744428,2026-09-01
KSPI,104.08,5.74,19778037760.0,190027266.0,11908.487,Technology,Joint Stock Company Kaspi.kz - ,5972.755,0.11002611022886422,forecast_icc,0.4,114.4166703626792,2026-09-01
KSS,17.82,0.5,2020787840.0,113399993.0,36.885,Consumer Cyclical,Kohl's Corporation,1.98973,0.01,forecast_icc,0.07765073203590356,2.069865355981655,2026-09-01
KT,19.67,0.81,9368104960.0,476263616.0,28.192205,Communication Services,KT Corporation,3.472,0.01,forecast_icc,0.10805187272048564,1.433259080000026,2026-09-01
KTB,74.64,2.12,4079346176.0,54653620.0,11.318,Consumer Cyclical,"Kontoor Brands, Inc.",5.28648,0.2448131838198575,forecast_icc,0.13451465651442562,0.15163451309899323,2026-09-01
KTF,8.68,0.73,340114592.0,39183709.0,9.207,Financial Services,DWS Municipal Income Trust,0.87,0.04,trailing_eps_fallback_icc,0.11213807786833685,1.060714292325923,2026-09-01
KTOS,49.34,0.0,9252236288.0,187519984.0,18.271,Industrials,Kratos Defense & Security Solut,0.81746,0.36690480268147696,forecast_icc,0.06453659292739411,0.3703080553733476,2026-09-01
KVHI,6.93,0.0,125716864.0,18140962.0,6.761,Communication Services,"KVH Industries, Inc.",0.16,0.75,forecast_icc,0.14930447390382107,0.9756132962559423,2026-09-01
KVUE,18.75,0.84,36014501888.0,1920773467.0,5.496,Consumer Defensive,Kenvue Inc.,1.18284,0.04972777383247107,forecast_icc,0.07470743174895242,0.2931200050319019,2026-09-01
KVYO,20.64,0.0,5876773888.0,126937933.0,3.346,Technology,"Klaviyo, Inc. Series A",0.82453,0.2827550240743213,forecast_icc,0.09152581077419575,0.07227338194605047,2026-09-01
KWR,162.2,2.12,2791089152.0,17207702.0,80.008,Basic Materials,Quaker Houghton,7.85528,0.21026366978643662,forecast_icc,0.09300256176371546,0.49326759076451027,2026-09-01
KYIV,13.08,0.0,3019957760.0,230883624.0,5.999,Communication Services,Kyivstar Group Ltd.,62.4562,0.1938406435229807,forecast_icc,0.4,0.45863915009725165,2026-09-01
L,108.71,0.25,22223335424.0,204427720.0,93.518,Financial Services,Loews Corporation,2.9,0.156,forecast_icc,0.049975200837833494,0.8602521248144394,2026-09-01
LAD,369.61,2.8,8125179392.0,21983116.0,291.005,Consumer Cyclical,"Lithia Motors, Inc.",36.28828,0.16308598809312524,forecast_icc,0.11855348134057608,0.7873298991870431,2026-09-01
LADR,9.69,0.92,1229324800.0,126865303.0,11.267,Real Estate,Ladder Capital Corp,1.00714,0.11064003018448298,forecast_icc,0.15396527838075935,1.1627450848636585,2026-09-01
LAFA,10.15,0.0,159490320.0,15713333.0,-0.222,Financial Services,LaFayette Acquisition Corp.,0.01,0.04,trailing_eps_fallback_icc,0.010000000000000002,,2026-09-01
LAKE,11.74,0.0,115863984.0,9869164.0,13.235,Consumer Cyclical,"Lakeland Industries, Inc.",0.575,0.04,forecast_icc,0.04658387116736418,1.127342432312702,2026-09-01
LAMR,151.08,6.4,15342126080.0,87129599.0,9.671,Real Estate,Lamar Advertising Company,6.056,0.07001321003963024,forecast_icc,0.060628736723020826,0.054922658537362244,2026-09-01
LAR,6.63,0.0,1087982976.0,164100000.0,4.804,Basic Materials,Lithium Argentina AG,0.2554,0.34044635865309303,forecast_icc,0.10166119215352676,0.7245852346866133,2026-09-01
LARK,31.535,0.84,192380336.0,6100534.0,27.351,Financial Services,Landmark Bancorp Inc.,3.47,0.01,forecast_icc,0.07644937420844389,0.867322039784773,2026-09-01
LASR,40.32,0.0,2326068736.0,57690197.0,7.63,Technology,"nLIGHT, Inc.",0.49556,0.27128904673500687,forecast_icc,0.04060593811224911,0.18923611168384666,2026-09-01
LAUR,37.26,0.0,5132540928.0,137749360.0,8.286,Consumer Defensive,"Laureate Education, Inc.",2.12177,0.14535034428802351,forecast_icc,0.07893893902255072,0.22238326259285507,2026-09-01
LAZ,42.32,2.0,4165882880.0,98437685.0,9.382,Financial Services,"Lazard, Inc.",2.22988,0.7256937593054333,forecast_icc,0.2816179837200944,0.22169186875220073,2026-09-01
LB,85.84,0.48,6617011200.0,28404484.0,12.593,Energy,LandBridge Company LLC,1.48,0.45270270270270263,forecast_icc,0.08502118735397518,0.05405728601638154,2026-09-01
LBRT,20.1,0.36,3280147712.0,163191416.0,12.033,Energy,Liberty Energy Inc.,0.25047,0.28286820776939336,forecast_icc,0.049234793334100746,0.5986566707176387,2026-09-01
LCCC,10.4901,0.0,93414336.0,8905000.0,-0.238,Financial Services,Lakeshore Acquisition III Corp.,0.36,0.567,trailing_eps_fallback_icc,0.14150599728756263,,2026-09-01
LCII,100.77,4.6,2449870592.0,24311507.0,58.891,Consumer Cyclical,LCI Industries,8.53727,0.1129810817743846,forecast_icc,0.11283770350213188,0.5844100351309495,2026-09-01
LCLN,24.85,0.28,2614353408.0,34846972.0,3.861,Financial Services,"Lincoln International, Inc.",1.35714,0.2800005894749251,forecast_icc,0.1162549744709579,0.05146364622330357,2026-09-01
LCNB,18.84,0.88,268563968.0,14254988.0,19.687,Financial Services,LCNB Corporation,1.795,0.03064066852367686,forecast_icc,0.08732404017285267,1.0449575601891614,2026-09-01
LCUT,8.99,0.17,206669632.0,22988836.0,9.46,Consumer Cyclical,"Lifetime Brands, Inc.",2.04667,0.01,forecast_icc,0.11627935799230082,1.0522803299906203,2026-09-01
LDI,0.8899,0.0,395438368.0,232227582.0,0.866,Financial Services,"loanDepot, Inc.",0.05,0.04,forecast_icc,0.05150893880943774,0.5085725166962048,2026-09-01
LDOS,139.18,1.72,17506820096.0,125785466.0,42.106,Technology,"Leidos Holdings, Inc.",12.39938,0.03091122298050375,forecast_icc,0.07156001587318872,0.30252911735844684,2026-09-01
LE,11.81,0.0,363049664.0,30740867.0,16.256,Consumer Cyclical,"Lands' End, Inc.",0.525,0.7142857142857142,forecast_icc,0.1932419694052928,1.3764605328267154,2026-09-01
LEA,125.17,3.08,8333163008.0,66574764.0,104.59,Consumer Cyclical,Lear Corporation,15.02472,0.1340584050817586,forecast_icc,0.13091894558390738,0.8355836265383662,2026-09-01
LECO,268.68,3.16,14644605952.0,54505757.0,28.514,Industrials,"Lincoln Electric Holdings, Inc.",11.20702,0.11675360622181463,forecast_icc,0.06281469434909315,0.10612625291469502,2026-09-01
LEE,7.81,0.0,174100864.0,22292044.0,-0.1,Communication Services,"Lee Enterprises, Incorporated",0.57,0.04,forecast_icc,0.06198788757390383,,2026-09-01
LEGH,27.67,0.0,658036864.0,23781601.0,23.642,Consumer Cyclical,Legacy Housing Corporation,2.64,0.01,forecast_icc,0.061802297463851796,0.8544272237641689,2026-09-01
LEGN,21.13,0.0,4109540096.0,194488413.0,6.346,Healthcare,Legend Biotech Corporation,1.08,0.04,forecast_icc,0.0480729851802708,0.3003312877028077,2026-09-01
LEN,82.75,2.0,19934072832.0,210506003.0,89.751,Consumer Cyclical,Lennar Corporation,5.54465,0.16878432362728035,forecast_icc,0.10584120707137645,0.9477804377700491,2026-09-01
LEN-B,81.4,2.0,19608864768.0,30389139.0,89.751,Consumer Cyclical,Lennar Corporation,16.2,0.01,forecast_icc,0.10937928339719061,0.13909298914845777,2026-09-01
LEO,6.14,0.36,382465856.0,62290854.0,6.736,Financial Services,"Dreyfus Strategic Municipals, I",0.2,0.04,trailing_eps_fallback_icc,0.04246276907332083,1.09706836822579,2026-09-01
LEU,168.31,0.0,3358265600.0,19233658.0,42.37,Energy,Centrus Energy Corp.,3.49126,0.0948969712940313,forecast_icc,0.032935687991314855,0.24266397793551525,2026-09-01
LEVI,20.36,0.64,7835557888.0,100456337.0,5.905,Consumer Cyclical,Levi Strauss & Co,1.54081,0.10940998565689464,forecast_icc,0.09799622191957125,0.07570547987316459,2026-09-01
LFMD,3.1,0.0,149422592.0,48200837.0,0.167,Healthcare,"LifeMD, Inc.",0.38,0.04,forecast_icc,0.08741075633112749,0.05387096871535999,2026-09-01
LFS,2.2,0.0,57553364.0,26160619.0,0.47293428,Communication Services,"LEIFRAS Co., Ltd.",0.11,0.01,trailing_eps_fallback_icc,0.038522566312487155,0.2149701190554095,2026-09-01
LFST,12.6,0.0,4813900800.0,382055609.0,3.867,Healthcare,"LifeStance Health Group, Inc.",0.39551,0.3419382569340854,forecast_icc,0.09060839100907636,0.3069047538335231,2026-09-01
LFT,0.7207,0.16,37826752.0,52486129.0,2.81,Real Estate,"Lument Finance Trust, Inc.",0.01,0.04,forecast_icc,0.020819772046111927,3.8989872165075132,2026-09-01
LFTO,18.73,0.0,3171579392.0,169331527.0,-0.033,Communication Services,"Liftoff Mobile, Inc.",0.72394,0.75,forecast_icc,0.18923787410907444,,2026-09-01
LFUS,408.91,3.2,10385802240.0,25398747.0,103.099,Technology,"Littelfuse, Inc.",17.015,0.18086982074640034,forecast_icc,0.07566625333021693,0.2521312611622576,2026-09-01
LFVN,6.23,0.2,78045376.0,12527348.0,2.644,Consumer Defensive,Lifevantage Corporation,0.18,0.16666666666666674,forecast_icc,0.06737601041858665,0.4243980849294647,2026-09-01
LGCL,4.35,0.0,1489105.0,342323.0,2072.779,Technology,Lucas GC Limited,75.44,0.04,trailing_eps_fallback_icc,0.4,476.5009355398041,2026-09-01
LGCY,10.81,0.0,136768544.0,12652038.0,3.919,Consumer Defensive,Legacy Education Inc.,0.67333,0.18317912464913189,forecast_icc,0.09301053069838006,0.3625346550592803,2026-09-01
LGI,18.14,1.84,236309952.0,13027010.0,18.263,Financial Services,Lazard Global Total Return and ,2.2,0.01,trailing_eps_fallback_icc,0.11343482494434567,1.0067806354173354,2026-09-01
LGIH,53.74,0.0,1248502784.0,23232279.0,91.734,Consumer Cyclical,"LGI Homes, Inc.",2.92,0.17123287671232879,forecast_icc,0.08280498869046629,1.706996499405483,2026-09-01
LGL,7.36,0.0,92832776.0,12613149.0,6.915,Technology,"LGL Group, Inc. (The)",0.1,0.04,forecast_icc,0.018568225888808604,0.9395380499555458,2026-09-01
LGN,51.6,0.0,8477103104.0,76904346.0,7.81,Industrials,Legence Corp.,1.49066,0.633397287107724,forecast_icc,0.14282641187975098,0.07085238139625676,2026-09-01
LGND,284.27,0.0,5667095040.0,19935609.0,48.57,Healthcare,Ligand Pharmaceuticals Incorpor,9.31514,0.28124107635526685,forecast_icc,0.08094896531146181,0.1708587066734635,2026-09-01
LGO,0.687,0.0,70853056.0,103134000.0,1.512,Basic Materials,Largo Inc.,0.09,0.04,forecast_icc,0.09115308876123296,2.200873424570424,2026-09-01
LGPS,1.03,0.05,24319196.0,23610870.0,1.1150984,Industrials,LogProstyle Inc.,0.2,0.01,trailing_eps_fallback_icc,0.11708552553266696,1.0826198102769515,2026-09-01
LH,327.61,2.88,26569168896.0,81100000.0,106.388,Healthcare,Labcorp Holdings Inc.,18.34577,0.07917083883641829,forecast_icc,0.06476303992819976,0.32473980777392547,2026-09-01
LHX,263.56,5.0,49078726656.0,186214616.0,102.781,Industrials,"L3Harris Technologies, Inc.",11.99713,0.12205835895751727,forecast_icc,0.07087110646568362,0.38997190333087356,2026-09-01
LI,11.9,0.0,11650425856.0,806427844.0,9.657104,Consumer Cyclical,Li Auto Inc.,0.8136475,0.04,forecast_icc,0.059234957695771626,0.6684526088797914,2026-09-01
LIEN,10.27,1.36,234367472.0,22820590.0,13.255,Financial Services,"Chicago Atlantic BDC, Inc.",1.5,0.09333333333333327,forecast_icc,0.19222357615901997,1.2906523156506975,2026-09-01
LIF,41.87,0.0,3411582976.0,81480369.0,7.5615616,Technology,"Life360, Inc.",1.37072,0.3020821174273376,forecast_icc,0.08499377241009654,0.18059617301368266,2026-09-01
LIFE,35.0,0.0,3354345984.0,31554807.0,7.468,Financial Services,Ethos Technologies Inc.,1.75345,0.5006587014172061,forecast_icc,0.15447063109754866,0.0702525320286102,2026-09-01
LII,377.25,5.44,13038015488.0,34560675.0,37.536,Industrials,"Lennox International, Inc.",23.67104,0.11227178864975929,forecast_icc,0.08130016034416643,0.09949899952136028,2026-09-01
LILA,8.56,0.0,1676904064.0,36900000.0,2.643,Communication Services,Liberty Latin America Ltd.,0.14,0.75,forecast_icc,0.12592721625200387,0.058158783256428426,2026-09-01
LILAK,8.47,0.0,1659273088.0,156500000.0,2.643,Communication Services,Liberty Latin America Ltd.,0.01025,0.75,forecast_icc,0.024179114001488262,0.24928355856031334,2026-09-01
LIME,39.99,0.0,2560397312.0,64025936.0,13.423,Industrials,"Neutron Holdings, Inc.",4.0851,0.01,forecast_icc,0.06484024229835905,0.33565889750785677,2026-09-01
LIN,486.76,6.4,224386711552.0,460980163.0,84.778,Basic Materials,Linde plc,19.57386,0.113,forecast_icc,0.06099381092404234,0.17416796203529758,2026-09-01
LINC,24.3,0.0,770831936.0,31721479.0,6.38,Consumer Defensive,Lincoln Educational Services Co,0.778,0.34447300771208234,forecast_icc,0.09216506398340998,0.2625514415894673,2026-09-01
LIND,25.6,0.0,1679864064.0,65619689.0,-2.989,Consumer Cyclical,Lindblad Expeditions Holdings I,0.18358,0.75,forecast_icc,0.07995592299839582,,2026-09-01
LION,10.97,0.0,3264229888.0,297559680.0,-4.096,,Lionsgate Studios Corp,0.315,0.3841269841269841,forecast_icc,0.09395080579119186,,2026-09-01
LITB,3.02,0.0,59574276.0,19726582.0,-0.057,Consumer Cyclical,"LightInTheBox Holding Co., Ltd.",0.63,0.4285714285714286,forecast_icc,0.26546936504467455,,2026-09-01
LITE,868.95,0.0,77944815616.0,89700000.0,52.414,Technology,Lumentum Holdings Inc.,21.62782,0.526421525609146,forecast_icc,0.11254118021123072,0.06031877505698916,2026-09-01
LIVE,9.21,0.0,28289952.0,3071656.0,29.916,Consumer Cyclical,Live Ventures Incorporated,7.5,0.04,forecast_icc,0.25091516696527527,3.2482084414989463,2026-09-01
LIVN,80.16,0.0,4416295936.0,55093507.0,24.074,Healthcare,LivaNova PLC,4.35556,0.07372415946514344,forecast_icc,0.05913398527548691,0.3003243230840407,2026-09-01
LKFN,58.82,2.08,1462138112.0,24857840.0,31.107,Financial Services,Lakeland Financial Corporation,4.382,0.028753993610223683,forecast_icc,0.07038058539588532,0.5288507443543062,2026-09-01
LKFT,28.55,0.0,1869587328.0,65484670.0,2.8788967,Healthcare,Lakefront Biotherapeutics,10.45,0.04,trailing_eps_fallback_icc,0.16555446793405143,0.10083701228616211,2026-09-01
LKQ,24.71,1.2,6251681280.0,253002086.0,25.442,Consumer Cyclical,LKQ Corporation,2.6848,0.15178411799761604,forecast_icc,0.1440721698080537,1.0296236778103953,2026-09-01
LKSP,10.2,0.0,160072000.0,11860000.0,-0.302,Financial Services,Lake Superior Acquisition Corp.,0.2,0.04,trailing_eps_fallback_icc,0.024545054206772318,,2026-09-01
LLY,1160.0,6.92,1033974185984.0,891357065.0,38.002,Healthcare,Eli Lilly and Company,36.71123,0.28663490708428996,forecast_icc,0.08403898483872807,0.0327603451259219,2026-09-01
LLYVA,97.38,0.0,8959482880.0,25573685.0,-6.8,Communication Services,"Liberty Live Holdings, Inc. - S",1.86,0.04,forecast_icc,0.02407502071269916,,2026-09-01
LMAT,81.08,1.0,1854239360.0,22869257.0,18.384,Healthcare,"LeMaitre Vascular, Inc.",2.87875,0.10421189752496729,forecast_icc,0.0538857590827736,0.22673902288860917,2026-09-01
LMB,44.79,0.0,533944608.0,11921067.0,17.041,Industrials,"Limbach Holdings, Inc.",3.9555,0.07827834660599176,forecast_icc,0.08306359147933395,0.3804643772093303,2026-09-01
LMNR,14.21,0.3,257655840.0,18132007.0,7.429,Consumer Defensive,Limoneira Co,0.54667,0.04,forecast_icc,0.04426244799429459,0.5228008028189852,2026-09-01
LMRI,11.64,0.0,1118312704.0,96074976.0,6.402,Healthcare,"Lumexa Imaging Holdings, Inc.",0.77125,0.18012317666126432,forecast_icc,0.09570179511108151,0.5500000081837575,2026-09-01
LMT,544.5,13.8,125665566720.0,230790753.0,38.122,Industrials,Lockheed Martin Corporation,30.46459,0.07411063139205232,forecast_icc,0.06948382545248821,0.07001285487749877,2026-09-01
LNC,42.77,1.8,8188202496.0,191447336.0,54.136,Financial Services,Lincoln National Corporation,7.98707,0.08654112208857567,forecast_icc,0.15207683619211326,1.2657470289430421,2026-09-01
LNG,294.13,2.22,60747894784.0,206534158.0,29.779,Energy,"Cheniere Energy, Inc.",22.80495,0.01,forecast_icc,0.055180410879355726,0.10124434291839705,2026-09-01
LNN,114.82,1.52,1167591424.0,10168885.0,49.08,Industrials,Lindsay Corporation,5.20667,0.12291925549343441,forecast_icc,0.06844613949814116,0.42745164579077966,2026-09-01
LNSR,8.46,0.0,103938416.0,12285865.0,1.214,Healthcare,"LENSAR, Inc.",0.2,0.04,trailing_eps_fallback_icc,0.028096467387872415,0.1434988205900694,2026-09-01
LNT,67.92,2.14,17610616832.0,259284699.0,29.038,Utilities,Alliant Energy Corporation,3.42422,0.07635899562528103,forecast_icc,0.06815202245409227,0.42753238920518466,2026-09-01
LNTH,100.88,0.0,6584676352.0,65272369.0,20.099,Healthcare,"Lantheus Holdings, Inc.",5.6,0.12927321428571426,forecast_icc,0.07378222220693653,0.19923672393291228,2026-09-01
LNZA,6.29,0.0,82330832.0,13089163.0,19.912,Industrials,"LanzaTech Global, Inc.",19.67,0.04,trailing_eps_fallback_icc,0.4,3.1656599031575436,2026-09-01
LOAN,4.08,0.44,46631752.0,11429351.0,3.763,Real Estate,"Manhattan Bridge Capital, Inc",0.42,0.04761904761904767,forecast_icc,0.12817377307716338,0.9223039231509037,2026-09-01
LOAR,68.91,0.0,6456072704.0,93688471.0,12.802,Industrials,Loar Holdings Inc.,1.37023,0.180115746991381,forecast_icc,0.043164176349147015,0.18577854691736753,2026-09-01
LOB,38.65,0.12,1788861952.0,46283620.0,26.286,Financial Services,"Live Oak Bancshares, Inc.",3.122,0.3549007046764896,forecast_icc,0.15690538668145748,0.68010347805754,2026-09-01
LOBO,0.5817,0.0,8051855.0,10111618.0,0.556,Consumer Cyclical,LOBO TECHNOLOGIES LTD.,0.2,0.04,forecast_icc,0.1600215271465547,0.6982316010410025,2026-09-01
LOCO,14.99,0.0,456524896.0,30455298.0,10.415,Consumer Cyclical,"El Pollo Loco Holdings, Inc.",1.02667,0.07792182492914002,forecast_icc,0.07037379274667771,0.6947965630115382,2026-09-01
LOGI,98.07,1.7,14042479616.0,143188332.0,16.381,Technology,Logitech International S.A. - R,5.75741,0.05598871714885689,forecast_icc,0.06319225080648394,0.1670337526300882,2026-09-01
LOMA,10.07,0.0,1175135104.0,116696630.0,7.359702,Basic Materials,Loma Negra Compania Industrial ,0.6066,0.2686778766897462,forecast_icc,0.11217836727430319,0.7308541956417124,2026-09-01
LOOP,0.4969,0.0,24018932.0,48337555.0,-0.248,Basic Materials,"Loop Industries, Inc.",0.025,0.04,forecast_icc,0.04751783004695509,,2026-09-01
LOPE,150.09,0.0,3912101120.0,26065037.0,25.847,Consumer Defensive,"Grand Canyon Education, Inc.",10.22667,0.10723529751131111,forecast_icc,0.07813423504268602,0.17221001980107303,2026-09-01
LOVE,15.38,0.0,225138864.0,14638418.0,14.041,Consumer Cyclical,The Lovesac Company,1.24,0.75,forecast_icc,0.25788772871082555,0.9129389012907163,2026-09-01
LOW,200.05,5.0,112238854144.0,561054019.0,-13.257,Consumer Cyclical,"Lowe's Companies, Inc.",12.33298,0.06090012308460735,forecast_icc,0.06957308156450315,,2026-09-01
LPA,3.12,0.0,98899744.0,31698635.0,8.626,Real Estate,Logistic Properties of the Amer,0.01,0.75,forecast_icc,0.04750436612789677,2.7647435114695544,2026-09-01
LPAA,10.74,0.0,308775008.0,28749999.0,-0.439,Financial Services,Launch One Acquisition Corp.,0.25,0.01,trailing_eps_fallback_icc,0.022608784550055272,,2026-09-01
LPBB,10.805,0.0,310643744.0,23000000.0,-0.374,Financial Services,Launch Two Acquisition Corp.,0.26,0.01,trailing_eps_fallback_icc,0.023177561445224835,,2026-09-01
LPG,50.86,3.35,2175927040.0,42782681.0,28.902,Energy,Dorian LPG Ltd.,6.85,0.01,forecast_icc,0.10221508008752445,0.5682658579682893,2026-09-01
LPL,3.27,0.0,3269999872.0,1000000000.0,4.543027,Technology,"LG Display Co, Ltd AMERICAN DEP",0.10644,0.04,forecast_icc,0.034993793269933904,1.3893049473489398,2026-09-01
LPLA,357.63,1.2,28160604160.0,78742290.0,72.724,Financial Services,LPL Financial Holdings Inc.,24.03819,0.24211307090924894,forecast_icc,0.11435164124259634,0.2033498381435294,2026-09-01
LPTH,9.47,0.0,594615680.0,62789407.0,1.456,Technology,"LightPath Technologies, Inc.",0.02,0.04,forecast_icc,0.010000000000000002,0.15374868115149604,2026-09-01
LPX,68.81,1.2,4811429376.0,69923410.0,24.914,Industrials,Louisiana-Pacific Corporation,1.08176,0.75,forecast_icc,0.15260313555297522,0.36206950172222585,2026-09-01
LQDA,66.91,0.0,5989040128.0,89508891.0,2.19,Healthcare,Liquidia Corporation,3.22,0.75,forecast_icc,0.20818130655766198,0.032730532289063335,2026-09-01
LQDT,39.33,0.0,1232272640.0,31331618.0,7.529,Consumer Cyclical,"Liquidity Services, Inc.",1.65,0.11515151515151523,forecast_icc,0.05827026804940609,0.19143146107828865,2026-09-01
LRCX,290.2,1.32,363133370368.0,1251321000.0,9.967,Technology,Lam Research Corporation,9.45969,0.2217250248158238,forecast_icc,0.07145972111990603,0.034345277588674755,2026-09-01
LRE,1.26,0.07,17188796.0,13641900.0,2.0553608,Real Estate,"Lead Real Estate Co., Ltd",0.46,0.04,trailing_eps_fallback_icc,0.1890989104480617,1.6312385403561716,2026-09-01
LRN,87.28,0.0,3627343104.0,41559845.0,39.739,Consumer Defensive,"Stride, Inc.",8.72667,0.06302518601024198,forecast_icc,0.0847225822086568,0.45530478730666,2026-09-01
LSAK,4.47,0.0,383511648.0,85796794.0,2.314,Technology,"Lesaka Technologies, Inc.",0.34,0.38235294117647034,forecast_icc,0.15721920323863847,0.5176734066653433,2026-09-01
LSBK,17.25,0.36,135477840.0,7853788.0,19.642,Financial Services,"Lake Shore Bancorp, Inc.",1.14,0.16,trailing_eps_fallback_icc,0.10070612594949024,1.1386666918811224,2026-09-01
LSCC,111.68,0.0,15830552576.0,141749209.0,5.741,Technology,Lattice Semiconductor Corporati,2.1324,0.5066826111423748,forecast_icc,0.09387679671171309,0.051405799321417193,2026-09-01
LSE,5.3,0.0,90232504.0,4315000.0,2.669,Energy,"Leishen Energy Holding Co., Ltd",0.08,0.01,trailing_eps_fallback_icc,0.01612774793023205,0.12763399539483022,2026-09-01
LSF,3.95,0.0,44211892.0,11192884.0,0.993,Consumer Defensive,"Laird Superfood, Inc.",0.03667,0.75,forecast_icc,0.09290507375479173,0.2513924039260749,2026-09-01
LSPD,10.15,0.0,1312390784.0,129299592.0,10.747,Technology,Lightspeed Commerce Inc. Subord,0.62377,0.48798435320711153,forecast_icc,0.16720729906201315,1.0588177943376962,2026-09-01
LSTR,175.41,1.76,5952876032.0,33936925.0,24.655,Industrials,"Landstar System, Inc.",5.91918,0.2911771562952976,forecast_icc,0.09097111743573161,0.14055641027583893,2026-09-01
LTC,41.4,2.28,2231690496.0,53905563.0,19.632,Real Estate,"LTC Properties, Inc.",2.02302,0.01,forecast_icc,0.05024798809696762,0.4742028586458613,2026-09-01
LTH,41.83,0.0,9347414016.0,223461948.0,14.794,Consumer Cyclical,"Life Time Group Holdings, Inc.",1.74596,0.16925359114756344,forecast_icc,0.06963255355419182,0.3536695874445367,2026-09-01
LTM,49.29,1.53,14429348864.0,287107992.0,6.0,Industrials,LATAM Airlines Group S.A.,4.56513,0.38410297187593767,forecast_icc,0.19906867387174032,0.11938500955492595,2026-09-01
LTRX,5.15,0.0,240532368.0,46705312.0,2.56,Technology,"Lantronix, Inc.",0.23167,0.3812750895670567,forecast_icc,0.11993797175431109,0.4970873554947083,2026-09-01
LU,1.21,0.0,1048693568.0,866688892.0,13.564321,Financial Services,Lufax Holding Ltd,2.21363,0.01,forecast_icc,0.34495585733555234,11.21018255184181,2026-09-01
LUCK,6.1,0.24,831600896.0,80808583.0,-2.654,Consumer Cyclical,LUCKY STRIKE ENTERTAINMENT CORP,0.15,0.04,forecast_icc,0.03356697595128477,,2026-09-01
LUD,4.28,0.0,97113208.0,22690000.0,0.979,Basic Materials,Luda Technology Group Limited,0.03,0.04,trailing_eps_fallback_icc,0.010752409492912663,0.228738298913985,2026-09-01
LULU,118.0,0.0,13399362560.0,108437957.0,42.173,Consumer Cyclical,lululemon athletica inc.,10.98172,0.04093438914851233,forecast_icc,0.0734318562531674,0.34129638183034583,2026-09-01
LUV,37.68,0.72,18433363968.0,489208201.0,14.476,Industrials,Southwest Airlines Company,3.38384,0.4369976121802448,forecast_icc,0.20213459101279685,0.3841826120272916,2026-09-01
LUXE,7.42,0.0,1018481088.0,137261608.0,10.262538,Consumer Cyclical,LuxExperience B.V.,5.91,0.04,trailing_eps_fallback_icc,0.24813410653265022,1.3830914335456996,2026-09-01
LVS,43.84,1.2,28395220992.0,647701184.0,0.897,Consumer Cyclical,Las Vegas Sands Corp.,3.09675,0.13778315976426891,forecast_icc,0.10117913874341233,0.02046076564122132,2026-09-01
LW,52.6,1.52,7231613440.0,137483158.0,13.276,Consumer Defensive,"Lamb Weston Holdings, Inc.",3.04926,0.11297167181545698,forecast_icc,0.0841742764150416,0.25239546067440244,2026-09-01
LWAY,25.91,0.0,391415808.0,15106747.0,5.599,Consumer Defensive,"Lifeway Foods, Inc.",0.5,0.75,forecast_icc,0.13682418486989445,0.21609417587191576,2026-09-01
LX,0.8816,0.38,145277344.0,129117160.0,10.859132,Financial Services,LexinFintech Holdings Ltd.,5.05262,0.34031057154505984,forecast_icc,0.4,9.651197119250199,2026-09-01
LXFR,17.19,0.52,459860352.0,26751621.0,8.322,Industrials,Luxfer Holdings PLC,1.02,0.3970588235294117,forecast_icc,0.16931353811260663,0.48411868732271135,2026-09-01
LXP,60.81,2.8,3585191424.0,58957264.0,31.447,Real Estate,LXP Industrial Trust,0.05803,0.75,forecast_icc,0.021096627550287406,0.517135310710818,2026-09-01
LXU,11.18,0.0,804932096.0,71997504.0,7.489,Basic Materials,"LSB Industries, Inc.",0.94442,0.08034560894517262,forecast_icc,0.08138155456521579,0.6698568862335438,2026-09-01
LYB,65.17,2.76,21052383232.0,323037952.0,33.037,Basic Materials,LyondellBasell Industries NV,9.30486,0.01,forecast_icc,0.09589860780440518,0.5069357090175927,2026-09-01
LYFT,16.77,0.0,6348120064.0,378540249.0,7.974,Technology,"Lyft, Inc.",0.559,0.7385330948121644,forecast_icc,0.1747592681404403,0.47549194329888467,2026-09-01
LYG,5.91,0.22,85558288384.0,14476867417.0,3.882989,Financial Services,Lloyds Banking Group Plc,0.53836,0.18322312207444846,forecast_icc,0.13679847690204194,0.6570201203929382,2026-09-01
LYTS,19.62,0.2,720297408.0,36712404.0,9.772,Technology,LSI Industries Inc.,1.345,0.29368029739776946,forecast_icc,0.13369085062194486,0.4980631721057089,2026-09-01
LYV,177.2,0.0,41280421888.0,232959505.0,0.357,Communication Services,"Live Nation Entertainment, Inc.",1.8881,0.75,forecast_icc,0.1003470971353927,0.002014672803263575,2026-09-01
LZ,6.14,0.0,1051565952.0,171264812.0,0.759,Industrials,"LegalZoom.com, Inc.",0.71114,0.1329555361813426,forecast_icc,0.1162983855716212,0.1236156344362127,2026-09-01
LZB,31.29,0.97,1253251328.0,40052771.0,25.299,Consumer Cyclical,La-Z-Boy Incorporated,2.51667,0.11787798956557682,forecast_icc,0.10392512550143496,0.8085329980428314,2026-09-01
M,21.93,0.77,5768422400.0,263037954.0,18.389,Consumer Cyclical,Macy's Inc,2.24971,0.052033373190322196,forecast_icc,0.09559435759059232,0.838531681748202,2026-09-01
MA,581.1,3.48,509049339904.0,869464115.0,6.396,Financial Services,Mastercard Incorporated,19.92584,0.15557537348488193,forecast_icc,0.06090933203515736,0.010924466537150896,2026-09-01
MAA,129.36,6.12,15436094464.0,116384802.0,46.839,Real Estate,Mid-America Apartment Communiti,3.68894,0.01,forecast_icc,0.030880759846100392,0.35315589403729114,2026-09-01
MAC,23.52,0.68,6939114496.0,283559375.0,9.952,Real Estate,Macerich Company (The),0.045,0.04,forecast_icc,0.010000000000000002,0.4066776678244336,2026-09-01
MACI,10.95,0.0,236756752.0,21621621.0,-0.323,Financial Services,Melar Acquisition Corp. I,0.18,0.04,trailing_eps_fallback_icc,0.021512963456154756,,2026-09-01
MAGN,12.31,0.0,438236000.0,35600000.0,28.408,Consumer Defensive,Magnera Corporation,0.73838,0.75,forecast_icc,0.22848459608534533,2.3077173030056866,2026-09-01
MAIA,1.3,0.0,79084464.0,60834206.0,0.34,Healthcare,"MAIA Biotechnology, Inc.",1.11,0.04,forecast_icc,0.2569565833617936,0.2615384741053566,2026-09-01
MAIN,57.97,3.18,5420685824.0,93508461.0,33.92,Financial Services,Main Street Capital Corporation,3.81286,0.018358922173906222,forecast_icc,0.06773569992565742,0.5851302030966037,2026-09-01
MAIR,25.75,0.0,12919357440.0,177342753.0,7.275,Industrials,Madison Air Solutions Corporati,1.10528,0.16954074985524015,forecast_icc,0.07097036361721065,0.09986321177866568,2026-09-01
MAKO,9.57,0.0,838388544.0,87605909.0,2.172,Basic Materials,Mako Mining Corp,0.59,0.364,trailing_eps_fallback_icc,0.1370861800356017,0.22695924903763953,2026-09-01
MAMA,15.6,0.0,725357760.0,46497291.0,1.36,Consumer Defensive,"Mama's Creations, Inc.",0.23857,0.4531164857274592,forecast_icc,0.074159994279061,0.08717948472764668,2026-09-01
MAMK,13.0,0.0,216124992.0,16625000.0,0.739,Industrials,MaxsMaking Inc.,0.06,0.04,trailing_eps_fallback_icc,0.010000000000000002,0.05684615595034932,2026-09-01
MAMO,0.9901,0.0,41228708.0,41640950.0,0.578,Consumer Cyclical,Massimo Group,0.1,0.75,trailing_eps_fallback_icc,0.2820629180605104,0.5837793680073603,2026-09-01
MAN,61.19,1.44,2845784320.0,46507342.0,45.291,Industrials,ManpowerGroup,3.62035,0.3401798168685346,forecast_icc,0.14680222180690328,0.7401699460210673,2026-09-01
MANH,216.21,0.0,12606117888.0,58304972.0,2.702,Technology,"Manhattan Associates, Inc.",5.50218,0.11521433322792052,forecast_icc,0.04066725723068931,0.0124971093990772,2026-09-01
MANU,21.22,0.0,3659056896.0,56086184.0,1.4139736,Communication Services,Manchester,0.1489367,0.04,forecast_icc,0.010764775080741414,0.02167344913041287,2026-09-01
MAR,334.55,2.92,87239360512.0,260766288.0,-17.284,Consumer Cyclical,Marriott International,11.71647,0.12364816365338727,forecast_icc,0.056206975934560366,,2026-09-01
MAS,70.25,1.28,13852417024.0,197187430.0,-1.851,Industrials,Masco Corporation,4.5319,0.028294975617290552,forecast_icc,0.05837932743169716,,2026-09-01
MASK,1.37,0.0,4400051.0,3211716.0,10.012,Technology,3 E Network Technology Group Lt,1.36,0.04,trailing_eps_fallback_icc,0.2770274308348061,7.308029064208574,2026-09-01
MAT,14.59,0.0,4168363008.0,285700000.0,6.994,Consumer Cyclical,"Mattel, Inc.",1.30798,0.21590544197923522,forecast_icc,0.12408152046712517,0.4793694301971888,2026-09-01
MATH,0.8,0.0,37690588.0,47113236.0,1.135,Financial Services,Metalpha Technology Holding Lim,0.02,0.01,trailing_eps_fallback_icc,0.02384555953729301,1.4187500301136189,2026-09-01
MATV,12.05,0.4,665040640.0,55190098.0,8.539,Basic Materials,"Mativ Holdings, Inc.",0.97,0.2886597938144331,forecast_icc,0.16012291685263869,0.7086307489749799,2026-09-01
MATW,20.37,1.02,635812352.0,31213173.0,15.569,Industrials,Matthews International Corporat,0.51333,0.5259774414119573,forecast_icc,0.1440758766604825,0.7643102385607633,2026-09-01
MATX,219.26,1.52,6556632064.0,29903458.0,92.735,Industrials,"Matson, Inc.",16.05338,0.04025694277466796,forecast_icc,0.06430424042464422,0.42294537051362596,2026-09-01
MAX,12.3,0.0,651601280.0,52975711.0,0.536,Communication Services,"MediaAlpha, Inc.",1.50141,0.11403280915939029,forecast_icc,0.11355570968331652,0.04357723345172066,2026-09-01
MBAI,6.56,0.0,9023339.0,1375509.0,0.49,Healthcare,Check-Cap Ltd.,4.62,0.04,trailing_eps_fallback_icc,0.23315974574936627,0.07469512228233917,2026-09-01
MBBC,15.12,0.0,44615280.0,2950746.0,16.113,Financial Services,"Marathon Bancorp, Inc.",0.42,0.75,trailing_eps_fallback_icc,0.16292388995369278,1.0656745917093875,2026-09-01
MBC,7.96,0.0,1619784320.0,203490490.0,9.679,Consumer Cyclical,"MasterBrand, Inc.",0.10333,0.75,forecast_icc,0.11166926635909202,1.2159547591558362,2026-09-01
MBGL,19.83,0.24,5851379712.0,295077160.0,33.359,Technology,Mobility Global Inc.,1.56236,0.049854066924396534,forecast_icc,0.07252569930291297,1.6822492241023104,2026-09-01
MBIN,51.74,0.44,2376698112.0,45935408.0,40.109,Financial Services,Merchants Bancorp,5.44333,0.10042933277975075,forecast_icc,0.10338796222342675,0.7752029044705195,2026-09-01
MBLY,8.36,0.0,7107568128.0,252419583.0,9.774,Consumer Cyclical,Mobileye Global Inc.,0.50097,0.01,forecast_icc,0.0439335869516545,0.34711577290729834,2026-09-01
MBRX,0.65,0.0,12660297.0,19477380.0,1.632,Healthcare,"Moleculin Biotech, Inc.",14.59,0.04,trailing_eps_fallback_icc,0.4,2.5107692307692306,2026-09-01
MBUU,26.39,0.0,519282976.0,19677264.0,26.666,Consumer Cyclical,"Malibu Boats, Inc.",2.4575,0.3260996948118007,forecast_icc,0.15773000756774713,1.0104585477957206,2026-09-01
MBWM,59.14,1.56,1022289792.0,17285929.0,43.684,Financial Services,Mercantile Bank Corporation,5.68667,0.01,forecast_icc,0.06993669207258454,0.7386540767062653,2026-09-01
MC,66.76,2.6,4945640960.0,74078589.0,6.828,Financial Services,Moelis & Company,3.07498,0.27533187207721666,forecast_icc,0.12572167697256875,0.10227362030178593,2026-09-01
MCB,89.49,1.4,1109477120.0,12397778.0,78.108,Financial Services,Metropolitan Bank Holding Corp.,9.44406,0.20838071761509358,forecast_icc,0.14201629943658844,0.8728126308940919,2026-09-01
MCBS,34.63,1.08,992497280.0,28660042.0,19.335,Financial Services,"MetroCity Bankshares, Inc.",3.25,0.01,forecast_icc,0.07039573890940709,0.5583309125743902,2026-09-01
MCD,261.11,7.44,184772263936.0,707641531.0,-1.446,Consumer Cyclical,McDonald's Corporation,12.93007,0.0812184311453843,forecast_icc,0.06756788842082317,,2026-09-01
MCFT,23.01,0.0,557354432.0,24222270.0,11.613,Consumer Cyclical,"MasterCraft Boat Holdings, Inc.",1.67,0.1826347305389222,forecast_icc,0.1016255881591461,0.504693612107134,2026-09-01
MCHB,15.52,1.56,3436539648.0,220312061.0,11.622,Financial Services,Mechanics Bancorp,1.02667,0.1655838779744221,forecast_icc,0.13063092247224717,0.7450712155851722,2026-09-01
MCHP,71.41,1.82,38776254464.0,543008691.0,11.88,Technology,Microchip Technology Incorporat,3.6468,0.25182351650762325,forecast_icc,0.11469025979523384,0.16636323797258648,2026-09-01
MCHX,1.76,0.0,78034680.0,39676963.0,0.655,Communication Services,"Marchex, Inc.",0.04,0.75,forecast_icc,0.14818016634895448,0.33303668016579296,2026-09-01
MCI,19.46,1.6,400014912.0,20555752.0,16.628,Financial Services,Barings Corporate Investors,1.37,0.01,trailing_eps_fallback_icc,0.07234477389453053,0.8544707559702174,2026-09-01
MCK,906.77,3.76,105720643584.0,116590363.0,-36.552,Healthcare,McKesson Corporation,44.62685,0.13287583595974173,forecast_icc,0.07071809709321275,,2026-09-01
MCN,5.73,0.72,120292584.0,20993470.0,6.378,Financial Services,Madison Covered Call & Equity S,0.31,0.04,trailing_eps_fallback_icc,0.06845437899562559,1.1130889969077395,2026-09-01
MCO,494.71,4.12,85674369024.0,173180984.0,17.467,Financial Services,Moody's Corporation,16.97255,0.11434698969807133,forecast_icc,0.053332476312085375,0.03530755209508014,2026-09-01
MCRI,117.53,1.2,2106433792.0,17922521.0,32.181,Consumer Cyclical,"Monarch Casino & Resort, Inc.",6.64,0.03840361445783125,forecast_icc,0.054114454806344386,0.27381095503285585,2026-09-01
MCS,27.77,0.36,856209088.0,23847575.0,14.842,Communication Services,Marcus Corporation (The),1.27667,0.01,forecast_icc,0.038765083639886344,0.4133870022061714,2026-09-01
MCTA,29.355,0.0,445550176.0,15178000.0,0.302,Healthcare,Charming Medical Limited,0.07,0.01,trailing_eps_fallback_icc,0.010000000000000002,0.010287855884496384,2026-09-01
MCY,101.08,1.27,5598682624.0,55388627.0,51.202,Financial Services,Mercury General Corporation,13.5,0.01,forecast_icc,0.08175955277156144,0.5065492491924471,2026-09-01
MD,26.47,0.0,2150774016.0,81253271.0,11.111,Healthcare,"Pediatrix Medical Group, Inc.",2.34837,0.038873772020592945,forecast_icc,0.07040724194069925,0.41975822999760476,2026-09-01
MDA,28.37,0.0,4597739008.0,162063406.0,7.7147512,Industrials,MDA Space Ltd.,1.32394,0.6340770729791381,forecast_icc,0.17932556061814175,0.27193341199644433,2026-09-01
MDB,434.21,0.0,34924347392.0,80431927.0,36.458,Technology,"MongoDB, Inc.",6.13231,0.1971182148325834,forecast_icc,0.03605832961127675,0.0839639796744695,2026-09-01
MDGL,538.71,0.0,12446424064.0,23104126.0,22.678,Healthcare,"Madrigal Pharmaceuticals, Inc.",9.625,0.04,forecast_icc,0.02290839438067105,0.04209685984776037,2026-09-01
MDLN,35.11,0.0,47238160384.0,877351218.0,13.195,Healthcare,Medline Inc.,1.51941,0.035579599976306664,forecast_icc,0.04136711507992383,0.24506985935530035,2026-09-01
MDLZ,61.61,2.08,79085666304.0,1283649766.0,20.803,Consumer Defensive,"Mondelez International, Inc.",3.04862,0.10274484848882448,forecast_icc,0.07606477970212533,0.3376562066184094,2026-09-01
MDRR,12.1999,0.27,27321932.0,1628500.0,14.757,Real Estate,"Medalist Diversified, Inc.",3.97,0.04,trailing_eps_fallback_icc,0.1641681304349355,0.8795781535507811,2026-09-01
MDT,92.04,2.88,117809430528.0,1279980861.0,38.638,Healthcare,Medtronic plc.,5.94854,0.0766591466141271,forecast_icc,0.07929500344318396,0.4197957691983217,2026-09-01
MDU,19.95,0.57,4196471808.0,210349456.0,13.915,Utilities,"MDU Resources Group, Inc.",0.97982,0.08148435426915146,forecast_icc,0.06732778597094621,0.6974937076093423,2026-09-01
MDXG,4.52,0.0,658837312.0,145760468.0,1.482,Healthcare,"MiMedx Group, Inc",0.2,0.04,forecast_icc,0.04318294827938797,0.3278761078668234,2026-09-01
MEC,19.2,0.0,489606400.0,25500331.0,12.766,Industrials,"Mayville Engineering Company, I",0.25854,0.75,forecast_icc,0.11385705182869799,0.664895772493987,2026-09-01
MEDP,583.21,0.0,16278358016.0,27911655.0,15.545,Healthcare,"Medpace Holdings, Inc.",17.70463,0.09068305861235171,forecast_icc,0.04183704183154112,0.02665420410022514,2026-09-01
MEGI,14.64,1.5,761975936.0,52047534.0,,Financial Services,NYLI CBRE Global Infrastructure Megatrends Term Fund,3.1,0.04,trailing_eps_fallback_icc,0.1687572486104031,,2026-09-01
MEI,18.32,0.2,650267392.0,35494942.0,19.106,Technology,"Methode Electronics, Inc.",0.41333,0.04,forecast_icc,0.029039397968320446,1.0429038426272497,2026-09-01
MELI,1963.49,0.0,99542663168.0,50696802.0,154.527,Consumer Cyclical,"MercadoLibre, Inc.",38.28576,0.46461216911979797,forecast_icc,0.08786884159004449,0.07870017210040252,2026-09-01
MEOH,60.12,0.74,4651139584.0,77364263.0,33.165,Basic Materials,Methanex Corporation,9.06647,0.01,forecast_icc,0.08831673756428671,0.551646695623014,2026-09-01
MESO,16.5,0.0,2139985408.0,129696087.0,4.46,Healthcare,Mesoblast Limited,0.455,0.04,forecast_icc,0.031285538039629746,0.2703030337765742,2026-09-01
MET,94.42,2.37,60001730560.0,635476927.0,43.028,Financial Services,"MetLife, Inc.",9.83892,0.10948559394730317,forecast_icc,0.11339971938003823,0.45570854306632846,2026-09-01
META,578.54,2.1,1473834123264.0,2205128509.0,102.52,Communication Services,"Meta Platforms, Inc.",31.36653,0.08241555568945613,forecast_icc,0.06244120716445546,0.15338888628933267,2026-09-01
METC,14.01,0.28,888069248.0,51875261.0,5.937,Basic Materials,"Ramaco Resources, Inc.",0.22333,0.04,forecast_icc,0.023434581893979546,0.3468011365674493,2026-09-01
MFA,8.68,1.44,877443328.0,101087938.0,17.568,Real Estate,"MFA Financial, Inc.",1.08,0.2944444444444443,forecast_icc,0.272207783652913,2.0239630732983365,2026-09-01
MFC,42.14,1.37,69920768000.0,1659249344.0,21.951284,Financial Services,Manulife Financial Corporation,4.5049,0.11206242091944318,forecast_icc,0.11954144720093984,0.5209132367790597,2026-09-01
MFG,10.74,0.18,130474295296.0,12148445290.0,5.929412,Financial Services,"Mizuho Financial Group, Inc. Sp",0.7352,0.19102285092491833,forecast_icc,0.10935330970347701,0.5520868085200367,2026-09-01
MFI,9.55,0.0,479185440.0,49045623.0,10.200735,Technology,mF International Limited,1.72,0.04,trailing_eps_fallback_icc,0.11073998313905575,1.0440663704909419,2026-09-01
MFIN,11.85,0.56,272078944.0,22960249.0,18.087,Financial Services,Medallion Financial Corp.,1.14667,0.42586794805829054,forecast_icc,0.23145184175339584,1.5263291512297255,2026-09-01
MFM,5.34,0.31,219941968.0,41187631.0,5.975,Financial Services,MFS Municipal Income Trust,0.41,0.04,trailing_eps_fallback_icc,0.0857209542957994,1.1189137637660858,2026-09-01
MFP,44.2,0.0,1999186176.0,45230455.0,17.373,Industrials,"Midera Food Processing, Inc.",2.155,0.19837587006960566,forecast_icc,0.08355701900238499,0.3930542858630691,2026-09-01
MG,18.56,0.0,591133952.0,31849893.0,7.533,Industrials,Mistras Group Inc,1.025,0.23414634146341462,forecast_icc,0.09864895835848164,0.40587288745174294,2026-09-01
MGA,63.63,1.98,17022287872.0,267519846.0,43.982,Consumer Cyclical,"Magna International, Inc.",7.04047,0.10166508770011085,forecast_icc,0.11720232870804537,0.6912148328854204,2026-09-01
MGEE,77.45,2.03,2926371584.0,37784012.0,38.128,Utilities,MGE Energy Inc.,3.96667,0.06890666478431529,forecast_icc,0.06452264054597745,0.49229182562210116,2026-09-01
MGF,2.87,0.23,93533848.0,32590193.0,3.189,Financial Services,MFS Government Markets Income T,0.11,0.037,trailing_eps_fallback_icc,0.04862450677270762,1.111149895992732,2026-09-01
MGM,40.77,0.0,10257436672.0,251592756.0,9.992,Consumer Cyclical,MGM Resorts International,1.87312,0.10441402579653225,forecast_icc,0.059583116935241764,0.2450821680249122,2026-09-01
MGN,0.1196,0.0,110630.0,800000.0,0.7340545,Industrials,Megan Holdings Limited,0.59,0.04,trailing_eps_fallback_icc,0.4,5.3081768055681104,2026-09-01
MGNI,22.89,0.0,3282978816.0,143424157.0,6.53,Communication Services,"Magnite, Inc.",1.104,0.16757246376811574,forecast_icc,0.07602472660870674,0.28527742568595366,2026-09-01
MGPI,16.47,0.48,352689824.0,21414076.0,27.593,Consumer Defensive,"MGP Ingredients, Inc.",1.652,0.18886198547215494,forecast_icc,0.14014427784731398,1.6753491562830005,2026-09-01
MGRC,110.84,1.96,2707340544.0,24425663.0,50.989,Industrials,McGrath RentCorp,6.35,0.09370078740157495,forecast_icc,0.07312349518580785,0.46002344753678687,2026-09-01
MGRT,107.99,0.0,1484862464.0,13750000.0,1.132,Technology,Mega Fortune Company Limited,0.17,0.75,trailing_eps_fallback_icc,0.02922002683096911,0.010482452333039781,2026-09-01
MGTX,14.19,0.0,1362850048.0,96042996.0,2.289,Healthcare,MeiraGTx Holdings plc,0.51,0.01,forecast_icc,0.030917942290199604,0.16131078996300555,2026-09-01
MGY,27.67,0.66,6709755392.0,236968592.0,11.815,Energy,Magnolia Oil & Gas Corporation,2.97847,0.08826343726812746,forecast_icc,0.10724857951796751,0.41727063818424215,2026-09-01
MGYR,19.68,0.4,127041936.0,6455383.0,19.61,Financial Services,"Magyar Bancorp, Inc.",1.87,0.233,trailing_eps_fallback_icc,0.14523235403783308,0.9964431007254171,2026-09-01
MH,12.92,0.0,2471709952.0,191308814.0,4.122,Consumer Defensive,"McGraw Hill, Inc.",1.97417,0.0517331334180946,forecast_icc,0.10522295761247485,0.31904023798177433,2026-09-01
MHD,11.39,0.71,593893056.0,52141616.0,12.825,Financial Services,"Blackrock MuniHoldings Fund, In",0.31,0.04,trailing_eps_fallback_icc,0.03643417241707701,1.1259876141740912,2026-09-01
MHF,6.725,0.41,149455216.0,22223825.0,6.893,Financial Services,Western Asset Municipal High In,0.38,0.04,trailing_eps_fallback_icc,0.07128754148954763,1.0249814615034913,2026-09-01
MHH,7.435,0.0,89313536.0,12012581.0,7.632,Industrials,"Mastech Digital, Inc",0.325,0.75,forecast_icc,0.19972028863477453,1.0264963442047574,2026-09-01
MHK,125.04,0.0,8469977600.0,67738145.0,125.969,Consumer Cyclical,"Mohawk Industries, Inc.",9.83665,0.02260627347725097,forecast_icc,0.05914143319950027,1.0074296285630082,2026-09-01
MHO,146.03,0.0,3692081152.0,25283031.0,127.881,Consumer Cyclical,"M/I Homes, Inc.",12.3175,0.17657803937487304,forecast_icc,0.10908351300172525,0.875717286322259,2026-09-01
MIAX,42.11,0.0,4178612992.0,99230898.0,11.665,Financial Services,"Miami International Holdings, I",1.71962,0.12167222991125959,forecast_icc,0.05858054939050199,0.27701259422351404,2026-09-01
MICC,19.73,0.0,12025272320.0,609491801.0,2.046529,Consumer Defensive,The Magnum Ice Cream Company N.,1.13628,0.11612454676664208,forecast_icc,0.07229077487264285,0.10372676915883174,2026-09-01
MIDD,111.6,0.0,5046814208.0,45222349.0,48.869,Industrials,The Middleby Corporation,6.87336,0.13031617724082545,forecast_icc,0.07911067401032323,0.4378942600616932,2026-09-01
MIN,2.43,0.24,276529728.0,113798238.0,2.733,Financial Services,MFS Intermediate Income Trust,0.1,0.01,trailing_eps_fallback_icc,0.042325086852799385,1.124691318735901,2026-09-01
MIND,4.3,0.0,39082940.0,9089055.0,4.569,Technology,"MIND Technology, Inc.",0.08,0.75,forecast_icc,0.13436525839479685,1.0625580443794658,2026-09-01
MIR,15.51,0.0,3862651392.0,243278092.0,7.505,Industrials,"Mirion Technologies, Inc.",0.54148,0.23951023121814297,forecast_icc,0.07578575205541915,0.4726810408626179,2026-09-01
MITK,17.84,0.0,804983168.0,45122374.0,5.554,Technology,"Mitek Systems, Inc.",1.146,0.04013961605584648,forecast_icc,0.05673178625721931,0.31132286382912294,2026-09-01
MITT,6.64,0.96,211175072.0,31803475.0,10.236,Real Estate,"TPG Mortgage Investment Trust, ",1.04667,0.1608243285849409,forecast_icc,0.24147673753886933,1.5415662796601297,2026-09-01
MIY,12.56,0.65,363797280.0,28964750.0,12.424,Financial Services,Blackrock MuniYield Michigan Qu,0.34,0.04,trailing_eps_fallback_icc,0.03627609926154632,0.9891719201418988,2026-09-01
MKC,54.26,1.92,14587884544.0,254055150.0,26.02,Consumer Defensive,"McCormick & Company, Incorporat",3.08759,0.0681631952428916,forecast_icc,0.0724770633258719,0.45315103660584605,2026-09-01
MKC-V,54.01,1.92,14520672256.0,14796402.0,26.02,Consumer Defensive,"McCormick & Company, Incorporat",6.01,0.01,trailing_eps_fallback_icc,0.08007323770545727,0.026514087864004745,2026-09-01
MKL,1797.28,0.0,22268223488.0,12389958.0,1531.531,Financial Services,Markel Group Inc.,94.08,0.20043229166666676,forecast_icc,0.08774142664681583,0.8521382397623078,2026-09-01
MKSI,246.44,1.0,16663671808.0,67617558.0,44.201,Technology,MKS Inc.,13.13414,0.34046842808132083,forecast_icc,0.12455651850496724,0.17935804999010696,2026-09-01
MKTW,17.65,1.15,49291348.0,2792711.0,-12.543,Financial Services,"MarketWise, Inc.",0.63,0.75,forecast_icc,0.24208902645913277,,2026-09-01
MKTX,162.65,3.12,5724123648.0,35192891.0,35.205,Financial Services,"MarketAxess Holdings, Inc.",8.003,0.10177683368736723,forecast_icc,0.06912190386302985,0.21644635997475223,2026-09-01
MLAB,125.47,0.64,702113664.0,5595869.0,33.733,Technology,"Mesa Laboratories, Inc.",9.95,0.032160804020100464,forecast_icc,0.0644607255727434,0.268853119737889,2026-09-01
MLCI,3.29,0.12,36811048.0,11188768.0,5.431,Financial Services,Mount Logan Capital Inc.,0.37675574,0.04,forecast_icc,0.09715294321534163,1.6507598210189507,2026-09-01
MLCO,5.07,0.0,1927837440.0,380244063.0,-4.302,Consumer Cyclical,Melco Resorts & Entertainment L,0.42981,0.671482748191061,forecast_icc,0.24259178547818772,,2026-09-01
MLI,61.04,0.7,13500912640.0,221181388.0,16.04,Industrials,"Mueller Industries, Inc.",4.2,0.042857142857142705,forecast_icc,0.06389635403803762,0.2627784919523781,2026-09-01
MLKN,22.0,0.75,1512127360.0,68733063.0,19.692,Consumer Cyclical,"MillerKnoll, Inc.",2.015,0.1736972704714641,forecast_icc,0.1320295831502084,0.8950909244813876,2026-09-01
MLM,504.92,3.36,35859107840.0,71019382.0,192.27,Basic Materials,"Martin Marietta Materials, Inc.",18.28288,0.1774228130360207,forecast_icc,0.06804960060063492,0.3807929811881232,2026-09-01
MLR,54.5,0.84,618694016.0,11352184.0,37.005,Consumer Cyclical,"Miller Industries, Inc.",1.95,0.4256410256410257,forecast_icc,0.1293923418625299,0.6789908388575719,2026-09-01
MMD,14.94,0.81,280564992.0,18779453.0,16.381,Financial Services,MainStay MacKay DefinedTerm Mun,1.39,0.04,trailing_eps_fallback_icc,0.09356358372834758,1.0964526165580915,2026-09-01
MMED,22.42,0.0,6307865088.0,281349931.0,12.859,Healthcare,"MiniMed Group, Inc.",0.62062,0.05547678128323308,forecast_icc,0.03385534470611877,0.5735504346171901,2026-09-01
MMI,31.27,0.5,1184226304.0,37871003.0,15.292,Real Estate,"Marcus & Millichap, Inc.",0.48,0.75,forecast_icc,0.1504654508812694,0.48903100355048357,2026-09-01
MMLP,2.33,0.02,91160520.0,39124686.0,-2.332,Energy,Martin Midstream Partners L.P.,0.15,0.04,forecast_icc,0.059287237908489276,,2026-09-01
MMM,170.24,3.12,87796588544.0,515722417.0,5.724,Industrials,3M Company,8.94196,0.09350522704194608,forecast_icc,0.06942374643475524,0.03362311866398525,2026-09-01
MMS,57.64,1.32,3017901568.0,52357763.0,33.243,Industrials,"Maximus, Inc.",8.01,0.043695380774032344,forecast_icc,0.10460342370477382,0.5767348855458099,2026-09-01
MMSI,90.68,0.0,5414540800.0,59710420.0,28.133,Healthcare,"Merit Medical Systems, Inc.",4.3022,0.07189344986286095,forecast_icc,0.05333693222818528,0.3102448218434331,2026-09-01
MMT,4.49,0.48,245483184.0,54673317.0,4.935,Financial Services,MFS Multimarket Income Trust,0.38,0.01,trailing_eps_fallback_icc,0.08692533151789406,1.0991091731766034,2026-09-01
MMU,9.98,0.65,545096064.0,54618848.0,10.98,Financial Services,Western Asset Managed Municipal,0.95,0.04,trailing_eps_fallback_icc,0.09980552164767564,1.1002004795984,2026-09-01
MMYT,56.13,0.0,5279513088.0,88762972.0,-0.716,Consumer Cyclical,MakeMyTrip Limited,2.00652,0.2372067061379901,forecast_icc,0.07645588015828134,,2026-09-01
MNDO,1.01,0.22,20387018.0,20185166.0,1.195,Technology,MIND C.T.I. Ltd.,0.16,0.75,trailing_eps_fallback_icc,0.4,1.1831682970996544,2026-09-01
MNDY,96.51,0.0,4079875328.0,42274119.0,14.618,Technology,monday.com Ltd.,5.46593,0.22269403376918473,forecast_icc,0.0973499717132763,0.15146616547347597,2026-09-01
MNKD,3.98,0.0,1279747072.0,321544484.0,-0.217,Healthcare,MannKind Corporation,0.03,0.75,forecast_icc,0.08235685387090308,,2026-09-01
MNR,12.61,1.8,2105215488.0,166948094.0,11.045,Energy,Mach Natural Resources LP,1.26,0.05753968253968256,forecast_icc,0.1298162052203632,0.8758921396601468,2026-09-01
MNRO,12.43,1.12,388398688.0,31246875.0,18.632,Consumer Cyclical,"Monro, Inc.",0.12,0.75,forecast_icc,0.11329065870967883,1.4989540206685765,2026-09-01
MNSB,24.66,0.4,175605728.0,7121076.0,27.295,Financial Services,"MainStreet Bancshares, Inc.",2.26,0.07079646017699126,forecast_icc,0.0887571945526221,1.1068532423953734,2026-09-01
MNSBP,25.85,1.88,,,27.295,Financial Services,"MainStreet Bancshares, Inc. - D",2.633,0.094,trailing_eps_fallback_icc,0.13142826279471576,,2026-09-01
MNSO,9.56,0.67,2868653312.0,300068314.0,5.376765,Consumer Cyclical,MINISO Group Holding Limited,9.85933,0.12643354061584322,forecast_icc,0.37410774116861234,0.5624230720300474,2026-09-01
MNST,44.99,0.0,88137744384.0,1959051764.0,4.78,Consumer Defensive,Monster Beverage Corporation,1.15096,0.13734621533328695,forecast_icc,0.04452732844118301,0.10624582575112886,2026-09-01
MNTK,1.76,0.0,250520400.0,142341139.0,1.847,Basic Materials,"Montauk Renewables, Inc.",0.17564,0.746185379184696,forecast_icc,0.2796999416446956,1.0494318376188128,2026-09-01
MNTN,12.39,0.0,926811200.0,61892533.0,4.505,Technology,"MNTN, Inc.",1.04803,0.24629065961852237,forecast_icc,0.1285822195965266,0.30084429403205315,2026-09-01
MNY,0.85,0.0,37470328.0,30827897.0,1.032,Communication Services,MoneyHero Limited,0.02,0.04,forecast_icc,0.02800258199198808,0.849055543468955,2026-09-01
MO,69.57,4.44,116164083712.0,1669743926.0,-1.598,Consumer Defensive,"Altria Group, Inc.",5.67712,0.03292338368750336,forecast_icc,0.08811689569520731,,2026-09-01
MOB,5.32,0.0,68455920.0,12867653.0,0.888,Industrials,Mobilicom Limited,0.32515,0.04,forecast_icc,0.054719611917553146,0.16691727850564275,2026-09-01
MOD,180.91,0.0,9608620032.0,53112708.0,22.627,Consumer Cyclical,Modine Manufacturing Company,7.6441,0.4628380057822372,forecast_icc,0.13377579294872738,0.12507324047716073,2026-09-01
MOG-A,365.03,1.2,11560926208.0,28443048.0,70.193,Industrials,Moog Inc.,11.41239,0.03414096433788183,forecast_icc,0.033605703743394846,0.17269402402053632,2026-09-01
MOG-B,373.4,1.2,11826014208.0,3228121.0,70.193,Industrials,Moog Inc.,11.77,0.75,trailing_eps_fallback_icc,0.17773193856841651,0.01916042830387575,2026-09-01
MOGU,1.926,0.0,15742433.0,7162861.0,9.229752,Consumer Cyclical,MOGU Inc.,0.07,0.04,forecast_icc,0.037617084853115754,4.199568811280441,2026-09-01
MOH,203.06,0.0,10599732224.0,52200000.0,80.212,Healthcare,Molina Healthcare Inc,5.24194,0.6312605638370528,forecast_icc,0.13466411437157955,0.3950162430065554,2026-09-01
MOMO,5.44,0.0,803745920.0,107565168.0,10.936226,Communication Services,Hello Group Inc.,6.74265,0.07380332658524469,forecast_icc,0.33400493147472743,1.4635931053634061,2026-09-01
MORN,209.86,2.0,7872598016.0,37513571.0,27.291,Financial Services,"Morningstar, Inc.",12.31584,0.1317116818666042,forecast_icc,0.08112141138737605,0.13004383865152247,2026-09-01
MOS,24.78,0.88,7877454336.0,317895646.0,36.062,Basic Materials,Mosaic Company (The),0.41212,0.75,forecast_icc,0.15773697375544693,1.4552864792451652,2026-09-01
MOV,33.96,1.6,757723776.0,15956643.0,22.661,Consumer Cyclical,Movado Group Inc.,1.87,0.23208556149732606,forecast_icc,0.12903995547620173,0.47721016348707,2026-09-01
MP,53.74,0.0,9571179520.0,178101588.0,10.993,Basic Materials,MP Materials Corp.,0.00081,0.75,forecast_icc,0.010000000000000002,0.20455898385280732,2026-09-01
MPA,10.88,0.57,140891968.0,12949630.0,12.393,Financial Services,Blackrock MuniYield Pennsylvani,0.33,0.75,trailing_eps_fallback_icc,0.22156423223703692,1.1390625517417714,2026-09-01
MPAA,11.6,0.0,219625216.0,18933207.0,13.362,Consumer Cyclical,"Motorcar Parts of America, Inc.",1.665,0.033033033033033066,forecast_icc,0.09346323292017511,1.151896474100679,2026-09-01
MPB,36.06,0.92,913587904.0,25335215.0,35.619,Financial Services,Mid Penn Bancorp,3.35,0.1512447761194029,forecast_icc,0.12061153065699115,0.9877703274462356,2026-09-01
MPC,383.0,4.0,111811731456.0,291936635.0,67.41,Energy,Marathon Petroleum Corporation,50.23425,0.01,forecast_icc,0.08013092804565869,0.17600522153701043,2026-09-01
MPLX,59.09,4.31,59960614912.0,1014733719.0,13.833,Energy,MPLX LP,4.32007,0.11005377227683799,forecast_icc,0.11955050353911745,0.2341005267462291,2026-09-01
MPT,4.03,0.36,2406716160.0,597200000.0,7.538,Real Estate,"Medical Properties Trust, Inc.",0.11,0.01,forecast_icc,0.029759436827437785,1.8704713396697348,2026-09-01
MPTI,74.87,0.0,325420672.0,4346476.0,27.316,Technology,"M-tron Industries, Inc.",2.55,0.135294117647059,forecast_icc,0.05425117059403062,0.36484571704160207,2026-09-01
MPV,16.96,1.48,182714048.0,10773235.0,15.231,Financial Services,Barings Participation Investors,0.72,0.01,forecast_icc,0.0436613574489354,0.8980543317884347,2026-09-01
MPWR,1225.96,8.0,60247351296.0,49143000.0,79.269,Technology,"Monolithic Power Systems, Inc.",27.4317,0.26842412245686553,forecast_icc,0.06507540274901916,0.06465871749051705,2026-09-01
MQ,16.17,0.0,1701117184.0,97000000.0,6.874,Technology,"Marqeta, Inc.",0.27,0.75,forecast_icc,0.12726030089107598,0.391964766608342,2026-09-01
MQY,10.96,0.7,787296448.0,71833617.0,12.428,Financial Services,Blackrock MuniYield Quality Fun,0.31,0.04,trailing_eps_fallback_icc,0.0375767454363346,1.1339415976585228,2026-09-01
MRAM,15.86,0.0,386191104.0,24350009.0,3.012,Technology,"Everspin Technologies, Inc.",0.47,0.02836170212765965,forecast_icc,0.03080045863216252,0.18991174666726657,2026-09-01
MRBK,19.07,0.56,227486944.0,11929048.0,17.177,Financial Services,Meridian Corporation,1.73,0.3843930635838151,forecast_icc,0.19604460766091847,0.9007341427734858,2026-09-01
MRCY,82.8,0.0,4979271680.0,60136133.0,25.125,Industrials,Mercury Systems Inc,1.672,0.33772129186602884,forecast_icc,0.0684370142423062,0.30344203705410183,2026-09-01
MRDN,13.52,0.0,171060688.0,12652417.0,3.932,Consumer Cyclical,Meridian Holdings Inc.,0.73,0.5753424657534245,forecast_icc,0.1777124083871281,0.2908283850933652,2026-09-01
MRK,149.86,3.4,369730322432.0,2467171638.0,16.986,Healthcare,"Merck & Company, Inc.",2.7474,0.75,forecast_icc,0.16694123299429198,0.11334579530131861,2026-09-01
MRM,0.9301,0.0,7349605.0,7901950.0,0.1919146,Consumer Cyclical,MEDIROM Healthcare Technologies,0.37,0.04,trailing_eps_fallback_icc,0.17314732345376138,0.2063375614703103,2026-09-01
MRP,30.58,3.08,5077745152.0,154228116.0,35.242,Real Estate,"Millrose Properties, Inc.",3.10667,0.048283209996556,forecast_icc,0.12647986876129835,1.0704174985881607,2026-09-01
MRSH,187.58,3.96,89515286528.0,477211268.0,31.769,Financial Services,Marsh,10.45199,0.09169354352616099,forecast_icc,0.07269138678609621,0.16936241128323765,2026-09-01
MRT,2.14,0.0,183919728.0,85943792.0,-0.968,Technology,"Marti Technologies, Inc.",0.03,0.04,forecast_icc,0.019028775863228486,,2026-09-01
MRTN,13.86,0.24,1130825344.0,81589135.0,9.38,Industrials,"Marten Transport, Ltd.",0.3,0.75,forecast_icc,0.17535040186665019,0.6767677169251701,2026-09-01
MRVL,210.39,0.24,189078470656.0,876926613.0,20.804,Technology,"Marvell Technology, Inc.",4.20087,0.5816604655702271,forecast_icc,0.11072243020186134,0.09648682472180276,2026-09-01
MRX,72.62,0.64,5223620096.0,71930870.0,18.94,Financial Services,Marex Group Limited,6.13198,0.04239413696717853,forecast_icc,0.0721227748171335,0.2608096784915961,2026-09-01
MS,211.04,4.6,331452284928.0,1570566292.0,67.801,Financial Services,Morgan Stanley,12.97822,0.05170508744650659,forecast_icc,0.0653893992361273,0.3212708736855548,2026-09-01
MSA,187.39,2.16,7229185536.0,38578289.0,36.216,Industrials,MSA Safety Incorporated,9.16282,0.09492055939110444,forecast_icc,0.06406609510353356,0.1932653834192588,2026-09-01
MSB,24.69,0.89,323933056.0,13120010.0,1.398,Basic Materials,Mesabi Trust,0.86,0.01,trailing_eps_fallback_icc,0.036510687340889914,0.05662211262564078,2026-09-01
MSBI,32.59,1.32,676311360.0,20752112.0,22.153,Financial Services,"Midland States Bancorp, Inc.",3.368,0.01,forecast_icc,0.07818842899437373,0.6797483590043497,2026-09-01
MSCI,563.09,8.2,40936644608.0,72700000.0,-36.994,Financial Services,MSCI Inc.,19.66069,0.14428079584185505,forecast_icc,0.0629411720981573,,2026-09-01
MSD,7.26,0.61,146879120.0,20231283.0,7.867,Financial Services,Morgan Stanley Emerging Markets,1.05,0.548,trailing_eps_fallback_icc,0.3493344753279798,1.083608775440648,2026-09-01
MSDL,15.25,1.8,1282603136.0,84105122.0,19.5,Financial Services,Morgan Stanley Direct Lending Fund,1.79963,0.01,forecast_icc,0.12104829043201393,1.278688499167992,2026-09-01
MSEX,58.15,1.44,1095775488.0,18843946.0,27.654,Utilities,Middlesex Water Company,2.67,0.11985018726591767,forecast_icc,0.07329518187099937,0.4755631864289339,2026-09-01
MSFT,501.02,3.64,3720346861568.0,7425545491.0,59.565,Technology,Microsoft Corporation,19.75306,0.19339889617102357,forecast_icc,0.07565182717462954,0.11888746765536787,2026-09-01
MSGE,77.04,0.0,3644395008.0,40438480.0,0.968,Communication Services,Madison Square Garden Entertain,1.16393,0.75,forecast_icc,0.12090827855836908,0.01074100051011814,2026-09-01
MSGM,3.91,0.0,17942216.0,4588802.0,0.931,Communication Services,Motorsport Games Inc.,0.3,0.75,forecast_icc,0.2527821064466177,0.23810741449105285,2026-09-01
MSGS,381.69,0.0,9191072768.0,19550424.0,-10.936,Communication Services,Madison Square Garden Sports Co,0.31,0.04,trailing_eps_fallback_icc,0.010000000000000002,,2026-09-01
MSI,491.24,4.84,81297170432.0,165493788.0,16.145,Technology,"Motorola Solutions, Inc.",17.68782,0.08001212133547275,forecast_icc,0.048247734530363864,0.03286580815866002,2026-09-01
MSIF,12.61,0.36,571803328.0,45345229.0,16.513,Financial Services,"MSC Income Fund, Inc.",1.39141,0.0543046262424447,forecast_icc,0.09783759359036825,1.3095162791305057,2026-09-01
MSM,117.74,3.48,6575342592.0,55846298.0,25.417,Industrials,"MSC Industrial Direct Company, ",4.60354,0.18295702872137531,forecast_icc,0.08498933927488339,0.2158739771206738,2026-09-01
MSN,0.49,0.0,10310900.0,21042652.0,0.633,Technology,Emerson Radio Corporation,4.07,0.04,forecast_icc,0.4,1.2918366695438808,2026-09-01
MSS,1.44,0.0,1253576.0,810539.0,14.727,Consumer Defensive,Maison Solutions Inc.,2.5,0.04,forecast_icc,0.3645625783925591,9.522205157884324,2026-09-01
MSTR,124.88,0.0,49612533760.0,377641410.0,83.116,Technology,Strategy Inc,49.49,0.04,forecast_icc,0.17279553982909412,0.6326635842748782,2026-09-01
MT,73.31,0.6,55278796800.0,754041698.0,36.351,Basic Materials,Arcelor Mittal NY Registry Shar,4.40114,0.6612264095211695,forecast_icc,0.21753606345161092,0.4958532267474751,2026-09-01
MTA,9.87,0.0,922804224.0,93495874.0,2.734,Basic Materials,Metalla Royalty & Streaming Ltd,0.05667,0.75,forecast_icc,0.06981999693156704,0.2770010288942934,2026-09-01
MTB,232.02,6.0,33627353088.0,144933000.0,176.03,Financial Services,M&T Bank Corporation,19.30029,0.09158048920508444,forecast_icc,0.09461826143519103,0.7586846316222319,2026-09-01
MTC,3.68,0.0,366483136.0,99587811.0,0.13,Financial Services,"MMTec, Inc.",0.77,0.04,trailing_eps_fallback_icc,0.12097454684887751,0.03532608777392693,2026-09-01
MTCH,41.91,0.8,9620482048.0,229550985.0,-1.031,Communication Services,"Match Group, Inc.",3.95459,0.15752581177821212,forecast_icc,0.12020302459158827,,2026-09-01
MTD,1375.96,0.0,27569504256.0,20036559.0,0.64,Healthcare,"Mettler-Toledo International, I",47.34282,0.09184602860581603,forecast_icc,0.04613647932908846,0.00046512979126961347,2026-09-01
MTDR,59.21,1.5,7327486976.0,123754216.0,47.812,Energy,Matador Resources Company,7.46013,0.16208832821948138,forecast_icc,0.14460714025072574,0.8074987502225482,2026-09-01
MTG,30.69,0.68,6295281152.0,205124840.0,24.266,Financial Services,MGIC Investment Corporation,3.2525,0.05395849346656423,forecast_icc,0.09287696126877576,0.7906810271466013,2026-09-01
MTH,67.48,1.92,4397947904.0,65174093.0,77.607,Consumer Cyclical,Meritage Homes Corporation,4.99806,0.22087569977151134,forecast_icc,0.13011052899656061,1.150074067692049,2026-09-01
MTLS,7.06,0.0,408497312.0,57860806.0,5.0943046,Technology,Materialise NV,0.15,0.3999999999999999,forecast_icc,0.08122390996114437,0.7215728512933461,2026-09-01
MTN,132.39,8.88,4717522944.0,35633526.0,15.484,Consumer Cyclical,"Vail Resorts, Inc.",4.33582,0.4378295224432749,forecast_icc,0.14583912329687132,0.11695746329877309,2026-09-01
MTR,2.17,0.25,4043990.0,1863590.0,1.689,Energy,Mesa Royalty Trust,0.2,0.01,trailing_eps_fallback_icc,0.09463602852579422,0.778341071565459,2026-09-01
MTRN,234.19,0.58,4879049728.0,20833725.0,46.005,Basic Materials,Materion Corporation,6.994,0.1995996568487275,forecast_icc,0.062335545240769785,0.19644307233119473,2026-09-01
MTRX,10.7,0.0,301032192.0,28133850.0,4.957,Industrials,Matrix Service Company,0.25,0.75,forecast_icc,0.15015792865964472,0.4632710326542086,2026-09-01
MTSI,262.01,0.0,20009947136.0,76370931.0,20.176,Technology,MACOM Technology Solutions Hold,5.51229,0.5379633509847994,forecast_icc,0.10469513077350034,0.07700469638342176,2026-09-01
MTUS,18.88,0.0,785932992.0,41627806.0,16.684,Basic Materials,Metallus Inc.,0.8575,0.5451895043731778,forecast_icc,0.15720993949415252,0.8836864241271093,2026-09-01
MTW,18.96,0.0,683734912.0,36061969.0,19.442,Industrials,"Manitowoc Company, Inc. (The)",0.917,0.01,forecast_icc,0.03770543228856872,1.025421971282929,2026-09-01
MTX,70.76,0.48,2202671360.0,31128762.0,49.629,Basic Materials,Minerals Technologies Inc.,6.02667,0.16191860513351486,forecast_icc,0.10884959153540741,0.7013707797508203,2026-09-01
MTZ,237.74,0.0,19091697664.0,80304948.0,44.541,Industrials,"MasTec, Inc.",9.31259,0.34083643755389215,forecast_icc,0.10271059908466873,0.18735173538876335,2026-09-01
MU,933.44,0.53,1054220746752.0,1129393151.0,89.215,Technology,"Micron Technology, Inc.",73.40044,0.75,forecast_icc,0.2560453579962979,0.09557657661063655,2026-09-01
MUA,9.85,0.67,661326656.0,67139761.0,11.285,Financial Services,"Blackrock MuniAssets Fund, Inc",0.31,0.75,trailing_eps_fallback_icc,0.22608625101550783,1.1456852616039115,2026-09-01
MUC,10.5,0.64,988931136.0,94183923.0,11.787,Financial Services,Blackrock MuniHoldings Californ,0.23,0.04,trailing_eps_fallback_icc,0.030544182474769976,1.122571491571482,2026-09-01
MUFG,22.83,0.54,256969113600.0,11255764758.0,12.594466,Financial Services,"Mitsubishi UFJ Financial Group,",1.57758,0.06614561543630115,forecast_icc,0.07593957939478824,0.5516629783347987,2026-09-01
MUJ,12.02,0.65,639284864.0,53185098.0,12.629,Financial Services,Blackrock MuniHoldings New Jers,0.46,0.75,trailing_eps_fallback_icc,0.25135508817004826,1.0506655803476053,2026-09-01
MUR,37.6,1.4,5391130112.0,143381125.0,36.685,Energy,Murphy Oil Corporation,2.89218,0.024638853736627553,forecast_icc,0.07074815799775547,0.9756649276404998,2026-09-01
MUSA,536.45,2.6,9860137984.0,18380347.0,42.584,Consumer Cyclical,Murphy USA Inc.,34.94429,0.01,forecast_icc,0.047946619706936255,0.07938110987068313,2026-09-01
MUX,19.15,0.0,1175016576.0,61358566.0,11.828,Basic Materials,McEwen Inc.,1.53,0.75,forecast_icc,0.2569468070361808,0.6176501110466036,2026-09-01
MVBF,30.25,0.68,392267072.0,12967507.0,26.611,Financial Services,MVB Financial Corp.,1.59,0.5807106918238991,forecast_icc,0.20360634832416713,0.8797025124173563,2026-09-01
MVST,0.6902,0.0,265405696.0,384534486.0,1.412,Consumer Cyclical,"Microvast Holdings, Inc.",0.12,0.04,forecast_icc,0.10842897157953357,2.0457838788508895,2026-09-01
MWA,23.57,0.28,3679882240.0,156125679.0,7.177,Industrials,MUELLER WATER PRODUCTS,1.569,0.02198852772466542,forecast_icc,0.05545471746074568,0.30449724341803935,2026-09-01
MWC,1.42,0.0,84375568.0,59419414.0,0.8909981,Consumer Cyclical,"Micware Co., Ltd.",0.17,0.325,trailing_eps_fallback_icc,0.17786549396593598,0.627463449811839,2026-09-01
MWH,24.78,0.0,5015142912.0,123745401.0,4.015,Utilities,"SOLV Energy, Inc.",1.2738,0.420489872821479,forecast_icc,0.13780166757692697,0.0990675228468943,2026-09-01
MXC,9.4146,0.1,19262272.0,2046000.0,9.933,Energy,Mexco Energy Corporation,0.75,0.75,trailing_eps_fallback_icc,0.27072177693817834,1.0550633902376625,2026-09-01
MXE,13.6,0.23,59842844.0,4400209.0,15.896,Financial Services,"Mexico Equity and Income Fund, ",4.92,0.04,trailing_eps_fallback_icc,0.17129791464788646,1.168823498161284,2026-09-01
MXF,21.42,1.4,308877792.0,14420065.0,24.651,Financial Services,"Mexico Fund, Inc. (The)",6.38,0.502,trailing_eps_fallback_icc,0.3892556834750064,1.1508403372522165,2026-09-01
MXL,57.59,0.0,5223021056.0,90693191.0,5.346,Technology,"MaxLinear, Inc",1.75,0.47602857142857147,forecast_icc,0.11508453186425968,0.09282861276789768,2026-09-01
MYE,31.2,0.54,1173683840.0,37618070.0,8.148,Consumer Cyclical,"Myers Industries, Inc.",1.86,0.07526881720430101,forecast_icc,0.06952675985766532,0.2611538336934076,2026-09-01
MYFW,30.43,0.0,297152864.0,9765129.0,28.734,Financial Services,"First Western Financial, Inc.",2.425,0.1051546391752578,forecast_icc,0.08562986387211458,0.9442655638883561,2026-09-01
MYI,10.61,0.67,705217536.0,66467251.0,11.9,Financial Services,Blackrock MuniYield Quality Fun,0.38,0.75,trailing_eps_fallback_icc,0.24253301603073785,1.1215834072793107,2026-09-01
MYN,9.57,0.61,366657376.0,38313208.0,10.862,Financial Services,Blackrock MuniYield New York Qu,0.16,0.04,trailing_eps_fallback_icc,0.02439748933935662,1.135005300687037,2026-09-01
MYPS,0.5116,0.0,61454104.0,103663613.0,1.652,Communication Services,"PLAYSTUDIOS, Inc.",0.01296,0.04,forecast_icc,0.029497970315456645,2.786669685656795,2026-09-01
MYRG,286.46,0.0,4459966976.0,15569250.0,48.456,Industrials,"MYR Group, Inc.",12.185,0.19586951169470646,forecast_icc,0.07621681303858396,0.16915452111186216,2026-09-01
MZTI,111.83,4.0,3051952640.0,27291000.0,38.589,Consumer Defensive,The Marzetti Company,6.734,0.07425007425007424,forecast_icc,0.07714737573880315,0.3450683949669678,2026-09-01
NAAS,3.16,0.0,53894944.0,16641753.0,-13.1215,Consumer Cyclical,Naas Technology Inc.,0.01,0.04,forecast_icc,0.010000000000000002,,2026-09-01
NABL,3.82,0.0,721619072.0,188905524.0,4.259,Technology,"N-able, Inc.",0.38833,0.11160610820693728,forecast_icc,0.10134073511336628,1.114921511825009,2026-09-01
NAD,11.56,0.85,2702005248.0,233737467.0,11.953,Financial Services,Nuveen Quality Municipal Income,0.79,0.04,trailing_eps_fallback_icc,0.08506544844832262,1.0339964902433083,2026-09-01
NAGE,3.13,0.0,249286752.0,79644327.0,1.044,Healthcare,"Niagen Bioscience, Inc.",0.09,0.11111111111111116,forecast_icc,0.04380255934098046,0.33354631451895206,2026-09-01
NAMM,1.37,0.0,76517800.0,55852406.0,-0.726,Basic Materials,Namib Minerals,1.84,0.04,forecast_icc,0.32159624820203836,,2026-09-01
NAT,6.91,1.08,1463197056.0,211750663.0,2.153,Energy,Nordic American Tankers Limited,0.71,0.01,forecast_icc,0.10546025048753471,0.3115774294169985,2026-09-01
NATH,97.7,2.0,400023360.0,4094405.0,-1.748,Consumer Cyclical,"Nathan's Famous, Inc.",4.83,0.01,trailing_eps_fallback_icc,0.0425085868951524,,2026-09-01
NATL,46.28,0.0,3419950080.0,73896934.0,6.287,Technology,NCR Atleos Corporation,4.705,0.1540913921360254,forecast_icc,0.11437621861609049,0.1358470191640926,2026-09-01
NATR,13.87,0.0,244049856.0,17595520.0,9.613,Consumer Defensive,"Nature's Sunshine Products, Inc",1.08,0.13888888888888884,forecast_icc,0.09385358854966686,0.693078605053551,2026-09-01
NAVI,9.28,0.64,870313856.0,93783828.0,25.569,Financial Services,Navient Corporation,0.76467,0.2636039075679706,forecast_icc,0.18207966976884982,2.7552803871848273,2026-09-01
NAVN,27.31,0.0,6945786880.0,239026566.0,4.896,Technology,"Navan, Inc.",0.25337,0.5185696807041087,forecast_icc,0.06173870789535407,0.16848689534453437,2026-09-01
NAZ,12.22,0.74,156769520.0,12828929.0,11.908,Financial Services,Nuveen Arizona Quality Municipa,0.56,0.04,trailing_eps_fallback_icc,0.05860524287650326,0.9744680377410099,2026-09-01
NBB,15.27,1.16,448857888.0,29394751.0,,Financial Services,Nuveen Taxable Municipal Income,0.94,0.04,trailing_eps_fallback_icc,0.07720326535604538,,2026-09-01
NBBK,22.04,0.28,965759488.0,43818490.0,20.623,Financial Services,"NB Bancorp, Inc.",2.135,0.22014051522248246,forecast_icc,0.13791476781366152,0.9357078346094386,2026-09-01
NBH,10.12,0.65,299734752.0,29618059.0,11.225,Financial Services,36814,0.7,0.04,trailing_eps_fallback_icc,0.08366612408560414,1.1091897421190586,2026-09-01
NBHC,40.86,1.28,1819885952.0,44539547.0,37.476,Financial Services,National Bank Holdings Corporat,3.3,0.19090909090909092,forecast_icc,0.12800691412594445,0.917180585705186,2026-09-01
NBIX,156.76,0.0,15934525440.0,101649181.0,36.354,Healthcare,"Neurocrine Biosciences, Inc.",10.18869,0.1732342430675584,forecast_icc,0.09286084060381639,0.23190865269182437,2026-09-01
NBN,124.65,0.04,1072141440.0,8601215.0,70.582,Financial Services,Northeast Bank,14.6,0.07876712328767121,forecast_icc,0.0991777150880668,0.5662414812825443,2026-09-01
NBR,93.25,0.0,1416615168.0,15191583.0,36.763,Energy,Nabors Industries Ltd.,4.39271,0.04,forecast_icc,0.04525568105032762,0.3942412720438978,2026-09-01
NBRG,10.07,0.0,75990736.0,6108750.0,0.557,Financial Services,Newbridge Acquisition Limited,0.03,0.04,trailing_eps_fallback_icc,0.010000000000000002,0.04477616521571788,2026-09-01
NBTB,50.31,1.6,2614110720.0,51960061.0,37.39,Financial Services,NBT Bancorp Inc.,4.175,0.08811017964071866,forecast_icc,0.09600864171117374,0.74319219378359,2026-09-01
NBXG,15.19,1.44,1196387072.0,78761496.0,,Financial Services,Neuberger Berman Income Funds - Neuberger Next Generation Connectivity Fund Inc.,4.43,0.04,trailing_eps_fallback_icc,0.1892081362245902,,2026-09-01
NC,42.0,1.05,316961184.0,5984875.0,57.792,Energy,"NACCO Industries, Inc.",2.29,0.04,trailing_eps_fallback_icc,0.057836958803164445,1.0912310827309377,2026-09-01
NCDL,12.54,1.52,619313792.0,49387065.0,,Financial Services,Nuveen Churchill Direct Lending Corp.,1.57722,0.01,forecast_icc,0.12631321244078275,,2026-09-01
NCI,12.99,0.0,33504872.0,2364282.0,14.212782,Consumer Cyclical,Neo-Concept International Group,0.08,0.04,trailing_eps_fallback_icc,0.010000000000000002,1.0029295038800328,2026-09-01
NCLH,15.43,0.0,7085268480.0,459187846.0,5.603,Consumer Cyclical,Norwegian Cruise Line Holdings ,1.53661,0.10476959020180776,forecast_icc,0.0979831560439367,0.3631237840034539,2026-09-01
NCMI,2.53,0.12,237998208.0,94070443.0,3.557,Communication Services,"National CineMedia, Inc.",0.17,0.01,forecast_icc,0.0615780267436887,1.4059289293094173,2026-09-01
NCNA,1.38,0.0,5743520.0,4161971.0,6.391433,Healthcare,NuCana plc,67.68,0.04,trailing_eps_fallback_icc,0.4,4.63147317227815,2026-09-01
NCNO,22.3,0.0,2357916672.0,105736174.0,8.845,Technology,"nCino, Inc.",1.29958,0.21758568152787827,forecast_icc,0.09774394252810181,0.39663677267981085,2026-09-01
NCSM,53.35,0.0,140018304.0,2624523.0,45.803,Energy,"NCS Multistage Holdings, Inc.",2.53,0.557312252964427,forecast_icc,0.16323921350463377,0.8585379449318283,2026-09-01
NCV,16.54,1.63,373694720.0,22593393.0,17.579,Financial Services,AllianzGI Convertible & Income ,3.72,0.34,trailing_eps_fallback_icc,0.31746148371976035,1.0628174129594339,2026-09-01
NCZ,15.26,1.44,290381632.0,19028938.0,15.882,Financial Services,AllianzGI Convertible & Income ,3.56,0.546,trailing_eps_fallback_icc,0.4,1.0407600206475869,2026-09-01
NDAQ,97.54,1.16,54522650624.0,558977372.0,21.331,Financial Services,"Nasdaq, Inc.",4.13591,0.1309240288110718,forecast_icc,0.06688073189345711,0.21868977728833025,2026-09-01
NDLS,13.78,0.0,82220576.0,5966660.0,-8.55,Consumer Cyclical,Noodles & Company,0.46,0.04,forecast_icc,0.03558259209561977,,2026-09-01
NDMO,9.81,0.7,593350208.0,60484217.0,,Financial Services,Nuveen Dynamic Municipal Opportunities Fund,0.61,0.04,trailing_eps_fallback_icc,0.07792898065746534,,2026-09-01
NDSN,314.4,3.76,17517721600.0,55717948.0,58.691,Industrials,Nordson Corporation,11.905,0.0871482570348594,forecast_icc,0.052312750818441084,0.18667622198471293,2026-09-01
NE,46.6,2.0,7439327232.0,159642218.0,28.088,Energy,Noble Corporation plc A,0.50462,0.75,forecast_icc,0.12175805014008356,0.6027467913894287,2026-09-01
NEA,11.08,0.82,3347572992.0,302127505.0,11.801,Financial Services,Nuveen AMT-Free Quality Municip,0.78,0.609,trailing_eps_fallback_icc,0.2976539909039214,1.0650721268888168,2026-09-01
NECB,26.2,1.0,360670752.0,13766059.0,29.359,Financial Services,"NorthEast Community Bancorp, In",3.16,0.12974683544303778,forecast_icc,0.13682765704196032,1.1205724998211113,2026-09-01
NEE,82.93,2.49,172959252480.0,2085605358.0,27.388,Utilities,"NextEra Energy, Inc.",4.04804,0.08413207379373722,forecast_icc,0.06842882455878929,0.3302544311788645,2026-09-01
NEGG,15.85,0.0,332437920.0,20974000.0,8.028,Consumer Cyclical,"Newegg Commerce, Inc.",0.45,0.04,trailing_eps_fallback_icc,0.03191648622771846,0.5064983922411739,2026-09-01
NEM,122.63,1.04,129214283776.0,1053692271.0,33.28,Basic Materials,Newmont Corporation,9.15083,0.10204429543549609,forecast_icc,0.0846767064674695,0.2713854672573997,2026-09-01
NEO,17.45,0.0,2272195584.0,130211780.0,6.142,Healthcare,"NeoGenomics, Inc.",0.18091,0.75,forecast_icc,0.09883823777908562,0.3519770738010553,2026-09-01
NEOG,11.64,0.0,2538753792.0,218106005.0,9.614,Healthcare,Neogen Corporation,0.31,0.22580645161290325,forecast_icc,0.06122084258163367,0.825945051732689,2026-09-01
NEON,0.8642,0.0,14503803.0,16782922.0,1.237,Technology,Neonode Inc.,0.48,0.04,trailing_eps_fallback_icc,0.2064262103445048,1.431381446231723,2026-09-01
NEPH,4.1,0.0,44526492.0,10860120.0,1.102,Healthcare,"Nephros, Inc.",0.17,0.23529411764705865,forecast_icc,0.08339665948340691,0.26878048780487807,2026-09-01
NESR,34.72,0.0,3501572864.0,100851754.0,10.332,Energy,National Energy Services Reunit,1.87998,0.47017521462994294,forecast_icc,0.15318747224275742,0.2975806481255619,2026-09-01
NET,285.51,0.0,101664325632.0,322618775.0,4.552,Technology,"Cloudflare, Inc.",1.26262,0.3234227241767118,forecast_icc,0.02308737395822795,0.014445191611419628,2026-09-01
NEU,903.12,12.0,8305458176.0,9196406.0,199.898,Basic Materials,NewMarket Corp,25.82,0.229,forecast_icc,0.07191343655607796,0.2213415717269154,2026-09-01
NEXA,13.12,0.13,1737594496.0,132438611.0,9.089,Basic Materials,Nexa Resources S.A.,2.53333,0.21710554882309063,forecast_icc,0.18989645319821225,0.6927591783641331,2026-09-01
NEXN,9.6,0.0,546733760.0,56951431.0,7.845,Communication Services,Nexxen International Ltd.,1.071,0.15883286647992523,forecast_icc,0.12196677633500042,0.817187466519353,2026-09-01
NEXT,7.62,0.0,2028333056.0,266185433.0,-0.216,Energy,NextDecade Corporation,0.065,0.04,forecast_icc,0.012710897703931467,,2026-09-01
NFE,0.2872,0.0,82034272.0,285634650.0,-1.938,Energy,New Fortress Energy Inc.,0.05,0.04,forecast_icc,0.108515705852548,,2026-09-01
NFG,83.83,2.22,7967630336.0,95045099.0,41.286,Energy,National Fuel Gas Company,7.32803,0.03722282796331333,forecast_icc,0.07799856017441698,0.4924967389091983,2026-09-01
NFJ,15.41,1.22,1450108160.0,92967244.0,14.823,Financial Services,"AllianzGI NFJ Dividend, Interes",1.59,0.75,trailing_eps_fallback_icc,0.3901323415183465,0.9503108084103189,2026-09-01
NFLX,80.81,0.0,336487940096.0,4163939676.0,7.241,Communication Services,"Netflix, Inc.",3.58437,0.06469477202409357,forecast_icc,0.0491707455031819,0.08960525356514679,2026-09-01
NGG,79.15,3.24,79574253568.0,1005360077.0,8.949516,Utilities,"National Grid Transco, PLC Nati",6.06975,0.08733308620618652,forecast_icc,0.09584044450214602,0.11307031723752141,2026-09-01
NGL,18.33,0.0,2269515776.0,123814289.0,-4.424,Energy,NGL ENERGY PARTNERS LP,1.38,0.29710144927536253,forecast_icc,0.13414105148888866,,2026-09-01
NGS,35.27,0.6,454922528.0,12898285.0,22.834,Energy,"Natural Gas Services Group, Inc",1.88,0.38829787234042556,forecast_icc,0.1472388911811363,0.6474057044060039,2026-09-01
NGVC,27.55,0.6,634913216.0,23045851.0,10.389,Consumer Defensive,Natural Grocers by Vitamin Cott,2.11,0.09478672985782,forecast_icc,0.0894485792121762,0.37709617630482584,2026-09-01
NGVT,68.51,0.0,2355231488.0,34377922.0,1.36,Basic Materials,Ingevity Corporation,5.24333,0.1468532402118501,forecast_icc,0.0950703020959231,0.019851116188881388,2026-09-01
NHC,218.97,2.68,3429375744.0,15661395.0,71.66,Healthcare,National HealthCare Corporation,0.43,0.671,forecast_icc,0.031152682797636687,0.32725943421730813,2026-09-01
NHI,72.27,3.76,3549210880.0,49110434.0,31.994,Real Estate,"National Health Investors, Inc.",14.55137,0.01,forecast_icc,0.12091512046460673,0.44270100552492386,2026-09-01
NHP,16.03,0.3,1168665216.0,44275000.0,14.513,Real Estate,"National Healthcare Properties,",0.39,0.01,forecast_icc,0.026065659976037568,0.5498264740002324,2026-09-01
NHS,5.94,1.09,248623408.0,41855793.0,6.82,Financial Services,Neuberger Berman High Yield Str,0.6,0.01,trailing_eps_fallback_icc,0.1036818779973342,1.1481481593237592,2026-09-01
NI,40.96,1.2,19642781696.0,479560100.0,19.968,Utilities,NiSource Inc,2.05255,0.09743489805364058,forecast_icc,0.07306093390278579,0.4875,2026-09-01
NIC,166.1,1.36,3481042944.0,20957513.0,108.32,Financial Services,Nicolet Bankshares Inc.,12.048,0.11420982735723761,forecast_icc,0.08658745818324054,0.6521372602061182,2026-09-01
NICE,106.59,0.0,6229437952.0,58442987.0,2.56928,Technology,NICE Ltd,11.17161,0.13291101282626228,forecast_icc,0.109846346992991,0.02410432510868037,2026-09-01
NIE,25.8,2.32,714891264.0,27708965.0,,Financial Services,AllianzGI Equity & Convertible ,4.13,0.04,trailing_eps_fallback_icc,0.14284851741489646,,2026-09-01
NIM,9.2999,0.35,115752112.0,12446597.0,9.873,Financial Services,Nuveen Select Maturities Munici,0.38,0.04,trailing_eps_fallback_icc,0.05148267280809049,1.0616242767216204,2026-09-01
NINE,10.43,0.0,145498400.0,13949990.0,9.288,Energy,"Nine Energy Service, Inc.",4.56,0.01,forecast_icc,0.1610542751943379,0.89050812325084,2026-09-01
NIO,4.06,0.0,10173007872.0,2357167022.0,0.2592805,Consumer Cyclical,NIO Inc.,0.44067,0.75,forecast_icc,0.2901317992986837,0.06007735880455151,2026-09-01
NIQ,18.72,0.0,5521573888.0,294955864.0,3.075,,NIQ Global Intelligence plc,1.09233,0.18154770078639237,forecast_icc,0.08903807012909037,0.1642628171237831,2026-09-01
NIVF,1.33,0.0,8519708.0,6367870.0,331.51,Healthcare,NewGenIvf Group Limited,14.22,0.75,forecast_icc,0.4,247.77992199967417,2026-09-01
NJR,54.1,1.9,5459856896.0,100921573.0,26.259,Utilities,NewJersey Resources Corporation,3.56,0.01,forecast_icc,0.05668466201087792,0.48537894598455794,2026-09-01
NKE,38.12,1.64,56550969344.0,1202110951.0,10.024,Consumer Cyclical,"Nike, Inc.",1.72109,0.2971256587395199,forecast_icc,0.1345303216030459,0.2130814080219208,2026-09-01
NKLR,5.025,0.0,555267072.0,110500908.0,-1.076,Utilities,Terra Innovatum Global N.V.,4.69,0.04,trailing_eps_fallback_icc,0.2686514798144112,,2026-09-01
NKSH,40.205,1.5,256041936.0,6368410.0,30.197,Financial Services,"National Bankshares, Inc.",3.5,0.10285714285714276,forecast_icc,0.10644135528569987,0.7510757017944122,2026-09-01
NL,6.72,0.4,328599488.0,48898734.0,7.354,Industrials,"NLI Holdings, Inc.",0.86,0.75,forecast_icc,0.38356217460178577,1.0943452530151234,2026-09-01
NLY,22.62,3.0,17049021440.0,753714442.0,20.148,Real Estate,Annaly Capital Management Inc.,3.08308,0.01,forecast_icc,0.137475291692151,0.890716140563197,2026-09-01
NMAI,14.58,1.39,487345920.0,33425645.0,,Financial Services,Nuveen Multi-Asset Income Fund,2.43,0.04,trailing_eps_fallback_icc,0.14840981367594208,,2026-09-01
NMAX,10.39,0.0,1341979136.0,89921348.0,0.876,Communication Services,"Newsmax, Inc.",0.07,0.04,forecast_icc,0.010390651774951964,0.05869770902906199,2026-09-01
NMCO,9.75,0.82,558750592.0,57307757.0,10.643,Financial Services,Nuveen Municipal Credit Opportunities Fund,0.49,0.04,trailing_eps_fallback_icc,0.06389771625307905,1.0915898192927553,2026-09-01
NMFC,7.48,1.14,706503872.0,94452390.0,10.886,Financial Services,New Mountain Finance Corporatio,1.08857,0.01,forecast_icc,0.14911372539699547,1.4553476042945168,2026-09-01
NMI,10.45,0.46,126217816.0,12078260.0,9.879,Financial Services,"Nuveen Municipal Income Fund, I",0.57,0.04,trailing_eps_fallback_icc,0.06468957283783416,0.9453588591645413,2026-09-01
NMIH,44.27,0.0,3329894144.0,75217851.0,35.893,Financial Services,NMI Holdings Inc,5.25873,0.041382615194162975,forecast_icc,0.08622528597034329,0.8107748202169276,2026-09-01
NML,10.7,0.84,606250496.0,56658928.0,,Financial Services,1525,2.45,0.04,trailing_eps_fallback_icc,0.16178847212544978,,2026-09-01
NMM,88.91,0.24,2527233024.0,28424619.0,124.232,Industrials,Navios Maritime Partners LP,18.34667,0.01,forecast_icc,0.10407040543337043,1.3972780642201674,2026-09-01
NMP,10.34,0.0,165138432.0,12137500.0,0.049,Financial Services,NMP Acquisition Corp.,0.28,0.04,trailing_eps_fallback_icc,0.030896613865396216,0.003601448147454858,2026-09-01
NMR,10.17,0.32,29722771456.0,2922593052.0,8.235066,Financial Services,Nomura Holdings Inc,0.93492,0.017948059727035393,forecast_icc,0.07378941989513266,0.8097409997580487,2026-09-01
NMRK,15.02,0.24,3675933952.0,159943094.0,7.956,Real Estate,"Newmark Group, Inc.",1.95243,0.1301659982688239,forecast_icc,0.13064705550365713,0.34617250268374794,2026-09-01
NMT,12.3,0.73,126110584.0,10252893.0,11.176,Financial Services,Nuveen Massachusetts Quality Mu,1.03,0.04,trailing_eps_fallback_icc,0.09054535716719794,0.9086178854583689,2026-09-01
NMZ,9.89,0.79,2129986688.0,215367714.0,10.368,Financial Services,Nuveen Municipal High Income Op,0.69,0.04,trailing_eps_fallback_icc,0.08671131864635073,1.048331649832358,2026-09-01
NNBR,3.33,0.0,274994272.0,82580864.0,0.403,Industrials,"NN, Inc.",0.09333,0.75,forecast_icc,0.16360153876324934,0.12102102327425933,2026-09-01
NNDM,1.56,0.0,328908832.0,210839011.0,2.286,Technology,Nano Dimension Ltd.,0.01,0.04,forecast_icc,0.010000000000000002,1.4653847274797414,2026-09-01
NNI,125.2,1.32,4479585792.0,25162763.0,105.379,Financial Services,"Nelnet, Inc.",7.5,0.14666666666666672,forecast_icc,0.08657208442343581,0.5919357113134178,2026-09-01
NNN,45.24,2.48,8682976256.0,191931400.0,23.241,Real Estate,"NNN REIT, Inc.",2.06991,0.016305056741597435,forecast_icc,0.04982651870421717,0.51372680701708,2026-09-01
NNNN,7.22,0.0,316894464.0,43891200.0,0.687,Healthcare,Anbio Biotechnology,0.15,0.04,trailing_eps_fallback_icc,0.025606176577440118,0.09515235457063713,2026-09-01
NNY,8.16,0.35,154110176.0,18886051.0,8.961,Financial Services,Nuveen New York Municipal Value,0.32,0.75,trailing_eps_fallback_icc,0.25467507491095154,1.098161765846014,2026-09-01
NOA,13.23,0.34,356070816.0,26913894.0,12.960137,Energy,North American Construction Gro,1.81991,0.35208334478078585,forecast_icc,0.21745545508901942,0.97960219644476,2026-09-01
NOAH,8.3,0.65,569759808.0,68645763.0,21.942122,Financial Services,Noah Holdings Limited,10.02242,0.01,forecast_icc,0.3131875953841404,2.6436292721600436,2026-09-01
NOC,532.91,9.88,75706802176.0,142063026.0,125.888,Industrials,Northrop Grumman Corporation,28.99309,0.04990430478434682,forecast_icc,0.05867400409011847,0.23622752121416987,2026-09-01
NODK,15.01,0.0,306274912.0,20404723.0,12.205,Financial Services,"NI Holdings, Inc.",0.38,0.04,trailing_eps_fallback_icc,0.029485071916244804,0.8131245311238552,2026-09-01
NOEM,10.69,0.0,39729008.0,3716465.0,-0.187,Financial Services,CO2 Energy Transition Corp.,0.15,0.04,trailing_eps_fallback_icc,0.019042678916356283,,2026-09-01
NOG,26.36,1.8,2808635136.0,106549128.0,18.809,Energy,"Northern Oil and Gas, Inc.",4.06015,0.08088863711931804,forecast_icc,0.14935182011120463,0.7135432163702733,2026-09-01
NOK,9.93,0.16,55594545152.0,5598644598.0,4.417467,Technology,Nokia Corporation Sponsored,0.40631,0.22300706357214928,forecast_icc,0.08917100205630335,0.4448606907165882,2026-09-01
NOMD,11.67,0.68,1631362944.0,139791169.0,21.024246,Consumer Defensive,Nomad Foods Limited,1.42757,0.04078258859460471,forecast_icc,0.11081645683176455,1.8015634941892944,2026-09-01
NOV,21.36,0.36,7614372864.0,356478125.0,17.366,Energy,NOV Inc.,0.894,0.41069351230425055,forecast_icc,0.13695637060850985,0.8130149691012032,2026-09-01
NOVT,143.67,0.0,5433278464.0,37817770.0,42.745,Technology,Novanta Inc.,3.69333,0.18231243891014337,forecast_icc,0.05229696937827037,0.2975221294768521,2026-09-01
NOW,142.9,0.0,147738869760.0,1033862000.0,12.106,Technology,"ServiceNow, Inc.",4.06673,0.2308439458729743,forecast_icc,0.06490040132127917,0.08471659078164048,2026-09-01
NP,32.7,0.0,4487522304.0,93798090.0,-1.62,Financial Services,Neptune Insurance Holdings Inc.,0.54767,0.23030291964138994,forecast_icc,0.04490598619412717,,2026-09-01
NPAC,10.47,0.0,401951936.0,30887075.0,-0.315,Financial Services,New Providence Acquisition Corp,0.25,0.01,trailing_eps_fallback_icc,0.023044200122287258,,2026-09-01
NPB,16.59,0.1,573712704.0,34581842.0,17.687,Financial Services,"Northpointe Bancshares, Inc.",2.46667,0.11215930789282713,forecast_icc,0.12890788260783348,1.0661242729845495,2026-09-01
NPCT,9.66,1.07,277773280.0,28755000.0,,Financial Services,102479,0.9,0.04,trailing_eps_fallback_icc,0.11323763375161194,,2026-09-01
NPFD,18.58,1.88,448969728.0,24164141.0,20.263,Financial Services,Nuveen Variable Rate Preferred & Income Fund,2.15,0.236,trailing_eps_fallback_icc,0.2206552424185329,1.0905812987974994,2026-09-01
NPK,146.94,1.0,1048573696.0,7136067.0,57.633,Industrials,"National Presto Industries, Inc",0.87,0.75,forecast_icc,0.0821083064051632,0.39222131070032107,2026-09-01
NPKI,13.24,0.0,1124206976.0,84909894.0,4.374,Industrials,NPK International Inc.,0.55,0.13939999999999975,forecast_icc,0.06305871032659349,0.33036254380616825,2026-09-01
NPO,287.96,1.28,6095444992.0,21167681.0,75.006,Industrials,Enpro Inc.,9.58873,0.13527964600108677,forecast_icc,0.05504073781366425,0.2604736952215613,2026-09-01
NPV,10.35,0.74,202474160.0,19562720.0,11.595,Financial Services,Nuveen Virginia Quality Municip,1.14,0.117,trailing_eps_fallback_icc,0.14515726366503323,1.120289810808451,2026-09-01
NRC,20.44,0.64,452527616.0,22139315.0,0.296,Healthcare,NRC Health,0.33,0.75,forecast_icc,0.15501336882623235,0.014481408445136748,2026-09-01
NRDS,9.78,0.0,625168640.0,32237522.0,5.1,Communication Services,"NerdWallet, Inc.",1.30365,0.7308249913703833,forecast_icc,0.3085518276714738,0.2629872192565513,2026-09-01
NREF,17.29,2.0,398260256.0,18848029.0,20.14,Real Estate,"NexPoint Real Estate Finance, I",1.72333,0.01547585198423973,forecast_icc,0.106171678047423,0.9531438257800949,2026-09-01
NRG,109.51,1.9,23020150784.0,210210483.0,19.994,Utilities,"NRG Energy, Inc.",8.8307,0.26790061942994337,forecast_icc,0.14242593593419806,0.18257692734242342,2026-09-01
NRIM,25.38,0.65,564572160.0,22244766.0,15.627,Financial Services,Northrim BanCorp Inc,2.615,0.0497131931166348,forecast_icc,0.09103868306862661,0.6157210413669707,2026-09-01
NRIX,26.04,0.0,2702475008.0,103781683.0,3.883,Healthcare,"Nurix Therapeutics, Inc.",1.78718,0.01,forecast_icc,0.04865960623547372,0.14911674442726242,2026-09-01
NRO,2.9,0.37,183749312.0,63361833.0,3.257,Financial Services,70968,0.36,0.01,trailing_eps_fallback_icc,0.12730418995283121,1.123103470890819,2026-09-01
NRP,112.16,3.0,1486166272.0,13250412.0,48.148,Energy,Natural Resource Partners LP Li,3.0,0.01,forecast_icc,0.02925284670618844,0.4292795826387857,2026-09-01
NRT,9.04,1.01,83082936.0,9190590.0,0.206,Energy,North European Oil Royality Tru,1.01,0.01,trailing_eps_fallback_icc,0.1146323854993706,0.022787609961207916,2026-09-01
NRXP,3.44,0.0,148937440.0,43295767.0,-0.004,Healthcare,"NRX Pharmaceuticals, Inc.",0.5,0.04,forecast_icc,0.09723909034108169,,2026-09-01
NSC,332.96,5.4,74785603584.0,224608373.0,72.362,Industrials,Norfolk Southern Corporation,12.96527,0.10457553140042597,forecast_icc,0.05894245127069209,0.21732940978099252,2026-09-01
NSIT,154.07,0.0,4521777664.0,29348850.0,54.38,Technology,"Insight Enterprises, Inc.",12.50413,0.059835430373804455,forecast_icc,0.07307957706330181,0.35295642147698486,2026-09-01
NSP,51.4,2.4,1963236992.0,38195270.0,1.597,Industrials,"Insperity, Inc.",2.11328,0.2765558752271351,forecast_icc,0.12166354903026322,0.03107003710635053,2026-09-01
NSSC,35.24,0.61,1260479744.0,35768437.0,4.976,Industrials,"NAPCO Security Technologies, In",1.61667,0.11649254331434356,forecast_icc,0.06908220754081584,0.14120317550457995,2026-09-01
NSYS,11.55,0.0,32960998.0,2853766.0,12.343,Healthcare,Nortech Systems Incorporated,0.36,0.01,trailing_eps_fallback_icc,0.027983984996894695,1.0686579859626824,2026-09-01
NTAP,183.16,2.08,35884691456.0,195919927.0,6.893,Technology,"NetApp, Inc.",9.01774,0.11374912117670277,forecast_icc,0.06902650299905522,0.03763376531931131,2026-09-01
NTB,58.91,2.0,2316735232.0,39326687.0,29.209,Financial Services,Bank of N.T. Butterfield & Son ,6.29,0.1467933227344993,forecast_icc,0.13263855117812973,0.4958241169368982,2026-09-01
NTCT,38.0,0.0,2762877952.0,72707312.0,22.875,Technology,"NetScout Systems, Inc.",2.74,0.020682481751824744,forecast_icc,0.05487604171627425,0.6019736632941215,2026-09-01
NTES,120.07,3.02,76874842112.0,640250196.0,7.7593274,Communication Services,"NetEase, Inc.",61.98369,0.16248661543060772,forecast_icc,0.2768992743615516,0.06462336379748726,2026-09-01
NTGR,20.87,0.0,567226176.0,27179021.0,16.816,Technology,"NETGEAR, Inc.",0.285,0.75,forecast_icc,0.11470240159057565,0.8057498692302945,2026-09-01
NTIC,8.0,0.04,75936008.0,9492001.0,7.669,Basic Materials,Northern Technologies Internati,0.1,0.75,forecast_icc,0.11838592798187253,0.958625,2026-09-01
NTNX,66.69,0.0,18027675648.0,270320509.0,2.597,Technology,"Nutanix, Inc.",2.30344,0.1519987496961066,forecast_icc,0.058050397165435794,0.03894136857021181,2026-09-01
NTR,77.69,2.2,37074452480.0,477210074.0,54.155,Basic Materials,Nutrien Ltd.,4.98299,0.01,forecast_icc,0.05364601497579957,0.6970652249392302,2026-09-01
NTRS,182.68,3.28,33422336000.0,182955653.0,68.414,Financial Services,Northern Trust Corporation,12.74537,0.01,forecast_icc,0.05388366463870527,0.37450189132028355,2026-09-01
NTSK,14.05,0.0,5675127296.0,251821667.0,0.435,Technology,"Netskope, Inc.",0.01223,0.04,forecast_icc,0.010000000000000002,0.01930219701366149,2026-09-01
NTST,20.44,0.9,1996431104.0,97260607.0,15.488,Real Estate,NetSTREIT Corp.,0.31714,0.11414517247903144,forecast_icc,0.03272636047464471,0.7545325647340745,2026-09-01
NTWK,4.09,0.0,48574536.0,11876414.0,3.138,Technology,NETSOL Technologies Inc.,0.38,0.01,forecast_icc,0.06065077970304959,0.7672371205357473,2026-09-01
NTWO,10.88,0.0,262386176.0,17998375.0,-0.283,Financial Services,Newbury Street II Acquisition C,0.2,0.01,trailing_eps_fallback_icc,0.01886428307388377,,2026-09-01
NU,14.46,0.0,69851758592.0,3808087961.0,2.743,Financial Services,Nu Holdings Ltd.,0.8482,0.30872435746286264,forecast_icc,0.12023826009837657,0.14953933140087491,2026-09-01
NUE,251.92,2.24,57154519040.0,226875676.0,97.45,Basic Materials,Nucor Corporation,18.72638,0.017049210792475566,forecast_icc,0.057054148510559455,0.38682916062554623,2026-09-01
NUS,4.57,0.24,222452224.0,48676634.0,11.145,Consumer Defensive,"Nu Skin Enterprises, Inc.",0.82,0.41463414634146334,forecast_icc,0.28717923940483214,2.438730780817008,2026-09-01
NUTX,187.34,0.0,1282899200.0,6847973.0,57.617,Healthcare,Nutex Health Inc.,28.3,0.018657243816254443,forecast_icc,0.08951293293771612,0.3075531268091834,2026-09-01
NUV,8.95,0.39,1879983488.0,210054035.0,9.2,Financial Services,"Nuveen Municipal Value Fund, In",0.51,0.551,trailing_eps_fallback_icc,0.22775671892588922,1.0279330293777558,2026-09-01
NUWE,0.7572,0.0,2404211.0,3175134.0,-3.577,Healthcare,"Nuwellis, Inc.",2548.34,0.04,trailing_eps_fallback_icc,0.4,,2026-09-01
NVDA,217.44,1.0,5250523594752.0,24147000000.0,8.07,Technology,NVIDIA Corporation,9.28846,0.6478490514035695,forecast_icc,0.18120332428437258,0.03711368713679768,2026-09-01
NVEC,97.79,4.0,473026560.0,4837166.0,12.358,Technology,NVE Corporation,2.83,0.75,forecast_icc,0.21592450811686226,0.1263728138817406,2026-09-01
NVGS,22.22,0.28,1366377216.0,61493127.0,20.144,Energy,Navigator Holdings Ltd.,1.78119,0.01,forecast_icc,0.05789074928031701,0.9065707008159011,2026-09-01
NVMI,337.64,0.0,10739032064.0,31806161.0,46.076,Technology,Nova Ltd.,10.67346,0.27982865912272104,forecast_icc,0.07890552215218871,0.13646487555882578,2026-09-01
NVO,45.12,1.8,199429505024.0,3345108124.0,7.790285,Healthcare,Novo Nordisk A/S,23.08517,0.01,forecast_icc,0.19187580009225147,0.13066945955985437,2026-09-01
NVR,6275.82,0.0,16724180992.0,2664860.0,1266.244,Consumer Cyclical,"NVR, Inc.",361.1004,0.13991529779529466,forecast_icc,0.07812252375478604,0.20176551470317883,2026-09-01
NVS,161.25,4.74,306490277888.0,1900714840.0,21.856,Healthcare,Novartis AG,8.80321,0.11424582623838342,forecast_icc,0.08189240463734249,0.13554108087637481,2026-09-01
NVST,26.64,0.0,4278855680.0,160617709.0,19.155,Healthcare,Envista Holdings Corporation,1.53256,0.08799655478415191,forecast_icc,0.06517429556855003,0.7190315462789808,2026-09-01
NVT,147.3,0.84,23841675264.0,161857939.0,24.632,Industrials,nVent Electric plc,5.13238,0.2586928481523192,forecast_icc,0.08286202950664345,0.16722334774301875,2026-09-01
NWBI,15.14,0.8,2217391104.0,146459122.0,13.166,Financial Services,"Northwest Bancshares, Inc.",1.40857,0.028525383899983492,forecast_icc,0.0876854434082811,0.8696169100586416,2026-09-01
NWE,69.91,2.68,4300712960.0,61517850.0,47.068,Utilities,"NorthWestern Energy Group, Inc.",3.75125,0.05732489170276556,forecast_icc,0.06766546054396849,0.6732656168246113,2026-09-01
NWFL,33.97,1.28,370343456.0,10902074.0,26.733,Financial Services,Norwood Financial Corp.,3.305,0.16490166414523455,forecast_icc,0.13505872792259244,0.786959076825162,2026-09-01
NWG,18.33,0.94,72771911680.0,3970098843.0,13.285746,Financial Services,NatWest Group plc,1.951,0.11019989748846748,forecast_icc,0.12846878335229428,0.7248088390879533,2026-09-01
NWL,5.94,0.28,2529846016.0,425900000.0,5.762,Consumer Defensive,Newell Brands Inc.,0.7601,0.01,forecast_icc,0.09167528215940543,0.9700336638986964,2026-09-01
NWN,49.41,1.97,2079841664.0,42093538.0,37.044,Utilities,Northwest Natural Holding Compa,3.078,0.05003248862898002,forecast_icc,0.07222486418029131,0.7497267934680627,2026-09-01
NWPX,109.08,0.0,1051225984.0,9637202.0,43.423,Basic Materials,"NWPX Infrastructure, Inc.",5.45824,0.01,forecast_icc,0.03854180368824553,0.3980839789116172,2026-09-01
NWSA,30.63,0.2,16448740352.0,359330498.0,15.689,Communication Services,News Corporation,1.31961,0.1455808913239518,forecast_icc,0.06867342003336796,0.3427336113574516,2026-09-01
NX,18.49,0.32,849208064.0,45927965.0,15.991,Industrials,Quanex Building Products Corpor,1.65,0.2742424242424244,forecast_icc,0.1514374255702805,0.8648458716414167,2026-09-01
NXB,2.21,0.0,55565800.0,25142895.0,0.489,Consumer Cyclical,NextBoat Inc.,0.05,,forecast_icc,0.010000000000000002,0.22126696016254602,2026-09-01
NXG,55.53,7.2,407155232.0,7332167.0,,Financial Services,733085,23.38,0.04,trailing_eps_fallback_icc,0.2407208556748489,,2026-09-01
NXP,14.18,0.64,893562816.0,63015710.0,14.183,Financial Services,Nuveen Select Tax Free Income P,0.57,0.04,trailing_eps_fallback_icc,0.05180904758246163,1.000211511632552,2026-09-01
NXPI,222.4,4.06,56081309696.0,252164174.0,45.187,Technology,NXP Semiconductors N.V.,15.0591,0.20160633769614367,forecast_icc,0.11257334611664238,0.20317896625996087,2026-09-01
NXPL,9.64,0.0,26155462.0,2713222.0,6.039,Technology,NextPlat Corp,0.61,0.04,forecast_icc,0.056088316099959346,0.6264522361715499,2026-09-01
NXST,177.84,7.44,5478947840.0,30808301.0,73.524,Communication Services,"Nexstar Media Group, Inc.",33.50086,0.01,forecast_icc,0.11242067985809567,0.4134278311954143,2026-09-01
NXT,83.07,0.0,12762737664.0,151729520.0,16.861,Technology,Nextpower Inc.,4.66902,0.2375659131894916,forecast_icc,0.10047873318758624,0.2004516197129287,2026-09-01
NXTS,1.76,0.0,2557866.0,1453333.0,1.311,Basic Materials,Nexentis Technologies Inc.,8.16,0.04,trailing_eps_fallback_icc,0.4,0.7448863869334827,2026-09-01
NYAX,53.38,0.0,1995245184.0,37378139.0,6.53,Technology,Nayax Ltd.,0.92,0.701086956521739,forecast_icc,0.12096027840092888,0.12233045323316015,2026-09-01
NYC,6.24,0.0,19741062.0,3163632.0,16.722,Real Estate,American Strategic Investment C,1.4,0.04,forecast_icc,0.12597018630497397,2.679807920364163,2026-09-01
NYT,67.73,0.92,10923738112.0,160502862.0,12.675,Communication Services,New York Times Company (The),2.85992,0.09214593415200434,forecast_icc,0.05817074791055965,0.1862342135074796,2026-09-01
O,61.36,3.25,58059939840.0,946218033.0,41.798,Real Estate,Realty Income Corporation,1.55432,0.019880076174790373,forecast_icc,0.030304786208497497,0.6811929439183863,2026-09-01
OACC,10.76,0.0,264510592.0,19783010.0,-0.305,Financial Services,Oaktree Acquisition Corp. III L,0.28,0.01,trailing_eps_fallback_icc,0.02456169400133111,,2026-09-01
OBA,10.3,0.0,325737504.0,25300000.0,-0.354,Financial Services,Oxley Bridge Acquisition Limite,0.39,0.75,trailing_eps_fallback_icc,0.1875216504296796,,2026-09-01
OBDC,11.37,1.24,5607030784.0,493142569.0,14.259,Financial Services,Blue Owl Capital Corporation,1.31167,0.01,forecast_icc,0.11484419329273987,1.2540897602054257,2026-09-01
OBE,12.13,0.0,809381120.0,66725570.0,15.148845,Energy,Obsidian Energy Ltd.,1.17,0.4786324786324787,forecast_icc,0.20303195265606944,1.2488743466942371,2026-09-01
OBK,52.71,1.0,1626086528.0,30849678.0,41.525,Financial Services,"Origin Bancorp, Inc.",4.088,0.0680039138943247,forecast_icc,0.08029796491411101,0.7878011759470158,2026-09-01
OBT,37.5,0.72,502798624.0,13407963.0,22.869,Financial Services,"Orange County Bancorp, Inc.",3.445,0.09579100145137875,forecast_icc,0.09856830113000772,0.6098399860517518,2026-09-01
OC,133.68,3.16,10567227392.0,79048683.0,47.747,Industrials,Owens Corning Inc,10.04323,0.19602956419398954,forecast_icc,0.12043281122570992,0.357173866633966,2026-09-01
OCC,13.13,0.0,115958880.0,8831598.0,1.859,Technology,Optical Cable Corporation,0.12,0.04,trailing_eps_fallback_icc,0.013467040582411438,0.14158416054035705,2026-09-01
OCFC,18.53,0.8,1790835968.0,96645219.0,24.499,Financial Services,OceanFirst Financial Corp.,1.80167,0.2853130706511182,forecast_icc,0.18022240078780405,1.3221262374606269,2026-09-01
OCTV,19.5,0.0,5234536960.0,257412788.0,18.924,Technology,Octave Intelligence plc,1.4327,0.041809171494381125,forecast_icc,0.06285423588557959,0.9306037262390444,2026-09-01
ODC,90.77,0.82,1314350208.0,10246067.0,19.687,Basic Materials,Oil-Dri Corporation Of America,3.82,0.253,trailing_eps_fallback_icc,0.09335547297560398,0.15347075672924457,2026-09-01
ODD,14.14,0.0,652201152.0,34577554.0,5.308,Consumer Defensive,ODDITY Tech Ltd.,0.05575,0.75,forecast_icc,0.05474456857643151,0.281412653242293,2026-09-01
ODFL,187.01,1.16,38777761792.0,207356622.0,21.918,Industrials,"Old Dominion Freight Line, Inc.",5.80532,0.13448182012361065,forecast_icc,0.05292605284226454,0.1172022889143029,2026-09-01
OEC,5.87,0.08,331788256.0,56522699.0,6.728,Basic Materials,Orion S.A.,0.16527,0.75,forecast_icc,0.18658058933177613,1.1461669061366655,2026-09-01
OESX,22.22,0.0,90863936.0,4089286.0,4.604,Industrials,"Orion Energy Systems, Inc.",0.95,0.7263157894736842,forecast_icc,0.19259116659698583,0.20720071760923936,2026-09-01
OFG,52.12,1.35,2202877696.0,42265494.0,33.296,Financial Services,OFG Bancorp,5.09,0.01,forecast_icc,0.07050007252479507,0.638833418114557,2026-09-01
OFIX,9.43,0.0,384108512.0,40732608.0,10.537,Healthcare,Orthofix Medical Inc.,0.41,0.01,forecast_icc,0.03516511386944898,1.117391250355837,2026-09-01
OFLX,26.14,1.36,263865568.0,10094322.0,8.209,Industrials,"Omega Flex, Inc.",1.17,0.01,trailing_eps_fallback_icc,0.04603053103026877,0.3140397965755047,2026-09-01
OFRM,17.37,0.0,729377664.0,41990653.0,3.699,Consumer Defensive,"Once Upon a Farm, PBC",0.4396,0.04,forecast_icc,0.029478184605439155,0.2129533616304982,2026-09-01
OGC,28.09,0.3,6248550912.0,222447523.0,11.4,Basic Materials,OceanaGold Corporation,3.77,0.75,trailing_eps_fallback_icc,0.3275364501144732,0.4058383772355827,2026-09-01
OGE,45.99,1.7,9491154944.0,206374321.0,24.113,Utilities,OGE Energy Corp,2.42833,0.07162535569712514,forecast_icc,0.07097672603668931,0.5243096368813216,2026-09-01
OGEN,0.499,0.0,2251466.0,4511957.0,1.413,Healthcare,Oragenics Inc.,0.98,0.04,trailing_eps_fallback_icc,0.38708897066073356,2.8316640095830894,2026-09-01
OGI,1.18,0.0,166387664.0,141006497.0,2.5892954,Healthcare,Organigram Global Inc.,0.443,0.01,forecast_icc,0.14765640593710722,2.1943181680356654,2026-09-01
OGN,13.76,0.08,3613506048.0,262609433.0,3.831,Healthcare,Organon & Co.,3.33627,0.08355738594298434,forecast_icc,0.1544526040263946,0.27841567841842446,2026-09-01
OGS,80.36,2.72,5051129856.0,62856270.0,56.338,Utilities,"ONE Gas, Inc.",4.91333,0.03007736097514324,forecast_icc,0.0619572701110741,0.7010701843377832,2026-09-01
OHI,46.79,2.72,14757344256.0,299111000.0,18.022,Real Estate,"Omega Healthcare Investors, Inc",1.97894,0.0328610266102054,forecast_icc,0.05201312868334418,0.3652810660568763,2026-09-01
OI,7.02,0.0,1078691456.0,153659747.0,2.493,Consumer Cyclical,"O-I Glass, Inc.",0.57292,0.75,forecast_icc,0.2591544870091206,0.3551281945733702,2026-09-01
OIA,5.99,0.35,287111680.0,47931837.0,6.272,Financial Services,Invesco Municipal Income Opport,0.19,0.75,trailing_eps_fallback_icc,0.22705501893953717,1.0470785502839872,2026-09-01
OII,51.32,0.0,5107861504.0,99529645.0,11.697,Energy,"Oceaneering International, Inc.",2.05826,0.1270150515483952,forecast_icc,0.058981532472167614,0.2279228316298922,2026-09-01
OIS,8.82,0.0,532045504.0,60322619.0,9.634,Energy,"Oil States International, Inc.",0.49,0.4948979591836735,forecast_icc,0.16098393965088376,1.0922902403588397,2026-09-01
OKE,95.69,4.28,60287844352.0,630032852.0,36.387,Energy,"ONEOK, Inc.",5.82132,0.07000817683961724,forecast_icc,0.08019588563513669,0.38025916554376654,2026-09-01
OKTA,166.43,0.0,29095446528.0,167139757.0,39.887,Technology,"Okta, Inc.",3.92896,0.11435341668024113,forecast_icc,0.038551222724185874,0.22913219362498177,2026-09-01
OLB,0.2916,0.0,7004322.0,24020313.0,0.648,Technology,"The OLB Group, Inc.",1.77,0.04,trailing_eps_fallback_icc,0.4,2.222222625401859,2026-09-01
OLED,82.41,2.0,3788127232.0,45966835.0,36.425,Technology,Universal Display Corporation,4.19516,0.12764233068583808,forecast_icc,0.07989993164205511,0.44199728845723196,2026-09-01
OLLI,72.34,0.0,4373191168.0,60453292.0,31.165,Consumer Defensive,Ollie's Bargain Outlet Holdings,4.42365,0.1341380986289602,forecast_icc,0.07971973026816814,0.4308128258755324,2026-09-01
OLN,17.13,0.8,1952519936.0,113982490.0,15.015,Basic Materials,Olin Corporation,0.78781,0.04,forecast_icc,0.0588014990032405,0.8765324521377896,2026-09-01
OLOX,1.1,0.0,1825281.0,1659347.0,11.65,Industrials,Olenox Industries Inc.,414.86,0.04,trailing_eps_fallback_icc,0.4,10.590913152550211,2026-09-01
OLP,23.86,1.8,522544832.0,21900454.0,14.444,Real Estate,"One Liberty Properties, Inc.",1.21,0.01,forecast_icc,0.052144881377427565,0.6053646275005166,2026-09-01
OMAB,97.62,5.77,4712232448.0,42050428.0,11.153634,Industrials,Grupo Aeroportuario del Centro ,7.0595,0.19734683759473048,forecast_icc,0.14208336142897948,0.09953139804349312,2026-09-01
OMC,86.09,3.2,24536182784.0,285006196.0,35.218,Communication Services,Omnicom Group Inc.,10.59339,0.13698919798100517,forecast_icc,0.14034882252337455,0.409083527747166,2026-09-01
OMCL,34.51,0.0,1574169600.0,45614884.0,28.317,Healthcare,"Omnicell, Inc.",2.26875,0.01,forecast_icc,0.04711931070348896,0.8205447940476045,2026-09-01
OMDA,22.84,0.0,1398189568.0,61216703.0,4.17,Healthcare,"Omada Health, Inc.",0.436,0.27555045871559636,forecast_icc,0.056228613688567575,0.18257442148931838,2026-09-01
OMER,18.75,0.0,1357281024.0,72388316.0,-0.712,Healthcare,Omeros Corporation,0.66,0.7348484848484849,forecast_icc,0.17835109880761768,,2026-09-01
OMF,61.11,4.2,7030184448.0,115041469.0,29.396,Financial Services,"OneMain Holdings, Inc.",7.09182,0.21179048537610923,forecast_icc,0.1851791255029286,0.4810341816402937,2026-09-01
OMSE,4.73,0.0,200782368.0,42448704.0,4.468,Energy,OMS Energy Technologies Inc.,0.64,0.234375,forecast_icc,0.15999304364626343,0.9446088885255104,2026-09-01
ON,72.65,0.0,28283998208.0,389318613.0,18.543,Technology,ON Semiconductor Corporation,3.20248,0.41403849516624613,forecast_icc,0.12588346327484612,0.2552374309943599,2026-09-01
ONB,25.18,0.58,9633112064.0,382570000.0,21.837,Financial Services,Old National Bancorp,2.60633,0.10858179892799469,forecast_icc,0.11169074333622292,0.8672359497633682,2026-09-01
ONC,358.655,0.0,40571826176.0,104271757.0,45.779,Healthcare,BeOne Medicines Ltd.,7.59764,0.3535650544116329,forecast_icc,0.07321474804868255,0.11765447143039146,2026-09-01
ONCH,10.325,0.0,222632816.0,17250000.0,-0.378,Financial Services,1RT Acquisition Corp.,0.36,0.04,trailing_eps_fallback_icc,0.0366145127420745,,2026-09-01
ONCO,0.6528,0.0,2577977.0,3949107.0,3.55,Healthcare,"Onconetix, Inc.",749.08,0.04,trailing_eps_fallback_icc,0.4,5.438112849726743,2026-09-01
ONEW,11.95,0.0,199154144.0,16665619.0,17.212,Consumer Cyclical,OneWater Marine Inc.,0.466,0.75,forecast_icc,0.1899810322818819,1.4403347500918684,2026-09-01
ONIT,33.66,0.0,281213152.0,8354520.0,72.555,Financial Services,Onity Group Inc.,4.905,0.6799184505606524,forecast_icc,0.30411537742240446,2.1555257792494715,2026-09-01
ONL,2.79,0.08,159154752.0,57044714.0,11.092,Real Estate,Orion Properties Inc.,0.02,0.01,forecast_icc,0.010000000000000002,3.975627241642148,2026-09-01
ONON,27.73,0.0,9267773440.0,301715535.0,7.074289,Consumer Cyclical,On Holding AG,1.41226,0.18918612720037387,forecast_icc,0.08369139176444562,0.23030589862796808,2026-09-01
ONT,16.54,0.0,580842240.0,35117424.0,12.257,Industrials,"Onterris, Inc.",1.49302,0.08642215107634188,forecast_icc,0.08674951063553327,0.7410519351485181,2026-09-01
ONTO,256.37,0.0,15670214656.0,61123436.0,39.212,Technology,Onto Innovation Inc.,8.10318,0.43829829770534534,forecast_icc,0.11000609568427097,0.15295081943975128,2026-09-01
OOMA,21.88,0.0,601149120.0,27474823.0,3.487,Technology,"Ooma, Inc.",1.365,0.10517948717948711,forecast_icc,0.07329534366865043,0.15936928893948976,2026-09-01
OPAL,1.93,0.0,337280192.0,30357544.0,0.868,Industrials,OPAL Fuels Inc.,1.02,0.1470588235294117,forecast_icc,0.2594211260324669,0.07812598787894429,2026-09-01
OPBK,14.99,0.56,223839888.0,14932615.0,15.988,Financial Services,OP Bancorp,2.005,0.02743142144638422,forecast_icc,0.10038566087828371,1.0665777701782981,2026-09-01
OPCH,23.64,0.0,3540923136.0,149785243.0,8.412,Healthcare,"Option Care Health, Inc.",1.88225,0.10609642714835976,forecast_icc,0.08585314780558762,0.35583756430797603,2026-09-01
OPFI,6.86,0.0,584528576.0,85208247.0,4.856,Financial Services,OppFi Inc.,1.4125,0.3486725663716814,forecast_icc,0.23664759514302303,0.7078717182032175,2026-09-01
OPHC,8.95,0.0,112971104.0,12622470.0,5.646,Financial Services,"OptimumBank Holdings, Inc.",1.225,0.0897959183673469,forecast_icc,0.11265829276025718,0.6308380027869782,2026-09-01
OPLN,35.05,0.0,4278548736.0,122069865.0,12.781,Consumer Cyclical,"OPENLANE, Inc.",1.44299,0.19972418381277768,forecast_icc,0.07547409401631333,0.3646505020353238,2026-09-01
OPP,7.43,1.09,185676656.0,24990130.0,,Financial Services,RiverNorth/DoubleLine Strategic,1.0,0.04,trailing_eps_fallback_icc,0.15868970194387033,,2026-09-01
OPRA,18.77,0.8,1668979328.0,88917384.0,11.274,Communication Services,Opera Limited,1.45305,0.23068717525205606,forecast_icc,0.14577619234103623,0.6006393071490458,2026-09-01
OPRT,7.13,0.0,327889120.0,45987253.0,8.86,Financial Services,Oportun Financial Corporation,1.57833,0.2544905057877629,forecast_icc,0.21058962644823376,1.2426367229873319,2026-09-01
OPRX,7.86,0.0,148050592.0,18835951.0,6.96,Healthcare,OptimizeRx Corporation,0.89,0.18820224719101142,forecast_icc,0.13207070107695917,0.8854960806911194,2026-09-01
OPXS,10.22,0.0,71129904.0,6959873.0,3.996,Industrials,"Optex Systems Holdings, Inc.",0.78,0.0512820512820511,forecast_icc,0.06753136277821536,0.3909980323887405,2026-09-01
OPY,119.61,0.8,1280784512.0,10608340.0,91.842,Financial Services,"Oppenheimer Holdings, Inc.",2.56,0.246,forecast_icc,0.059423828910110665,0.7606987382745615,2026-09-01
OR,35.59,0.26,6666137088.0,187303653.0,7.922,Basic Materials,OR Royalties Inc.,1.33153,0.040231913663229424,forecast_icc,0.03981929445521726,0.22259061274588657,2026-09-01
ORA,107.29,0.48,6598006784.0,61496941.0,42.239,Utilities,"Ormat Technologies, Inc.",2.62415,0.01046815159194403,forecast_icc,0.024166483737421272,0.39369000001607146,2026-09-01
ORC,6.54,1.2,1300199808.0,198807315.0,7.221,Real Estate,"Orchid Island Capital, Inc.",1.12,0.01,forecast_icc,0.17528985668040942,1.104128467626262,2026-09-01
ORCL,141.32,2.0,407068180480.0,2880471000.0,13.04,Technology,Oracle Corporation,8.05748,0.35602322314172685,forecast_icc,0.1408524453200014,0.09227285167735054,2026-09-01
ORI,41.72,1.26,10072582144.0,241432922.0,25.321,Financial Services,Old Republic International Corp,2.94333,0.12117907268298156,forecast_icc,0.0973810384347148,0.6069270948168501,2026-09-01
ORIO,1.01,0.0,23826396.0,23590492.0,2.0134404,Technology,Orion Digital Corp.,0.0141976,0.04,forecast_icc,0.01906940711713003,1.9935054235091534,2026-09-01
ORIQ,10.4,0.0,89700000.0,8625000.0,0.12,Financial Services,Origin Investment Corp I,0.23,0.04,trailing_eps_fallback_icc,0.026789885473274357,0.011538461538461539,2026-09-01
ORLY,87.95,0.0,71148093440.0,808960792.0,-2.249,Consumer Cyclical,"O'Reilly Automotive, Inc.",3.27953,0.1127753062176593,forecast_icc,0.05319570074261504,,2026-09-01
ORMP,4.85,0.25,198491488.0,40926081.0,7.684,Healthcare,Oramed Pharmaceuticals Inc.,2.31,,forecast_icc,0.010000000000000002,1.584329935619204,2026-09-01
ORN,9.05,0.0,366482368.0,40495290.0,4.061,Industrials,"Orion Group Holdings, Inc.",0.2537,0.75,forecast_icc,0.1636181305491825,0.4487292897267025,2026-09-01
ORRF,41.28,1.2,811962112.0,19669626.0,31.604,Financial Services,"Orrstown Financial Services, In",4.3,0.01918604651162803,forecast_icc,0.07962695466040343,0.7656008216600135,2026-09-01
OSBC,25.08,0.28,1275963008.0,50875716.0,17.723,Financial Services,"Old Second Bancorp, Inc.",2.20333,0.08321041332891599,forecast_icc,0.0886050087042711,0.7066586640950644,2026-09-01
OSCR,29.83,0.0,9206880256.0,273469000.0,6.657,Healthcare,"Oscar Health, Inc.",1.75056,0.07502741979709349,forecast_icc,0.0626924825018643,0.19773072771459319,2026-09-01
OSG,4.54,0.0,204533760.0,45051486.0,15.522,Financial Services,"Octave Specialty Group, Inc.",0.17,0.75,forecast_icc,0.18659769130783455,3.4189425046114637,2026-09-01
OSIS,208.52,0.0,3324219136.0,15941968.0,52.328,Technology,"OSI Systems, Inc.",11.39667,0.1415062470002202,forecast_icc,0.07599136474997822,0.25094955157131976,2026-09-01
OSK,147.68,2.28,9208040448.0,62351309.0,73.207,Industrials,Oshkosh Corporation (Holding Co,10.76115,0.3007652527843214,forecast_icc,0.14354656226771018,0.49571375188240263,2026-09-01
OSPN,15.88,0.52,588716800.0,37072850.0,7.435,Technology,OneSpan Inc.,1.244,0.048231511254019255,forecast_icc,0.07928346538989517,0.4681990385699881,2026-09-01
OSS,9.97,0.0,248653104.0,24940130.0,1.83,Technology,"One Stop Systems, Inc.",0.045,0.75,forecast_icc,0.05987518274088133,0.18355064612424865,2026-09-01
OSTX,1.66,0.0,77141512.0,46470790.0,-0.263,Healthcare,OS Therapies Incorporated,0.32333,0.04,forecast_icc,0.11600176038169951,,2026-09-01
OSW,22.24,0.2,2257331456.0,101498712.0,5.736,Consumer Cyclical,OneSpaWorld Holdings Limited,1.13667,0.14809047480799165,forecast_icc,0.07827423262661959,0.25791365751118117,2026-09-01
OTEX,23.84,1.12,5772301312.0,242126739.0,16.91,Technology,Open Text Corporation,3.90448,0.09137964594517056,forecast_icc,0.14711449360298523,0.7093120984481969,2026-09-01
OTF,11.62,1.4,5324113920.0,458185389.0,16.477,Financial Services,Blue Owl Technology Finance Cor,1.27087,0.07663254306105283,forecast_icc,0.15040118070086506,1.4179863105846167,2026-09-01
OTIS,70.6,1.76,26875254784.0,380669339.0,-15.099,Industrials,Otis Worldwide Corporation,4.05661,0.12563445832850584,forecast_icc,0.08551997738817796,,2026-09-01
OTTR,89.59,2.26,3761487872.0,41985580.0,44.703,Industrials,Otter Tail Corporation,6.075,0.01,forecast_icc,0.05485420156765419,0.49897313153958245,2026-09-01
OUT,29.81,1.23,5250591744.0,176135251.0,3.936,Real Estate,OUTFRONT Media Inc.,1.39525,0.08746102848951787,forecast_icc,0.07259291831517889,0.13203623167392844,2026-09-01
OVBC,45.145,1.0,212678192.0,4711001.0,36.804,Financial Services,Ohio Valley Banc Corp.,3.01,0.01,trailing_eps_fallback_icc,0.0533305613285725,0.8152395841506872,2026-09-01
OVLY,33.83,0.75,284601920.0,8412708.0,26.229,Financial Services,Oak Valley Bancorp (CA),2.82,0.01,trailing_eps_fallback_icc,0.06229361355576779,0.7753177425226084,2026-09-01
OVV,66.58,1.2,18416027648.0,276600000.0,41.573,Energy,Ovintiv Inc. (DE),7.2728,0.01,forecast_icc,0.07329572771102877,0.6244067406821477,2026-09-01
OWL,11.68,0.79,18304389120.0,683908596.0,2.919,Financial Services,Blue Owl Capital Inc.,0.8867,0.11353332581481901,forecast_icc,0.11962948791750339,0.10906286894560947,2026-09-01
OWLT,4.88,0.0,142601776.0,29221677.0,0.803,Healthcare,"Owlet, Inc.",0.25,0.01,forecast_icc,0.039126911938745956,0.1645491892821868,2026-09-01
OXBR,1.3,0.0,10580150.0,8138577.0,0.813,Financial Services,Oxbridge Re Holdings Limited,0.02,0.04,trailing_eps_fallback_icc,0.020450632511923195,0.6253846212955393,2026-09-01
OXM,37.74,2.8,563493376.0,14930932.0,35.127,Consumer Cyclical,"Oxford Industries, Inc.",2.47273,0.2241085763508348,forecast_icc,0.15077477854830856,0.9307631122251205,2026-09-01
OXY,60.95,1.12,60927897600.0,999637371.0,33.469,Energy,Occidental Petroleum Corporatio,5.83379,0.01,forecast_icc,0.06721139464576165,0.5491222328012677,2026-09-01
OYSE,10.3961,0.0,352575968.0,26008000.0,-0.243,Financial Services,Oyster Enterprises II Acquisiti,0.31,0.456,trailing_eps_fallback_icc,0.10999828618400176,,2026-09-01
OZK,48.38,1.86,5275239936.0,109037618.0,54.467,Financial Services,Bank OZK,5.79638,0.04678437231513466,forecast_icc,0.10353947046610612,1.1258164579541885,2026-09-01
P,93.78,0.0,31172933632.0,332404932.0,4.376,Technology,"Everpure, Inc.",2.78033,0.2745105796793905,forecast_icc,0.07481871225868014,0.04666240269856422,2026-09-01
PAA,25.86,1.63,18245949440.0,705566460.0,12.815,Energy,"Plains All American Pipeline, L",1.71654,0.09688093490393479,forecast_icc,0.1035066354541205,0.49555295626753637,2026-09-01
PAAI,0.93,0.0,44277908.0,47610653.0,,Communication Services,"Paradium.AI, Inc.",0.19,0.04,trailing_eps_fallback_icc,0.11929900503925961,,2026-09-01
PAAS,50.0,0.74,20730898432.0,414618000.0,17.45,Basic Materials,Pan American Silver Corp.,3.68977,0.276131032557585,forecast_icc,0.136994743823044,0.3490000263969264,2026-09-01
PAC,202.5,8.82,12049118208.0,51922658.0,0.3598866,Industrials,Grupo Aeroportuario Del Pacific,11.38,0.11291739894551833,forecast_icc,0.09002578472523493,0.0015508411925261112,2026-09-01
PACH,10.31,0.0,326053760.0,22114799.0,-0.373,Financial Services,Pioneer Acquisition I Corp,0.36,0.75,trailing_eps_fallback_icc,0.1808665510993962,,2026-09-01
PACS,42.14,0.0,6669598208.0,158272376.0,7.013,Healthcare,"PACS Group, Inc.",2.51881,0.07744530155112916,forecast_icc,0.0641181438974977,0.16642144523138266,2026-09-01
PAG,216.92,5.76,14243590144.0,65662873.0,88.563,Consumer Cyclical,"Penske Automotive Group, Inc.",13.58782,0.04358167829718074,forecast_icc,0.06519459062214794,0.40827494772788375,2026-09-01
PAGP,28.47,1.63,6633522176.0,197904124.0,7.984,Energy,"Plains GP Holdings, L.P.",1.88232,0.14255280717412555,forecast_icc,0.116354836164963,0.23819420273179473,2026-09-01
PAGS,9.14,1.12,2519404800.0,155186514.0,10.487636,Technology,PagSeguro Digital Ltd.,8.6315,0.11194346289752644,forecast_icc,0.38013440529452824,0.6460016552087636,2026-09-01
PAHC,38.37,0.48,1557883520.0,21105569.0,9.503,Healthcare,Phibro Animal Health Corporatio,3.50127,0.0997266706080937,forecast_icc,0.096571211161666,0.12874275876992397,2026-09-01
PAL,4.95,0.0,138861968.0,28052923.0,10.808,Industrials,"Proficient Auto Logistics, Inc.",0.0575,0.75,forecast_icc,0.10520216940552951,2.1834343567995522,2026-09-01
PALI,1.96,0.0,341570304.0,174270558.0,0.701,Healthcare,"Palisade Bio, Inc.",0.65,0.04,trailing_eps_fallback_icc,0.1568969410189417,0.357653050418575,2026-09-01
PAM,84.08,0.0,4518795776.0,53744004.0,76.1,Industrials,Pampa Energia S.A.,10.53016,0.119085559953505,forecast_icc,0.11692448466989702,0.9050904061923244,2026-09-01
PANL,8.07,0.4,528373312.0,65473772.0,6.852,Industrials,Pangaea Logistics Solutions Ltd,0.88,0.25,forecast_icc,0.18103499598802453,0.8490706770291987,2026-09-01
PANW,362.09,0.0,295103332352.0,815000000.0,34.032,Technology,"Palo Alto Networks, Inc.",4.10672,0.01,forecast_icc,0.012740591203111828,0.0939876882410678,2026-09-01
PAPL,0.9872,0.0,24947726.0,25271197.0,2.022,Financial Services,Pineapple Financial Inc.,0.04,0.04,forecast_icc,0.04039560195603109,2.0482171534992806,2026-09-01
PAR,18.58,0.0,768519104.0,41362708.0,19.674,Technology,PAR Technology Corporation,0.76715,0.75,forecast_icc,0.19481438770744725,1.0588805313446055,2026-09-01
PARA,1.07,0.0,3799528.0,3517105.0,4.545,Technology,"Banzai International, Inc.",16.1,0.04,trailing_eps_fallback_icc,0.4,4.207165265001337,2026-09-01
PARK,21.07,0.0,100193792.0,4755282.0,6.338,Healthcare,"Park Dental Partners, Inc.",1.66,0.01,forecast_icc,0.053867316034296286,0.3008068335810666,2026-09-01
PARR,80.03,0.0,4009473280.0,50099627.0,40.233,Energy,"Par Pacific Holdings, Inc. Comm",19.28338,0.01,forecast_icc,0.11354478021858416,0.5027239620589266,2026-09-01
PATH,18.14,0.0,9398701056.0,453429560.0,3.656,Technology,"UiPath, Inc.",0.78277,0.15813074083063983,forecast_icc,0.06874479478756712,0.17637952962677997,2026-09-01
PATK,81.3,1.88,2611214848.0,32118264.0,35.209,Consumer Cyclical,"Patrick Industries, Inc.",4.29111,0.24961140590663033,forecast_icc,0.11434484737793099,0.43307503327125696,2026-09-01
PAX,11.25,0.65,1815680640.0,68448417.0,3.489,Financial Services,Patria Investments Limited,1.375,0.1027490909090909,forecast_icc,0.1378231667429462,0.13153002882324064,2026-09-01
PAXS,14.06,1.79,661144064.0,47023048.0,,Financial Services,PIMCO Access Income Fund,1.82,0.04,trailing_eps_fallback_icc,0.1517612836841547,,2026-09-01
PAY,35.13,0.0,4424260096.0,63114220.0,4.871,Technology,"Paymentus Holdings, Inc.",0.92625,0.15623211875843435,forecast_icc,0.04874637244461291,0.0694871817997203,2026-09-01
PAYC,237.95,1.5,10724792320.0,45071619.0,13.138,Technology,"Paycom Software, Inc.",12.09355,0.15351571705578593,forecast_icc,0.07810777657395945,0.05521327712031631,2026-09-01
PAYO,7.1,0.0,2405840896.0,338850836.0,1.929,Technology,Payoneer Global Inc.,0.30035,0.5325453637423005,forecast_icc,0.14913469614836833,0.27169014531707425,2026-09-01
PAYP,14.99,0.0,10150375424.0,677143135.0,3.8330042,Technology,PayPay Corporation - American D,122.8312,0.30458938771256827,forecast_icc,0.4,0.2557040869955675,2026-09-01
PAYS,12.395,0.0,699848448.0,56462156.0,1.066,Technology,"Paysign, Inc.",0.49,0.23469387755102034,forecast_icc,0.08086356855726728,0.08600241733478846,2026-09-01
PAYX,125.64,4.76,44687990784.0,355682860.0,10.504,Technology,"Paychex, Inc.",5.97676,0.06843507184494602,forecast_icc,0.06599883937696457,0.08360395479623271,2026-09-01
PB,70.7,2.4,8496497152.0,120176771.0,82.52,Financial Services,"Prosperity Bancshares, Inc.",6.40364,0.1432357221830085,forecast_icc,0.12096037030751494,1.1671853665702259,2026-09-01
PBA,49.03,2.09,28513640448.0,581555000.0,18.991705,Energy,Pembina Pipeline Corp.,3.1064,0.013620267834148825,forecast_icc,0.059479576732897416,0.387348680411999,2026-09-01
PBAM,88.5,0.0,506724096.0,5725696.0,49.866,Financial Services,"Private Bancorp of America, Inc",8.4875,0.022385861561119214,forecast_icc,0.06778012924109789,0.5634576271186441,2026-09-01
PBF,74.99,1.1,8889077760.0,118536838.0,54.06,Energy,PBF Energy Inc.,17.97351,0.01,forecast_icc,0.11830608962794675,0.720896096906233,2026-09-01
PBFS,18.02,0.0,435719104.0,24179750.0,13.565,Financial Services,"Pioneer Bancorp, Inc.",0.7,0.01,trailing_eps_fallback_icc,0.03260652685570141,0.7527746792346292,2026-09-01
PBH,52.64,0.0,2493794816.0,47374522.0,40.461,Healthcare,Prestige Consumer Healthcare In,4.5675,0.1124794745484401,forecast_icc,0.09241249316166888,0.7686360250425671,2026-09-01
PBHC,15.57,0.4,97758472.0,4898360.0,20.027,Financial Services,"Pathfinder Bancorp, Inc.",0.01,0.75,trailing_eps_fallback_icc,0.015224810655085904,1.0034880221941276,2026-09-01
PBI,17.11,0.4,2345613568.0,137090212.0,-6.299,Industrials,Pitney Bowes Inc.,1.675,0.08756417910447745,forecast_icc,0.1012258436228003,,2026-09-01
PBR,20.33,1.68,131013967872.0,3721115691.0,14.363078,Energy,Petroleo Brasileiro S.A. Petrob,4.41333,0.01,forecast_icc,0.13974416917323407,0.4079463875872688,2026-09-01
PBR-A,18.2,1.68,124606562304.0,2723250690.0,14.363078,Energy,Petroleo Brasileiro S.A. Petrob,4.59847,0.01,forecast_icc,0.15529340704763495,0.3139021039565924,2026-09-01
PBT,34.05,0.38,1587029504.0,46608796.0,0.003,Energy,Permian Basin Royalty Trust,0.35,0.615,trailing_eps_fallback_icc,0.093842740613863,8.810572686114347e-05,2026-09-01
PBYI,9.35,0.0,482647616.0,51620066.0,2.711,Healthcare,Puma Biotechnology Inc,0.35,0.358,forecast_icc,0.10367502493237354,0.28994652472498694,2026-09-01
PCAP,10.36,0.0,392954784.0,25430000.0,-0.332,Financial Services,ProCap Acquisition Corp,0.31,0.121,trailing_eps_fallback_icc,0.04690418660956247,,2026-09-01
PCAR,122.45,1.4,64453386240.0,526364953.0,38.607,Industrials,PACCAR Inc.,5.96453,0.2053321887893933,forecast_icc,0.0911664177049537,0.3152878836311549,2026-09-01
PCB,27.21,0.88,382153600.0,14044602.0,23.638,Financial Services,PCB Bancorp,2.94667,0.019228485035650333,forecast_icc,0.08278213485425512,0.8687247799732883,2026-09-01
PCF,5.44,0.7,101817488.0,18716450.0,6.664,Financial Services,High Income Securities Fund,0.21,0.04,trailing_eps_fallback_icc,0.04986841414380805,1.2249999999999999,2026-09-01
PCG,14.06,0.2,30965280768.0,2202366906.0,14.676,Utilities,Pacific Gas & Electric Co.,1.64702,0.09622833966800637,forecast_icc,0.11100186789252964,1.0438121635201831,2026-09-01
PCM,5.32,0.77,65695388.0,12348757.0,5.957,Financial Services,"PCM Fund, Inc.",0.56,0.01,trailing_eps_fallback_icc,0.10802940734122707,1.119736829151538,2026-09-01
PCN,11.71,1.35,874983680.0,74721061.0,11.94,Financial Services,Pimco Corporate & Income Strate,1.27,0.01,trailing_eps_fallback_icc,0.1112903887507356,1.019641267297694,2026-09-01
PCOR,60.36,0.0,9172024320.0,151955338.0,8.417,Technology,"Procore Technologies, Inc.",1.70152,0.3919201654990834,forecast_icc,0.09442745592601265,0.13944665161398087,2026-09-01
PCQ,8.6,0.43,163236608.0,18981000.0,9.927,Financial Services,PIMCO California Municipal Inco,0.03,0.75,trailing_eps_fallback_icc,0.05624453870181691,1.1543022690106377,2026-09-01
PCRX,26.47,0.0,1041539520.0,39347924.0,16.874,Healthcare,"Pacira BioSciences, Inc.",2.88337,0.19653044874573844,forecast_icc,0.1318691828317059,0.6374764056730176,2026-09-01
PCSA,2.05,0.0,5726441.0,2793386.0,0.949,Healthcare,"Processa Pharmaceuticals, Inc.",0.65,0.04,trailing_eps_fallback_icc,0.15307621857452236,0.4629268535203628,2026-09-01
PCTY,156.02,0.0,8277947904.0,53056963.0,22.061,Technology,Paylocity Holding Corporation,8.72032,0.11073676195368987,forecast_icc,0.06956827075164662,0.14139852948064652,2026-09-01
PCYO,11.11,0.0,267721776.0,24097370.0,6.29,Utilities,Pure Cycle Corporation,0.09,0.333,forecast_icc,0.03622470764982598,0.5661566256007505,2026-09-01
PD,14.04,0.0,1104244224.0,78649873.0,2.825,Technology,"PagerDuty, Inc.",1.35125,0.08870305272895451,forecast_icc,0.09098598206231945,0.20121082492073786,2026-09-01
PDCC,8.85,1.56,60486556.0,6834639.0,,Financial Services,Pearl Diver Credit Company Inc.,1.56,0.019230769230769162,forecast_icc,0.18817725387612338,,2026-09-01
PDD,83.17,0.0,118383886336.0,1423396462.0,47.36529,Consumer Cyclical,PDD Holdings Inc.,69.15121,0.20403229386730892,forecast_icc,0.35022261021058865,0.5694996869443202,2026-09-01
PDEX,61.4,0.0,196035408.0,3192759.0,14.139,Healthcare,"Pro-Dex, Inc.",2.06,0.224,forecast_icc,0.07087154182076791,0.23027686662095245,2026-09-01
PDFS,41.79,0.0,1764675456.0,42227216.0,8.892,Technology,"PDF Solutions, Inc.",1.29,0.26227131782945734,forecast_icc,0.07439997748429217,0.21277816461680304,2026-09-01
PDI,15.15,2.65,6992700928.0,461564414.0,,Financial Services,PIMCO Dynamic Income Fund,2.06,0.04,trailing_eps_fallback_icc,0.1601838172708604,,2026-09-01
PDLB,19.92,0.0,481822976.0,24187901.0,13.89,Financial Services,"Ponce Financial Group, Inc.",10.53,0.01,forecast_icc,0.17909508868984575,0.697289173877005,2026-09-01
PDO,12.38,1.53,1763971328.0,142485564.0,,Financial Services,Pimco Dynamic Income Opportunities Fund,1.8,0.04,trailing_eps_fallback_icc,0.15627364126552667,,2026-09-01
PDS,92.32,0.0,1194735360.0,12941241.0,89.75336,Energy,Precision Drilling Corporation,6.76665,0.75,forecast_icc,0.24813424320876715,0.972198447629239,2026-09-01
PEBK,43.2,0.84,229881328.0,5321327.0,30.319,Financial Services,Peoples Bancorp of North Caroli,3.64,0.011,trailing_eps_fallback_icc,0.0624712411355014,0.7018286988188966,2026-09-01
PEBO,39.09,1.68,1404985088.0,35942315.0,35.153,Financial Services,Peoples Bancorp Inc.,3.63857,0.06674600186336943,forecast_icc,0.09956854227501866,0.8992837076965474,2026-09-01
PECO,38.92,1.3,5494395904.0,128425000.0,18.488,Real Estate,"Phillips Edison & Company, Inc.",0.84174,0.01,forecast_icc,0.02439429307562769,0.43213511393881526,2026-09-01
PED,13.77,0.0,183031024.0,13292013.0,15.052,Energy,Pedevco Corp.,0.82,0.4512195121951219,forecast_icc,0.15582247750299694,1.0931009142799748,2026-09-01
PEG,73.48,2.68,36616658944.0,498321402.0,34.797,Utilities,Public Service Enterprise Group,4.36942,0.06934558820163783,forecast_icc,0.07528360521448263,0.47355740052398587,2026-09-01
PEGA,36.68,0.12,6030373376.0,164404945.0,3.41,Technology,Pegasystems Inc.,2.45118,0.07852136522001651,forecast_icc,0.07053758552459849,0.09296619421298002,2026-09-01
PEN,322.58,0.0,12706239488.0,39389422.0,38.862,Healthcare,"Penumbra, Inc.",4.78747,0.28083100259636096,forecast_icc,0.04788938900979979,0.12047244341724155,2026-09-01
PENG,47.59,0.0,2438640128.0,51242699.0,8.569,Technology,"Penguin Solutions, Inc.",2.61471,0.2789716641616087,forecast_icc,0.10898933421016654,0.18005882979179783,2026-09-01
PENN,16.4,0.0,2201936640.0,134066591.0,14.628,Consumer Cyclical,"PENN Entertainment, Inc.",0.95524,0.25093170302751133,forecast_icc,0.10580119543679578,0.8906369318365128,2026-09-01
PEO,29.09,2.16,815342464.0,28028274.0,27.435,Financial Services,"Adams Natural Resources Fund, I",0.06,0.75,forecast_icc,0.03771678970337912,0.9431076279500634,2026-09-01
PEP,139.79,5.92,190953127936.0,1366000000.0,16.177,Consumer Defensive,"Pepsico, Inc.",8.55981,0.048906459372345834,forecast_icc,0.07207888954023123,0.11572359268922952,2026-09-01
PERF,1.9,0.0,193512480.0,85059953.0,1.594,Technology,Perfect Corp.,0.08,0.16874999999999996,forecast_icc,0.06992096968309428,0.7006554051811026,2026-09-01
PERI,9.42,0.0,389073216.0,39330319.0,16.836,Communication Services,Perion Network Ltd,1.25,0.13200000000000012,forecast_icc,0.12517008990384382,1.7019039693649842,2026-09-01
PESI,17.84,0.0,378535392.0,21218351.0,2.75,Industrials,Perma-Fix Environmental Service,0.09,0.04,forecast_icc,0.010000000000000002,0.1541479779254036,2026-09-01
PETS,1.83,0.0,39672412.0,21678914.0,1.091,Healthcare,"PetMed Express, Inc.",0.07,0.2857142857142856,forecast_icc,0.08981701693392041,0.596174872704992,2026-09-01
PETZ,1.48,0.0,15278437.0,10323268.0,2.968,Real Estate,"TDH Holdings, Inc.",0.17,0.01,trailing_eps_fallback_icc,0.07032357144664336,2.0054053581528004,2026-09-01
PFBC,101.74,3.2,1205936000.0,11853116.0,66.947,Financial Services,Preferred Bank,10.738,0.022350530825107073,forecast_icc,0.08270806105187989,0.6580204561867297,2026-09-01
PFE,28.55,1.72,162725675008.0,5699673589.0,14.948,Healthcare,"Pfizer, Inc.",2.97515,0.01,forecast_icc,0.08621318206328532,0.5235726986794397,2026-09-01
PFG,109.36,3.36,23414482944.0,214104641.0,56.574,Financial Services,Principal Financial Group Inc,9.52164,0.08832512046244156,forecast_icc,0.09820590625876557,0.5173189597610958,2026-09-01
PFGC,99.2,0.0,15581587456.0,157072459.0,31.386,Consumer Defensive,Performance Food Group Company,5.70954,0.17074755584512946,forecast_icc,0.08567484190838265,0.3163911387138961,2026-09-01
PFIS,68.69,2.49,687612160.0,10010367.0,53.563,Financial Services,Peoples Financial Services Corp,6.37,0.15934065934065922,forecast_icc,0.129227243653253,0.7797786583951628,2026-09-01
PFLT,7.39,1.17,733220224.0,99217896.0,10.257,Financial Services,PennantPark Floating Rate Capit,1.05429,0.01,forecast_icc,0.14619373054697105,1.3879567501836938,2026-09-01
PFS,23.0,0.96,2999720192.0,130422618.0,22.289,Financial Services,"Provident Financial Services, I",2.46333,0.05548180714723561,forecast_icc,0.1022701667745326,0.9690869636290398,2026-09-01
PFSI,70.78,1.2,3675242752.0,51924875.0,83.492,Financial Services,"PennyMac Financial Services, In",7.14819,0.5584014974420097,forecast_icc,0.24674559445991207,1.179598724775609,2026-09-01
PFX,45.2,0.0,87293544.0,1931273.0,81.69,Financial Services,PhenixFIN Corporation,3.12,0.01,forecast_icc,0.04886772798251553,1.8073007938593948,2026-09-01
PG,146.21,4.35,339855376384.0,2324433060.0,22.947,Consumer Defensive,Procter & Gamble Company (The),6.98849,0.058667895353645694,forecast_icc,0.060067917900986756,0.15694548073752682,2026-09-01
PGAC,10.69,0.0,117862592.0,8869250.0,-0.164,Financial Services,Pantages Capital Acquisition Co,0.18,0.01,trailing_eps_fallback_icc,0.017603537644725296,,2026-09-01
PGC,44.59,0.2,790489408.0,17727952.0,39.127,Financial Services,Peapack-Gladstone Financial Cor,3.5725,0.3456962911126664,forecast_icc,0.15481569820650998,0.877483709312396,2026-09-01
PGEN,6.86,0.0,2445665280.0,356510980.0,0.122,Healthcare,"Precigen, Inc.",0.2203,0.75,forecast_icc,0.17415713083998308,0.01778425687099749,2026-09-01
PGNY,25.66,0.0,1968809728.0,76726798.0,5.904,Healthcare,"Progyny, Inc.",2.08468,0.11277030527467047,forecast_icc,0.08885374841233801,0.23008572588280102,2026-09-01
PGP,8.75,0.83,101392208.0,11587681.0,8.92,Financial Services,Pimco Global Stocksplus & Incom,2.1,0.75,trailing_eps_fallback_icc,0.4,1.019428578969303,2026-09-01
PGR,220.54,0.4,128155795456.0,581100000.0,59.093,Financial Services,Progressive Corporation (The),17.93275,0.01,forecast_icc,0.055582356969705135,0.26794685466869633,2026-09-01
PGY,20.94,0.0,1746937088.0,72137266.0,7.13,Technology,Pagaya Technologies Ltd.,3.72082,0.09412978859498722,forecast_icc,0.13232228309196203,0.29442314214580345,2026-09-01
PGZ,9.81,1.26,65669220.0,6694109.0,,Financial Services,Principal Real Estate Income Fu,0.98,0.04,trailing_eps_fallback_icc,0.12073587832379118,,2026-09-01
PH,952.09,8.0,120008540160.0,126047469.0,122.157,Industrials,Parker-Hannifin Corporation,35.33279,0.10927441620092826,forecast_icc,0.05522145745593632,0.12830404111327703,2026-09-01
PHAR,11.11,0.0,786344960.0,70778124.0,3.82,Healthcare,Pharming Group N.V.,0.46,0.01,forecast_icc,0.034038867253316396,0.34383438240641867,2026-09-01
PHAT,9.39,0.0,759659840.0,80900934.0,-4.3,Healthcare,"Phathom Pharmaceuticals, Inc.",1.10975,0.04,forecast_icc,0.08540311057143934,,2026-09-01
PHG,26.59,1.01,25989795840.0,977427472.0,13.664278,Healthcare,Koninklijke Philips N.V. NY Reg,1.76278,0.0799135456494855,forecast_icc,0.0845449847701435,0.513887865240161,2026-09-01
PHI,18.13,1.52,3917091072.0,216055775.0,9.991049,Communication Services,PLDT Inc. Sponsored,2.58185,0.03994035284776398,forecast_icc,0.1321953236650869,0.5510782861772521,2026-09-01
PHIN,66.82,1.2,2448156928.0,36638088.0,42.06,Consumer Cyclical,PHINIA Inc.,5.96515,0.15713938459217291,forecast_icc,0.11600224348720622,0.6294522886402157,2026-09-01
PHM,123.13,1.04,23454584832.0,190486353.0,69.343,Consumer Cyclical,"PulteGroup, Inc.",10.17706,0.10454591011549508,forecast_icc,0.09085222864293618,0.5631690038724366,2026-09-01
PHR,11.84,0.0,731407552.0,61774290.0,5.813,Healthcare,"Phreesia, Inc.",1.32927,0.20848285148991552,forecast_icc,0.13765835609786714,0.4909628657621517,2026-09-01
PI,168.19,0.0,5138946560.0,30554413.0,7.581,Technology,"Impinj, Inc.",2.09579,0.33758153250087086,forecast_icc,0.049462835392431015,0.045074024850921976,2026-09-01
PICS,10.74,0.0,2320260608.0,43135919.0,9.005021,Technology,PicS N.V.,8.43713,0.75,forecast_icc,0.4,0.16741216702554948,2026-09-01
PII,61.38,2.72,3492738304.0,56903524.0,14.701,Consumer Cyclical,Polaris Inc.,3.13694,0.08277812135393092,forecast_icc,0.0763822297337523,0.2395079829960258,2026-09-01
PIM,3.17,0.26,152744368.0,48184341.0,3.389,Financial Services,Putnam Master Intermediate Inco,0.22,0.01,trailing_eps_fallback_icc,0.0713193897645733,1.069085124297349,2026-09-01
PINE,19.54,1.21,346806944.0,16524709.0,19.168,Real Estate,"Alpine Income Property Trust, I",0.82305,0.01,forecast_icc,0.043320726608506166,0.913319723240605,2026-09-01
PINS,21.25,0.0,11903342592.0,481750308.0,5.117,Communication Services,"Pinterest, Inc.",2.03141,0.18357200171309573,forecast_icc,0.11909932070605783,0.20709446165926162,2026-09-01
PIPR,74.49,0.8,5264229376.0,70670291.0,20.322,Financial Services,Piper Sandler Companies,4.632,0.19430051813471505,forecast_icc,0.10133687361501276,0.2728151740973834,2026-09-01
PJT,179.85,1.0,7661107200.0,25564818.0,12.196,Financial Services,PJT Partners Inc.,7.99383,0.13443993680125788,forecast_icc,0.06710312871498003,0.040697579630265455,2026-09-01
PK,15.22,1.0,3064369408.0,201338330.0,15.346,Real Estate,Park Hotels & Resorts Inc.,0.535,0.05607476635513997,forecast_icc,0.050083337151832594,1.0082785724572798,2026-09-01
PKBK,33.44,0.8,393303552.0,11761470.0,29.397,Financial Services,"Parke Bancorp, Inc.",3.84,0.488,trailing_eps_fallback_icc,0.24408015781735848,0.8790969006809274,2026-09-01
PKE,31.69,0.5,689295936.0,21751211.0,6.274,Industrials,Park Aerospace Corp.,0.67,0.17164179104477606,forecast_icc,0.05024204684276412,0.19798041840478806,2026-09-01
PKG,229.12,6.0,20414201856.0,89098299.0,52.642,Consumer Cyclical,Packaging Corporation of Americ,10.49928,0.2321216311975678,forecast_icc,0.10382564589242171,0.22975733702659829,2026-09-01
PKOH,44.19,0.5,640313536.0,14490010.0,27.926,Industrials,Park-Ohio Holdings Corp.,3.26333,0.12768245932835498,forecast_icc,0.09279621338706448,0.631952936350232,2026-09-01
PKX,61.11,1.62,18484742144.0,302483116.0,34.661346,Basic Materials,POSCO Holdings Inc.,4.85851,0.18688857283405835,forecast_icc,0.12284327548436746,0.567196007450789,2026-09-01
PL,19.26,0.0,6864312832.0,332908730.0,1.245,Industrials,Planet Labs PBC,0.00333,0.04,forecast_icc,0.010000000000000002,0.060380606040829114,2026-09-01
PLAB,27.33,0.0,1611477760.0,58963698.0,21.345,Technology,"Photronics, Inc.",2.01,0.03316915422885591,forecast_icc,0.060075883182297285,0.7810099307917224,2026-09-01
PLBC,60.82,1.32,423247360.0,6959016.0,39.079,Financial Services,Plumas Bancorp,5.76667,0.017341030438710714,forecast_icc,0.07166007222814474,0.64253533976916,2026-09-01
PLBY,1.19,0.0,142571152.0,119807688.0,0.186,Consumer Cyclical,"Playboy, Inc.",0.04,0.04,forecast_icc,0.03574527855450038,0.1563025174124987,2026-09-01
PLD,139.68,4.28,135781720064.0,950333372.0,57.515,Real Estate,"Prologis, Inc.",3.33,0.022522522522522515,forecast_icc,0.029357136212577233,0.402546262227471,2026-09-01
PLGO,24.74,0.6,2115189760.0,85496757.0,26.841,Financial Services,Pelagos Insurance Capital Limit,2.98275,0.3078534909060431,forecast_icc,0.1902206080750518,1.0849232054891378,2026-09-01
PLMK,10.675,0.0,114249096.0,10702490.0,-0.343,Financial Services,Plum Acquisition Corp. IV,0.21,0.01,trailing_eps_fallback_icc,0.019886488806548086,,2026-09-01
PLMR,131.86,1.8,3470249728.0,26317683.0,37.459,Financial Services,"Palomar Holdings, Inc.",10.10191,0.12510604430251293,forecast_icc,0.09512608902859443,0.28408159780050274,2026-09-01
PLNT,50.47,0.0,3828110336.0,75216965.0,-6.094,Consumer Cyclical,"Planet Fitness, Inc.",3.26302,0.12300874649864246,forecast_icc,0.07967062192833263,,2026-09-01
PLOW,40.7,1.18,939235776.0,23077046.0,12.989,Consumer Cyclical,"Douglas Dynamics, Inc.",3.12,0.034455128205128194,forecast_icc,0.07164218963845156,0.3191400478488588,2026-09-01
PLPC,388.6,0.83,1899749248.0,4888701.0,101.326,Industrials,Preformed Line Products Company,13.27,0.07460437076111526,forecast_icc,0.04306408051285024,0.2607462632489485,2026-09-01
PLTK,2.2,0.4,839120000.0,381418186.0,-1.049,Communication Services,Playtika Holding Corp.,0.925,0.01,forecast_icc,0.24702308810679774,,2026-09-01
PLTR,179.92,0.0,432358260736.0,2300713329.0,4.068,Technology,Palantir Technologies Inc.,1.60272,0.4439452930018968,forecast_icc,0.05097282896873269,0.021647098418889316,2026-09-01
PLTS,17.5,0.0,316034432.0,11205435.0,0.299,Technology,Platinum Analytics Cayman Limit,0.01,0.04,trailing_eps_fallback_icc,0.010000000000000002,0.01060145580909361,2026-09-01
PLUN,10.05,0.0,141416944.0,11196337.0,0.034,Financial Services,Plutonian Acquisition Corp II,0.01,0.04,trailing_eps_fallback_icc,0.010000000000000002,0.0026918659619741183,2026-09-01
PLUS,86.58,1.08,2264204288.0,26151583.0,41.374,Technology,ePlus inc.,5.475,0.08767123287671241,forecast_icc,0.07394088325856607,0.47787012893511494,2026-09-01
PLX,2.59,0.0,208680544.0,80571642.0,0.834,Healthcare,"Protalix BioTherapeutics, Inc. ",0.19,0.01,forecast_icc,0.05112201376397285,0.322007735555836,2026-09-01
PLXS,238.57,0.0,6358391808.0,26652099.0,57.306,Technology,Plexus Corp.,8.69,0.15857307249712305,forecast_icc,0.06151325884501116,0.24020620801825238,2026-09-01
PM,187.15,5.88,291694477312.0,1558613439.0,-5.507,Consumer Defensive,Philip Morris International Inc,8.38096,0.09400116454439589,forecast_icc,0.06817688106054828,,2026-09-01
PML,7.24,0.47,481416544.0,66494000.0,8.099,Financial Services,Pimco Municipal Income Fund II ,0.01,0.75,trailing_eps_fallback_icc,0.028136890500049305,1.118646446018274,2026-09-01
PMM,6.18,0.4,264710384.0,42833397.0,6.701,Financial Services,Putnam Managed Municipal Income,0.55,0.04,trailing_eps_fallback_icc,0.09612650313864457,1.084304245869705,2026-09-01
PMT,9.24,1.6,805749760.0,87202362.0,15.044,Real Estate,PennyMac Mortgage Investment Tr,1.06167,0.30612148784462234,forecast_icc,0.26303351944292175,1.6281386592383222,2026-09-01
PMTR,10.43,0.0,321509984.0,24788000.0,-0.302,Financial Services,Perimeter Acquisition Corp. I,0.27,0.342,trailing_eps_fallback_icc,0.08073973695919551,,2026-09-01
PMTS,28.34,0.0,326779168.0,11530669.0,-0.996,Financial Services,CPI Card Group Inc.,2.98,0.17114093959731558,forecast_icc,0.1217537252301727,,2026-09-01
PNBK,1.06,0.0,125866728.0,111475640.0,0.756,Financial Services,Patriot National Bancorp Inc.,1.01,0.04,forecast_icc,0.27143413861130905,0.6695620453405288,2026-09-01
PNC,237.49,8.0,94745133056.0,398943667.0,145.514,Financial Services,"PNC Financial Services Group, I",18.90073,0.13836555519284177,forecast_icc,0.11147268688383638,0.6127163146789386,2026-09-01
PNFP,97.03,2.0,14662459392.0,151112640.0,93.347,Financial Services,"Pinnacle Financial Partners, In",10.18295,0.12429305849483696,forecast_icc,0.11676990347361585,0.9620426716254943,2026-09-01
PNNT,3.73,0.48,243554432.0,65296094.0,6.555,Financial Services,PennantPark Investment Corporat,0.53328,0.044029402940294116,forecast_icc,0.16087867211349416,1.7573726441980737,2026-09-01
PNR,60.45,1.06,9769055232.0,161605541.0,23.577,Industrials,Pentair plc.,4.64367,0.1130528224443168,forecast_icc,0.09341203469520021,0.3900248027748074,2026-09-01
PNRG,217.84,0.0,344753568.0,1582600.0,137.636,Energy,PrimeEnergy Resources Corporati,13.85,0.01,forecast_icc,0.04594846979425764,0.6318215497047445,2026-09-01
PNTG,37.74,0.0,1318223232.0,34929074.0,10.24,Healthcare,"The Pennant Group, Inc.",1.40143,0.13251464575469352,forecast_icc,0.057042514151668805,0.27133015795612986,2026-09-01
PNW,97.66,3.64,11836122112.0,121197234.0,58.047,Utilities,Pinnacle West Capital Corporati,4.71,0.1976878980891721,forecast_icc,0.10432617574254743,0.5943784438372309,2026-09-01
PODD,148.38,0.0,10290776064.0,69354199.0,20.507,Healthcare,Insulet Corporation,6.5029,0.1857571237447908,forecast_icc,0.07546197088238932,0.13820595745625197,2026-09-01
POLE,10.8,0.0,318708000.0,23760000.0,-0.364,Financial Services,Andretti Acquisition Corp. II,0.26,0.01,trailing_eps_fallback_icc,0.02318556962524161,,2026-09-01
POOL,182.76,5.2,6641634816.0,36340747.0,34.672,Industrials,Pool Corporation,10.99844,0.07449329177592445,forecast_icc,0.07410595174340392,0.18971328820256533,2026-09-01
POR,49.06,2.21,5769836032.0,117607740.0,35.617,Utilities,Portland General Electric Co,3.39757,0.05594586719331751,forecast_icc,0.08137424243796831,0.7259885467019108,2026-09-01
POST,83.59,0.0,3788514560.0,45322586.0,70.023,Consumer Defensive,"Post Holdings, Inc.",7.65274,0.01,forecast_icc,0.060019255160787544,0.837695985911164,2026-09-01
POWI,49.78,0.86,2781372672.0,55873298.0,12.2,Technology,"Power Integrations, Inc.",1.39007,0.3475004855870567,forecast_icc,0.09912532399719004,0.24507835374316927,2026-09-01
POWL,172.14,0.36,6271343616.0,36431649.0,20.756,Industrials,"Powell Industries, Inc.",5.36154,0.28131842716831357,forecast_icc,0.07974021314675983,0.1205762836395664,2026-09-01
POWW,2.18,0.0,252913488.0,116015357.0,2.034,Industrials,Outdoor Holding Company,0.05,0.19999999999999996,forecast_icc,0.05109621621574434,0.9330274870037772,2026-09-01
PPC,31.09,0.0,7402793984.0,238108524.0,15.748,Consumer Defensive,Pilgrim's Pride Corporation,2.48714,0.16197721077221217,forecast_icc,0.10180334428671844,0.5065294325435059,2026-09-01
PPCB,1.13,0.0,2574559.0,2278371.0,11.24,Healthcare,"Propanc Biopharma, Inc.",570.5,0.04,trailing_eps_fallback_icc,0.4,9.94690354348065,2026-09-01
PPG,109.7,2.96,24386310144.0,222300000.0,37.98,Basic Materials,"PPG Industries, Inc.",7.89675,0.09827840567321999,forecast_icc,0.08965121504800744,0.34621695328833096,2026-09-01
PPHC,10.95,0.24,330871008.0,30216533.0,3.711,Industrials,"Public Policy Holding Company, ",1.25833,0.10013271558335268,forecast_icc,0.11465323511917436,0.3389041386273408,2026-09-01
PPIH,27.0,0.0,219394256.0,8125713.0,11.355,Industrials,Perma-Pipe International Holdin,2.11,0.19431279620853092,forecast_icc,0.10922925867934319,0.4205555459710851,2026-09-01
PPL,34.47,1.14,25940221952.0,752544841.0,19.997,Utilities,PPL Corporation,1.94774,0.08691611816772271,forecast_icc,0.07703703680111851,0.5801276185424753,2026-09-01
PPLI,38.53,0.0,2869095168.0,68674426.0,68.262,Communication Services,People Incorporated,8.81053,0.01,forecast_icc,0.10996004325176412,1.6339136184457164,2026-09-01
PPT,3.42,0.31,326840992.0,95567537.0,3.773,Financial Services,Putnam Premier Income Trust,0.31,0.592,trailing_eps_fallback_icc,0.33623596394374855,1.10321632208545,2026-09-01
PR,23.79,0.63,19925483520.0,837557029.0,14.335,Energy,Permian Resources Corporation,2.19677,0.01,forecast_icc,0.06812233995187122,0.6025640481278017,2026-09-01
PRAA,18.34,0.0,690464448.0,37648006.0,27.77,Financial Services,"PRA Group, Inc.",3.4,0.01,forecast_icc,0.09644313691064899,1.5141766236456538,2026-09-01
PRCH,17.355,0.0,1970136832.0,113519836.0,-0.105,Financial Services,"Porch Group, Inc.",0.08,0.75,forecast_icc,0.06070373537709839,,2026-09-01
PRDO,32.99,0.68,2064417152.0,62577055.0,16.514,Consumer Defensive,Perdoceo Education Corporation,3.13,0.054313099041533475,forecast_icc,0.08645178934569392,0.5005759060221178,2026-09-01
PRG,37.6,0.56,1497669248.0,39831633.0,20.219,Industrials,"PROG Holdings, Inc.",4.9375,0.14177215189873427,forecast_icc,0.13490236293469693,0.537739416565092,2026-09-01
PRGO,14.43,1.16,2002440320.0,138769245.0,18.138,Healthcare,Perrigo Company plc,2.18825,0.0960173654746943,forecast_icc,0.16221924035639523,1.2569645849969704,2026-09-01
PRGS,45.22,0.0,1854605440.0,41012942.0,12.25,Technology,Progress Software Corporation,6.12146,0.0176575522832787,forecast_icc,0.0828797392230739,0.27089780320066353,2026-09-01
PRI,290.35,4.8,8936203264.0,30777350.0,81.654,Financial Services,"Primerica, Inc.",25.15625,0.07796273291925471,forecast_icc,0.08830178766833952,0.28122611613190807,2026-09-01
PRIM,72.25,0.32,3889385728.0,53832327.0,31.05,Industrials,Primoris Services Corporation,2.14053,0.75,forecast_icc,0.17491092644928996,0.42975777416901145,2026-09-01
PRK,191.41,4.4,3457660928.0,18064161.0,95.58,Financial Services,Park National Corporation,12.985,0.018675394686176405,forecast_icc,0.05815086719462058,0.4993469702012377,2026-09-01
PRKS,38.72,0.0,1755615488.0,45341309.0,-13.612,Consumer Cyclical,United Parks & Resorts Inc.,3.21,0.4198255451713395,forecast_icc,0.17396947017861264,,2026-09-01
PRLB,78.49,0.0,1877629568.0,23921897.0,28.916,Industrials,"Proto Labs, Inc.",2.214,0.07836495031616986,forecast_icc,0.03780886328136898,0.36840364331757264,2026-09-01
PRM,30.34,0.0,4966261248.0,163686923.0,6.241,Basic Materials,"Perimeter Solutions, SA",1.54588,0.18647631122726227,forecast_icc,0.08308734243156268,0.20570204333378636,2026-09-01
PRMB,22.92,0.48,8295750144.0,361943705.0,8.222,Consumer Defensive,Primo Brands Corporation,1.30752,0.14034966960352424,forecast_icc,0.08736085669655147,0.35872598509519427,2026-09-01
PROP,0.5067,0.0,57154748.0,112798010.0,2.107,Energy,Prairie Operating Co.,0.51,0.01,forecast_icc,0.2532548065846526,4.158279327379766,2026-09-01
PROV,18.31,0.56,114505080.0,6253691.0,20.15,Financial Services,"Provident Financial Holdings, I",1.22,0.040983606557376984,forecast_icc,0.06839513680659345,1.1004915559204884,2026-09-01
PRPO,27.765,0.0,49704568.0,1790188.0,8.249,Healthcare,"Precipio, Inc.",0.39,0.04,forecast_icc,0.019058210941414973,0.29710067718524386,2026-09-01
PRSU,47.21,0.0,1287140736.0,27264155.0,19.67,Consumer Cyclical,Pursuit Attractions and Hospita,1.7,0.11372352941176467,forecast_icc,0.05208746180288448,0.41664902201494775,2026-09-01
PRTA,9.61,0.0,493348320.0,51336974.0,5.544,Healthcare,Prothena Corporation plc,0.65,0.01,forecast_icc,0.04813281875226963,0.5768990636392559,2026-09-01
PRTH,5.25,0.0,432811936.0,82440372.0,-0.961,Technology,"Priority Technology Holdings, I",1.09,0.15825688073394484,forecast_icc,0.16912677996359216,,2026-09-01
PRU,117.14,5.6,40413298688.0,345000000.0,91.471,Financial Services,"Prudential Financial, Inc.",14.52113,0.022974107386959597,forecast_icc,0.09796918851922398,0.7808690709370485,2026-09-01
PRVA,20.64,0.0,2636433920.0,127734207.0,6.195,Healthcare,"Privia Health Group, Inc.",0.8758,0.21420415620004563,forecast_icc,0.08004027131321167,0.3001453616425175,2026-09-01
PS,38.52,0.49,15408000000.0,400000000.0,3.402,Financial Services,Pershing Square Inc.,0.52453,0.75,forecast_icc,0.13827353327530145,0.0883177570093458,2026-09-01
PSA,302.86,12.0,56557813760.0,186745748.0,27.561,Real Estate,Public Storage,9.88354,0.029473245416115956,forecast_icc,0.03971050093328331,0.09100244897139391,2026-09-01
PSBD,10.32,1.44,316320576.0,30651221.0,,Financial Services,Palmer Square Capital BDC Inc.,1.50516,0.01288899518988007,forecast_icc,0.14791399933023774,,2026-09-01
PSF,19.36,1.51,232865712.0,12028187.0,,Financial Services,Cohen & Steers Select Preferred,2.09,0.04,trailing_eps_fallback_icc,0.11298609146275551,,2026-09-01
PSFE,6.22,0.0,324780224.0,52215472.0,10.921,Technology,Paysafe Limited,2.00638,0.07613712257897287,forecast_icc,0.17308276826512536,1.755787845358466,2026-09-01
PSHG,1.72,0.0,21383312.0,12432158.0,27.619,Industrials,Performance Shipping Inc.,1.29,0.01,forecast_icc,0.2166712150711151,16.057557959309577,2026-09-01
PSIX,35.43,0.0,817208896.0,23065450.0,8.81,Industrials,"Power Solutions International, ",2.86,0.1398601398601398,forecast_icc,0.09617310932750456,0.24865932749219608,2026-09-01
PSKY,10.55,0.2,11807277056.0,1087672971.0,10.5,Communication Services,Paramount Skydance Corporation,0.56207,0.5136904656003702,forecast_icc,0.18238861484576352,0.9672480912689781,2026-09-01
PSMT,172.05,1.4,5309553152.0,30860524.0,46.26,Consumer Defensive,"PriceSmart, Inc.",5.53,0.16003616636528029,forecast_icc,0.06013036877962408,0.2688753270512509,2026-09-01
PSN,46.37,0.0,4952565760.0,106805394.0,24.639,Technology,Parsons Corporation,2.43519,0.4041122047971617,forecast_icc,0.13548174447775457,0.5313565190835547,2026-09-01
PSO,16.5,0.35,9927358464.0,601658086.0,7.375989,Communication Services,"Pearson, Plc",0.88048,0.11087134290387057,forecast_icc,0.07610138691890161,0.4470296343372832,2026-09-01
PSTL,23.74,0.98,944862848.0,30248873.0,11.101,Real Estate,"Postal Realty Trust, Inc.",0.68607,0.11855933068054303,forecast_icc,0.05619851640495088,0.3553878109227976,2026-09-01
PSUS,39.03,0.0,,,,Financial Services,"Pershing Square USA, Ltd.",2.03,0.75,forecast_icc,0.21519209074986778,,2026-09-01
PSX,252.02,5.08,100561256448.0,399020916.0,78.958,Energy,Phillips 66,25.16354,0.01,forecast_icc,0.06970244434345207,0.31330051551036087,2026-09-01
PTA,18.41,1.61,1017584320.0,55273457.0,,Financial Services,240905,2.38,0.04,trailing_eps_fallback_icc,0.12829353734650584,,2026-09-01
PTC,152.81,0.0,16580841472.0,108506261.0,31.339,Technology,PTC Inc.,8.18823,0.0854836759592732,forecast_icc,0.061492937539501386,0.20508474911972185,2026-09-01
PTCT,70.56,0.0,5888993792.0,83460802.0,-1.985,Healthcare,"PTC Therapeutics, Inc.",1.59667,0.5657587353679845,forecast_icc,0.11399477519601808,,2026-09-01
PTEN,12.79,0.4,4855309824.0,379617653.0,8.128,Energy,"Patterson-UTI Energy, Inc.",0.33239,0.04,forecast_icc,0.03510345337197199,0.6354964761120052,2026-09-01
PTGX,146.49,0.0,9479116800.0,64708285.0,13.012,Healthcare,"Protagonist Therapeutics, Inc.",4.74981,0.01,forecast_icc,0.028776454909240676,0.08882517455845676,2026-09-01
PTLO,4.41,0.0,319807360.0,72518678.0,6.622,Consumer Cyclical,Portillo's Inc.,0.19119,0.21486479418379623,forecast_icc,0.08125624662904019,1.5015873484462647,2026-09-01
PTN,11.54,0.0,20532834.0,1779275.0,5.963,Healthcare,"Palatin Technologies, Inc.",0.11,0.04,trailing_eps_fallback_icc,0.01394639692931094,0.5167244241588862,2026-09-01
PTON,5.09,0.0,2233857536.0,423035077.0,-0.318,Consumer Cyclical,"Peloton Interactive, Inc.",0.3134,0.09597957881301844,forecast_icc,0.07028985678415,,2026-09-01
PTRN,20.03,0.0,3988005120.0,155696579.0,3.66,Consumer Cyclical,Pattern Group Inc. - Series A,0.62657,0.2546882231833636,forecast_icc,0.0735747426804135,0.14289085946308916,2026-09-01
PUBM,16.27,0.0,741099520.0,37303647.0,5.259,Technology,"PubMatic, Inc.",0.52,0.5615384615384615,forecast_icc,0.13546409528676595,0.26471462236677745,2026-09-01
PUK,27.08,0.56,33575581696.0,1239866393.0,3.937,Financial Services,Prudential Public Limited Compa,1.14,0.7462719298245615,forecast_icc,0.22769479560105366,0.14538404824785317,2026-09-01
PUMP,11.35,0.0,1394051584.0,122823917.0,8.063,Energy,ProPetro Holding Corp.,0.41022,0.04,forecast_icc,0.037481425908669305,0.7103964115369493,2026-09-01
PURR,11.355,0.0,2246445824.0,197837597.0,5.985,Financial Services,Hyperliquid Strategies Inc,0.27,0.75,forecast_icc,0.1514217823703098,0.5270806023430726,2026-09-01
PVH,72.87,0.15,3359896832.0,46108092.0,106.229,Consumer Cyclical,PVH Corp.,12.08065,0.043950449686068094,forecast_icc,0.1078614980820577,1.4577877684870533,2026-09-01
PW,7.42,0.0,2724030.0,367120.0,-10.355,Real Estate,Power REIT (MD),3.68,0.591,forecast_icc,0.4,,2026-09-01
PWP,16.4,0.28,1559272192.0,72918051.0,-0.621,Financial Services,Perella Weinberg Partners,1.0025,0.458852867830424,forecast_icc,0.17593693777446606,,2026-09-01
PWR,611.39,0.44,91918450688.0,150343393.0,64.136,Industrials,"Quanta Services, Inc.",16.72777,0.17417324604534867,forecast_icc,0.053481003625048706,0.1049019405927261,2026-09-01
PXED,29.12,0.84,1049699648.0,36047376.0,9.005,Consumer Defensive,"Phoenix Education Partners, Inc",4.46571,0.03199043377200961,forecast_icc,0.10748361562117525,0.309237620016807,2026-09-01
PXS,6.23,0.0,63790180.0,10239194.0,9.457,Energy,Pyxis Tankers Inc.,0.97,,forecast_icc,0.010000000000000002,1.5179774952508365,2026-09-01
PYPL,52.4,0.56,45168799744.0,862000000.0,22.993,Financial Services,"PayPal Holdings, Inc.",5.38838,0.07562013072574691,forecast_icc,0.09456602045109552,0.4387977124106068,2026-09-01
PZZA,22.71,1.84,747651520.0,32921687.0,-13.763,Consumer Cyclical,"Papa John's International, Inc.",1.18177,0.12684363285580091,forecast_icc,0.09555618830629775,,2026-09-01
Q,115.49,0.32,24176584704.0,209339207.0,34.676,Technology,"Qnity Electronics, Inc.",4.58512,0.17295512440241478,forecast_icc,0.06939605826648976,0.3002511078717829,2026-09-01
QCOM,166.61,3.68,177949556736.0,1068060487.0,26.167,Technology,QUALCOMM Incorporated,10.52302,0.01,forecast_icc,0.05129872828775757,0.15705539972089747,2026-09-01
QCRH,99.0,0.6,1621185792.0,16375614.0,70.247,Financial Services,"QCR Holdings, Inc.",8.532,0.048757618377871514,forecast_icc,0.07439108097141575,0.7095656539395578,2026-09-01
QDEL,13.75,0.0,942912064.0,68575427.0,25.987,Healthcare,QuidelOrtho Corporation,0.77449,0.75,forecast_icc,0.22255417648005482,1.8899637511149714,2026-09-01
QETA,11.74,0.0,43998560.0,3747748.0,-1.292,Financial Services,Quetta Acquisition Corporation,0.23,0.04,trailing_eps_fallback_icc,0.0245296709992718,,2026-09-01
QFIN,8.38,1.24,1018864192.0,121582842.0,29.42483,Financial Services,"Qfin Holdings, Inc.",17.54581,0.274198797319702,forecast_icc,0.4,3.5113163116904005,2026-09-01
QGEN,43.39,0.35,8959818752.0,206495000.0,16.261,Healthcare,Qiagen N.V.,2.43378,0.07227029558957665,forecast_icc,0.06272879913168572,0.3747637410913555,2026-09-01
QLYS,177.01,0.0,6233762304.0,35217007.0,16.225,Technology,"Qualys, Inc.",7.78229,0.08131282694425424,forecast_icc,0.05264501886896869,0.09166148959647596,2026-09-01
QMCO,24.17,0.0,952539712.0,39410001.0,-0.707,Technology,Quantum Corporation,0.465,0.75,forecast_icc,0.13661772838688824,,2026-09-01
QNBC,45.0,1.56,279418624.0,6209303.0,36.871,Financial Services,QNB Corp.,3.36,0.01,trailing_eps_fallback_icc,0.06158427133214539,0.8193555878114983,2026-09-01
QNST,18.94,0.0,1081216640.0,57086409.0,5.719,Communication Services,"QuinStreet, Inc.",1.59,0.17610062893081757,forecast_icc,0.10865510378429344,0.30195352253457736,2026-09-01
QRHC,1.38,0.0,29108142.0,21092856.0,1.27,Industrials,Quest Resource Holding Corporat,0.035,0.04,forecast_icc,0.029522418199304908,0.9202898323087747,2026-09-01
QRVO,96.4,0.0,8504216064.0,88218005.0,39.356,Technology,"Qorvo, Inc.",7.57,0.04443725231175688,forecast_icc,0.0666468390966769,0.4082572430723228,2026-09-01
QSEA,10.61,0.0,107527232.0,10134518.0,-0.381,Financial Services,Quartzsea Acquisition Corporati,0.17,0.04,trailing_eps_fallback_icc,0.02109729373461451,,2026-09-01
QSR,78.22,2.6,35833442304.0,348758065.0,11.025,Consumer Cyclical,Restaurant Brands International,4.04726,0.09307037353666447,forecast_icc,0.0749810777766603,0.10730360856779271,2026-09-01
QTEX,0.7985,0.0,44483456.0,55708771.0,0.065,Technology,QTREX Quantum Ltd.,0.1,,forecast_icc,0.010000000000000002,0.08140262561883682,2026-09-01
QTTB,14.36,0.0,427489536.0,29769466.0,4.462,Healthcare,Q32 Bio Inc.,3.14,0.04,trailing_eps_fallback_icc,0.12411125736191153,0.31072423090140855,2026-09-01
QTWO,63.91,0.0,3985088512.0,62354695.0,10.318,Technology,"Q2 Holdings, Inc.",2.87728,0.16377272980036706,forecast_icc,0.0719149465995309,0.16144578497382192,2026-09-01
QUAD,10.08,0.4,518729952.0,38199319.0,2.421,Industrials,"Quad Graphics, Inc",1.31,0.11450381679389299,forecast_icc,0.13682859232828842,0.17828265158476908,2026-09-01
QUIK,10.56,0.0,193435344.0,18317741.0,1.706,Technology,QuickLogic Corporation,0.105,0.04,forecast_icc,0.014441720654569862,0.1615530311048016,2026-09-01
QUMS,10.32,0.0,117716624.0,11406650.0,-0.299,Financial Services,Quantumsphere Acquisition Corp.,0.17,0.04,trailing_eps_fallback_icc,0.021547271776755056,,2026-09-01
QXL,4.81,0.0,64148044.0,13336392.0,1.369,Technology,Quantum X Labs Inc.,0.35,0.04,trailing_eps_fallback_icc,0.06185942275136591,0.2846153913593998,2026-09-01
QXO,12.88,0.0,13362880512.0,1037490709.0,12.849,Industrials,"QXO, Inc.",0.28394,0.75,forecast_icc,0.14601987319073995,0.9975931542581618,2026-09-01
R,243.48,4.04,9336694784.0,38346868.0,75.078,Industrials,"Ryder System, Inc.",14.67291,0.20759822012129825,forecast_icc,0.10643203206197052,0.3083538899266218,2026-09-01
RA,12.51,1.42,691236288.0,55254696.0,,Financial Services,Brookfield Real Assets Income F,1.12,0.04,trailing_eps_fallback_icc,0.1091609319470096,,2026-09-01
RACE,410.21,4.23,72100487168.0,175764832.0,24.099445,Consumer Cyclical,Ferrari N.V.,9.86496,0.1105498653821202,forecast_icc,0.0413469237519241,0.0587490468940716,2026-09-01
RAIL,6.69,0.0,219373664.0,32791280.0,1.105,Industrials,"Freightcar America, Inc.",0.40667,0.75,forecast_icc,0.2297569459325851,0.16517189775341493,2026-09-01
RAL,61.03,0.2,6752359424.0,110640008.0,13.869,Technology,Ralliant Corporation,2.85803,0.15774502017123693,forecast_icc,0.07383903039788098,0.2272489028794922,2026-09-01
RAMP,37.82,0.0,2299266304.0,60794982.0,16.078,Technology,"LiveRamp Holdings, Inc.",2.95,0.08700677966101678,forecast_icc,0.07927931908454655,0.42511896899264084,2026-09-01
RANG,10.76,0.0,72070168.0,6697971.0,-0.05,Financial Services,Range Capital Acquisition Corp.,0.23,0.01,trailing_eps_fallback_icc,0.021196348128947953,,2026-09-01
RARE,25.81,0.0,2544578816.0,98588873.0,-2.96,Healthcare,Ultragenyx Pharmaceutical Inc.,0.66562,0.04,forecast_icc,0.029868423915685532,,2026-09-01
RAVE,3.09,0.0,43913740.0,14211566.0,1.157,Consumer Cyclical,"Rave Restaurant Group, Inc.",0.21,0.131,trailing_eps_fallback_icc,0.08432573554930978,0.3744336479197627,2026-09-01
RAY,2.7,0.0,15861806.0,5874743.0,6.0649505,Consumer Defensive,Raytech Holding Limited,0.92,0.335,trailing_eps_fallback_icc,0.28856090127543566,2.2462779771245156,2026-09-01
RBA,82.75,1.32,15416325120.0,186300000.0,30.08,Industrials,"RB Global, Inc.",4.35536,0.11883059035303623,forecast_icc,0.0752996629809285,0.363504528892551,2026-09-01
RBB,25.87,0.64,437616000.0,16915964.0,31.455,Financial Services,RBB Bancorp,2.386,0.05196982397317673,forecast_icc,0.08569910501345143,1.2158870964955577,2026-09-01
RBBN,1.955,0.0,349599680.0,178823352.0,2.196,Technology,Ribbon Communications Inc.,0.06,0.75,forecast_icc,0.1705936191135543,1.1232735710513237,2026-09-01
RBC,488.69,0.0,15471555584.0,31659245.0,109.663,Industrials,RBC Bearings Incorporated,14.65522,0.13488504437326765,forecast_icc,0.04950614150951027,0.2244019850224648,2026-09-01
RBCAA,94.71,1.98,1859550464.0,17497409.0,58.916,Financial Services,"Republic Bancorp, Inc.",6.97,0.01,forecast_icc,0.05679887741873524,0.55436911694589,2026-09-01
RBKB,12.58,0.0,196700448.0,15635966.0,9.156,Financial Services,"Rhinebeck Bancorp, Inc.",0.9,0.01,trailing_eps_fallback_icc,0.05018359715785514,0.7278219554233044,2026-09-01
RBNE,2.62,0.0,1525618.0,582297.0,89.299,Energy,Robin Energy Ltd.,0.16,0.04,trailing_eps_fallback_icc,0.054687843511599055,34.083590913977154,2026-09-01
RBRK,88.4,0.0,18195245056.0,160956763.0,-2.339,Technology,"Rubrik, Inc.",0.49928,0.4826950809165198,forecast_icc,0.04037843133308738,,2026-09-01
RCBC,51.37,0.19,718916736.0,13994875.0,40.578,Financial Services,RIVER CITY BANK,5.02,0.3,forecast_icc,0.1565801352511197,0.7899162855905472,2026-09-01
RCG,2.95,0.02,20696570.0,7015786.0,2.827,Financial Services,153389,0.11,0.01,trailing_eps_fallback_icc,0.03279647142982846,0.9583050245523775,2026-09-01
RCI,36.41,1.42,19669602304.0,429076558.0,22.029623,Communication Services,"Rogers Communication, Inc.",4.76553,0.019636850465740485,forecast_icc,0.09566231159834476,0.48055851179845155,2026-09-01
RCKY,44.59,0.68,333885408.0,7487899.0,35.208,Consumer Cyclical,"Rocky Brands, Inc.",4.945,0.01,forecast_icc,0.0731613665308147,0.7895940992785165,2026-09-01
RCL,265.7,5.0,71062020096.0,267452084.0,38.273,Consumer Cyclical,Royal Caribbean Cruises Ltd.,17.79981,0.140060483791681,forecast_icc,0.09463518223069001,0.14404591365547437,2026-09-01
RCMT,41.92,0.0,298083008.0,7110759.0,6.888,Industrials,"RCM Technologies, Inc.",2.955,0.10490693739424706,forecast_icc,0.07920561874104154,0.16431298221467222,2026-09-01
RDAC,6.45,0.0,38384144.0,5951030.0,-0.93,Financial Services,Rising Dragon Acquisition Corp.,0.15,0.01,trailing_eps_fallback_icc,0.02259298767566057,,2026-09-01
RDCM,10.01,0.0,167551152.0,16738377.0,6.974,Communication Services,Radcom Ltd.,0.355,0.323943661971831,forecast_icc,0.09360492904424506,0.6967033040632272,2026-09-01
RDDT,144.64,0.0,27828232192.0,146103200.0,17.084,Communication Services,"Reddit, Inc.",5.38728,0.3068171693322048,forecast_icc,0.09276164446004265,0.08969405787542452,2026-09-01
RDHL,0.87,0.0,5290400.0,6080920.0,0.838,Healthcare,Redhill Biopharma Ltd.,0.03,0.04,forecast_icc,0.036350049375838744,0.9632184636322395,2026-09-01
RDN,35.8,1.02,4736387072.0,132301318.0,36.003,Financial Services,Radian Group Inc.,4.9176,0.06832601268911653,forecast_icc,0.1166750821365733,1.0056704149271862,2026-09-01
RDNT,75.52,0.0,5943254528.0,78697757.0,13.757,Healthcare,"RadNet, Inc.",0.51429,0.7240661883373192,forecast_icc,0.07429159159355747,0.18216366772589282,2026-09-01
RDNW,5.56,0.0,216901648.0,38961088.0,-0.228,Consumer Cyclical,"RideNow Group, Inc.",0.15,0.75,forecast_icc,0.16072168190176483,,2026-09-01
RDVT,75.56,0.0,1212509440.0,16046975.0,7.407,Technology,"Red Violet, Inc.",1.635,0.051987767584097844,forecast_icc,0.028088853016167703,0.0980280564454822,2026-09-01
RDWR,27.93,0.0,1175363840.0,42082490.0,7.615,Technology,Radware Ltd.,1.21667,0.12054213550099857,forecast_icc,0.06097701770968475,0.2726459249843861,2026-09-01
RDY,12.17,0.08,10137466880.0,832988250.0,0.79715335,Healthcare,Dr. Reddy's Laboratories Ltd,43.85,0.41573546180159626,forecast_icc,0.4,0.06550150859759331,2026-09-01
RDZN,1.39,0.0,118379440.0,85165063.0,-0.372,Technology,"Roadzen, Inc.",0.11,0.04,forecast_icc,0.06553621630831288,,2026-09-01
REAL,10.01,0.0,1217927808.0,121671115.0,-3.105,Consumer Cyclical,"The RealReal, Inc.",0.09927,0.75,forecast_icc,0.09642354089758698,,2026-09-01
RECT,1.4,0.1,21675850.0,15482750.0,1.5086282,Consumer Cyclical,Rectitude Holdings Ltd,0.2,0.01,trailing_eps_fallback_icc,0.10803335694326466,1.0775915714285713,2026-09-01
REF,14.18,0.0,837700672.0,59076208.0,9.125,Consumer Cyclical,Reformation Inc.,0.412,0.6849271844660194,forecast_icc,0.15343225290964047,0.6435119560224013,2026-09-01
REFI,10.79,1.88,276452160.0,25621146.0,14.152,Real Estate,Chicago Atlantic Real Estate Fi,1.325,0.36352452830188686,forecast_icc,0.30057971267301276,1.3115848260762368,2026-09-01
REG,76.06,3.02,14220081152.0,183120547.0,36.397,Real Estate,Regency Centers Corporation,2.47931,0.037736305665689196,forecast_icc,0.0418834023336242,0.46870608387643325,2026-09-01
REGN,823.82,3.76,84816379904.0,101137842.0,316.111,Healthcare,"Regeneron Pharmaceuticals, Inc.",53.54745,0.01,forecast_icc,0.047801172399058234,0.37694115698699177,2026-09-01
REI,1.5,0.0,390809408.0,260539607.0,2.892,Energy,"Ring Energy, Inc.",0.26,0.01,forecast_icc,0.09239099610433962,1.9280000123333776,2026-09-01
RELL,16.69,0.24,248083808.0,12828547.0,11.194,Technology,"Richardson Electronics, Ltd.",0.505,0.4653465346534653,forecast_icc,0.1273652622004245,0.5788477542153819,2026-09-01
RELX,35.7,0.91,62177497088.0,1741666564.0,0.24064744,Industrials,RELX PLC PLC,1.91676,0.1270998977441098,forecast_icc,0.08288543008401461,0.006740824568203567,2026-09-01
RELY,25.71,0.0,5442396672.0,211684054.0,5.324,Technology,"Remitly Global, Inc.",1.84936,0.01,forecast_icc,0.05038555720550242,0.2070789711625048,2026-09-01
RENT,3.7,0.0,124269784.0,33586429.0,-1.593,Consumer Cyclical,"Rent the Runway, Inc.",7.57,0.04,trailing_eps_fallback_icc,0.3948557908021205,,2026-09-01
REPX,39.43,1.6,873523712.0,22153785.0,28.564,Energy,"Riley Exploration Permian, Inc.",6.39,0.27417840375586855,forecast_icc,0.215107796579097,0.7244230534866122,2026-09-01
RERE,4.14,0.1,916972160.0,132812930.0,2.5032792,Consumer Cyclical,ATRenew Inc.,2.8175,0.4524117125110916,forecast_icc,0.4,0.36257136221022895,2026-09-01
RES,6.55,0.16,1451853440.0,221657012.0,5.089,Energy,"RPC, Inc.",0.27667,0.01,forecast_icc,0.03891613383644399,0.7769465587848867,2026-09-01
REVB,0.9866,0.0,3930038.0,3983416.0,2.576,Healthcare,"Revelation Biosciences, Inc.",27.03,0.04,trailing_eps_fallback_icc,0.4,2.610987378747992,2026-09-01
REX,41.99,0.0,1383054848.0,32937718.0,19.104,Basic Materials,REX American Resources Corporat,2.27,0.75,forecast_icc,0.21873995949524894,0.4549654452113239,2026-09-01
REXR,37.06,1.74,8473227776.0,222989057.0,33.216,Real Estate,"Rexford Industrial Realty, Inc.",0.98361,0.01,forecast_icc,0.029061265147988347,0.874142028648328,2026-09-01
REYN,22.68,0.92,4780204032.0,210767377.0,10.958,Consumer Cyclical,Reynolds Consumer Products Inc.,1.61158,0.04185954156790239,forecast_icc,0.07540491787950676,0.4831569744105015,2026-09-01
REZI,19.24,0.0,2921543424.0,151847378.0,16.659,Industrials,"Resideo Technologies, Inc.",2.33,0.01,forecast_icc,0.07290824710497412,0.8658524290008978,2026-09-01
RF,29.29,1.1,24953016320.0,851929506.0,20.488,Financial Services,Regions Financial Corporation,2.62923,0.08116064399082612,forecast_icc,0.10049576736545995,0.6994878492881137,2026-09-01
RFAI,41.5,0.0,346266240.0,8343765.0,-0.636,Financial Services,RF Acquisition Corp II,0.12,0.01,trailing_eps_fallback_icc,0.010000000000000002,,2026-09-01
RFI,11.29,0.96,301992960.0,26748712.0,11.092,Financial Services,Cohen & Steers Total Return Rea,0.42,0.04,trailing_eps_fallback_icc,0.04815627903376718,0.9824623511223574,2026-09-01
RFIL,10.06,0.0,109128480.0,10847761.0,3.399,Industrials,"RF Industries, Ltd.",0.675,0.3037037037037036,forecast_icc,0.1279083892499454,0.3378727499824061,2026-09-01
RFM,14.34,1.06,87684784.0,6114699.0,,Financial Services,RiverNorth Flexible Municipal I,0.09,0.04,trailing_eps_fallback_icc,0.010283368357092152,,2026-09-01
RFMZ,12.95,0.96,315355232.0,24351756.0,,Financial Services,"RiverNorth Flexible Municipal Income Fund II, Inc.",0.06,0.04,trailing_eps_fallback_icc,0.010000000000000002,,2026-09-01
RGA,247.72,3.92,16176528384.0,65301665.0,209.735,Financial Services,"Reinsurance Group of America, I",29.78367,0.01,forecast_icc,0.0773501918661953,0.846661557019959,2026-09-01
RGCO,21.57,0.86,224749824.0,10419556.0,11.794,Utilities,RGC Resources Inc.,1.37,0.021897810218977964,forecast_icc,0.06235636257813593,0.5467779296859427,2026-09-01
RGEN,170.02,0.0,9595184128.0,56435621.0,37.429,Healthcare,Repligen Corporation,2.06415,0.27851658067485396,forecast_icc,0.04112325023015327,0.22014469240303047,2026-09-01
RGLD,254.09,1.9,21528500224.0,84727857.0,89.604,Basic Materials,"Royal Gold, Inc.",10.50933,0.22876244251536493,forecast_icc,0.08599770488232317,0.35264671573194306,2026-09-01
RGR,37.97,0.84,606694400.0,15978256.0,18.137,Industrials,"Sturm, Ruger & Company, Inc.",1.595,0.2695924764890283,forecast_icc,0.10605887603688258,0.47766656338347613,2026-09-01
RGS,28.79,0.0,71939824.0,2498778.0,75.817,Consumer Cyclical,Regis Corporation,1.59,0.75,forecast_icc,0.22071811298111632,2.6334489173340208,2026-09-01
RGT,15.1,0.19,99099080.0,6562853.0,,Financial Services,"Royce Global Value Trust, Inc.",5.38,0.04,trailing_eps_fallback_icc,0.16816315712525365,,2026-09-01
RH,144.48,0.0,2734460160.0,18926221.0,3.012,Consumer Cyclical,RH,4.76157,0.75,forecast_icc,0.17621587323232502,0.020847177986312297,2026-09-01
RHI,43.55,2.36,4454885888.0,102293589.0,12.247,Industrials,Robert Half Inc.,1.27389,0.5499140428137439,forecast_icc,0.16449548499875238,0.28121698646818405,2026-09-01
RHLD,130.78,0.0,1022646656.0,7819595.0,-4.023,Industrials,Resolute Holdings Management,5.65,0.04,trailing_eps_fallback_icc,0.04241138108085839,,2026-09-01
RHP,123.46,4.8,8516800000.0,68984288.0,11.996,Real Estate,"Ryman Hospitality Properties, I",4.38,0.1038812785388128,forecast_icc,0.06325042956650637,0.09716507594965246,2026-09-01
RIBB,10.86,0.0,54446020.0,3763446.0,-0.074,Financial Services,Ribbon Acquisition Corp,0.07,0.04,trailing_eps_fallback_icc,0.010000000000000002,,2026-09-01
RICK,29.03,0.32,222123056.0,7651500.0,30.709,Consumer Cyclical,"RCI Hospitality Holdings, Inc.",4.18,0.75,forecast_icc,0.33631518148979367,1.0578366682475322,2026-09-01
RIG,5.92,0.0,6611930624.0,1116880085.0,7.493,Energy,Transocean Ltd (Switzerland),0.18561,0.5330531760142236,forecast_icc,0.12843620467157418,1.265709359763694,2026-09-01
RIGL,47.5,0.0,878848768.0,18502080.0,22.806,Healthcare,"Rigel Pharmaceuticals, Inc.",3.54272,0.3941717098726403,forecast_icc,0.1587782988803509,0.48012633327148274,2026-09-01
RILY,6.75,0.0,271348352.0,40199755.0,3.537,Financial Services,"BRC Group Holdings, Inc.",12.22,0.01,trailing_eps_fallback_icc,0.3431128687885686,0.523999988896192,2026-09-01
RIO,101.86,4.65,165660966912.0,1254609033.0,40.264,Basic Materials,Rio Tinto Plc,8.6537,0.01,forecast_icc,0.07088935884592862,0.3049334978923922,2026-09-01
RITM,9.89,1.0,5522646016.0,558407031.0,12.328,Real Estate,Rithm Capital Corp.,2.30059,0.02301583506839555,forecast_icc,0.1638056341184223,1.2465115196997625,2026-09-01
RIV,10.96,1.57,299989056.0,27371263.0,,Financial Services,"RiverNorth Opportunities Fund, ",2.31,0.04,trailing_eps_fallback_icc,0.19265564628096732,,2026-09-01
RJET,17.07,0.0,799208832.0,46819500.0,30.208,Industrials,Republic Airways Holdings Inc.,1.51,0.01,trailing_eps_fallback_icc,0.05856626829930345,1.769654437452463,2026-09-01
RJF,173.5,2.16,33374756864.0,192361711.0,66.098,Financial Services,"Raymond James Financial, Inc.",12.12372,0.16972183455243117,forecast_icc,0.10221205382702603,0.3809682996490338,2026-09-01
RKLB,62.54,0.0,39988764672.0,598459739.0,5.838,Industrials,Rocket Lab Corporation,0.05,0.04,forecast_icc,0.010000000000000002,0.08736973959909176,2026-09-01
RKT,13.03,0.0,36896301056.0,1906422676.0,8.318,Financial Services,"Rocket Companies, Inc.",0.61805,0.4034139632715801,forecast_icc,0.1283783437814351,0.4297889860259926,2026-09-01
RL,340.82,4.0,20306819072.0,37700963.0,45.664,Consumer Cyclical,Ralph Lauren Corporation,18.89766,0.10672326626682893,forecast_icc,0.07275129122625767,0.08477825937819042,2026-09-01
RLGT,8.29,0.0,388234496.0,46831666.0,5.185,Industrials,"Radiant Logistics, Inc.",0.39,0.16666666666666674,forecast_icc,0.07462645141673907,0.6254523766224008,2026-09-01
RLI,63.35,0.72,5813819392.0,91773000.0,19.54,Financial Services,RLI Corp.,2.84375,0.01,forecast_icc,0.03788923812229583,0.3084451543967054,2026-09-01
RLJ,11.02,0.6,1687677824.0,152375872.0,11.863,Real Estate,RLJ Lodging Trust,0.01828,0.01,forecast_icc,0.010000000000000002,1.0710782258498173,2026-09-01
RLTY,15.4,1.32,257525040.0,16722406.0,,Financial Services,Cohen & Steers Real Estate Oppo,1.08,0.04,trailing_eps_fallback_icc,0.0871283959016177,,2026-09-01
RLX,1.79,0.1,2187835648.0,913539574.0,1.8821652,Consumer Defensive,RLX Technology Inc.,0.89997,0.21275153616231646,forecast_icc,0.31606324162291843,0.7859056490726056,2026-09-01
RLYB,16.69,0.0,88632232.0,5310499.0,9.504,Healthcare,Rallybio Corporation,7.99,0.04,trailing_eps_fallback_icc,0.19102529379996225,0.569442756400403,2026-09-01
RM,31.83,1.2,293657024.0,9225794.0,40.507,Financial Services,Regional Management Corp.,4.95333,0.17631371218957748,forecast_icc,0.17273328245139508,1.2726044569531563,2026-09-01
RMBI,15.68,0.6,251470240.0,16037643.0,15.245,Financial Services,"Richmond Mutual Bancorporation,",1.22,0.01,trailing_eps_fallback_icc,0.06448864439960744,0.972257661721721,2026-09-01
RMBS,84.4,0.0,9126760448.0,108136967.0,13.522,Technology,"Rambus, Inc.",3.0325,0.2190173124484749,forecast_icc,0.07303905512369246,0.16021326253768678,2026-09-01
RMCF,1.06,0.0,10005962.0,9439587.0,0.441,Consumer Defensive,Rocky Mountain Chocolate Factor,0.96,0.04,forecast_icc,0.26464558834121654,0.41603774499643315,2026-09-01
RMCO,2.82,0.01,42787036.0,15172708.0,0.732,Financial Services,Royalty Management Holding Corp,0.09,0.04,forecast_icc,0.035195902607461235,0.25957447148243684,2026-09-01
RMD,231.36,2.64,33374214144.0,144252306.0,45.656,Healthcare,ResMed Inc.,12.08573,0.09364349526259486,forecast_icc,0.0665267438737108,0.19733747899858864,2026-09-01
RMI,15.17,1.07,96708360.0,6374974.0,,Financial Services,RiverNorth Opportunistic Munici,0.12,0.04,trailing_eps_fallback_icc,0.012692761531036986,,2026-09-01
RMIX,16.2,0.0,1581645568.0,49339225.0,-0.501,Basic Materials,"Suncrete, Inc.",0.366,0.04,forecast_icc,0.027203231867589994,,2026-09-01
RMM,14.24,1.02,281092288.0,19739628.0,,Financial Services,RiverNorth Managed Duration Mun,0.19,0.04,trailing_eps_fallback_icc,0.02013052008785865,,2026-09-01
RMMZ,14.75,1.07,124711248.0,8455000.0,,Financial Services,RiverNorth Managed Duration Mun,0.08,0.04,trailing_eps_fallback_icc,0.010000000000000002,,2026-09-01
RMNI,5.2,0.0,485451168.0,93356000.0,-0.179,Technology,"Rimini Street, Inc.",0.35,0.37142857142857144,forecast_icc,0.14523281723625192,,2026-09-01
RMR,19.22,1.8,328281920.0,16080226.0,13.116,Real Estate,The RMR Group Inc.,0.63,0.22222222222222232,forecast_icc,0.08894641129689995,0.6424607368447217,2026-09-01
RMT,13.7,0.82,742423616.0,54191506.0,11.795,Financial Services,"Royce Micro-Cap Trust, Inc.",7.06,0.75,trailing_eps_fallback_icc,0.4,0.8609489238957614,2026-09-01
RMTI,8.045,0.0,32425092.0,4030465.0,8.833,Healthcare,"Rockwell Medical, Inc.",0.07,0.04,forecast_icc,0.012924554817004556,1.0979490002680639,2026-09-01
RNG,70.77,0.28,5909730816.0,73736624.0,-7.287,Technology,"Ringcentral, Inc.",5.06997,0.10048974648765174,forecast_icc,0.08033186575069517,,2026-09-01
RNGR,16.95,0.24,396664320.0,23402023.0,12.889,Energy,"Ranger Energy Services, Inc.",1.17,0.10256410256410264,forecast_icc,0.08318818902834002,0.760412921552914,2026-09-01
RNP,20.15,1.63,967201600.0,48000079.0,20.626,Financial Services,Cohen & Steers Reit and Preferr,1.2,0.01,trailing_eps_fallback_icc,0.06121946275032497,1.023622820158693,2026-09-01
RNR,329.79,1.64,13703398400.0,41551893.0,264.766,Financial Services,RenaissanceRe Holdings Ltd.,43.39141,0.01,forecast_icc,0.07860069531960401,0.802832128272502,2026-09-01
RNST,39.93,0.96,3649780224.0,91404465.0,42.355,Financial Services,Renasant Corporation,3.78429,0.03812604213736259,forecast_icc,0.08146923016020835,1.0607312981799422,2026-09-01
RNW,6.8,0.0,2479015936.0,246197388.0,3.7511961,Utilities,ReNew Energy Global plc,21.927,0.75,forecast_icc,0.4,0.3725408410185334,2026-09-01
ROAD,100.56,0.0,5707338752.0,48206437.0,17.33,Industrials,"Construction Partners, Inc.",3.10833,0.24986729208288683,forecast_icc,0.07210380523838611,0.14637602383724777,2026-09-01
ROCK,42.86,0.0,1272251520.0,29683889.0,29.69,Industrials,"Gibraltar Industries, Inc.",3.855,0.24773022049286642,forecast_icc,0.13325205832324294,0.6927204649046126,2026-09-01
ROG,122.99,0.0,2195191296.0,17848535.0,67.302,Technology,Rogers Corporation,3.75,0.18666666666666676,forecast_icc,0.05964861844615876,0.5472152266451042,2026-09-01
ROK,417.53,5.52,46366150656.0,111048676.0,31.464,Industrials,"Rockwell Automation, Inc.",13.21447,0.1225482368948585,forecast_icc,0.05390440532029295,0.07535746427575944,2026-09-01
ROKU,155.53,0.0,23083603968.0,132050905.0,19.027,Communication Services,"Roku, Inc.",2.99,0.3120401337792642,forecast_icc,0.06221615405259187,0.10884490016888336,2026-09-01
ROL,36.19,0.73,17412651008.0,481145404.0,2.971,Consumer Cyclical,"Rollins, Inc.",1.17133,0.11033611364858742,forecast_icc,0.05480643701661292,0.08209450672544026,2026-09-01
ROLR,6.11,0.0,67389104.0,11029313.0,2.694,Consumer Cyclical,"High Roller Technologies, Inc.",0.15,0.04,trailing_eps_fallback_icc,0.02885577036501974,0.44091652000596415,2026-09-01
ROOT,55.1,0.0,853678144.0,13687016.0,20.758,Financial Services,"Root, Inc.",4.74,0.01,forecast_icc,0.05740636009959099,0.3328128758184536,2026-09-01
ROP,418.31,3.64,41371222016.0,98900874.0,189.083,Technology,"Roper Technologies, Inc.",22.21842,0.09334552141871488,forecast_icc,0.0661597520128433,0.45201647539707035,2026-09-01
ROST,229.24,1.78,73535856640.0,320781076.0,19.64,Consumer Cyclical,"Ross Stores, Inc.",8.57734,0.038886181496827765,forecast_icc,0.0396479550230322,0.08567439913677465,2026-09-01
RPAY,3.51,0.0,309527200.0,82898508.0,5.701,Technology,Repay Holdings Corporation,0.96636,0.20503746015977486,forecast_icc,0.21343319201300825,1.5268590098317691,2026-09-01
RPC,8.43,0.16,929310080.0,78989717.0,3.334,Financial Services,"Ridgepost Capital, Inc.",1.0009,0.16181436706963748,forecast_icc,0.13686928474071813,0.2833841170408913,2026-09-01
RPD,12.01,0.0,809481728.0,67400640.0,2.922,Technology,"Rapid7, Inc.",1.83,0.1092896174863387,forecast_icc,0.12694243460553267,0.24329723978649215,2026-09-01
RPGL,1.52,0.0,24544790.0,16117920.0,308.19193,Technology,Republic Power Group Limited,21.31,0.04,trailing_eps_fallback_icc,0.4,202.38155927940716,2026-09-01
RPM,101.85,2.16,13000439808.0,127643000.0,25.944,Basic Materials,RPM International Inc.,6.00512,0.1251815117766173,forecast_icc,0.08489723258810222,0.25472753544554544,2026-09-01
RPRX,62.32,0.94,36010704896.0,445277344.0,15.528,Healthcare,Royalty Pharma plc,5.32994,0.07633857041542691,forecast_icc,0.08650041776110162,0.19200586652220805,2026-09-01
RPT,12.59,1.44,97856584.0,7772564.0,30.835,Real Estate,Rithm Property Trust Inc.,0.215,0.75,forecast_icc,0.16019619945033503,2.449165923674589,2026-09-01
RQI,12.16,1.08,1643807488.0,135181538.0,12.087,Financial Services,Cohen & Steers Quality Income R,0.35,0.04,trailing_eps_fallback_icc,0.038105566320192685,0.9939967190403747,2026-09-01
RR,1.815,0.0,408560032.0,185167097.0,1.691,Industrials,Richtech Robotics Inc.,0.07,0.04,trailing_eps_fallback_icc,0.039081850162617365,0.7663930304053824,2026-09-01
RRBI,100.15,1.0,659398208.0,6584106.0,58.401,Financial Services,"Red River Bancshares, Inc.",7.29667,0.05390541164668283,forecast_icc,0.06949924405777963,0.5831353040407414,2026-09-01
RRC,42.4,0.4,9908012032.0,233679515.0,20.152,Energy,Range Resources Corporation,4.12059,0.01,forecast_icc,0.06524507385487172,0.47528299027806437,2026-09-01
RRGB,8.46,0.0,159925744.0,18903752.0,-5.59,Consumer Cyclical,"Red Robin Gourmet Burgers, Inc.",0.28,0.01,forecast_icc,0.029194926846371927,,2026-09-01
RRR,56.1,1.04,5721511424.0,59130385.0,2.954,Consumer Cyclical,"Red Rock Resorts, Inc.",2.03601,0.26377571819391843,forecast_icc,0.09435182270660167,0.03052884882083913,2026-09-01
RRX,157.01,1.4,10455588864.0,66591867.0,103.836,Industrials,Regal Rexnord Corporation,10.63694,0.22875657848967856,forecast_icc,0.11460528819359772,0.6613336839993789,2026-09-01
RS,390.11,5.0,19916285952.0,51053000.0,144.977,Basic Materials,"Reliance, Inc.",23.14854,0.01,forecast_icc,0.04663807426796815,0.3716310761373025,2026-09-01
RSF,14.511,1.65,61701672.0,4039779.0,,Financial Services,RiverNorth Specialty Finance Co,1.9,0.01,forecast_icc,0.12427336295844305,,2026-09-01
RSG,223.29,2.68,68374298624.0,306212978.0,39.32,Industrials,"Republic Services, Inc.",7.27639,0.10728534341892071,forecast_icc,0.05131064311556044,0.1760938618350046,2026-09-01
RSI,25.75,0.0,5963037184.0,102953573.0,1.603,Consumer Cyclical,"Rush Street Interactive, Inc.",0.62,0.35608064516129034,forecast_icc,0.07971270361400962,0.02767626168118156,2026-09-01
RSKD,6.19,0.0,817313600.0,91847753.0,1.584,Technology,Riskified Ltd.,0.246,0.5528455284552847,forecast_icc,0.1490013099996329,0.17800614201452172,2026-09-01
RSSS,2.16,0.0,72246672.0,33447532.0,0.594,Technology,"Research Solutions, Inc",0.13,0.17946153846153834,forecast_icc,0.09019965951094244,0.2749999890375573,2026-09-01
RSVR,9.63,0.0,633792000.0,65814328.0,5.758,Communication Services,"Reservoir Media, Inc..",0.72,0.05555555555555558,forecast_icc,0.06791084095335453,0.59792313665051,2026-09-01
RTAC,10.5,0.0,400812032.0,24150000.0,-0.33,Financial Services,Renatus Tactical Acquisition Co,0.29,0.75,trailing_eps_fallback_icc,0.16249013357666303,,2026-09-01
RTO,24.3,0.64,12228925440.0,503247977.0,10.92,Industrials,Rentokil Initial plc,1.40439,0.10399532893284635,forecast_icc,0.08019290856759051,0.44938273078881413,2026-09-01
RTX,205.16,2.92,276506050560.0,1347758144.0,49.25,Industrials,RTX Corporation,7.24276,0.08465005053322217,forecast_icc,0.050013965551551354,0.2400565501462566,2026-09-01
RUN,8.37,0.0,2015889152.0,240846982.0,14.534,Technology,Sunrun Inc.,1.45688,0.01,forecast_icc,0.09263923351142,1.7364397407045524,2026-09-01
RUSHA,48.75,0.56,7926146048.0,137571600.0,30.0,Consumer Cyclical,"Rush Enterprises, Inc.",3.72489,0.2353707089336865,forecast_icc,0.1256296190236369,0.5207004734717702,2026-09-01
RUSHB,49.46,0.56,5773486080.0,25016016.0,30.0,Consumer Cyclical,"Rush Enterprises, Inc.",2.21,0.011,trailing_eps_fallback_icc,0.03808365545085601,0.12998740615306031,2026-09-01
RVLV,22.21,0.0,1589248512.0,41412365.0,7.571,Consumer Cyclical,"Revolve Group, Inc.",0.91,0.2527472527472525,forecast_icc,0.08650289741681194,0.1972838187656582,2026-09-01
RVSB,5.15,0.08,102758912.0,19953186.0,7.205,Financial Services,Riverview Bancorp Inc,0.28,0.3214285714285714,forecast_icc,0.12976853736536065,1.3990290703934272,2026-09-01
RVT,18.19,1.44,2260084224.0,124248724.0,17.689,Financial Services,"Royce Value Trust, Inc.",2.9,0.499,trailing_eps_fallback_icc,0.333814147697456,0.9724574223814413,2026-09-01
RVTY,126.59,0.28,14125721600.0,111586401.0,64.783,Healthcare,"Revvity, Inc.",5.34931,0.101424295843763,forecast_icc,0.05633117284488376,0.51175451567607,2026-09-01
RWAY,6.61,1.32,277024480.0,41909904.0,11.905,Financial Services,Runway Growth Finance Corp.,1.403,0.01,forecast_icc,0.2079095526130118,1.801058906851842,2026-09-01
RXO,20.11,0.0,3316664576.0,164926128.0,9.132,Industrials,"RXO, Inc.",0.12085,0.75,forecast_icc,0.0718232900107777,0.4541024171676744,2026-09-01
RXT,3.0,0.0,764618560.0,254872850.0,-4.884,Technology,"Rackspace Technology, Inc.",0.13587,0.04,forecast_icc,0.04394475115378127,,2026-09-01
RY,203.48,5.07,281703776256.0,1384429799.0,69.82553,Financial Services,Royal Bank Of Canada,16.38664,0.08579550170138606,forecast_icc,0.09054182174288161,0.3431567220991754,2026-09-01
RYAAY,53.82,0.9,27921238016.0,518789258.0,21.300928,Industrials,Ryanair Holdings plc,3.93354,0.253359569242972,forecast_icc,0.1311648941918967,0.39578089716147,2026-09-01
RYAM,8.33,0.0,563476224.0,67644208.0,2.88,Basic Materials,Rayonier Advanced Materials Inc,1.145,0.04,forecast_icc,0.0939323368327529,0.3457383128910866,2026-09-01
RYAN,42.32,0.52,16505057280.0,122077702.0,4.195,Financial Services,"Ryan Specialty Holdings, Inc.",2.1669,0.11565831372006086,forecast_icc,0.07165098146956816,0.031027820818929023,2026-09-01
RYN,20.81,1.04,6227382784.0,297567291.0,17.455,Real Estate,Rayonier Inc. REIT,0.41717,0.47421914327492387,forecast_icc,0.11281498223295239,0.8340642039461629,2026-09-01
RYOJ,5.5,0.0,63525000.0,11550000.0,0.528,Industrials,"rYojbaba Co., Ltd.",0.01,0.04,trailing_eps_fallback_icc,0.010000000000000002,0.096,2026-09-01
RYZ,25.34,0.75,1315111808.0,51898653.0,24.829,Industrials,Ryerson Holding Corporation,1.315,0.75,forecast_icc,0.2596367262881215,0.9798342981169553,2026-09-01
S,20.63,0.0,7180253184.0,342184493.0,4.242,Technology,"SentinelOne, Inc.",0.46689,0.04,forecast_icc,0.027236836462716664,0.2021581387325631,2026-09-01
SA,29.92,0.0,3227506688.0,107871216.0,7.3789034,Basic Materials,"Seabridge Gold, Inc.",0.19,0.75,trailing_eps_fallback_icc,0.0742990184460387,0.2466211101789464,2026-09-01
SABR,2.01,0.0,811202240.0,403583214.0,-2.632,Technology,Sabre Corporation,0.17667,0.04,forecast_icc,0.0703621219010998,,2026-09-01
SABS,3.7,0.0,336649568.0,90986368.0,2.572,Healthcare,"SAB Biotherapeutics, Inc.",0.24,0.04,trailing_eps_fallback_icc,0.057080415070187296,0.6951351219200138,2026-09-01
SACH,0.873,0.16,41864396.0,47954632.0,3.311,Real Estate,Sachem Capital Corp.,0.05,0.01,forecast_icc,0.05888022621485567,3.7926687525122778,2026-09-01
SAFE,15.2,0.71,1076407424.0,70816280.0,34.327,Real Estate,Safehold Inc. New,1.62857,0.042982493844292646,forecast_icc,0.09911435445572037,2.258355330295455,2026-09-01
SAFT,103.16,3.68,1514438528.0,14680482.0,59.705,Financial Services,"Safety Insurance Group, Inc.",6.25,0.21,forecast_icc,0.11944228237349896,0.5787611458667274,2026-09-01
SAGT,0.6423,0.0,12235815.0,19050000.0,1.2785143,Technology,SAGTEC GLOBAL LIMITED,0.09,0.04,trailing_eps_fallback_icc,0.09506057492153533,1.990525144013701,2026-09-01
SAH,77.89,1.64,2462476800.0,19585427.0,32.447,Consumer Cyclical,"Sonic Automotive, Inc.",6.9241,0.10423159688623795,forecast_icc,0.1003293653005376,0.25806876632055986,2026-09-01
SAIA,331.62,0.0,8822786048.0,26605107.0,102.489,Industrials,"Saia, Inc.",11.33163,0.2492148084609187,forecast_icc,0.07668717531513203,0.3090555292272004,2026-09-01
SAIC,126.78,1.48,5311782400.0,41897635.0,33.868,Technology,Science Applications Internatio,10.17841,0.08081517643718428,forecast_icc,0.08330851851363763,0.26713991562982703,2026-09-01
SAIL,19.23,0.0,10906928128.0,567182997.0,12.063,Technology,"SailPoint, Inc.",0.32336,0.2365475012370113,forecast_icc,0.04591863861070568,0.6273011440541694,2026-09-01
SAM,174.95,0.0,1821831680.0,8345442.0,70.883,Consumer Defensive,"Boston Beer Company, Inc. (The)",9.01426,0.1428148289487987,forecast_icc,0.07347712461116485,0.3247006689915503,2026-09-01
SAMG,10.17,0.84,78124120.0,7681821.0,5.939,Financial Services,Silvercrest Asset Management Gr,0.43,0.75,forecast_icc,0.265149108198088,0.5839724648290439,2026-09-01
SAN,14.38,0.28,208993239040.0,14533605510.0,8.84362,Financial Services,"Banco Santander, S.A. Sponsored",1.27996,0.11818338073064782,forecast_icc,0.10421446618459618,0.6149944608291679,2026-09-01
SANG,3.9,0.0,129787288.0,33278790.0,7.464,Technology,Sangoma Technologies Corporatio,0.13,0.04,forecast_icc,0.03554854840600183,1.9138460506240025,2026-09-01
SANM,187.3,0.0,10038785024.0,53597356.0,47.758,Technology,Sanmina Corporation,12.09831,0.15035488427722554,forecast_icc,0.08667608416322548,0.25498130717297446,2026-09-01
SAP,212.04,2.93,244737474560.0,1154204232.0,3.1771898,Technology,SAP  SE,8.22814,0.17570799719013053,forecast_icc,0.07423558267970029,0.014983916621760345,2026-09-01
SAR,18.34,3.0,294924000.0,16080916.0,23.234,Financial Services,Saratoga Investment Corp New,1.95429,0.043857359961929854,forecast_icc,0.130216472985636,1.2668484163513314,2026-09-01
SARO,24.21,0.0,8011558912.0,330919431.0,8.321,Industrials,"StandardAero, Inc.",1.20256,0.24547631718999452,forecast_icc,0.09529540288114194,0.3437009720076561,2026-09-01
SB,8.75,0.3,891042880.0,101833473.0,8.546,Industrials,"Safe Bulkers, Inc",1.01,0.01,forecast_icc,0.08147814652816276,0.9766857238767228,2026-09-01
SBAC,188.81,5.0,20030496768.0,106088110.0,-43.642,Real Estate,SBA Communications Corporation,7.71872,0.06319052899962685,forecast_icc,0.05423591256967947,,2026-09-01
SBC,4.18,0.0,429900224.0,102846943.0,2.572,Industrials,SBC Medical Group Holdings Inco,0.46,0.17391304347826098,forecast_icc,0.12569149412730274,0.6153110015499782,2026-09-01
SBCF,33.04,0.76,3199032064.0,96823000.0,28.506,Financial Services,Seacoast Banking Corporation of,2.53167,0.09492943393096254,forecast_icc,0.09005677596327855,0.8627723582579259,2026-09-01
SBET,8.15,0.0,1768413952.0,216983308.0,6.501,Financial Services,"SharpLink, Inc.",1.99,0.04,forecast_icc,0.1322354067810746,0.7976687153551705,2026-09-01
SBFG,27.79,0.64,173770656.0,6252992.0,23.456,Financial Services,"SB Financial Group, Inc.",2.56,0.015625,forecast_icc,0.06990814010474355,0.8440445799548573,2026-09-01
SBFM,1.13,0.0,4381391.0,3877337.0,11.524,Healthcare,Sunshine Biopharma Inc.,199.8,0.04,forecast_icc,0.4,10.198229646247048,2026-09-01
SBGI,13.86,1.0,1002328320.0,48562824.0,5.259,Communication Services,"Sinclair, Inc.",0.4,0.01,forecast_icc,0.0311937477719203,0.25479863864965924,2026-09-01
SBH,16.37,0.0,1532596992.0,93622292.0,9.262,Consumer Cyclical,"Sally Beauty Holdings, Inc. (Na",2.066,0.0842207163601163,forecast_icc,0.10550807502240411,0.5657910546806032,2026-09-01
SBI,7.56,0.5,106462312.0,14082315.0,8.459,Financial Services,Western Asset Intermediate Muni,0.01,0.04,forecast_icc,0.010000000000000002,1.1189152325096978,2026-09-01
SBLK,31.05,1.88,3467396352.0,111671386.0,22.517,Industrials,Star Bulk Carriers Corp.,4.31391,0.01,forecast_icc,0.10168920872201392,0.7251852235212826,2026-09-01
SBR,75.68,4.77,1103364864.0,14579345.0,0.577,Energy,Sabine Royalty Trust,4.9,0.172,trailing_eps_fallback_icc,0.12955254062871446,0.007624206950458049,2026-09-01
SBRA,20.94,1.2,5349390336.0,255462756.0,10.768,Real Estate,"Sabra Health Care REIT, Inc.",0.67,0.15920895522388046,forecast_icc,0.07145414586414123,0.5142311149170925,2026-09-01
SBS,4.87,0.03,17126356992.0,3516705733.0,2.485992,Utilities,Companhia de saneamento Basico ,0.291,0.6597938144329898,forecast_icc,0.2141797023972799,0.510470634395622,2026-09-01
SBSI,31.42,1.48,934798784.0,29751711.0,29.61,Financial Services,"Southside Bancshares, Inc.",3.282,0.01,forecast_icc,0.08115135446081059,0.9423933554346601,2026-09-01
SBSW,11.66,0.31,8434497536.0,707641816.0,1.7453325,Basic Materials,D/B/A Sibanye-Stillwater Limite,28.17348,0.282781892758722,forecast_icc,0.4,0.14643080450878204,2026-09-01
SBUX,106.15,2.48,121011003392.0,1140000000.0,-6.733,Consumer Cyclical,Starbucks Corporation,2.59046,0.20270531102584077,forecast_icc,0.06559091560167507,,2026-09-01
SBXD,10.84,0.0,275932192.0,20455000.0,-0.523,Financial Services,SilverBox Corp IV,0.21,0.132,trailing_eps_fallback_icc,0.03604249421719807,,2026-09-01
SCCO,201.61,4.4,170228137984.0,844343686.0,14.688,Basic Materials,Southern Copper Corporation,7.62602,0.01,forecast_icc,0.03579277866293429,0.07285352590259582,2026-09-01
SCD,15.55,1.44,356193536.0,22906336.0,17.268,Financial Services,LMP Capital and Income Fund Inc,3.05,0.04,trailing_eps_fallback_icc,0.15794765643862518,1.1104822801950005,2026-09-01
SCHL,38.44,1.0,725077376.0,18034475.0,40.046,Communication Services,Scholastic Corporation,1.6,0.5093749999999999,forecast_icc,0.171983699439897,0.9960434703316409,2026-09-01
SCHW,108.28,1.28,187252457472.0,1729335714.0,25.423,Financial Services,Charles Schwab Corporation (The,6.48819,0.20291637575348442,forecast_icc,0.10210693071795951,0.23478945190129802,2026-09-01
SCI,81.43,1.44,11098223616.0,136291587.0,11.252,Consumer Cyclical,Service Corporation Internation,4.19034,0.09731429907835643,forecast_icc,0.06928885857754852,0.13818003583142074,2026-09-01
SCKT,0.6018,0.0,4989934.0,8291681.0,0.288,Technology,"Socket Mobile, Inc.",0.05,0.04,forecast_icc,0.06774214623064789,0.4785642711907612,2026-09-01
SCL,61.45,1.58,1396914560.0,22732540.0,53.318,Basic Materials,Stepan Company,2.69,0.37174721189591087,forecast_icc,0.13810076165663243,0.867664782390127,2026-09-01
SCLX,5.4,0.0,37987580.0,7034737.0,-29.544,Healthcare,Scilex Holding Company,0.73,0.04,forecast_icc,0.09296257472576885,,2026-09-01
SCM,8.72,1.33,248345056.0,28479937.0,12.798,Financial Services,Stellus Capital Investment Corp,1.042,0.01,forecast_icc,0.12256616139313359,1.4676605187823832,2026-09-01
SCNI,2.46,0.0,1666849.0,677581.0,1.735,Healthcare,Scinai Immunotherapeutics Ltd.,28.07,0.04,trailing_eps_fallback_icc,0.4,0.7052846628578834,2026-09-01
SCOR,5.12,0.0,77743744.0,15184326.0,5.892,Technology,"comScore, Inc.",7.28,0.04,trailing_eps_fallback_icc,0.3307081553652279,1.1507813257874486,2026-09-01
SCSC,56.24,0.0,1143051520.0,20324529.0,45.174,Technology,"ScanSource, Inc.",4.72667,0.10437157660678653,forecast_icc,0.08826753631123829,0.8032361245151924,2026-09-01
SCZM,9.2,0.0,855510656.0,92990284.0,2.292,Basic Materials,Santacruz Silver Mining Ltd.,0.81,0.6975308641975309,forecast_icc,0.2533014881211729,0.24913042220247925,2026-09-01
SD,14.37,0.52,532772000.0,37075296.0,14.29,Energy,"SandRidge Energy, Inc.",2.13,0.01,forecast_icc,0.09569947763575193,0.9944328527775483,2026-09-01
SDA,0.6604,0.0,67366976.0,55969794.0,0.325,Consumer Cyclical,SunCar Technology Group Inc.,0.08,0.75,forecast_icc,0.3027768238925339,0.27001632149853366,2026-09-01
SDHC,11.41,0.0,95758240.0,8392484.0,9.475,Real Estate,Smith Douglas Homes Corp.,0.29667,0.4494219166076785,forecast_icc,0.10074748911890896,0.8304119405285644,2026-09-01
SDHI,10.51,0.0,366147392.0,27938000.0,7.596,Financial Services,Siddhi Acquisition Corp,0.4,0.04,trailing_eps_fallback_icc,0.03875115030905307,0.5795945912404588,2026-09-01
SDHY,15.84,1.3,390821216.0,24673056.0,,Financial Services,PGIM Short Duration High Yield Opportunities Fund,1.2,0.04,trailing_eps_fallback_icc,0.09357732691749276,,2026-09-01
SDOT,13.3,0.0,19349212.0,1454828.0,-8.72,Consumer Defensive,Sadot Group Inc.,2.4,0.75,forecast_icc,0.3523201475645764,,2026-09-01
SDRL,49.13,0.0,3072661248.0,62541443.0,45.794,Energy,Seadrill Limited,0.73967,0.75,forecast_icc,0.12068990984871386,0.9320984676088835,2026-09-01
SE,112.65,0.0,68996382720.0,566956729.0,20.292,Consumer Cyclical,Sea Limited,3.74628,0.3718542127123441,forecast_icc,0.09970543230267503,0.16674332032095263,2026-09-01
SEB,4123.38,9.0,3949352704.0,957794.0,5727.745,Industrials,Seaboard Corporation,660.44,0.518,trailing_eps_fallback_icc,0.2672836021195878,1.3890883407231889,2026-09-01
SEDG,32.49,0.0,1998971648.0,61525748.0,6.699,Technology,"SolarEdge Technologies, Inc.",0.96977,0.04,forecast_icc,0.033020570776124525,0.20618650908049296,2026-09-01
SEG,26.05,0.0,333688416.0,12809536.0,31.544,Real Estate,Seaport Entertainment Group Inc,1.5,0.04,forecast_icc,0.05242970938491942,1.2109020997120858,2026-09-01
SEI,49.64,0.48,4995092480.0,65831540.0,14.359,Energy,"Solaris Energy Infrastructure, ",0.9995,0.75,forecast_icc,0.15648572403549277,0.18924075713208818,2026-09-01
SEIC,109.54,1.04,13146901504.0,120019182.0,20.835,Financial Services,SEI Investments Company,6.23911,0.10859721979577208,forecast_icc,0.07358722328749145,0.19020448705797197,2026-09-01
SELF,5.25,0.29,59962456.0,11421420.0,4.061,Real Estate,"Global Self Storage, Inc.",0.23,0.198,forecast_icc,0.10394480368115688,0.773523796623674,2026-09-01
SENEA,204.04,0.0,1381443968.0,5221238.0,114.339,Consumer Defensive,Seneca Foods Corp.,13.83,0.053506869125090395,forecast_icc,0.06294004785223517,0.4321500875249397,2026-09-01
SENEB,193.67,0.0,1311234432.0,1549219.0,114.339,Consumer Defensive,Seneca Foods Corp.,17.29,0.331,trailing_eps_fallback_icc,0.1558132161628586,0.13509113772341816,2026-09-01
SEVN,7.48,1.12,169471408.0,22656606.0,14.148,Real Estate,Seven Hills Realty Trust,1.01279,0.143939019935031,forecast_icc,0.21577110007042488,1.8914439047322953,2026-09-01
SEZL,114.52,0.0,3856462592.0,33675014.0,6.92,Financial Services,Sezzle Inc.,5.26,0.2636254752851712,forecast_icc,0.09502581674637678,0.06042612661754039,2026-09-01
SF,78.84,1.36,11904975872.0,151001734.0,35.149,Financial Services,Stifel Financial Corporation,6.52336,0.12343638860955086,forecast_icc,0.10061793238439393,0.4458270227030999,2026-09-01
SFBC,47.25,0.84,121340032.0,2568043.0,43.995,Financial Services,"Sound Financial Bancorp, Inc.",3.12,0.241,trailing_eps_fallback_icc,0.1218634678302205,0.9311111091927188,2026-09-01
SFBS,41.53,0.76,4541098496.0,109345020.0,36.179,Financial Services,"ServisFirst Bancshares, Inc.",3.215,0.13011819595645413,forecast_icc,0.09940101697389647,0.8711534185097756,2026-09-01
SFD,21.84,1.25,8599880704.0,393767431.0,17.444,Consumer Defensive,"Smithfield Foods, Inc.",2.52456,0.01,forecast_icc,0.09028442322355168,0.7987179477000335,2026-09-01
SFL,12.43,0.88,1723671680.0,138670282.0,7.694,Industrials,SFL Corporation Ltd,0.30238,0.75,forecast_icc,0.19608802640680245,0.618986296571282,2026-09-01
SFM,80.81,0.0,7535340032.0,93247625.0,15.646,Consumer Defensive,"Sprouts Farmers Market, Inc.",5.55091,0.0721611411462264,forecast_icc,0.0688930761400316,0.19361466563610014,2026-09-01
SFNC,22.23,0.86,3212541440.0,144513789.0,24.106,Financial Services,Simmons First National Corporat,2.04833,0.07404568599786177,forecast_icc,0.09982480262128393,1.0843904935383495,2026-09-01
SFST,60.79,0.0,575787968.0,9471755.0,47.766,Financial Services,"Southern First Bancshares, Inc.",5.0,0.23499999999999988,forecast_icc,0.12359061429097651,0.7857542610720202,2026-09-01
SFWL,0.8301,0.0,68481184.0,40617513.0,1.599,Industrials,Shengfeng Development Limited,0.14,0.038,trailing_eps_fallback_icc,0.10555919850960482,0.9483977859816208,2026-09-01
SG,6.47,0.0,770197248.0,107147757.0,3.928,Consumer Cyclical,"Sweetgreen, Inc.",0.09,0.04,trailing_eps_fallback_icc,0.018913727150718415,0.5464527308931646,2026-09-01
SGA,8.67,1.0,55123756.0,6357988.0,23.314,Communication Services,"Saga Communications, Inc.",0.48,0.01,forecast_icc,0.05691945462388147,2.68904267394261,2026-09-01
SGC,12.19,0.56,194372000.0,15945201.0,12.128,Consumer Cyclical,"Superior Group of Companies, In",0.655,0.40966412213740444,forecast_icc,0.18245935829786986,0.9949138647953409,2026-09-01
SGHC,13.46,0.17,6838713856.0,508076788.0,1.637,Consumer Cyclical,Super Group (SGHC) Limited,0.76188,0.1607470992807265,forecast_icc,0.0883478766242739,0.12161960852131316,2026-09-01
SGI,63.65,0.68,13389763584.0,210365491.0,15.356,Consumer Cyclical,Somnigroup International Inc.,3.01734,0.19025698131466795,forecast_icc,0.0856813153459125,0.24125687205232735,2026-09-01
SGML,12.26,0.0,1380087552.0,112568313.0,0.65,Basic Materials,Sigma Lithium Corporation,0.55,0.75,forecast_icc,0.20198001533571375,0.05301794320509892,2026-09-01
SGRY,14.6,0.0,1911406592.0,130918260.0,12.883,Healthcare,"Surgery Partners, Inc.",0.4857,0.2914762198888201,forecast_icc,0.08372100220034076,0.882397262120565,2026-09-01
SGU,12.79,0.79,419655456.0,32811216.0,12.054,Energy,Star Group L.P.,0.88,0.04,forecast_icc,0.08227836148366816,0.9424550354565151,2026-09-01
SHAK,67.62,0.0,2896769024.0,40408149.0,13.483,Consumer Cyclical,"Shake Shack, Inc.",1.12448,0.24523335230506538,forecast_icc,0.046778037451256194,0.1880795701877127,2026-09-01
SHBI,22.75,0.56,759219264.0,33372276.0,18.436,Financial Services,"Shore Bancshares, Inc.",2.165,0.04849884526558901,forecast_icc,0.08596109741206404,0.8103736423842901,2026-09-01
SHC,18.68,0.0,5330801152.0,285374795.0,2.333,Healthcare,Sotera Health Company,0.98463,0.09164863959050606,forecast_icc,0.06231064143311038,0.12489293405461468,2026-09-01
SHEL,93.51,3.12,257282768896.0,2751392975.0,64.904,Energy,Shell PLC,10.95646,0.01,forecast_icc,0.08191750739054149,0.6940861621463074,2026-09-01
SHG,79.94,2.0,37640896512.0,470864361.0,81.19967,Financial Services,Shinhan Financial Group Co Ltd,8.51995,0.0959160558453982,forecast_icc,0.10993360716027734,1.0157577069337809,2026-09-01
SHIM,3.3,0.0,136408224.0,41335823.0,-1.676,Industrials,Shimmick Corporation,0.045,0.75,forecast_icc,0.11461570547960787,,2026-09-01
SHIP,18.01,1.4,390244256.0,21668198.0,14.834,Industrials,Seanergy Maritime Holdings Corp,3.57,0.01,forecast_icc,0.13126014230576166,0.8236535046706747,2026-09-01
SHLS,6.7,0.0,1127609600.0,168299950.0,3.586,Technology,"Shoals Technologies Group, Inc.",0.44342,0.24306526543683193,forecast_icc,0.11166314943616695,0.5352239114494945,2026-09-01
SHMD,3.11,0.0,205132192.0,65958903.0,-3.571039,Industrials,SCHMID Group N.V.,0.2456762,0.04,forecast_icc,0.06545636375648131,,2026-09-01
SHO,10.96,0.36,2037945600.0,185943941.0,8.796,Real Estate,"Sunstone Hotel Investors, Inc. ",0.28,0.01,forecast_icc,0.028134569613681423,0.802554741910677,2026-09-01
SHOE,12.84,0.68,348622784.0,27151308.0,24.802,Consumer Cyclical,"Shoe Station Group, Inc.",1.49667,0.23162086498693757,forecast_icc,0.18165248259803468,1.9316199970911827,2026-09-01
SHOO,41.44,0.84,3032458752.0,73177095.0,12.842,Consumer Cyclical,"Steven Madden, Ltd.",2.19122,0.26600706455764356,forecast_icc,0.1168910632877066,0.30989382901588103,2026-09-01
SHOP,139.82,0.0,179898564608.0,1208570347.0,9.839,Technology,Shopify Inc.,1.90619,0.2867395170470939,forecast_icc,0.045838929056219446,0.06609904681587553,2026-09-01
SHPH,3.61,0.0,2112315.0,585129.0,6.028,Healthcare,Shuttle Pharmaceuticals Holding,0.1,0.04,trailing_eps_fallback_icc,0.03138294537999173,1.6698066396347135,2026-09-01
SHW,329.95,3.2,80098050048.0,242758151.0,15.973,Basic Materials,Sherwin-Williams Company (The),12.08941,0.1263287455715374,forecast_icc,0.05891477912520837,0.04841036633974613,2026-09-01
SID,1.13,0.0,1498486144.0,1326093947.0,1.7625633,Basic Materials,Companhia Siderurgica Nacional ,0.061,0.75,forecast_icc,0.2186063486238189,1.5597905477425258,2026-09-01
SIF,21.51,0.0,134526288.0,6254128.0,6.626,Industrials,"SIFCO Industries, Inc.",0.63,0.04,trailing_eps_fallback_icc,0.03260004165992539,0.30804278289459675,2026-09-01
SIFY,14.21,0.0,1029295872.0,72434615.0,2.7353945,Communication Services,Sify Technologies Limited - Ame,0.02,0.75,forecast_icc,0.026989040081510596,0.19249785496139393,2026-09-01
SIG,81.26,1.4,3195938304.0,39329783.0,47.788,Consumer Cyclical,Signet Jewelers Limited,10.81687,0.13852713400456884,forecast_icc,0.13588716697742742,0.5880875946984488,2026-09-01
SIGA,3.24,0.0,232793072.0,71849716.0,2.301,Healthcare,SIGA Technologies Inc.,0.05,0.75,forecast_icc,0.12223807681022791,0.7101852091027864,2026-09-01
SIGI,91.21,1.72,5436115968.0,59600000.0,58.134,Financial Services,"Selective Insurance Group, Inc.",8.15125,0.07652200582732727,forecast_icc,0.09042111484265425,0.6373643278391518,2026-09-01
SII,127.07,1.6,3269851392.0,25732678.0,15.241,Financial Services,Sprott Inc.,4.6175,0.027070925825663172,forecast_icc,0.03742945200462244,0.1199417644353912,2026-09-01
SILC,40.06,0.0,230249312.0,5747611.0,20.102,Technology,Silicom Ltd,0.24,0.04,forecast_icc,0.010000000000000002,0.5017972706124741,2026-09-01
SIM,30.28,0.0,4645418496.0,153415405.0,23.236275,Basic Materials,"Grupo Simec, S.A.B. de C.V.",1.07,0.04,forecast_icc,0.036935936161761496,0.7673802786306327,2026-09-01
SIMA,11.2,0.0,92057672.0,3552768.0,-0.002,Financial Services,SIM Acquisition Corp. I,0.24,0.01,trailing_eps_fallback_icc,0.02123648599638045,,2026-09-01
SIMO,237.35,2.0,8048005120.0,33907750.0,30.873,Technology,Silicon Motion Technology Corpo,11.13541,0.4254293286012818,forecast_icc,0.14014714409587492,0.13007372015066512,2026-09-01
SIRI,27.62,1.08,9309787136.0,337066891.0,34.914,Communication Services,SiriusXM Holdings Inc.,2.99399,0.08972641859191244,forecast_icc,0.11535367434991917,1.2640840505221622,2026-09-01
SITC,2.9,0.0,152178496.0,52475339.0,5.379,Real Estate,SITE Centers Corp.,2.41,0.04,trailing_eps_fallback_icc,0.25348849261873185,1.8548274289752475,2026-09-01
SITE,97.47,0.0,4318723072.0,44308229.0,38.57,Industrials,"SiteOne Landscape Supply, Inc.",4.2273,0.21677903153313016,forecast_icc,0.08169079495158912,0.3957115017653996,2026-09-01
SITM,552.75,0.0,16621765632.0,30071036.0,38.664,Technology,SiTime Corporation,11.14301,0.3393795751776225,forecast_icc,0.06863406056666588,0.06994843758749973,2026-09-01
SJM,131.42,4.48,14038703104.0,106823183.0,51.975,Consumer Defensive,The J.M. Smucker Company,10.68938,0.01,forecast_icc,0.06499769200684546,0.3954877380976202,2026-09-01
SKHY,160.78,0.0,1141304721408.0,7098548910.0,26.64144,Technology,SK hynix Inc.,26.24293,0.28440650491389485,forecast_icc,0.19227540292407486,0.1657012026021614,2026-09-01
SKIL,6.53,0.0,58557968.0,8967529.0,-8.241,Consumer Defensive,Skillsoft Corp.,4.19,,forecast_icc,0.010000000000000002,,2026-09-01
SKIN,0.675,0.0,87845016.0,130140763.0,0.427,Consumer Defensive,SkinHealth Systems Inc.,0.13,0.46153846153846145,forecast_icc,0.26760752377419594,0.6325925855713885,2026-09-01
SKM,37.76,0.97,14495614976.0,383888128.0,23.754211,Communication Services,"SK Telecom Co., Ltd.",2.69163,0.75,forecast_icc,0.2810740878108303,0.6290840097508816,2026-09-01
SKT,38.04,1.25,4547254272.0,114875851.0,5.867,Real Estate,Tanger Inc.,1.09445,0.07963817442551058,forecast_icc,0.04703860524211986,0.14821617123261674,2026-09-01
SKWD,57.42,0.0,2327982592.0,40543065.0,28.55,Financial Services,Skyward Specialty Insurance Gro,5.02554,0.09973256605260317,forecast_icc,0.08911047606976247,0.49721355723522526,2026-09-01
SKY,85.68,0.0,4650722304.0,54280134.0,28.98,Consumer Cyclical,"Champion Homes, Inc.",3.47815,0.2258643244253411,forecast_icc,0.08032647490010791,0.338235263362652,2026-09-01
SKYQ,2.83,0.0,24998494.0,8833390.0,1.339,Energy,Sky Quarry Inc.,0.17,0.04,trailing_eps_fallback_icc,0.05404763717169414,0.4731448706470077,2026-09-01
SKYW,93.34,0.0,3701890304.0,39660281.0,70.927,Industrials,"SkyWest, Inc.",10.85096,0.12629481631118344,forecast_icc,0.11439809259785769,0.759877932484247,2026-09-01
SLAB,219.12,0.0,7311324160.0,33366761.0,32.812,Technology,"Silicon Laboratories, Inc.",2.92237,0.4923469649633687,forecast_icc,0.07376078951372589,0.1497444427265006,2026-09-01
SLB,57.15,1.18,84818788352.0,1484143231.0,17.568,Energy,SLB Limited,2.49877,0.29335633131500694,forecast_icc,0.11326506076463994,0.30740156501649907,2026-09-01
SLDE,23.29,0.28,2720545024.0,116811719.0,10.339,Financial Services,"Slide Insurance Holdings, Inc.",3.781,0.01,forecast_icc,0.09244486736861568,0.44392441664696375,2026-09-01
SLE,3.73,0.0,173648368.0,46554520.0,15.518,Communication Services,"Super League Enterprise, Inc.",116.78,0.04,trailing_eps_fallback_icc,0.4,4.160321514567877,2026-09-01
SLF,77.99,2.77,43418169344.0,556714560.0,31.844593,Financial Services,Sun Life Financial Inc.,8.03141,0.07980914932745309,forecast_icc,0.10682537492762278,0.4083163534582321,2026-09-01
SLGN,41.41,0.84,4376292352.0,105682020.0,22.514,Consumer Cyclical,Silgan Holdings Inc.,3.82112,0.0713508081400216,forecast_icc,0.09094911680683437,0.543685112168667,2026-09-01
SLM,25.77,0.52,4844760064.0,188000000.0,11.831,Financial Services,SLM Corporation,3.11846,0.07830788273699207,forecast_icc,0.10906356869571521,0.45909972230154183,2026-09-01
SLND,0.62,0.0,33749860.0,54435257.0,-3.117,Industrials,"Southland Holdings, Inc.",0.17,0.04,forecast_icc,0.14119938557040046,,2026-09-01
SLP,18.42,0.0,372541504.0,20224838.0,6.877,Healthcare,"Simulations Plus, Inc.",0.86,0.026162790697674465,forecast_icc,0.04126437312145399,0.3733442030824034,2026-09-01
SLQT,0.5362,0.0,94678512.0,176573132.0,2.182,Financial Services,"SelectQuote, Inc.",0.02,0.04,forecast_icc,0.038252424489356784,4.069377157342735,2026-09-01
SLVM,34.52,1.8,1372523648.0,39760243.0,23.995,Basic Materials,Sylvamo Corporation,1.455,0.75,forecast_icc,0.26470742870332364,0.695104257165411,2026-09-01
SM,38.04,0.88,9047968768.0,237854068.0,32.898,Energy,SM Energy Company,7.14379,0.04665170728702828,forecast_icc,0.12559637765788,0.8648264963887198,2026-09-01
SMA,32.5,1.6,1799489408.0,55368903.0,20.886,Real Estate,"SmartStop Self Storage REIT, In",0.59667,0.013441265691253035,forecast_icc,0.021870413510469366,0.6426461322399736,2026-09-01
SMBC,72.63,1.02,799736832.0,11011109.0,52.066,Financial Services,"Southern Missouri Bancorp, Inc.",6.725,0.06319702602230493,forecast_icc,0.08583884202237291,0.7168663218377318,2026-09-01
SMBK,50.0,0.34,854923584.0,17098473.0,33.735,Financial Services,"SmartFinancial, Inc.",3.73667,0.12131924949219508,forecast_icc,0.0896145936874509,0.6747000520867605,2026-09-01
SMCI,36.71,0.0,23746707456.0,646873027.0,16.713,Technology,"Super Micro Computer, Inc.",4.3382,0.12258540408464347,forecast_icc,0.11426303806328428,0.4552710694854404,2026-09-01
SMFG,26.03,0.59,164835426304.0,6332516655.0,15.334825,Financial Services,Sumitomo Mitsui Financial Group,1.80549,0.12293061717317721,forecast_icc,0.09331195862394204,0.5891211427749612,2026-09-01
SMG,59.1,2.64,3440817920.0,58220274.0,-4.923,Basic Materials,Scotts Miracle-Gro Company (The,4.4161,0.07159258168972626,forecast_icc,0.09064905993101383,,2026-09-01
SMID,25.64,0.0,136010096.0,5304606.0,10.489,Basic Materials,Smith-Midland Corporation,1.46,0.01,trailing_eps_fallback_icc,0.04225300869603654,0.40908736902884035,2026-09-01
SMP,37.71,1.32,839548288.0,22263279.0,32.131,Consumer Cyclical,"Standard Motor Products, Inc.",4.24,0.15172877358490555,forecast_icc,0.1384224875879122,0.8520551203232279,2026-09-01
SMPL,11.38,0.0,1006460928.0,88441207.0,16.035,Consumer Defensive,The Simply Good Foods Company,1.64594,0.03286268029211259,forecast_icc,0.09383469185762833,1.4090509773321276,2026-09-01
SMSI,2.84,0.0,15875259.0,5589880.0,3.581,Technology,"Smith Micro Software, Inc.",0.46,0.04,forecast_icc,0.1038956079515031,1.2609155088430368,2026-09-01
SMTC,132.27,0.0,12344180736.0,93325626.0,6.156,Technology,Semtech Corporation,3.47422,0.6796892539908239,forecast_icc,0.14514903992182593,0.04654116509980432,2026-09-01
SMTI,34.79,0.0,319651744.0,9188035.0,0.767,Healthcare,Sanara MedTech Inc.,0.2,0.75,forecast_icc,0.06987407678504354,0.022046564666952043,2026-09-01
SMWB,8.78,0.0,774823616.0,88248704.0,0.258,Technology,Similarweb Ltd.,0.2117,0.4758148323098723,forecast_icc,0.10134066603299041,0.029384966025609627,2026-09-01
SN,174.92,0.0,24641251328.0,140871552.0,20.178,Consumer Cyclical,"SharkNinja, Inc.",6.59275,0.16207348981836112,forecast_icc,0.06365453006321997,0.11535559369203152,2026-09-01
SNA,381.2,9.76,19718379520.0,51727124.0,116.806,Industrials,Snap-On Incorporated,19.83044,0.07713696720798935,forecast_icc,0.06732562887253599,0.30641658153580364,2026-09-01
SNAL,2.75,0.0,24628480.0,3206095.0,-1.299,Communication Services,"Snail, Inc.",0.48,0.75,forecast_icc,0.34795110722062084,,2026-09-01
SNAP,5.35,0.0,9047907328.0,1437047479.0,1.146,Communication Services,Snap Inc.,0.77546,0.04,forecast_icc,0.09707265371559937,0.18201517226393057,2026-09-01
SND,5.21,0.0,220899104.0,42399061.0,6.112,Energy,"Smart Sand, Inc.",0.31,0.01,forecast_icc,0.0436968635129199,1.1731286190821308,2026-09-01
SNDK,1536.87,0.0,225026981888.0,146419001.0,105.611,Technology,Sandisk Corporation,214.09818,0.23644965127681128,forecast_icc,0.16301347066732197,0.06871823540835402,2026-09-01
SNDL,1.36,0.0,338180544.0,248662159.0,3.1051733,Consumer Defensive,SNDL Inc.,0.03,0.04,forecast_icc,0.02674061132228993,2.283215609373302,2026-09-01
SNDR,33.61,0.4,5891863040.0,92271399.0,17.452,Industrials,"Schneider National, Inc.",1.06616,0.6078355969085316,forecast_icc,0.15984378478916705,0.27331260832363136,2026-09-01
SNEX,67.81,0.0,8179020800.0,120616735.0,22.77,Financial Services,StoneX Group Inc.,4.63,0.02159827213822907,forecast_icc,0.05308595973632736,0.33579118125607404,2026-09-01
SNFCA,8.72,0.0,227105152.0,22366641.0,16.633,Financial Services,Security National Financial Cor,1.25,0.065,trailing_eps_fallback_icc,0.10645368437857561,1.6381149281589171,2026-09-01
SNN,28.97,0.79,12124129280.0,418506356.0,2.4344,Healthcare,"Smith & Nephew SNATS, Inc.",2.22395,0.09135097461723518,forecast_icc,0.09089449601725919,0.08403175597335763,2026-09-01
SNOW,319.8,0.0,110842675200.0,346600000.0,5.596,Technology,Snowflake Inc.,1.93612,0.3980021899469042,forecast_icc,0.03498272603971164,0.01749843728058992,2026-09-01
SNPS,414.82,0.0,79494709248.0,191636646.0,162.587,Technology,"Synopsys, Inc.",15.14779,0.15583065252422945,forecast_icc,0.06106629411175532,0.3919459251810005,2026-09-01
SNT,1.6677,0.0,38910196.0,23331653.0,1.803,Industrials,Senstar Technologies Corporatio,0.02,0.04,trailing_eps_fallback_icc,0.01681767185896916,1.0811297470462498,2026-09-01
SNWV,4.6,0.0,39570620.0,8602309.0,0.324,Healthcare,"SANUWAVE Health, Inc.",0.81,0.04,trailing_eps_fallback_icc,0.10925769807388763,0.07043478510066306,2026-09-01
SNX,251.39,1.92,20100831232.0,79958752.0,112.812,Technology,TD SYNNEX Corporation,18.97409,0.12856901174180146,forecast_icc,0.09259303678547692,0.448752921036614,2026-09-01
SNY,44.37,2.42,106316619776.0,2396137370.0,33.315964,Healthcare,Sanofi,4.98556,0.0792609054950697,forecast_icc,0.12108529747311711,0.7508668590684021,2026-09-01
SNYR,0.108,0.0,1609187.0,14899883.0,-2.212,Healthcare,Synergy CHC Corp.,0.15,0.04,forecast_icc,0.32692860175597327,,2026-09-01
SO,88.09,3.04,101335474176.0,1150362966.0,34.398,Utilities,Southern Company (The),4.58824,0.07333966836957084,forecast_icc,0.06988291158315107,0.3904869999990555,2026-09-01
SOBO,37.81,2.0,7886717440.0,208588127.0,12.776,Energy,South Bow Corporation,1.81843,0.07051687444663801,forecast_icc,0.07158002558134402,0.3379000111042396,2026-09-01
SOC,4.77,0.0,915217856.0,191869572.0,2.806,Energy,Sable Offshore Corp.,0.57,0.04,forecast_icc,0.08600660888861633,0.5882599596395988,2026-09-01
SOFI,17.05,0.0,22021273600.0,1291570324.0,8.584,Financial Services,"SoFi Technologies, Inc.",0.60055,0.369111647656315,forecast_icc,0.10243833972786887,0.5034604202554388,2026-09-01
SOGP,12.16,0.0,50936560.0,3032787.0,14.272988,Communication Services,Sound Group Inc.,9.22,0.75,trailing_eps_fallback_icc,0.4,0.8498204915596185,2026-09-01
SOHU,13.88,0.0,417307744.0,26069022.0,50.441,Communication Services,Sohu.com Limited,7.72,0.04,trailing_eps_fallback_icc,0.20657423594979873,3.15102596970259,2026-09-01
SOLS,61.73,0.3,9805648896.0,158847369.0,9.985,Basic Materials,Solstice Advanced Materials Inc,2.87917,0.1613069044203712,forecast_icc,0.07517905412355366,0.1617527811047784,2026-09-01
SOLV,90.95,0.0,15481847808.0,170223729.0,28.216,Healthcare,Solventum Corporation,7.1848,0.01,forecast_icc,0.0539730293195817,0.31023640052721024,2026-09-01
SON,54.09,2.16,5347807232.0,98868689.0,36.22,Consumer Cyclical,Sonoco Products Company,5.8198,0.09008728822296286,forecast_icc,0.11544925343353174,0.6696247191095462,2026-09-01
SONM,3.525,0.0,5246839.0,1488268.0,-0.828,Financial Services,"DNA X, Inc.",0.84,0.04,forecast_icc,0.13040911589916682,,2026-09-01
SONO,15.14,0.0,1790970880.0,118293979.0,3.412,Technology,"Sonos, Inc.",1.22,0.069672131147541,forecast_icc,0.0757593819609933,0.22536327131572345,2026-09-01
SONY,24.81,0.16,145232920576.0,5853805875.0,8.900187,Technology,Sony Group Corporation,1.36362,0.033748404980859625,forecast_icc,0.0506259892321807,0.3587338651771783,2026-09-01
SOR,46.6,2.5,383563232.0,8230971.0,48.267,Financial Services,"Source Capital, Inc. Cmn Shs of",7.24,0.75,trailing_eps_fallback_icc,0.39657779580533015,1.0357725770154111,2026-09-01
SORA,2.08,0.0,51717120.0,24864000.0,0.877,Consumer Cyclical,AsiaStrategy,0.5,0.75,trailing_eps_fallback_icc,0.391889115395364,0.4216346153846154,2026-09-01
SOTK,4.95,0.0,77797776.0,15716723.0,1.311,Technology,Sono-Tek Corporation,0.1,0.01,forecast_icc,0.020298730653188435,0.2648484945507954,2026-09-01
SOUL,10.48,0.0,355830912.0,25620000.0,-0.349,Financial Services,Soulpower Acquisition Corporati,0.22,0.01,trailing_eps_fallback_icc,0.02090557222272762,,2026-09-01
SOWG,3.73,0.0,74972600.0,20099893.0,-0.265,Consumer Defensive,Sow Good Inc.,1.14,0.04,forecast_icc,0.15000187557126676,,2026-09-01
SPB,86.06,1.88,1979000960.0,22995596.0,80.378,Consumer Defensive,"Spectrum Brands Holdings, Inc.",6.2588,0.01,forecast_icc,0.0566005461419975,0.9339763105966357,2026-09-01
SPCB,10.27,0.0,64500244.0,6280452.0,8.254,Industrials,"SuperCom, Ltd.",1.35,0.01,forecast_icc,0.07705878486798146,0.8037000729485613,2026-09-01
SPCX,142.23,0.0,1873764548608.0,7571396888.0,9.656,Industrials,Space Exploration Technologies ,0.1236,0.75,forecast_icc,0.018792339611985488,0.03901739330314485,2026-09-01
SPE,13.51,1.3,143518816.0,10623154.0,16.306,Financial Services,"Special Opportunities Fund, Inc",1.98,0.01,trailing_eps_fallback_icc,0.12140978329359642,1.206957763113096,2026-09-01
SPEG,10.37,0.0,159006656.0,11500000.0,-0.52,Financial Services,Silver Pegasus Acquisition Corp,0.06,0.04,trailing_eps_fallback_icc,0.010000000000000002,,2026-09-01
SPFI,43.71,0.72,823457216.0,18839105.0,33.429,Financial Services,"South Plains Financial, Inc.",3.9025,0.06790518898142239,forecast_icc,0.0864790957028575,0.7647907247739755,2026-09-01
SPG,211.87,8.9,80430825472.0,323551515.0,13.581,Real Estate,"Simon Property Group, Inc.",6.22,0.07594694533762048,forecast_icc,0.04704670735125249,0.05463269958288213,2026-09-01
SPGI,440.21,3.88,129773903872.0,294800000.0,106.855,Financial Services,S&P Global Inc.,17.87075,0.13243764251640244,forecast_icc,0.06409189091177547,0.24273642897473643,2026-09-01
SPH,17.58,1.3,1172803712.0,66712387.0,10.688,Utilities,"Suburban Propane Partners, L.P.",1.93,0.07772020725388606,forecast_icc,0.12948696968540896,0.6079636216703925,2026-09-01
SPMC,9.71,1.59,199415632.0,20537139.0,9.632,Financial Services,"Sound Point Meridian Capital, I",1.11,0.13288288288288275,forecast_icc,0.18376412367854977,0.9919669830497541,2026-09-01
SPNT,24.41,0.0,2835588096.0,116165016.0,19.609,Financial Services,SiriusPoint Ltd.,2.605,0.05950095969289815,forecast_icc,0.08704291321815638,0.803318296461067,2026-09-01
SPOK,10.56,1.25,220895520.0,20918137.0,6.69,Healthcare,"Spok Holdings, Inc.",0.84,0.01,forecast_icc,0.08171564539246245,0.6335227465455162,2026-09-01
SPOT,544.15,0.0,111888162816.0,205620061.0,47.64294,Communication Services,Spotify Technology S.A.,12.29607,0.26158195260762174,forecast_icc,0.06064417886203878,0.0875547866947232,2026-09-01
SPRB,55.6,0.0,159795120.0,2874013.0,30.416,Healthcare,"Spruce Biosciences, Inc.",8.17429,0.04,forecast_icc,0.09792636643469155,0.547050369297886,2026-09-01
SPRC,5.67,0.0,130825296.0,23073243.0,11.6,Healthcare,SciSparc Ltd.,98.07,0.04,trailing_eps_fallback_icc,0.4,2.045855251112904,2026-09-01
SPRO,1.2,0.0,69881800.0,58234827.0,0.76,Healthcare,"Spero Therapeutics, Inc.",0.14,0.04,trailing_eps_fallback_icc,0.08470094833893349,0.6333332644551228,2026-09-01
SPSC,82.93,0.0,2985494528.0,36000174.0,25.929,Technology,"SPS Commerce, Inc.",4.90345,0.08599251547379883,forecast_icc,0.06586833058758523,0.31266127031601776,2026-09-01
SPT,11.47,0.0,694992704.0,55022855.0,3.772,Technology,"Sprout Social, Inc",1.12822,0.3648047366648348,forecast_icc,0.17298003819674423,0.29863077391385107,2026-09-01
SPWR,0.2621,0.0,54725680.0,208796937.0,-0.173,Technology,SunPower Inc.,0.04,0.04,forecast_icc,0.10019690938358983,,2026-09-01
SPXC,192.13,0.0,9622996992.0,50085860.0,46.893,Industrials,"SPX Technologies, Inc.",8.47755,0.1541093830174991,forecast_icc,0.06887309955486148,0.244069101853877,2026-09-01
SQM,80.51,1.03,22996701184.0,142818904.0,22.095,Basic Materials,Sociedad Quimica y Minera S.A.,7.4382,0.01,forecast_icc,0.06396677694169828,0.13721897147907036,2026-09-01
SR,82.78,3.3,4893358080.0,59112807.0,60.618,Utilities,Spire Inc.,4.017,0.3686830968384365,forecast_icc,0.15722240203595195,0.7322783405881469,2026-09-01
SRAD,12.31,0.0,3643164928.0,217450452.0,3.115376,Technology,Sportradar Group AG,0.26,0.75,forecast_icc,0.1430196082786781,0.18594818865964666,2026-09-01
SRBK,19.5,0.24,141741632.0,7268802.0,25.43,Financial Services,"SR Bancorp, Inc.",0.82,0.01,forecast_icc,0.036498320883698754,1.3041026285064925,2026-09-01
SRCE,84.9,1.68,2043448960.0,24068891.0,54.414,Financial Services,1st Source Corporation,7.24,0.021639502762430984,forecast_icc,0.06813097082756114,0.640918692128234,2026-09-01
SRE,84.26,2.63,55097647104.0,653900348.0,49.996,Utilities,DBA Sempra,5.10335,0.08546934856515831,forecast_icc,0.07898936617713648,0.5933538638573658,2026-09-01
SRG,2.02,0.0,113775704.0,56324607.0,5.188,Real Estate,Seritage Growth Properties,2.18,0.04,forecast_icc,0.28874848636266737,2.5683168799904768,2026-09-01
SRI,7.1,0.0,202512400.0,28522874.0,5.228,Consumer Cyclical,"Stoneridge, Inc.",0.61,0.04,forecast_icc,0.06929278158526542,0.7363380478034924,2026-09-01
SRPT,21.33,0.0,2253024512.0,105627021.0,14.465,Healthcare,"Sarepta Therapeutics, Inc.",4.4379,0.01,forecast_icc,0.10370921196718885,0.6781527900061302,2026-09-01
SRV,45.1,6.0,281170304.0,6234375.0,,Financial Services,Cushing MLP & Infrastructure To,14.54,0.04,trailing_eps_fallback_icc,0.218915994040085,,2026-09-01
SSB,103.99,2.64,10084381696.0,96974534.0,94.167,Financial Services,SouthState Bank Corporation,9.47672,0.09481972665648031,forecast_icc,0.1005552232161141,0.9055390026341581,2026-09-01
SSBI,12.8555,0.0,86988232.0,6766616.0,14.979,Financial Services,Summit State Bank,0.33,0.04,trailing_eps_fallback_icc,0.02977204120470551,1.1651822175670843,2026-09-01
SSD,176.85,1.2,7248140800.0,40984682.0,50.044,Basic Materials,"Simpson Manufacturing Company, ",9.0575,0.07203974606679564,forecast_icc,0.05849556418261098,0.28297428024687377,2026-09-01
SSL,12.45,0.0,7980919296.0,634706335.0,14.733059,Basic Materials,Sasol Ltd.,2.52602,0.01,forecast_icc,0.10209159665785408,1.171690319674768,2026-09-01
SSNC,81.91,1.2,19220590592.0,234654996.0,28.307,Technology,"SS&C Technologies Holdings, Inc",7.06482,0.09412554035346976,forecast_icc,0.09254574013383887,0.3455866218042588,2026-09-01
SSRM,35.83,0.03,7434405376.0,207491071.0,16.432,Basic Materials,SSR Mining Inc.,4.11654,0.40692912008628634,forecast_icc,0.19916785864332753,0.4586100846314679,2026-09-01
SSTK,5.75,1.44,212449184.0,36947684.0,9.88,Communication Services,"Shutterstock, Inc.",0.89,0.04,forecast_icc,0.18036553941023137,1.7182608614773498,2026-09-01
SSYS,7.585,0.0,664347392.0,87587000.0,9.51,Technology,"Stratasys, Ltd.",0.11,0.7045454545454546,forecast_icc,0.11100960357124323,1.2537903814033486,2026-09-01
ST,40.98,0.48,5964059136.0,145535862.0,20.33,Technology,Sensata Technologies Holding pl,3.75888,0.0895958370578469,forecast_icc,0.09325291951408932,0.4960956970732491,2026-09-01
STAA,23.52,0.0,1179386496.0,50143984.0,7.29,Healthcare,STAAR Surgical Company,0.7625,0.3426229508196721,forecast_icc,0.09247491815924899,0.3099489816101812,2026-09-01
STAG,37.66,1.55,7411586560.0,192803274.0,18.833,Real Estate,"Stag Industrial, Inc.",1.09737,0.01,forecast_icc,0.0314474240571149,0.48991724374355816,2026-09-01
STBA,49.2,1.48,1735062272.0,35265492.0,39.808,Financial Services,"S&T Bancorp, Inc.",3.94,0.013416243654822413,forecast_icc,0.06485116662367674,0.8091056604658856,2026-09-01
STC,68.61,2.1,2089174528.0,30450000.0,54.629,Financial Services,Stewart Information Services Co,5.52333,0.31804545446315924,forecast_icc,0.16731522874691207,0.7962250294102763,2026-09-01
STE,229.65,2.58,22390900736.0,97500110.0,73.915,Healthcare,STERIS plc (Ireland),11.17167,0.09626492726691693,forecast_icc,0.06407798586623825,0.3218593443658595,2026-09-01
STEP,49.68,1.72,6412890112.0,82288907.0,-6.548,Financial Services,StepStone Group Inc.,2.47871,0.39771897478930573,forecast_icc,0.16226594395154958,,2026-09-01
STEW,18.45,0.8,1779345792.0,96441500.0,22.337,Financial Services,"SRH Total Return Fund, Inc.",1.53,0.04,trailing_eps_fallback_icc,0.08310529357061303,1.2106774271675689,2026-09-01
STG,2.9,0.0,37039404.0,4455306.0,11.097163,Consumer Defensive,Sunlands Technology Group,3.6,0.01,trailing_eps_fallback_icc,0.28254839989241665,1.3348286299876209,2026-09-01
STGW,8.56,0.0,2092710016.0,244475451.0,2.739,Communication Services,Stagwell Inc.,1.1075,0.11738148984198649,forecast_icc,0.1185198631577683,0.31997661174714803,2026-09-01
STHO,9.62,0.0,116293976.0,12081333.0,23.318,Real Estate,Star Holdings - Shares of Benef,1.2,0.04,trailing_eps_fallback_icc,0.08838289128995663,2.4224171585121486,2026-09-01
STKH,2.67,0.0,2973389.0,1113629.0,0.001,Consumer Defensive,Steakholder Foods Ltd.,19.2,0.04,trailing_eps_fallback_icc,0.4,0.0003745318893693358,2026-09-01
STKS,1.65,0.0,52081096.0,31564301.0,-2.906,Consumer Cyclical,"The ONE Group Hospitality, Inc.",0.17,0.04,forecast_icc,0.07816377248662565,,2026-09-01
STLA,5.35,0.0,20155183104.0,2900941252.0,22.610056,Consumer Cyclical,Stellantis N.V.,0.645,0.75,forecast_icc,0.30221753606127477,3.2542718080002473,2026-09-01
STLD,234.09,2.12,33551673344.0,143328088.0,65.591,Basic Materials,"Steel Dynamics, Inc.",16.84739,0.124524926412934,forecast_icc,0.08948638801015629,0.2801956410227502,2026-09-01
STM,49.4,0.36,44067618816.0,892057012.0,19.768,Technology,STMicroelectronics N.V.,1.35841,0.75,forecast_icc,0.17404482467357874,0.4001619213156443,2026-09-01
STN,71.8,0.7,8070299136.0,112399703.0,20.948357,Industrials,Stantec Inc,6.20364,0.11620758135546216,forecast_icc,0.09743910602581896,0.2917598301449097,2026-09-01
STNE,9.66,0.0,2227553792.0,216544468.0,9.891501,Technology,StoneCo Ltd.,10.03186,0.19951235364129882,forecast_icc,0.38309442626092094,0.9615704139038219,2026-09-01
STNG,79.61,1.8,3986976512.0,50081352.0,67.826,Energy,Scorpio Tankers Inc.,11.38783,0.01,forecast_icc,0.08882327351982922,0.8519783777326652,2026-09-01
STRA,83.32,2.4,1850333952.0,22207559.0,74.377,Consumer Defensive,"Strategic Education, Inc.",7.20667,0.17206282513282822,forecast_icc,0.12474607531555393,0.8926667610231473,2026-09-01
STRL,456.1,0.0,13951423488.0,30588518.0,44.357,Industrials,"Sterling Infrastructure, Inc.",20.03,0.26791063404892657,forecast_icc,0.0934916827414859,0.09725279245469348,2026-09-01
STRR,10.3428,0.0,38158756.0,3689403.0,16.165,Industrials,"Star Equity Holdings, Inc.",1.175,0.04,forecast_icc,0.0832698309799983,1.5629230548029396,2026-09-01
STRT,69.18,0.0,275683200.0,3985013.0,58.867,Consumer Cyclical,STRATTEC SECURITY CORPORATION,4.27,0.3911007025761126,forecast_icc,0.1438221146161517,0.8509251208307216,2026-09-01
STRW,13.6,0.68,768663808.0,14157336.0,0.587,Real Estate,"Strawberry Fields REIT, Inc.",0.675,0.2296296296296294,forecast_icc,0.12446764580086234,0.010811431662982629,2026-09-01
STT,187.79,3.68,51586240512.0,274701765.0,87.008,Financial Services,State Street Corporation,13.69424,0.1174749383682483,forecast_icc,0.09289297471027394,0.4633260910641489,2026-09-01
STUB,6.16,0.0,2353673984.0,357339966.0,4.272,Communication Services,"StubHub Holdings, Inc.",0.54371,0.2182413418918172,forecast_icc,0.12369060130358245,0.648584445054562,2026-09-01
STVN,20.71,0.06,5653905920.0,49709718.0,6.575315,Healthcare,Stevanato Group S.p.A.,0.70433,0.1930913066318345,forecast_icc,0.06677933930407842,0.05781084068890379,2026-09-01
STWD,15.53,1.92,5897811968.0,370168950.0,17.535,Real Estate,"STARWOOD PROPERTY TRUST, INC. S",1.52686,0.2400874998362652,forecast_icc,0.2092950419425973,1.10056281439083,2026-09-01
STX,816.64,2.96,185377275904.0,227000000.0,4.88,Technology,Seagate Technology Holdings PLC,35.78091,0.5475123466675387,forecast_icc,0.1590238001216568,0.005975705461189686,2026-09-01
STZ,130.63,4.12,22312173568.0,170752511.0,48.147,Consumer Defensive,"Constellation Brands, Inc.",11.80013,0.05015283729925013,forecast_icc,0.08662422907581074,0.3684634812498873,2026-09-01
SU,68.99,1.71,80692740096.0,1169629612.0,29.42112,Energy,Suncor Energy  Inc.,10.0291,0.01,forecast_icc,0.09047820322800393,0.4264548846558658,2026-09-01
SUI,121.44,4.48,15527416832.0,123230757.0,45.054,Real Estate,"Sun Communities, Inc.",2.33399,0.3392945128299607,forecast_icc,0.08112147075576936,0.3575635655272657,2026-09-01
SUJA,10.43,0.0,402858880.0,38625012.0,4.945,Consumer Defensive,"Suja Life, Inc.",0.265,0.5723396226415094,forecast_icc,0.12243365580901522,0.4741131294909026,2026-09-01
SUN,76.99,4.01,14505981952.0,136896651.0,47.506,Energy,Sunoco LP,9.28257,0.08052511319602207,forecast_icc,0.12467519772017666,0.4483262369914467,2026-09-01
SUNB,67.07,3.0,27495182336.0,409947556.0,18.059,Industrials,"Sunbelt Rentals Holdings, Inc.",4.07972,0.09656790171874552,forecast_icc,0.08915814700610525,0.2692560035912468,2026-09-01
SUNC,78.63,4.01,4050797312.0,51517198.0,49.44,Energy,SunocoCorp LLC,10.32433,0.19507319119013045,forecast_icc,0.17529508647119163,0.6287676407740245,2026-09-01
SUNE,2.38,0.0,15501198.0,6513108.0,5.947,Technology,"SUNation Energy, Inc.",2.18,0.04,trailing_eps_fallback_icc,0.2661453573960678,2.49873934104964,2026-09-01
SUNS,7.47,1.2,100963408.0,13515851.0,13.453,Real Estate,"Sunrise Realty Trust, Inc.",1.08,0.08333333333333326,forecast_icc,0.19482505467863398,1.8009370632873247,2026-09-01
SUPN,43.74,0.0,2542475520.0,58127013.0,17.73,Healthcare,"Supernus Pharmaceuticals, Inc.",2.565,0.7387914230019494,forecast_icc,0.22366898742816133,0.4053497988016026,2026-09-01
SUPV,8.8,0.0,831672256.0,75198595.0,8.993654,Financial Services,Grupo Supervielle S.A.,0.6064,0.75,forecast_icc,0.24196169650906685,0.8131931056218015,2026-09-01
SURG,0.1563,0.0,3926552.0,25121895.0,-0.781,Communication Services,"SurgePays, Inc.",0.05,0.04,forecast_icc,0.15382518907176046,,2026-09-01
SUZ,8.86,0.0,10911627264.0,1231560722.0,7.6110044,Basic Materials,Suzano S.A.,1.707,0.01,forecast_icc,0.09882338872201504,0.859029899686388,2026-09-01
SVCC,10.67,0.0,230631248.0,15555000.0,-0.263,Financial Services,Stellar V Capital Corp.,0.22,0.01,trailing_eps_fallback_icc,0.020619736133571424,,2026-09-01
SVCO,6.53,0.0,221274016.0,33885758.0,2.38,Technology,"Silvaco Group, Inc.",0.05167,0.75,forecast_icc,0.08474061861808757,0.36447164243631747,2026-09-01
SVM,11.9,0.03,2632354816.0,221206309.0,4.461,Basic Materials,Silvercorp Metals Inc.,0.85,0.75,forecast_icc,0.24891252233808248,0.37487398676311273,2026-09-01
SVV,10.15,0.0,1555330688.0,153234555.0,2.89,Consumer Cyclical,"Savers Value Village, Inc.",0.49578,0.23056597684456825,forecast_icc,0.09097101218215065,0.28472907232317146,2026-09-01
SW,45.43,1.81,23829075968.0,524522908.0,34.432,Consumer Cyclical,Smurfit WestRock plc,1.86851,0.75,forecast_icc,0.25904908056076137,0.7579132649754957,2026-09-01
SWAG,1.7,0.0,31687304.0,18639590.0,1.688,Communication Services,"Stran & Company, Inc.",0.01,0.01,trailing_eps_fallback_icc,0.010000000000000002,0.9929411451349726,2026-09-01
SWBI,12.77,0.52,572602752.0,44839680.0,8.442,Industrials,"Smith & Wesson Brands, Inc.",0.47,,forecast_icc,0.010000000000000002,0.6610806134581764,2026-09-01
SWIM,6.875,0.0,808816832.0,117646086.0,3.379,Industrials,"Latham Group, Inc.",0.2102,0.33653663177925797,forecast_icc,0.08816958820131926,0.4914909147118244,2026-09-01
SWK,94.51,3.36,14272582656.0,151016641.0,59.325,Industrials,"Stanley Black & Decker, Inc.",5.6046,0.13824358562609307,forecast_icc,0.09633026149531443,0.6277113570303082,2026-09-01
SWKS,67.41,2.84,10138866688.0,150405963.0,38.128,Technology,"Skyworks Solutions, Inc.",5.04049,0.01,forecast_icc,0.06412399686066383,0.5656133701857783,2026-09-01
SWMR,32.2,0.0,513170816.0,15936981.0,2.178,Technology,"Swarmer, Inc",0.27,0.04,forecast_icc,0.012528501462888187,0.06763974788854711,2026-09-01
SWVL,3.83,0.0,38163436.0,9964344.0,0.594,Industrials,Swvl Holdings Corp,0.12,0.04,trailing_eps_fallback_icc,0.034115242814434565,0.15509138998909847,2026-09-01
SWX,89.35,2.58,6473037312.0,72445853.0,56.945,Utilities,"Southwest Gas Holdings, Inc.",4.25269,0.16116622655307578,forecast_icc,0.08822105474855926,0.6373250917984203,2026-09-01
SXC,10.21,0.48,866572224.0,84874850.0,6.9,Basic Materials,"SunCoke Energy, Inc.",0.32,0.01,forecast_icc,0.03343208178085788,0.6758080270525726,2026-09-01
SXI,285.12,1.36,3455501824.0,12119465.0,62.658,Industrials,Standex International Corporati,9.96,0.1909638554216866,forecast_icc,0.06840784040921666,0.2197601033504765,2026-09-01
SXT,134.83,1.64,5739572736.0,42568960.0,29.748,Basic Materials,Sensient Technologies Corporati,4.18204,0.1858447073676961,forecast_icc,0.06584296287748559,0.22063339560751585,2026-09-01
SYBT,78.37,1.32,2434692864.0,31066643.0,36.494,Financial Services,"Stock Yards Bancorp, Inc.",5.33,0.06597936210131339,forecast_icc,0.07255184466200404,0.4656628712417337,2026-09-01
SYF,76.62,1.36,24929914880.0,325370840.0,46.713,Financial Services,Synchrony Financial,9.36541,0.11823828321450947,forecast_icc,0.12312868136125432,0.6096710767798659,2026-09-01
SYK,317.4,3.52,121746087936.0,383573046.0,62.538,Healthcare,Stryker Corporation,15.01589,0.11581331509487613,forecast_icc,0.06767369553597974,0.19703213103124967,2026-09-01
SYM,38.22,0.0,23137042432.0,129873381.0,5.402,Industrials,Symbotic Inc.,0.57441,0.34851412753956224,forecast_icc,0.057866477254206905,0.030322631175697543,2026-09-01
SYNA,95.17,0.0,3721811712.0,39106986.0,23.795,Technology,Synaptics Incorporated,5.17718,0.2704425961623895,forecast_icc,0.10636935435350836,0.25002627856473364,2026-09-01
SYY,82.11,2.2,39338573824.0,479096016.0,5.571,Consumer Defensive,Sysco Corporation,5.09076,0.05663005130864551,forecast_icc,0.06913894279668814,0.06784800885454692,2026-09-01
SZZL,10.46,0.0,327049344.0,23600000.0,-0.338,Financial Services,Sizzle Acquisition Corp. II,0.26,0.01,trailing_eps_fallback_icc,0.023744061378768798,,2026-09-01
T,26.0,1.11,178162024448.0,6852385650.0,16.056,Communication Services,AT&T Inc.,2.33771,0.0966800843560578,forecast_icc,0.10877007718128612,0.6175384700374911,2026-09-01
TAC,11.77,0.2,3722851072.0,316300000.0,1.9180782,Utilities,TransAlta Corporation,0.31,0.75,forecast_icc,0.18782753682955733,0.16296331035720785,2026-09-01
TACH,10.49,0.0,361904992.0,27600000.0,-0.396,Financial Services,Titan Acquisition Corp.,0.24,0.01,trailing_eps_fallback_icc,0.022317018379851887,,2026-09-01
TACO,10.49,0.0,393571712.0,37518750.0,8.004,Financial Services,Berto Acquisition Corp.,0.33,0.01,trailing_eps_fallback_icc,0.02816825139673218,0.7630123452571713,2026-09-01
TAK,18.23,0.62,58217558016.0,3193502878.0,14.357233,Healthcare,Takeda Pharmaceutical Company L,51.156,0.75,forecast_icc,0.4,0.7875607714946684,2026-09-01
TAL,12.23,0.0,6783995904.0,407225695.0,6.82,Consumer Defensive,TAL Education Group,1.31725,0.01,forecast_icc,0.06727309804556059,0.4093869275868006,2026-09-01
TALO,17.27,0.0,2883493888.0,166965468.0,11.231,Energy,"Talos Energy, Inc.",0.96195,0.4992255314725298,forecast_icc,0.1622126128683029,0.6503184136827274,2026-09-01
TAOP,0.8804,0.0,8454658.0,9552783.0,2.035,Technology,Taoping Inc.,0.37,0.04,forecast_icc,0.17830366522585883,2.2993139882180924,2026-09-01
TAOX,3.84,0.0,28735648.0,7483242.0,1.706,Financial Services,Tao Synergies Inc.,1.65,0.04,trailing_eps_fallback_icc,0.18042019142515342,0.4442708531229224,2026-09-01
TAP,39.76,1.92,7413408256.0,174117990.0,54.144,Consumer Defensive,Molson Coors Beverage Company,4.75383,0.033316294440482785,forecast_icc,0.10142060077703785,1.2716747985557049,2026-09-01
TARS,74.05,0.0,3249536000.0,43882996.0,8.111,Healthcare,"Tarsus Pharmaceuticals, Inc.",2.325,0.04,forecast_icc,0.03416337073288134,0.10953409365398631,2026-09-01
TASK,7.76,0.0,711491328.0,36654327.0,3.004,Technology,"TaskUs, Inc.",1.32661,0.1164697989612622,forecast_icc,0.1379296619966205,0.15475887614472794,2026-09-01
TATT,36.75,0.0,477681536.0,12998137.0,13.901,Industrials,TAT Technologies Ltd.,1.55,0.31612903225806455,forecast_icc,0.10170738903840934,0.37825850241153136,2026-09-01
TAVI,10.7,0.0,170352912.0,15920833.0,-0.301,Financial Services,Tavia Acquisition Corp.,0.16,0.04,trailing_eps_fallback_icc,0.020007250564058165,,2026-09-01
TAYD,59.99,0.0,193468656.0,3225015.0,21.791,Industrials,"Taylor Devices, Inc.",3.92,0.1377551020408163,forecast_icc,0.08403976504170563,0.3632438624321657,2026-09-01
TBBK,64.35,0.0,2624631040.0,40786809.0,16.65,Financial Services,"The Bancorp, Inc.",5.98667,0.35300592817041854,forecast_icc,0.1651446824417454,0.2587412704872986,2026-09-01
TBCH,12.05,0.0,215812032.0,17909711.0,5.705,Technology,Turtle Beach Corporation,0.52667,0.75,forecast_icc,0.1997101309113346,0.47344395170237774,2026-09-01
TBI,10.06,0.0,306270112.0,30444344.0,8.365,Industrials,"TrueBlue, Inc.",0.81667,0.04,forecast_icc,0.06668461075104246,0.8315109035516989,2026-09-01
TBLA,3.73,0.0,1007679616.0,252115754.0,3.475,Communication Services,Taboola.com Ltd.,0.61082,0.01,forecast_icc,0.08906774284387792,0.8694253919987998,2026-09-01
TBPH,17.03,0.0,884176384.0,51918754.0,5.583,Healthcare,"Theravance Biopharma, Inc.",0.21,0.75,forecast_icc,0.10864819012040916,0.3278332342135933,2026-09-01
TC,2.01,0.0,53110116.0,26411433.0,11.358164,Communication Services,Token Cat Limited,0.58,0.04,forecast_icc,0.1452894932369978,5.648366263952653,2026-09-01
TCBI,95.67,0.8,4159192832.0,43474369.0,75.707,Financial Services,"Texas Capital Bancshares, Inc.",7.40114,0.11170846653353395,forecast_icc,0.0893652162181181,0.7913348062538207,2026-09-01
TCBK,52.7,1.44,1684641408.0,31966630.0,42.033,Financial Services,TriCo Bancshares,4.292,0.020969245107176127,forecast_icc,0.06824174487322987,0.7975901295131883,2026-09-01
TCBS,17.4628,0.24,50165856.0,2872727.0,20.084,Financial Services,"Texas Community Bancshares, Inc",1.21,0.522,trailing_eps_fallback_icc,0.19957454258597218,1.1501019551624914,2026-09-01
TCBX,43.88,0.0,730124928.0,16639127.0,40.309,Financial Services,"Third Coast Bancshares, Inc.",3.97601,0.08651638200105127,forecast_icc,0.08698431601835399,0.9186189164643889,2026-09-01
TCI,36.61,0.0,321214880.0,8773965.0,98.029,Real Estate,Transcontinental Realty Investo,0.94,0.04,trailing_eps_fallback_icc,0.029776974097231873,2.67765620006458,2026-09-01
TCMD,22.25,0.0,504013376.0,22652286.0,9.86,Healthcare,"Tactile Systems Technology, Inc",1.165,0.24892703862660936,forecast_icc,0.09907482742247692,0.4431460564252961,2026-09-01
TCOM,43.84,0.3,27606276096.0,629705222.0,37.686844,Consumer Cyclical,Trip.com Group Limited,24.35483,0.1717174786274427,forecast_icc,0.2811692538672027,0.8596451902811313,2026-09-01
TCX,10.52,0.0,117635824.0,11182112.0,-16.286,Technology,Tucows Inc.,1.94,0.04,forecast_icc,0.11230825888543905,,2026-09-01
TD,119.5,3.24,195802054656.0,1638511000.0,52.987362,Financial Services,Toronto Dominion Bank (The),10.10227,0.10330846433524332,forecast_icc,0.09999633561204216,0.44340890932178756,2026-09-01
TDAC,10.845,0.0,209403984.0,19308802.0,-0.299,Financial Services,Translational Development Acqui,0.26,0.01,trailing_eps_fallback_icc,0.023113703685278028,,2026-09-01
TDAY,6.18,0.0,907334848.0,146817941.0,0.975,Communication Services,"USA TODAY Co., Inc.",0.29372,0.01,forecast_icc,0.03728074468370508,0.15776699505208466,2026-09-01
TDC,28.65,0.0,2664450048.0,93000000.0,6.349,Technology,Teradata Corporation,2.70887,0.07504236083680649,forecast_icc,0.0856715473696904,0.22160558065001487,2026-09-01
TDF,10.7,0.6,268309728.0,25075676.0,13.019,Financial Services,"Templeton Dragon Fund, Inc.",1.55,0.528,trailing_eps_fallback_icc,0.312009588493387,1.2167289955435383,2026-09-01
TDG,1155.76,0.0,64645799936.0,55933583.0,-167.974,Industrials,Transdigm Group Incorporated,41.18984,0.1750502065557915,forecast_icc,0.06388697510375588,,2026-09-01
TDS,33.62,0.16,3870199808.0,107573000.0,33.819,Communication Services,"Telephone and Data Systems, Inc",3.70093,0.01,forecast_icc,0.0696544705527381,0.9400060636352552,2026-09-01
TDW,96.11,0.0,4782071296.0,49756231.0,28.001,Energy,Tidewater Inc.,2.81343,0.75,forecast_icc,0.16692760500718362,0.29134325650819404,2026-09-01
TDY,610.51,0.0,28284401664.0,46329138.0,235.54,Technology,Teledyne Technologies Incorpora,24.7178,0.08124185809416695,forecast_icc,0.0496102033064619,0.38580859139789087,2026-09-01
TE,4.28,0.0,1260575872.0,294527066.0,0.848,Industrials,T1 Energy Inc.,0.095,0.04,forecast_icc,0.026860238322433658,0.19813083648169333,2026-09-01
TEAM,187.03,0.0,47344553984.0,159005198.0,4.177,Technology,Atlassian Corporation,5.42187,0.24374062823343245,forecast_icc,0.06806704789444551,0.01402832334782271,2026-09-01
TECH,72.18,0.32,11319140352.0,156818238.0,13.506,Healthcare,Bio-Techne Corp,2.04354,0.01,forecast_icc,0.026752430808672963,0.1871155455770781,2026-09-01
TECK,66.79,0.35,32767174656.0,483000468.0,40.077656,Basic Materials,Teck Resources Ltd,5.91269,0.01,forecast_icc,0.05999657949740478,0.5907597102150047,2026-09-01
TEI,6.64,0.65,313596672.0,47228418.0,6.768,Financial Services,Templeton Emerging Markets Inco,1.57,0.75,trailing_eps_fallback_icc,0.4,1.0192771848803293,2026-09-01
TEL,208.0,3.12,60307660800.0,289940672.0,45.685,Technology,TE Connectivity plc,11.45376,0.12679766295085626,forecast_icc,0.07913283798691773,0.2196394193475334,2026-09-01
TEN,42.82,2.0,1290064000.0,30127603.0,64.99,Energy,Tsakos Energy Navigation Ltd,4.6,0.01,forecast_icc,0.08239584958037194,1.5177486690350244,2026-09-01
TENB,35.47,0.0,3911347200.0,110271973.0,1.796,Technology,"Tenable Holdings, Inc.",1.98348,0.10139754371105347,forecast_icc,0.0672829126163822,0.05063433476526963,2026-09-01
TEO,13.1,0.04,5642662912.0,125611604.0,12.533697,Communication Services,Telecom Argentina SA,1.64156,0.01,forecast_icc,0.07551608035130816,0.2790132617831607,2026-09-01
TER,335.46,0.52,52446068736.0,156340750.0,21.967,Technology,"Teradyne, Inc.",9.09129,0.2817179960159668,forecast_icc,0.07290478509320308,0.06548321614986186,2026-09-01
TEVA,36.19,0.0,42172063744.0,1165296084.0,6.653,Healthcare,Teva Pharmaceutical Industries ,2.14291,0.43523059764525796,forecast_icc,0.15152360983423419,0.1838353203180627,2026-09-01
TEX,59.29,0.68,6776847360.0,114300000.0,43.354,Industrials,Terex Corporation,5.0234,0.18775729585539702,forecast_icc,0.11854303771676078,0.7312193910768561,2026-09-01
TFC,49.44,2.08,60397199360.0,1221626188.0,48.038,Financial Services,Truist Financial Corporation,4.61039,0.08229021839800965,forecast_icc,0.10518687058459655,0.9716423847627891,2026-09-01
TFII,127.83,1.88,10506735616.0,82193031.0,32.367,Industrials,TFI International Inc.,5.98628,0.318904227667266,forecast_icc,0.1192159307384805,0.25320346219864376,2026-09-01
TFIN,69.5,0.0,1660670208.0,23894537.0,38.43,Financial Services,"Triumph Financial, Inc.",2.046,0.5454545454545456,forecast_icc,0.12676126543789407,0.5529496780796106,2026-09-01
TFPM,32.65,0.24,6725999104.0,206003031.0,11.076,Basic Materials,Triple Flag Precious Metals Cor,1.39568,0.10890748595666633,forecast_icc,0.06030651558231204,0.33923429606154165,2026-09-01
TFSL,17.38,1.27,4874094592.0,280442755.0,6.894,Financial Services,TFS Financial Corporation,0.36,0.08333333333333348,forecast_icc,0.036124704349782114,0.39666287070901396,2026-09-01
TFX,140.48,1.36,5952474112.0,42372397.0,68.548,Healthcare,Teleflex Incorporated,7.07617,0.5477200236851292,forecast_icc,0.17642739438878874,0.4879555987821153,2026-09-01
TG,7.71,0.0,268505568.0,34825622.0,6.674,Industrials,Tredegar Corporation,1.11,0.75,forecast_icc,0.32351338976926425,0.8656289810273134,2026-09-01
TGB,8.44,0.0,3089236736.0,366023318.0,1.6764579,Basic Materials,Trekor Metals Limited,0.58143,0.75,forecast_icc,0.24193396003678175,0.1986324569737708,2026-09-01
TGEN,3.01,0.0,90865344.0,30187822.0,0.659,Industrials,Tecogen Inc.,0.15,0.04,forecast_icc,0.04718438557783712,0.21893687760649433,2026-09-01
TGLS,37.72,0.6,1673433344.0,44364616.0,17.779,Basic Materials,Tecnoglass Holdings Inc.,2.58,0.3294573643410852,forecast_icc,0.14754160534348248,0.4713414553929194,2026-09-01
TGS,29.23,0.95,4400641024.0,69513693.0,17.389597,Energy,Transportadora de Gas del Sur S,2.69999,0.01,forecast_icc,0.07010660243857492,0.274690687256503,2026-09-01
TGT,163.75,4.64,74390224896.0,454291461.0,39.277,Consumer Defensive,Target Corporation,10.10391,0.01,forecast_icc,0.05221316146414416,0.23985954792638942,2026-09-01
TGTX,56.09,0.0,8585643520.0,153069053.0,4.114,Healthcare,"TG Therapeutics, Inc.",0.95,0.75,forecast_icc,0.12818164360416573,0.0733464046783531,2026-09-01
TH,18.07,0.0,1800195200.0,99623423.0,3.691,Industrials,Target Hospitality Corp.,0.86968,0.04,forecast_icc,0.045983558730469665,0.20426121250239973,2026-09-01
THC,265.84,0.0,21405169664.0,80519000.0,57.858,Healthcare,Tenet Healthcare Corporation,21.22488,0.01,forecast_icc,0.05439196383648448,0.217642203968844,2026-09-01
THFF,77.46,2.24,921146240.0,11891896.0,55.104,Financial Services,First Financial Corporation,7.79333,0.0376398792300594,forecast_icc,0.08615900814661626,0.7113865407342921,2026-09-01
THG,225.92,3.8,7866584064.0,34820221.0,105.229,Financial Services,Hanover Insurance Group Inc,20.38375,0.01,forecast_icc,0.06410941627396494,0.465779937746687,2026-09-01
THO,74.39,2.08,3872547840.0,52057373.0,82.877,Consumer Cyclical,"Thor Industries, Inc.",3.50677,0.3061791905371609,forecast_icc,0.12679519069072664,1.1140879545908977,2026-09-01
THRM,38.62,0.0,1185835136.0,30705208.0,23.55,Consumer Cyclical,Gentherm Inc,2.91978,0.12197836823322294,forecast_icc,0.08754661352899451,0.6097876732166586,2026-09-01
TIC,9.3,0.0,2029449344.0,218220356.0,9.529,Industrials,"TIC Solutions, Inc.",0.44834,0.2631485033679797,forecast_icc,0.09763507973217508,1.0246236391520398,2026-09-01
TIGO,92.6,3.0,15529946112.0,167710000.0,14.638,Communication Services,Millicom International Cellular,4.40002,0.5528293053213396,forecast_icc,0.2010614565601182,0.15807775263966092,2026-09-01
TIGR,4.88,0.0,877645376.0,173337908.0,4.735,Financial Services,UP Fintech Holding Limited,0.55964,0.6084268458294617,forecast_icc,0.25641871047738973,0.9351783953112289,2026-09-01
TILE,37.0,0.12,2138616960.0,57800460.0,11.736,Consumer Cyclical,"Interface, Inc.",2.3775,0.017875920084121866,forecast_icc,0.05026757490061107,0.31718919808809526,2026-09-01
TIMB,18.14,1.6,8617461760.0,475053058.0,10.064762,Communication Services,TIM S.A.,1.76467,0.16945377889350421,forecast_icc,0.17073624368051277,0.5548380833362927,2026-09-01
TJX,133.27,1.92,147223953408.0,1104704446.0,9.414,Consumer Cyclical,"TJX Companies, Inc. (The)",5.31876,0.087492197429476,forecast_icc,0.05518745681493316,0.07063855720423066,2026-09-01
TK,13.0,0.0,1139987840.0,87691370.0,8.419,Energy,Teekay Corporation Ltd.,0.43,0.75,forecast_icc,0.17650673198808275,0.6476153675726928,2026-09-01
TKC,5.02,0.22,4370296832.0,870577022.0,111.665,Communication Services,Turkcell Iletisim Hizmetleri AS,25.67,0.75,forecast_icc,0.4,22.244022980274764,2026-09-01
TKLF,1.685,0.24,7132235.0,4232781.0,9.702,Consumer Cyclical,"Tokyo Lifestyle Co., Ltd.",0.2,0.01,trailing_eps_fallback_icc,0.12174844264628237,5.757864296675587,2026-09-01
TKO,182.27,3.11,34498191360.0,73111098.0,45.689,Communication Services,"TKO Group Holdings, Inc.",4.65347,0.0572411555248018,forecast_icc,0.035822787399029346,0.0968274806543945,2026-09-01
TKR,119.09,1.44,8276101120.0,69494510.0,46.032,Industrials,Timken Company (The),6.26691,0.16088151896229563,forecast_icc,0.08438732349856248,0.3865311984394893,2026-09-01
TLF,2.65,0.0,21709000.0,8192075.0,5.71,Consumer Cyclical,"Tandy Leather Factory, Inc.",0.58,0.04,forecast_icc,0.12417862380202427,2.1547168570638906,2026-09-01
TLIH,5.854,0.0,17213306.0,2940435.0,4.471656,Industrials,Ten-League International Holdin,1.57,0.75,trailing_eps_fallback_icc,0.4,0.7638633630494921,2026-09-01
TLK,14.74,1.22,14530830336.0,985809408.0,1384.397,Communication Services,"PT Telekomunikasi Indonesia, Tb",1.14686,,forecast_icc,0.010000000000000002,93.92110123437449,2026-09-01
TLN,293.73,0.0,14073856000.0,47914259.0,33.737,Utilities,Talen Energy Corporation,22.31129,0.3790354569368244,forecast_icc,0.1562473542496613,0.11485717602077214,2026-09-01
TLRY,4.5,0.0,619114112.0,137580913.0,3.018,Healthcare,"Tilray Brands, Inc.",0.26,0.01,forecast_icc,0.042727198775244446,0.6706666628752277,2026-09-01
TLS,4.72,0.0,352757632.0,74736789.0,1.25,Technology,Telos Corporation,0.1575,0.6761904761904762,forecast_icc,0.16199118825749326,0.2648305175435581,2026-09-01
TLX,10.85,0.0,3675731200.0,338777049.0,1.226,Healthcare,Telix Pharmaceuticals Limited,0.1542,0.3164721141374838,forecast_icc,0.05126822970360079,0.11299538499278729,2026-09-01
TLYS,3.96,0.0,120734144.0,23182312.0,2.551,Consumer Cyclical,"Tilly's, Inc.",0.02,0.04,forecast_icc,0.010000000000000002,0.48982065845433087,2026-09-01
TM,198.05,6.27,234527522816.0,1184183366.0,12.29717,Consumer Cyclical,Toyota Motor Corporation,16.906,0.21269253519460563,forecast_icc,0.13876772352864253,0.06209123768513518,2026-09-01
TMDE,0.76,0.0,17909400.0,23565000.0,0.916,Energy,TMD Energy Limited,0.08,0.015,trailing_eps_fallback_icc,0.06881223518689061,1.2052631578947368,2026-09-01
TMDX,82.24,0.0,2842289408.0,34560911.0,14.96,Healthcare,"TransMedics Group, Inc.",1.559,0.4788325849903785,forecast_icc,0.0888009701547405,0.18190660919494936,2026-09-01
TME,8.29,0.24,13583629312.0,818327528.0,7.4432483,Communication Services,Tencent Music Entertainment Gro,6.25491,0.0791634092257123,forecast_icc,0.27974096227680023,0.4484085101062276,2026-09-01
TMO,600.5,1.88,222033248256.0,369747286.0,142.473,Healthcare,Thermo Fisher Scientific Inc,25.11793,0.09523674920664238,forecast_icc,0.05487573206766083,0.23725728237574645,2026-09-01
TMP,95.55,2.8,1374286592.0,14382905.0,67.036,Financial Services,Tompkins Financial Corporation,7.815,0.06461932181701857,forecast_icc,0.08596246217059933,0.7015803146102441,2026-09-01
TMUS,182.16,4.08,195397861376.0,1072671613.0,52.348,Communication Services,"T-Mobile US, Inc.",10.94575,0.2694872439074527,forecast_icc,0.12710801883733958,0.28737373685616485,2026-09-01
TNC,69.22,1.24,1180152832.0,17049303.0,31.178,Industrials,Tennant Company,3.85,0.4597402597402598,forecast_icc,0.17004005469669814,0.4504189241601549,2026-09-01
TNDM,21.28,0.0,1480634880.0,69578707.0,1.875,Healthcare,"Tandem Diabetes Care, Inc.",0.1707,0.04,forecast_icc,0.01206755886474753,0.08811090255080307,2026-09-01
TNET,66.94,1.16,3072863232.0,45904738.0,1.799,Industrials,"TriNet Group, Inc.",4.85493,0.011135073008261553,forecast_icc,0.05577376888892831,0.026874812650952373,2026-09-01
TNK,88.3,1.0,3059052544.0,30017861.0,63.212,Energy,Teekay Tankers Ltd.,17.96734,0.01,forecast_icc,0.10609352472407302,0.6202865110158762,2026-09-01
TNL,66.16,2.4,4054422784.0,61282085.0,-16.628,Consumer Cyclical,Travel   Leisure Co.,7.60702,0.17791723960236716,forecast_icc,0.1500705001804542,,2026-09-01
TOL,140.21,1.04,12919931904.0,92147000.0,92.356,Consumer Cyclical,"Toll Brothers, Inc.",12.76123,0.10002484086565322,forecast_icc,0.09437432946371749,0.6586976150675538,2026-09-01
TOMZ,1.63,0.0,13272400.0,8142577.0,-0.0,Industrials,"TOMI Environmental Solutions, I",0.12,0.04,forecast_icc,0.06236130972197207,,2026-09-01
TONT,10.865,0.0,153844416.0,14159632.0,-0.383,Financial Services,Graf Global Corp.,0.27,0.04,trailing_eps_fallback_icc,0.02910364462750588,,2026-09-01
TOON,0.6308,0.0,39238348.0,62204105.0,0.377,Communication Services,"Kartoon Studios, Inc.",0.08,0.04,trailing_eps_fallback_icc,0.0893121142468229,0.5976537948284674,2026-09-01
TOPS,0.7575,0.0,4197815.0,5541670.0,19.279,Energy,"TOP Ships, Inc.",2.19,0.04,forecast_icc,0.4,25.45082523408011,2026-09-01
TORO,6.11,0.0,211157504.0,34559330.0,7.534,Energy,Toro Corp.,0.02,0.04,trailing_eps_fallback_icc,0.010000000000000002,1.2330605698957304,2026-09-01
TOST,33.59,0.0,19415019520.0,514000000.0,3.431,Technology,"Toast, Inc.",1.38658,0.24956367465274276,forecast_icc,0.08621347380986469,0.09083349095700523,2026-09-01
TOUR,4.95,1.2,53775596.0,10284640.0,13.936576,Consumer Cyclical,Tuniu Corporation,1.88,0.0585106382978724,forecast_icc,0.3184351315070245,2.6653850008959457,2026-09-01
TOVX,0.249,0.0,11427274.0,45892668.0,0.266,Healthcare,"Theriva Biologics, Inc.",1.44,0.04,trailing_eps_fallback_icc,0.4,1.0682731234063347,2026-09-01
TOWN,36.48,1.1,3372111616.0,92437275.0,31.677,Financial Services,Towne Bank,3.14,0.09341719745222932,forecast_icc,0.09907127875424593,0.8683388611105215,2026-09-01
TOYO,4.18,0.0,178565200.0,42718948.0,4.911,Technology,"TOYO Co., Ltd",1.56,0.75,forecast_icc,0.4,1.174880400145157,2026-09-01
TP,8.81,0.0,105504384.0,12064525.0,0.921,Technology,Ticketplus Ltd.,0.77,0.75,forecast_icc,0.26636328016226385,0.10531721151037667,2026-09-01
TPB,77.72,0.32,1505244800.0,19367534.0,21.452,Consumer Defensive,"Turning Point Brands, Inc.",1.88,0.2872340425531916,forecast_icc,0.07035108693763412,0.2760164588298196,2026-09-01
TPC,86.54,0.36,4549331456.0,52569117.0,23.075,Industrials,Tutor Perini Corporation,5.37588,0.12841804504564824,forecast_icc,0.08078729140926477,0.26663970003222376,2026-09-01
TPCS,5.4,0.0,54541680.0,10100311.0,0.765,Industrials,TechPrecision Corporation,1.58,0.04,forecast_icc,0.14641747205537647,0.14166666510822548,2026-09-01
TPG,52.41,2.24,20469635072.0,160109058.0,7.069,Financial Services,TPG Inc.,1.97,0.75,forecast_icc,0.24893720106649753,0.055292188992180975,2026-09-01
TPL,369.93,2.4,25515802624.0,68974683.0,22.558,Energy,Texas Pacific Land Corporation,8.80048,0.10958493173099648,forecast_icc,0.0397069787902162,0.06097910859564737,2026-09-01
TPR,122.14,1.85,24353699840.0,199391678.0,3.454,Consumer Cyclical,"Tapestry, Inc.",7.97863,0.11183248251892874,forecast_icc,0.08350292007741944,0.028279023735064645,2026-09-01
TPVG,5.3,0.75,215761552.0,40709723.0,8.667,Financial Services,TriplePoint Venture Growth BDC ,0.87,0.01,forecast_icc,0.1536139377252873,1.6352828665275823,2026-09-01
TR,40.31,0.36,3029822976.0,43072874.0,12.704,Consumer Defensive,"Tootsie Roll Industries, Inc.",1.27,0.01,trailing_eps_fallback_icc,0.029557621394481738,0.18060388201901337,2026-09-01
TRAK,7.93,0.08,144116352.0,18173565.0,2.778,Technology,"ReposiTrak, Inc.",0.37,0.16216216216216206,forecast_icc,0.07782966381155434,0.3503153033598852,2026-09-01
TRC,16.08,0.0,434504832.0,27021444.0,17.579,Industrials,Tejon Ranch Co,0.18,,forecast_icc,0.010000000000000002,1.0932213616349382,2026-09-01
TREE,27.37,0.0,384262784.0,14039561.0,22.856,Financial Services,"LendingTree, Inc.",5.3377,0.240425651497836,forecast_icc,0.1935107330534619,0.835074900763744,2026-09-01
TREX,43.34,0.0,4502970880.0,103898729.0,9.584,Industrials,"Trex Company, Inc.",1.76848,0.14032954853885804,forecast_icc,0.0625011415166278,0.22113521167962782,2026-09-01
TRGP,296.06,5.0,63484448768.0,214431021.0,14.607,Energy,"Targa Resources, Inc.",11.49723,0.05065220057352948,forecast_icc,0.04609220116606616,0.049337971495876244,2026-09-01
TRI,106.35,2.62,46073434112.0,433224578.0,25.68,Industrials,Thomson Reuters Corp,4.43669,0.1458204201781057,forecast_icc,0.07570336584113949,0.24146685345823607,2026-09-01
TRIN,18.34,2.55,1736680192.0,94693574.0,13.267,Financial Services,Trinity Capital Inc.,2.08,0.012822115384615307,forecast_icc,0.11852416987859893,0.7233914753246635,2026-09-01
TRIP,9.46,0.0,1108705792.0,117199342.0,5.709,Consumer Cyclical,"TripAdvisor, Inc.",0.8499,0.2647370278856336,forecast_icc,0.13792484025111718,0.6034883630138012,2026-09-01
TRLV,11.74,0.0,2260715520.0,170158916.0,6.072,Healthcare,Trulieve Cannabis Corp. Subordi,0.55566,0.04,forecast_icc,0.04541561724239761,0.45702563140363633,2026-09-01
TRMB,58.94,0.0,13743619072.0,233179848.0,24.33,Technology,Trimble Inc.,3.66919,0.1237902643362705,forecast_icc,0.07798238277441186,0.4127927056271659,2026-09-01
TRMD,33.21,4.42,3399611904.0,102367118.0,22.262,Energy,TORM plc,7.6,0.01,forecast_icc,0.17006522901739463,0.6703402756751848,2026-09-01
TRMK,45.18,1.0,2623628544.0,58070577.0,36.816,Financial Services,Trustmark Corporation,3.93833,0.043589541760086226,forecast_icc,0.07872306326924516,0.8148738767617251,2026-09-01
TRN,27.86,1.24,2219591936.0,79669486.0,14.343,Industrials,"Trinity Industries, Inc.",2.225,0.01,forecast_icc,0.06775672400740329,0.5148241076047954,2026-09-01
TRNO,66.45,2.28,7241076736.0,108970310.0,41.146,Real Estate,Terreno Realty Corporation,2.08,0.01,forecast_icc,0.0333962623964176,0.6192024389092181,2026-09-01
TRNS,84.88,0.0,794460672.0,9359810.0,32.207,Industrials,"Transcat, Inc.",1.905,0.13779527559055116,forecast_icc,0.040476311875250956,0.3794415649438214,2026-09-01
TROW,108.975,5.2,23246094336.0,213315850.0,51.579,Financial Services,"T. Rowe Price Group, Inc.",10.2122,0.01,forecast_icc,0.0761482936994288,0.4733104007975579,2026-09-01
TRP,63.14,2.5,65777160192.0,1041766896.0,17.118914,Energy,TC Energy Corporation,3.73362,0.04833111028974568,forecast_icc,0.06925420776113075,0.2711262974657874,2026-09-01
TRS,38.91,0.16,1395852416.0,35873873.0,40.216,Consumer Cyclical,TriMas Corporation,1.652,0.27966101694915246,forecast_icc,0.0967782948551893,1.033564623330494,2026-09-01
TRST,56.15,1.6,956107648.0,17027740.0,38.525,Financial Services,TrustCo Bank Corp NY,2.87,0.241,forecast_icc,0.11385465782484189,0.6861086038504317,2026-09-01
TRT,9.86,0.0,99710224.0,10112599.0,3.83,Technology,Trio-Tech International,0.05,0.04,trailing_eps_fallback_icc,0.010000000000000002,0.3884381422109733,2026-09-01
TRTX,7.68,0.96,593727040.0,77308209.0,13.567,Real Estate,"TPG RE Finance Trust, Inc.",0.996,0.11646586345381538,forecast_icc,0.19138957360420916,1.7665364735670452,2026-09-01
TRU,83.67,0.5,16031171584.0,191600000.0,25.276,Financial Services,TransUnion,4.85504,0.1542561956235171,forecast_icc,0.0847698886146287,0.3020915579765527,2026-09-01
TRUP,27.88,0.0,1223168384.0,43872611.0,9.338,Financial Services,"Trupanion, Inc.",4.04,0.054455445544554504,forecast_icc,0.10300526787991615,0.3349354405141328,2026-09-01
TRV,363.92,5.0,75904622592.0,208575022.0,158.778,Financial Services,"The Travelers Companies, Inc.",34.05444,0.01,forecast_icc,0.0648085124374006,0.4362991832674811,2026-09-01
TRVG,5.86,0.0,413472576.0,23063075.0,3.333462,Communication Services,trivago N.V.,0.05497,0.75,forecast_icc,0.09345341660059925,0.18593708163041506,2026-09-01
TRX,1.09,0.0,356946688.0,327474009.0,0.27,Basic Materials,TRX Gold Corporation,0.17,0.04,forecast_icc,0.10153481388227903,0.2477064093952316,2026-09-01
TS,56.6,2.38,28572803072.0,504819878.0,16.801,Energy,Tenaris S.A.,3.73218,0.11197745017657246,forecast_icc,0.09693846064055608,0.2968374768448759,2026-09-01
TSBK,45.02,1.2,350060576.0,7775668.0,34.606,Financial Services,"Timberland Bancorp, Inc.",3.99,0.09,trailing_eps_fallback_icc,0.09791683698214582,0.7686805806089974,2026-09-01
TSCO,34.71,0.96,18085302272.0,521040137.0,5.025,Consumer Cyclical,Tractor Supply Company,1.8725,0.09250200267022701,forecast_icc,0.07422269700726136,0.14477096644818524,2026-09-01
TSEM,199.06,0.0,22499997696.0,113031240.0,27.202,Technology,Tower Semiconductor Ltd.,3.85575,0.6873215327757245,forecast_icc,0.12599625737178755,0.13665227134785926,2026-09-01
TSI,4.36,0.34,277792704.0,63713920.0,5.112,Financial Services,"TCW Strategic Income Fund, Inc.",0.41,0.01,trailing_eps_fallback_icc,0.08883353145230621,1.1724770101953434,2026-09-01
TSLA,356.09,0.0,1406394302464.0,3949547394.0,21.995,Consumer Cyclical,"Tesla, Inc.",1.77267,0.21769985389271573,forecast_icc,0.01811682267917849,0.06176809361274674,2026-09-01
TSLX,18.45,1.68,1759080960.0,95343139.0,16.242,Financial Services,"Sixth Street Specialty Lending,",1.7377,0.05277665880186455,forecast_icc,0.11901574433439344,0.8803251805067573,2026-09-01
TSM,414.0,4.34,2147200270336.0,5186474013.0,4.7950196,Technology,Taiwan Semiconductor Manufactur,16.89809,0.28897822179903176,forecast_icc,0.10095960362397804,0.011582172790679671,2026-09-01
TSN,55.06,2.04,19370190848.0,281792507.0,51.39,Consumer Defensive,"Tyson Foods, Inc.",3.95055,0.13351305514422052,forecast_icc,0.1058475646090139,0.7476083766219173,2026-09-01
TSQ,5.66,0.8,103191080.0,16916343.0,-2.255,Communication Services,"Townsquare Media, Inc.",0.34,0.01,forecast_icc,0.06175026206980287,,2026-09-01
TSSI,7.86,0.0,221801888.0,28219070.0,2.847,Technology,"TSS, Inc.",0.21,0.1428571428571428,forecast_icc,0.04690864632644469,0.362213744050727,2026-09-01
TT,440.15,4.2,96843202560.0,220023177.0,39.142,Industrials,Trane Technologies plc,15.24248,0.14695508867323426,forecast_icc,0.061016268397521056,0.08892877317639587,2026-09-01
TTAM,14.65,0.16,2701069312.0,184373341.0,5.904,Basic Materials,Titan America SA,1.105,0.1430859728506788,forecast_icc,0.09824056115081448,0.4030034329100548,2026-09-01
TTAN,95.45,0.0,9105698816.0,82746425.0,16.123,Technology,"ServiceTitan, Inc.",1.31119,0.25167214515058833,forecast_icc,0.041516948119815045,0.14651490645954177,2026-09-01
TTC,97.96,1.56,9328685056.0,95229534.0,14.343,Industrials,Toro Company (The),4.61,0.09891540130151832,forecast_icc,0.0651501779662601,0.14641690634453336,2026-09-01
TTD,13.78,0.0,6474949120.0,426771565.0,5.209,Communication Services,"The Trade Desk, Inc.",1.16099,0.01,forecast_icc,0.056551927484076364,0.343331359194526,2026-09-01
TTE,90.35,4.24,199914520576.0,2212667551.0,57.733,Energy,TotalEnergies SE,10.63842,0.01,forecast_icc,0.08716840604797971,0.638992782284264,2026-09-01
TTEC,1.34,0.0,66056560.0,49295940.0,1.958,Technology,"TTEC Holdings, Inc.",0.84667,0.27558552919083,forecast_icc,0.3452945845331251,1.4611940210026073,2026-09-01
TTEK,35.74,0.29,9151028224.0,256044428.0,7.233,Industrials,"Tetra Tech, Inc.",1.57707,0.10191684579631843,forecast_icc,0.06025449743686562,0.2023782795103747,2026-09-01
TTGT,3.77,0.0,272694112.0,72332660.0,7.008,Technology,"TechTarget, Inc.",1.1,0.01,forecast_icc,0.12742198405671312,1.8588860520758144,2026-09-01
TTI,6.53,0.0,966915328.0,148072779.0,2.754,Industrials,"Tetra Technologies, Inc.",0.25,0.48,forecast_icc,0.130791216897039,0.42174575328068437,2026-09-01
TTMI,115.33,0.0,12149884928.0,105348864.0,17.697,Technology,"TTM Technologies, Inc.",4.85,0.42113402061855676,forecast_icc,0.12434787314529011,0.1534466258121914,2026-09-01
TTWO,216.68,0.0,40514920448.0,186980443.0,18.937,Communication Services,"Take-Two Interactive Software, ",1.91661,0.75,forecast_icc,0.09038208673911219,0.08739616442381025,2026-09-01
TU,9.65,0.54,15198749696.0,1575000000.0,6.120342,Communication Services,Telus Corporation,0.512,0.07605468749999988,forecast_icc,0.0800415656213894,0.6342323442919078,2026-09-01
TUYA,1.83,0.11,1121992576.0,542948046.0,1.634,Technology,Tuya Inc.,0.12,0.12500000000000022,forecast_icc,0.1114500250771947,0.7907156661649782,2026-09-01
TV,2.64,0.09,1391438464.0,527060000.0,11.376609,Communication Services,Grupo Televisa S.A.B.,2.48594,0.01,forecast_icc,0.2587449602480262,4.309321392699404,2026-09-01
TVA,10.55,0.0,316500000.0,22500000.0,-0.359,Financial Services,Texas Ventures Acquisition III ,0.09,0.01,trailing_eps_fallback_icc,0.010000000000000002,,2026-09-01
TVAI,10.38,0.0,282292736.0,20487500.0,-0.313,Financial Services,Thayer Ventures Acquisition Cor,0.26,0.401,trailing_eps_fallback_icc,0.08978238184954523,,2026-09-01
TVTX,65.71,0.0,6110563840.0,92992905.0,0.26,Healthcare,"Travere Therapeutics, Inc.",1.7353,0.75,forecast_icc,0.15912363636673688,0.0039567797560233,2026-09-01
TW,106.71,0.56,23265556480.0,116035961.0,31.086,Financial Services,Tradeweb Markets Inc.,4.05957,0.13233174942173687,forecast_icc,0.05996179786006042,0.1550400862642938,2026-09-01
TWFG,28.8,0.0,370953568.0,12880333.0,3.606,Financial Services,"TWFG, Inc.",1.14347,0.0120860188723797,forecast_icc,0.03367129682597922,0.12520834089402802,2026-09-01
TWG,0.4301,0.0,28349274.0,59579883.0,18.928,Consumer Defensive,Top Wealth Group Holding Limite,0.13,0.01,trailing_eps_fallback_icc,0.13011624262918786,39.779785028145696,2026-09-01
TWI,7.41,0.0,478258816.0,64542352.0,7.773,Industrials,"Titan International, Inc. (DE)",0.29,0.04,forecast_icc,0.03944877392132107,1.0489878812730553,2026-09-01
TWIN,22.42,0.2,323359776.0,14422827.0,15.23,Industrials,"Twin Disc, Incorporated",0.74,0.3783783783783785,forecast_icc,0.1078749119116219,0.6793042039032091,2026-09-01
TWLO,228.65,0.0,35114971136.0,153575220.0,58.46,Technology,Twilio Inc.,5.92927,0.14244080637245404,forecast_icc,0.045832312505364015,0.2556746330910611,2026-09-01
TWLV,10.13,0.0,237421872.0,17745000.0,-0.277,Financial Services,Twelve Seas Investment Company ,0.12,0.04,trailing_eps_fallback_icc,0.01665263709088218,,2026-09-01
TWN,103.57,0.0,594702976.0,5742039.0,79.33,Financial Services,"Taiwan Fund, Inc. (The)",38.86,0.04,trailing_eps_fallback_icc,0.16778550681229898,0.7659553966482926,2026-09-01
TX,55.67,2.2,10928448512.0,196307678.0,62.132,Basic Materials,Ternium S.A. Ternium S.A.,6.79253,0.12629020409184788,forecast_icc,0.1370309249124787,1.1160768736845927,2026-09-01
TXG,59.98,0.0,7814864384.0,120212296.0,6.337,Healthcare,"10x Genomics, Inc.",0.105,0.75,forecast_icc,0.031453882861371144,0.09747901976541835,2026-09-01
TXMD,2.17,0.0,25116366.0,11574362.0,2.33,Healthcare,"TherapeuticsMD, Inc.",0.35,0.01,forecast_icc,0.08819499190327001,1.0737326992288614,2026-09-01
TXN,253.34,5.68,231362166784.0,913247686.0,19.723,Technology,Texas Instruments Incorporated,8.5058,0.18748383455994722,forecast_icc,0.07503267652662016,0.0778518993029401,2026-09-01
TXNM,57.85,4.58,5961217536.0,103046111.0,32.009,Utilities,"TXNM Energy, Inc.",2.86066,0.13949927639076298,forecast_icc,0.0956249546988811,0.553310283860609,2026-09-01
TXO,15.19,1.41,842230912.0,55446407.0,12.627,Energy,"TXO Partners, L.P.",1.14,0.04,forecast_icc,0.09276853310697422,0.831270582940798,2026-09-01
TXRH,191.57,3.0,12574832640.0,65640926.0,23.411,Consumer Cyclical,"Texas Roadhouse, Inc.",6.59215,0.180619373042179,forecast_icc,0.07092256667714517,0.1222059778114073,2026-09-01
TXT,79.71,0.08,13860689920.0,173888981.0,46.843,Industrials,Textron Inc.,6.45697,0.124835642724064,forecast_icc,0.09255949723616066,0.5876678277918651,2026-09-01
TY,35.32,1.14,1880203136.0,53233385.0,36.348,Financial Services,Tri Continental Corporation,4.91,0.165,trailing_eps_fallback_icc,0.15671136007232123,1.0291053349141952,2026-09-01
TYG,43.7,5.7,1110429824.0,25410293.0,46.545,Financial Services,Tortoise Energy Infrastructure ,7.19,0.04,trailing_eps_fallback_icc,0.1681882335804673,1.0651029557406773,2026-09-01
TYGO,1.06,0.0,80465432.0,75910794.0,0.581,Technology,"Tigo Energy, Inc.",0.16,0.04,trailing_eps_fallback_icc,0.09952385407907871,0.5481132732127754,2026-09-01
TYL,376.43,0.0,15415663616.0,40952274.0,74.204,Technology,"Tyler Technologies, Inc.",13.09892,0.17197066628393798,forecast_icc,0.06227104268235237,0.19712563893402485,2026-09-01
TZOO,6.28,0.0,64070680.0,10202337.0,-0.793,Communication Services,Travelzoo,0.62333,0.04,forecast_icc,0.076276277959621,,2026-09-01
U,40.92,0.0,18008438784.0,440088933.0,6.895,Technology,Unity Software Inc.,1.21129,0.43726935746187956,forecast_icc,0.1059089950576032,0.16849951455708598,2026-09-01
UA,4.8,0.0,2061818624.0,206256035.0,3.325,Consumer Cyclical,"Under Armour, Inc.",0.38,0.04,forecast_icc,0.06555316830007396,0.33261961473823604,2026-09-01
UAA,4.92,0.0,2113364096.0,188839506.0,3.325,Consumer Cyclical,"Under Armour, Inc.",0.10862,0.75,forecast_icc,0.1461228741166044,0.2971051503327896,2026-09-01
UAL,104.63,0.0,33959729152.0,324569728.0,51.441,Industrials,"United Airlines Holdings, Inc.",10.18447,0.495200044774053,forecast_icc,0.2084448231352357,0.4916467767842815,2026-09-01
UAMY,4.68,0.0,700452672.0,149669384.0,0.922,Basic Materials,United States Antimony Corporat,0.105,0.01,forecast_icc,0.021990107062787485,0.1970085596989485,2026-09-01
UAN,130.25,14.47,1376695296.0,10569637.0,32.827,Basic Materials,"CVR Partners, LP",15.16,0.75,trailing_eps_fallback_icc,0.4,0.2520306961221722,2026-09-01
UBCP,15.71,0.79,90104984.0,5735518.0,11.676,Financial Services,"United Bancorp, Inc.",1.35,0.19999999999999996,forecast_icc,0.1473892275679446,0.7432209096002946,2026-09-01
UBER,75.24,0.0,153682214912.0,2042560121.0,13.39,Technology,"Uber Technologies, Inc.",3.29169,0.40824925797994327,forecast_icc,0.12410805932725583,0.1779638589660542,2026-09-01
UBS,54.14,1.1,165762711552.0,3061742149.0,29.122,Financial Services,UBS Group AG Registered,3.36583,0.21073553922806565,forecast_icc,0.11133569173940006,0.537901763480788,2026-09-01
UBSI,46.5,1.52,6333884928.0,136212571.0,40.334,Financial Services,"United Bankshares, Inc.",3.68333,0.047511355213896156,forecast_icc,0.07952709176846084,0.8673977979023367,2026-09-01
UCB,34.11,1.04,4112830464.0,120575503.0,30.536,Financial Services,"United Community Banks, Inc.",2.91833,0.10581736815233356,forecast_icc,0.10312424245405605,0.895221330379642,2026-09-01
UCFI,5.51,0.0,287814784.0,52234983.0,0.381,Consumer Defensive,CN Healthy Food Tech Group Corp,0.18,0.01,trailing_eps_fallback_icc,0.028928561576334846,0.06914699879697633,2026-09-01
UCL,0.3939,0.0,15004537.0,25884952.0,0.757,Communication Services,uCloudlink Group Inc.,0.48,0.04,forecast_icc,0.3065882936617824,1.305932243294145,2026-09-01
UCTT,65.11,0.0,2918774016.0,44828352.0,14.016,Technology,"Ultra Clean Holdings, Inc.",3.16458,0.75,forecast_icc,0.20906686433409638,0.2152664708496569,2026-09-01
UDR,36.87,1.73,13660911616.0,324915653.0,9.013,Real Estate,"UDR, Inc.",1.00481,0.01,forecast_icc,0.029720212484285136,0.21436818148059086,2026-09-01
UE,21.38,0.84,2943750912.0,126244466.0,10.22,Real Estate,Urban Edge Properties,0.50333,0.01,forecast_icc,0.026238620300631177,0.43829063025017245,2026-09-01
UEIC,4.605,0.0,59335712.0,12885062.0,11.079,Technology,Universal Electronics Inc.,0.45,0.22222222222222232,forecast_icc,0.1318200016106773,2.405863131767931,2026-09-01
UFCS,54.15,0.8,1389281408.0,25656166.0,38.022,Financial Services,"United Fire Group, Inc",4.99,0.01,forecast_icc,0.06443317570937157,0.7021606551665592,2026-09-01
UFG,0.5401,0.0,17534346.0,9815000.0,0.324,Industrials,Uni-Fuels Holdings Limited,0.01,,forecast_icc,0.010000000000000002,0.18136176849709706,2026-09-01
UFI,7.39,0.0,137371488.0,18588837.0,12.475,Consumer Cyclical,"Unifi, Inc. New",0.7,0.04,forecast_icc,0.07395948981165346,1.68809223042703,2026-09-01
UFPI,82.47,1.44,4549168128.0,55161491.0,55.066,Basic Materials,"UFP Industries, Inc.",4.5325,0.2200772200772203,forecast_icc,0.10504889461629599,0.6677094752137506,2026-09-01
UFPT,294.06,0.0,2277726976.0,7745790.0,59.7,Healthcare,"UFP Technologies, Inc.",10.62,0.11793785310734473,forecast_icc,0.05303974101908182,0.20301979467797285,2026-09-01
UG,7.13,0.6,32757494.0,4594319.0,2.532,Consumer Defensive,"United-Guardian, Inc.",0.54,0.162,trailing_eps_fallback_icc,0.1437143520236267,0.3551192196814567,2026-09-01
UGI,38.44,1.5,8245186048.0,214494967.0,25.276,Utilities,UGI Corporation,2.79667,0.16448132958125194,forecast_icc,0.11786080528671203,0.6575442633228499,2026-09-01
UGP,6.87,0.38,7320809472.0,1065620026.0,3.0287085,Energy,Ultrapar Participacoes S.A. (Ne,0.74022,0.01,forecast_icc,0.0858937312143967,0.4408600500887917,2026-09-01
UHAL,67.5,0.0,13121560576.0,19224580.0,40.01,Industrials,U-Haul Holding Company,1.12,0.75,forecast_icc,0.12685354412074445,0.058619204731399165,2026-09-01
UHAL-B,59.61,0.2,11587795968.0,175168915.0,39.595,Industrials,U-Haul Holding Company Series N,1.12,0.75,forecast_icc,0.14071564260957692,0.5985446420163445,2026-09-01
UHS,170.75,0.8,10063410176.0,51687770.0,127.49,Healthcare,"Universal Health Services, Inc.",22.52656,0.06787987158270048,forecast_icc,0.10415207800588122,0.6548151851164294,2026-09-01
UHT,41.11,3.0,571374912.0,13898684.0,10.354,Real Estate,Universal Health Realty Income ,1.39,0.334,trailing_eps_fallback_icc,0.1207630749364389,0.25186085547977294,2026-09-01
UI,586.78,4.0,35516846080.0,60528381.0,19.864,Technology,Ubiquiti Inc.,17.714,0.10528395619284203,forecast_icc,0.04648554141608517,0.03385254866031168,2026-09-01
UIS,2.59,0.0,188852304.0,72915955.0,-4.115,Technology,Unisys Corporation New,0.644,0.639751552795031,forecast_icc,0.35935070943599723,,2026-09-01
UL,64.38,2.12,138627153920.0,2153264479.0,8.765274,Consumer Defensive,Unilever PLC,3.17303,0.07165705965591251,forecast_icc,0.06638834976141894,0.13614903443660228,2026-09-01
ULBI,6.18,0.0,102979000.0,16663269.0,7.782,Industrials,Ultralife Corporation,0.9,0.75,forecast_icc,0.3249304955652953,1.2592233305625418,2026-09-01
ULCC,5.52,0.0,1270791040.0,230215771.0,0.966,Industrials,"Frontier Group Holdings, Inc.",0.38939,0.04,forecast_icc,0.060540280250885536,0.17500000219233525,2026-09-01
ULH,18.41,0.42,485431264.0,26367805.0,21.276,Industrials,"Universal Logistics Holdings, I",0.5,0.75,forecast_icc,0.20046922060740735,1.155676324918372,2026-09-01
ULS,73.46,0.58,14806827008.0,77808115.0,7.9,Industrials,UL Solutions Inc.,2.31791,0.12195037771095518,forecast_icc,0.05167203239731755,0.04151356047908789,2026-09-01
ULTA,545.66,0.0,23331041280.0,42757471.0,63.475,Consumer Cyclical,"Ulta Beauty, Inc.",28.93206,0.10472292674631523,forecast_icc,0.06573574885074013,0.11632701854809799,2026-09-01
UMBF,137.95,2.0,10477306880.0,75950030.0,99.147,Financial Services,UMB Financial Corporation,13.22472,0.05352778735580044,forecast_icc,0.08440601115477533,0.7187169098563237,2026-09-01
UMC,20.47,0.4,51336888320.0,2507908580.0,5.568826,Technology,United Microelectronics Corpora,0.9184,0.01,forecast_icc,0.039420809405324386,0.2720481697073587,2026-09-01
UMH,16.2,0.9,1383246848.0,85385600.0,6.529,Real Estate,"UMH Properties, Inc.",0.152,0.013157894736842035,forecast_icc,0.011985243051516069,0.4030246540637698,2026-09-01
UNB,23.76,1.44,117513824.0,4945868.0,18.861,Financial Services,"Union Bankshares, Inc.",2.59,0.154,trailing_eps_fallback_icc,0.15261552301678238,0.7938131291515116,2026-09-01
UNCY,5.05,0.0,138334800.0,27393027.0,1.912,Healthcare,"Unicycive Therapeutics, Inc.",1.41286,0.04,forecast_icc,0.14280277545436892,0.37861382402692595,2026-09-01
UNF,277.48,1.46,5017996288.0,14532908.0,121.547,Industrials,Unifirst Corporation,7.4432,0.0747245808254513,forecast_icc,0.03718679253276891,0.3520192657177191,2026-09-01
UNFI,44.64,0.0,2701574400.0,60519140.0,26.326,Consumer Defensive,"United Natural Foods, Inc.",2.564,0.25347113884555394,forecast_icc,0.10557657570145229,0.5897401454648076,2026-09-01
UNH,396.3,9.28,355716825088.0,897594847.0,108.781,Healthcare,UnitedHealth Group Incorporated,19.81226,0.1323983230585506,forecast_icc,0.07992809587958527,0.2744915566682901,2026-09-01
UNIT,9.75,0.0,2366569984.0,242725135.0,1.317,Real Estate,Uniti Group Inc.,3.84,0.04,trailing_eps_fallback_icc,0.1722206828481624,0.13507692777151356,2026-09-01
UNM,91.69,2.02,14515150848.0,158306798.0,68.283,Financial Services,Unum Group,8.6756,0.09027271888975985,forecast_icc,0.09962463994157442,0.7447158628271116,2026-09-01
UNP,290.62,5.68,172650217472.0,594075498.0,32.708,Industrials,Union Pacific Corporation,13.05258,0.08445763213096558,forecast_icc,0.0609047719531374,0.1125455946311523,2026-09-01
UNTY,57.8,0.68,580460992.0,10042578.0,37.022,Financial Services,"Unity Bancorp, Inc.",5.846,0.087581252138214,forecast_icc,0.09813990303712361,0.6405190492387126,2026-09-01
UPBD,18.42,1.56,1073875072.0,58299405.0,12.58,Technology,"Upbound Group, Inc.",4.15143,0.1094273539479167,forecast_icc,0.2008180611627174,0.6829532913303346,2026-09-01
UPLD,4.105,0.0,12139269.0,2957191.0,-17.841,Technology,"Upland Software, Inc.",6.67,0.01,forecast_icc,0.32463376543961286,,2026-09-01
UPS,102.66,6.56,87341236224.0,749349405.0,17.705,Industrials,"United Parcel Service, Inc.",7.20885,0.12013705376030837,forecast_icc,0.11562999022020282,0.1519011155452294,2026-09-01
UPST,27.39,0.0,2621539840.0,95711569.0,8.196,Financial Services,"Upstart Holdings, Inc.",2.28554,0.48900478661497915,forecast_icc,0.19293258885998965,0.29923330080842864,2026-09-01
UPWK,9.19,0.0,1147861888.0,124903365.0,4.516,Communication Services,Upwork Inc.,1.38967,0.01,forecast_icc,0.08456048426779794,0.4914037152351207,2026-09-01
UPXI,1.04,0.0,76390448.0,73452358.0,-0.776,Communication Services,"Upexi, Inc.",0.53,0.04,trailing_eps_fallback_icc,0.1973861818078878,,2026-09-01
URBN,79.29,0.0,6791219712.0,85650390.0,30.497,Consumer Cyclical,"Urban Outfitters, Inc.",6.64179,0.02199105963904291,forecast_icc,0.061568060129447155,0.3846260398871336,2026-09-01
URGN,43.39,0.0,2120927616.0,48880564.0,-2.709,Healthcare,UroGen Pharma Ltd.,2.79429,0.04,forecast_icc,0.05679057984611957,,2026-09-01
URI,990.15,7.88,61629399040.0,62242489.0,147.968,Industrials,"United Rentals, Inc.",49.23641,0.1614484077941507,forecast_icc,0.07972973324352661,0.14943998734069108,2026-09-01
UROY,4.14,0.0,1577618688.0,381067318.0,2.134,Energy,Uranium Royalty Corp.,0.0145,0.75,forecast_icc,0.05051466648157754,0.5154589399818266,2026-09-01
USA,5.92,0.67,1824658688.0,308219353.0,6.837,Financial Services,Liberty All-Star Equity Fund,0.01,0.01,forecast_icc,0.010000000000000002,1.1548985738098763,2026-09-01
USAC,27.2,2.1,3942459136.0,144943345.0,1.98,Energy,"USA Compression Partners, LP",1.44061,0.15498295860781197,forecast_icc,0.10622909560658156,0.07279411484050954,2026-09-01
USAS,5.05,0.0,1707696000.0,338157614.0,0.73,Basic Materials,Americas Gold and Silver Corpor,0.122,0.75,forecast_icc,0.15257073570215673,0.1445544512723576,2026-09-01
USB,61.21,2.08,95368331264.0,1558051446.0,38.911,Financial Services,U.S. Bancorp,5.23763,0.10557064932039872,forecast_icc,0.10475657299047145,0.6356967665448822,2026-09-01
USCB,22.26,0.48,411241696.0,18474470.0,12.228,Financial Services,"USCB Financial Holdings, Inc.",2.092,0.11472275334608018,forecast_icc,0.10726758236542044,0.5493261538343621,2026-09-01
USEA,2.82,0.4,26897552.0,9538139.0,6.213,Industrials,United Maritime Corporation,0.44,0.01,forecast_icc,0.15081817161440209,2.2031914877234926,2026-09-01
USFD,106.66,0.0,23073835008.0,216330723.0,19.783,Consumer Defensive,US Foods Holding Corp.,4.78925,0.15309495223678016,forecast_icc,0.06944047596224984,0.18547721657995658,2026-09-01
USIO,2.81,0.0,80072112.0,28495414.0,0.656,Technology,"Usio, Inc.",0.03,0.75,forecast_icc,0.10045596253007741,0.2334519612021724,2026-09-01
USLM,115.05,0.24,3300596480.0,28688363.0,23.105,Basic Materials,"United States Lime & Minerals, ",5.04,0.13095238095238093,forecast_icc,0.06429867596213337,0.200825708665544,2026-09-01
USNA,13.96,0.0,257932416.0,18476534.0,28.506,Consumer Defensive,"USANA Health Sciences, Inc.",0.76,0.75,forecast_icc,0.21938867466875978,2.041977066597166,2026-09-01
USPH,77.75,1.84,1160239744.0,14922698.0,30.063,Healthcare,"U.S. Physical Therapy, Inc.",2.89361,0.16899996889698343,forecast_icc,0.07586907999109863,0.38666238791937124,2026-09-01
UTF,26.95,1.92,3013282048.0,111810099.0,25.602,Financial Services,Cohen & Steers Infrastructure F,3.96,0.04,trailing_eps_fallback_icc,0.12773923965210765,0.949981484971831,2026-09-01
UTG,37.54,2.52,3457777920.0,92109160.0,44.001,Financial Services,53270,13.81,0.75,trailing_eps_fallback_icc,0.4,1.1721097314312192,2026-09-01
UTHR,512.7,0.0,21990057984.0,42890692.0,149.971,Healthcare,United Therapeutics Corporation,26.0418,0.10180018278306413,forecast_icc,0.06317399813445487,0.2925121877628606,2026-09-01
UTI,20.85,0.0,1148735616.0,55095231.0,6.249,Consumer Defensive,Universal Technical Institute I,0.60333,0.21823877479986065,forecast_icc,0.06330610616950905,0.2997122172618351,2026-09-01
UTL,53.61,1.9,977668096.0,18236674.0,34.008,Utilities,UNITIL Corporation,3.31,0.06042296072507547,forecast_icc,0.0735972667152257,0.6343592594761321,2026-09-01
UTMD,71.76,1.24,228470784.0,3183818.0,37.805,Healthcare,"Utah Medical Products, Inc.",3.28,0.01,trailing_eps_fallback_icc,0.039440278462966716,0.5268255195815321,2026-09-01
UTZ,14.21,0.25,1259193856.0,88613213.0,7.859,Consumer Defensive,Utz Brands Inc,0.7768,0.07461380020597308,forecast_icc,0.06566035059586783,0.5530611808885764,2026-09-01
UUUU,14.22,0.0,3765080320.0,264773572.0,3.171,Energy,Energy Fuels Inc,0.485,0.04,forecast_icc,0.036089624413375376,0.22299577311859312,2026-09-01
UVE,43.71,0.64,1216464896.0,27830355.0,22.895,Financial Services,UNIVERSAL INSURANCE HOLDINGS IN,5.2,0.01,forecast_icc,0.07644182520731291,0.5237931483433452,2026-09-01
UVSP,41.1,0.92,1133569536.0,27580768.0,34.06,Financial Services,Univest Financial Corporation,3.80667,0.031523615128183025,forecast_icc,0.07705025176174851,0.8287104833417118,2026-09-01
UVV,46.13,3.32,1148602752.0,24899257.0,55.691,Consumer Defensive,Universal Corporation,3.18,0.24213836477987427,forecast_icc,0.16309826207867484,1.2072620574628399,2026-09-01
UWMC,1.37,0.4,3926408192.0,342266194.0,0.391,Financial Services,UWM Holdings Corporation,0.16549,0.75,forecast_icc,0.4,0.034083588692247715,2026-09-01
UYSC,10.99,0.0,84165240.0,5221060.0,-0.314,Financial Services,UY Scuti Acquisition Corp.,0.09,0.01,trailing_eps_fallback_icc,0.010000000000000002,,2026-09-01
V,372.67,2.68,695792566272.0,1704112694.0,18.87,Financial Services,Visa Inc.,13.22816,0.13426961875272148,forecast_icc,0.05836813426499268,0.04621579490001235,2026-09-01
VABK,46.35,1.44,251461808.0,5425282.0,35.89,Financial Services,Virginia National Bankshares Co,4.56,0.75,trailing_eps_fallback_icc,0.3194608973650176,0.7743258211998539,2026-09-01
VAC,99.08,3.2,3407888384.0,34395320.0,58.016,Consumer Cyclical,Marriott Vacations Worldwide Co,8.62888,0.1104743605195575,forecast_icc,0.10660812076060033,0.5855470192300758,2026-09-01
VAL,88.04,0.0,6113128448.0,69435807.0,45.803,Energy,Valaris Limited,3.21988,0.75,forecast_icc,0.18465187996383559,0.5202521581337791,2026-09-01
VALE,15.12,1.2,64347131904.0,4255762795.0,9.102974,Basic Materials,VALE S.A.,1.88955,0.0656240903918921,forecast_icc,0.1347583545679557,0.6020485595356292,2026-09-01
VALN,6.57,0.0,622990144.0,94823458.0,0.99761665,Healthcare,Valneva SE,1.19,0.04,forecast_icc,0.11111394712295064,0.15184423288625204,2026-09-01
VALU,38.71,1.4,363187776.0,9382273.0,11.479,Financial Services,"Value Line, Inc.",2.3,0.01,trailing_eps_fallback_icc,0.05316114922733106,0.296538371839365,2026-09-01
VBF,14.63,0.8,167149056.0,11425089.0,16.628,Financial Services,Invesco Bond Fund,1.02,0.75,trailing_eps_fallback_icc,0.3222646085191433,1.1365686677404867,2026-09-01
VBNK,18.965,0.07,614769600.0,32416007.0,12.294241,Financial Services,VersaBank,1.13867,0.4850659102285999,forecast_icc,0.1682074120763558,0.6482594492565784,2026-09-01
VC,100.76,1.5,2689689600.0,26694021.0,58.277,Consumer Cyclical,Visteon Corporation,8.53763,0.22682290050049003,forecast_icc,0.1320801474963037,0.5783743454326477,2026-09-01
VCEL,40.5,0.0,2073867904.0,51206614.0,7.231,Healthcare,Vericel Corporation,0.516,0.63953488372093,forecast_icc,0.09353759841229892,0.17854320669114324,2026-09-01
VCTR,113.08,2.0,6955502592.0,61509572.0,37.728,Financial Services,"Victory Capital Holdings, Inc. ",7.99372,0.07077555881366893,forecast_icc,0.07618226613229051,0.3336398918296888,2026-09-01
VCV,10.3,0.78,505882464.0,49114802.0,10.527,Financial Services,Invesco California Value Munici,0.26,0.75,trailing_eps_fallback_icc,0.20018078986477084,1.022038828082406,2026-09-01
VCYT,43.43,0.0,3491369216.0,80390731.0,17.276,Healthcare,"Veracyte, Inc.",1.90636,0.021937094777481736,forecast_icc,0.038499624668978494,0.39778957275310983,2026-09-01
VECO,42.05,0.0,2570501376.0,61129640.0,14.768,Technology,Veeco Instruments Inc.,1.51372,0.75,forecast_icc,0.18335132289005124,0.35120094933572993,2026-09-01
VEEV,279.23,0.0,45209808896.0,161908850.0,44.828,Healthcare,Veeva Systems Inc.,9.23599,0.10881778780618001,forecast_icc,0.0480806271715718,0.16054148657200287,2026-09-01
VEL,17.93,0.0,707902528.0,39481457.0,17.672,Financial Services,"Velocity Financial, Inc.",2.80667,0.08075762380329721,forecast_icc,0.11824644157015463,0.985610702754829,2026-09-01
VENU,1.86,0.0,104551624.0,56210552.0,2.781,Consumer Cyclical,Venu Holding Corporation,1.88,0.04,forecast_icc,0.27951875688538463,1.4951613292204817,2026-09-01
VEON,62.32,0.0,4291429376.0,68861195.0,21.714,Communication Services,VEON Ltd.,6.78424,0.21879974765043686,forecast_icc,0.13853224809449538,0.34842749518196897,2026-09-01
VERX,13.83,0.0,2237928192.0,79661290.0,1.529,Technology,"Vertex, Inc.",0.8219,0.2439956199050981,forecast_icc,0.10531893942461049,0.05442628268655369,2026-09-01
VET,13.18,0.38,2013904000.0,152800000.0,10.169863,Energy,Vermilion Energy Inc.,0.49,0.75,forecast_icc,0.2329471449302155,0.7716132776934749,2026-09-01
VFC,13.09,0.36,5146131456.0,393134570.0,9.454,Consumer Cyclical,V.F. Corporation,1.08483,0.2353456301909056,forecast_icc,0.1412636704842677,0.7222307196304937,2026-09-01
VFF,2.84,0.0,347293056.0,122286297.0,2.578,Consumer Defensive,"Village Farms International, In",0.16,0.4375,forecast_icc,0.14838367699062577,0.9077465506998217,2026-09-01
VG,15.11,0.16,37776404480.0,531488393.0,3.432,Energy,"Venture Global, Inc.",1.68525,0.01,forecast_icc,0.07200840240996575,0.04828591259238868,2026-09-01
VGI,7.31,0.96,82698720.0,11313094.0,,Financial Services,Virtus Global Multi-Sector Inco,0.94,0.04,trailing_eps_fallback_icc,0.152198561077311,,2026-09-01
VGM,10.13,0.78,549369856.0,54231968.0,10.595,Financial Services,Invesco Trust for Investment Gr,0.31,0.75,trailing_eps_fallback_icc,0.22264745477920378,1.0459032192694606,2026-09-01
VGNT,46.19,0.52,3271880704.0,70835265.0,1.2,Consumer Cyclical,Versigent PLC,7.35561,0.06148368388209802,forecast_icc,0.11623415343040941,0.02597965075440599,2026-09-01
VHC,11.28,0.0,47563620.0,4216633.0,5.348,Technology,VirnetX Holding Corp,1.83,0.04,forecast_icc,0.10399752502644743,0.47411347756962147,2026-09-01
VHI,18.08,0.32,512047136.0,28321193.0,36.244,Basic Materials,"Valhi, Inc.",3.24,0.75,forecast_icc,0.3710660106026954,2.0046461486155054,2026-09-01
VIA,27.5,0.0,2241404416.0,77659430.0,7.656,Technology,"Via Transportation, Inc.",0.42981,0.04,forecast_icc,0.020700067399825328,0.26526252551114804,2026-09-01
VIAV,34.81,0.0,8589361664.0,246749828.0,5.864,Technology,Viavi Solutions Inc.,1.64374,0.18675094601335984,forecast_icc,0.07931624501310985,0.16845733687713535,2026-09-01
VICI,25.54,1.8,28121520128.0,1101077562.0,26.493,Real Estate,VICI Properties Inc.,2.75,0.08727272727272739,forecast_icc,0.13054677753191457,1.0373140469394897,2026-09-01
VICR,175.99,0.0,8114323968.0,34389014.0,18.098,Technology,Vicor Corporation,3.49333,0.5896952191748275,forecast_icc,0.11037439737411858,0.07670045931446842,2026-09-01
VIK,85.03,0.0,37977636864.0,318867000.0,3.638,Consumer Cyclical,Viking Holdings Ltd,3.26646,0.3513038579991794,forecast_icc,0.10378369458137116,0.03054529564738744,2026-09-01
VINP,9.835,0.66,645680192.0,51185028.0,6.007264,Financial Services,Vinci Compass Investments Ltd.,5.1836,0.16598695887028314,forecast_icc,0.3041731952094652,0.4762140450537346,2026-09-01
VIP,1.7,0.0,31330834.0,15696508.0,-3.19,Financial Services,Vulcan Infrastructure and Power,0.12,0.04,trailing_eps_fallback_icc,0.060568110094109895,,2026-09-01
VIPS,13.1,0.62,6229050368.0,397698210.0,12.571719,Consumer Cyclical,Vipshop Holdings Limited,13.32551,0.2683214376035139,forecast_icc,0.4,0.8026504599493696,2026-09-01
VIRC,6.06,0.1,95321032.0,15729543.0,6.511,Consumer Cyclical,Virco Manufacturing Corporation,0.01,0.75,forecast_icc,0.03212368514074254,1.0744224262385242,2026-09-01
VIRT,65.32,0.96,5767800320.0,88300678.0,19.937,Financial Services,"Virtu Financial, Inc.",7.30146,0.01,forecast_icc,0.07337438637735846,0.30522045140529414,2026-09-01
VISN,6.22,0.0,1434496256.0,230626412.0,10.893,Technology,"Vistance Networks, Inc.",0.85058,0.01,forecast_icc,0.0791217886416899,1.7512862061565397,2026-09-01
VIST,74.71,0.0,8264226304.0,110617402.0,29.929,Energy,Vista Energy S.A.B. de C.V.,163.6064,0.09330075107086278,forecast_icc,0.4,0.400602319282519,2026-09-01
VITL,10.21,0.0,438330816.0,42931522.0,7.524,Consumer Defensive,"Vital Farms, Inc.",0.262,0.04,forecast_icc,0.029764897207869567,0.7369246234515257,2026-09-01
VIV,11.59,0.99,18518538240.0,1597803176.0,7.953775,Communication Services,Telefonica Brasil S.A.,4.75567,0.13227999419640146,forecast_icc,0.2684649261828146,0.6862618847927707,2026-09-01
VKI,8.82,0.67,391933824.0,44436943.0,9.157,Financial Services,9268,0.25,0.75,trailing_eps_fallback_icc,0.21346821794898896,1.0382086519049705,2026-09-01
VKQ,9.61,0.75,531774240.0,55335514.0,10.291,Financial Services,Invesco Municipal Trust,0.3,0.75,trailing_eps_fallback_icc,0.22508518934842814,1.0708637834243344,2026-09-01
VLGEA,42.98,1.0,636511936.0,10684446.0,34.765,Consumer Defensive,"Village Super Market, Inc.",3.67,0.01,trailing_eps_fallback_icc,0.06365843171626262,0.5835629218899675,2026-09-01
VLO,361.99,4.8,104226856960.0,287927461.0,86.83,Energy,Valero Energy Corporation,43.59597,0.01,forecast_icc,0.07662541181813848,0.23986851535036446,2026-09-01
VLOS,10.69,0.0,251021632.0,23481911.0,-0.567,Financial Services,Velos Acquisition I Corp.,0.11,0.01,trailing_eps_fallback_icc,0.011733033329018452,,2026-09-01
VLT,9.855,1.07,64168296.0,6511243.0,11.027,Financial Services,Invesco High Income Trust II,0.71,0.01,trailing_eps_fallback_icc,0.07402981317116022,1.1189244695074962,2026-09-01
VLTO,97.05,0.52,23660144640.0,243793344.0,12.682,Industrials,Veralto Corp,4.40195,0.08592101227864912,forecast_icc,0.056622728368264374,0.1306749064999799,2026-09-01
VLY,13.38,0.44,7393858048.0,552605226.0,13.39,Financial Services,Valley National Bancorp,1.27886,0.20632438265330055,forecast_icc,0.14502003007735598,1.0007473673560037,2026-09-01
VMC,259.69,2.08,33650302976.0,129578739.0,65.415,Basic Materials,Vulcan Materials Company (Holdi,9.15588,0.1770960300921376,forecast_icc,0.06745635521556442,0.25189649013652315,2026-09-01
VMD,8.8,0.0,335176416.0,38088228.0,3.781,Healthcare,"Viemed Healthcare, Inc.",0.41333,0.3145186654731087,forecast_icc,0.10770074549201292,0.4296590786029528,2026-09-01
VMET,9.93,0.0,1080676992.0,108829507.0,3.625,Basic Materials,Versamet Royalties Corporation,0.36,0.75,trailing_eps_fallback_icc,0.18393159213720212,0.3650553919399072,2026-09-01
VMI,467.96,3.08,9084812288.0,19413651.0,89.447,Industrials,"Valmont Industries, Inc.",22.94621,0.13217389712723793,forecast_icc,0.07139215509227193,0.19114240184034498,2026-09-01
VMO,9.53,0.75,642709760.0,67440684.0,10.234,Financial Services,Invesco Municipal Opportunity T,0.28,0.75,trailing_eps_fallback_icc,0.21772910502825737,1.0738719139040303,2026-09-01
VMRK,65.28,2.55,50512302080.0,773779120.0,,Real Estate,Vivmark Residential,1.44873,0.01,forecast_icc,0.024942280495282465,,2026-09-01
VNCE,6.5,0.0,83507408.0,12847294.0,3.9,Consumer Cyclical,Vince Holding Corp.,0.61,0.180327868852459,forecast_icc,0.11694458309168787,0.6000000215549739,2026-09-01
VNDA,5.42,0.0,327707776.0,60462687.0,4.669,Healthcare,Vanda Pharmaceuticals Inc.,0.2,0.04,forecast_icc,0.037987964887106665,0.861439081637782,2026-09-01
VNET,6.22,0.0,1770781952.0,279561356.0,2.1311576,Technology,"VNET Group, Inc.",0.15188295,0.04,forecast_icc,0.02874688215467964,0.33645548952698245,2026-09-01
VNO,36.65,0.74,7505627648.0,188097756.0,25.708,Real Estate,Vornado Realty Trust,0.31,0.01,forecast_icc,0.010534637781089644,0.6442655215565525,2026-09-01
VNOM,45.39,2.45,23783667712.0,194405049.0,26.309,Energy,"Viper Energy, Inc.",2.51378,0.01,forecast_icc,0.056438480315383566,0.21504683365385388,2026-09-01
VNT,31.84,0.1,4304768000.0,135200000.0,8.933,Technology,Vontier Corporation,3.49769,0.08587381957806439,forecast_icc,0.09889482280186576,0.2805590452261307,2026-09-01
VOD,16.05,0.54,37092081664.0,2311033297.0,12.640343,Communication Services,Vodafone Group Plc,1.1035,0.3896692342546444,forecast_icc,0.1806981214166431,0.7875603699765668,2026-09-01
VOR,22.64,0.0,1226768256.0,54185877.0,-3.676,Healthcare,Vor Biopharma Inc.,180.58,0.04,trailing_eps_fallback_icc,0.4,,2026-09-01
VOXR,5.36,0.06,372494720.0,69495284.0,2.198,Basic Materials,Vox Royalty Corp.,0.13,0.75,forecast_icc,0.17179820615501618,0.4100746293316587,2026-09-01
VOYA,101.05,1.88,9154761728.0,90596349.0,51.719,Financial Services,"Voya Financial, Inc.",9.12932,0.2443840286023493,forecast_icc,0.14411168173091482,0.5118158957212567,2026-09-01
VPG,60.45,0.0,805220032.0,12297543.0,24.98,Technology,"Vishay Precision Group, Inc.",0.56667,0.75,forecast_icc,0.09341761584836117,0.3815014678373029,2026-09-01
VPV,11.16,0.8,199537488.0,17879703.0,11.06,Financial Services,Invesco Pennsylvania Value Muni,0.28,0.75,trailing_eps_fallback_icc,0.19950244821595808,0.9910394140072567,2026-09-01
VREX,18.47,0.0,778478272.0,42148256.0,11.251,Healthcare,Varex Imaging Corporation,0.888,0.23198198198198217,forecast_icc,0.09043550486655094,0.6091499856992797,2026-09-01
VRME,0.6395,0.0,8419143.0,13165196.0,0.791,Industrials,"VerifyMe, Inc.",0.04,0.04,forecast_icc,0.05562862385698179,1.236903807905389,2026-09-01
VRNS,42.35,0.0,4864341504.0,114860485.0,3.87,Technology,"Varonis Systems, Inc.",0.15124,0.75,forecast_icc,0.05119264157962078,0.0913813465983987,2026-09-01
VRRM,4.17,0.0,633768256.0,151982804.0,1.471,Technology,Verra Mobility Corporation,1.14056,0.01,forecast_icc,0.12259808919780746,0.35275781418121394,2026-09-01
VRSK,194.35,2.0,25464094720.0,131021840.0,-8.913,Industrials,"Verisk Analytics, Inc.",7.70876,0.12809972031818329,forecast_icc,0.06274930808335002,,2026-09-01
VRSN,288.37,3.24,26068647936.0,90400000.0,-24.935,Technology,"VeriSign, Inc.",9.56071,0.12592370231917926,forecast_icc,0.05557029429537208,,2026-09-01
VRT,255.97,0.25,98545418240.0,384988173.0,12.359,Industrials,"Vertiv Holdings, LLC",6.70757,0.3564957205068304,forecast_icc,0.08470524965908088,0.04828300407147372,2026-09-01
VRTS,160.0,9.8,1069139520.0,6682122.0,137.293,Financial Services,"Virtus Investment Partners, Inc",23.31033,0.05362086251031184,forecast_icc,0.12912956950728394,0.85808125,2026-09-01
VRTX,547.65,0.0,138719756288.0,253300000.0,79.921,Healthcare,Vertex Pharmaceuticals Incorpor,19.03728,0.15548859921165215,forecast_icc,0.05899079885376424,0.14593443530834124,2026-09-01
VSAT,66.28,0.0,9130455040.0,137755810.0,33.682,Technology,"ViaSat, Inc.",0.094,0.75,forecast_icc,0.027136846285404963,0.5081774316934811,2026-09-01
VSEC,198.25,0.4,5563880448.0,28064972.0,104.534,Industrials,VSE Corporation,6.80762,0.17681656731721218,forecast_icc,0.06354420989265808,0.5272837564478166,2026-09-01
VSH,29.63,0.4,4544624640.0,141282019.0,18.991,Technology,"Vishay Intertechnology, Inc.",0.84544,0.75,forecast_icc,0.18731705656291664,0.5903868933890655,2026-09-01
VSNT,40.31,1.5,5609946112.0,138792303.0,58.311,Communication Services,"Versant Media Group, Inc.",4.27178,0.6473741625270966,forecast_icc,0.3020426003607165,1.442637383436064,2026-09-01
VST,138.08,0.92,46344507392.0,335635195.0,8.947,Utilities,Vistra Corp.,9.58625,0.07926874429521447,forecast_icc,0.07375745152213942,0.06479577103420384,2026-09-01
VSTS,12.13,0.0,1603102080.0,132160105.0,6.641,Industrials,Vestis Corporation,0.61259,0.2687278603960235,forecast_icc,0.10157689108691359,0.5474855707909754,2026-09-01
VSXY,84.17,0.0,6690818048.0,79491720.0,10.0,Consumer Cyclical,Victorias Secret & Co.,4.66705,0.20055281173332196,forecast_icc,0.09086545855787176,0.11880717638669226,2026-09-01
VTEX,3.61,0.0,615454848.0,90129389.0,1.354,Technology,VTEX,0.22324,0.23373947321268584,forecast_icc,0.10517813687166011,0.19828455832717726,2026-09-01
VTMX,34.22,0.83,3175208704.0,92788099.0,35.05,Real Estate,"Corporacion Inmobiliaria Vesta,",2.14123,0.01,forecast_icc,0.05156128259587457,1.0242548358641688,2026-09-01
VTN,10.5928,0.82,155339648.0,14664644.0,11.151,Financial Services,Invesco Trust for Investment Gr,0.3,0.75,trailing_eps_fallback_icc,0.2133704178586947,1.0526961232975112,2026-09-01
VTOL,45.35,0.5,1344264704.0,29642000.0,36.747,Energy,"Bristow Group, Inc.",3.47667,0.48034469765609056,forecast_icc,0.19377987162691157,0.8102976822636265,2026-09-01
VTR,92.07,2.08,47226970112.0,512946359.0,28.559,Real Estate,"Ventas, Inc.",0.61,0.5,forecast_icc,0.053496318602928375,0.3101879081368115,2026-09-01
VTRS,16.63,0.48,19101065216.0,1148590864.0,12.588,Healthcare,Viatris Inc.,2.50058,0.06713642434955092,forecast_icc,0.12220824191222207,0.7569453133912591,2026-09-01
VTS,17.64,1.75,742720128.0,42104317.0,14.577,Energy,"Vitesse Energy, Inc.",0.1,0.75,forecast_icc,0.07969188199091551,0.8263605707869008,2026-09-01
VTSI,2.99,0.0,33845676.0,11319624.0,3.92,Technology,"VirTra, Inc.",0.43,0.04,forecast_icc,0.09660339175464905,1.311036780001085,2026-09-01
VVR,2.92,0.35,449461088.0,153925029.0,3.727,Financial Services,Invesco Senior Income Trust  (D,0.09,0.04,trailing_eps_fallback_icc,0.04029058789756912,1.2763698535856345,2026-09-01
VVV,31.84,0.0,4062784000.0,127600000.0,3.266,Consumer Cyclical,Valvoline Inc.,1.76029,0.1337109226320663,forecast_icc,0.07466392842388492,0.10257537688442211,2026-09-01
VVX,77.45,0.0,2427697920.0,31345358.0,36.192,Industrials,"V2X, Inc.",6.22646,0.11383675475310207,forecast_icc,0.08858609626736469,0.46729504004188466,2026-09-01
VYX,8.74,0.0,1206730880.0,138069898.0,6.7,Technology,NCR Voyix Corporation,0.916,0.12008733624454138,forecast_icc,0.10585019584964528,0.7665904071336933,2026-09-01
VZ,50.3,2.83,208985194496.0,4154775202.0,25.012,Communication Services,Verizon Communications Inc.,5.01203,0.053563127116158515,forecast_icc,0.10412184605406949,0.49725645686547915,2026-09-01
W,93.88,0.0,12391830528.0,111018505.0,-21.593,Consumer Cyclical,Wayfair Inc.,2.89271,0.33868241199428906,forecast_icc,0.08899235000915195,,2026-09-01
WAB,279.8,1.24,47261253632.0,168910851.0,66.316,Industrials,Westinghouse Air Brake Technolo,10.86295,0.14538131907078666,forecast_icc,0.06325728293515293,0.23701216396281988,2026-09-01
WABC,58.17,1.92,1344375680.0,23111153.0,37.09,Financial Services,Westamerica Bancorporation,4.635,0.01,forecast_icc,0.06376564258506023,0.6376139330116416,2026-09-01
WAFD,35.38,1.08,2616497408.0,73954133.0,36.814,Financial Services,"WaFd, Inc.",3.225,0.042635658914728536,forecast_icc,0.08374567202464978,1.0405313010965536,2026-09-01
WAFDP,16.55,1.22,,,36.814,Financial Services,"WaFd, Inc. - Depositary Shares",2.738,0.151,trailing_eps_fallback_icc,0.18923688594305166,,2026-09-01
WAL,77.26,1.68,8429132800.0,109100864.0,67.88,Financial Services,Western Alliance Bancorporation,8.91029,0.26663105241243557,forecast_icc,0.17130914525304364,0.8785917631194516,2026-09-01
WASH,38.56,2.24,735505792.0,19074321.0,29.024,Financial Services,"Washington Trust Bancorp, Inc.",3.22622,0.09732132340633926,forecast_icc,0.11313742730045384,0.7526971217977846,2026-09-01
WAT,405.84,0.0,39847747584.0,98185855.0,154.696,Healthcare,Waters Corporation,14.5756,0.13525275117319357,forecast_icc,0.05628383227948422,0.3811748454052845,2026-09-01
WATT,10.38,0.0,57370996.0,5527071.0,5.68,Technology,Energous Corporation,0.81,0.04,forecast_icc,0.06491082447965824,0.5472061750505429,2026-09-01
WAY,25.76,0.0,4939439104.0,191748416.0,20.541,Healthcare,Waystar Holding Corp.,1.66976,0.12470654465312392,forecast_icc,0.08024214947956104,0.7973990832008444,2026-09-01
WB,6.8,0.61,1670573568.0,157850548.0,16.128,Communication Services,Weibo Corporation,1.2174,0.05446853951043207,forecast_icc,0.1581843987544188,1.5239159094273422,2026-09-01
WBD,28.32,0.0,71002112000.0,2507136702.0,13.093,Communication Services,"Warner Bros. Discovery, Inc. - ",0.07,0.01,forecast_icc,0.010000000000000002,0.4623234424250084,2026-09-01
WBI,32.63,0.2,4028376320.0,55453118.0,13.704,Energy,WaterBridge Infrastructure LLC,0.56508,0.75,forecast_icc,0.14029501009718903,0.18864412574841072,2026-09-01
WBTN,10.32,0.0,1400538240.0,135711070.0,8.95,Communication Services,WEBTOON Entertainment Inc.,0.075,0.75,forecast_icc,0.08059398992694844,0.8672480635016435,2026-09-01
WCC,332.0,2.0,16179308544.0,48732854.0,103.407,Industrials,"WESCO International, Inc.",16.87218,0.18773803977909198,forecast_icc,0.08622708099827986,0.3114668479109264,2026-09-01
WCN,163.89,1.4,41229684736.0,251569244.0,31.414,Industrials,"Waste Connections, Inc.",5.64608,0.09952037519836754,forecast_icc,0.05045528824345913,0.1916773383453892,2026-09-01
WD,40.27,2.72,1382297728.0,34325745.0,51.31,Financial Services,"Walker & Dunlop, Inc",4.88333,0.16109294272555807,forecast_icc,0.16711060530544664,1.2741495122749706,2026-09-01
WDAY,198.38,0.0,47809581056.0,196000000.0,26.839,Technology,"Workday, Inc.",11.06043,0.19274205433242653,forecast_icc,0.0892946167661014,0.11002907542399026,2026-09-01
WDC,450.44,0.6,162402058240.0,360540944.0,20.915,Technology,Western Digital Corporation,20.09143,0.5802523762619187,forecast_icc,0.165196894209945,0.04643237853929307,2026-09-01
WDFC,212.65,4.08,2853996032.0,13421096.0,20.742,Basic Materials,WD-40 Company,6.224,0.049164524421593914,forecast_icc,0.0380749537612419,0.09754056071231426,2026-09-01
WDH,0.9759,0.06,350642784.0,279111455.0,2.1088178,Financial Services,Waterdrop Inc.,1.13095,0.2997922100888635,forecast_icc,0.4,1.678617759571231,2026-09-01
WDI,12.75,1.78,661879488.0,51912116.0,,Financial Services,Western Asset Diversified Income Fund,1.09,0.04,trailing_eps_fallback_icc,0.10461797968519215,,2026-09-01
WDS,23.9,1.16,45436293120.0,1901100143.0,18.891,Energy,Woodside Energy Group Limited,1.56258,0.01,forecast_icc,0.060873358924819765,0.7904184152206868,2026-09-01
WEAV,7.3,0.0,583993600.0,79999119.0,1.049,Healthcare,"Weave Communications, Inc.",0.17,0.4558823529411764,forecast_icc,0.09579153087218542,0.14369862243524587,2026-09-01
WEC,106.2,3.81,34605203456.0,325849383.0,41.829,Utilities,"WEC Energy Group, Inc.",5.59747,0.07314018654856569,forecast_icc,0.07090830275390944,0.39387006809069286,2026-09-01
WELL,240.42,3.4,173239926784.0,720572011.0,64.563,Real Estate,Welltower Inc.,2.88,0.10416666666666674,forecast_icc,0.02550994910510406,0.2685425444920569,2026-09-01
WEN,8.27,0.28,1576584704.0,190639000.0,0.607,Consumer Cyclical,Wendy's Company (The),0.50706,0.04451149765313778,forecast_icc,0.06725979006870186,0.0733978153577215,2026-09-01
WENN,10.38,0.0,389444640.0,30015000.0,-0.371,Financial Services,Wen Acquisition Corp,0.32,0.264,trailing_eps_fallback_icc,0.07466805228497819,,2026-09-01
WERN,37.84,0.56,2268512512.0,59950115.0,22.613,Industrials,"Werner Enterprises, Inc.",1.08793,0.75,forecast_icc,0.19011560128787142,0.5975950951664841,2026-09-01
WES,48.99,3.72,20241424384.0,413174593.0,8.537,Energy,"Western Midstream Partners, LP",3.72132,0.034315780422000675,forecast_icc,0.0911222763365066,0.17426004383511473,2026-09-01
WEST,7.7,0.0,751730816.0,97627387.0,-0.207,Consumer Defensive,Westrock Coffee Company,0.18,0.04,forecast_icc,0.027873286562421322,,2026-09-01
WETH,1.2,0.0,16057841.0,13381534.0,11.515,Technology,Wetouch Technology Inc.,0.7,0.01,trailing_eps_fallback_icc,0.18908103608250582,9.595833213817475,2026-09-01
WEX,188.7,0.0,6431200256.0,34081611.0,39.201,Technology,WEX Inc.,20.02652,0.058407052248718117,forecast_icc,0.0863576982694797,0.20774243992239946,2026-09-01
WEYS,44.24,1.1,422535488.0,9550983.0,27.067,Consumer Cyclical,"Weyco Group, Inc.",1.45,0.75,forecast_icc,0.21706760325380603,0.6118218805351564,2026-09-01
WF,74.35,2.82,18043152384.0,242678579.0,96.27789,Financial Services,Woori Financial Group Inc.,13279.091,0.17945821743370827,forecast_icc,0.4,1.2949279060036736,2026-09-01
WFC,87.04,2.0,263208894464.0,3023999336.0,53.194,Financial Services,Wells Fargo & Company,7.30558,0.0902118654507924,forecast_icc,0.09337153857876196,0.6111443194454251,2026-09-01
WFCF,14.12,0.0,70312840.0,4979663.0,1.824,Industrials,"Where Food Comes From, Inc.",0.49,0.01,forecast_icc,0.030176606729525712,0.12917847312098332,2026-09-01
WFG,66.34,1.28,5194675200.0,76022344.0,74.7,Basic Materials,West Fraser Timber Co. Ltd,2.4375,0.04,forecast_icc,0.042300679737629035,1.0932096576124721,2026-09-01
WFRD,94.52,1.1,6775707648.0,71685443.0,24.903,Energy,Weatherford International plc,5.44831,0.2955889073859601,forecast_icc,0.12387741553245901,0.26346806559104363,2026-09-01
WGO,29.33,1.44,829126592.0,28268893.0,43.773,Consumer Cyclical,"Winnebago Industries, Inc.",1.80459,0.32469979330485055,forecast_icc,0.1671417439684667,1.4924310295055643,2026-09-01
WGS,84.81,0.0,2529249536.0,29822541.0,8.194,Healthcare,GeneDx Holdings Corp.,0.1275,0.75,forecast_icc,0.02828698639811844,0.09661597144758753,2026-09-01
WH,71.01,1.72,5269731840.0,74211122.0,6.4,Consumer Cyclical,"Wyndham Hotels & Resorts, Inc.",4.79209,0.11540476076200568,forecast_icc,0.0903356091404674,0.09012814982251545,2026-09-01
WHD,70.69,0.6,4929437696.0,69733168.0,17.802,Energy,"Cactus, Inc. Class A Common Sto",2.95973,0.22422653417710392,forecast_icc,0.0861632587682824,0.25183193972475354,2026-09-01
WHG,19.26,0.6,183801104.0,9543152.0,14.922,Financial Services,Westwood Holdings Group Inc,0.87,0.417,trailing_eps_fallback_icc,0.15782981041369093,0.774766369977843,2026-09-01
WHK,27.55,2.0,655564608.0,23795450.0,14.036,Energy,WhiteHawk Minerals Corp,0.34247,0.75,forecast_icc,0.13255790605283668,0.5094737149080507,2026-09-01
WHLR,0.5793,0.0,447249.0,772051.0,-301.401,Real Estate,Wheeler Real Estate Investment ,236.71,0.04,trailing_eps_fallback_icc,0.4,,2026-09-01
WHR,37.94,4.45,2473664256.0,65199378.0,58.185,Consumer Cyclical,Whirlpool Corporation,2.17644,0.7023074378342615,forecast_icc,0.29606057600166025,1.5336057832943035,2026-09-01
WIMI,1.33,0.0,24452122.0,17379276.0,17.877995,Communication Services,WiMi Hologram Cloud Inc.,0.17,0.75,forecast_icc,0.3091098680305516,12.70673397718284,2026-09-01
WINA,326.05,4.08,1171226624.0,3592169.0,-10.488,Consumer Cyclical,Winmark Corporation,11.37,0.09850483729111703,forecast_icc,0.052044937332111574,,2026-09-01
WING,109.6,1.32,2985783040.0,27242546.0,-28.377,Consumer Cyclical,Wingstop Inc.,4.44803,0.20562810952264243,forecast_icc,0.08232159184505206,,2026-09-01
WIT,1.83,0.09,18103760896.0,9892765740.0,0.89031285,Technology,Wipro Limited,0.13872,0.07569204152249132,forecast_icc,0.09504499470860506,0.48650976506808585,2026-09-01
WIX,88.375,0.0,3698450688.0,41849511.0,-40.519,Technology,Wix.com Ltd.,4.645,0.47147470398277735,forecast_icc,0.15127717448257305,,2026-09-01
WK,76.7,0.0,4304352768.0,52549753.0,-0.224,Technology,Workiva Inc.,3.3587,0.20549319677256084,forecast_icc,0.07971916181388428,,2026-09-01
WKC,35.28,0.92,1804629120.0,51151620.0,22.18,Energy,World Kinect Corporation,3.6,0.01,forecast_icc,0.07261651591741247,0.6286848189615825,2026-09-01
WKEY,6.15,0.0,73058608.0,8241328.0,5.487,Technology,WISeKey International Holding L,1.3006507,0.04,forecast_icc,0.12173019186100975,0.6189574093171882,2026-09-01
WLDN,87.34,0.0,1330370816.0,15232091.0,20.651,Industrials,"Willdan Group, Inc.",5.07,0.07001972386587751,forecast_icc,0.06091982527611439,0.23644378503940364,2026-09-01
WLFC,54.02,0.53,1291069824.0,23899848.0,31.068,Industrials,Willis Lease Finance Corporatio,7.23,0.01,forecast_icc,0.08099713443010115,0.5751203101963291,2026-09-01
WLK,74.23,2.13,9486338048.0,127796548.0,68.116,Basic Materials,Westlake Corporation,3.22463,0.04265915779484786,forecast_icc,0.05142701234115854,0.9176343515824075,2026-09-01
WLKP,21.73,1.89,765892928.0,35245879.0,14.217,Basic Materials,Westlake Chemical Partners LP,1.58012,0.17488545173784265,forecast_icc,0.144147276524779,0.6542568072165305,2026-09-01
WLTH,8.86,0.0,1323340288.0,149361216.0,4.08,Technology,Wealthfront Corporation,0.655,0.16793893129770998,forecast_icc,0.09879101752681774,0.4604966438382929,2026-09-01
WLY,52.39,1.42,2659504640.0,42005091.0,16.68,Communication Services,"John Wiley & Sons, Inc.",4.8,0.10416666666666674,forecast_icc,0.10485289621468141,0.26344940608187845,2026-09-01
WLYB,52.94,1.42,2687424512.0,8758499.0,16.68,Communication Services,"John Wiley & Sons, Inc.",4.16,0.75,trailing_eps_fallback_icc,0.29175490503877344,0.05436125281572188,2026-09-01
WM,219.77,3.78,87845412864.0,399715184.0,24.815,Industrials,"Waste Management, Inc.",8.12753,0.12201862066335023,forecast_icc,0.06136245927067682,0.11291349163918481,2026-09-01
WMB,75.23,2.1,92018892800.0,1223167472.0,10.756,Energy,"Williams Companies, Inc. (The)",2.4601,0.06539978049672768,forecast_icc,0.04754528219552079,0.14297487101292314,2026-09-01
WMG,27.97,0.8,14631379968.0,147729456.0,1.633,Communication Services,Warner Music Group Corp.,1.78149,0.10613587502596133,forecast_icc,0.08662478678167876,0.016488000597046623,2026-09-01
WMK,69.98,1.36,1731626880.0,24744597.0,56.02,Consumer Defensive,"Weis Markets, Inc.",4.01,0.01,trailing_eps_fallback_icc,0.04712566439041714,0.8005144410440198,2026-09-01
WMS,130.75,0.8,9859249152.0,75405342.0,25.122,Industrials,"Advanced Drainage Systems, Inc.",6.32406,0.1730612929036095,forecast_icc,0.0802740845901905,0.1921376539449482,2026-09-01
WMT,105.92,0.99,840342372352.0,7933746241.0,11.848,Consumer Defensive,Walmart Inc.,2.87906,0.11946260237716477,forecast_icc,0.046543049773458314,0.11185800996833942,2026-09-01
WNC,12.77,0.32,520213696.0,40737173.0,7.179,Industrials,Wabash National Corporation,1.225,0.04,forecast_icc,0.08321160423070684,0.5621769807594609,2026-09-01
WNEB,13.54,0.28,271421120.0,20045872.0,12.551,Financial Services,"Western New England Bancorp, In",0.92667,0.19424390559746185,forecast_icc,0.1125166428439196,0.9269571191512289,2026-09-01
WOOF,2.58,0.0,736758336.0,247774472.0,4.052,Consumer Cyclical,Petco Health and Wellness Compa,0.22265,0.24769818100157193,forecast_icc,0.13035261321846614,1.3627021392045708,2026-09-01
WOR,56.74,0.8,2776105728.0,48926784.0,20.428,Industrials,"Worthington Enterprises, Inc.",3.734,0.10672201392608471,forecast_icc,0.08196386558568688,0.3600281983035482,2026-09-01
WPC,70.16,3.76,15982957568.0,227807251.0,38.069,Real Estate,W. P. Carey Inc. REIT,3.28815,0.01,forecast_icc,0.048195233861909714,0.5426025941332838,2026-09-01
WPM,144.93,0.78,65821401088.0,454159968.0,21.337,Basic Materials,Wheaton Precious Metals Corp,4.81269,0.051222912757730166,forecast_icc,0.038520361577337625,0.14722280408860322,2026-09-01
WPP,24.77,1.01,5343010816.0,215704907.0,3.17454,Communication Services,WPP plc,3.71747,0.01,forecast_icc,0.09815143138229124,0.12816067177277823,2026-09-01
WRB,67.72,0.4,25139527680.0,371227529.0,24.968,Financial Services,W.R. Berkley Corporation,4.87392,0.01,forecast_icc,0.05187255352710418,0.3686946334893115,2026-09-01
WRBY,24.19,0.0,2990078976.0,108239371.0,3.062,Healthcare,Warby Parker Inc.,0.4195,0.45492252681764,forecast_icc,0.0803949160335814,0.1108428762792652,2026-09-01
WRLD,180.31,0.0,840817984.0,4663180.0,80.153,Financial Services,World Acceptance Corporation,13.18,0.14871016691957517,forecast_icc,0.09298544229354733,0.4445288679029967,2026-09-01
WRN,2.36,0.0,533773984.0,226175426.0,0.88766295,Basic Materials,Western Copper and Gold Corpora,0.01,0.04,trailing_eps_fallback_icc,0.010000000000000002,0.3761283836955731,2026-09-01
WSBC,39.48,1.52,3786364416.0,95905889.0,40.529,Financial Services,"WesBanco, Inc.",3.58429,0.07936299797170432,forecast_icc,0.10090197198383366,1.026570437556373,2026-09-01
WSBF,20.84,0.64,374641280.0,17977028.0,20.043,Financial Services,"Waterstone Financial, Inc.",1.01,0.141,forecast_icc,0.08449810218090625,0.9617561956973881,2026-09-01
WSBK,12.97,0.0,116220840.0,8960743.0,12.818,Financial Services,"Winchester Bancorp, Inc.",0.49,0.04,trailing_eps_fallback_icc,0.03856828620158419,0.9882806196719969,2026-09-01
WSC,19.7,0.28,3569462016.0,181190958.0,4.81,Industrials,WillScot Holdings Corporation,1.13704,0.16583409554633066,forecast_icc,0.09150968062874465,0.24416242673921199,2026-09-01
WSE,12.94,0.0,12729457664.0,983729421.0,1.878,Technology,Wise Group plc,0.57517,0.20658240172470754,forecast_icc,0.08070115254133414,0.14513138747950982,2026-09-01
WSFS,76.69,0.8,3918138624.0,51090605.0,52.244,Financial Services,WSFS Financial Corporation,6.57833,0.04687207847584407,forecast_icc,0.07499035313489633,0.6812361235180228,2026-09-01
WSM,222.12,3.04,26158626816.0,117768000.0,15.88,Consumer Cyclical,"Williams-Sonoma, Inc.",9.83769,0.06560381552986505,forecast_icc,0.053489188296037216,0.07149289040111668,2026-09-01
WSO,314.98,13.2,12993615872.0,35588756.0,77.598,Industrials,"Watsco, Inc.",12.18715,0.08537927243038768,forecast_icc,0.06305102086880121,0.21253639597265753,2026-09-01
WSO-B,316.05,13.2,13037754368.0,5663438.0,77.598,Industrials,"Watsco, Inc.",11.66,0.01,trailing_eps_fallback_icc,0.03829428990834462,0.03370760404894905,2026-09-01
WST,338.65,0.88,23832750080.0,70375762.0,42.474,Healthcare,"West Pharmaceutical Services, I",8.95851,0.11232336627407902,forecast_icc,0.04216133027638447,0.1254215357083961,2026-09-01
WTBA,28.08,1.04,478588320.0,17043743.0,16.489,Financial Services,West Bancorporation,2.6,0.08269230769230762,forecast_icc,0.10253944026043393,0.5872150793964216,2026-09-01
WTFC,148.74,2.2,10034888704.0,67465967.0,105.256,Financial Services,Wintrust Financial Corporation,13.09756,0.055117136321574334,forecast_icc,0.08071255345029693,0.7076508800462726,2026-09-01
WTG,10.58,0.0,77618848.0,7336375.0,0.269,Financial Services,Wintergreen Acquisition Corp.,0.29,0.514,trailing_eps_fallback_icc,0.11609952817393643,0.02542533064907122,2026-09-01
WTM,2098.96,1.0,5009631744.0,2386721.0,2197.768,Financial Services,White Mountains Insurance Group,90.0,0.688,forecast_icc,0.18503868297992343,1.0470747765063666,2026-09-01
WTRG,41.11,1.44,11666138112.0,283778605.0,24.732,Utilities,"Essential Utilities, Inc.",2.21832,0.07286144469688782,forecast_icc,0.07148196734238549,0.6016054663060035,2026-09-01
WTS,355.74,2.3,11875685376.0,27466760.0,62.773,Industrials,"Watts Water Technologies, Inc.",12.85812,0.09121706750286984,forecast_icc,0.04971804049165096,0.14518496161614716,2026-09-01
WTTR,20.07,0.28,2864666624.0,128942892.0,8.137,Energy,"Select Water Solutions, Inc.",0.53733,0.25230305398916886,forecast_icc,0.07422265319861196,0.36625843419747267,2026-09-01
WTW,334.47,3.84,31062876160.0,92871937.0,82.663,Financial Services,Willis Towers Watson Public Lim,19.87121,0.15200533837647523,forecast_icc,0.0880030423242758,0.24714623619163925,2026-09-01
WU,7.06,0.94,2201865472.0,311878981.0,2.912,Financial Services,Western Union Company (The),1.29312,0.1692341004701805,forecast_icc,0.24739998515593487,0.41246461431046044,2026-09-01
WW,16.27,0.0,162679824.0,9998760.0,31.833,Healthcare,"WW International, Inc.",10.7,0.01,trailing_eps_fallback_icc,0.2018541037346765,1.9565458042295398,2026-09-01
WWD,336.58,1.28,19873640448.0,59045820.0,42.378,Industrials,"Woodward, Inc.",9.45756,0.13456642093732407,forecast_icc,0.04850847214982179,0.1259076698356901,2026-09-01
WWW,19.33,0.4,1586342272.0,82066339.0,5.07,Consumer Cyclical,"Wolverine World Wide, Inc.",1.64645,0.11807828965349687,forecast_icc,0.10221325689009852,0.2622866112024026,2026-09-01
WY,23.38,0.84,16850806784.0,720736000.0,13.121,Real Estate,Weyerhaeuser Company,0.33128,0.75,forecast_icc,0.14346485122741803,0.5612061889511011,2026-09-01
WYFI,17.5,0.0,679842112.0,38848118.0,12.582,Technology,"WhiteFiber, Inc.",0.51575,0.04,forecast_icc,0.03273783512644837,0.7189713788662742,2026-09-01
WYHG,4.275,0.0,53784484.0,12581166.0,15.135463,Consumer Defensive,Wing Yip Food Holdings Group Li,0.51,0.01,trailing_eps_fallback_icc,0.07216751877985159,3.5404592240739543,2026-09-01
WYNN,90.6,1.0,9329433600.0,102973891.0,-1.663,Consumer Cyclical,"Wynn Resorts, Limited",4.69692,0.018512131354164074,forecast_icc,0.0449304955748982,,2026-09-01
WYY,10.23,0.0,102282144.0,9998255.0,1.214,Technology,WidePoint Corporation,0.03,0.75,forecast_icc,0.04462146000182346,0.11867058213015168,2026-09-01
XAIR,3.66,0.0,3602929.0,984407.0,10.389,Healthcare,"Beyond Air, Inc.",313.2,0.04,trailing_eps_fallback_icc,0.4,2.8385250786235305,2026-09-01
XBIT,2.22,0.0,67682768.0,30487731.0,4.214,Healthcare,XBiotech Inc.,0.13,0.04,forecast_icc,0.0530684301671287,1.898198052922422,2026-09-01
XBP,2.85,0.0,33861816.0,11881339.0,5.316,Technology,"XBP Global Holdings, Inc.",2.17,0.04,forecast_icc,0.242558116592814,1.8652631661574204,2026-09-01
XEL,75.89,2.37,47403495424.0,624634306.0,38.528,Utilities,Xcel Energy Inc.,4.11442,0.10378376539099077,forecast_icc,0.07936360114781732,0.5076821936085251,2026-09-01
XERS,8.43,0.0,1536960256.0,182320306.0,-0.056,Healthcare,"Xeris Biopharma Holdings, Inc.",0.39,0.04,forecast_icc,0.04464972988045346,,2026-09-01
XFOR,4.07,0.0,403527264.0,99146743.0,1.617,Healthcare,"X4 Pharmaceuticals, Inc.",1.43,0.04,trailing_eps_fallback_icc,0.16192068908345314,0.3972972776159184,2026-09-01
XHLD,9.42,0.0,112827512.0,11977443.0,0.418,Communication Services,"TEN Holdings, Inc.",1.65,0.04,forecast_icc,0.10891276217137402,0.04437367345297838,2026-09-01
XHR,18.29,0.56,1809398272.0,92245835.0,12.032,Real Estate,"Xenia Hotels & Resorts, Inc.",0.5,0.27,forecast_icc,0.08836663140773149,0.6134093880244404,2026-09-01
XIFR,11.73,0.0,1106139008.0,94272795.0,33.936,Utilities,"XPLR Infrastructure, LP",1.69,0.01,forecast_icc,0.08191009247560233,2.89225996731145,2026-09-01
XMAX,8.79,0.0,567160896.0,64523426.0,,Consumer Cyclical,"XMAX, Inc.",0.5,0.04,trailing_eps_fallback_icc,0.05196991381141397,,2026-09-01
XMTR,91.15,0.0,5035659776.0,53770546.0,5.398,Industrials,"Xometry, Inc.",0.70192,0.75,forecast_icc,0.08340178698425904,0.05763959842786646,2026-09-01
XNET,4.825,0.0,307547648.0,63740450.0,18.801,Technology,Xunlei Limited,13.51,0.04,trailing_eps_fallback_icc,0.4,3.89658060545467,2026-09-01
XOM,164.55,4.12,676615094272.0,4111911960.0,63.08,Energy,ExxonMobil Holdings Corporation,11.61792,0.01,forecast_icc,0.056366226825949606,0.38334853690468984,2026-09-01
XP,18.72,0.2,9499332608.0,405690510.0,9.08312,Financial Services,XP Inc.,10.75636,0.13075519971440142,forecast_icc,0.2663921316056628,0.387915208073447,2026-09-01
XPEL,48.17,0.0,1328082944.0,27570748.0,10.433,Consumer Cyclical,"XPEL, Inc.",2.25,0.20000000000000018,forecast_icc,0.08173927283297744,0.21658708530481663,2026-09-01
XPER,5.8,0.0,282876576.0,48771822.0,8.515,Technology,Xperi Inc.,0.881,0.5227014755959136,forecast_icc,0.2610436441837397,1.4681034046806338,2026-09-01
XPEV,11.17,0.0,10685150208.0,782239490.0,4.6544256,Consumer Cyclical,XPeng Inc.,0.18357535,0.04,forecast_icc,0.021509304936549678,0.34074163083463355,2026-09-01
XPO,185.09,0.0,21671532544.0,117086465.0,16.757,Industrials,"XPO, Inc.",5.45056,0.1807117066870192,forecast_icc,0.05716929632236256,0.0905343399236528,2026-09-01
XPOF,5.03,0.0,249070528.0,42219000.0,-7.632,Consumer Cyclical,"Xponential Fitness, Inc.",0.29333,0.75,forecast_icc,0.225814486450714,,2026-09-01
XPRO,17.62,0.0,1998038912.0,113396074.0,13.509,Energy,Expro Ltd,0.983,0.19959308240081386,forecast_icc,0.09096974834233273,0.7666855507496744,2026-09-01
XRAY,10.76,0.0,2145047680.0,199353876.0,6.58,Healthcare,DENTSPLY SIRONA Inc.,1.50262,0.010148939851725602,forecast_icc,0.08032737563949721,0.6115241709126018,2026-09-01
XRN,36.94,1.92,534895456.0,13237830.0,28.418,Real Estate,Chiron Real Estate Inc.,3.72,0.04,trailing_eps_fallback_icc,0.09673151890651421,0.7033012689118825,2026-09-01
XRPN,10.51,0.0,332010912.0,23710000.0,-0.46,Financial Services,Armada Acquisition Corp. II,0.1,0.046,trailing_eps_fallback_icc,0.014453840687590692,,2026-09-01
XRTX,2.16,0.0,3923780.0,1816565.0,1.497,Healthcare,XORTX Therapeutics Inc.,0.8018253,0.04,forecast_icc,0.1668198436477436,0.6930556262073817,2026-09-01
XRX,3.16,0.1,414953856.0,131314511.0,2.461,Industrials,Xerox Holdings Corporation,0.13604,0.75,forecast_icc,0.24846105053880885,0.7787974660271623,2026-09-01
XXII,2.61,0.0,1863524.0,713994.0,551.274,Consumer Defensive,"22nd Century Group, Inc",2314.46,0.04,trailing_eps_fallback_icc,0.4,211.2161304904042,2026-09-01
XYF,5.54,0.56,213379584.0,22249506.0,29.530441,Financial Services,X Financial,0.37,0.01,forecast_icc,0.0686395184962919,3.079196762386349,2026-09-01
XYL,106.89,1.72,24957405184.0,233486812.0,47.13,Industrials,Xylem Inc.,5.66453,0.10256455522346952,forecast_icc,0.07135522319280085,0.440920575213273,2026-09-01
XYZ,77.88,0.0,46789914624.0,540816000.0,36.698,Technology,"Block, Inc.",4.05341,0.28079814279828574,forecast_icc,0.10614861993658808,0.4241697324623868,2026-09-01
XZO,16.55,0.0,1490921856.0,90085918.0,3.024,Financial Services,"Exzeo Group, Inc.",1.0,0.1499999999999999,forecast_icc,0.08309139325023673,0.18271904388260574,2026-09-01
YALA,5.44,0.0,825949696.0,127094974.0,5.463,Technology,Yalla Group Limited,0.8,0.19999999999999996,forecast_icc,0.15547162011757704,0.8406321187894716,2026-09-01
YB,13.63,1.26,628073152.0,32391451.0,12.317207,Technology,Yuanbao Inc.,30.06452,0.112452818139122,forecast_icc,0.4,0.6352320676769782,2026-09-01
YCBD,0.4999,0.0,5601402.0,11205045.0,0.773,Healthcare,"cbdMD, Inc.",0.23,0.04,trailing_eps_fallback_icc,0.1870721099077638,1.5463092606101116,2026-09-01
YDDL,1.83,0.0,102541000.0,45829373.0,0.486,Industrials,One and One Green Technologies.,0.2,0.25,forecast_icc,0.14814166223294867,0.21721141083078965,2026-09-01
YELP,22.35,0.0,1212791936.0,54263621.0,11.287,Communication Services,Yelp Inc.,1.765,0.40347875354107643,forecast_icc,0.16570269354115286,0.5050111829132413,2026-09-01
YETI,40.16,0.0,2931230208.0,72988796.0,8.715,Consumer Cyclical,"YETI Holdings, Inc.",2.971,0.13306294177044764,forecast_icc,0.0894133178275266,0.21700696021893617,2026-09-01
YEXT,6.53,0.0,654620224.0,100248116.0,1.297,Technology,"Yext, Inc.",0.68,0.01,forecast_icc,0.06571532760493282,0.19862173774209577,2026-09-01
YHC,1.48,0.0,1929708.0,1303857.0,1.33,Consumer Defensive,LQR House Inc.,6.89,0.04,trailing_eps_fallback_icc,0.4,0.8986488162975953,2026-09-01
YHNA,11.03,0.0,47272604.0,4285821.0,-0.511,Financial Services,YHN Acquisition I Limited,0.16,0.04,trailing_eps_fallback_icc,0.019541955695308796,,2026-09-01
YI,3.32,0.0,29205920.0,5196964.0,-12.495504,Healthcare,"111, Inc.",0.14,0.04,forecast_icc,0.041641077463354714,,2026-09-01
YJ,2.41,0.0,11870552.0,2550640.0,28.06091,Consumer Cyclical,Yunji Inc. - American Depositor,0.1,0.04,forecast_icc,0.041134036540332736,6.02948198890835,2026-09-01
YMM,8.51,0.34,8900559872.0,932510215.0,5.7901297,Technology,Full Truck Alliance Co. Ltd.,4.98155,0.17079824552599088,forecast_icc,0.30465626493378817,0.6066309500833258,2026-09-01
YORW,34.13,0.91,553881472.0,16228581.0,16.757,Utilities,The York Water Company,1.68,0.125,forecast_icc,0.07874900472383495,0.49097567902939354,2026-09-01
YOU,42.97,0.58,5834813952.0,102911049.0,1.807,Technology,"Clear Secure, Inc.",2.08506,0.23750395672067004,forecast_icc,0.10013182414640542,0.03187081320377976,2026-09-01
YOUL,0.4793,0.0,38831116.0,69855502.0,1.4364322,Consumer Defensive,Youlife Group Inc.,0.09,0.04,trailing_eps_fallback_icc,0.1135189985745878,2.584079541261817,2026-09-01
YPF,52.46,0.0,20568258560.0,392023246.0,31.380903,Energy,YPF Sociedad Anonima,6.49124,0.01,forecast_icc,0.07398092643775109,0.5981081684958718,2026-09-01
YRD,0.984,0.44,86088648.0,87488461.0,14.864406,Financial Services,Yiren Digital Ltd.,0.42,0.04,forecast_icc,0.4,15.106103241616317,2026-09-01
YSG,2.66,0.0,249522560.0,63776824.0,4.651773,Consumer Defensive,Yatsen Holding Limited,1.56,0.75,forecast_icc,0.4,1.1889718825782807,2026-09-01
YSWY,24.31,0.0,758120960.0,31185561.0,,Consumer Defensive,"Yesway, Inc.",1.7952,0.01,forecast_icc,0.05137191155879672,,2026-09-01
YSXT,1.22,0.0,38896652.0,26705175.0,1.208,Industrials,"YSX Tech. Co., Ltd",0.11,0.01,trailing_eps_fallback_icc,0.059370182675917094,0.8293734740974621,2026-09-01
YTRA,0.97,0.0,62070472.0,63990178.0,0.8648766,Consumer Cyclical,"Yatra Online, Inc.",0.09025464,0.01,forecast_icc,0.0607139896075376,0.8916253703054617,2026-09-01
YUM,152.03,3.0,41489154048.0,272901085.0,-26.388,Consumer Cyclical,"Yum! Brands, Inc.",6.62624,0.12552971217462683,forecast_icc,0.0701793355377508,,2026-09-01
YUMC,44.88,1.16,15298942976.0,340885525.0,15.195,Consumer Cyclical,"Yum China Holdings, Inc.",2.95204,0.14415793823931922,forecast_icc,0.09841666444917385,0.33856950512860057,2026-09-01
Z,33.45,0.0,7522067456.0,177255435.0,20.312,Communication Services,"Zillow Group, Inc.",2.22442,0.254124670700677,forecast_icc,0.11476699262543344,0.4786466509082048,2026-09-01
ZBH,99.4,0.96,18959327232.0,190737689.0,66.232,Healthcare,"Zimmer Biomet Holdings, Inc.",8.53381,0.06251018009540865,forecast_icc,0.08007447780197319,0.6663178742189664,2026-09-01
ZBRA,343.7,0.0,16371597312.0,47633392.0,72.485,Technology,Zebra Technologies Corporation,21.12142,0.05294341005481629,forecast_icc,0.05865482390090804,0.21089612414234293,2026-09-01
ZD,55.24,0.0,1894025472.0,34287208.0,63.995,Communication Services,"Ziff Davis, Inc.",5.12828,0.16976257146645657,forecast_icc,0.11318095136429862,1.1584901620372716,2026-09-01
ZDGE,3.0,0.08,39205892.0,12543856.0,1.882,Communication Services,"Zedge, Inc.",0.31,0.01,forecast_icc,0.07340935492826273,0.6021425808141286,2026-09-01
ZEPP,4.5,0.0,65992416.0,8460126.0,12.234,Technology,Zepp Health Corporation,0.05,0.04,forecast_icc,0.015814086656667677,1.5683799405677161,2026-09-01
ZETA,31.56,0.0,7921989120.0,227375179.0,3.701,Technology,Zeta Global Holdings Corp.,0.96052,0.258443343189106,forecast_icc,0.07301375490411821,0.10622528316209048,2026-09-01
ZG,34.36,0.0,7726703616.0,41402072.0,19.241,Communication Services,"Zillow Group, Inc.",2.26546,0.29154785341608314,forecast_icc,0.12366608938998747,0.10309923959065961,2026-09-01
ZGN,13.04,0.14,3498789120.0,268312050.0,4.3733187,Consumer Cyclical,Ermenegildo Zegna N.V.,0.42678,0.3064810909602136,forecast_icc,0.09320600752022934,0.335377202070508,2026-09-01
ZH,2.61,0.0,221681808.0,79981453.0,7.2352743,Communication Services,Zhihu Inc.,0.09116337,0.04,forecast_icc,0.03665682157456761,2.6104431238108536,2026-09-01
ZIM,27.01,1.99,3255236096.0,120519666.0,31.731,Industrials,ZIM Integrated Shipping Service,14.28,0.01,forecast_icc,0.21022671271838378,1.1747871457142998,2026-09-01
ZION,66.36,1.92,9685465088.0,145953355.0,52.179,Financial Services,Zions Bancorporation N.A.,7.72756,0.01,forecast_icc,0.08006073949654857,0.7863019526011842,2026-09-01
ZIP,4.13,0.0,339594048.0,69196677.0,-1.027,Communication Services,"ZipRecruiter, Inc.",0.49848,0.01,forecast_icc,0.07274257469618528,,2026-09-01
ZJK,2.24,0.0,144081840.0,55322249.0,0.681,Industrials,"ZJK Industrial Co., Ltd.",0.28,0.3928571428571428,forecast_icc,0.20202858609516483,0.2614795283638799,2026-09-01
ZJYL,2.2,0.0,164259536.0,73663428.0,3.874,Healthcare,JIN MEDICAL INTERNATIONAL LTD.,0.2,0.04,trailing_eps_fallback_icc,0.07196678610770146,1.7373245232593377,2026-09-01
ZKH,2.93,0.0,462266528.0,128187426.0,2.664304,Consumer Cyclical,ZKH Group Limited,0.89524,0.75,forecast_icc,0.4,0.7388167889185867,2026-09-01
ZM,94.9,0.0,27690274816.0,263233141.0,33.975,Technology,"Zoom Communications, Inc.",6.13881,0.032336886139170185,forecast_icc,0.0545981468453568,0.3229778694831643,2026-09-01
ZOOZ,6.36,0.0,50941108.0,8009608.0,14.716,Industrials,ZOOZ Strategy Ltd.,1.07,0.04,forecast_icc,0.10630709763877555,2.313836427115013,2026-09-01
ZS,178.37,0.0,28844126208.0,161709525.0,14.635,Technology,"Zscaler, Inc.",4.13324,0.11239124754429941,forecast_icc,0.03782905231134881,0.08204855578944914,2026-09-01
ZTO,21.06,0.69,15979939840.0,552681587.0,12.456578,Industrials,ZTO Express (Cayman) Inc.,13.49122,0.11750605208424436,forecast_icc,0.2834407713340835,0.43082272940705174,2026-09-01
ZTS,77.25,2.12,31921524736.0,413223602.0,7.839,Healthcare,Zoetis Inc.,6.2064,0.05237174529517907,forecast_icc,0.07995114923649918,0.10147572344578121,2026-09-01
ZUMZ,17.82,0.0,300662880.0,16872215.0,17.958,Consumer Cyclical,Zumiez Inc.,0.905,0.6574585635359116,forecast_icc,0.1917129881385154,1.0077440785839609,2026-09-01
ZVRA,12.06,0.0,716168384.0,59383781.0,3.668,Healthcare,"Zevra Therapeutics, Inc.",1.14,0.01,forecast_icc,0.061397352297330676,0.30414594329257627,2026-09-01
ZYME,29.67,0.0,2121679104.0,70959241.0,1.125,Healthcare,Zymeworks Inc.,1.18239,0.01,forecast_icc,0.03317542337519733,0.037625457108239495,2026-09-01
