ticker,price,dividend,mktcap,shares,bvps,sector,name,FE1,g2,icc_method,ICC,bm,date
MMM,152.77,3.12,79679832064.0,521567261.0,6.256,Industrials,3M Company,8.69644,0.08725179498737412,forecast_icc,0.07211596754650784,0.040950447563634064,2026-06-04
AOS,57.01,1.42,7857609728.0,111965465.0,13.625,Industrials,A.O. Smith Corporation,3.77344,0.10759413161465403,forecast_icc,0.08729140728349394,0.19414675880234808,2026-06-04
AAON,143.65,0.4,11766617088.0,81911710.0,11.413,Industrials,"AAON, Inc.",2.26,0.45663716814159305,forecast_icc,0.0785930270413758,0.07945005257147364,2026-06-04
ABT,90.78,2.52,158121787392.0,1741813154.0,29.889,Healthcare,Abbott Laboratories,5.48325,0.10551588929922939,forecast_icc,0.08342298519026892,0.3292465524111573,2026-06-04
ABBV,224.94,6.92,397422395392.0,1766792821.0,-3.767,Healthcare,AbbVie Inc.,14.23738,0.13994077562023333,forecast_icc,0.09767901097066878,,2026-06-04
ACHC,25.21,0.0,2318488576.0,91967027.0,21.576,Healthcare,"Acadia Healthcare Company, Inc.",1.50721,0.1604952196442433,forecast_icc,0.08515067723242742,0.8558509173141597,2026-06-04
ACN,178.86,6.52,110076731392.0,613939268.0,50.762,Technology,Accenture plc,13.86552,0.07356377546604809,forecast_icc,0.08946573377382327,0.2831187366132217,2026-06-04
AYI,308.01,0.74,9337374720.0,30315168.0,93.756,Industrials,Acuity Inc.,19.51632,0.09025472015215974,forecast_icc,0.07097632929375816,0.3043927202493165,2026-06-04
ADBE,258.42,0.0,104453365760.0,404200000.0,28.16,Technology,Adobe Inc.,23.55117,0.12037193905865395,forecast_icc,0.09755610706004247,0.10896989213495306,2026-06-04
ADT,6.74,0.22,5126115840.0,705806827.0,4.767,Industrials,ADT Inc.,0.91384,0.05974787709008145,forecast_icc,0.11407643365087938,0.6563607318536524,2026-06-04
WMS,131.2,0.8,10049356800.0,76595708.0,25.583,Industrials,"Advanced Drainage Systems, Inc.",6.25851,0.16091050425740305,forecast_icc,0.0767228195512544,0.19499237978733125,2026-06-04
AMD,523.2,0.0,853130215424.0,1630600639.0,39.547,Technology,"Advanced Micro Devices, Inc.",7.36698,0.75,forecast_icc,0.11656071762222797,0.075586777146891,2026-06-04
ACM,72.68,1.19,9341045760.0,128522920.0,17.711,Industrials,AECOM,5.99369,0.12113072247647105,forecast_icc,0.09930326153566513,0.2436846467306033,2026-06-04
AES,14.73,0.7,10504812544.0,713157713.0,6.198,Utilities,The AES Corporation,2.02,0.18256930693069306,forecast_icc,0.17148897389261836,0.4207739535246295,2026-06-04
AMG,334.82,0.04,8843293696.0,26412085.0,116.596,Financial Services,"Affiliated Managers Group, Inc.",34.86718,0.12570101740375916,forecast_icc,0.10725798926176255,0.34823489624153725,2026-06-04
AFRM,68.7,0.0,23007531008.0,294357801.0,11.299,Financial Services,"Affirm Holdings, Inc.",3.10274,0.21728536712712,forecast_icc,0.0838619907969631,0.1445591355431631,2026-06-04
AFL,115.29,2.44,58680868864.0,508984904.0,58.686,Financial Services,AFLAC Incorporated,7.042,0.07976285146265272,forecast_icc,0.07344050534782295,0.5090294103410773,2026-06-04
AGCO,119.87,1.2,8679610368.0,72408527.0,59.341,Industrials,AGCO Corporation,5.98063,0.356343729673964,forecast_icc,0.1287665451891481,0.4950446181948936,2026-06-04
A,138.37,1.02,39080103936.0,282431944.0,25.236,Healthcare,"Agilent Technologies, Inc.",6.06149,0.08958193447485696,forecast_icc,0.05680564041489522,0.1823805932158307,2026-06-04
ADC,72.23,3.2,8700138496.0,120102859.0,50.567,Real Estate,Agree Realty Corporation,1.90286,0.0265862964169723,forecast_icc,0.03277515008737315,0.6980625968017924,2026-06-04
AGNC,10.29,1.44,11812191232.0,1147929272.0,8.898,Real Estate,AGNC Investment Corp.,1.56958,0.01,forecast_icc,0.14832778168172311,0.8647231035834284,2026-06-04
APD,282.85,7.24,62985232384.0,222680686.0,70.28,Basic Materials,"Air Products and Chemicals, Inc",13.21001,0.07755860896395994,forecast_icc,0.06295232751937227,0.24847091960647485,2026-06-04
ABNB,133.72,0.0,79363473408.0,417930233.0,12.834,Consumer Cyclical,"Airbnb, Inc.",5.08308,0.18560400387166842,forecast_icc,0.06883531751091077,0.06758419686028165,2026-06-04
AKAM,158.98,0.0,23113379840.0,145385451.0,33.726,Technology,"Akamai Technologies, Inc.",6.71535,0.06661901464555098,forecast_icc,0.04788429414569981,0.21213988410039472,2026-06-04
ALK,42.69,0.0,4756902912.0,111428978.0,33.504,Industrials,"Alaska Air Group, Inc.",6.32411,0.04,forecast_icc,0.0983849905320765,0.7848208273274088,2026-06-04
ALB,165.65,1.62,19535874048.0,117934651.0,64.597,Basic Materials,Albemarle Corporation,12.00105,0.01,forecast_icc,0.05312438915632338,0.3899607784084235,2026-06-04
ACI,15.88,0.68,7853213696.0,494534842.0,3.676,Consumer Defensive,"Albertsons Companies, Inc.",2.28733,0.07677510459793746,forecast_icc,0.12991299326022288,0.23148613415651031,2026-06-04
AA,78.02,0.4,20588687360.0,263889875.0,25.867,Basic Materials,Alcoa Corporation,7.32843,0.01,forecast_icc,0.06251741442578662,0.3315432051237384,2026-06-04
ARE,53.12,2.88,9257194496.0,174269480.0,92.167,Real Estate,Alexandria Real Estate Equities,1.84767,0.01,forecast_icc,0.03646800899307234,1.7350715889247317,2026-06-04
ALGN,168.29,0.0,12052614144.0,71618127.0,57.939,Healthcare,"Align Technology, Inc.",11.3616,0.08900330939304335,forecast_icc,0.07275265956260851,0.34428071874504373,2026-06-04
ALLE,130.35,2.12,11201740800.0,85935861.0,24.451,Industrials,Allegion plc,8.76942,0.08666707718412381,forecast_icc,0.07809390442344089,0.18757957132082542,2026-06-04
ALGM,53.62,0.0,9985245184.0,186222406.0,5.151,Technology,"Allegro MicroSystems, Inc.",1.04542,0.40862045876298514,forecast_icc,0.0784974675501392,0.09606490332786605,2026-06-04
LNT,71.39,2.09,18438397952.0,258277037.0,28.737,Utilities,Alliant Energy Corporation,3.4259,0.0757552759858724,forecast_icc,0.06500661040631839,0.40253536297408793,2026-06-04
ALSN,118.38,1.16,9817961472.0,82935981.0,22.919,Consumer Cyclical,"Allison Transmission Holdings, ",9.92868,0.1426584399940376,forecast_icc,0.10371632401708253,0.19360533792681398,2026-06-04
ALL,210.84,4.32,54274625536.0,257420930.0,114.752,Financial Services,Allstate Corporation (The),29.80733,0.01,forecast_icc,0.08744850992520925,0.5442610845793234,2026-06-04
ALLY,42.41,1.2,12999643136.0,306523062.0,43.216,Financial Services,Ally Financial Inc.,5.31992,0.21908412156573798,forecast_icc,0.16601320491516336,1.019004945659456,2026-06-04
ALNY,303.64,0.0,40539758592.0,133512573.0,8.059,Healthcare,"Alnylam Pharmaceuticals, Inc.",9.50989,0.4614070194292468,forecast_icc,0.11404859424875002,0.026541298300166254,2026-06-04
GOOGL,372.19,0.88,4509246947328.0,5823665113.0,39.514,Communication Services,Alphabet Inc.,14.22388,0.014912949209357818,forecast_icc,0.033927617277345154,0.05103209160266545,2026-06-04
GOOG,369.27,0.88,4473869565952.0,5456000000.0,39.514,Communication Services,Alphabet Inc.,14.2237,0.01749052637499382,forecast_icc,0.03474126782464981,0.048188348100426735,2026-06-04
MO,70.6,4.24,117894316032.0,1669891235.0,-1.922,Consumer Defensive,"Altria Group, Inc.",5.67869,0.03431777399364999,forecast_icc,0.08635408080495266,,2026-06-04
AMZN,253.79,0.0,2730046783488.0,10757109436.0,41.093,Consumer Cyclical,"Amazon.com, Inc.",8.64623,0.1407492051449013,forecast_icc,0.05532079665673917,0.1619173344307237,2026-06-04
AMCR,37.64,2.6,17402691584.0,462345690.0,25.211,Consumer Cyclical,Amcor plc,3.97591,0.0783870862268008,forecast_icc,0.12478253433831551,0.6697927808653855,2026-06-04
DOX,60.84,2.28,6459017728.0,106164000.0,31.859,Technology,Amdocs Limited,7.434,0.088781275221953,forecast_icc,0.12160567356294771,0.5236522050926936,2026-06-04
AMTM,23.29,0.0,5690127360.0,244316319.0,18.882,Industrials,"Amentum Holdings, Inc.",2.42243,0.14257171517856038,forecast_icc,0.11233832839560842,0.8107341793063136,2026-06-04
AS,34.49,0.0,20067043328.0,581822024.0,11.939,Consumer Cyclical,"Amer Sports, Inc.",1.25372,0.2516431101043295,forecast_icc,0.08018837947560808,0.3461582770812862,2026-06-04
AEE,106.99,3.0,29609654272.0,276751616.0,48.992,Utilities,Ameren Corporation,5.37083,0.08565901359752592,forecast_icc,0.06923401521552608,0.45791197176839493,2026-06-04
AAL,13.3,0.0,8796422144.0,661385137.0,-6.164,Industrials,"American Airlines Group, Inc.",2.22856,0.04,forecast_icc,0.10604860436933145,,2026-06-04
AEP,127.79,3.8,69531181056.0,544105032.0,58.473,Utilities,American Electric Power Company,6.3566,0.07840984173929444,forecast_icc,0.06745646920651904,0.4575710214171685,2026-06-04
AXP,312.53,3.8,213247492096.0,682326443.0,49.846,Financial Services,American Express Company,17.68898,0.1374109756469848,forecast_icc,0.08199836099730551,0.15949188214821666,2026-06-04
AFG,128.56,3.52,10681546752.0,83086083.0,56.303,Financial Services,"American Financial Group, Inc.",11.61857,0.03873110029891791,forecast_icc,0.0805661454179375,0.43795115443117805,2026-06-04
AMH,32.92,1.32,13521315840.0,359960517.0,19.043,Real Estate,American Homes 4 Rent,0.71351,0.01,forecast_icc,0.024439615765275584,0.5069571783060279,2026-06-04
AIG,73.44,2.0,38938345472.0,530206221.0,75.82,Financial Services,"American International Group, I",8.03014,0.10838291735885064,forecast_icc,0.11701772432577429,1.0324073914524026,2026-06-04
AMT,193.91,6.98,90341326848.0,465893069.0,7.559,Real Estate,American Tower Corporation (REI,6.57159,0.050905488626040274,forecast_icc,0.047042797617231735,0.03898200116649011,2026-06-04
AWK,122.25,3.58,23873044480.0,195280521.0,56.519,Utilities,"American Water Works Company, I",6.0827,0.07827116247718946,forecast_icc,0.06724326361813937,0.4623230931289665,2026-06-04
COLD,14.97,0.92,4291485696.0,285306052.0,9.884,Real Estate,"Americold Realty Trust, Inc.",0.025,0.04,forecast_icc,0.010000000000000002,0.6571069363219427,2026-06-04
AMP,455.09,6.8,40911265792.0,89897084.0,68.961,Financial Services,"Ameriprise Financial, Inc.",44.16615,0.07867156181827029,forecast_icc,0.09407225775225339,0.15153265707403904,2026-06-04
AME,228.76,1.36,52432478208.0,229203002.0,47.64,Industrials,"AMETEK, Inc.",8.13921,0.08257926752104927,forecast_icc,0.04717851620219757,0.20825319322049468,2026-06-04
AMGN,345.6,10.08,186523189248.0,539708274.0,17.028,Healthcare,Amgen Inc.,22.40688,0.047763008504530635,forecast_icc,0.06904604383309854,0.049270830756881566,2026-06-04
AMKR,73.82,0.33,18297948160.0,247872518.0,18.293,Technology,"Amkor Technology, Inc.",2.08195,0.17771800475515742,forecast_icc,0.05684406777634676,0.24780548792275078,2026-06-04
APH,146.77,1.0,180561526784.0,1230234445.0,11.37,Technology,Amphenol Corporation,4.81372,0.17769832894310422,forecast_icc,0.06395035135087646,0.07746814002289158,2026-06-04
ADI,428.76,4.4,208843440128.0,487087040.0,69.273,Technology,"Analog Devices, Inc.",12.33983,0.19720693072757078,forecast_icc,0.06410300182517259,0.161565910335702,2026-06-04
AU,92.17,4.6,46603374592.0,505624114.0,16.881,Basic Materials,AngloGold Ashanti PLC,9.33689,0.07389933907328894,forecast_icc,0.11044945681091833,0.18315069977570264,2026-06-04
NLY,21.27,2.8,15586151424.0,732776229.0,19.816,Real Estate,Annaly Capital Management Inc.,3.00536,0.01,forecast_icc,0.13890610233824596,0.9316407468943629,2026-06-04
AM,21.58,0.9,10250067968.0,474980000.0,4.076,Energy,Antero Midstream Corporation,1.3006,0.14520990312163629,forecast_icc,0.10282356826046779,0.18887859924871864,2026-06-04
AR,37.1,0.0,11494915072.0,309836000.0,26.025,Energy,Antero Resources Corporation,4.51291,0.03606098947242464,forecast_icc,0.08539581214034453,0.7014825120058095,2026-06-04
AON,322.24,3.28,68823031808.0,213576949.0,46.039,Financial Services,Aon plc,19.12902,0.11991100432745627,forecast_icc,0.07884397621922512,0.14287178138914863,2026-06-04
APA,38.22,1.0,13509633024.0,353470227.0,18.266,Energy,APA Corporation,6.47664,0.01,forecast_icc,0.09989614035399438,0.4779172872358549,2026-06-04
APG,42.4,0.0,18368868352.0,433227989.0,8.047,Industrials,APi Group Corporation,1.14024,0.6959850557777312,forecast_icc,0.1499819389762037,0.18978771912769601,2026-06-04
APO,128.41,2.25,74030612480.0,576517513.0,32.182,Financial Services,"Apollo Global Management, Inc. ",8.88093,0.19489287720993187,forecast_icc,0.1114974024115255,0.2506191152798902,2026-06-04
APPF,163.65,0.0,5786423296.0,24028908.0,13.299,Technology,"AppFolio, Inc.",6.8052,0.20864339034855695,forecast_icc,0.07785512600941813,0.05522590227937586,2026-06-04
AAPL,311.23,1.08,4571145961472.0,14687356000.0,7.26,Technology,Apple Inc.,8.75324,0.10303956020856275,forecast_icc,0.04270508050515731,0.023326799331881965,2026-06-04
AIT,313.67,2.04,11593099264.0,36959541.0,50.197,Industrials,Applied Industrial Technologies,10.70143,0.10158829240578116,forecast_icc,0.0498548371055655,0.1600312424942418,2026-06-04
AMAT,501.7,2.12,398329446400.0,793959430.0,30.114,Technology,"Applied Materials, Inc.",12.25935,0.31896715568117395,forecast_icc,0.07668087533287349,0.06002391862089561,2026-06-04
APP,558.87,0.0,187746516992.0,305732000.0,7.028,Communication Services,Applovin Corporation,16.10798,0.3056100144152154,forecast_icc,0.07930031376841307,0.011444603769089132,2026-06-04
ATR,112.55,1.89,7182976512.0,63820316.0,41.15,Healthcare,"AptarGroup, Inc.",5.51143,0.13808938877931864,forecast_icc,0.07730796692608999,0.36561528483527916,2026-06-04
APTV,72.92,0.0,15431368704.0,211620527.0,43.48,Consumer Cyclical,Aptiv PLC,6.1488,0.1083040593286495,forecast_icc,0.08959911328559922,0.5962698896290981,2026-06-04
ARMK,53.34,0.48,14025943040.0,262953564.0,12.482,Industrials,Aramark,2.2491,0.1939975990396159,forecast_icc,0.07987588762152154,0.23400825003264808,2026-06-04
ACGL,88.34,0.0,30865076224.0,349389588.0,66.454,Financial Services,Arch Capital Group Ltd.,9.27273,0.06780743103703024,forecast_icc,0.08899184125803905,0.7522526596871947,2026-06-04
ADM,83.37,2.08,40180715520.0,481956527.0,47.311,Consumer Defensive,Archer-Daniels-Midland Company,4.69254,0.10637309431565845,forecast_icc,0.07900121041742442,0.5674823097051956,2026-06-04
ARES,130.5,5.4,43044982784.0,222028421.0,11.379,Financial Services,Ares Management Corporation,5.94071,0.2322416007514252,forecast_icc,0.11431845406253982,0.058693516390442055,2026-06-04
ANET,166.01,0.0,209034706944.0,1259169438.0,10.711,Technology,"Arista Networks, Inc.",3.62944,0.2259549682595663,forecast_icc,0.05353705685980448,0.06452021316264545,2026-06-04
AWI,152.75,1.33,6519192064.0,42678835.0,20.954,Industrials,Armstrong World Industries Inc,8.31488,0.12988882581588657,forecast_icc,0.07661949524997991,0.13717839569851337,2026-06-04
ARW,224.39,0.0,11473945600.0,51133946.0,131.972,Technology,"Arrow Electronics, Inc.",19.8925,0.07100666080180984,forecast_icc,0.08099065484277995,0.5881367540658377,2026-06-04
AJG,211.0,2.8,54214762496.0,256942000.0,92.546,Financial Services,Arthur J. Gallagher & Co.,13.26505,0.12004101002257817,forecast_icc,0.08306180052070011,0.43860663105836584,2026-06-04
ASH,57.07,1.67,2613108480.0,45787777.0,40.753,Basic Materials,Ashland Inc.,3.60585,0.2109849272709623,forecast_icc,0.11796601173501131,0.7140879494145609,2026-06-04
AIZ,251.66,3.52,12469157888.0,49547637.0,118.165,Financial Services,"Assurant, Inc.",21.04465,0.06767230626311194,forecast_icc,0.08205565806719675,0.46954225607645145,2026-06-04
AGO,73.87,1.52,3271145728.0,44282464.0,124.346,Financial Services,Assured Guaranty Ltd.,7.26239,0.05498878468382995,forecast_icc,0.08857354294474507,1.6833084571596317,2026-06-04
ALAB,358.05,0.0,61372608512.0,171407939.0,8.722,Technology,"Astera Labs, Inc.",3.00371,0.40049805074391354,forecast_icc,0.043932522099706134,0.02435972790150647,2026-06-04
T,22.77,1.11,158213668864.0,6948338835.0,15.706,Communication Services,AT&T Inc.,2.31546,0.10248071657467639,forecast_icc,0.12131524480695843,0.6897672655345496,2026-06-04
ATI,181.1,0.0,24714797056.0,136470427.0,12.974,Industrials,ATI Inc.,4.4261,0.2213867739093105,forecast_icc,0.057023861261801145,0.07163997001011829,2026-06-04
TEAM,101.5,0.0,25757437952.0,159634245.0,5.992,Technology,Atlassian Corporation,5.50363,0.12755217919809292,forecast_icc,0.07225658446992717,0.037136006998154406,2026-06-04
ATO,167.96,4.0,28035854336.0,166919822.0,89.317,Utilities,Atmos Energy Corporation,8.40634,0.06706961650373411,forecast_icc,0.06214842383142788,0.5317754031283465,2026-06-04
ADSK,233.64,0.0,49331974144.0,211145251.0,15.114,Technology,"Autodesk, Inc.",12.6064,0.13133646401827637,forecast_icc,0.07293448553880488,0.06468926855225265,2026-06-04
ADP,231.31,6.8,92462530560.0,399734282.0,15.851,Technology,"Automatic Data Processing, Inc.",11.07361,0.1011260103976932,forecast_icc,0.07213658380582888,0.06852708946647718,2026-06-04
AN,188.14,0.0,6295446016.0,33461495.0,65.665,Consumer Cyclical,"AutoNation, Inc.",21.36509,0.13641927087599437,forecast_icc,0.11610860603490092,0.3490219856687911,2026-06-04
AZO,3081.94,0.0,50448273408.0,16369000.0,-170.111,Consumer Cyclical,"AutoZone, Inc.",151.02615,0.16034448338913476,forecast_icc,0.07514375668960083,,2026-06-04
AVB,189.19,7.12,26840776704.0,141872069.0,82.716,Real Estate,"AvalonBay Communities, Inc.",4.52258,0.07721256450963843,forecast_icc,0.039342633762880275,0.4372112695850249,2026-06-04
AVTR,9.52,0.0,6499831808.0,682755402.0,8.264,Healthcare,"Avantor, Inc.",0.7889,0.07817213842058557,forecast_icc,0.07973716613408321,0.8680671760126872,2026-06-04
AVY,153.25,4.0,11722150912.0,76490385.0,30.008,Consumer Cyclical,Avery Dennison Corporation,10.01966,0.11441805410562833,forecast_icc,0.08929167193238696,0.195810776564075,2026-06-04
CAR,176.8,0.0,6245457408.0,35324986.0,-96.742,Industrials,"Avis Budget Group, Inc.",3.41654,0.75,forecast_icc,0.136917908143475,,2026-06-04
AVT,88.11,1.4,7227141632.0,82024081.0,60.376,Technology,"Avnet, Inc.",5.13,0.5384990253411306,forecast_icc,0.19234097521772398,0.6852343798727424,2026-06-04
AXTA,31.77,0.0,6799376384.0,214018768.0,11.313,Basic Materials,Axalta Coating Systems Ltd.,2.58734,0.08475113436966142,forecast_icc,0.08081770255347076,0.3560906450305429,2026-06-04
AXS,95.34,1.76,7028772864.0,73723236.0,78.86,Financial Services,Axis Capital Holdings Limited,13.23913,0.0962842724559696,forecast_icc,0.12392671837330205,0.8271450085885148,2026-06-04
AXON,513.2,0.0,41364987904.0,80602077.0,43.863,Industrials,"Axon Enterprise, Inc.",7.68883,0.375158509161992,forecast_icc,0.06160760183219144,0.08546959838731444,2026-06-04
BKR,66.11,0.92,65585659904.0,992068697.0,19.474,Energy,Baker Hughes Company,2.3051,0.2072448049976141,forecast_icc,0.07652139952597403,0.2945696640646246,2026-06-04
BALL,52.7,0.8,14031191040.0,266246511.0,21.039,Consumer Cyclical,Ball Corporation,3.99842,0.13045653032948024,forecast_icc,0.09689011783434165,0.39922201393738566,2026-06-04
BAC,54.17,1.12,384422313984.0,7096590651.0,38.664,Financial Services,Bank of America Corporation,4.47275,0.12891397909563462,forecast_icc,0.10385341099238687,0.7137530027502099,2026-06-04
OZK,49.21,1.82,5372052480.0,109165875.0,53.19,Financial Services,Bank OZK,5.93428,0.08116401652770011,forecast_icc,0.11753160852632563,1.080877916376945,2026-06-04
BBWI,17.94,0.8,3616018944.0,201561812.0,-5.637,Consumer Cyclical,"Bath & Body Works, Inc.",2.64282,0.08476173178650082,forecast_icc,0.13569998384070392,,2026-06-04
BAX,19.35,0.2,9993674752.0,516469008.0,11.701,Healthcare,Baxter International Inc.,1.91624,0.05229511960923472,forecast_icc,0.08414628074605213,0.6047028758263915,2026-06-04
BDX,149.56,4.2,41209823232.0,275540427.0,87.584,Healthcare,"Becton, Dickinson and Company",12.53737,0.06862603560395852,forecast_icc,0.08813263817379446,0.5856111690289524,2026-06-04
BRBR,8.69,0.0,1010454464.0,116277850.0,-4.281,Consumer Defensive,"BellRing Brands, Inc.",1.24969,0.09255895462074593,forecast_icc,0.1169195497721679,,2026-06-04
BSY,33.06,0.28,10043517952.0,292281547.0,3.918,Technology,"Bentley Systems, Incorporated",1.58085,0.075,forecast_icc,0.05707399805710446,0.11401971964593947,2026-06-04
BRK-B,478.63,0.0,1032334934016.0,1398308677.0,505559.44,Financial Services,Berkshire Hathaway Inc. New,20.38567,0.04519449201326209,forecast_icc,0.04320993389170563,684.7856527930927,2026-06-04
BBY,70.99,3.84,14957250560.0,210695187.0,14.653,Consumer Cyclical,"Best Buy Co., Inc.",6.5504,0.07945010991695156,forecast_icc,0.10948379516648502,0.20640936398881854,2026-06-04
BILL,35.96,0.0,3581498368.0,99596727.0,38.187,Technology,"BILL Holdings, Inc.",2.64116,0.25496372805888323,forecast_icc,0.12140729550223595,1.0619299028392017,2026-06-04
BIO,307.47,0.0,8228388352.0,21700560.0,255.374,Healthcare,"Bio-Rad Laboratories, Inc.",9.00237,0.07992784122403296,forecast_icc,0.03896669526844958,0.6734926175540821,2026-06-04
TECH,53.18,0.32,8326326272.0,156568751.0,12.901,Healthcare,Bio-Techne Corp,1.91984,0.07397491457621452,forecast_icc,0.04586071462050245,0.24259119696564782,2026-06-04
BIIB,196.45,0.0,29003311104.0,147637117.0,126.367,Healthcare,Biogen Inc.,13.34321,0.24362203697611018,forecast_icc,0.11343091217677814,0.6432527478342288,2026-06-04
BMRN,56.47,0.0,10914771968.0,193284438.0,32.142,Healthcare,BioMarin Pharmaceutical Inc.,4.93703,0.30921626970060934,forecast_icc,0.14823224604992669,0.5691871918543046,2026-06-04
BIRK,42.99,0.0,7906121216.0,183906056.0,18.301035,Consumer Cyclical,Birkenstock Holding plc,1.9908,0.2084036568213783,forecast_icc,0.08317558657609847,0.42570447323229604,2026-06-04
BJ,88.4,0.0,11288147968.0,127693987.0,16.651,Consumer Defensive,"BJ's Wholesale Club Holdings, I",4.51842,0.08053478870932773,forecast_icc,0.058332022906930125,0.18835973656303157,2026-06-04
BLK,1022.56,22.92,158736056320.0,155233989.0,364.87,Financial Services,"BlackRock, Inc.",53.11913,0.14168341989034827,forecast_icc,0.08379613887550097,0.35682016348098977,2026-06-04
BX,118.55,4.97,144899162112.0,742180737.0,10.657,Financial Services,Blackstone Inc.,5.93656,0.2692704192326869,forecast_icc,0.13107575374293978,0.05458568565148363,2026-06-04
HRB,37.47,1.68,4749705216.0,126760207.0,-0.192,Consumer Cyclical,"H&R Block, Inc.",5.16,0.12839147286821695,forecast_icc,0.14906427256921767,,2026-06-04
XYZ,70.89,0.0,42192379904.0,535195000.0,36.879,Technology,"Block, Inc.",3.89538,0.2784760408483897,forecast_icc,0.10887981162790383,0.46779670760237946,2026-06-04
OWL,10.19,0.92,15886723072.0,675802413.0,3.107,Financial Services,Blue Owl Capital Inc.,0.88433,0.11163253536575724,forecast_icc,0.1385402154293135,0.13216810588784714,2026-06-04
BNY,144.02,2.12,98852306944.0,686379000.0,57.478,Financial Services,The Bank of New York Mellon Cor,8.79625,0.09887736251243417,forecast_icc,0.07635884619391672,0.39909733400910363,2026-06-04
BA,217.42,0.0,171392696320.0,788302331.0,7.591,Industrials,Boeing Company (The),4.18143,0.04,forecast_icc,0.024197469521527126,0.034913990637317024,2026-06-04
BOKF,128.65,2.52,7816772608.0,60759992.0,98.308,Financial Services,BOK Financial Corporation,10.12938,0.04412905824443358,forecast_icc,0.07312017228171469,0.7641508322018724,2026-06-04
BKNG,167.49,1.61,129784397824.0,774878436.0,-11.185,Consumer Cyclical,Booking Holdings Inc. Common St,10.4546,0.17686951198515488,forecast_icc,0.09632493826786426,,2026-06-04
BAH,80.01,2.36,9580888064.0,119746130.0,9.182,Industrials,Booz Allen Hamilton Holding Cor,6.26083,0.09569497973910801,forecast_icc,0.09435488830531147,0.1147606524901782,2026-06-04
BWA,77.03,0.68,15800003584.0,205114941.0,26.712,Consumer Cyclical,BorgWarner Inc.,5.19951,0.12758702262328558,forecast_icc,0.08684632478091006,0.3467739912122794,2026-06-04
SAM,161.08,0.0,1677397248.0,8345442.0,66.968,Consumer Defensive,"Boston Beer Company, Inc. (The)",9.55101,0.1607149400953407,forecast_icc,0.08477235013021123,0.33318139786050255,2026-06-04
BSX,48.85,0.0,72608448512.0,1486355179.0,17.402,Healthcare,Boston Scientific Corporation,3.36863,0.10806767142725682,forecast_icc,0.07895797655522319,0.3562333771762552,2026-06-04
BYD,88.38,0.76,6569299456.0,74330156.0,33.894,Consumer Cyclical,Boyd Gaming Corporation,7.20008,0.08638515127609692,forecast_icc,0.08459530219113998,0.3835030393024604,2026-06-04
BFAM,61.54,0.0,3237414912.0,52606675.0,21.669,Consumer Cyclical,Bright Horizons Family Solution,5.01465,0.1451188019104026,forecast_icc,0.09819194914843521,0.35211243277766185,2026-06-04
BHF,62.36,0.0,3582319104.0,57445785.0,96.853,Financial Services,"Brighthouse Financial, Inc.",19.67329,0.01,forecast_icc,0.1334451853083053,1.5531270255607579,2026-06-04
BMY,56.6,2.52,115581231104.0,2042071247.0,9.828,Healthcare,Bristol-Myers Squibb Company,6.31037,0.01,forecast_icc,0.08344437517406733,0.17363957818945086,2026-06-04
BRX,30.35,1.21,9312491520.0,306836617.0,9.897,Real Estate,Brixmor Property Group Inc.,1.13202,0.01,forecast_icc,0.0386428043714554,0.32609554509951383,2026-06-04
AVGO,418.91,2.6,1983399854080.0,4734668184.0,17.147,Technology,Broadcom Inc.,11.33283,0.6326875105335563,forecast_icc,0.14654701323306873,0.04093241974584384,2026-06-04
BR,154.1,3.9,17822943232.0,115658297.0,24.363,Technology,"Broadridge Financial Solutions,",9.53945,0.09096226721666345,forecast_icc,0.07913954906197651,0.15809864022637088,2026-06-04
BAM,46.71,2.01,74585890816.0,1596765155.0,4.742,Financial Services,Brookfield Asset Management Inc,1.83789,0.18688822508419967,forecast_icc,0.09246468826120469,0.10151866904277426,2026-06-04
BRO,57.38,0.65,19448827904.0,338947841.0,37.579,Financial Services,"Brown & Brown, Inc.",4.49504,0.08198592226098089,forecast_icc,0.08228286312788502,0.6549145778764047,2026-06-04
BF-A,26.3,0.92,12063904768.0,168441239.0,8.899,Consumer Defensive,Brown Forman Inc,1.72,0.013,trailing_eps_fallback_icc,0.05790686958719593,0.12425152673925682,2026-06-04
BF-B,25.46,0.92,11678594048.0,290262390.0,8.899,Consumer Defensive,Brown Forman Inc,1.6927,0.0198853902049978,forecast_icc,0.06207063520224994,0.22117773749078598,2026-06-04
BRKR,59.97,0.2,9128971264.0,152225624.0,16.089,Healthcare,Bruker Corporation,2.11839,0.13762810436227513,forecast_icc,0.05736933119389931,0.26828412465205453,2026-06-04
BC,82.44,1.76,5356492800.0,64974438.0,24.633,Consumer Cyclical,Brunswick Corporation,4.26404,0.2508208178159681,forecast_icc,0.11228644987282965,0.29879911931441405,2026-06-04
BLDR,74.98,0.0,8064839680.0,107559876.0,37.242,Industrials,"Builders FirstSource, Inc.",4.28345,0.3726832343087929,forecast_icc,0.13387704313114057,0.49669244038735805,2026-06-04
BLSH,29.66,0.0,4497890304.0,151648346.0,17.528,Technology,Bullish,0.64548,0.75,forecast_icc,0.1451122501466805,0.5909642141170368,2026-06-04
BG,129.42,2.88,25109823488.0,194018115.0,82.7,Consumer Defensive,Bunge Limited,9.43066,0.15431899782199765,forecast_icc,0.10527667616349962,0.6390048149150892,2026-06-04
BURL,321.97,0.0,20265502720.0,62942206.0,29.526,Consumer Cyclical,"Burlington Stores, Inc.",11.80565,0.1667709952438028,forecast_icc,0.0634378921067883,0.09170419308285484,2026-06-04
BWXT,190.76,1.04,17476409344.0,91614649.0,13.976,Industrials,"BWX Technologies, Inc.",4.7125,0.10218779840848802,forecast_icc,0.03931781887696163,0.0732648400035096,2026-06-04
BXP,62.05,3.08,11064223744.0,159477391.0,32.469,Real Estate,"BXP, Inc.",1.9781,0.07435923360800767,forecast_icc,0.05031611275906801,0.46800132826191343,2026-06-04
CHRW,184.59,2.52,21758183424.0,117873042.0,14.423,Industrials,"C.H. Robinson Worldwide, Inc.",6.15581,0.19360734005760416,forecast_icc,0.07136980591015674,0.07813533196391534,2026-06-04
CACI,532.13,0.0,11755445248.0,22091305.0,193.749,Technology,"CACI International, Inc.",28.16387,0.10554195854475967,forecast_icc,0.06585415035923037,0.3641009049124023,2026-06-04
CDNS,411.68,0.0,113547927552.0,275816000.0,23.789,Technology,"Cadence Design Systems, Inc.",4.49288,0.75,forecast_icc,0.10167910327671537,0.05778517464350171,2026-06-04
CZR,29.26,0.0,5960073728.0,203693576.0,16.745,Consumer Cyclical,"Caesars Entertainment, Inc.",0.37,0.75,forecast_icc,0.11012067520943669,0.572283009536623,2026-06-04
CPT,112.01,4.24,11099137024.0,99090596.0,38.749,Real Estate,Camden Property Trust,0.99129,0.23401829938766672,forecast_icc,0.03228040436888924,0.3459423463375021,2026-06-04
CPB,21.55,1.56,6425056768.0,298146488.0,13.44,Consumer Defensive,The Campbell's Company,2.16915,0.01,forecast_icc,0.08966208138974074,0.6236658979695414,2026-06-04
COF,183.2,3.2,114004041728.0,622292783.0,173.505,Financial Services,Capital One Financial Corporati,19.69771,0.23309257776665415,forecast_icc,0.15235068682857922,0.9470796620704085,2026-06-04
CAH,201.74,2.05,47248691200.0,234205855.0,-12.051,Healthcare,"Cardinal Health, Inc.",10.76846,0.11227139256681085,forecast_icc,0.07180914976989677,,2026-06-04
CAI,17.28,0.0,4884722688.0,282680695.0,2.1,Healthcare,"Caris Life Sciences, Inc.",0.13285,0.75,forecast_icc,0.08332128937259486,0.12152777085142075,2026-06-04
CSL,342.59,4.4,13862930432.0,40465076.0,40.914,Industrials,Carlisle Companies Incorporated,20.95163,0.11912820148122116,forecast_icc,0.08124485303421258,0.11942555202054411,2026-06-04
CG,43.53,1.4,15669686272.0,359974427.0,15.016,Financial Services,The Carlyle Group Inc.,4.08746,0.27803819486918524,forecast_icc,0.16689405749982777,0.3449575123588026,2026-06-04
KMX,46.92,0.0,6654227968.0,141820715.0,41.53,Consumer Cyclical,CarMax Inc,2.35067,0.18366678436360706,forecast_icc,0.08158006917142713,0.8851236119763187,2026-06-04
CCL,27.85,0.3,38576136192.0,1239000212.0,9.409,Consumer Cyclical,Carnival Corporation Ltd.,2.21587,0.17399486431965783,forecast_icc,0.11023525132339637,0.30220115712691853,2026-06-04
CRS,492.62,0.8,24476125184.0,49685612.0,41.614,Industrials,Carpenter Technology Corporatio,10.5697,0.19508784544499846,forecast_icc,0.04863365705379302,0.08447485221719643,2026-06-04
CARR,68.54,0.96,56927981568.0,830580423.0,16.18,Industrials,Carrier Global Corporation,2.79497,0.14529672948189054,forecast_icc,0.06948339459685016,0.23606653308246095,2026-06-04
CVNA,66.19,0.0,72599560192.0,716288385.0,5.203,Consumer Cyclical,Carvana Co.,1.53923,0.3321141090025532,forecast_icc,0.07386286778410434,0.051334311906281696,2026-06-04
CASY,761.57,2.28,28229062656.0,36959030.0,104.17,Consumer Cyclical,"Caseys General Stores, Inc.",18.12303,0.12686565105283165,forecast_icc,0.04146643000091553,0.1363850511799296,2026-06-04
CAT,940.48,6.04,433177526272.0,460591983.0,40.511,Industrials,"Caterpillar, Inc.",24.49974,0.2238040077160004,forecast_icc,0.06317355652759515,0.043074815039219394,2026-06-04
CAVA,71.75,0.0,8356999168.0,116473856.0,6.958,Consumer Cyclical,"CAVA Group, Inc.",0.55207,0.3595739670693936,forecast_icc,0.03737554595328378,0.09697560975609756,2026-06-04
CBOE,286.03,2.88,29934120960.0,104653784.0,51.336,Financial Services,"Cboe Global Markets, Inc.",13.74481,0.07043676849661806,forecast_icc,0.056641770696886806,0.1794776824281263,2026-06-04
CBRE,130.95,0.0,38344331264.0,292816579.0,29.094,Real Estate,CBRE Group Inc,7.67523,0.15612691736925144,forecast_icc,0.08304159509516407,0.22217640179382528,2026-06-04
CCC,4.99,0.0,2928833280.0,586940536.0,2.934,Technology,CCC Intelligent Solutions Holdi,0.44,0.14843181818181828,forecast_icc,0.10381078488948414,0.5879759508277644,2026-06-04
CDW,139.45,2.52,17815218176.0,127753451.0,19.964,Technology,CDW Corporation,10.70517,0.0855194265948136,forecast_icc,0.08505813814793306,0.14316242835576934,2026-06-04
CE,53.97,0.12,5918487040.0,109662539.0,37.05,Basic Materials,Celanese Corporation,6.13749,0.07970848017674981,forecast_icc,0.09848259747484137,0.6864925178496293,2026-06-04
CELH,27.75,0.0,7094019584.0,255640360.0,4.875,Consumer Defensive,"Celsius Holdings, Inc.",1.62439,0.25004463213883366,forecast_icc,0.10588435895624804,0.1756756857298239,2026-06-04
COR,270.32,2.4,52593745920.0,194561060.0,17.463,Healthcare,"Cencora, Inc.",17.75284,0.11588850009350615,forecast_icc,0.08222470812038052,0.06460121315466096,2026-06-04
CNC,62.7,0.0,30961072128.0,493797000.0,43.395,Healthcare,Centene Corporation,3.51741,0.26662231585172047,forecast_icc,0.10731436058942834,0.692105258061172,2026-06-04
CNP,41.85,0.92,27376992256.0,654169480.0,17.502,Utilities,"CenterPoint Energy, Inc (Holdin",1.9086,0.09082049669915104,forecast_icc,0.06413540793561967,0.4182078926676378,2026-06-04
CBC,28.08,0.48,6732689920.0,239768162.0,15.84,Financial Services,"Central Bancompany, Inc.",1.912,0.06589958158995812,forecast_icc,0.07267477774293563,0.5641025698804201,2026-06-04
CERT,5.61,0.0,872717440.0,155564608.0,6.633,Healthcare,"Certara, Inc.",0.38267,0.08012125329918729,forecast_icc,0.07079583021815361,1.1823529559166366,2026-06-04
CF,117.52,2.0,18054512640.0,153629274.0,34.776,Basic Materials,"CF Industries Holdings, Inc.",18.22706,0.01,forecast_icc,0.09148201803456779,0.2959155829433677,2026-06-04
CRL,185.79,0.0,8949082112.0,48167730.0,61.05,Healthcare,Charles River Laboratories Inte,11.09224,0.10975240348207382,forecast_icc,0.07238600828879005,0.3285968191706318,2026-06-04
SCHW,88.0,1.28,153043927040.0,1739135507.0,24.435,Financial Services,Charles Schwab Corporation (The,6.1536,0.1731230499219969,forecast_icc,0.1043107723966149,0.27767045014754604,2026-06-04
CHTR,129.05,0.0,20219342848.0,141178369.0,133.228,Communication Services,"Charter Communications, Inc.",41.90553,0.08778173190984573,forecast_icc,0.17925250079845767,0.9302434746039477,2026-06-04
CHE,432.34,2.4,5738926080.0,13274104.0,64.148,Healthcare,Chemed Corp,24.3525,0.10502001847859566,forecast_icc,0.07059265876145349,0.14837396605603256,2026-06-04
LNG,241.07,2.22,50516672512.0,209551868.0,17.872,Energy,"Cheniere Energy, Inc.",17.91486,0.08893287471964606,forecast_icc,0.080890947691799,0.0741361376089521,2026-06-04
CVX,188.35,7.12,375117447168.0,1991597732.0,92.906,Energy,Chevron Corporation,14.5437,0.01,forecast_icc,0.06401223002368481,0.49326252427369477,2026-06-04
CHWY,20.82,0.0,8515039232.0,232505429.0,1.199,Consumer Cyclical,"Chewy, Inc.",1.60435,0.21295851902639695,forecast_icc,0.11337641071682009,0.03273901643616056,2026-06-04
CMG,28.18,0.0,36147441664.0,1282734000.0,1.871,Consumer Cyclical,"Chipotle Mexican Grill, Inc.",1.13399,0.19672131147540983,forecast_icc,0.07375866113631652,0.06639461061473144,2026-06-04
CHH,108.97,1.15,4957643776.0,45495493.0,3.038,Consumer Cyclical,"Choice Hotels International, In",7.20233,0.08360211209428048,forecast_icc,0.07412352058157479,0.02787923335740692,2026-06-04
CHRD,140.07,5.2,7885827072.0,56299183.0,142.959,Energy,Chord Energy Corporation,21.52152,0.01,forecast_icc,0.09812912425415476,1.0206253356828618,2026-06-04
CB,314.5,4.08,121982001152.0,387860106.0,189.933,Financial Services,Chubb Limited,27.09553,0.0796747655425083,forecast_icc,0.0871391644329379,0.6039205195617514,2026-06-04
CHD,94.12,1.23,22301132800.0,236943602.0,17.671,Consumer Defensive,"Church & Dwight Company, Inc.",3.74367,0.0725304313681494,forecast_icc,0.05106553587375784,0.18774967300952533,2026-06-04
CHDN,86.16,0.44,6005086208.0,69696908.0,15.725,Consumer Cyclical,"Churchill Downs, Incorporated",6.86918,0.058145222573873445,forecast_icc,0.07340875917670175,0.18250926636822062,2026-06-04
CIEN,535.63,0.0,75737243648.0,141398427.0,19.741,Technology,Ciena Corporation,6.24763,0.41197862229357374,forecast_icc,0.056860817186522875,0.036855663250437175,2026-06-04
CI,280.68,6.24,74248953856.0,264532404.0,159.524,Healthcare,The Cigna Group,30.4027,0.10083282076920819,forecast_icc,0.11138229556620513,0.5683483069342385,2026-06-04
CINF,160.66,3.76,24851972096.0,154686742.0,101.643,Financial Services,Cincinnati Financial Corporatio,8.76736,0.047405376304839875,forecast_icc,0.05966636441826545,0.6326590282803608,2026-06-04
CTAS,179.96,1.8,72008638464.0,400136881.0,11.971,Industrials,Cintas Corporation,4.88692,0.11027804834128663,forecast_icc,0.04500759374842808,0.06652033290208274,2026-06-04
CRCL,90.54,0.0,24200499200.0,229857799.0,13.839,Financial Services,"Circle Internet Group, Inc.",0.81986,0.75,forecast_icc,0.09160002701091197,0.13144365552430423,2026-06-04
CRUS,175.63,0.0,8883873792.0,50582893.0,42.059,Technology,"Cirrus Logic, Inc.",8.904,0.05417003593890368,forecast_icc,0.05147791313875627,0.23947502480312136,2026-06-04
CSCO,130.0,1.68,512386498560.0,3941434665.0,12.401,Technology,"Cisco Systems, Inc.",4.27723,0.11596991510860977,forecast_icc,0.053831151151087275,0.09539230916120922,2026-06-04
C,135.15,2.4,230508707840.0,1705576955.0,112.225,Financial Services,"Citigroup, Inc.",10.84418,0.15539395325418792,forecast_icc,0.10887141650020568,0.8303737224006947,2026-06-04
CFG,63.9,1.84,27022157824.0,422881942.0,56.478,Financial Services,"Citizens Financial Group, Inc.",5.20315,0.2325053092837992,forecast_icc,0.14006631089464305,0.8838497086662565,2026-06-04
CLVT,2.49,0.0,1591649152.0,639216510.0,7.492,Technology,Clarivate Plc,0.7317,0.06899002323356562,forecast_icc,0.1614196325952021,3.0088352617801037,2026-06-04
CLH,286.9,0.0,15161526272.0,52846032.0,52.533,Industrials,"Clean Harbors, Inc.",8.49,0.10247349823321539,forecast_icc,0.04317901989462364,0.18310561544077245,2026-06-04
CWEN,40.38,1.83,9695108096.0,121168025.0,14.582,Utilities,"Clearway Energy, Inc.",2.31517,0.04,forecast_icc,0.0672462005663367,0.1822436761977904,2026-06-04
CLF,14.43,0.0,8231083520.0,570414657.0,10.207,Basic Materials,Cleveland-Cliffs Inc.,0.43891,0.04,forecast_icc,0.03344331553244306,0.7073458056709162,2026-06-04
CLX,89.63,4.96,10838180864.0,120921351.0,-0.554,Consumer Defensive,Clorox Company (The),5.53904,0.13647130188624734,forecast_icc,0.10944292605333283,,2026-06-04
NET,268.64,0.0,94955175936.0,319528350.0,4.32,Technology,"Cloudflare, Inc.",1.19487,0.27639826926778643,forecast_icc,0.020140770620766024,0.01453699030509266,2026-06-04
CME,256.06,5.2,92520300544.0,361319613.0,73.573,Financial Services,CME Group Inc.,12.27167,0.05194158578253805,forecast_icc,0.0549423376268795,0.2873247031294144,2026-06-04
CMS,70.36,2.28,21735583744.0,308919602.0,29.919,Utilities,CMS Energy Corporation,3.88379,0.07428568485937714,forecast_icc,0.07181351635373051,0.42522739122612085,2026-06-04
CNA,42.12,1.92,11394783232.0,270531425.0,40.133,Financial Services,CNA Financial Corporation,4.05,0.18518518518518512,forecast_icc,0.1463109452490955,0.9528252936865523,2026-06-04
CNH,10.85,0.1,13453464576.0,1239950537.0,6.268,Industrials,CNH Industrial N.V.,0.40628,0.75,forecast_icc,0.20088628203490588,0.5776957988785059,2026-06-04
KO,76.82,2.12,330516692992.0,4302482418.0,7.816,Consumer Defensive,Coca-Cola Company (The),3.26595,0.06665135718550497,forecast_icc,0.05703052783892827,0.10174433936957596,2026-06-04
COKE,170.27,1.0,11333903360.0,56517334.0,47.819,Consumer Defensive,"Coca-Cola Consolidated, Inc.",38.94,0.75,forecast_icc,0.39086483320947274,0.23845292382535366,2026-06-04
CGNX,64.67,0.34,10762345472.0,166419451.0,8.881,Technology,Cognex Corporation,1.47233,0.19660673897835412,forecast_icc,0.05254593676488083,0.13732797819733472,2026-06-04
CTSH,53.4,1.32,25258201088.0,473000000.0,31.789,Technology,Cognizant Technology Solutions ,5.68742,0.0833629308192465,forecast_icc,0.10522539741853743,0.595299599825563,2026-06-04
COHR,421.9,0.0,82540232704.0,195639321.0,54.601,Technology,Coherent Corp.,5.45413,0.4843210557870823,forecast_icc,0.07118117330881157,0.12941691846482198,2026-06-04
COIN,164.13,0.0,43241816064.0,222426875.0,51.177,Financial Services,"Coinbase Global, Inc.",1.27974,0.75,forecast_icc,0.08401333557763635,0.26324380467803193,2026-06-04
CL,85.1,2.12,68096110592.0,800189310.0,0.181,Consumer Defensive,Colgate-Palmolive Company,3.81129,0.06029454594113792,forecast_icc,0.05628428448361304,0.002126909508500112,2026-06-04
COLB,29.5,1.48,8539965952.0,289490366.0,26.47,Financial Services,"Columbia Banking System, Inc.",3.05944,0.10595403080302268,forecast_icc,0.12461413629961371,0.8972881193074808,2026-06-04
COLM,64.89,1.2,3318525952.0,51140792.0,30.933,Consumer Cyclical,Columbia Sportswear Company,3.84592,0.09779974622457055,forecast_icc,0.07619048921898919,0.47669903499853666,2026-06-04
CMCSA,23.33,1.32,83340091392.0,3562784182.0,24.679,Communication Services,Comcast Corporation,3.51911,0.07937518292977486,forecast_icc,0.14102365702527064,1.0550258508118002,2026-06-04
FIX,1914.65,2.6,67364986880.0,35183967.0,18.355,Industrials,"Comfort Systems USA, Inc.",43.14652,0.2329061532656631,forecast_icc,0.056462832175663835,0.00958660788334143,2026-06-04
CBSH,52.45,1.1,7646011904.0,145777158.0,29.417,Financial Services,"Commerce Bancshares, Inc.",4.156,0.05480028873917231,forecast_icc,0.07766747016757913,0.560857962389853,2026-06-04
CAG,12.68,1.4,6066583040.0,478437156.0,17.064,Consumer Defensive,"ConAgra Brands, Inc.",1.69748,0.01,forecast_icc,0.12369557422153898,1.3457413466780799,2026-06-04
CNXC,28.57,1.44,1742907776.0,61004826.0,45.845,Technology,Concentrix Corporation,11.71,0.09628522630230574,forecast_icc,0.22991673327664863,1.6046553274256548,2026-06-04
COP,119.23,3.36,145257201664.0,1218294007.0,52.977,Energy,ConocoPhillips,9.91036,0.01,forecast_icc,0.06402757871088147,0.44432607037365734,2026-06-04
ED,104.08,3.48,38356570112.0,368529705.0,69.554,Utilities,"Consolidated Edison, Inc.",6.11263,0.06164286076533321,forecast_icc,0.0709668684494601,0.6682744319088819,2026-06-04
STZ,137.78,4.12,23729115136.0,172172544.0,46.781,Consumer Defensive,"Constellation Brands, Inc.",11.8365,0.05905039496472786,forecast_icc,0.08671839848720808,0.33943127397297984,2026-06-04
CEG,264.59,1.71,94485618688.0,357102017.0,92.403,Utilities,Constellation Energy Corporatio,11.75059,0.1585341672205396,forecast_icc,0.07297465909430823,0.34923090026865405,2026-06-04
COO,62.02,0.0,12100995072.0,195114398.0,42.869,Healthcare,"The Cooper Companies, Inc.",4.61583,0.08590004397908957,forecast_icc,0.07661244325955235,0.6912125059215957,2026-06-04
CPRT,30.77,0.0,28487219200.0,925811482.0,9.477,Industrials,"Copart, Inc.",1.58448,0.06399575886095121,forecast_icc,0.05454843659731236,0.30799480122349043,2026-06-04
CORT,74.89,0.0,8039560704.0,107351594.0,5.944,Healthcare,Corcept Therapeutics Incorporat,0.4875,0.75,forecast_icc,0.07542930158080752,0.0793697439735135,2026-06-04
CNM,52.37,0.0,10197510144.0,188142739.0,10.579,Industrials,"Core & Main, Inc.",2.49618,0.19561489956653766,forecast_icc,0.08177848198628934,0.19518117734377416,2026-06-04
GLW,197.7,1.12,170148102144.0,860637825.0,13.023,Technology,Corning Incorporated,3.19542,0.32177929661828486,forecast_icc,0.06037950173003426,0.06587253253926603,2026-06-04
CPAY,357.18,0.0,23345969152.0,65361919.0,53.076,Technology,"Corpay, Inc.",26.77128,0.14324156334698968,forecast_icc,0.09290693466473876,0.1485973527274538,2026-06-04
CTVA,77.46,0.72,51806793728.0,668820000.0,36.359,Basic Materials,"Corteva, Inc.",3.73759,0.01,forecast_icc,0.03928338075275295,0.46939068469811634,2026-06-04
CSGP,33.66,0.0,13745253376.0,408355715.0,19.437,Real Estate,"CoStar Group, Inc.",1.36213,0.3203218488690507,forecast_icc,0.10022813668370623,0.5774509800098574,2026-06-04
COST,972.35,5.88,431250800640.0,443514000.0,37.278,Consumer Defensive,Costco Wholesale Corporation,20.57981,0.10118217806675589,forecast_icc,0.035597459114782695,0.038338050311938314,2026-06-04
COTY,1.85,0.0,1628862976.0,880466438.0,3.513,Consumer Defensive,Coty Inc.,0.22702,0.6150999911902035,forecast_icc,0.26556053492616327,1.8989188423262435,2026-06-04
CPNG,16.53,0.0,29672413184.0,1637261211.0,2.173,Consumer Cyclical,"Coupang, Inc.",0.30469,0.04,forecast_icc,0.02344771497324183,0.11990155938585491,2026-06-04
CUZ,27.75,1.28,4566687744.0,164540333.0,27.414,Real Estate,Cousins Properties Incorporated,0.19111,0.5697765684684213,forecast_icc,0.0645358931787163,0.9877418693205927,2026-06-04
CR,188.36,1.02,10876978176.0,57745686.0,36.314,Industrials,Crane Company,6.78386,0.11864926457798353,forecast_icc,0.05499295843972807,0.19279038786994804,2026-06-04
CXT,37.23,0.72,2142302336.0,57542367.0,21.536,Industrials,"Crane NXT, Co.",4.24075,0.11887519896244747,forecast_icc,0.1195087215091476,0.5784582292085967,2026-06-04
CACC,548.4,0.0,5736303104.0,10460071.0,145.264,Financial Services,Credit Acceptance Corporation,47.735,0.14664292447889382,forecast_icc,0.10251860868575202,0.2648869360973015,2026-06-04
CRH,106.57,1.56,71210090496.0,668200216.0,34.524,Basic Materials,CRH PLC,5.94846,0.1331907754275896,forecast_icc,0.0813287165021438,0.3239561148778462,2026-06-04
CROX,121.52,0.0,6038285824.0,49689648.0,28.296,Consumer Cyclical,"Crocs, Inc.",13.65537,0.06251679742108784,forecast_icc,0.09097319885029231,0.2328505673281623,2026-06-04
CRWD,719.09,0.0,183034675200.0,254536521.0,17.478,Technology,"CrowdStrike Holdings, Inc.",4.85321,0.27115661593048745,forecast_icc,0.02703901142633234,0.02430571862504663,2026-06-04
CCI,93.79,4.25,40934830080.0,436451983.0,-4.404,Real Estate,Crown Castle Inc.,2.39917,0.23432270326821358,forecast_icc,0.07586737907923158,,2026-06-04
CCK,93.06,1.22,10399139840.0,111746617.0,26.399,Consumer Cyclical,"Crown Holdings, Inc.",8.10868,0.08969277366969708,forecast_icc,0.09103650579144473,0.28367720672780183,2026-06-04
CSX,46.23,0.56,85901762560.0,1858138856.0,7.307,Industrials,CSX Corporation,1.90632,0.13468882454152498,forecast_icc,0.06665546452190119,0.15805753242034526,2026-06-04
CUBE,40.0,2.12,9104333824.0,226413630.0,11.698,Real Estate,CubeSmart,1.4405,0.031232211037834245,forecast_icc,0.04412850574725746,0.2909149307287088,2026-06-04
CMI,678.1,8.0,93570383872.0,137989067.0,89.507,Industrials,Cummins Inc.,28.12282,0.1312254603201244,forecast_icc,0.06596163902903152,0.13199675911199193,2026-06-04
CW,743.43,1.04,27463170048.0,36941164.0,71.231,Industrials,Curtiss-Wright Corporation,15.21035,0.12080984329749156,forecast_icc,0.036275200860856116,0.0958139955542251,2026-06-04
CVS,94.82,2.66,120983429120.0,1275927307.0,60.845,Healthcare,CVS Health Corporation,7.42933,0.12661841646554928,forecast_icc,0.10380503536677799,0.641689507059783,2026-06-04
DHI,146.41,1.8,41518891008.0,283579613.0,82.915,Consumer Cyclical,"D.R. Horton, Inc.",10.57878,0.13944519122242838,forecast_icc,0.09544030357969302,0.5663206083072988,2026-06-04
DHR,186.64,1.6,132098310144.0,707770627.0,74.818,Healthcare,Danaher Corporation,8.4391,0.0784680830894291,forecast_icc,0.05578611456468374,0.4008679801669,2026-06-04
DRI,193.46,6.0,22157942784.0,114535003.0,18.344,Consumer Cyclical,"Darden Restaurants, Inc.",10.62121,0.07182420835290904,forecast_icc,0.0702463187277432,0.09482063003381028,2026-06-04
DAR,60.72,0.0,9650069504.0,158927363.0,30.683,Consumer Defensive,Darling Ingredients Inc.,4.72395,0.051139406640629215,forecast_icc,0.06836446110162064,0.5053194981557099,2026-06-04
DDOG,243.6,0.0,86711902208.0,330825798.0,11.208,Technology,"Datadog, Inc.",2.42099,0.17559345556982864,forecast_icc,0.026412615558621587,0.04276109103326661,2026-06-04
DVA,192.17,0.0,12334431232.0,64185000.0,-11.415,Healthcare,DaVita Inc.,14.79799,0.16108201181376658,forecast_icc,0.09931190601127382,,2026-06-04
DECK,108.96,0.0,15132469248.0,138880957.0,17.857,Consumer Cyclical,Deckers Outdoor Corporation,7.48046,0.11322699406186265,forecast_icc,0.08012168992465518,0.16388582778562535,2026-06-04
DE,591.75,6.48,159735480320.0,269937425.0,101.527,Industrials,Deere & Company,18.09361,0.26218151048906213,forecast_icc,0.08049388626129306,0.17157075493229404,2026-06-04
DAL,79.51,0.75,52237623296.0,656994340.0,31.183,Industrials,"Delta Air Lines, Inc.",5.55699,0.4419658844086458,forecast_icc,0.17437544960935314,0.392189636732358,2026-06-04
DELL,422.05,2.52,274150277120.0,325034188.0,-2.163,Technology,Dell Technologies Inc.,18.4961,0.01,forecast_icc,0.03635627732919683,,2026-06-04
XRAY,9.88,0.64,1979227648.0,200326683.0,6.708,Healthcare,DENTSPLY SIRONA Inc.,1.41999,0.08240903104951447,forecast_icc,0.14348022222640677,0.6789473615740437,2026-06-04
DVN,45.99,1.04,53045010432.0,1153403107.0,24.844,Energy,Devon Energy Corporation,5.42281,0.01,forecast_icc,0.07856652179612278,0.5402043765651041,2026-06-04
DXCM,72.59,0.0,28010518528.0,385872977.0,7.662,Healthcare,"DexCom, Inc.",2.59074,0.18414429854018555,forecast_icc,0.06575932669042792,0.105551732175845,2026-06-04
FANG,202.94,4.4,57089724416.0,281313297.0,129.653,Energy,"Diamondback Energy, Inc.",20.20448,0.01,forecast_icc,0.07004675254657425,0.6388735147882237,2026-06-04
DKS,217.6,5.0,19464081408.0,65878268.0,63.3,Consumer Cyclical,Dick's Sporting Goods Inc,14.31364,0.13964442308175995,forecast_icc,0.09560646323796307,0.21424562901211636,2026-06-04
DLR,188.7,4.88,67497811968.0,351406070.0,64.877,Real Estate,"Digital Realty Trust, Inc.",2.96922,0.01,forecast_icc,0.01847754678748731,0.33776163906169837,2026-06-04
DDS,613.5,1.2,9581073408.0,11630838.0,129.846,Consumer Cyclical,"Dillard's, Inc.",33.84,0.01,forecast_icc,0.04165913502875347,0.1576251142890732,2026-06-04
DOCU,50.94,0.0,9897203712.0,194291386.0,9.697,Technology,"DocuSign, Inc.",4.43916,0.13957595581145976,forecast_icc,0.10055304669998455,0.1903611994727021,2026-06-04
DLB,54.04,1.41,5112081920.0,60346214.0,27.677,Industrials,Dolby Laboratories,4.32,0.06558564814814805,forecast_icc,0.08382467830759166,0.32671662759230585,2026-06-04
DG,103.52,2.36,22835128320.0,220586647.0,40.09,Consumer Defensive,Dollar General Corporation,7.36885,0.08335493326638477,forecast_icc,0.08252428619499194,0.38726818410232616,2026-06-04
DLTR,109.27,0.0,20998916096.0,192174588.0,18.916,Consumer Defensive,"Dollar Tree, Inc.",6.93784,0.09780998120452478,forecast_icc,0.07220423135076148,0.17311248304384863,2026-06-04
D,66.5,2.67,58487582720.0,879512484.0,32.032,Utilities,"Dominion Energy, Inc.",3.58897,0.06281746573529445,forecast_icc,0.07045152456495843,0.48168418965713744,2026-06-04
DPZ,307.51,7.96,10228358144.0,33261870.0,-116.609,Consumer Cyclical,Domino's Pizza Inc,19.19724,0.09405935436552326,forecast_icc,0.08073068977576064,,2026-06-04
DCI,84.05,1.22,9742324736.0,115911056.0,14.627,Industrials,"Donaldson Company, Inc.",3.95,0.09430379746835427,forecast_icc,0.06337562408857958,0.17402735610393022,2026-06-04
DASH,160.07,0.0,69745500160.0,411336610.0,23.392,Consumer Cyclical,"DoorDash, Inc.",2.56703,0.7118537765433206,forecast_icc,0.11829312883964058,0.1379585200342192,2026-06-04
DV,10.57,0.0,1622116480.0,153464189.0,6.934,Communication Services,"DoubleVerify Holdings, Inc.",1.10081,0.1479274352522233,forecast_icc,0.11406056438458345,0.6560075676723289,2026-06-04
DOV,213.47,2.08,28746170368.0,134661414.0,55.62,Industrials,Dover Corporation,10.63159,0.0891973825175727,forecast_icc,0.06273577317413734,0.2605518491958031,2026-06-04
DOW,34.79,1.4,25074595840.0,720741438.0,21.157,Basic Materials,Dow Inc.,2.94647,0.01,forecast_icc,0.06883761921611808,0.6081344920200318,2026-06-04
DOCS,20.7,0.0,3785451520.0,131975436.0,5.194,Healthcare,"Doximity, Inc.",1.43286,0.112893094929023,forecast_icc,0.08044942824276302,0.1810828671196402,2026-06-04
DKNG,25.37,0.0,12586788864.0,496128817.0,1.22,Consumer Cyclical,DraftKings Inc.,1.07343,0.5952973179434149,forecast_icc,0.16292723362577688,0.04808829029230628,2026-06-04
DBX,27.2,0.0,6345778176.0,158037382.0,-8.735,Technology,"Dropbox, Inc.",3.06648,0.11056651274425411,forecast_icc,0.10734692046034067,,2026-06-04
DTM,142.69,3.52,14556395520.0,102014118.0,46.592,Energy,"DT Midstream, Inc.",4.78992,0.04176896482613479,forecast_icc,0.04149503577917535,0.32652601252318814,2026-06-04
DTE,142.73,4.59,29691881472.0,208028313.0,59.237,Utilities,DTE Energy Company,7.71231,0.08290771506850736,forecast_icc,0.07339597625416683,0.41502837025675837,2026-06-04
DUK,121.82,4.26,94970413056.0,779596217.0,68.746,Utilities,Duke Energy Corporation (Holdin,6.70368,0.06915753735261831,forecast_icc,0.07115175223208048,0.5643244017721586,2026-06-04
DUOL,109.15,0.0,5085638656.0,40237065.0,29.711,Technology,"Duolingo, Inc.",6.686,0.17334729285073291,forecast_icc,0.08963793845995538,0.23507046392385295,2026-06-04
DD,47.65,0.8,19301023744.0,405058202.0,34.255,Basic Materials,"DuPont de Nemours, Inc.",2.3883,0.09597203031444956,forecast_icc,0.06742419902131835,0.7188877073851239,2026-06-04
BROS,55.92,0.0,9768295424.0,137192622.0,5.471,Consumer Cyclical,Dutch Bros Inc.,0.94015,0.3271924692868158,forecast_icc,0.05913694859974941,0.07683846591267877,2026-06-04
DXC,9.51,0.0,1554693504.0,163479858.0,17.772,Technology,DXC Technology Company,2.60781,0.16477043956423199,forecast_icc,0.19687538722869447,1.8687696506745035,2026-06-04
DT,43.25,0.0,12606325760.0,291475733.0,8.863,Technology,"Dynatrace, Inc.",1.94701,0.16063605220312183,forecast_icc,0.0712202067772868,0.2049248504886328,2026-06-04
ELF,51.44,0.0,3057620736.0,59440526.0,4.452,Consumer Defensive,"e.l.f. Beauty, Inc.",3.29898,0.10855779665229859,forecast_icc,0.0755038145876237,0.08654743167989819,2026-06-04
EXP,217.5,1.0,6731222016.0,30948147.0,47.229,Basic Materials,Eagle Materials Inc,13.01287,0.12849125519581772,forecast_icc,0.07911523354452277,0.21714482618292527,2026-06-04
EWBC,125.21,3.2,17153301504.0,136996262.0,65.699,Financial Services,"East West Bancorp, Inc.",10.65411,0.0606770532686447,forecast_icc,0.08505540466613015,0.5247105004852365,2026-06-04
EGP,198.42,6.2,10666112000.0,53755229.0,66.64,Real Estate,"EastGroup Properties, Inc.",5.39033,0.02766992002344959,forecast_icc,0.03384520498104948,0.33585325754689244,2026-06-04
EMN,72.42,3.36,8281223680.0,114349960.0,52.573,Basic Materials,Eastman Chemical Company,6.36912,0.10080827492652067,forecast_icc,0.11093908909848083,0.7259459084046864,2026-06-04
ETN,418.61,4.4,162546253824.0,388300000.0,50.788,Industrials,"Eaton Corporation, PLC",13.34023,0.1785164123856935,forecast_icc,0.06464742600498885,0.12132534546968557,2026-06-04
EBAY,109.15,1.24,48462602240.0,444000000.0,9.892,Consumer Cyclical,eBay Inc.,6.13017,0.10323367867449029,forecast_icc,0.07226654226459342,0.09062757254035561,2026-06-04
ECL,254.33,2.92,71578001408.0,281437502.0,35.546,Basic Materials,Ecolab Inc.,8.38833,0.14563089434965004,forecast_icc,0.059612690933945944,0.13976329667363263,2026-06-04
EIX,71.81,3.51,27632052224.0,384793941.0,44.795,Utilities,Edison International,6.12006,0.06421669068603908,forecast_icc,0.0966090489128536,0.6237989291336032,2026-06-04
EW,87.45,0.0,50353709056.0,575800000.0,17.899,Healthcare,Edwards Lifesciences Corporatio,3.00742,0.11978373489569116,forecast_icc,0.051592906091771806,0.20467696209902014,2026-06-04
ELAN,24.71,0.0,12341398528.0,499449583.0,13.016,Healthcare,Elanco Animal Health Incorporat,1.084,0.11952029520295193,forecast_icc,0.06104480405118007,0.5267503320291449,2026-06-04
ESTC,65.09,0.0,6818272768.0,104751470.0,12.186,Technology,Elastic N.V.,3.2607,0.18038151317201834,forecast_icc,0.08082007330514973,0.1872177099471536,2026-06-04
EA,203.4,0.76,51002851328.0,250751484.0,26.979,Communication Services,Electronic Arts Inc.,5.59366,0.074820421691701,forecast_icc,0.037465960275915894,0.13264011934019218,2026-06-04
ESI,42.01,0.32,10233937920.0,243607198.0,11.227,Basic Materials,Element Solutions Inc.,1.76991,0.16034713629506592,forecast_icc,0.07150018883367759,0.2672459060554864,2026-06-04
ELV,409.44,6.88,88914968576.0,217162380.0,201.97,Healthcare,"Elevance Health, Inc.",26.90551,0.08704499561613965,forecast_icc,0.07728938316555622,0.4932834886075504,2026-06-04
EME,845.43,1.3,37649170432.0,44440278.0,87.006,Industrials,"EMCOR Group, Inc.",29.29825,0.11501437799185954,forecast_icc,0.0514570398400505,0.10270002720648526,2026-06-04
EMR,142.06,2.22,79567798272.0,560100000.0,36.249,Industrials,Emerson Electric Company,6.50421,0.09995833467861592,forecast_icc,0.06414299503619525,0.25516685569952074,2026-06-04
EHC,99.84,0.76,9904035840.0,99199080.0,25.369,Healthcare,Encompass Health Corporation,6.00837,0.0881187410229396,forecast_icc,0.06993608978867608,0.25409656236865963,2026-06-04
ENPH,68.39,0.0,9013680128.0,131798220.0,8.365,Technology,"Enphase Energy, Inc.",2.07935,0.16366653040613666,forecast_icc,0.055284722836873246,0.122313205554658,2026-06-04
ENTG,139.88,0.4,21303724032.0,152300000.0,26.587,Technology,"Entegris, Inc.",3.63934,0.2703786950381113,forecast_icc,0.06975713685220447,0.19007005976597136,2026-06-04
ETR,109.28,2.56,50037874688.0,457886847.0,37.889,Utilities,Entergy Corporation,4.3948,0.14836170019113504,forecast_icc,0.07409950029775506,0.34671486057627426,2026-06-04
NVST,22.87,0.0,3721587712.0,162727923.0,18.904,Healthcare,Envista Holdings Corporation,1.42947,0.09784045835169675,forecast_icc,0.07147469942212481,0.826585020815976,2026-06-04
EOG,140.88,4.08,75036712960.0,532628530.0,57.788,Energy,"EOG Resources, Inc.",17.21909,0.01,forecast_icc,0.08255842974527583,0.41019304121234257,2026-06-04
EPAM,97.59,0.0,5098535936.0,52244451.0,65.036,Technology,"EPAM Systems, Inc.",13.05906,0.08020791695573792,forecast_icc,0.10775816830560714,0.6664207446778698,2026-06-04
EPR,56.16,3.59,4296670208.0,76507666.0,30.273,Real Estate,EPR Properties,3.025,0.01,forecast_icc,0.055380389260464624,0.5390491847630303,2026-06-04
EQT,55.24,0.66,34551406592.0,625478000.0,40.159,Energy,EQT Corporation,4.73488,0.01,forecast_icc,0.06048939714111662,0.7269912712559705,2026-06-04
EFX,170.99,2.24,20627310592.0,119072409.0,38.061,Industrials,"Equifax, Inc.",8.60435,0.19428196203083337,forecast_icc,0.09104878555497281,0.21970944485155888,2026-06-04
EQIX,1089.15,19.7,107416600576.0,98624248.0,144.976,Real Estate,"Equinix, Inc.",17.74667,0.08320772291365075,forecast_icc,0.029836991897684517,0.1331093043475314,2026-06-04
EQH,40.21,1.11,11319894016.0,281519390.0,-2.824,Financial Services,"Equitable Holdings, Inc.",7.05574,0.24542854470261077,forecast_icc,0.20257905473552895,,2026-06-04
ELS,61.82,2.17,12387729408.0,193937553.0,9.084,Real Estate,"Equity Lifestyle Properties, In",2.00591,0.08018305906047618,forecast_icc,0.052590303121221205,0.14221562914623198,2026-06-04
EQR,67.9,2.81,26234931200.0,374712144.0,28.435,Real Estate,Equity Residential,1.31134,0.22096481461710926,forecast_icc,0.0579972012033594,0.4061356110832873,2026-06-04
ESAB,88.31,0.42,5376463872.0,60881712.0,35.984,Industrials,ESAB Corporation,5.77762,0.1264915311148882,forecast_icc,0.0831646378801939,0.4074736809852407,2026-06-04
WTRG,36.75,1.37,10423512064.0,283632983.0,24.327,Utilities,"Essential Utilities, Inc.",2.2346,0.07284525194665714,forecast_icc,0.07779507253696313,0.6619591875632332,2026-06-04
ESS,284.61,10.36,19617083392.0,64261739.0,84.522,Real Estate,"Essex Property Trust, Inc.",5.84806,0.011559388925558078,forecast_icc,0.023694476397412845,0.27687758650060185,2026-06-04
EL,82.9,1.4,29992798208.0,247287571.0,11.037,Consumer Defensive,"Estee Lauder Companies, Inc. (T",2.41415,0.31672431290516356,forecast_icc,0.09409599876599384,0.09099894255278285,2026-06-04
ETSY,67.05,0.0,6362792448.0,94896231.0,-11.981,Consumer Cyclical,"Etsy, Inc.",3.53602,0.13538950571546526,forecast_icc,0.07282415582758273,,2026-06-04
EEFT,70.86,0.0,2698001408.0,38075094.0,33.244,Technology,"Euronet Worldwide, Inc.",10.96444,0.11052183239636504,forecast_icc,0.12847714266052418,0.4691503945041678,2026-06-04
EVR,346.79,3.56,13414699008.0,38682484.0,46.077,Financial Services,Evercore Inc.,19.2162,0.19733818340774967,forecast_icc,0.09543536949966935,0.13286714925210494,2026-06-04
EG,319.5,8.0,12643126272.0,39571602.0,384.196,Financial Services,"Everest Group, Ltd.",52.01482,0.1650646873333408,forecast_icc,0.1647448104154866,1.202491446728786,2026-06-04
EVRG,81.89,2.78,18876710912.0,230513025.0,44.061,Utilities,"Evergy, Inc.",4.24892,0.07131929996328479,forecast_icc,0.06886613330830349,0.538051064185572,2026-06-04
P,78.51,0.0,26077302784.0,332152604.0,4.376,Technology,"Everpure, Inc.",2.43529,0.2352779340448159,forecast_icc,0.06949596307791583,0.05573811859084637,2026-06-04
ES,69.88,3.15,26280472576.0,376080025.0,43.968,Utilities,Eversource Energy (D/B/A),4.66832,0.06301624567296171,forecast_icc,0.08226488672184995,0.6291928918470298,2026-06-04
ECG,154.76,0.0,7899198976.0,51041606.0,13.459,Industrials,"Everus Construction Group, Inc.",4.61833,0.1057395205626277,forecast_icc,0.04404236068770123,0.08696691616975416,2026-06-04
EXEL,52.49,0.0,13193628672.0,251355083.0,7.63,Healthcare,"Exelixis, Inc.",3.56909,0.1342330958311504,forecast_icc,0.08520478402419085,0.14536101712185584,2026-06-04
EXC,44.63,1.68,45665779712.0,1023208142.0,28.65,Utilities,Exelon Corporation,2.85569,0.06364136163239009,forecast_icc,0.07722410618836284,0.6419448754226934,2026-06-04
EXLS,29.38,0.0,4488762368.0,152782931.0,5.09,Technology,"ExlService Holdings, Inc.",2.23501,0.12282719092979444,forecast_icc,0.08811623669353852,0.17324711246331673,2026-06-04
EXE,93.4,3.19,22343974912.0,239228849.0,81.413,Energy,Expand Energy Corporation,9.07647,0.06235243437151228,forecast_icc,0.09628791875149767,0.8716595127027773,2026-06-04
EXPE,227.18,1.76,27266615296.0,114498625.0,4.8,Consumer Cyclical,"Expedia Group, Inc.",19.77178,0.16821651869482657,forecast_icc,0.11251536209765589,0.02015627513843367,2026-06-04
EXPD,160.13,1.62,20943585280.0,130791133.0,17.303,Industrials,Expeditors International of Was,6.79106,0.01979956000977756,forecast_icc,0.039004322226888655,0.10805594858966766,2026-06-04
EXR,145.87,6.48,32192620544.0,211260936.0,63.128,Real Estate,Extra Space Storage Inc,4.58059,0.046635913714172084,forecast_icc,0.04272060975745938,0.4142713498449143,2026-06-04
XOM,152.04,4.12,630197714944.0,4144947162.0,62.069,Energy,Exxon Mobil Corporation,11.30079,0.01,forecast_icc,0.059029277081371734,0.40824128570672386,2026-06-04
FFIV,408.66,0.0,23056289792.0,56419247.0,62.198,Technology,"F5, Inc.",16.49187,0.07263275783764978,forecast_icc,0.04762626167884554,0.15219987068880436,2026-06-04
FDS,255.02,4.64,9290665984.0,36431127.0,58.108,Financial Services,FactSet Research Systems Inc.,17.70641,0.09502434429113515,forecast_icc,0.08294623649372801,0.22785663927233055,2026-06-04
FICO,1166.7,0.0,27056828416.0,23190906.0,-90.219,Technology,Fair Isaac Corporation,43.19679,0.253706814788784,forecast_icc,0.08152434365353634,,2026-06-04
FAST,47.16,0.92,54141333504.0,1148035061.0,3.475,Industrials,Fastenal Company,1.23424,0.10634884625356489,forecast_icc,0.046366628729595294,0.07368532651084884,2026-06-04
FRT,120.81,4.52,10500612096.0,86389197.0,36.479,Real Estate,Federal Realty Investment Trust,3.51794,0.01,forecast_icc,0.03142991638966233,0.30011503030032505,2026-06-04
FDX,328.0,5.8,78263017472.0,238606756.0,124.703,Industrials,FedEx Corporation,19.7841,0.1118054397217969,forecast_icc,0.08064484791821391,0.3801920658644855,2026-06-04
FDXF,157.71,0.0,23483992064.0,148906159.0,,Industrials,"FedEx Freight Holding Company, Inc.",4.08333,0.22449079550269024,forecast_icc,0.059843061621771054,,2026-06-04
FERG,230.6,3.56,44722065408.0,193937826.0,30.258,Industrials,Ferguson Enterprises Inc.,11.28748,0.11048790341156756,forecast_icc,0.06961530836595398,0.13121421574725137,2026-06-04
FRMI,6.18,0.0,3940208384.0,637574239.0,1.702,Real Estate,Fermi Inc.,0.36497,0.04,forecast_icc,0.05339221622346474,0.2754045596127537,2026-06-04
FNF,46.03,2.08,12389320704.0,269157540.0,27.395,Financial Services,"Fidelity National Financial, In",5.32428,0.12411443425214297,forecast_icc,0.13577019337039287,0.5951553748963314,2026-06-04
FIS,41.48,1.68,21440145408.0,516879151.0,30.903,Technology,Fidelity National Information S,6.27548,0.09125995143001009,forecast_icc,0.13823457091392355,0.7450097048965405,2026-06-04
FITB,51.8,1.6,46946938880.0,906311548.0,35.243,Financial Services,Fifth Third Bancorp,3.05362,0.598758195191281,forecast_icc,0.2283076075693219,0.6803667853149705,2026-06-04
FIGR,31.32,0.0,6924878336.0,182622749.0,5.679,Financial Services,"Figure Technology Solutions, In",1.1875,0.1684210526315788,forecast_icc,0.06520523139479337,0.14976647115652664,2026-06-04
FAF,65.9,2.2,6715210240.0,101900000.0,53.767,Financial Services,First American Corporation (New,6.87163,0.05687296900444294,forecast_icc,0.09770824678177148,0.8158876794898383,2026-06-04
FCNCA,2047.32,8.4,23722242048.0,10581789.0,1735.175,Financial Services,"First Citizens BancShares, Inc.",175.67993,0.12966797060996083,forecast_icc,0.09858736817400782,0.7740101332295031,2026-06-04
FHB,27.24,1.04,3313718016.0,121648973.0,22.752,Financial Services,"First Hawaiian, Inc.",2.32193,0.05834370545193002,forecast_icc,0.08952991531164434,0.8352422928964153,2026-06-04
FHN,24.25,0.68,11509482496.0,474617813.0,17.708,Financial Services,First Horizon Corporation,2.14984,0.09270457336359894,forecast_icc,0.099492285145094,0.730226770449923,2026-06-04
FR,61.68,1.89,8451174400.0,132570424.0,20.803,Real Estate,"First Industrial Realty Trust, ",2.1515,0.01,forecast_icc,0.035673430799685005,0.3263289100355094,2026-06-04
FSLR,314.95,0.0,33842436096.0,107453363.0,91.934,Technology,"First Solar, Inc.",17.3841,0.331445401257471,forecast_icc,0.12172761978040214,0.29190030664517086,2026-06-04
FE,45.64,1.86,26399598592.0,578431175.0,21.876,Utilities,FirstEnergy Corp.,2.73368,0.07798279242632633,forecast_icc,0.08034620241440338,0.4793163933990471,2026-06-04
FISV,56.23,0.0,29984870400.0,533253986.0,49.158,,"Fiserv, Inc.",8.13481,0.10131152417819211,forecast_icc,0.12047670782885012,0.8742308735737608,2026-06-04
FIVE,192.17,0.0,10626026496.0,55294929.0,39.713,Consumer Cyclical,"Five Below, Inc.",8.29948,0.10823449179948619,forecast_icc,0.05793089437588331,0.2066555655779347,2026-06-04
FLEX,159.51,0.0,58440941568.0,366377923.0,14.067,Technology,Flex Ltd.,4.5413,0.5174245260167794,forecast_icc,0.11912942523735459,0.08818882968961339,2026-06-04
FND,48.9,0.0,5285804032.0,108094150.0,22.728,Consumer Cyclical,"Floor & Decor Holdings, Inc.",1.90276,0.14007546931825354,forecast_icc,0.06047178965287181,0.4647852675443266,2026-06-04
FLO,7.3,0.5,1547550592.0,211993230.0,6.242,Consumer Defensive,"Flowers Foods, Inc.",0.83465,0.01,forecast_icc,0.09446179927599274,0.855068485967792,2026-06-04
FLS,75.42,0.88,9639205888.0,127807021.0,17.341,Industrials,Flowserve Corporation,4.06062,0.13624027857814802,forecast_icc,0.07901723367015989,0.2299257404513072,2026-06-04
FLUT,100.83,0.0,17483970560.0,173400475.0,51.972,Consumer Cyclical,Flutter Entertainment plc,5.78049,0.01,forecast_icc,0.04247286495402704,0.5154418131610032,2026-06-04
FMC,12.19,0.32,1524302208.0,125045301.0,14.572,Basic Materials,FMC Corporation,1.71587,0.2839317663925587,forecast_icc,0.19645914382687713,1.1954060793251833,2026-06-04
FNB,17.64,0.52,6279203840.0,355963949.0,19.122,Financial Services,F.N.B. Corporation,1.73143,0.1328381742259288,forecast_icc,0.11997889870698797,1.0840136434841394,2026-06-04
F,15.34,0.6,61125185536.0,3913840554.0,9.399,Consumer Cyclical,Ford Motor Company,1.63771,0.12112645095896091,forecast_icc,0.1261897561465276,0.6018171895017084,2026-06-04
FTNT,149.67,0.0,109655482368.0,732648391.0,1.348,Technology,"Fortinet, Inc.",3.15682,0.08524084363378326,forecast_icc,0.03204665082584818,0.00900648111467528,2026-06-04
FTV,61.47,0.26,18739808256.0,304861021.0,19.905,Technology,Fortive Corporation,2.99642,0.07467577976385154,forecast_icc,0.0563679680166661,0.32381647347229936,2026-06-04
FBIN,39.32,1.04,4690616832.0,119293417.0,19.757,Industrials,"Fortune Brands Innovations, Inc",3.13804,0.16480669462467,forecast_icc,0.11613759606012974,0.5024669726996367,2026-06-04
FOXA,65.54,0.56,27539011584.0,199481198.0,26.068,Communication Services,Fox Corporation,4.98688,0.13924939040041062,forecast_icc,0.09651343912965749,0.18882579912509329,2026-06-04
FOX,58.73,0.56,24677541888.0,220705117.0,26.068,Communication Services,Fox Corporation,5.27333,0.01,forecast_icc,0.061790746519761436,0.23314076483256582,2026-06-04
BEN,31.97,1.32,16612799488.0,519637162.0,23.332,Financial Services,"Franklin Resources, Inc.",2.74585,0.07874064497332345,forecast_icc,0.09895154579026444,0.7298092216511558,2026-06-04
FRHC,159.22,0.0,9759004672.0,61292581.0,22.799,Financial Services,Freedom Holding Corp.,4.5,0.04,forecast_icc,0.031817780018241426,0.1431918111719293,2026-06-04
FCX,69.69,0.6,100183547904.0,1437559865.0,13.573,Basic Materials,"Freeport-McMoRan, Inc.",2.64853,0.42260801274669335,forecast_icc,0.12589695913191112,0.19476251795696237,2026-06-04
FRPT,49.22,0.0,2418808320.0,49142791.0,25.682,Consumer Defensive,"Freshpet, Inc.",1.57642,0.20778092132807258,forecast_icc,0.06567903553497001,0.5217797326172584,2026-06-04
CFR,137.87,4.12,8657828864.0,62797048.0,69.832,Financial Services,"Cullen/Frost Bankers, Inc.",10.61925,0.036642889092920905,forecast_icc,0.07302612836260713,0.5065061373724099,2026-06-04
FTAI,250.09,1.5,25654976512.0,102582972.0,4.207,Industrials,FTAI Aviation Ltd.,7.372,0.5659251220835595,forecast_icc,0.13805318627907048,0.01682194341523317,2026-06-04
FCN,156.1,0.0,4705485312.0,30144043.0,56.194,Industrials,"FTI Consulting, Inc.",9.18667,0.199926632827782,forecast_icc,0.09399517969881674,0.35998717242239686,2026-06-04
GME,22.27,0.0,9992353792.0,448691227.0,12.145,Consumer Cyclical,GameStop Corporation,1.09,0.11009174311926584,forecast_icc,0.06353367221499584,0.5453524830433666,2026-06-04
GLPI,46.2,3.28,13084850176.0,283221841.0,16.365,Real Estate,"Gaming and Leisure Properties, ",3.19976,0.039865489911743435,forecast_icc,0.08606648101979986,0.35422074885246274,2026-06-04
GAP,21.56,0.7,7761145856.0,359978933.0,10.125,Consumer Cyclical,"Gap, Inc. (The)",2.65685,0.01,forecast_icc,0.08421464657678202,0.469619662386229,2026-06-04
GRMN,241.96,4.2,46663487488.0,192856206.0,48.061,Technology,Garmin Ltd.,9.57996,0.07766107582912674,forecast_icc,0.053565099409531025,0.19863200578288503,2026-06-04
IT,164.87,0.0,11038357504.0,66951889.0,0.934,Technology,"Gartner, Inc.",13.69235,0.12008968511614149,forecast_icc,0.09217097034772703,0.0056650696721264665,2026-06-04
GTES,26.11,0.0,6631938560.0,253999928.0,13.263,Industrials,Gates Industrial Corporation pl,1.63234,0.1427643750689196,forecast_icc,0.0830293349369744,0.5079662627429408,2026-06-04
GLIBA,20.77,0.0,828826688.0,3650938.0,42.902,Communication Services,Liberty Capital Corporation - S,4.16,0.12259615384615374,forecast_icc,0.15252607036761962,0.18898105519980554,2026-06-04
GE,327.65,1.88,342338437120.0,1043337235.0,17.809,Industrials,GE Aerospace,7.56059,0.23515096044091788,forecast_icc,0.059981949409224966,0.054276092905109194,2026-06-04
GEHC,63.81,0.14,29026643968.0,454891786.0,23.452,Healthcare,GE HealthCare Technologies Inc.,4.87224,0.10189563732492646,forecast_icc,0.08330894106350872,0.36752861188613184,2026-06-04
GEV,963.33,2.0,258866036736.0,268719995.0,51.809,Industrials,GE Vernova Inc.,30.99588,0.01,forecast_icc,0.028929179064051132,0.053781154130903716,2026-06-04
GEN,26.52,0.5,15976546304.0,602433854.0,4.366,Technology,Gen Digital Inc.,2.89561,0.13508034576479577,forecast_icc,0.12208912838514585,0.16463046246143184,2026-06-04
GNRC,278.14,0.0,16373735424.0,58868681.0,45.523,Industrials,Generac Holdlings Inc.,8.99244,0.23371409761977824,forecast_icc,0.07106957470410022,0.1636693702302613,2026-06-04
GD,341.5,6.09,92351905792.0,270430187.0,96.581,Industrials,General Dynamics Corporation,16.64883,0.09412012736030095,forecast_icc,0.0661590913476941,0.2828140650337236,2026-06-04
GIS,32.2,2.44,17184536576.0,533681218.0,10.354,Consumer Defensive,"General Mills, Inc.",3.41614,0.01,forecast_icc,0.09382882438913664,0.32155276965043483,2026-06-04
GM,83.22,0.72,75036581888.0,901665195.0,69.467,Consumer Cyclical,General Motors Company,12.88204,0.09267088132003942,forecast_icc,0.12562295377946608,0.8347391968700786,2026-06-04
G,32.86,0.75,5569984000.0,169506510.0,14.603,Technology,Genpact Limited,4.07338,0.09944812416224358,forecast_icc,0.11964339910943461,0.4444004804196924,2026-06-04
GNTX,25.05,0.48,5334443520.0,212951848.0,11.75,Consumer Cyclical,Gentex Corporation,1.99325,0.1119478239056817,forecast_icc,0.09573616428975995,0.4690619001998544,2026-06-04
GPC,98.63,4.25,13721613312.0,137624545.0,32.519,Consumer Cyclical,Genuine Parts Company,7.6908,0.0887137879024289,forecast_icc,0.09826193935410693,0.3261578997377156,2026-06-04
GILD,129.18,3.28,160385990656.0,1241569874.0,18.933,Healthcare,"Gilead Sciences, Inc.",9.58535,0.548,forecast_icc,0.22541447934864955,0.14656294061779782,2026-06-04
GTLB,30.84,0.0,5208876032.0,167800000.0,5.825,Technology,GitLab Inc.,0.81193,0.27086078849161854,forecast_icc,0.06872599901525492,0.18764796743006842,2026-06-04
GPN,67.81,1.0,18548985856.0,273543507.0,87.025,Industrials,Global Payments Inc.,13.86609,0.16776106314036632,forecast_icc,0.17898932012734792,1.2833652406379301,2026-06-04
GFS,84.7,0.48,46450872320.0,548416440.0,21.321,Technology,GlobalFoundries Inc.,1.91256,0.31359539047140994,forecast_icc,0.07305790694993236,0.2517237316166725,2026-06-04
GLOB,39.58,0.0,1709046912.0,43179556.0,49.266,Technology,Globant S.A.,6.23812,0.058528851641199475,forecast_icc,0.10998043589538764,1.244719493045724,2026-06-04
GL,154.31,1.32,11981363200.0,77644761.0,78.121,Financial Services,Globe Life Inc.,15.6356,0.06485264396633328,forecast_icc,0.08918386073727402,0.5062601202241327,2026-06-04
GMED,80.0,0.0,10859570176.0,113314529.0,34.882,Healthcare,"Globus Medical, Inc.",4.74385,0.08594074433213517,forecast_icc,0.06598245325493349,0.3639773339568684,2026-06-04
GDDY,84.84,0.0,11233650688.0,132409847.0,1.789,Technology,GoDaddy Inc.,7.11744,0.26189613119323796,forecast_icc,0.13228641166688393,0.02108675290536148,2026-06-04
GS,1092.61,18.0,322328068096.0,295007421.0,356.271,Financial Services,"Goldman Sachs Group, Inc. (The)",59.36404,0.10165834400758422,forecast_icc,0.07239843794733691,0.3260733373544992,2026-06-04
GGG,74.31,1.18,12333094912.0,165968177.0,16.53,Industrials,Graco Inc.,3.1,0.09061612903225802,forecast_icc,0.05816739736510135,0.2224465136598148,2026-06-04
LOPE,150.73,0.0,3996499712.0,26514296.0,26.36,Consumer Defensive,"Grand Canyon Education, Inc.",10.18,0.10952848722986253,forecast_icc,0.07830829939850081,0.1748822451960682,2026-06-04
GPK,10.64,0.44,3148241920.0,295887387.0,10.974,Consumer Cyclical,Graphic Packaging Holding Compa,0.84814,0.3814582498172472,forecast_icc,0.19610112565645132,1.031390937370531,2026-06-04
GWRE,151.17,0.0,12852348928.0,84657470.0,17.844,Technology,"Guidewire Software, Inc.",3.51294,0.2053579053442416,forecast_icc,0.052446853080565514,0.11753710571839215,2026-06-04
GXO,49.67,0.0,5714463232.0,115048589.0,25.803,Industrials,"GXO Logistics, Inc.",3.0572,0.14910048410310095,forecast_icc,0.08382255678579675,0.51948864161788,2026-06-04
HAL,41.22,0.68,34435096576.0,835397735.0,12.91,Energy,Halliburton Company,2.37119,0.23249085902015443,forecast_icc,0.1103862225392448,0.3131974593144234,2026-06-04
HALO,71.6,0.0,8492690432.0,118613000.0,1.853,Healthcare,"Halozyme Therapeutics, Inc.",8.14108,0.21515450038569828,forecast_icc,0.14061570987124783,0.025879889389567708,2026-06-04
HLNE,82.67,2.4,4590980608.0,43697364.0,20.945,Financial Services,Hamilton Lane Incorporated,6.10099,0.21258680968170718,forecast_icc,0.12771401866432297,0.1993563831189243,2026-06-04
THG,186.99,3.8,6542179840.0,34986787.0,100.89,Financial Services,Hanover Insurance Group Inc,18.59625,0.01,forecast_icc,0.06956905977709321,0.5395475249469754,2026-06-04
HOG,24.35,0.74,2563283200.0,105268302.0,29.108,Consumer Cyclical,"Harley-Davidson, Inc.",0.37321,0.75,forecast_icc,0.15033032823325349,1.195400389085373,2026-06-04
HIG,127.33,2.4,34905075712.0,274130820.0,67.497,Financial Services,"The Hartford Insurance Group, I",12.99434,0.10218679825216226,forecast_icc,0.10669674962665787,0.5300950529432275,2026-06-04
HAS,84.47,2.8,11951718400.0,141490692.0,4.579,Consumer Cyclical,"Hasbro, Inc.",6.0107,0.06710200143078193,forecast_icc,0.08151938645609469,0.054208596369539626,2026-06-04
HAYW,14.18,0.0,3076535296.0,216962992.0,7.405,Industrials,"Hayward Holdings, Inc.",0.85709,0.11525044044382726,forecast_icc,0.07436736411933598,0.5222143746729828,2026-06-04
HCA,361.83,3.12,80268296192.0,221839800.0,-28.324,Healthcare,"HCA Healthcare, Inc.",30.20071,0.09726128955246405,forecast_icc,0.08923675856071422,,2026-06-04
DOC,19.6,1.22,13512626176.0,689419702.0,11.257,Real Estate,"Healthpeak Properties, Inc.",0.15,0.01,forecast_icc,0.010000000000000002,0.5743367339798152,2026-06-04
HEI-A,246.3,0.24,34398081024.0,84488320.0,34.218,Industrials,Heico Corporation,4.31,0.482,forecast_icc,0.08618295244873644,0.08404600627991125,2026-06-04
HEI,332.97,0.24,46502350848.0,55170957.0,32.298,Industrials,Heico Corporation,6.06802,0.12475733435288627,forecast_icc,0.03391559728439836,0.0383187416698663,2026-06-04
JKHY,130.73,2.38,9288468480.0,71050780.0,29.979,Technology,"Jack Henry & Associates, Inc.",6.53125,0.08279425837320575,forecast_icc,0.06432667909685102,0.22931997220062697,2026-06-04
HSY,182.71,5.81,37061513216.0,148229858.0,23.338,Consumer Defensive,The Hershey Company,8.42995,0.17686463146281994,forecast_icc,0.0927003000193306,0.09334180193458834,2026-06-04
HPE,53.69,0.57,71096483840.0,1324203521.0,18.642,Technology,Hewlett Packard Enterprise Comp,3.41397,0.17604431204726478,forecast_icc,0.097653887105149,0.3472155120081111,2026-06-04
HXL,89.57,0.7,6756013056.0,75427184.0,16.793,Industrials,Hexcel Corporation,2.28972,0.38714340618066845,forecast_icc,0.09476631127821922,0.18748464374074766,2026-06-04
DINO,72.83,2.0,13129460736.0,180275437.0,50.52,Energy,HF Sinclair Corporation,8.72593,0.01,forecast_icc,0.08101169836366576,0.6936701560230782,2026-06-04
HIW,27.6,2.0,3099942400.0,110272697.0,21.243,Real Estate,"Highwoods Properties, Inc.",0.76,0.01,forecast_icc,0.0299815181549465,0.755666589924703,2026-06-04
HLT,338.15,0.6,76979298304.0,227648372.0,-25.862,Consumer Cyclical,Hilton Worldwide Holdings Inc.,9.02006,0.15487147535603962,forecast_icc,0.04957692513279943,,2026-06-04
HD,309.95,9.32,309056339968.0,997116682.0,13.916,Consumer Cyclical,"Home Depot, Inc. (The)",14.96505,0.07637328308291669,forecast_icc,0.06575572536485008,0.0448975605811831,2026-06-04
HON,217.64,4.76,137908256768.0,633653119.0,21.447,Industrials,Honeywell International Inc.,10.52398,0.08909557030705106,forecast_icc,0.06607491829063028,0.09854347202760372,2026-06-04
HRL,23.29,1.17,12816835584.0,550314959.0,14.445,Consumer Defensive,Hormel Foods Corporation,1.48811,0.04877999610243866,forecast_icc,0.07725741933918673,0.6202232626498363,2026-06-04
HST,24.45,0.8,16962585600.0,684879281.0,9.968,Real Estate,"Host Hotels & Resorts, Inc.",1.355,0.01,forecast_icc,0.04963063783476486,0.40246674852494185,2026-06-04
HLI,141.2,2.8,9751184384.0,54276657.0,33.71,Financial Services,"Houlihan Lokey, Inc.",8.21295,0.14970747417188712,forecast_icc,0.09039412788755585,0.18763526925735957,2026-06-04
HHH,65.26,0.0,3891100672.0,59624589.0,63.973,Real Estate,Howard Hughes Holdings Inc.,3.01008,0.5198798703024505,forecast_icc,0.15268290943452312,0.9802788860089919,2026-06-04
HWM,249.33,0.48,99758800896.0,400107483.0,13.771,Industrials,Howmet Aerospace Inc.,5.03724,0.19441996013690055,forecast_icc,0.046606481863824975,0.05523202062279328,2026-06-04
HPQ,26.3,1.2,24051945472.0,914522690.0,-0.157,Technology,HP Inc.,3.01598,0.01,forecast_icc,0.08530162074835865,,2026-06-04
HUBB,485.27,5.68,25642528768.0,52841777.0,71.319,Industrials,Hubbell Inc,19.78804,0.10032373090007907,forecast_icc,0.058050790932687835,0.14696766952898832,2026-06-04
HUBS,220.37,0.0,11280896000.0,51190708.0,38.434,Technology,"HubSpot, Inc.",13.1155,0.19048530364835492,forecast_icc,0.09230451427869824,0.17440668465270842,2026-06-04
HUM,349.8,3.54,41997512704.0,120061500.0,154.754,Healthcare,Humana Inc.,8.83984,0.75,forecast_icc,0.17279285293933844,0.44240708972344384,2026-06-04
HBAN,16.53,0.62,33508470784.0,2027130587.0,14.629,Financial Services,Huntington Bancshares Incorpora,1.45979,0.29620013837606773,forecast_icc,0.1724617280425399,0.8849969175968171,2026-06-04
HII,294.53,5.52,11605667840.0,39404029.0,130.708,Industrials,"Huntington Ingalls Industries, ",17.39514,0.170938549502907,forecast_icc,0.09649348602615782,0.4437850448192734,2026-06-04
HUN,14.26,0.51,2500478464.0,175349112.0,15.466,Basic Materials,Huntsman Corporation,0.21323,0.04,forecast_icc,0.022195132496205666,1.084572174980348,2026-06-04
H,189.13,0.6,17808785408.0,41030133.0,34.289,Consumer Cyclical,Hyatt Hotels Corporation,3.59497,0.35742996464504584,forecast_icc,0.07124468164882375,0.07899933646260937,2026-06-04
IAC,42.24,0.0,3142127872.0,68597997.0,61.015,Communication Services,IAC Inc.,2.59217,0.04,forecast_icc,0.05487868993755132,1.3320612519473556,2026-06-04
IBM,301.77,6.76,283629191168.0,939885280.0,35.083,Technology,International Business Machines,12.4254,0.08025979042928211,forecast_icc,0.05748994873483404,0.11625741039718565,2026-06-04
IDA,138.61,3.5,7680135680.0,55408235.0,65.727,Utilities,"IDACORP, Inc.",6.38762,0.08819716889858809,forecast_icc,0.06517741247446965,0.47418655263197124,2026-06-04
IEX,216.29,2.92,16008716288.0,74015052.0,54.506,Industrials,IDEX Corporation,8.49533,0.08649457996334475,forecast_icc,0.054037673410126774,0.25200424267222793,2026-06-04
IDXX,564.74,0.0,44548382720.0,78882997.0,19.638,Healthcare,"IDEXX Laboratories, Inc.",14.62513,0.12928432089150665,forecast_icc,0.04356942278324974,0.03477352488467622,2026-06-04
ITW,251.12,6.44,72247222272.0,287700000.0,11.175,Industrials,Illinois Tool Works Inc.,11.3274,0.0716837049984993,forecast_icc,0.05996507357027936,0.04450063820994842,2026-06-04
ILMN,168.06,0.0,25427478528.0,151300000.0,17.605,Healthcare,"Illumina, Inc.",5.22539,0.1333259335666812,forecast_icc,0.05050982604518957,0.10475425225772508,2026-06-04
INCY,101.24,0.0,20225945600.0,199782155.0,28.121,Healthcare,Incyte Corporation,7.69006,0.17912864138901385,forecast_icc,0.10339557504409547,0.2777657021264311,2026-06-04
IR,72.01,0.08,28180166656.0,391336834.0,26.004,Industrials,Ingersoll Rand Inc.,3.50325,0.09765788910297579,forecast_icc,0.06076788202686545,0.361116495709911,2026-06-04
INGM,30.72,0.32,7079258112.0,230444611.0,18.149,Technology,Ingram Micro Holding Corporatio,3.27822,0.12423815363215396,forecast_icc,0.11295618514410422,0.5907877886172206,2026-06-04
INGR,99.46,3.28,6271854080.0,63059061.0,69.571,Consumer Defensive,Ingredion Incorporated,10.82276,0.07242607246210753,forecast_icc,0.10606023394242536,0.6994872452184029,2026-06-04
INSM,104.92,0.0,22741665792.0,216752451.0,3.255,Healthcare,Insmed Incorporated,0.40404,0.04,forecast_icc,0.010000000000000002,0.031023638921524786,2026-06-04
INSP,42.19,0.0,1215626880.0,28813153.0,27.51,Healthcare,"Inspire Medical Systems, Inc.",0.90038,0.4497656545014328,forecast_icc,0.09002833724808629,0.6520502730492436,2026-06-04
PODD,146.41,0.0,10141040640.0,69264674.0,18.806,Healthcare,Insulet Corporation,6.48119,0.24824453533996071,forecast_icc,0.08961721255498822,0.12844751396677176,2026-06-04
INTC,111.78,0.0,561806245888.0,5026000000.0,22.177,Technology,Intel Corporation,1.08985,0.41771803459191625,forecast_icc,0.05099244280688031,0.19839865223253614,2026-06-04
IBKR,87.06,0.35,147673104384.0,445484364.0,12.537,Financial Services,"Interactive Brokers Group, Inc.",2.50741,0.14325937920005116,forecast_icc,0.05105393078774345,0.03782027536270257,2026-06-04
ICE,142.06,2.08,80336707584.0,565512495.0,52.081,Financial Services,Intercontinental Exchange Inc.,8.13777,0.0832427065399981,forecast_icc,0.06900798962830124,0.36661268724884616,2026-06-04
IFF,73.23,1.6,18695874560.0,255303473.0,55.329,Basic Materials,International Flavors & Fragran,4.49197,0.06386952717849859,forecast_icc,0.06909397667605088,0.7555509538900651,2026-06-04
IP,33.88,1.85,17940035584.0,529516974.0,27.971,Consumer Cyclical,International Paper Company,1.38335,0.75,forecast_icc,0.26024574757818797,0.8255902955378441,2026-06-04
INTU,301.98,4.8,82602704896.0,273537000.0,75.215,Technology,Intuit Inc.,23.83308,0.14702967472101802,forecast_icc,0.10443091883263633,0.24907278134418925,2026-06-04
ISRG,418.82,0.0,148330479616.0,354162842.0,49.307,Healthcare,"Intuitive Surgical, Inc.",10.41571,0.13203900646235356,forecast_icc,0.042735579693840564,0.11772838121808611,2026-06-04
IVZ,28.17,0.86,12487666688.0,443296629.0,21.982,Financial Services,Invesco Ltd,2.59101,0.1464795581645768,forecast_icc,0.12112742326301118,0.7803336477615953,2026-06-04
INVH,29.48,1.2,17512357888.0,594041956.0,15.305,Real Estate,Invitation Homes Inc.,0.61746,0.07576199267968775,forecast_icc,0.03524775495230237,0.5191655055662142,2026-06-04
IPGP,122.51,0.0,5199767552.0,42443616.0,49.85,Technology,IPG Photonics Corporation,1.61857,0.4280692215968416,forecast_icc,0.06405328539538935,0.4069055465347079,2026-06-04
IQV,186.88,0.0,31190272000.0,166900000.0,37.274,Healthcare,"IQVIA Holdings, Inc.",12.81227,0.10725890103783331,forecast_icc,0.07844866566502351,0.19945419520547944,2026-06-04
IRDM,52.07,0.6,5505243648.0,105727744.0,4.43,Communication Services,Iridium Communications Inc,1.15667,0.2391866305860788,forecast_icc,0.06234586740328496,0.08507777963472253,2026-06-04
IRM,130.25,3.46,38752587776.0,297524681.0,-4.084,Real Estate,Iron Mountain Incorporated (Del,2.43322,0.09883611017499438,forecast_icc,0.03556973520256258,,2026-06-04
ITT,193.27,1.54,17363343360.0,89402646.0,52.998,Industrials,ITT Inc.,7.93643,0.1695119846076889,forecast_icc,0.07256313153309424,0.2728830118986946,2026-06-04
JBL,373.82,0.32,39438991360.0,105502622.0,12.701,Technology,Jabil Inc.,12.35764,0.18070036026296288,forecast_icc,0.062205419337563225,0.0339762442145275,2026-06-04
J,123.57,1.44,14591254528.0,118080879.0,27.86,Industrials,Jacobs Solutions Inc.,7.2455,0.141919812297288,forecast_icc,0.08473293880478738,0.22545924907465228,2026-06-04
JHX,23.39,0.0,13573557248.0,580314579.0,11.075,Basic Materials,James Hardie Industries plc.,1.35699,0.2644971591537153,forecast_icc,0.10884380369022029,0.47349297203369334,2026-06-04
JHG,51.78,1.6,7978035200.0,154075608.0,33.614,Financial Services,Janus Henderson Group plc,4.375,0.0798902857142858,forecast_icc,0.09371341780806108,0.6491695458190005,2026-06-04
JAZZ,240.06,0.0,15062041600.0,62742820.0,72.285,Healthcare,Jazz Pharmaceuticals plc,25.23176,0.01984839741658906,forecast_icc,0.07100853935607904,0.3011122173304846,2026-06-04
JBHT,283.31,1.8,26715906048.0,94299203.0,38.117,Industrials,"J.B. Hunt Transport Services, I",7.35246,0.23582719253147943,forecast_icc,0.06522278025528958,0.13454167394858327,2026-06-04
JEF,55.24,1.6,11292840960.0,204432307.0,51.906,Financial Services,Jefferies Financial Group Inc.,3.50333,0.26356066942023726,forecast_icc,0.13351628487535494,0.9396451579126818,2026-06-04
JNJ,228.17,5.36,549254660096.0,2407216971.0,33.735,Healthcare,Johnson & Johnson,11.57449,0.09873869172637395,forecast_icc,0.0714487439225363,0.14785029680493084,2026-06-04
JCI,147.4,1.6,89931030528.0,610115603.0,22.156,Industrials,Johnson Controls International ,4.88081,0.17384614438996815,forecast_icc,0.06543660977152854,0.15031209161846823,2026-06-04
JLL,299.02,0.0,13872606208.0,46393575.0,157.804,Real Estate,Jones Lang LaSalle Incorporated,23.00076,0.13593942113217117,forecast_icc,0.09235304367300878,0.5277372974861856,2026-06-04
JPM,310.89,6.0,833033273344.0,2679511418.0,128.379,Financial Services,JP Morgan Chase & Co.,22.30846,0.05573132345307563,forecast_icc,0.07266263228590109,0.41294028382629866,2026-06-04
KRMN,54.39,0.0,7208104960.0,132526299.0,3.061,Industrials,Karman Holdings Inc.,0.57196,0.6108469123714946,forecast_icc,0.07964639559351305,0.056278731163065636,2026-06-04
KBR,36.13,0.66,4580921344.0,126789957.0,12.493,Industrials,"KBR, Inc.",3.96134,0.04722139478055398,forecast_icc,0.09061582376515676,0.3457791160015604,2026-06-04
KMPR,23.76,1.28,1398851712.0,58874232.0,45.045,Financial Services,Kemper Corporation,1.97549,0.75,forecast_icc,0.33564425942023723,1.8958333879781533,2026-06-04
KVUE,16.88,0.83,32409745408.0,1920008668.0,5.525,Consumer Defensive,Kenvue Inc.,1.1885,0.0405300799326882,forecast_icc,0.07799815648964864,0.327310435708684,2026-06-04
KDP,30.06,0.92,40898416640.0,1360559471.0,18.568,Consumer Defensive,Keurig Dr Pepper Inc.,2.28539,0.10461234187600366,forecast_icc,0.096272771215412,0.6176979534415542,2026-06-04
KEY,21.67,0.82,23495170048.0,1084225688.0,16.083,Financial Services,KeyCorp,1.82535,0.18119264798531787,forecast_icc,0.1315059416998362,0.7421781457414204,2026-06-04
KEYS,343.11,0.0,58582081536.0,170738495.0,37.023,Technology,Keysight Technologies Inc.,10.19471,0.16299139455658862,forecast_icc,0.054285004254892466,0.10790417709040348,2026-06-04
KRC,36.9,2.16,4332516352.0,116278807.0,45.28,Real Estate,Kilroy Realty Corporation,0.7,0.01,forecast_icc,0.02177407302784788,1.2152532046484934,2026-06-04
KMB,94.47,5.12,31358404608.0,331940357.0,5.411,Consumer Defensive,Kimberly-Clark Corporation,7.5387,0.01,forecast_icc,0.0712737231118161,0.05727744425074419,2026-06-04
KIM,24.01,1.04,16192098304.0,674389792.0,15.405,Real Estate,Kimco Realty Corporation (HC),0.815,0.060122699386503164,forecast_icc,0.049555401933787935,0.6416076873244754,2026-06-04
KMI,31.7,1.18,70526984192.0,2224825757.0,14.079,Energy,"Kinder Morgan, Inc.",1.47759,0.03468485845193858,forecast_icc,0.05432078783270866,0.44413244365489346,2026-06-04
KNSL,295.7,1.0,6819676160.0,23062819.0,85.31,Financial Services,"Kinsale Capital Group, Inc.",20.72723,0.047984704178995585,forecast_icc,0.06377734740811095,0.28850183538480517,2026-06-04
KEX,142.73,0.0,7632058368.0,53472000.0,63.806,Industrials,Kirby Corporation,7.01368,0.18042739332276359,forecast_icc,0.07986577715086507,0.4470398767264774,2026-06-04
KKR,95.46,0.75,89010864128.0,897872941.0,31.428,Financial Services,KKR & Co. Inc.,6.03712,0.22495825824234084,forecast_icc,0.10878486597588044,0.3170214227913714,2026-06-04
KLAC,2131.1,9.2,278380314624.0,130627521.0,44.606,Technology,KLA Corporation,37.09772,0.3438769282856198,forecast_icc,0.06602990253302926,0.020930974266610936,2026-06-04
KNX,78.57,0.8,12767153152.0,162494000.0,43.414,Industrials,Knight-Swift Transportation Hol,1.89766,0.75,forecast_icc,0.16972628916344246,0.5525518831028432,2026-06-04
KHC,22.47,1.6,26644422656.0,1185777638.0,35.348,Consumer Defensive,The Kraft Heinz Company,2.06082,0.015843208043400114,forecast_icc,0.08828658432389613,1.5731197665334018,2026-06-04
KR,62.24,1.4,38374739968.0,616560677.0,9.252,Consumer Defensive,Kroger Company (The),5.23955,0.07333263352768826,forecast_icc,0.08766089569486768,0.14865037231159903,2026-06-04
KD,12.14,0.0,2669806848.0,219918196.0,5.276,Technology,"Kyndryl Holdings, Inc.",1.87975,0.3792791594626943,forecast_icc,0.21807897829033085,0.43459638399129613,2026-06-04
LHX,309.78,5.0,57710448640.0,186294951.0,102.781,Industrials,"L3Harris Technologies, Inc.",11.70485,0.16471718988282635,forecast_icc,0.0716587538506831,0.3317870820615926,2026-06-04
LH,260.97,2.88,21399539712.0,82000000.0,106.058,Healthcare,Labcorp Holdings Inc.,18.00983,0.07981918763253182,forecast_icc,0.0752555020236185,0.4063992084429372,2026-06-04
LRCX,336.41,1.04,420704583680.0,1250571000.0,8.464,Technology,Lam Research Corporation,5.675,0.39952951541850235,forecast_icc,0.07280355804681143,0.025159775658758043,2026-06-04
LAMR,150.93,6.4,15315636224.0,87055016.0,9.557,Real Estate,Lamar Advertising Company,6.056,0.05515191545574627,forecast_icc,0.05631714893583685,0.05432257437717529,2026-06-04
LW,42.37,1.52,5850144256.0,138072803.0,13.147,Consumer Defensive,"Lamb Weston Holdings, Inc.",2.80903,0.0683545565551098,forecast_icc,0.07972322859195524,0.31029032133340273,2026-06-04
LSTR,219.55,1.6,7448937984.0,33928210.0,23.549,Industrials,"Landstar System, Inc.",5.64324,0.24852566965076806,forecast_icc,0.06771804078027521,0.10726031267895705,2026-06-04
LVS,50.73,1.1,33615591424.0,662637325.0,1.807,Consumer Cyclical,Las Vegas Sands Corp.,3.34133,0.10113637383915997,forecast_icc,0.08364643485916756,0.03561994882589277,2026-06-04
LSCC,151.92,0.0,20814233600.0,137007857.0,5.409,Technology,Lattice Semiconductor Corporati,1.81985,0.269994779789543,forecast_icc,0.039728677556482184,0.03560426546346631,2026-06-04
LAZ,48.55,2.0,4779149824.0,98437685.0,9.303,Financial Services,"Lazard, Inc.",2.8498,0.5399782440873042,forecast_icc,0.22348594392605803,0.19161688109382863,2026-06-04
LEA,143.98,3.08,7212692480.0,50095099.0,101.231,Consumer Cyclical,Lear Corporation,14.8092,0.1700334926937308,forecast_icc,0.13112557733761576,0.703090694762159,2026-06-04
LDOS,124.57,1.72,15669095424.0,125785466.0,39.854,Technology,"Leidos Holdings, Inc.",12.3319,0.06647718518638657,forecast_icc,0.09048543530607278,0.31993256957805094,2026-06-04
LEN,91.88,2.0,22629888000.0,215244398.0,88.833,Consumer Cyclical,Lennar Corporation,5.97903,0.26942330110402524,forecast_icc,0.1316693745810279,0.8449359363835119,2026-06-04
LEN-B,89.78,2.0,22112661504.0,31053898.0,88.833,Consumer Cyclical,Lennar Corporation,16.2,0.01,forecast_icc,0.10233778573466223,0.12475255050302243,2026-06-04
LII,518.08,5.44,18029168640.0,34799968.0,34.872,Industrials,"Lennox International, Inc.",24.32438,0.09787752041367548,forecast_icc,0.06271603609073972,0.06731006339380494,2026-06-04
DRS,46.71,0.36,12460456960.0,266762087.0,10.415,Industrials,"Leonardo DRS, Inc.",1.30005,0.10708818891581107,forecast_icc,0.044447171003136804,0.2229715286545157,2026-06-04
LBRDA,30.15,0.0,4337417216.0,18254690.0,41.102,Communication Services,Liberty Broadband Corporation,5.92,0.01,forecast_icc,0.10001186819151009,0.17298411266784625,2026-06-04
LBRDK,30.17,0.0,,,41.102,Communication Services,Liberty Broadband Corporation,5.44,0.2242647058823528,forecast_icc,0.18077712661957646,,2026-06-04
FWONA,79.16,0.0,19837949952.0,23991058.0,31.721,Communication Services,Liberty Media Corporation - Ser,1.47,0.7330544217687076,forecast_icc,0.13127435587454295,0.0383618444778502,2026-06-04
FWONK,85.97,0.0,21544572928.0,224233462.0,31.721,Communication Services,Liberty Media Corporation - Ser,1.77814,0.1959407020819508,forecast_icc,0.0468507188796371,0.33014855629177225,2026-06-04
LLYVA,88.64,0.0,8155272704.0,25573685.0,-3.453,Communication Services,"Liberty Live Holdings, Inc. - S",1.86,0.04,forecast_icc,0.02579237302521977,,2026-06-04
LLY,1125.27,6.92,1003449810944.0,891741406.0,34.917,Healthcare,Eli Lilly and Company,36.17752,0.2292254969384302,forecast_icc,0.0732034982077171,0.03102988742806159,2026-06-04
LECO,263.84,3.16,14455031808.0,54787110.0,27.584,Industrials,"Lincoln Electric Holdings, Inc.",10.9246,0.10391227138751069,forecast_icc,0.05959522341065482,0.10454820593363305,2026-06-04
LNC,34.04,1.8,6508897280.0,191213197.0,48.251,Financial Services,Lincoln National Corporation,7.72936,0.07827944357618222,forecast_icc,0.16861087861402668,1.417479424171678,2026-06-04
LIN,507.45,6.4,234618142720.0,462347310.0,83.368,Basic Materials,Linde plc,17.95,0.098050139275766,forecast_icc,0.052496659300815166,0.16428810702026853,2026-06-04
LAD,290.6,2.28,6627371520.0,22805820.0,280.009,Consumer Cyclical,"Lithia Motors, Inc.",34.54789,0.18219289224320212,forecast_icc,0.13777342865688919,0.9635546812350728,2026-06-04
LFUS,480.24,3.0,12144743424.0,25288904.0,99.913,Technology,"Littelfuse, Inc.",14.76,0.1697154471544715,forecast_icc,0.05945511999979872,0.20804805644216792,2026-06-04
LYV,161.01,0.0,37469085696.0,232712799.0,-0.604,Communication Services,"Live Nation Entertainment, Inc.",2.14889,0.04,forecast_icc,0.018309101844204805,,2026-06-04
LKQ,25.26,1.2,6436016640.0,254790835.0,25.337,Consumer Cyclical,LKQ Corporation,2.96921,0.11955368599728566,forecast_icc,0.13634410543016717,1.003048274653777,2026-06-04
LOAR,64.79,0.0,6065929728.0,93624471.0,12.603,Industrials,Loar Holdings Inc.,1.30229,0.21208793740257548,forecast_icc,0.048350777601041464,0.19452075129825835,2026-06-04
LMT,519.05,13.8,119674044416.0,230563608.0,32.561,Industrials,Lockheed Martin Corporation,29.89073,0.07416847965907825,forecast_icc,0.0712685807018216,0.06273191214288308,2026-06-04
L,105.02,0.25,21609846784.0,205768873.0,90.898,Financial Services,Loews Corporation,2.9,0.01,forecast_icc,0.02598398638320587,0.8655303855186278,2026-06-04
LPX,71.29,1.2,4980667392.0,69864880.0,24.714,Industrials,Louisiana-Pacific Corporation,1.94555,0.75,forecast_icc,0.19000372507235197,0.34666853022415195,2026-06-04
LOW,207.53,5.0,116363534336.0,560707041.0,-16.524,Consumer Cyclical,"Lowe's Companies, Inc.",12.49718,0.0776671217026561,forecast_icc,0.07333435330578475,,2026-06-04
LPLA,291.84,1.2,23342198784.0,79982861.0,70.905,Financial Services,LPL Financial Holdings Inc.,23.19955,0.22649275524740786,forecast_icc,0.12135935203159487,0.24295846383984765,2026-06-04
LULU,124.92,0.0,14934298624.0,109318984.0,42.592,Consumer Cyclical,lululemon athletica inc.,12.28243,0.07620153340991975,forecast_icc,0.0881715428018991,0.3117732063456561,2026-06-04
LITE,945.08,0.0,73527222272.0,77800000.0,11.857,Technology,Lumentum Holdings Inc.,8.25479,0.75,forecast_icc,0.08973145494840545,0.012546028144344693,2026-06-04
LYFT,14.12,0.0,5361117184.0,379682532.0,7.91,Technology,"Lyft, Inc.",0.57722,0.6219119226638026,forecast_icc,0.16608807871490094,0.5601983178213625,2026-06-04
LYB,66.18,4.12,21361895424.0,322784773.0,31.106,Basic Materials,LyondellBasell Industries NV,9.58575,0.01,forecast_icc,0.10480508969691182,0.4700211731987739,2026-06-04
MTB,221.73,6.0,32471261184.0,146445060.0,173.831,Financial Services,M&T Bank Corporation,18.71032,0.11487670975162367,forecast_icc,0.10370084844182503,0.7839760544134212,2026-06-04
MTSI,382.74,0.0,29201444864.0,76295774.0,18.039,Technology,MACOM Technology Solutions Hold,5.02551,0.3620229588638766,forecast_icc,0.054611279073914054,0.047131211266971375,2026-06-04
M,23.03,0.77,6075314176.0,263800000.0,18.479,Consumer Cyclical,Macy's Inc,2.09222,0.05831604706961979,forecast_icc,0.09082016193257952,0.8023881660733392,2026-06-04
MANH,150.58,0.0,8909005824.0,59164602.0,3.468,Technology,"Manhattan Associates, Inc.",5.35961,0.11065357367420403,forecast_icc,0.05104867924665435,0.02303094686314575,2026-06-04
MAN,32.01,1.44,1488700032.0,46507342.0,44.41,Industrials,ManpowerGroup,3.6844,0.2999511453696666,forecast_icc,0.1995194532452419,1.3873789304922912,2026-06-04
CART,41.48,0.0,9749036032.0,235029814.0,10.118,Consumer Cyclical,Maplebear Inc.,2.42814,0.2251146968461455,forecast_icc,0.09983008087249398,0.2439247993592809,2026-06-04
MPC,267.05,3.91,77961674752.0,291936635.0,57.177,Energy,Marathon Petroleum Corporation,29.26276,0.01,forecast_icc,0.07239234803584205,0.21410598261893787,2026-06-04
MKL,1778.35,0.0,22253756416.0,12513710.0,1440.231,Financial Services,Markel Group Inc.,111.566,0.09119265726117276,forecast_icc,0.06990223794049821,0.8098692521884571,2026-06-04
MKTX,120.62,3.12,4286768896.0,35539453.0,33.492,Financial Services,"MarketAxess Holdings, Inc.",8.02446,0.10804714585155883,forecast_icc,0.08813177778412229,0.27766539058978934,2026-06-04
MAR,385.3,2.92,101599223808.0,263688623.0,-15.459,Consumer Cyclical,Marriott International,11.59597,0.12732958088025415,forecast_icc,0.050921359004285294,,2026-06-04
MRSH,161.26,3.6,77694181376.0,481794501.0,30.215,Financial Services,Marsh,10.39805,0.08848486014204604,forecast_icc,0.07907567471542831,0.18736822487728583,2026-06-04
MLM,580.86,3.32,34878259200.0,60045900.0,188.106,Basic Materials,"Martin Marietta Materials, Inc.",19.37172,0.18266008387484445,forecast_icc,0.06515392561457733,0.32384053345758723,2026-06-04
MRVL,316.43,0.24,276812955648.0,874800000.0,16.887,Technology,"Marvell Technology, Inc.",4.04749,0.525051328107049,forecast_icc,0.07743478588201202,0.053367255031174454,2026-06-04
MAS,69.91,1.28,14103255040.0,201734437.0,-1.2,Industrials,Masco Corporation,4.27076,0.10080875535033584,forecast_icc,0.07841024138160335,,2026-06-04
MASI,178.9,0.0,9368829952.0,52369086.0,15.065,Healthcare,Masimo Corporation,5.95,0.10952436974789914,forecast_icc,0.04840782398171986,0.08420905114427676,2026-06-04
MTZ,374.73,0.0,29610625024.0,79018556.0,42.434,Industrials,"MasTec, Inc.",8.83513,0.3266595964066177,forecast_icc,0.07355445651110759,0.11323885944948028,2026-06-04
MA,481.76,3.48,425675390976.0,877036230.0,7.576,Financial Services,Mastercard Incorporated,19.64547,0.1578735454025788,forecast_icc,0.0693028421029559,0.015609139309757793,2026-06-04
MTDR,55.75,1.5,6922935808.0,124178227.0,44.965,Energy,Matador Resources Company,7.78633,0.14699222868796968,forecast_icc,0.14741635600114372,0.806547125657676,2026-06-04
MTCH,34.76,0.8,8108344320.0,233266526.0,-0.933,Communication Services,"Match Group, Inc.",3.842,0.10307131702238426,forecast_icc,0.11378633409654693,,2026-06-04
MAT,14.2,0.0,4126079744.0,290569000.0,7.249,Consumer Cyclical,"Mattel, Inc.",1.33122,0.19276302940160162,forecast_icc,0.1204722248453628,0.5104929646749939,2026-06-04
MKC,46.62,1.92,12533470208.0,253986983.0,25.976,Consumer Defensive,"McCormick & Company, Incorporat",3.09739,0.07909885419659779,forecast_icc,0.08584997708816566,0.5263957835234517,2026-06-04
MCD,272.72,7.44,193769160704.0,710505859.0,-1.81,Consumer Cyclical,McDonald's Corporation,12.98565,0.09503413383234571,forecast_icc,0.06927806461099462,,2026-06-04
MCK,756.95,3.28,90988453888.0,120204051.0,-18.1,Healthcare,McKesson Corporation,44.26476,0.13687750707334678,forecast_icc,0.08001288003049309,,2026-06-04
MDU,21.15,0.56,4420476928.0,209006024.0,13.893,Utilities,"MDU Resources Group, Inc.",0.97035,0.08077497810068524,forecast_icc,0.06346057631365898,0.6568795038923004,2026-06-04
MPT,5.01,0.36,2996481024.0,598100000.0,7.603,Real Estate,"Medical Properties Trust, Inc.",0.11,0.3333636363636363,forecast_icc,0.08826788052612577,1.5175648581047045,2026-06-04
MDLN,34.45,0.0,45256560640.0,845606187.0,13.324,Healthcare,Medline Inc.,1.51407,0.10196358160454921,forecast_icc,0.057245754347037825,0.2489552161334547,2026-06-04
MEDP,458.69,0.0,13100043264.0,28559689.0,20.95,Healthcare,"Medpace Holdings, Inc.",17.06482,0.08772492179817881,forecast_icc,0.047989158569824816,0.04567355026942909,2026-06-04
MDT,81.93,38.88,105188696064.0,1283884964.0,38.169,Healthcare,Medtronic plc.,6.05782,0.0704081666342018,forecast_icc,0.10469221533316586,0.4658733022139575,2026-06-04
MRK,120.26,3.4,297021112320.0,2469824415.0,18.576,Healthcare,"Merck & Company, Inc.",2.73657,0.75,forecast_icc,0.18886755853751358,0.15446531047803463,2026-06-04
META,627.57,2.1,1593038340096.0,2196045588.0,96.013,Communication Services,"Meta Platforms, Inc.",32.90082,0.06086808778626174,forecast_icc,0.05545206831057209,0.13235646608978524,2026-06-04
MET,83.46,2.37,53701234688.0,643436779.0,42.296,Financial Services,"MetLife, Inc.",9.88415,0.11232933535003009,forecast_icc,0.1240998841666684,0.5067816813281834,2026-06-04
MTD,1180.48,0.0,23854667776.0,20207601.0,-2.073,Healthcare,"Mettler-Toledo International, I",46.65132,0.09905228833825053,forecast_icc,0.05252606924428106,,2026-06-04
MTG,25.12,0.6,5312635904.0,211490268.0,23.627,Financial Services,MGIC Investment Corporation,3.06167,0.0791496144261139,forecast_icc,0.11143449337589906,0.9405652207925144,2026-06-04
MGM,47.94,0.0,12265507840.0,255851235.0,9.511,Consumer Cyclical,MGM Resorts International,1.99265,0.16498632474343222,forecast_icc,0.06853506024824829,0.19839383153376225,2026-06-04
MCHP,96.3,1.82,52202237952.0,542079281.0,11.879,Technology,Microchip Technology Incorporat,3.15708,0.29590634383671,forecast_icc,0.09694668358718755,0.12335409422331656,2026-06-04
MU,996.0,0.6,1123223076864.0,1127734051.0,64.237,Technology,"Micron Technology, Inc.",58.86798,0.75,forecast_icc,0.22791915412271557,0.06449498209771763,2026-06-04
MSFT,428.05,3.64,3179741446144.0,7428434704.0,55.777,Technology,Microsoft Corporation,16.81236,0.15048571408178257,forecast_icc,0.06658547136674342,0.1303048721107383,2026-06-04
MSTR,129.37,0.0,45526790144.0,332271284.0,105.951,Technology,Strategy Inc,32.06714,0.01,forecast_icc,0.11552102700404443,0.7732694244363199,2026-06-04
MAA,136.87,6.12,16332236800.0,116384802.0,47.619,Real Estate,Mid-America Apartment Communiti,3.39502,0.021796631536780353,forecast_icc,0.030190355347341602,0.33933673349862276,2026-06-04
MIDD,155.73,0.0,7041253376.0,45214496.0,50.94,Industrials,The Middleby Corporation,9.5994,0.13291455715982248,forecast_icc,0.07981188847821505,0.32710460812140496,2026-06-04
TIGO,87.29,3.0,14624692224.0,167541444.0,21.784,Communication Services,Millicom International Cellular,5.22351,0.25173494451049194,forecast_icc,0.13039316839898418,0.24955894867357173,2026-06-04
MRP,28.81,3.04,4783840256.0,154228116.0,35.262,Real Estate,"Millrose Properties, Inc.",3.105,0.040257648953301084,forecast_icc,0.12825075885132386,1.1368255492166668,2026-06-04
MKSI,330.23,1.0,22305097728.0,67544129.0,41.768,Technology,MKS Inc.,11.69842,0.27758022023486917,forecast_icc,0.08600027331364932,0.12648154311964824,2026-06-04
MHK,105.2,0.0,6412270592.0,60953145.0,137.08,Consumer Cyclical,"Mohawk Industries, Inc.",8.57814,0.15448803586791549,forecast_icc,0.10085455604632265,1.3030418783362536,2026-06-04
MOH,192.81,0.0,10045401088.0,52100000.0,78.462,Healthcare,Molina Healthcare Inc,5.20762,0.5082532903706489,forecast_icc,0.11409234180090622,0.40693947052878493,2026-06-04
TAP,38.43,1.92,7207598592.0,175215417.0,53.618,Consumer Defensive,Molson Coors Beverage Company,4.76735,0.05680514331861519,forecast_icc,0.11517619498394119,1.303443873682637,2026-06-04
MDLZ,60.99,2.0,78289805312.0,1283649766.0,20.06,Consumer Defensive,"Mondelez International, Inc.",3.05459,0.10858740452892213,forecast_icc,0.0778505219929703,0.3289063525364665,2026-06-04
MDB,380.18,0.0,30578610176.0,80431927.0,36.458,Technology,"MongoDB, Inc.",6.13076,0.1965775858131782,forecast_icc,0.039230183082540226,0.09589667998931882,2026-06-04
MPWR,1652.6,8.0,81192239104.0,49130000.0,74.852,Technology,"Monolithic Power Systems, Inc.",24.02205,0.255465707547857,forecast_icc,0.046086882208271715,0.04529347632954769,2026-06-04
MNST,88.54,0.0,86592839680.0,978008110.0,8.924,Consumer Defensive,Monster Beverage Corporation,2.2569,0.12952279675661305,forecast_icc,0.04310217023404139,0.10079060123092154,2026-06-04
MCO,449.15,4.12,78455914496.0,174676438.0,17.14,Financial Services,Moody's Corporation,16.69877,0.11364609489201905,forecast_icc,0.05652426324800064,0.038160974434536026,2026-06-04
MS,218.27,4.0,344273977344.0,1577284817.0,66.178,Financial Services,Morgan Stanley,11.84139,0.07133030835062426,forecast_icc,0.0646808066867205,0.3031932748002255,2026-06-04
MORN,183.91,2.0,6993732608.0,38028018.0,26.788,Financial Services,"Morningstar, Inc.",11.89692,0.13777011192812916,forecast_icc,0.08833855049792971,0.145658206180021,2026-06-04
MOS,22.9,0.88,7278688256.0,317846644.0,38.074,Basic Materials,Mosaic Company (The),0.82403,0.75,forecast_icc,0.24314912349430007,1.6626200625751872,2026-06-04
MSI,410.72,4.84,68177707008.0,165995582.0,15.307,Technology,"Motorola Solutions, Inc.",16.97031,0.09127175637922935,forecast_icc,0.056473121301161666,0.03726869801261944,2026-06-04
MP,65.46,0.0,11653332992.0,178022198.0,11.072,Basic Materials,MP Materials Corp.,0.28538,0.75,forecast_icc,0.058527575204989274,0.16914146172679795,2026-06-04
MSA,161.51,2.16,6234946048.0,38604089.0,34.901,Industrials,MSA Safety Incorporated,8.8775,0.09273669388904549,forecast_icc,0.06927843524807023,0.21609189555396136,2026-06-04
MSM,116.98,3.48,6531497984.0,55834311.0,24.791,Industrials,"MSC Industrial Direct Company, ",4.33,0.14318706697459582,forecast_icc,0.07237667813490478,0.21192510621480734,2026-06-04
MSCI,618.87,8.2,45008924672.0,72727592.0,-38.053,Financial Services,MSCI Inc.,19.66402,0.14450707434186905,forecast_icc,0.05866853682177686,,2026-06-04
MLI,132.58,1.4,14659452928.0,110570613.0,30.159,Industrials,"Mueller Industries, Inc.",8.4,0.04166666666666652,forecast_icc,0.05976174987119409,0.2274777328898559,2026-06-04
MUSA,539.77,2.43,9969921024.0,18470685.0,35.662,Consumer Cyclical,Murphy USA Inc.,32.12857,0.01,forecast_icc,0.044737509513464,0.06606888528849394,2026-06-04
NDAQ,88.45,1.12,50022080512.0,565540798.0,21.307,Financial Services,"Nasdaq, Inc.",3.93408,0.12573969009272812,forecast_icc,0.0680434318785631,0.2408931747669968,2026-06-04
NFG,77.31,2.14,7347183616.0,95035362.0,40.246,Energy,National Fuel Gas Company,7.4878,0.07592750874756282,forecast_icc,0.09835994290947292,0.5205795007930287,2026-06-04
NSA,42.94,2.28,6314749440.0,77212533.0,7.381,Real Estate,National Storage Affiliates Tru,0.33023,0.13136298943160818,forecast_icc,0.019846485396367804,0.09024993176498862,2026-06-04
NCNO,15.45,0.0,1692593024.0,109552950.0,9.27,Technology,"nCino, Inc.",1.26974,0.20490809142029054,forecast_icc,0.11529722871167991,0.6000000189649842,2026-06-04
NTAP,178.87,2.08,35427053568.0,197330400.0,5.848,Technology,"NetApp, Inc.",8.89934,0.10792710470664102,forecast_icc,0.0681364505319175,0.03257364254086195,2026-06-04
NFLX,81.56,0.0,343432724480.0,4210798528.0,7.389,Communication Services,"Netflix, Inc.",3.59382,0.06549576773461108,forecast_icc,0.04912042649003168,0.09059588124719874,2026-06-04
NBIX,167.35,0.0,16827040768.0,100549983.0,33.871,Healthcare,"Neurocrine Biosciences, Inc.",10.26516,0.2377809990297277,forecast_icc,0.10569086390139637,0.20239616229311558,2026-06-04
NYT,75.25,0.92,12180168704.0,161081975.0,12.428,Communication Services,New York Times Company (The),2.86563,0.11581746422252692,forecast_icc,0.05910430538634237,0.1643595285049346,2026-06-04
NWL,3.84,0.28,1631722624.0,424927772.0,5.512,Consumer Defensive,Newell Brands Inc.,0.5757,0.15751259336459955,forecast_icc,0.1841995400169386,1.4354166846828005,2026-06-04
NEU,794.6,11.75,7308745728.0,9198019.0,188.361,Basic Materials,NewMarket Corp,25.82,0.01,forecast_icc,0.031163911379203157,0.2370513520837867,2026-06-04
NEM,108.33,1.04,115647995904.0,1067552764.0,32.55,Basic Materials,Newmont Corporation,10.36276,0.09828848685099345,forecast_icc,0.09756478424238757,0.30047077077794926,2026-06-04
NWSA,26.84,0.2,14634892288.0,363391474.0,15.601,Communication Services,News Corporation,1.08168,0.19368020116855256,forecast_icc,0.07684357736036923,0.3873803970885775,2026-06-04
NWS,30.78,0.2,16783234048.0,181872795.0,15.601,Communication Services,News Corporation,1.08168,0.19368020116855256,forecast_icc,0.07007409650419094,0.16906142562750728,2026-06-04
NXST,181.01,7.44,5527857664.0,30538965.0,70.994,Communication Services,"Nexstar Media Group, Inc.",34.19179,0.01,forecast_icc,0.11230710030341567,0.3922104028346414,2026-06-04
NEE,85.68,2.49,178694668288.0,2085605358.0,26.481,Utilities,"NextEra Energy, Inc.",4.02254,0.09331666061742094,forecast_icc,0.06896122508772623,0.3090686253502888,2026-06-04
NIQ,8.44,0.0,2490950656.0,295136342.0,3.104,,NIQ Global Intelligence plc,0.9793,0.23480036760951717,forecast_icc,0.1481124946322846,0.36777252225425056,2026-06-04
NKE,43.62,1.64,64596291584.0,1199499281.0,9.52,Consumer Cyclical,"Nike, Inc.",1.49947,0.23481630175995516,forecast_icc,0.09562353133607726,0.17677846320745222,2026-06-04
NI,45.85,1.2,21982287872.0,479439245.0,19.752,Utilities,NiSource Inc,2.05683,0.09019218895095849,forecast_icc,0.06498055926601898,0.43079610377145006,2026-06-04
NNN,43.98,2.4,8367114752.0,190248177.0,23.103,Real Estate,"NNN REIT, Inc.",2.03695,0.03056039667149424,forecast_icc,0.05588381229971129,0.5253069622572567,2026-06-04
NDSN,286.48,3.28,15962078208.0,55717948.0,55.789,Industrials,Nordson Corporation,11.46509,0.08425577121505357,forecast_icc,0.053508848809952325,0.19473959220511045,2026-06-04
NSC,307.19,5.4,68993032192.0,224594001.0,70.367,Industrials,Norfolk Southern Corporation,12.1395,0.11374933069731052,forecast_icc,0.062245814625939144,0.22906669798750393,2026-06-04
NTRS,173.06,3.2,32024279040.0,185047258.0,65.402,Financial Services,Northern Trust Corporation,11.22569,0.04797656090627833,forecast_icc,0.06533719640845975,0.3779151671954704,2026-06-04
NOC,545.17,9.4,77432381440.0,142033476.0,120.5,Industrials,Northrop Grumman Corporation,27.94252,0.07858883164439012,forecast_icc,0.06390195435494625,0.22103199642983884,2026-06-04
NCLH,19.13,0.0,8782776320.0,459110140.0,5.296,Consumer Cyclical,Norwegian Cruise Line Holdings ,1.65067,0.22237636838374697,forecast_icc,0.12332384534490426,0.2768426762620775,2026-06-04
NOV,21.45,0.35,7698158080.0,358888480.0,17.243,Energy,NOV Inc.,0.78999,0.6058431119381258,forecast_icc,0.17581102685862626,0.8038694446555193,2026-06-04
NRG,133.39,1.9,28143484928.0,210986470.0,5.416,Utilities,"NRG Energy, Inc.",9.04595,0.2863447178018894,forecast_icc,0.1337966281906372,0.04060274427432841,2026-06-04
NU,12.12,0.0,58924302336.0,3839140553.0,2.589,Financial Services,Nu Holdings Ltd.,0.83124,0.31729705019007737,forecast_icc,0.132860845381516,0.16868311541542694,2026-06-04
NUE,262.28,2.24,59731894272.0,227740950.0,91.704,Basic Materials,Nucor Corporation,14.60849,0.08051003217991726,forecast_icc,0.06480009070484904,0.34964161664951526,2026-06-04
NTNX,54.97,0.0,14859518976.0,270320509.0,-3.13,Technology,"Nutanix, Inc.",1.92422,0.13813909012482983,forecast_icc,0.05585774204092739,,2026-06-04
NVT,173.88,0.84,28119951360.0,161720452.0,23.476,Industrials,nVent Electric plc,4.57919,0.21605349417691766,forecast_icc,0.06137879303749995,0.13501265640709842,2026-06-04
NVDA,218.66,1.0,5296163913728.0,24221000000.0,6.472,Technology,NVIDIA Corporation,8.93327,0.4138395011009406,forecast_icc,0.1248534161777225,0.029598463067518038,2026-06-04
NVR,6177.27,0.0,16674255872.0,2699292.0,1279.01,Consumer Cyclical,"NVR, Inc.",363.8761,0.1556054382247145,forecast_icc,0.08317070565672646,0.20705100649903233,2026-06-04
ORLY,88.4,0.0,73258409984.0,828715079.0,-1.282,Consumer Cyclical,"O'Reilly Automotive, Inc.",3.25615,0.11100225726701773,forecast_icc,0.052378273849967974,,2026-06-04
OXY,58.67,1.04,58355216384.0,994634701.0,30.917,Energy,Occidental Petroleum Corporatio,5.61676,0.01,forecast_icc,0.06702313822945316,0.5269643907832108,2026-06-04
OGE,46.97,1.7,9693402112.0,206374321.0,23.933,Utilities,OGE Energy Corp,2.42816,0.07283704533473911,forecast_icc,0.0701167386126812,0.5095379895958865,2026-06-04
OKTA,123.48,0.0,21461733376.0,166119894.0,39.345,Technology,"Okta, Inc.",3.84136,0.11309275881458647,forecast_icc,0.04677662372491864,0.3045414419666118,2026-06-04
ODFL,245.52,1.16,51060375552.0,207968283.0,21.138,Industrials,"Old Dominion Freight Line, Inc.",5.36252,0.16542968604312902,forecast_icc,0.045677985084242145,0.08609481459017217,2026-06-04
ORI,37.19,1.26,9057774592.0,243554044.0,24.337,Financial Services,Old Republic International Corp,3.06667,0.08695425331059425,forecast_icc,0.09622465379575618,0.6543963650920581,2026-06-04
OLN,24.93,0.8,2839471360.0,113897769.0,15.227,Basic Materials,Olin Corporation,0.30866,0.75,forecast_icc,0.13223386267424536,0.6107902171490823,2026-06-04
OLLI,74.47,0.0,4517446656.0,60661294.0,30.906,Consumer Defensive,Ollie's Bargain Outlet Holdings,4.49248,0.13598947574613596,forecast_icc,0.07950408969554468,0.4150127483794243,2026-06-04
OHI,43.67,2.68,13616147456.0,297802000.0,17.433,Real Estate,"Omega Healthcare Investors, Inc",1.97894,0.030834689278098626,forecast_icc,0.054829713066751995,0.3812812899372878,2026-06-04
OMC,75.63,3.2,21555017728.0,285006196.0,33.112,Communication Services,Omnicom Group Inc.,10.84052,0.14116665990192345,forecast_icc,0.155551759540849,0.4378156993901777,2026-06-04
ONON,37.47,0.0,13037864960.0,315455569.0,6.7772217,Consumer Cyclical,On Holding AG,1.40706,0.2216039117024149,forecast_icc,0.07564395820788372,0.16397717986585492,2026-06-04
ON,131.82,0.0,51252039680.0,388803191.0,18.633,Technology,ON Semiconductor Corporation,3.08965,0.3805123557684529,forecast_icc,0.0827036979298551,0.1413518350320414,2026-06-04
OMF,55.28,4.2,6386550784.0,115530952.0,29.206,Financial Services,"OneMain Holdings, Inc.",7.29662,0.19114329648522177,forecast_icc,0.19122078674053788,0.5283285294724747,2026-06-04
OKE,88.95,4.28,56041418752.0,630032852.0,35.486,Energy,"ONEOK, Inc.",5.71158,0.07615230811789386,forecast_icc,0.08646644729843125,0.3989432509731762,2026-06-04
ONTO,274.76,0.0,13667543040.0,49743567.0,42.265,Technology,Onto Innovation Inc.,7.12857,0.3324649964859714,forecast_icc,0.07912125252461155,0.15382515007284003,2026-06-04
ORCL,236.34,2.0,679724711936.0,2876046000.0,11.666,Technology,Oracle Corporation,7.45475,0.08006841275696708,forecast_icc,0.04344533390461314,0.04936108993365407,2026-06-04
OGN,13.4,0.08,3518851584.0,262600862.0,3.438,Healthcare,Organon & Co.,3.44351,0.0632929772238211,forecast_icc,0.14997195999640123,0.25656716175841987,2026-06-04
OSK,133.13,2.28,8300829696.0,62351309.0,71.454,Industrials,Oshkosh Corporation (Holding Co,10.98074,0.27835373572272903,forecast_icc,0.14692716467606382,0.5367235079443797,2026-06-04
OTIS,69.85,1.7,26802567168.0,383716076.0,-14.726,Industrials,Otis Worldwide Corporation,4.20281,0.12242047582450777,forecast_icc,0.08660819408803244,,2026-06-04
OVV,59.29,1.2,16661593088.0,281018601.0,40.884,Energy,Ovintiv Inc. (DE),8.09962,0.01,forecast_icc,0.0854901823493974,0.6895597811447405,2026-06-04
OC,120.36,2.96,9692388352.0,80528319.0,48.042,Industrials,Owens Corning Inc,9.52737,0.2513211935717832,forecast_icc,0.14114721986969225,0.39915254743168593,2026-06-04
PCAR,118.065,1.4,62135988224.0,526286229.0,37.542,Industrials,PACCAR Inc.,5.69022,0.18172759576958364,forecast_icc,0.08505079042638808,0.31797736181311015,2026-06-04
PKG,224.69,6.0,20019574784.0,89098647.0,51.812,Consumer Cyclical,Packaging Corporation of Americ,10.3847,0.17997245948366336,forecast_icc,0.09063621221561402,0.23059326425122134,2026-06-04
PLTR,141.7,0.0,339699105792.0,2296071334.0,3.525,Technology,Palantir Technologies Inc.,1.46358,0.4172645157763837,forecast_icc,0.0530053383483714,0.023825942766260315,2026-06-04
PANW,279.25,0.0,227588751360.0,815000000.0,13.361,Technology,"Palo Alto Networks, Inc.",3.76311,0.01,forecast_icc,0.014704331713851215,0.047846015828679665,2026-06-04
PK,14.04,1.0,2827120128.0,201361835.0,15.344,Real Estate,Park Hotels & Resorts Inc.,0.46,0.10869565217391308,forecast_icc,0.060198556980164256,1.0928775065620415,2026-06-04
PH,872.23,8.0,109976330240.0,126086389.0,115.865,Industrials,Parker-Hannifin Corporation,31.26414,0.089786253516009,forecast_icc,0.04999759899538958,0.1328376699750206,2026-06-04
PSN,60.64,0.0,6487177216.0,106978521.0,24.77,Technology,Parsons Corporation,3.31354,0.11227569306542229,forecast_icc,0.06891391276002146,0.4084762720269734,2026-06-04
PAYX,99.48,4.76,35642777600.0,358290881.0,11.202,Technology,"Paychex, Inc.",5.49768,0.07283617816970067,forecast_icc,0.07824855756474147,0.11260554645892693,2026-06-04
PAYC,137.08,1.5,6391642624.0,46627098.0,17.827,Technology,"Paycom Software, Inc.",10.9202,0.12641160418307362,forecast_icc,0.09645404775653288,0.13004814645375268,2026-06-04
PCTY,112.66,0.0,6032273408.0,53544058.0,20.387,Technology,Paylocity Holding Corporation,8.08314,0.07658781117239077,forecast_icc,0.072181351420057,0.18096041684687514,2026-06-04
PYPL,42.75,0.56,37710008320.0,882105493.0,22.448,Financial Services,"PayPal Holdings, Inc.",5.30657,0.08492679828966754,forecast_icc,0.11007918386155147,0.52509943617175,2026-06-04
PEGA,35.44,0.12,5922592256.0,167116051.0,4.183,Technology,Pegasystems Inc.,2.71408,0.1206523020692094,forecast_icc,0.08928844436699113,0.11803048582735322,2026-06-04
PENN,19.63,0.0,2627345152.0,133744451.0,14.527,Consumer Cyclical,"PENN Entertainment, Inc.",0.98134,0.684482442374712,forecast_icc,0.19657807546490302,0.739493872054843,2026-06-04
PAG,171.61,5.68,11283229696.0,65749255.0,86.141,Consumer Cyclical,"Penske Automotive Group, Inc.",13.38014,0.05791120272284145,forecast_icc,0.08273671674623262,0.5019579258377441,2026-06-04
PNR,72.85,1.06,11772962816.0,161605541.0,23.577,Industrials,Pentair plc.,5.34958,0.08618059735530648,forecast_icc,0.08157725732919963,0.3236376347828771,2026-06-04
PEN,320.63,0.0,12610834432.0,39331425.0,36.391,Healthcare,"Penumbra, Inc.",4.89442,0.2853984741808018,forecast_icc,0.04949132047310753,0.11349842826760537,2026-06-04
PEP,142.15,5.92,194310651904.0,1366768315.0,15.631,Consumer Defensive,"Pepsico, Inc.",8.66028,0.056254532186026385,forecast_icc,0.07415481210982022,0.10994742348103465,2026-06-04
PFGC,93.93,0.0,14755449856.0,157089851.0,29.837,Consumer Defensive,Performance Food Group Company,4.61768,0.24891937076627224,forecast_icc,0.09550365502289326,0.3176514393006521,2026-06-04
PR,20.16,0.62,17368567808.0,837288124.0,13.532,Energy,Permian Resources Corporation,1.94829,0.0905255377792833,forecast_icc,0.10487855448930572,0.6523383516255896,2026-06-04
PRGO,10.67,1.16,1476384128.0,138367770.0,21.334,Healthcare,Perrigo Company plc,2.108,0.12049335863377619,forecast_icc,0.21109071106742305,1.9994376457967447,2026-06-04
PFE,25.69,1.72,146418728960.0,5699444169.0,15.81,Healthcare,"Pfizer, Inc.",2.96167,0.01,forecast_icc,0.09422691597151267,0.615414523482898,2026-06-04
PCG,16.82,0.2,37041418240.0,2202224728.0,14.381,Utilities,Pacific Gas & Electric Co.,1.64683,0.09454527789753642,forecast_icc,0.09864527514577542,0.85499409358922,2026-06-04
PM,174.99,5.88,272732225536.0,1558558846.0,-6.42,Consumer Defensive,Philip Morris International Inc,8.40083,0.08722471470080939,forecast_icc,0.07014682391393123,,2026-06-04
PSX,184.14,5.08,73828171776.0,400935020.0,71.154,Energy,Phillips 66,17.81422,0.01,forecast_icc,0.07061067712009217,0.38641252690959765,2026-06-04
PPC,28.97,0.0,6892598272.0,237921941.0,15.647,Consumer Defensive,Pilgrim's Pride Corporation,3.47571,0.08631330001639959,forecast_icc,0.10310687821096753,0.5401104872091695,2026-06-04
PNFP,96.39,1.48,14565185536.0,151106812.0,91.906,Financial Services,"Pinnacle Financial Partners, In",10.3214,0.14777452671149272,forecast_icc,0.12328674741862,0.9534806562777176,2026-06-04
PNW,100.48,3.64,12176886784.0,121187166.0,58.325,Utilities,Pinnacle West Capital Corporati,4.69851,0.20026561612085536,forecast_icc,0.10277269983444556,0.5804637574718541,2026-06-04
PINS,21.59,0.0,12093796352.0,481750308.0,7.141,Communication Services,"Pinterest, Inc.",1.90494,0.17979568910306898,forecast_icc,0.1128203351022331,0.2844581510469278,2026-06-04
PLNT,51.33,0.0,4077797888.0,79126649.0,-6.094,Consumer Cyclical,"Planet Fitness, Inc.",3.19882,0.12732507612181987,forecast_icc,0.07893810174224114,,2026-06-04
PNC,227.08,6.8,91187298304.0,401564632.0,158.258,Financial Services,"PNC Financial Services Group, I",18.35915,0.14718491869176953,forecast_icc,0.11323287437486862,0.6969261806528191,2026-06-04
POOL,183.22,5.2,6677087232.0,36443003.0,31.096,Industrials,Pool Corporation,11.07902,0.08653653481986678,forecast_icc,0.07800923171338783,0.16971945728924695,2026-06-04
BPOP,152.77,3.0,9859426304.0,64537709.0,97.27,Financial Services,"Popular, Inc.",14.786,0.11456783443798191,forecast_icc,0.10806008446171755,0.6367087456075577,2026-06-04
POST,88.72,0.0,4021019648.0,45322586.0,70.479,Consumer Defensive,"Post Holdings, Inc.",7.71787,0.13531971904165263,forecast_icc,0.0992195378331387,0.7943981423425265,2026-06-04
PPG,111.96,2.84,24955883520.0,222900000.0,36.357,Basic Materials,"PPG Industries, Inc.",7.86792,0.10143722864492766,forecast_icc,0.08866920644465293,0.32473205340557704,2026-06-04
PPL,35.16,1.14,26452637696.0,752350362.0,19.967,Utilities,PPL Corporation,1.94989,0.08564072845134874,forecast_icc,0.07550733284556344,0.5678896694799384,2026-06-04
TROW,106.96,5.2,22917955584.0,214266606.0,50.156,Financial Services,"T. Rowe Price Group, Inc.",9.54364,0.01,forecast_icc,0.07420141739233455,0.46892297400378796,2026-06-04
PRI,257.87,4.48,8041419776.0,31184008.0,80.394,Financial Services,"Primerica, Inc.",24.50143,0.08100833298301358,forecast_icc,0.09469124356541403,0.3117617546386873,2026-06-04
PRMB,23.02,0.48,8353234944.0,362868562.0,8.148,Consumer Defensive,Primo Brands Corporation,1.28304,0.1520997007108118,forecast_icc,0.08937429962332255,0.35395305686926937,2026-06-04
PFG,103.51,3.28,22359441408.0,216012384.0,54.587,Financial Services,Principal Financial Group Inc,9.31571,0.09618912568124172,forecast_icc,0.10324895616955276,0.5273596862392601,2026-06-04
PCOR,50.7,0.0,7650133504.0,150890216.0,7.963,Technology,"Procore Technologies, Inc.",1.67784,0.26366638058456093,forecast_icc,0.07798870638575972,0.15706115316546507,2026-06-04
PG,140.78,4.26,327820181504.0,2328598978.0,23.081,Consumer Defensive,Procter & Gamble Company (The),6.89799,0.02723691974038811,forecast_icc,0.05133407581634755,0.1639508365977834,2026-06-04
PGR,195.38,13.9,114004238336.0,583500000.0,54.861,Financial Services,Progressive Corporation (The),16.32262,0.01,forecast_icc,0.0802132150955529,0.2807912580026555,2026-06-04
PLD,143.79,4.28,134737543168.0,932338000.0,57.321,Real Estate,"Prologis, Inc.",2.8744,0.18211800723629268,forecast_icc,0.05224142042753248,0.39664183598304276,2026-06-04
PB,68.75,2.38,6933760000.0,100854689.0,81.843,Financial Services,"Prosperity Bancshares, Inc.",6.24487,0.15542677429634244,forecast_icc,0.12565057779073163,1.1904436138295817,2026-06-04
PRU,103.32,5.6,35885629440.0,347325107.0,92.061,Financial Services,"Prudential Financial, Inc.",13.72049,0.06499549214350209,forecast_icc,0.12506128022223562,0.8910278898406583,2026-06-04
PTC,138.79,0.0,16031047680.0,115505791.0,32.319,Technology,PTC Inc.,8.0424,0.07487565900726145,forecast_icc,0.06211342116038884,0.23286261346388812,2026-06-04
PSA,306.66,12.0,53832859648.0,175545748.0,27.91,Real Estate,Public Storage,9.68521,0.04922660427600434,forecast_icc,0.043614420790097364,0.09101284714794129,2026-06-04
PEG,78.08,2.68,38908936192.0,498321402.0,34.745,Utilities,Public Service Enterprise Group,4.37631,0.07327634468307775,forecast_icc,0.07298183842995887,0.44499230272067775,2026-06-04
PHM,118.22,1.04,22519296000.0,190486353.0,67.904,Consumer Cyclical,"PulteGroup, Inc.",10.02456,0.11367980240529252,forecast_icc,0.09518976553863956,0.5743867532143101,2026-06-04
PVH,78.16,0.15,3601147648.0,46074047.0,104.619,Consumer Cyclical,PVH Corp.,12.10267,0.13312434363656944,forecast_icc,0.13748918973495716,1.3385234914680733,2026-06-04
QGEN,37.56,0.35,7746750464.0,206250000.0,16.154,Healthcare,Qiagen N.V.,2.43505,0.08339048479497357,forecast_icc,0.07269153885873378,0.4300851712576862,2026-06-04
Q,154.8,0.32,32405708800.0,209339207.0,34.301,Technology,"Qnity Electronics, Inc.",4.08296,0.16518898054352715,forecast_icc,0.05109484560514091,0.22158269037173475,2026-06-04
QRVO,103.97,0.0,9150781440.0,88013673.0,39.916,Technology,"Qorvo, Inc.",6.90074,0.13344945614528303,forecast_icc,0.08373387168420965,0.383918443960563,2026-06-04
QCOM,242.57,3.68,255668781056.0,1054000000.0,25.758,Technology,QUALCOMM Incorporated,10.79628,0.01,forecast_icc,0.038386500849230065,0.10618790408381333,2026-06-04
PWR,719.17,0.44,107918753792.0,150060149.0,60.274,Industrials,"Quanta Services, Inc.",14.02238,0.17265827912237453,forecast_icc,0.04166524978589857,0.08381050654327037,2026-06-04
DGX,196.12,3.44,21709783040.0,110696429.0,66.36,Healthcare,Quest Diagnostics Incorporated,10.76897,0.08373409898996842,forecast_icc,0.06838212192505161,0.3383642763681898,2026-06-04
QXO,16.23,0.0,11771705344.0,725305345.0,12.824,Industrials,"QXO, Inc.",0.34317,0.75,forecast_icc,0.143095825701673,0.7901417400853353,2026-06-04
RAL,62.43,0.2,6987986944.0,111933148.0,13.99,Technology,Ralliant Corporation,2.644,0.15327155824508298,forecast_icc,0.06820997821706143,0.22409096540521528,2026-06-04
RL,366.72,3.74,21825832960.0,37635070.0,47.663,Consumer Cyclical,Ralph Lauren Corporation,18.39952,0.10706148856057118,forecast_icc,0.06772314713101746,0.0821870278535294,2026-06-04
RRC,40.49,0.4,9540345856.0,235622250.0,19.534,Energy,Range Resources Corporation,4.31078,0.08085775660089367,forecast_icc,0.09804250811738535,0.4824400604518294,2026-06-04
RJF,150.51,2.16,29331845120.0,194883034.0,64.564,Financial Services,"Raymond James Financial, Inc.",11.86332,0.12728983117710735,forecast_icc,0.09768841126737096,0.4289681796593367,2026-06-04
RYN,21.02,1.04,6357081088.0,300747223.0,17.666,Real Estate,Rayonier Inc. REIT,0.47068,0.40110053539559787,forecast_icc,0.1047292052075749,0.8357609991080862,2026-06-04
RBA,105.53,1.24,19660238848.0,186300000.0,30.16,Industrials,"RB Global, Inc.",4.41055,0.10593690129348965,forecast_icc,0.060358311004228005,0.28579551059582325,2026-06-04
RBC,589.76,0.0,18657269760.0,31635359.0,103.138,Industrials,RBC Bearings Incorporated,14.36098,0.1411762985534415,forecast_icc,0.043562475623364474,0.174881303562285,2026-06-04
O,59.75,3.25,55716429824.0,932492530.0,41.982,Real Estate,Realty Income Corporation,1.57128,0.09549539229163484,forecast_icc,0.046758769342394646,0.7026276004783949,2026-06-04
RDDT,183.91,0.0,35404337152.0,141965642.0,16.526,Communication Services,"Reddit, Inc.",4.96216,0.2985756202943879,forecast_icc,0.07484187330622605,0.0662665760304869,2026-06-04
RRX,213.86,1.4,14236568576.0,66569573.0,102.186,Industrials,Regal Rexnord Corporation,10.62057,0.2733572680185714,forecast_icc,0.10579748730512362,0.4778172738932059,2026-06-04
REG,76.68,3.02,14334174208.0,183096790.0,36.519,Real Estate,Regency Centers Corporation,2.44994,0.03309468803317639,forecast_icc,0.039870362397549486,0.4664734484863601,2026-06-04
REGN,628.73,3.76,65915441152.0,103021886.0,308.325,Healthcare,"Regeneron Pharmaceuticals, Inc.",46.24604,0.04012905753660201,forecast_icc,0.06416862760954511,0.48189350546410187,2026-06-04
RF,28.43,1.06,24261580800.0,853379538.0,20.414,Financial Services,Regions Financial Corporation,2.61417,0.09213249329615136,forecast_icc,0.10570887135353024,0.7180443035571697,2026-06-04
RGA,197.97,3.72,12969640960.0,65513163.0,202.933,Financial Services,"Reinsurance Group of America, I",27.07141,0.07207640828460726,forecast_icc,0.11372176754733776,1.0250694485746967,2026-06-04
RS,396.46,5.0,20238696448.0,51048522.0,139.531,Basic Materials,"Reliance, Inc.",19.58192,0.06502682065905696,forecast_icc,0.05714618818525381,0.35194219852464287,2026-06-04
RNR,277.73,1.64,11840475136.0,42633041.0,250.484,Financial Services,RenaissanceRe Holdings Ltd.,40.73694,0.01,forecast_icc,0.08471241332349477,0.9018974761726994,2026-06-04
RGEN,126.55,0.0,7138399744.0,56407740.0,37.331,Healthcare,Repligen Corporation,2.00157,0.271866584730986,forecast_icc,0.04882915336393967,0.29499011227410465,2026-06-04
RSG,207.91,2.5,63966441472.0,307664087.0,38.896,Industrials,"Republic Services, Inc.",7.28882,0.10594719035454281,forecast_icc,0.05368356093965432,0.18708094514199708,2026-06-04
RMD,194.32,2.4,28187357184.0,145056384.0,44.759,Healthcare,ResMed Inc.,11.08055,0.10082532004277756,forecast_icc,0.07271780224179603,0.23033655298274594,2026-06-04
QSR,71.83,2.6,32778680320.0,346983973.0,10.777,Consumer Cyclical,Restaurant Brands International,4.05554,0.09499598080650196,forecast_icc,0.08092349626912584,0.11408166041203821,2026-06-04
RVTY,102.4,0.28,11423721472.0,111559773.0,64.345,Healthcare,"Revvity, Inc.",5.24516,0.10975451654477641,forecast_icc,0.06643577201543074,0.6283691011969553,2026-06-04
REXR,34.22,1.73,7917292032.0,225718119.0,36.115,Real Estate,"Rexford Industrial Realty, Inc.",0.98361,0.01,forecast_icc,0.031087765569902524,1.0296209656959892,2026-06-04
REYN,21.68,0.92,4569436672.0,210767377.0,10.75,Consumer Cyclical,Reynolds Consumer Products Inc.,1.60098,0.055778335769341325,forecast_icc,0.08324148131536957,0.49584871514551543,2026-06-04
RH,153.25,0.0,2896542720.0,18900769.0,3.22,Consumer Cyclical,RH,5.25761,0.75,forecast_icc,0.17943956177818776,0.021011420187167135,2026-06-04
RNG,44.03,0.3,3692294400.0,74079066.0,-7.225,Technology,"Ringcentral, Inc.",4.93436,0.09073922453975802,forecast_icc,0.10322251032970942,,2026-06-04
RITM,9.17,1.0,5119671808.0,558306597.0,12.506,Real Estate,Rithm Capital Corp.,2.27743,0.04235036861725727,forecast_icc,0.18572304321345656,1.3637949001284888,2026-06-04
RLI,50.35,0.72,4629094912.0,91938331.0,19.354,Financial Services,RLI Corp.,2.73,0.017267399267399286,forecast_icc,0.046836896355764046,0.3843892795460574,2026-06-04
RHI,31.6,2.36,3232477440.0,102293589.0,12.247,Industrials,Robert Half Inc.,1.31552,0.5701395645828264,forecast_icc,0.209588623811653,0.38756328783009236,2026-06-04
HOOD,88.33,0.0,79541616640.0,791184698.0,10.34,Financial Services,"Robinhood Markets, Inc.",1.85266,0.3395226323232541,forecast_icc,0.07041721965966441,0.1028499309279314,2026-06-04
RKT,13.23,0.0,37433356288.0,980550267.0,8.215,Financial Services,"Rocket Companies, Inc.",0.74114,0.46502685052756565,forecast_icc,0.1545199640179381,0.21518830375322928,2026-06-04
ROK,462.24,5.52,51435270144.0,111273953.0,31.652,Industrials,"Rockwell Automation, Inc.",12.97849,0.11819402719422678,forecast_icc,0.04831172983281522,0.06847525346898273,2026-06-04
ROKU,125.59,0.0,18548856832.0,131191687.0,18.099,Communication Services,"Roku, Inc.",2.41151,0.46575796907331934,forecast_icc,0.08727011369155196,0.12800995578965715,2026-06-04
ROL,46.5,0.73,22388060160.0,481463663.0,2.856,Consumer Cyclical,"Rollins, Inc.",1.24691,0.11894202468502124,forecast_icc,0.04828367344112727,0.061419355303715596,2026-06-04
ROP,331.8,3.64,33484378112.0,100917359.0,186.506,Technology,"Roper Technologies, Inc.",21.94284,0.08897480909490296,forecast_icc,0.07585468152617525,0.562103703843577,2026-06-04
ROST,233.06,1.78,74761240576.0,320781076.0,19.196,Consumer Cyclical,"Ross Stores, Inc.",7.7962,0.09993201816269481,forecast_icc,0.049199992918486646,0.08236505289978778,2026-06-04
RCL,293.28,5.0,78656225280.0,268194978.0,36.578,Consumer Cyclical,Royal Caribbean Cruises Ltd.,17.31843,0.15518265801230235,forecast_icc,0.09128274256316449,0.12472040032892868,2026-06-04
RGLD,220.17,1.9,18685079552.0,84866602.0,84.7,Basic Materials,"Royal Gold, Inc.",11.62672,0.18539278489548217,forecast_icc,0.08898505692526182,0.3847027340395024,2026-06-04
RPRX,55.02,0.94,31682287616.0,443274104.0,15.528,Healthcare,Royalty Pharma plc,5.11745,0.09702879363745631,forecast_icc,0.09875511475810039,0.21725578564080417,2026-06-04
RPM,104.17,2.16,13341643776.0,127626527.0,24.608,Basic Materials,RPM International Inc.,5.481,0.0787064404305784,forecast_icc,0.06635940776976434,0.23540079686924478,2026-06-04
RTX,179.41,2.77,241608474624.0,1346683428.0,49.217,Industrials,RTX Corporation,6.9004,0.09532635789229604,forecast_icc,0.056004791921740904,0.2743269596773165,2026-06-04
RBRK,77.0,0.0,15847357440.0,160938033.0,-2.569,Technology,"Rubrik, Inc.",0.17341,0.75,forecast_icc,0.03721902292031258,,2026-06-04
RYAN,31.81,0.52,8397109248.0,129468136.0,4.937,Financial Services,"Ryan Specialty Holdings, Inc.",2.05047,0.14265022165649843,forecast_icc,0.09209788634542326,0.07611955121153617,2026-06-04
R,264.96,3.64,10251571200.0,38691018.0,77.428,Industrials,"Ryder System, Inc.",14.59073,0.19894755094501781,forecast_icc,0.09742637129819964,0.2922252680354012,2026-06-04
SPGI,420.12,3.88,124355518464.0,296000000.0,105.314,Financial Services,S&P Global Inc.,19.61634,0.13193286821088956,forecast_icc,0.0702327330363276,0.2506760004303656,2026-06-04
SAIA,471.43,0.0,12540944384.0,26601922.0,98.728,Industrials,"Saia, Inc.",11.22762,0.2725101134523613,forecast_icc,0.06466662491255504,0.20942239075446012,2026-06-04
SAIL,18.61,0.0,10556012544.0,567222587.0,12.143,Technology,"SailPoint, Inc.",0.31839,0.21222400201011338,forecast_icc,0.04304746561251485,0.6524986442779468,2026-06-04
SAIC,116.57,1.48,4928208896.0,42276819.0,33.093,Technology,Science Applications Internatio,10.00733,0.09014892084102355,forecast_icc,0.09020538000353862,0.28388950239153987,2026-06-04
CRM,188.75,1.76,154586251264.0,819000000.0,41.801,Technology,"Salesforce, Inc.",14.14748,0.0984712471761755,forecast_icc,0.08420081528988266,0.22146224984480647,2026-06-04
SLM,22.28,0.52,4201851904.0,188592995.0,11.042,Financial Services,SLM Corporation,3.15014,0.07699340346778238,forecast_icc,0.11979550431654096,0.4956014391672382,2026-06-04
IOT,35.21,0.0,20517222400.0,372784485.0,2.446,Technology,Samsara Inc.,0.67918,0.2424246885950705,forecast_icc,0.05152983276219997,0.04444221700838024,2026-06-04
SNDK,1759.68,0.0,260590600192.0,148089758.0,69.007,Technology,Sandisk Corporation,65.13015,0.75,forecast_icc,0.18563677629299724,0.03921565061355473,2026-06-04
SRPT,16.66,0.0,1758899840.0,105576222.0,14.257,Healthcare,"Sarepta Therapeutics, Inc.",4.8301,0.01,forecast_icc,0.12693951237543855,0.8557623139325545,2026-06-04
SBAC,207.85,5.0,22045198336.0,106063017.0,-44.8,Real Estate,SBA Communications Corporation,7.72397,0.04935803738233058,forecast_icc,0.0464709038843162,,2026-06-04
HSIC,76.3,0.0,8691849216.0,113916757.0,28.543,Healthcare,"Henry Schein, Inc.",5.34472,0.10539373437710498,forecast_icc,0.0790213641161811,0.3740890936149208,2026-06-04
SLB,58.01,1.18,86728294400.0,1495057661.0,17.509,Energy,SLB Limited,2.60677,0.28389539545107545,forecast_icc,0.11217565894156512,0.3018272729510636,2026-06-04
SNDR,37.1,0.4,6497111552.0,92094808.0,17.247,Industrials,"Schneider National, Inc.",0.91523,0.664630748555008,forecast_icc,0.1538304098645601,0.24447158415912634,2026-06-04
SMG,56.83,2.64,3306479616.0,58181937.0,-8.631,Basic Materials,Scotts Miracle-Gro Company (The,4.34525,0.08177435130314725,forecast_icc,0.09638831437049322,,2026-06-04
SEB,5360.71,9.0,5134461440.0,957794.0,5571.135,Industrials,Seaboard Corporation,605.73,0.75,trailing_eps_fallback_icc,0.2967473617534665,1.0392520692861607,2026-06-04
SEIC,88.58,1.04,10653779968.0,120272976.0,20.353,Financial Services,SEI Investments Company,5.88218,0.12480576928961717,forecast_icc,0.08651120490107067,0.2297697050136788,2026-06-04
SRE,90.34,2.63,59054358528.0,653690046.0,48.403,Utilities,DBA Sempra,5.11433,0.0826520775937416,forecast_icc,0.07410645415881595,0.5357870288530179,2026-06-04
ST,52.64,0.48,7655542784.0,145432046.0,19.68,Technology,Sensata Technologies Holding pl,3.71171,0.089958536631364,forecast_icc,0.0785375296569456,0.3738601881060299,2026-06-04
S,16.53,0.0,5666545664.0,336745012.0,4.255,Technology,"SentinelOne, Inc.",0.49454,0.04,forecast_icc,0.033072480508164956,0.2528612864029326,2026-06-04
SCI,69.81,1.44,9631754240.0,137970998.0,11.729,Consumer Cyclical,Service Corporation Internation,4.12752,0.10330658603713605,forecast_icc,0.07855249295955591,0.16801319834568368,2026-06-04
NOW,119.36,0.0,123096924160.0,1031308000.0,11.372,Technology,"ServiceNow, Inc.",4.12299,0.21918559103951285,forecast_icc,0.07125522477148094,0.09527479793691702,2026-06-04
SN,123.47,0.0,17473521664.0,141520379.0,19.498,Consumer Cyclical,"SharkNinja, Inc.",6.1395,0.14177864646958227,forecast_icc,0.07156925068114786,0.15791689865397932,2026-06-04
SHW,300.09,3.2,74012884992.0,246635621.0,18.071,Basic Materials,Sherwin-Williams Company (The),11.721,0.12910417199897628,forecast_icc,0.06249287134790647,0.06021859987720718,2026-06-04
FOUR,39.29,0.0,3894816000.0,79328924.0,7.239,Technology,"Shift4 Payments, Inc.",5.59377,0.19270724395175343,forecast_icc,0.15051503059562366,0.147442672731138,2026-06-04
SLGN,36.28,0.84,3834061568.0,105679758.0,21.959,Consumer Cyclical,Silgan Holdings Inc.,3.80737,0.07260129695826767,forecast_icc,0.09974961591371756,0.6052646168466536,2026-06-04
SPG,206.22,8.8,78359396352.0,324281912.0,14.858,Real Estate,"Simon Property Group, Inc.",6.44225,0.04107571112577135,forecast_icc,0.04108810892572491,0.061488230803261205,2026-06-04
SSD,186.81,1.2,7685050368.0,41138325.0,50.044,Basic Materials,"Simpson Manufacturing Company, ",9.02333,0.09198377982407835,forecast_icc,0.060970371852715366,0.26788716244104127,2026-06-04
SIRI,27.79,1.08,9354668032.0,336619936.0,34.521,Communication Services,SiriusXM Holdings Inc.,3.11901,0.0796695105177605,forecast_icc,0.11343625876128105,1.2422094264494794,2026-06-04
SITE,102.69,0.0,4550011904.0,44308229.0,36.594,Industrials,"SiteOne Landscape Supply, Inc.",4.43444,0.21685940051054908,forecast_icc,0.08149011934306583,0.3563540857114206,2026-06-04
SWKS,79.93,2.84,12021949440.0,150405963.0,38.336,Technology,"Skyworks Solutions, Inc.",5.01067,0.027006368409813408,forecast_icc,0.06238347852437809,0.47961963459796414,2026-06-04
SFD,26.43,1.25,10399603712.0,393477263.0,17.444,Consumer Defensive,"Smithfield Foods, Inc.",2.67019,0.01,forecast_icc,0.07958732778564082,0.6600075893134186,2026-06-04
SJM,101.12,4.4,10784278528.0,106648319.0,49.074,Consumer Defensive,The J.M. Smucker Company,9.02742,0.01,forecast_icc,0.07236204233133237,0.48530456562462404,2026-06-04
SW,42.28,1.81,22174339072.0,524464078.0,34.478,Consumer Cyclical,Smurfit WestRock plc,2.2225,0.42309561304836896,forecast_icc,0.1818288832375322,0.8154683854418513,2026-06-04
SNA,378.9,9.76,19627745280.0,51801916.0,115.031,Industrials,Snap-On Incorporated,19.84989,0.07215707492585599,forecast_icc,0.06624247399608552,0.3035919874845655,2026-06-04
SNOW,244.18,0.0,84632788992.0,346600000.0,5.595,Technology,Snowflake Inc.,1.92701,0.37894977192645607,forecast_icc,0.03975444893476475,0.022913424254319532,2026-06-04
SOFI,17.15,0.0,21999011840.0,1282741200.0,8.437,Financial Services,"SoFi Technologies, Inc.",0.57966,0.3460304316323364,forecast_icc,0.0954307723558655,0.491953346955424,2026-06-04
SOLS,84.13,0.3,13360202752.0,158804273.0,9.358,Basic Materials,Solstice Advanced Materials Inc,2.62695,0.19050990692628322,forecast_icc,0.06294987284207287,0.11123262231267671,2026-06-04
SOLV,82.42,0.0,14273059840.0,173174712.0,29.102,Healthcare,Solventum Corporation,6.55333,0.07442475810008031,forecast_icc,0.07653166159925542,0.3530939073414548,2026-06-04
SGI,69.63,0.68,14646017024.0,210340624.0,14.966,Consumer Cyclical,Somnigroup International Inc.,3.15424,0.23821269148828228,forecast_icc,0.09428147967226827,0.2149360999393578,2026-06-04
SON,47.84,2.13,4729878016.0,98868689.0,36.639,Consumer Cyclical,Sonoco Products Company,5.82302,0.10128077870246033,forecast_icc,0.12983740589667037,0.7658653952632931,2026-06-04
SHC,15.57,0.0,4440050176.0,285166994.0,2.183,Healthcare,Sotera Health Company,0.97014,0.09273919228152638,forecast_icc,0.06999329505685564,0.14020552093463548,2026-06-04
SO,91.62,3.04,103283335168.0,1127301098.0,32.93,Utilities,Southern Company (The),4.56612,0.07685299554107217,forecast_icc,0.06850558590190775,0.35941931093489143,2026-06-04
SCCO,194.09,4.0,161934278656.0,834325691.0,14.128,Basic Materials,Southern Copper Corporation,7.17737,0.01,forecast_icc,0.035044566230363144,0.07279097088200882,2026-06-04
SSB,94.9,2.4,9268697088.0,97668043.0,91.379,Financial Services,SouthState Bank Corporation,9.48099,0.10149151090761621,forecast_icc,0.10815120605596718,0.962897807163401,2026-06-04
LUV,41.31,0.72,20191244288.0,488773713.0,14.066,Industrials,Southwest Airlines Company,2.69747,0.6785580562527109,forecast_icc,0.2416196045739315,0.3404986314362005,2026-06-04
SPOT,493.58,0.0,101489950720.0,205620061.0,47.741013,Communication Services,Spotify Technology S.A.,12.79969,0.23781669712313347,forecast_icc,0.062234853499885,0.09672396070370062,2026-06-04
SFM,80.18,0.0,7540472320.0,94044301.0,15.168,Consumer Defensive,"Sprouts Farmers Market, Inc.",5.56427,0.06212495080217173,forecast_icc,0.06648960074743834,0.18917435102632932,2026-06-04
SSNC,69.4,1.08,16713882624.0,240834039.0,28.418,Technology,"SS&C Technologies Holdings, Inc",6.89179,0.08760278534314003,forecast_icc,0.09868136569437558,0.40948126023539555,2026-06-04
STAG,37.01,1.55,7224515072.0,191205055.0,18.825,Real Estate,"Stag Industrial, Inc.",1.11771,0.01790267600719342,forecast_icc,0.03456413766324207,0.49822515760612146,2026-06-04
SARO,25.55,0.0,8494658560.0,332471972.0,8.095,Industrials,"StandardAero, Inc.",1.17617,0.2580239251128664,forecast_icc,0.0939038892267553,0.31682975770364574,2026-06-04
SWK,79.31,3.32,12329181184.0,155455564.0,58.403,Industrials,"Stanley Black & Decker, Inc.",5.3626,0.15565210905157967,forecast_icc,0.11251687644455799,0.7363888297849188,2026-06-04
SBUX,94.14,2.48,107291353088.0,1139700000.0,-7.429,Consumer Cyclical,Starbucks Corporation,2.39115,0.2667001233715993,forecast_icc,0.082785538304874,,2026-06-04
STWD,17.09,1.92,6500157440.0,370748570.0,18.338,Real Estate,"STARWOOD PROPERTY TRUST, INC. S",1.72269,0.10954379487893928,forecast_icc,0.1556684458166827,1.0459419390094036,2026-06-04
STT,162.75,3.36,45043834880.0,276767033.0,87.008,Financial Services,State Street Corporation,12.47968,0.10700194235749638,forecast_icc,0.09285368482179227,0.534611364050538,2026-06-04
STLD,276.85,2.12,39925309440.0,144212781.0,61.799,Basic Materials,"Steel Dynamics, Inc.",15.02373,0.13232599361143982,forecast_icc,0.07663706077020283,0.2232219556472647,2026-06-04
STE,212.24,2.52,20715153408.0,97602485.0,73.452,Healthcare,STERIS plc (Ireland),11.14875,0.08532346675636271,forecast_icc,0.06476279387025252,0.3460798762634971,2026-06-04
SF,71.42,1.29,10955954176.0,153401769.0,34.704,Financial Services,Stifel Financial Corporation,6.30548,0.11043727043777785,forecast_icc,0.1005916043412719,0.4859143170786479,2026-06-04
SYK,301.21,3.52,115472097280.0,383360762.0,58.614,Healthcare,Stryker Corporation,14.98538,0.115672075049148,forecast_icc,0.07010844289417373,0.19459512932705608,2026-06-04
SUI,122.69,4.24,15687242752.0,123230757.0,54.793,Real Estate,"Sun Communities, Inc.",2.30741,0.22341499776806018,forecast_icc,0.057198875589814235,0.4304250896761414,2026-06-04
SMCI,46.9,0.0,28206528512.0,601418482.0,12.597,Technology,"Super Micro Computer, Inc.",2.59537,0.24860039223694508,forecast_icc,0.10220525448370144,0.2685927342859965,2026-06-04
SYF,70.78,1.2,23808284672.0,336370242.0,45.267,Financial Services,Synchrony Financial,9.27824,0.12965497766817857,forecast_icc,0.1315234646450526,0.6395450976155902,2026-06-04
SNPS,494.48,0.0,94682701824.0,191479325.0,159.201,Technology,"Synopsys, Inc.",14.78985,0.16527618603298877,forecast_icc,0.05495335308058957,0.32195638096586343,2026-06-04
SYY,74.35,2.2,35552874496.0,478182608.0,4.767,Consumer Defensive,Sysco Corporation,4.58632,0.07968916255298386,forecast_icc,0.07734005256326915,0.06411567347648536,2026-06-04
TMUS,177.02,4.08,191571869696.0,1082204717.0,53.484,Communication Services,"T-Mobile US, Inc.",10.50429,0.28929227963051307,forecast_icc,0.13234410324201107,0.30213536661659746,2026-06-04
TTWO,216.65,0.0,40224677888.0,185666663.0,18.885,Communication Services,"Take-Two Interactive Software, ",1.7245,0.75,forecast_icc,0.08503528190074527,0.08716825378982138,2026-06-04
TLN,378.08,0.0,17276368896.0,45395007.0,23.637,Utilities,Talen Energy Corporation,23.275,0.43770139634801297,forecast_icc,0.15504811994298373,0.062108061417201633,2026-06-04
TPR,140.47,1.6,28381222912.0,202044714.0,3.373,Consumer Cyclical,"Tapestry, Inc.",6.97137,0.10650273905989782,forecast_icc,0.06757322188849535,0.02401224296906012,2026-06-04
TRGP,267.37,4.25,57389338624.0,214643903.0,14.292,Energy,"Targa Resources, Inc.",11.35174,0.08402148040740887,forecast_icc,0.05723940147619644,0.053454016638433674,2026-06-04
TGT,123.85,4.56,56251568128.0,454191112.0,35.697,Consumer Defensive,Target Corporation,8.33707,0.06740137722245332,forecast_icc,0.08052716710281815,0.28822770039354023,2026-06-04
SNX,277.57,1.92,22379468800.0,80391093.0,110.043,Technology,TD SYNNEX Corporation,16.90389,0.10187595872902633,forecast_icc,0.07392860023130265,0.3952943265122987,2026-06-04
FTI,69.01,0.2,27514417152.0,398701897.0,8.435,Energy,TechnipFMC plc,2.96054,0.17247529166976294,forecast_icc,0.07288685292318214,0.12222866588873182,2026-06-04
TDY,618.59,0.0,28658741248.0,46329138.0,227.645,Technology,Teledyne Technologies Incorpora,24.16271,0.07835420778546776,forecast_icc,0.047724732430801525,0.3680062752493016,2026-06-04
TFX,132.11,1.36,5848537600.0,44270211.0,69.683,Healthcare,Teleflex Incorporated,6.7,0.5616014925373134,forecast_icc,0.18110261783905657,0.5274619612795172,2026-06-04
THC,161.37,0.0,13899927552.0,86137000.0,48.533,Healthcare,Tenet Healthcare Corporation,17.80731,0.01,forecast_icc,0.06841082667451404,0.3007560295088364,2026-06-04
TDC,34.88,0.0,3282208000.0,94100000.0,2.486,Technology,Teradata Corporation,2.65025,0.08290161305537191,forecast_icc,0.07677520474000754,0.07127293577981653,2026-06-04
TER,406.86,0.52,63690739712.0,156542162.0,17.911,Technology,"Teradyne, Inc.",7.24246,0.32516161635687313,forecast_icc,0.06192618584274165,0.04402251687231904,2026-06-04
TSLA,418.45,0.0,1571582640128.0,3755723871.0,21.897,Consumer Cyclical,"Tesla, Inc.",2.04835,0.22522518124343982,forecast_icc,0.018349789479974614,0.05232883305238654,2026-06-04
TTEK,27.97,0.29,7258905600.0,259524699.0,7.079,Industrials,"Tetra Tech, Inc.",1.54296,0.11196012858402038,forecast_icc,0.07333175247997248,0.2530926072686494,2026-06-04
TXN,305.37,5.68,277915041792.0,910092791.0,18.437,Technology,Texas Instruments Incorporated,7.68535,0.163767427638299,forecast_icc,0.05620594465786008,0.060375936039565634,2026-06-04
TPL,406.73,2.4,28053970944.0,68974429.0,22.558,Energy,Texas Pacific Land Corporation,9.09854,0.11203116104342015,forecast_icc,0.0383805383762081,0.05546185146080972,2026-06-04
TXRH,161.3,3.0,10602186752.0,65729615.0,23.045,Consumer Cyclical,"Texas Roadhouse, Inc.",6.40878,0.1932754752074497,forecast_icc,0.08201540556284517,0.142870429761979,2026-06-04
TXT,91.09,0.08,15839546368.0,173888981.0,46.026,Industrials,Textron Inc.,6.51176,0.12054498323034024,forecast_icc,0.08453905367037334,0.505280520891367,2026-06-04
TMO,482.03,1.88,179132694528.0,371621465.0,141.956,Healthcare,Thermo Fisher Scientific Inc,24.85975,0.09666388439143603,forecast_icc,0.06397218387035031,0.29449619358734147,2026-06-04
TFSL,16.33,1.13,4579456512.0,280432141.0,6.894,Financial Services,TFS Financial Corporation,0.335,0.10447761194029836,forecast_icc,0.039118442880666904,0.422167821659183,2026-06-04
THO,74.85,2.08,3896494336.0,52057373.0,82.198,Consumer Cyclical,"Thor Industries, Inc.",3.88865,0.34761421058722175,forecast_icc,0.14409115929894056,1.0981696819933475,2026-06-04
TKR,133.66,1.44,9288636416.0,69494510.0,46.161,Industrials,Timken Company (The),6.1387,0.1799876195285648,forecast_icc,0.08167457545651968,0.34536135687087705,2026-06-04
TJX,158.63,1.92,175239266304.0,1104704446.0,9.204,Consumer Cyclical,"TJX Companies, Inc. (The)",5.20553,0.0970813730782456,forecast_icc,0.04944377052714921,0.05802181175162746,2026-06-04
TKO,202.49,3.12,38701162496.0,74967673.0,45.035,Communication Services,"TKO Group Holdings, Inc.",4.49406,0.09653854198653322,forecast_icc,0.03840120055838209,0.08723689253272295,2026-06-04
TOST,25.22,0.0,14627599360.0,516000000.0,3.431,Technology,"Toast, Inc.",1.34178,0.26551297530146534,forecast_icc,0.10388444621333537,0.12103120658617765,2026-06-04
TOL,139.82,1.01,13069116416.0,93471000.0,88.734,Consumer Cyclical,"Toll Brothers, Inc.",12.783,0.10595400140812017,forecast_icc,0.09640328138228693,0.6346301808013521,2026-06-04
BLD,406.31,0.0,11435416576.0,28144562.0,85.79,Industrials,TopBuild Corp.,18.20098,0.14966666630038583,forecast_icc,0.06857818817367503,0.2111442078155212,2026-06-04
TTC,88.83,1.56,8659205120.0,96932941.0,14.641,Industrials,Toro Company (The),4.542,0.11889035667106995,forecast_icc,0.07467766847804408,0.16389439556098656,2026-06-04
TPG,42.15,2.24,16198766592.0,153854054.0,7.421,Financial Services,TPG Inc.,2.88749,0.2735282200111515,forecast_icc,0.16049861216614125,0.07048381913829603,2026-06-04
TSCO,29.37,0.96,15403084800.0,524449616.0,4.898,Consumer Cyclical,Tractor Supply Company,2.1276,0.08526978755405135,forecast_icc,0.08833145519493238,0.16676881628074916,2026-06-04
TTD,21.03,0.0,9886379008.0,426999732.0,5.209,Communication Services,"The Trade Desk, Inc.",1.84989,0.16167988366875852,forecast_icc,0.107467213611558,0.22498041013683134,2026-06-04
TW,100.6,0.56,21933416448.0,116035961.0,30.634,Financial Services,Tradeweb Markets Inc.,4.04958,0.1288726238276563,forecast_icc,0.06164485349527127,0.16206529601539257,2026-06-04
TT,463.76,4.2,102516686848.0,221055477.0,38.737,Industrials,Trane Technologies plc,14.90007,0.14258322276338298,forecast_icc,0.05695263346377534,0.08352811894170238,2026-06-04
TDG,1228.09,0.0,68691472384.0,55933583.0,-164.367,Industrials,Transdigm Group Incorporated,40.01632,0.17157249842064437,forecast_icc,0.05949310006771513,,2026-06-04
TRU,70.61,0.5,13613607936.0,192800000.0,23.073,Financial Services,TransUnion,4.78026,0.168310928694255,forecast_icc,0.09729856690976868,0.32676674845588854,2026-06-04
TNL,70.62,2.4,4408420352.0,62424529.0,-15.557,Consumer Cyclical,Travel   Leisure Co.,7.36266,0.1514683551868481,forecast_icc,0.13274171575829363,,2026-06-04
TRV,293.43,5.0,62396329984.0,212644693.0,150.452,Financial Services,"The Travelers Companies, Inc.",28.1072,0.015682814367848685,forecast_icc,0.06983484436094145,0.5127355945364057,2026-06-04
TREX,40.13,0.0,4169456128.0,103898729.0,9.781,Industrials,"Trex Company, Inc.",1.67884,0.10522146243835029,forecast_icc,0.05601631448694733,0.24373286039022693,2026-06-04
TRMB,55.7,0.0,12984311808.0,233111519.0,24.73,Technology,Trimble Inc.,3.58773,0.1362839455588909,forecast_icc,0.08291392722863314,0.4439856305143654,2026-06-04
TFC,49.18,2.08,61272330240.0,1245879000.0,47.742,Financial Services,Truist Financial Corporation,4.54714,0.12707548041186345,forecast_icc,0.12118926934417773,0.9707604555762362,2026-06-04
TWLO,236.64,0.0,35915763712.0,151773860.0,51.175,Technology,Twilio Inc.,5.70236,0.15747164331960817,forecast_icc,0.04588253266761899,0.21625677648906347,2026-06-04
TYL,308.15,0.0,12677462016.0,41140555.0,85.87,Technology,"Tyler Technologies, Inc.",12.63745,0.13374771017887332,forecast_icc,0.0613174816793306,0.27866298896351593,2026-06-04
TSN,56.88,2.04,20029120512.0,282120397.0,51.396,Consumer Defensive,"Tyson Foods, Inc.",4.08124,0.11705266046593676,forecast_icc,0.09984520955205711,0.7239389226064485,2026-06-04
UHAL,56.44,0.0,10722352128.0,19607788.0,40.269,Industrials,U-Haul Holding Company,0.77,,forecast_icc,0.010000000000000002,0.07363925429291777,2026-06-04
UHAL-B,50.44,0.2,9689816064.0,170370092.0,40.269,Industrials,U-Haul Holding Company Series N,1.30075,0.04,forecast_icc,0.03055281799205456,0.7080251254961283,2026-06-04
USB,55.46,2.06,86025732096.0,1551131193.0,37.537,Financial Services,U.S. Bancorp,5.10555,0.10690131327672825,forecast_icc,0.11100691550867758,0.6768301782850892,2026-06-04
UBER,72.21,0.0,146990596096.0,2035599013.0,12.154,Technology,"Uber Technologies, Inc.",2.94877,0.5126679937736751,forecast_icc,0.14226020417914065,0.16831464774687893,2026-06-04
UI,581.3,3.2,35181486080.0,60522085.0,16.786,Technology,Ubiquiti Inc.,15.252,0.1299501704694468,forecast_icc,0.045953584421324994,0.028876657356084034,2026-06-04
UDR,38.9,1.73,14413059072.0,324915653.0,9.886,Real Estate,"UDR, Inc.",0.89546,0.01,forecast_icc,0.025738679493657463,0.22286151257078535,2026-06-04
UGI,34.36,1.5,7366567936.0,214393712.0,25.276,Utilities,UGI Corporation,2.91,0.1477663230240549,forecast_icc,0.12397720416545155,0.7356228180601686,2026-06-04
PATH,11.67,0.0,6073574400.0,455752691.0,3.635,Technology,"UiPath, Inc.",0.78515,0.15521874800993452,forecast_icc,0.09012607360915104,0.2727654133593885,2026-06-04
ULTA,462.52,0.0,19883415552.0,42989311.0,63.475,Consumer Cyclical,"Ulta Beauty, Inc.",28.75837,0.10720913598371529,forecast_icc,0.07366148292021577,0.13723731260299116,2026-06-04
RARE,23.31,0.0,2295783680.0,98489224.0,-2.408,Healthcare,Ultragenyx Pharmaceutical Inc.,0.96525,0.04,forecast_icc,0.041070315028104556,,2026-06-04
UAA,5.58,0.0,2378892800.0,188839506.0,3.37,Consumer Cyclical,"Under Armour, Inc.",0.10804,0.75,forecast_icc,0.13704978383463529,0.2675148435524291,2026-06-04
UA,5.41,0.0,2306417664.0,203035386.0,3.37,Consumer Cyclical,"Under Armour, Inc.",0.38,0.04,forecast_icc,0.060359967536440504,0.2966632026366583,2026-06-04
UNP,263.9,5.52,156680912896.0,593713213.0,31.129,Industrials,Union Pacific Corporation,12.57311,0.08847771156062412,forecast_icc,0.06490806656275239,0.11795756270417308,2026-06-04
UAL,104.94,0.0,34060347392.0,324569728.0,48.58,Industrials,"United Airlines Holdings, Inc.",9.27295,0.5332132708577098,forecast_icc,0.20988169258392764,0.4629311969361607,2026-06-04
UPS,110.22,6.56,93687693312.0,746581816.0,19.113,Industrials,"United Parcel Service, Inc.",7.1327,0.12192577845696584,forecast_icc,0.10929291800966101,0.1523083528344304,2026-06-04
URI,1084.62,7.88,67947708416.0,62646557.0,142.961,Industrials,"United Rentals, Inc.",46.90147,0.14426264251418974,forecast_icc,0.06885325907468787,0.131807453762018,2026-06-04
UTHR,547.69,0.0,23247650816.0,42446733.0,139.982,Healthcare,United Therapeutics Corporation,27.31271,0.15772070951582617,forecast_icc,0.07538180240062997,0.25558619345386163,2026-06-04
UWMC,2.62,0.4,4233155072.0,339225520.0,0.743,Financial Services,UWM Holdings Corporation,0.40232,0.27721714058460933,forecast_icc,0.3047652958559238,0.05954059255403531,2026-06-04
UNH,396.47,8.84,360051998720.0,908144404.0,107.798,Healthcare,UnitedHealth Group Incorporated,18.37334,0.13591377506757074,forecast_icc,0.07678273710492645,0.27189447860424865,2026-06-04
U,30.03,0.0,13109146624.0,436534997.0,7.479,Technology,Unity Software Inc.,1.031,0.2955480116391853,forecast_icc,0.08614622914028677,0.24905093643439594,2026-06-04
OLED,90.2,2.0,4216930304.0,46750891.0,36.448,Technology,Universal Display Corporation,4.2763,0.168683207445689,forecast_icc,0.08637518056048299,0.40407982876825843,2026-06-04
UHS,142.72,0.8,8639748096.0,53287606.0,123.312,Healthcare,"Universal Health Services, Inc.",23.39235,0.08358031578699876,forecast_icc,0.12479238118005864,0.7605547289178741,2026-06-04
UNM,84.91,1.84,13566601216.0,159776235.0,67.106,Financial Services,Unum Group,8.77415,0.11042437159155005,forecast_icc,0.1115801619678648,0.7903190972595917,2026-06-04
USFD,82.2,0.0,18102220800.0,220221656.0,19.533,Consumer Defensive,US Foods Holding Corp.,4.71491,0.17008596134390697,forecast_icc,0.08533422668499291,0.2376277283419281,2026-06-04
MTN,134.4,8.88,4789082112.0,35633051.0,8.47,Consumer Cyclical,"Vail Resorts, Inc.",4.76868,0.47061450967563356,forecast_icc,0.1627935015826193,0.06302083257535929,2026-06-04
VLO,258.85,4.8,76861046784.0,296932782.0,79.364,Energy,Valero Energy Corporation,29.26591,0.01,forecast_icc,0.07514405423456794,0.3066022946171173,2026-06-04
VMI,544.88,2.9,10578110464.0,19413651.0,83.582,Industrials,"Valmont Industries, Inc.",22.83531,0.1144687766445911,forecast_icc,0.06000972237447787,0.15339523853567502,2026-06-04
VVV,35.25,0.0,4495646720.0,127536079.0,2.769,Consumer Cyclical,Valvoline Inc.,1.74868,0.18005581352791822,forecast_icc,0.08025483267206679,0.07855319262074935,2026-06-04
VEEV,178.6,0.0,29147289600.0,163198698.0,44.052,Healthcare,Veeva Systems Inc.,8.86556,0.11470679799132832,forecast_icc,0.06521617157063461,0.24665171763675753,2026-06-04
VTR,79.1,2.0,38456025088.0,486169723.0,27.001,Real Estate,"Ventas, Inc.",0.535,0.5825607476635515,forecast_icc,0.0654383533332813,0.34135271808992124,2026-06-04
VLTO,84.74,0.52,20812081152.0,245599266.0,12.235,Industrials,Veralto Corp,4.24962,0.09446021056000298,forecast_icc,0.06304052586784559,0.14438282253292262,2026-06-04
VRSN,293.79,3.24,26734891008.0,91000000.0,-24.296,Technology,"VeriSign, Inc.",9.47795,0.09281964981878987,forecast_icc,0.04760463513051005,,2026-06-04
VRSK,180.0,2.0,23583930368.0,131021840.0,2.233,Industrials,"Verisk Analytics, Inc.",7.64958,0.13174056614872964,forecast_icc,0.06683831524207423,0.012405555993201957,2026-06-04
VZ,44.87,2.83,187357331456.0,4175558910.0,24.77,Communication Services,Verizon Communications Inc.,4.97301,0.06016476942535798,forecast_icc,0.11639833433327784,0.5520392151026645,2026-06-04
VSNT,40.22,1.5,5691050496.0,141120240.0,71.389,Communication Services,"Versant Media Group, Inc.",4.399,0.6124619231643555,forecast_icc,0.2937944486834402,1.7702237610509508,2026-06-04
VGNT,50.17,0.0,3556734976.0,70893660.0,,Consumer Cyclical,Versigent PLC,6.92795,0.10076573878275674,forecast_icc,0.11714100275573502,,2026-06-04
VRTX,441.74,0.0,112116006912.0,253805417.0,76.179,Healthcare,Vertex Pharmaceuticals Incorpor,19.14625,0.12145929359535179,forecast_icc,0.06096889406716832,0.17245211807105107,2026-06-04
VRT,323.92,0.25,124420530176.0,384108816.0,10.303,Industrials,"Vertiv Holdings, LLC",6.48942,0.3617226192787646,forecast_icc,0.07257670708803488,0.031807235716243346,2026-06-04
VFC,16.51,0.36,6468118016.0,391769705.0,9.454,Consumer Cyclical,V.F. Corporation,1.12385,0.2334920140588157,forecast_icc,0.12423329680252693,0.5726226364311904,2026-06-04
VTRS,15.9,0.48,18516387840.0,1164552654.0,12.779,Healthcare,Viatris Inc.,2.45688,0.08806290905538727,forecast_icc,0.1333840712322537,0.8037106639836941,2026-06-04
VICI,27.21,1.78,29299187712.0,1076780187.0,26.369,Real Estate,VICI Properties Inc.,2.895,0.013816925734024155,forecast_icc,0.09193267126472271,0.9690922844039765,2026-06-04
VIK,89.99,0.0,40149680128.0,318386000.0,2.454,Consumer Cyclical,Viking Holdings Ltd,3.30095,0.3114769990457291,forecast_icc,0.09289175097002367,0.01946016111483577,2026-06-04
VNOM,46.37,2.31,16646584320.0,194215015.0,26.319,Energy,"Viper Energy, Inc.",2.66365,0.01,forecast_icc,0.05634428103090483,0.3070626911518266,2026-06-04
VIRT,51.47,0.96,11075216384.0,87024431.0,18.633,Financial Services,"Virtu Financial, Inc.",6.43023,0.01,forecast_icc,0.08022665602298618,0.1464103423898395,2026-06-04
V,320.18,2.68,608900284416.0,1659709932.0,18.642,Financial Services,Visa Inc.,13.1207,0.1319289367183154,forecast_icc,0.06419100141854114,0.05081343094135527,2026-06-04
VST,153.7,0.92,51824943104.0,337182468.0,7.753,Utilities,Vistra Corp.,9.5502,0.1435195074448703,forecast_icc,0.08554397097175659,0.050442422467459114,2026-06-04
VNT,28.32,0.1,3987456000.0,140800000.0,8.75,Technology,Vontier Corporation,3.39529,0.09117630600037097,forecast_icc,0.10615516488954721,0.3089689265536723,2026-06-04
VNO,34.92,0.74,7151336960.0,188097756.0,25.708,Real Estate,Vornado Realty Trust,0.25,0.04,forecast_icc,0.011596646554929996,0.6761836476585212,2026-06-04
VOYA,83.94,1.86,7610530304.0,90666315.0,52.78,Financial Services,"Voya Financial, Inc.",9.45869,0.1661530296478686,forecast_icc,0.13644406823880872,0.6287824782965348,2026-06-04
VMC,283.06,2.08,36728418304.0,129754885.0,65.276,Basic Materials,Vulcan Materials Company (Holdi,9.25565,0.16652531156644867,forecast_icc,0.06179628525773373,0.2306083480958821,2026-06-04
WPC,73.98,3.72,16478239744.0,222739105.0,37.045,Real Estate,W. P. Carey Inc. REIT,3.01683,0.1477975225650765,forecast_icc,0.08394415309832373,0.5007434211976107,2026-06-04
WRB,66.31,0.36,24685670400.0,372276732.0,26.132,Financial Services,W.R. Berkley Corporation,4.67475,0.032553612492646655,forecast_icc,0.05966279108606154,0.394088367987932,2026-06-04
GWW,1289.37,9.27,60875182080.0,47213119.0,83.215,Industrials,"W.W. Grainger, Inc.",45.5791,0.10657340754863531,forecast_icc,0.052402069415816085,0.06453926811129466,2026-06-04
WAB,262.52,1.24,44543692800.0,169677346.0,65.311,Industrials,Westinghouse Air Brake Technolo,10.61696,0.14485219874615707,forecast_icc,0.06499493335623721,0.24878487722971188,2026-06-04
WMT,117.74,0.99,936984182784.0,7958079155.0,12.501,Consumer Defensive,Walmart Inc.,2.9081,0.13118187132491999,forecast_icc,0.045208916249731224,0.10617462849913308,2026-06-04
DIS,99.34,1.5,172505038848.0,1736511424.0,62.297,Communication Services,Walt Disney Company (The),6.81655,0.09945646991513302,forecast_icc,0.08237341457778291,0.627108940720558,2026-06-04
WM,219.01,3.54,87949099008.0,401575752.0,24.911,Industrials,"Waste Management, Inc.",8.20434,0.127137588154562,forecast_icc,0.06262680505373497,0.11374367299842436,2026-06-04
WAT,376.47,0.0,36964028416.0,98185855.0,43.011,Healthcare,Waters Corporation,14.50517,0.1355013419353237,forecast_icc,0.059125465467011445,0.11424814854803622,2026-06-04
WSO,369.06,13.2,15005070336.0,35003793.0,67.936,Industrials,"Watsco, Inc.",12.9095,0.09484333242960608,forecast_icc,0.06011459446172707,0.15848094197483942,2026-06-04
W,72.49,0.0,9568425984.0,111018505.0,-21.344,Consumer Cyclical,Wayfair Inc.,2.77172,0.3446415943890435,forecast_icc,0.1021121919045892,,2026-06-04
WFRD,103.73,1.1,7460814336.0,71925332.0,24.451,Energy,Weatherford International plc,5.9768,0.2576763485477178,forecast_icc,0.11335213869490424,0.23571773985128694,2026-06-04
WBS,72.9,1.6,11811731456.0,162026498.0,57.118,Financial Services,Webster Financial Corporation,6.54806,0.11911466907755885,forecast_icc,0.10622902557765623,0.7835116762718923,2026-06-04
WEC,111.23,3.81,36230467584.0,325725678.0,41.829,Utilities,"WEC Energy Group, Inc.",5.59444,0.07495120155011059,forecast_icc,0.06877386480306036,0.37605861291944626,2026-06-04
WFC,81.62,1.8,249772670976.0,3060189494.0,53.194,Financial Services,Wells Fargo & Company,6.98347,0.12735932136888972,forecast_icc,0.10610187166910723,0.6517275060868347,2026-06-04
WELL,200.85,2.96,141782925312.0,705914450.0,60.487,Real Estate,Welltower Inc.,2.97,0.13131313131313127,forecast_icc,0.03368403201687441,0.30115507380870876,2026-06-04
WEN,6.75,0.56,1285744384.0,190480640.0,0.617,Consumer Cyclical,Wendy's Company (The),0.57408,0.11677814938684494,forecast_icc,0.13704403388562936,0.0914074028574563,2026-06-04
WCC,365.33,2.0,17793357824.0,48704892.0,103.407,Industrials,"WESCO International, Inc.",16.0705,0.17028717214772415,forecast_icc,0.07475828911348426,0.28305094613737136,2026-06-04
WST,317.32,0.88,22417895424.0,70647595.0,42.178,Healthcare,"West Pharmaceutical Services, I",8.60955,0.10783722726507183,forecast_icc,0.042221220244433824,0.13291944696645935,2026-06-04
WAL,80.74,1.68,8815626240.0,109185360.0,68.061,Financial Services,Western Alliance Bancorporation,9.31464,0.23544441867855337,forecast_icc,0.1604676434389093,0.8429650469119708,2026-06-04
WDC,575.5,0.6,198364577792.0,344682131.0,20.915,Technology,Western Digital Corporation,9.92767,0.75,forecast_icc,0.13113626232421505,0.0363423089450184,2026-06-04
WU,7.71,0.94,2408874752.0,312435104.0,3.034,Financial Services,Western Union Company (The),1.75155,0.09537266992092719,forecast_icc,0.21723857730811458,0.3935148993317191,2026-06-04
WLK,85.25,2.12,10922480640.0,128122944.0,68.735,Basic Materials,Westlake Corporation,3.85248,0.01,forecast_icc,0.040814607863684516,0.8062756846268945,2026-06-04
WEX,146.87,0.0,5091709952.0,34668143.0,36.726,Technology,WEX Inc.,19.29514,0.052479018032520086,forecast_icc,0.09628772575401967,0.2500578846440152,2026-06-04
WY,24.7,0.84,17809754112.0,721042609.0,13.091,Real Estate,Weyerhaeuser Company,0.32324,0.75,forecast_icc,0.1367629679515402,0.529999950311442,2026-06-04
WHR,40.0,4.45,2592924672.0,64823121.0,58.185,Consumer Cyclical,Whirlpool Corporation,2.86911,0.7053302243552879,forecast_icc,0.33478073426114985,1.4546250942476282,2026-06-04
WTM,2015.54,1.0,4991827456.0,2476670.0,2197.768,Financial Services,White Mountains Insurance Group,90.0,0.04,forecast_icc,0.04360268781405613,1.0904115017071616,2026-06-04
WMB,72.43,2.1,88581767168.0,1222998265.0,10.452,Energy,"Williams Companies, Inc. (The)",2.38226,0.07790081687137418,forecast_icc,0.05118301721595475,0.14430484144143102,2026-06-04
WSM,208.09,3.04,24501891072.0,117746611.0,17.534,Consumer Cyclical,"Williams-Sonoma, Inc.",9.35478,0.09079422498444645,forecast_icc,0.06070890892846126,0.08426162173389651,2026-06-04
WTW,258.59,3.84,24423301120.0,94447976.0,83.887,Financial Services,Willis Towers Watson Public Lim,19.50171,0.13699567884047092,forecast_icc,0.09833352104589477,0.32440157551937027,2026-06-04
WSC,26.48,0.28,4792738816.0,180994679.0,4.726,Industrials,WillScot Holdings Corporation,1.10631,0.23238513617340528,forecast_icc,0.08914021515589743,0.17847433081444178,2026-06-04
WING,144.48,1.2,3934558976.0,27232553.0,-26.806,Consumer Cyclical,Wingstop Inc.,4.56775,0.22493350117672795,forecast_icc,0.07274563915057977,,2026-06-04
WTFC,152.49,2.1,10285109248.0,67447756.0,102.034,Financial Services,Wintrust Financial Corporation,13.02518,0.06445822629706455,forecast_icc,0.08198527964245594,0.669119225645779,2026-06-04
WWD,360.36,1.28,21471279104.0,59582861.0,42.378,Industrials,"Woodward, Inc.",9.40443,0.14436387957590213,forecast_icc,0.04763130974900476,0.11759907135609839,2026-06-04
WDAY,147.91,0.0,36529848320.0,201000000.0,30.12,Technology,"Workday, Inc.",10.73076,0.17794079822864362,forecast_icc,0.10035896678335099,0.1657307730096811,2026-06-04
WH,79.69,1.68,5965632000.0,74860482.0,6.207,Consumer Cyclical,"Wyndham Hotels & Resorts, Inc.",4.79723,0.11963570643892418,forecast_icc,0.08429851948275269,0.07788931864620546,2026-06-04
WYNN,103.6,1.0,10752305152.0,103786729.0,-2.688,Consumer Cyclical,"Wynn Resorts, Limited",4.72101,0.09902965678954301,forecast_icc,0.06144698265963347,,2026-06-04
XEL,77.77,2.37,48549441536.0,624269560.0,37.859,Utilities,Xcel Energy Inc.,4.11196,0.1021337756203855,forecast_icc,0.07736983084015259,0.48680727366379567,2026-06-04
XP,15.64,0.2,8080835584.0,414924961.0,9.08312,Financial Services,XP Inc.,10.87739,0.13379128632879755,forecast_icc,0.29331611725732365,0.4663890475906408,2026-06-04
XPO,219.26,0.0,25743312896.0,117409981.0,15.912,Industrials,"XPO, Inc.",4.87655,0.2243368775056136,forecast_icc,0.05391504246331247,0.07257137514582615,2026-06-04
XYL,110.18,1.72,26189068288.0,237693493.0,47.13,Industrials,Xylem Inc.,5.52994,0.10181846457646926,forecast_icc,0.06854637240552186,0.42775459599771465,2026-06-04
YETI,47.82,0.0,3622762752.0,75758323.0,8.671,Consumer Cyclical,"YETI Holdings, Inc.",2.87713,0.14968388637287844,forecast_icc,0.08279282930987752,0.1813258178086181,2026-06-04
YUM,148.08,3.0,40813989888.0,275621202.0,-26.444,Consumer Cyclical,"Yum! Brands, Inc.",6.76749,0.10744899512226835,forecast_icc,0.06785652777874784,,2026-06-04
ZBRA,245.48,0.0,11693044736.0,47633392.0,71.719,Technology,Zebra Technologies Corporation,18.541,0.11685561728062122,forecast_icc,0.08607413222718396,0.29215822892820237,2026-06-04
ZG,35.98,0.0,8232288768.0,42360248.0,20.312,Communication Services,"Zillow Group, Inc.",2.31522,0.3154689403166868,forecast_icc,0.12803096768039846,0.10451787851764532,2026-06-04
Z,35.92,0.0,8218560512.0,180224115.0,20.312,Communication Services,"Zillow Group, Inc.",2.30512,0.30899042132296795,forecast_icc,0.12623300918959057,0.44542012175185164,2026-06-04
ZBH,86.69,0.96,16771262464.0,193462482.0,65.529,Healthcare,"Zimmer Biomet Holdings, Inc.",8.47785,0.06217850044527795,forecast_icc,0.08727033887494762,0.7559003390585778,2026-06-04
ZION,63.05,1.8,9274139648.0,147091817.0,48.181,Financial Services,Zions Bancorporation N.A.,6.54809,0.030124815022395834,forecast_icc,0.084426412480609,0.7641712443272668,2026-06-04
ZTS,79.52,2.12,33337018368.0,419228118.0,7.839,Healthcare,Zoetis Inc.,6.89611,0.07659100565391208,forecast_icc,0.0921035146839555,0.09857897850146453,2026-06-04
ZM,105.21,0.0,30850961408.0,264645644.0,33.189,Technology,"Zoom Communications, Inc.",6.07716,0.0364413640582113,forecast_icc,0.05151934755654597,0.28470180110621723,2026-06-04
GTM,3.03,0.0,892995648.0,294718034.0,4.977,Technology,ZoomInfo Technologies Inc.,1.10577,0.01,forecast_icc,0.14526573111571922,1.6425742482655417,2026-06-04
ZS,135.26,0.0,21872828416.0,161709525.0,14.635,Technology,"Zscaler, Inc.",4.12727,0.11407782868578975,forecast_icc,0.046303060028045295,0.10819903367613012,2026-06-04
