ticker,price,dividend,mktcap,shares,bvps,sector,name,FE1,g2,icc_method,ICC,bm,date
A,135.51,1.02,38272348160.0,282431944.0,25.236,Healthcare,"Agilent Technologies, Inc.",6.05889,0.09041094986045306,forecast_icc,0.057859011490472706,0.18622982078306846,2026-06-25
AA,53.08,0.4,14007274496.0,263889875.0,25.867,Basic Materials,Alcoa Corporation,7.79724,0.01,forecast_icc,0.08531009115633215,0.4873210272686727,2026-06-25
AACB,10.49,0.0,290310752.0,22175000.0,-0.564,Financial Services,Artius II Acquisition Inc.,0.33,0.04,trailing_eps_fallback_icc,0.03420760327694483,,2026-06-25
AAL,17.57,0.0,11620537344.0,661385137.0,-6.164,Industrials,"American Airlines Group, Inc.",0.08869,0.75,forecast_icc,0.06436708825179077,,2026-06-25
AAME,1.68,0.02,34267340.0,20397228.0,5.365,Financial Services,Atlantic American Corporation,0.23,0.04,trailing_eps_fallback_icc,0.09791539323953258,3.1934526642569865,2026-06-25
AAMI,69.77,0.4,2485834496.0,35628988.0,2.175,Financial Services,Acadian Asset Management Inc.,4.795,0.22141188738269046,forecast_icc,0.11167442723578447,0.031173856917946635,2026-06-25
AAOI,138.54,0.0,11116832768.0,80242767.0,14.005,Technology,"Applied Optoelectronics, Inc.",0.88833,0.75,forecast_icc,0.07473963892667129,0.1010899394897689,2026-06-25
AAON,133.26,0.4,10915554304.0,81911710.0,11.413,Industrials,"AAON, Inc.",2.26,0.45663716814159305,forecast_icc,0.0823872845621415,0.08564460587103868,2026-06-25
AAP,59.2,1.0,3571489280.0,60329208.0,36.883,Consumer Cyclical,Advance Auto Parts Inc.,2.93917,0.3640279398605728,forecast_icc,0.13611229566282457,0.6230236196212242,2026-06-25
AAPL,275.15,1.08,4041225797632.0,14687356000.0,7.26,Technology,Apple Inc.,8.75958,0.10537034880667795,forecast_icc,0.04735831420961216,0.026385609193745403,2026-06-25
AAT,24.57,1.36,1905955584.0,61390936.0,18.514,Real Estate,"American Assets Trust, Inc.",0.46,0.01,forecast_icc,0.0215255091095952,0.5963369758694229,2026-06-25
ABBV,243.14,6.92,429577994240.0,1766792821.0,-3.767,Healthcare,AbbVie Inc.,14.24536,0.14366853487732145,forecast_icc,0.09351632719152447,,2026-06-25
ABCB,90.43,0.8,6085261312.0,67292503.0,60.842,Financial Services,Ameris Bancorp,6.74,0.06210237388724038,forecast_icc,0.07274507841662337,0.6728076671830523,2026-06-25
ABEO,5.56,0.0,316892992.0,56995144.0,2.549,Healthcare,Abeona Therapeutics Inc.,0.28667,0.04,forecast_icc,0.04838159657758412,0.45845324990967296,2026-06-25
ABEV,3.14,0.15,48719290368.0,15515697304.0,1.1111977,Consumer Defensive,Ambev S.A.,0.19645,0.11300585390684659,forecast_icc,0.09766248240045494,0.3538846117804973,2026-06-25
ABG,203.05,0.0,3780547328.0,18618800.0,211.205,Consumer Cyclical,Asbury Automotive Group Inc,25.94384,0.1406653756729921,forecast_icc,0.1254315092984396,1.0401625248480424,2026-06-25
ABM,44.83,1.16,2626182912.0,58580923.0,29.846,Industrials,ABM Industries Incorporated,3.99124,0.0876920455798198,forecast_icc,0.09702716902068376,0.665759502077668,2026-06-25
ABNB,141.88,0.0,84206477312.0,417930233.0,12.834,Consumer Cyclical,"Airbnb, Inc.",5.08326,0.1888925610730121,forecast_icc,0.06687488307809109,0.06369719743112486,2026-06-25
ABR,5.12,1.07,1067680896.0,192361203.0,11.625,Real Estate,Arbor Realty Trust,0.312,0.75,forecast_icc,0.3217240518044754,2.094445066173592,2026-06-25
ABT,93.24,2.52,162406645760.0,1741813154.0,29.889,Healthcare,Abbott Laboratories,5.48325,0.10504718916700861,forecast_icc,0.08165003046139752,0.32055987066465474,2026-06-25
ABTC,0.7058,0.0,1267079040.0,330788302.0,0.656,Financial Services,American Bitcoin Corp.,0.01,,forecast_icc,0.010000000000000002,0.1712577662968839,2026-06-25
ABUS,4.41,0.0,871141248.0,197537710.0,1.321,Healthcare,Arbutus Biopharma Corporation,0.83,0.04,trailing_eps_fallback_icc,0.11367462989611632,0.29954650351948436,2026-06-25
ABX,9.24,0.2,886322688.0,95922367.0,4.351,Financial Services,"Abacus Global Management, Inc.",1.014,0.12031558185404334,forecast_icc,0.11873686205126666,0.47088743689815143,2026-06-25
ACA,144.96,0.2,7118523392.0,48815089.0,53.698,Industrials,"Arcosa, Inc.",4.38375,0.15985172512118617,forecast_icc,0.054919534261783975,0.36823263825583,2026-06-25
ACAD,23.72,0.0,4061714688.0,171235870.0,7.295,Healthcare,ACADIA Pharmaceuticals Inc.,0.39722,0.75,forecast_icc,0.12744806433554856,0.30754638560422687,2026-06-25
ACCL,1.69,0.0,23575332.0,13949900.0,0.175,Industrials,Acco Group Holdings Limited,0.07,0.01,trailing_eps_fallback_icc,0.034047659925292906,0.10355029146567268,2026-06-25
ACCO,4.0,0.3,,,7.369,Industrials,Acco Brands Corporation,0.87,0.09962068965517235,forecast_icc,0.18748326524608488,,2026-06-25
ACCS,6.5,0.0,25233936.0,3882144.0,7.711,Communication Services,ACCESS Newswire Inc.,0.44,0.40909090909090917,forecast_icc,0.1551502241809507,1.1863076923076923,2026-06-25
ACEL,13.14,0.0,1069502656.0,81392900.0,3.338,Consumer Cyclical,"Accel Entertainment, Inc.",0.86467,0.1275978118819896,forecast_icc,0.08176262771785192,0.25403349741657866,2026-06-25
ACFN,16.23,0.0,40709028.0,2508258.0,3.343,Technology,"Acorn Energy, Inc.",0.77,0.04,trailing_eps_fallback_icc,0.045495945357650266,0.20597658322866366,2026-06-25
ACGL,94.33,0.0,32957921280.0,349389588.0,66.454,Financial Services,Arch Capital Group Ltd.,9.28322,0.0655236006471891,forecast_icc,0.08471061203315478,0.7044842265292284,2026-06-25
ACH,3.17,0.0,242770352.0,76583702.0,-6.069,Healthcare,"Accendra Health, Inc.",0.41938,0.6404454194286804,forecast_icc,0.28124032926525533,,2026-06-25
ACHC,26.24,0.0,2413214720.0,91967027.0,21.576,Healthcare,"Acadia Healthcare Company, Inc.",1.50721,0.1604952196442433,forecast_icc,0.08307144681247947,0.8222561208942071,2026-06-25
ACI,13.76,0.68,6739351552.0,489778423.0,3.676,Consumer Defensive,"Albertsons Companies, Inc.",2.28733,0.07677510459793746,forecast_icc,0.1429121251680151,0.267151144892226,2026-06-25
ACIC,10.76,0.0,521473152.0,48464047.0,6.948,Financial Services,American Coastal Insurance Corp,0.955,0.25654450261780104,forecast_icc,0.13477336959663788,0.6457248992868573,2026-06-25
ACIU,2.45,0.0,249345264.0,101773573.0,0.3959808,Healthcare,AC Immune SA,0.1432426,0.04,forecast_icc,0.0530083635870221,0.16162480974733254,2026-06-25
ACIW,46.66,0.0,4743528960.0,101661570.0,14.804,Technology,"ACI Worldwide, Inc.",3.48333,0.0985666014991402,forecast_icc,0.08035508008090236,0.317273889328168,2026-06-25
ACLS,180.7,0.0,5553614848.0,30733897.0,33.991,Technology,"Axcelis Technologies, Inc.",3.834,0.26447574334898283,forecast_icc,0.058595231565512565,0.18810737177843992,2026-06-25
ACM,70.14,1.19,9014597632.0,128522920.0,17.711,Industrials,AECOM,5.99369,0.12113072247647105,forecast_icc,0.10161248683881052,0.2525092665300671,2026-06-25
ACMR,106.86,0.0,7385039872.0,64117679.0,23.885,Technology,"ACM Research, Inc.",1.67667,0.34393172180572207,forecast_icc,0.05888813949256852,0.20737203718038372,2026-06-25
ACN,125.82,6.52,76994551808.0,611942109.0,52.121,Technology,Accenture plc,13.8563,0.05860366764576397,forecast_icc,0.10981674930910235,0.41425053999567535,2026-06-25
ACNB,58.39,1.68,596281216.0,10212044.0,41.156,Financial Services,ACNB Corporation,5.4,0.014351851851851727,forecast_icc,0.0713296747963941,0.704846759526297,2026-06-25
ACNT,14.44,0.0,130511824.0,9038215.0,8.862,Basic Materials,Ascent Industries Co.,0.8,0.04,forecast_icc,0.05098690281519533,0.613711914178749,2026-06-25
ACP,5.18,0.93,649938112.0,125470678.0,5.888,Financial Services,Aberdeen Income Credit Strategi,0.33,0.459,trailing_eps_fallback_icc,0.22987497127078294,1.1366795367494928,2026-06-25
ACR,17.02,0.0,124002296.0,7131101.0,64.131,Real Estate,ACRES Commercial Realty Corp.,0.58,0.3448275862068968,forecast_icc,0.09564157215497116,3.688033633111116,2026-06-25
ACRE,4.43,0.6,245781312.0,55481113.0,8.9,Real Estate,Ares Commercial Real Estate Cor,0.3775,0.39735099337748325,forecast_icc,0.2506697507116339,2.0090294973280964,2026-06-25
ACT,44.64,0.87,6231777280.0,139600745.0,38.088,Financial Services,"Enact Holdings, Inc.",4.7799,0.03685432749639128,forecast_icc,0.0855966370017826,0.8532258032751775,2026-06-25
ACU,47.56,0.64,181220672.0,3810359.0,30.634,Consumer Defensive,Acme,1.41,0.15602836879432624,forecast_icc,0.058466802924940095,0.6441127069984599,2026-06-25
ACV,27.55,2.16,286410560.0,10396028.0,,Financial Services,568516,5.14,0.04,trailing_eps_fallback_icc,0.14703621055965577,,2026-06-25
ACVA,6.57,0.0,1147022848.0,174584894.0,2.475,Consumer Cyclical,ACV Auctions Inc.,0.19696,0.6906478472786353,forecast_icc,0.15687983116923887,0.37671229775712367,2026-06-25
AD,35.89,0.0,3102437376.0,53437077.0,21.504,Communication Services,"Array Digital Infrastructure, I",5.005,0.01,forecast_icc,0.08015967639273033,0.3703897176772538,2026-06-25
ADAM,9.33,0.96,838404096.0,89861108.0,10.193,Real Estate,"Adamas Trust, Inc.",1.08693,0.03313920859668973,forecast_icc,0.12702337428793642,1.0924973747313371,2026-06-25
ADBE,193.41,0.0,76880478208.0,397500000.0,28.867,Technology,Adobe Inc.,24.42773,0.12737081996567023,forecast_icc,0.12024556343656967,0.14925287624974706,2026-06-25
ADC,75.98,3.2,9151827968.0,120102859.0,50.567,Real Estate,Agree Realty Corporation,1.90286,0.0265862964169723,forecast_icc,0.031435607748128536,0.6636096408595648,2026-06-25
ADEA,30.38,0.2,3350724096.0,110293749.0,4.232,Technology,Adeia Inc.,1.42025,0.09012497799683139,forecast_icc,0.059243948851273154,0.1393021724245242,2026-06-25
ADI,417.93,4.4,203568283648.0,487087040.0,69.273,Technology,"Analog Devices, Inc.",12.34056,0.19778194830704598,forecast_icc,0.06541637582518905,0.16575264042735127,2026-06-25
ADM,76.54,2.08,36888952832.0,481956527.0,47.311,Consumer Defensive,Archer-Daniels-Midland Company,4.67415,0.14940470459869704,forecast_icc,0.09668658344478809,0.6181212395142082,2026-06-25
ADMA,8.72,0.0,2021058176.0,231772715.0,1.68,Healthcare,ADMA Biologics Inc,0.81333,0.22643945262070764,forecast_icc,0.12977816632655736,0.19266054081166636,2026-06-25
ADNT,20.29,0.0,1591007616.0,78413387.0,21.846,Consumer Cyclical,Adient plc,2.12119,0.5560039411839581,forecast_icc,0.23217674741256433,1.076688027873023,2026-06-25
ADP,216.31,6.8,86466519040.0,399734282.0,15.851,Technology,"Automatic Data Processing, Inc.",11.07361,0.1011260103976932,forecast_icc,0.0760460406455924,0.07327909316033454,2026-06-25
ADSE,11.45,0.0,858773440.0,75002051.0,-0.3090098,Industrials,ADS-TEC ENERGY PLC,0.82425,0.04,forecast_icc,0.06139994390434411,,2026-06-25
ADSK,189.73,0.0,40060588032.0,211145251.0,15.114,Technology,"Autodesk, Inc.",12.61464,0.13092406917676613,forecast_icc,0.08316380297792239,0.07966057115948627,2026-06-25
ADT,6.3,0.22,4791473664.0,705806827.0,4.767,Industrials,ADT Inc.,0.91384,0.05974787709008145,forecast_icc,0.11935714358255434,0.702201740059277,2026-06-25
ADTN,14.04,0.0,1137213312.0,80998100.0,1.707,Technology,"ADTRAN Holdings, Inc.",0.56571,0.3434445210443513,forecast_icc,0.10491510759410982,0.12158119786413477,2026-06-25
ADUS,96.86,0.0,1807870208.0,18664776.0,61.046,Healthcare,Addus HomeCare Corporation,6.98778,0.06942262063201765,forecast_icc,0.07037977253232372,0.6302498435197401,2026-06-25
ADV,42.1,0.0,559731264.0,13295280.0,36.544,Communication Services,Advantage Solutions Inc.,4.71,0.75,forecast_icc,0.29357743698443606,0.8680285407820277,2026-06-25
ADVB,4.99,0.0,8244143.0,1652133.0,6.663,Healthcare,Advanced Biomed Inc.,4.0,0.04,trailing_eps_fallback_icc,0.24893398850163406,1.335270649599358,2026-06-25
AEBI,13.2,0.1,1023080896.0,77506125.0,10.558,Industrials,Aebi Schmidt Holding AG,0.72,0.75,forecast_icc,0.23040201268702132,0.7998484488855122,2026-06-25
AEE,114.53,3.0,31696361472.0,276751616.0,48.992,Utilities,Ameren Corporation,5.3707,0.08846146684789691,forecast_icc,0.06636100393870928,0.42776566588090675,2026-06-25
AEF,9.37,0.79,380435328.0,40601424.0,7.632,Financial Services,27762,2.29,0.75,trailing_eps_fallback_icc,0.4,0.8145144395422709,2026-06-25
AEG,8.36,0.46,12644712448.0,1504328323.0,5.690397,Financial Services,Aegon Ltd. New York Registry Sh,0.926,0.01,forecast_icc,0.08718389823640826,0.6769806281809273,2026-06-25
AEHR,98.79,0.0,3107267072.0,31453254.0,4.484,Technology,Aehr Test Systems,0.15,0.04,forecast_icc,0.010000000000000002,0.04538920783697604,2026-06-25
AEIS,375.15,0.4,15009997824.0,40010657.0,36.432,Industrials,"Advanced Energy Industries, Inc",9.33227,0.26221594531662706,forecast_icc,0.0653268128213515,0.09711315570567801,2026-06-25
AEM,156.18,1.8,78095654912.0,500036237.0,52.546,Basic Materials,Agnico Eagle Mines Limited,13.47416,0.07225311262446055,forecast_icc,0.08422815641160264,0.33644514715971297,2026-06-25
AENT,5.76,0.0,293613888.0,50974630.0,2.353,Communication Services,Alliance Entertainment Holding ,0.45667,0.0291895679593579,forecast_icc,0.06189616022704614,0.4085069177313575,2026-06-25
AEO,18.05,0.5,3024698368.0,167573333.0,9.818,Consumer Cyclical,"American Eagle Outfitters, Inc.",1.71,0.06432748538011701,forecast_icc,0.09290756858007032,0.5439335706329842,2026-06-25
AEP,137.0,3.8,74542391296.0,544105032.0,58.473,Utilities,American Electric Power Company,6.35921,0.078950058261954,forecast_icc,0.06393065529227526,0.4268102080304907,2026-06-25
AER,150.11,1.6,23670110208.0,157685101.0,116.673,Industrials,AerCap Holdings N.V.,17.19814,0.01,forecast_icc,0.07333820877798342,0.7772500266076074,2026-06-25
AERO,18.31,0.0,2671491328.0,145903409.0,-3.994,Industrials,"Grupo Aeromexico, S.A.B. de C.V",1.11881,0.7225981176428524,forecast_icc,0.2236506057090727,,2026-06-25
AERT,7.23,0.0,41495492.0,5739349.0,-0.5,Industrials,"Aeries Technology, Inc.",0.4,0.04,trailing_eps_fallback_icc,0.05093573269525087,,2026-06-25
AES,14.66,0.7,10454891520.0,713157713.0,6.198,Utilities,The AES Corporation,2.02,0.17799009900990104,forecast_icc,0.1702196216650852,0.42278310556530774,2026-06-25
AESI,16.64,1.0,2078428800.0,124905584.0,9.358,Energy,Atlas Energy Solutions Inc.,0.3425,0.04,forecast_icc,0.02901867227169802,0.5623798395557259,2026-06-25
AEYE,5.98,0.0,74710624.0,12493415.0,0.256,Technology,"AudioEye, Inc.",0.94,0.19680851063829796,forecast_icc,0.15974624969254736,0.04280936323058954,2026-06-25
AFBI,22.55,0.0,137439648.0,6094885.0,10.215,Financial Services,"Affinity Bancshares, Inc.",1.37,0.04,trailing_eps_fallback_icc,0.054486410710523736,0.45299337695480707,2026-06-25
AFCG,3.17,0.2,72304736.0,22809064.0,7.897,Financial Services,Advanced Flower Capital Inc.,1.14,0.01,forecast_icc,0.16954382841938298,2.4911670849334127,2026-06-25
AFG,135.89,3.52,11290567680.0,83086083.0,56.303,Financial Services,"American Financial Group, Inc.",11.61857,0.038484942639240405,forecast_icc,0.07720772572062878,0.4143277702002137,2026-06-25
AFJK,28.2,0.0,89290568.0,3166332.0,-1.323,Financial Services,"Aimei Health Technology Co., Lt",0.15,0.01,trailing_eps_fallback_icc,0.010000000000000002,,2026-06-25
AFL,118.23,2.44,60177285120.0,508984904.0,58.686,Financial Services,AFLAC Incorporated,7.04354,0.07800622982193617,forecast_icc,0.07157607611359712,0.49637147997918857,2026-06-25
AFRM,76.85,0.0,25736953856.0,294357801.0,11.299,Financial Services,"Affirm Holdings, Inc.",3.10274,0.21728536712712,forecast_icc,0.0782459896336726,0.12922853310877072,2026-06-25
AFYA,14.73,0.66,1347097088.0,52878489.0,10.342038,Consumer Defensive,Afya Limited,9.13909,0.11731474359044514,forecast_icc,0.2853850465598201,0.4059628273953941,2026-06-25
AG,16.5,0.04,8147197952.0,493769568.0,5.864,Basic Materials,First Majestic Silver Corp.,1.0525,0.04988123515439424,forecast_icc,0.06004431110862163,0.3553939359042101,2026-06-25
AGBK,6.87,0.0,1098719488.0,58700711.0,5.688331,Financial Services,AGI Inc,7.42538,0.3545219234571162,forecast_icc,0.4,0.3039074829838105,2026-06-25
AGCC,15.1,0.0,344076160.0,22786500.0,0.496,Consumer Defensive,Agencia Comercial Spirits Ltd,0.04,0.01,trailing_eps_fallback_icc,0.010000000000000002,0.032847681164542175,2026-06-25
AGCO,118.86,1.2,8606477312.0,72408527.0,59.341,Industrials,AGCO Corporation,5.98687,0.3512235942988575,forecast_icc,0.12818300976955566,0.49925123194317667,2026-06-25
AGD,12.01,1.44,313686176.0,26118747.0,11.625,Financial Services,"""abrdn Global Dynamic Dividend ",1.8,0.75,trailing_eps_fallback_icc,0.4,0.9679433048238631,2026-06-25
AGEN,2.88,0.0,119930208.0,41642431.0,-5.743,Healthcare,Agenus Inc.,0.5,0.01,forecast_icc,0.09248598550940945,,2026-06-25
AGI,31.11,0.16,13065123840.0,419965411.0,10.972,Basic Materials,Alamos Gold Inc.,2.51598,0.372554630799927,forecast_icc,0.1633650617897765,0.3526840270265666,2026-06-25
AGM,193.28,6.2,2096894336.0,9317917.0,111.446,Financial Services,Federal Agricultural Mortgage C,19.52,0.09375,forecast_icc,0.1092372207126947,0.49522980731729155,2026-06-25
AGM-A,144.0,6.2,1562255744.0,1030780.0,111.446,Financial Services,Federal Agricultural Mortgage C,17.35,0.185,trailing_eps_fallback_icc,0.160130526626867,0.0735323318996867,2026-06-25
AGMH,1.04,0.0,2390888.0,2298931.0,18.112,Technology,AGM Group Holdings Inc.,32.59,0.04,trailing_eps_fallback_icc,0.4,17.415386363560316,2026-06-25
AGNC,10.62,1.44,12191007744.0,1147929272.0,8.898,Real Estate,AGNC Investment Corp.,1.56625,0.01,forecast_icc,0.14373006779603703,0.8378531846379246,2026-06-25
AGNT,5.15,0.2,846268224.0,164323924.0,1.557,Real Estate,"AGNT, Inc.",0.27,0.29629629629629606,forecast_icc,0.1393286738157148,0.30233009158571456,2026-06-25
AGO,77.19,1.52,3418163456.0,44282464.0,124.346,Financial Services,Assured Guaranty Ltd.,7.26239,0.01,forecast_icc,0.06683812680384346,1.6109081205226017,2026-06-25
AGRO,9.3,0.3,1342068736.0,144308466.0,12.171,Consumer Defensive,Adecoagro S.A.,1.90809,0.01,forecast_icc,0.1142559637528483,1.308709675274039,2026-06-25
AGRZ,0.3481,0.0,7544540.0,21673485.0,0.18707183,Consumer Defensive,Agroz Inc.,0.09,0.04,trailing_eps_fallback_icc,0.13660159122677856,0.5374083113652456,2026-06-25
AGX,753.07,2.0,10557474816.0,14019247.0,33.773,Industrials,"Argan, Inc.",12.23755,0.3275949842901562,forecast_icc,0.0595360891438691,0.044847090538491896,2026-06-25
AGYS,97.51,0.0,2746528000.0,28166629.0,11.633,Technology,"Agilysys, Inc.",2.4475,0.3023493360572014,forecast_icc,0.07217060287517785,0.11930058428568723,2026-06-25
AHCO,10.02,0.0,1363262592.0,136054152.0,11.325,Healthcare,AdaptHealth Corp.,0.84073,0.39859407895519383,forecast_icc,0.1692702309640301,1.1302395301110117,2026-06-25
AHMA,1.77,0.0,52613248.0,10965000.0,0.42,Consumer Cyclical,Ambitions Enterprise Management,0.04,0.042,trailing_eps_fallback_icc,0.027506915123410025,0.08753118606173106,2026-06-25
AHR,50.92,1.0,10526299136.0,206722308.0,18.33,Real Estate,"American Healthcare REIT, Inc.",0.55,0.5636363636363635,forecast_icc,0.08804085943357187,0.3599764605473587,2026-06-25
AIFU,48.3,0.0,286211584.0,5925706.0,3.372733,Financial Services,AIFU Inc.,0.54,0.04,forecast_icc,0.015893631857202876,0.06982884443453555,2026-06-25
AIG,74.85,2.0,39685935104.0,530206221.0,75.82,Financial Services,"American International Group, I",8.02723,0.10880091887238819,forecast_icc,0.11571236738760982,1.0129592655653,2026-06-25
AII,17.7,0.0,346757472.0,19590817.0,17.133,Financial Services,American Integrity Insurance Gr,2.795,0.07752057245080501,forecast_icc,0.1175981144992505,0.9679660707095014,2026-06-25
AIIR,6.5,0.0,1042512960.0,160386602.0,,Consumer Defensive,Air Global PLC,0.536,0.17350746268656714,forecast_icc,0.10683006676344953,,2026-06-25
AIN,75.06,1.12,2128323584.0,28354963.0,25.724,Consumer Cyclical,Albany International Corporatio,2.64,0.17855303030303027,forecast_icc,0.07104252459580207,0.342712486811404,2026-06-25
AIO,27.89,2.16,960504832.0,34439039.0,,Financial Services,AllianzGI Artificial Intelligen,4.33,0.04,trailing_eps_fallback_icc,0.13434645283860386,,2026-06-25
AIOT,3.71,0.0,497811072.0,134180878.0,3.637,Technology,"PowerFleet, Inc.",0.1,0.75,forecast_icc,0.16065419916453705,0.9803234213440717,2026-06-25
AIP,43.59,0.0,2012636800.0,46171982.0,0.056,Technology,"Arteris, Inc.",0.16,0.04,forecast_icc,0.010000000000000002,0.001284698258523346,2026-06-25
AIR,138.51,0.0,5507748352.0,39764268.0,41.893,Industrials,AAR Corp.,4.90143,0.15243306545232715,forecast_icc,0.059106771031559924,0.3024547188542285,2026-06-25
AIRG,6.16,0.0,78082800.0,12675780.0,2.213,Technology,"Airgain, Inc.",0.12,0.75,forecast_icc,0.1374633623796867,0.35925326883769537,2026-06-25
AIRI,3.02,0.0,14648987.0,4850658.0,4.004,Industrials,Air Industries Group,0.26,0.04,forecast_icc,0.06938898937590954,1.3258278290505685,2026-06-25
AISP,2.58,0.0,88854064.0,34439562.0,-0.209,Technology,"Airship AI Holdings, Inc",0.04,0.04,forecast_icc,0.02057233184525653,,2026-06-25
AIT,343.54,2.04,12697080832.0,36959541.0,50.197,Industrials,Applied Industrial Technologies,10.7075,0.10051365865047868,forecast_icc,0.04634267414457771,0.14611689916167656,2026-06-25
AIV,2.9,0.0,417182912.0,143856183.0,2.582,Real Estate,Apartment Investment and Manage,0.13,0.04,trailing_eps_fallback_icc,0.04360764695629675,0.8903448674954356,2026-06-25
AIZ,260.77,3.52,12920536064.0,49547637.0,118.165,Financial Services,"Assurant, Inc.",21.04465,0.06767230626311194,forecast_icc,0.0800764101899335,0.45313882466672556,2026-06-25
AJG,217.86,2.8,55977385984.0,256942000.0,92.546,Financial Services,Arthur J. Gallagher & Co.,13.20049,0.1266930242740989,forecast_icc,0.08285034272729774,0.42479572623839085,2026-06-25
AKAM,112.89,0.0,16412564480.0,145385451.0,33.726,Technology,"Akamai Technologies, Inc.",6.71495,0.06341074766007182,forecast_icc,0.06018344999062786,0.2987509798606439,2026-06-25
AKO-A,22.675,1.23,3577247744.0,78881550.0,1199.614,Consumer Defensive,Embotelladora Andina S.A.,1.93,0.253,trailing_eps_fallback_icc,0.16834731565250605,26.452574295536404,2026-06-25
AKO-B,29.43,1.35,4642928640.0,78880217.0,1199.614,Consumer Defensive,Embotelladora Andina S.A.,2056.5793,0.05850652099824205,forecast_icc,0.4,20.3806304109464,2026-06-25
AKR,21.69,0.8,3144160000.0,133517141.0,17.055,Real Estate,Acadia Realty Trust,0.42333,0.01,forecast_icc,0.02231964271679185,0.7242426720507227,2026-06-25
ALAB,398.0,0.0,68220358656.0,171407939.0,8.722,Technology,"Astera Labs, Inc.",3.00439,0.4137978092058623,forecast_icc,0.04209653976771788,0.021914573206755085,2026-06-25
ALAR,7.98,0.0,58603388.0,7343783.0,4.6,Technology,Alarum Technologies Ltd.,0.31,0.75,forecast_icc,0.18966078599772784,0.5764411061012377,2026-06-25
ALB,141.05,1.62,16634682368.0,117934651.0,64.597,Basic Materials,Albemarle Corporation,12.3661,0.01,forecast_icc,0.06131768626686862,0.457972354512889,2026-06-25
ALC,68.13,0.36,33226999808.0,487700000.0,45.38,Healthcare,Alcon Inc.,3.46714,0.1452320933103366,forecast_icc,0.07571510990708619,0.6660795776894477,2026-06-25
ALDF,10.66,0.0,318395168.0,23707500.0,0.014,Financial Services,Aldel Financial II Inc.,0.21,0.01,trailing_eps_fallback_icc,0.01990813325182217,0.0010424310208124767,2026-06-25
ALF,10.88,0.0,391000000.0,28750000.0,-1.918,Financial Services,Centurion Acquisition Corp.,0.32,0.75,trailing_eps_fallback_icc,0.16729182552220723,,2026-06-25
ALG,168.04,1.28,2044768256.0,12168343.0,97.586,Industrials,"Alamo Group, Inc.",10.6975,0.12474877307782184,forecast_icc,0.08252489011047104,0.5807308072754039,2026-06-25
ALGM,60.16,0.0,11208352768.0,186309064.0,5.151,Technology,"Allegro MicroSystems, Inc.",1.05227,0.39972630598610626,forecast_icc,0.07199431058667594,0.08562167952135605,2026-06-25
ALGN,175.71,0.0,12584022016.0,71618127.0,57.939,Healthcare,"Align Technology, Inc.",11.3616,0.08900330939304335,forecast_icc,0.07072216716014579,0.32974216470514156,2026-06-25
ALGT,110.05,0.0,2957869056.0,26877500.0,59.974,Industrials,Allegiant Travel Company,4.07551,0.75,forecast_icc,0.18568308896716879,0.5449704346208895,2026-06-25
ALH,26.37,0.0,5237310464.0,198608652.0,2.17,Consumer Cyclical,Alliance Laundry Holdings Inc.,1.28921,0.13612212129909018,forecast_icc,0.06948840190658537,0.08229047672511629,2026-06-25
ALHC,22.71,0.0,4694924800.0,206733823.0,1.001,Healthcare,"Alignment Healthcare, Inc.",0.475,0.5210526315789474,forecast_icc,0.10138441244750218,0.0440775019065268,2026-06-25
ALIS,10.12,0.0,85286296.0,8427500.0,0.001,Financial Services,Calisa Acquisition Corp,0.02,0.04,trailing_eps_fallback_icc,0.010000000000000002,9.881423388348346e-05,2026-06-25
ALIT,0.5643,0.16,308865888.0,526847029.0,1.95,Technology,"Alight, Inc.",0.28077,0.04533960180930996,forecast_icc,0.3617710775271489,3.3262064425515323,2026-06-25
ALK,53.29,0.0,5938050048.0,111428978.0,33.504,Industrials,"Alaska Air Group, Inc.",6.24994,0.04,forecast_icc,0.08498607901451793,0.6287108476240313,2026-06-25
ALKS,52.83,0.0,8805483520.0,166675807.0,10.522,Healthcare,Alkermes plc,0.98387,0.5819976216370049,forecast_icc,0.10530566058860436,0.19916712549295645,2026-06-25
ALKT,15.84,0.0,1695183744.0,107019174.0,3.463,Technology,"Alkami Technology, Inc.",0.8091,0.39426523297491034,forecast_icc,0.13128435450586923,0.2186237337832801,2026-06-25
ALL,231.6,4.32,59618689024.0,257420930.0,114.752,Financial Services,Allstate Corporation (The),30.18517,0.01,forecast_icc,0.08244285178257027,0.49547494322574925,2026-06-25
ALLE,137.0,2.12,11773213696.0,85935861.0,24.451,Industrials,Allegion plc,8.78172,0.08821164874307086,forecast_icc,0.07591394398024745,0.17847444135197324,2026-06-25
ALLT,7.4,0.0,362030944.0,48923099.0,2.365,Technology,Allot Ltd.,0.29333,0.22159342719803643,forecast_icc,0.0782536235189552,0.3195945845308737,2026-06-25
ALLY,46.32,1.2,14198148096.0,306523062.0,43.216,Financial Services,Ally Financial Inc.,5.31808,0.21919376917985423,forecast_icc,0.15790726854639903,0.9329879191162932,2026-06-25
ALM,16.45,0.0,4667553792.0,283741849.0,0.91615564,Basic Materials,Almonty Industries Inc.,0.524,0.75,forecast_icc,0.17351546424491981,0.05569334748984043,2026-06-25
ALNT,102.26,0.16,1738063360.0,16996512.0,17.959,Technology,Allient Inc.,2.52501,0.22632781652349898,forecast_icc,0.059021070760662486,0.17562096183190928,2026-06-25
ALNY,293.17,0.0,39141883904.0,133512573.0,8.059,Healthcare,"Alnylam Pharmaceuticals, Inc.",9.50498,0.4482187232377133,forecast_icc,0.11353488946458745,0.0274891680851632,2026-06-25
ALOT,28.46,0.0,221171936.0,7771326.0,10.037,Technology,"AstroNova, Inc.",0.35,0.04,forecast_icc,0.017159270268998862,0.3526704177423306,2026-06-25
ALRM,44.07,0.0,2179727872.0,49460583.0,17.41,Technology,"Alarm.com Holdings, Inc.",2.78157,0.06820608505268622,forecast_icc,0.064009995366486,0.39505332802846316,2026-06-25
ALRS,30.63,0.85,769690432.0,25128646.0,22.792,Financial Services,Alerus Financial Corporation,2.98,0.01,forecast_icc,0.07092568211814618,0.7441070797044805,2026-06-25
ALSN,124.52,1.16,10327188480.0,82935981.0,22.919,Consumer Cyclical,"Allison Transmission Holdings, ",9.92868,0.1426584399940376,forecast_icc,0.10053244537312811,0.18405878349370458,2026-06-25
ALTI,3.245,0.0,491999872.0,110744073.0,2.456,Financial Services,"AlTi Global, Inc.",0.28,0.01,forecast_icc,0.05753152604142017,0.5528201505060554,2026-06-25
ALTO,4.98,0.0,385880512.0,77485153.0,3.206,Basic Materials,"Alto Ingredients, Inc.",0.425,0.43529411764705883,forecast_icc,0.18052039467187236,0.6437676762437798,2026-06-25
ALV,120.81,3.46,9044239360.0,74863338.0,35.184,Consumer Cyclical,"Autoliv, Inc.",10.46376,0.13858976123305577,forecast_icc,0.11382922622106195,0.2912341855790955,2026-06-25
ALVO,3.48,0.0,1177005056.0,338219831.0,-0.905,Healthcare,Alvotech,0.05654,0.75,forecast_icc,0.12550285002200295,,2026-06-25
ALX,266.37,18.0,1360428800.0,5107290.0,17.764,Real Estate,"Alexander's, Inc.",13.01,0.01,forecast_icc,0.05022397750996528,0.0666891935542676,2026-06-25
AM,22.69,0.9,10777296896.0,474980000.0,4.076,Energy,Antero Midstream Corporation,1.3006,0.14520990312163629,forecast_icc,0.09902685390015697,0.17963859571490084,2026-06-25
AMAL,45.8,0.62,1367924480.0,29867347.0,27.048,Financial Services,Amalgamated Financial Corp.,3.92,0.15306122448979576,forecast_icc,0.1098874824224535,0.5905676910292591,2026-06-25
AMAT,668.0,2.12,530364891136.0,793959430.0,30.114,Technology,"Applied Materials, Inc.",12.23559,0.33189245471611906,forecast_icc,0.06542459314562354,0.045080839012190586,2026-06-25
AMBA,64.11,0.0,2812389376.0,43868185.0,13.812,Technology,"Ambarella, Inc.",0.79024,0.45182476209759037,forecast_icc,0.06450418176035766,0.21544220597283326,2026-06-25
AMBO,2.35,0.0,,,3.048,Consumer Defensive,Ambow Education Holding Ltd. Am,0.58,0.75,trailing_eps_fallback_icc,0.3957081392831664,,2026-06-25
AMBP,4.5,0.4,2689678336.0,597706314.0,-1.168,Consumer Cyclical,Ardagh Metal Packaging S.A.,0.24765,0.18849182313749235,forecast_icc,0.1207162676890785,,2026-06-25
AMBR,1.48,0.0,139527376.0,87028604.0,1.093,Technology,Amber International Holding Lim,0.01,0.04,trailing_eps_fallback_icc,0.010416710055748513,0.681746241483105,2026-06-25
AMCR,42.86,2.6,19816136704.0,462345690.0,25.211,Consumer Cyclical,Amcor plc,3.97591,0.0783870862268008,forecast_icc,0.11278243864817672,0.5882174393880282,2026-06-25
AMCX,9.45,0.0,415116864.0,32443304.0,21.746,Communication Services,AMC Global Media Inc.,1.87825,0.01,forecast_icc,0.10078064614291626,1.6995505361690146,2026-06-25
AMD,532.57,0.0,868408950784.0,1630600639.0,39.547,Technology,"Advanced Micro Devices, Inc.",7.3825,0.75,forecast_icc,0.11560884672555083,0.07425690789151307,2026-06-25
AME,240.95,1.36,55226462208.0,229203002.0,47.64,Industrials,"AMETEK, Inc.",8.1394,0.08074796668059059,forecast_icc,0.044968704985218655,0.19771737277240006,2026-06-25
AMG,340.08,0.04,8982220800.0,26412085.0,116.596,Financial Services,"Affiliated Managers Group, Inc.",35.04575,0.13341703344913425,forecast_icc,0.1089905388511333,0.3428487821920388,2026-06-25
AMGN,352.82,10.08,190419877888.0,539708274.0,17.028,Healthcare,Amgen Inc.,22.38785,0.04861431535408722,forecast_icc,0.06817385403945242,0.048262568969177716,2026-06-25
AMH,33.29,1.32,13647302656.0,359179944.0,19.043,Real Estate,American Homes 4 Rent,0.71351,0.01,forecast_icc,0.024205179931733177,0.5011879523742278,2026-06-25
AMKR,85.62,0.33,21222844416.0,247872518.0,18.293,Technology,"Amkor Technology, Inc.",2.08195,0.17771800475515742,forecast_icc,0.051074436560443526,0.21365335781077235,2026-06-25
AMN,32.33,0.0,1253953152.0,38786052.0,18.439,Healthcare,AMN Healthcare Services Inc,2.66122,0.01,forecast_icc,0.0556093986165076,0.5703371068427283,2026-06-25
AMP,453.29,6.8,40749453312.0,89897084.0,68.961,Financial Services,"Ameriprise Financial, Inc.",44.20231,0.07909428262912055,forecast_icc,0.09450846789839709,0.15213437987150585,2026-06-25
AMPG,6.98,0.0,176864832.0,25338799.0,1.909,Technology,"Amplitech Group, Inc.",0.24,0.5416666666666667,forecast_icc,0.13640530377023186,0.2734956788413425,2026-06-25
AMPH,21.04,0.0,927715072.0,44092919.0,17.326,Healthcare,"Amphastar Pharmaceuticals, Inc.",2.68037,0.17242768722228652,forecast_icc,0.13555845128165955,0.8234790375314717,2026-06-25
AMPL,6.76,0.0,896506176.0,103867086.0,1.639,Technology,"Amplitude, Inc.",0.05047,0.75,forecast_icc,0.08189284921247247,0.18989066501868693,2026-06-25
AMPX,12.56,0.0,1778837248.0,141627170.0,0.786,Industrials,"Amprius Technologies, Inc.",0.05667,0.04,forecast_icc,0.010000000000000002,0.06257961808769141,2026-06-25
AMPY,3.98,0.0,164324000.0,41287437.0,10.186,Energy,Amplify Energy Corp.,0.92,0.04,forecast_icc,0.1281536669550305,2.5592964708867845,2026-06-25
AMR,168.18,0.0,2138345344.0,12714624.0,118.951,Basic Materials,"Alpha Metallurgical Resources, ",6.38,0.75,forecast_icc,0.18767847474977783,0.7072839023255544,2026-06-25
AMRC,27.76,0.0,1469931264.0,34951417.0,20.11,Industrials,"Ameresco, Inc.",1.10145,0.4751917926369784,forecast_icc,0.1321745305562393,0.4781672538601098,2026-06-25
AMRN,16.35,0.0,342844928.0,20969109.0,21.421,Healthcare,Amarin Corporation plc,0.98,0.04,forecast_icc,0.05396271090217308,1.3101529210576508,2026-06-25
AMRX,17.32,0.0,5525474304.0,319022792.0,-0.142,Healthcare,"Amneal Pharmaceuticals, Inc.",0.98713,0.13791496560736682,forecast_icc,0.07716340835705501,,2026-06-25
AMRZ,55.88,0.11,30931628032.0,553536609.0,23.656,Basic Materials,Amrize Ltd,2.68748,0.16131096789557509,forecast_icc,0.0753380666501341,0.4233356876320011,2026-06-25
AMS,1.59,0.0,10533750.0,6625000.0,3.655,Healthcare,American Shared Hospital Servic,0.4,0.04,forecast_icc,0.13450106036992826,2.29874213836478,2026-06-25
AMSC,40.28,0.0,1952061696.0,48462307.0,11.661,Industrials,American Superconductor Corpora,1.04667,0.4171897541727574,forecast_icc,0.09472258341083462,0.289498514870198,2026-06-25
AMSF,31.83,1.64,595341056.0,18703771.0,13.193,Financial Services,"AMERISAFE, Inc.",2.08333,0.01,forecast_icc,0.061975436257417305,0.41448317450325484,2026-06-25
AMT,168.72,6.98,78605475840.0,465893069.0,7.559,Real Estate,American Tower Corporation (REI,6.59508,0.042116244230547606,forecast_icc,0.05110363085798836,0.04480204045503556,2026-06-25
AMTB,24.96,0.36,978001472.0,38468450.0,22.962,Financial Services,Amerant Bancorp Inc.,1.7975,0.18636995827538239,forecast_icc,0.10973779587158672,0.9031812059481236,2026-06-25
AMTD,0.97,0.0,92062712.0,45350101.0,14.552,Financial Services,AMTD IDEA Group,0.48,0.04,trailing_eps_fallback_icc,0.19437277010686727,7.168316633470454,2026-06-25
AMTM,20.09,0.0,4908315136.0,244316319.0,18.882,Industrials,"Amentum Holdings, Inc.",2.42629,0.14366790449616507,forecast_icc,0.12254273126881599,0.9398705273674589,2026-06-25
AMX,26.3,0.56,78978899968.0,3003000000.0,6.999802,Communication Services,"America Movil, S.A.B. de C.V.",1.88681,0.11397544002840765,forecast_icc,0.09174488194846331,0.2661521674082175,2026-06-25
AMZE,0.1436,0.0,6463062.0,45007402.0,0.168,Technology,"Amaze Holdings, Inc.",0.16,0.75,forecast_icc,0.4,1.1699166023782537,2026-06-25
AMZN,227.01,0.0,2441971499008.0,10757109436.0,41.093,Consumer Cyclical,"Amazon.com, Inc.",8.66465,0.14011067960044543,forecast_icc,0.05969101340981982,0.18101845096599953,2026-06-25
AN,192.05,0.0,6426280448.0,33461495.0,65.665,Consumer Cyclical,"AutoNation, Inc.",21.36509,0.13641927087599437,forecast_icc,0.11476454462682872,0.34191614993379765,2026-06-25
ANAB,59.68,0.0,1736741888.0,29100902.0,0.439,Healthcare,"AnaptysBio, Inc.",5.23545,0.04,forecast_icc,0.07027070305877114,0.00735589788342803,2026-06-25
ANDE,71.15,0.8,2422946048.0,34054056.0,37.6,Consumer Defensive,"The Andersons, Inc.",5.47,0.09018829981718479,forecast_icc,0.08380360683401722,0.5284610058308653,2026-06-25
ANDG,35.79,0.0,4025864960.0,12951358.0,-61.667,Consumer Cyclical,Andersen Group Inc.,1.76375,0.24388944011339464,forecast_icc,0.0944921168905758,,2026-06-25
ANET,165.45,0.0,208329572352.0,1259169438.0,10.711,Technology,"Arista Networks, Inc.",3.62724,0.22802461375591365,forecast_icc,0.05397346405727686,0.06473859518911705,2026-06-25
ANF,89.35,0.0,3969973504.0,44431710.0,30.161,Consumer Cyclical,Abercrombie & Fitch Company,10.67713,0.11096052965544101,forecast_icc,0.11116302697621949,0.3375601383635834,2026-06-25
ANGI,5.08,0.0,205475920.0,40448016.0,22.63,Communication Services,Angi Inc.,0.31292,0.75,forecast_icc,0.23102530999190607,4.454724437199259,2026-06-25
ANIK,14.62,0.0,194528224.0,13305624.0,10.025,Healthcare,Anika Therapeutics Inc.,0.41,0.12195121951219523,forecast_icc,0.04490108607757233,0.6857045104159282,2026-06-25
ANIP,83.28,0.0,1893339008.0,22734618.0,26.341,Healthcare,"ANI Pharmaceuticals, Inc.",9.36676,0.14178114951167742,forecast_icc,0.11717287146593536,0.31629442493269544,2026-06-25
ANNA,2.79,0.0,114222600.0,40940000.0,0.9,Energy,"AleAnna, Inc.",0.14,0.04,trailing_eps_fallback_icc,0.04742539024786947,0.3225806451612903,2026-06-25
ANPA,4.3,0.0,64937548.0,15101755.0,0.203,Industrials,Rich Sparkle Holdings Limited,0.01,0.04,trailing_eps_fallback_icc,0.010000000000000002,0.047209301235088215,2026-06-25
ANSC,11.43,0.0,474884928.0,32922237.0,-0.765,Financial Services,Agriculture & Natural Solutions,0.22,0.01,trailing_eps_fallback_icc,0.019553007764780035,,2026-06-25
ANTA,5.5,0.0,131958840.0,23992516.0,5.149,Financial Services,Antalpha Platform Holding Compa,0.09,0.429,forecast_icc,0.07354876522674314,0.9361818039928208,2026-06-25
AOD,10.17,1.22,1072390848.0,105446496.0,10.05,Financial Services,Aberdeen Total Dynamic Dividend,1.57,0.75,trailing_eps_fallback_icc,0.4,0.9882006050092662,2026-06-25
AOMR,8.73,1.28,217504864.0,24914647.0,10.311,Real Estate,"Angel Oak Mortgage REIT, Inc.",1.17,0.19240170940170964,forecast_icc,0.23792432304838707,1.1810996797616444,2026-06-25
AON,315.95,3.28,67479638016.0,213576949.0,46.039,Financial Services,Aon plc,19.11856,0.11976268087136277,forecast_icc,0.07983111090646802,0.1457160922036888,2026-06-25
AORT,22.66,0.0,1099992320.0,48543350.0,9.289,Healthcare,"Artivion, Inc.",0.44167,0.6301763760273507,forecast_icc,0.1163546489570727,0.40992938764336095,2026-06-25
AOS,61.13,1.42,8425463808.0,111965465.0,13.625,Industrials,A.O. Smith Corporation,3.76959,0.10668534243777184,forecast_icc,0.0827182547628843,0.18106177836483087,2026-06-25
AOUT,9.91,0.0,124823976.0,12595760.0,13.296,Consumer Cyclical,"American Outdoor Brands, Inc.",0.38,0.6578947368421053,forecast_icc,0.16886467673904126,1.341675135872935,2026-06-25
AP,9.76,0.0,198385552.0,20326389.0,1.548,Industrials,Ampco-Pittsburgh Corporation,0.23,0.04,forecast_icc,0.02803312340829591,0.15860656108666624,2026-06-25
APA,33.42,1.0,11812974592.0,353470227.0,18.266,Energy,APA Corporation,6.46099,0.01,forecast_icc,0.10949307230373984,0.5465589649836774,2026-06-25
APAC,10.15,0.0,81711728.0,6133750.0,0.052,Financial Services,StoneBridge Acquisition II Corp,0.09,0.75,trailing_eps_fallback_icc,0.09050853782876234,0.003903417634247069,2026-06-25
APAM,34.84,3.39,2473404928.0,70993257.0,5.48,Financial Services,Artisan Partners Asset Manageme,3.8325,0.05153294194390101,forecast_icc,0.13053491417827068,0.15729048000020804,2026-06-25
APC,18.04,2.0,1489566976.0,12570223.0,5.14,Energy,ARKO Petroleum Corp.,1.33,0.11278195488721798,forecast_icc,0.1215721228280483,0.043375656993620136,2026-06-25
APD,279.93,7.24,62335004672.0,222680686.0,70.28,Basic Materials,"Air Products and Chemicals, Inc",13.21966,0.0768544728079239,forecast_icc,0.06331293804231741,0.25106276472470945,2026-06-25
APEI,53.53,0.0,981926912.0,18343488.0,16.629,Consumer Defensive,"American Public Education, Inc.",3.015,0.25041459369817565,forecast_icc,0.10367709690873828,0.31064823483725845,2026-06-25
APG,41.68,0.0,18056943616.0,433227989.0,8.047,Industrials,APi Group Corporation,1.13524,0.7130650787498678,forecast_icc,0.15423057389999018,0.19306620774924174,2026-06-25
APH,165.15,1.0,203173216256.0,1230234445.0,11.37,Technology,Amphenol Corporation,4.81625,0.18058447962626523,forecast_icc,0.05939299522430318,0.0688465039704116,2026-06-25
API,3.88,0.0,328053184.0,65504801.0,6.559,Technology,"Agora, Inc.",0.14507,0.75,forecast_icc,0.1864742299915455,1.3096839497799235,2026-06-25
APLE,16.93,0.96,3996623616.0,236067554.0,13.244,Real Estate,"Apple Hospitality REIT, Inc.",0.69012,0.02338723700226053,forecast_icc,0.04704346291640345,0.7822799907050342,2026-06-25
APO,121.51,2.25,70052642816.0,576517513.0,32.182,Financial Services,"Apollo Global Management, Inc. ",8.88093,0.19489287720993187,forecast_icc,0.11539682295909814,0.264850630290973,2026-06-25
APOG,42.48,1.08,906990656.0,21351005.0,24.118,Industrials,"Apogee Enterprises, Inc.",2.805,0.31907308377896615,forecast_icc,0.14967447886918805,0.5677495519755388,2026-06-25
APP,445.93,0.0,149805514752.0,305732000.0,7.028,Communication Services,Applovin Corporation,16.09006,0.31291120107693815,forecast_icc,0.09229199907674052,0.01434316019378261,2026-06-25
APPF,144.78,0.0,5119208448.0,24028908.0,13.299,Technology,"AppFolio, Inc.",6.8052,0.20864339034855695,forecast_icc,0.08399315382395678,0.062423800620357156,2026-06-25
APPN,20.63,0.0,1514492032.0,42324735.0,-0.802,Technology,Appian Corporation,0.98548,0.27438405650038566,forecast_icc,0.09965309193073602,,2026-06-25
APPS,10.16,0.0,1225925632.0,120661979.0,1.596,Technology,"Digital Turbine, Inc.",0.76,0.3947368421052633,forecast_icc,0.15915287378068566,0.15708662373738508,2026-06-25
APT,5.15,0.0,52617200.0,10216932.0,6.219,Industrials,"Alpha Pro Tech, Ltd.",1.16,0.212,forecast_icc,0.1966021823257763,1.2075728109439499,2026-06-25
APTV,61.97,0.0,13114124288.0,211620527.0,43.48,Consumer Cyclical,Aptiv PLC,6.15045,0.10865058654244808,forecast_icc,0.09899294628491295,0.7016298085858128,2026-06-25
APVO,4.58,0.0,5707161.0,1246105.0,9.646,Healthcare,Aptevo Therapeutics Inc.,1488.13,0.04,trailing_eps_fallback_icc,0.4,2.1061135002149056,2026-06-25
APWC,1.79,0.0,73806096.0,41232454.0,7.175,Industrials,Asia Pacific Wire & Cable Corpo,0.3,0.04,trailing_eps_fallback_icc,0.10606267171943473,4.008379706874077,2026-06-25
AQN,5.96,0.26,4587206656.0,769665544.0,5.812,Utilities,Algonquin Power & Utilities Cor,0.35795,0.12255901662243329,forecast_icc,0.09646572448352975,0.9751677823097404,2026-06-25
AR,34.5,0.0,10689342464.0,309836000.0,26.025,Energy,Antero Resources Corporation,4.50991,0.038814521797552626,forecast_icc,0.09054193862780735,0.7543477933424362,2026-06-25
ARBK,3.31,0.0,48441508.0,14634897.0,0.966,Financial Services,Argo Blockchain plc,4.97,0.04,trailing_eps_fallback_icc,0.3396412149476419,0.29184290674848523,2026-06-25
ARCB,150.02,0.48,3340012288.0,22263780.0,57.759,Industrials,ArcBest Corporation,6.03638,0.4376861628989557,forecast_icc,0.12794113295514553,0.38500866408189693,2026-06-25
ARCO,8.13,0.28,1712690688.0,130663057.0,3.681,Consumer Cyclical,Arcos Dorados Holdings Inc.,0.785,0.09635668789808904,forecast_icc,0.10867439091417086,0.28082754007301525,2026-06-25
ARDC,12.55,1.35,300773312.0,23965972.0,,Financial Services,Ares Dynamic Credit Allocation ,0.96,0.04,trailing_eps_fallback_icc,0.09441756617897001,,2026-06-25
ARDT,9.36,0.0,1341756288.0,143350031.0,9.34,Healthcare,"Ardent Health, Inc.",1.33,0.01,forecast_icc,0.08116319414543627,0.9978632494696383,2026-06-25
ARDX,6.06,0.0,1496998144.0,247029387.0,0.602,Healthcare,"Ardelyx, Inc.",0.5151,0.04,forecast_icc,0.06879421511364792,0.09933993009279242,2026-06-25
ARE,53.29,2.88,9286819840.0,174269480.0,92.167,Real Estate,Alexandria Real Estate Equities,1.84767,0.01,forecast_icc,0.03637125483185055,1.7295366379326682,2026-06-25
AREC,1.86,0.0,198966560.0,106971272.0,0.886,Basic Materials,American Resources Corporation,0.84,0.04,forecast_icc,0.185243148692379,0.47634410019452517,2026-06-25
AREN,1.12,0.0,53315128.0,47602790.0,-0.156,Communication Services,"The Arena Group Holdings, Inc.",0.34,0.3529411764705881,forecast_icc,0.2815655591469438,,2026-06-25
ARES,112.47,5.4,37097848832.0,222028421.0,11.379,Financial Services,Ares Management Corporation,5.94835,0.231328015331983,forecast_icc,0.1272308309036171,0.06810263888885426,2026-06-25
ARGX,888.65,0.0,55536156672.0,62187771.0,4.73348,Healthcare,argenx SE,22.30629,0.44691205933393663,forecast_icc,0.09830348371524575,0.005300413062639813,2026-06-25
ARHS,8.1,0.0,1146474624.0,54424464.0,2.637,Consumer Cyclical,"Arhaus, Inc.",0.4772,0.16033109807208712,forecast_icc,0.08434257666595191,0.12518141140121736,2026-06-25
ARI,10.77,1.0,1410301952.0,130947251.0,13.25,Real Estate,Apollo Commercial Real Estate F,0.46015,0.600086928175595,forecast_icc,0.22178406373326964,1.2302692152481685,2026-06-25
ARIS,15.0,0.0,3096000000.0,206400000.0,7.618,Basic Materials,Aris Mining Corporation,2.54667,0.4774195321733872,forecast_icc,0.25888456866950127,0.5078666666666667,2026-06-25
ARKO,7.43,0.12,833539904.0,112185721.0,3.525,Consumer Cyclical,ARKO Corp.,0.29,0.3448275862068968,forecast_icc,0.11593173241331878,0.47442799634101257,2026-06-25
ARL,16.03,0.0,258917264.0,16152043.0,38.244,Real Estate,"American Realty Investors, Inc.",0.76,0.04,trailing_eps_fallback_icc,0.045473176699682705,2.3857765332017413,2026-06-25
ARLO,12.37,0.0,1343503360.0,108609817.0,1.466,Industrials,"Arlo Technologies, Inc.",0.84,0.17619047619047623,forecast_icc,0.0960825194453544,0.11851253704493898,2026-06-25
ARLP,24.43,2.4,3143134464.0,128658801.0,13.717,Energy,"Alliance Resource Partners, L.P",2.36667,0.2098560424562781,forecast_icc,0.1943563387065516,0.5614817926278194,2026-06-25
ARM,347.71,0.0,371381665792.0,1068078760.0,7.787,Technology,Arm Holdings plc,2.17364,0.4198993393570234,forecast_icc,0.037572067604435,0.022395099355222832,2026-06-25
ARMK,54.78,0.48,14404595712.0,262953564.0,12.482,Industrials,Aramark,2.2478,0.1973040306077054,forecast_icc,0.07919147611574051,0.2278568903612975,2026-06-25
AROC,41.4,0.88,7255830528.0,175261596.0,8.661,Energy,"Archrock, Inc.",2.00456,0.19724029213393446,forecast_icc,0.09441268688655124,0.20920288547235483,2026-06-25
AROW,40.14,1.2,663474816.0,16529019.0,26.632,Financial Services,Arrow Financial Corporation,3.73333,0.1607144292093119,forecast_icc,0.12623214591091714,0.6634778342634184,2026-06-25
ARQ,2.28,0.0,97871864.0,42926258.0,3.914,Industrials,"Arq, Inc.",0.02,0.75,forecast_icc,0.08995177184325243,1.7166667410360144,2026-06-25
ARQT,26.69,0.0,3338475264.0,125083374.0,1.517,Healthcare,"Arcutis Biotherapeutics, Inc.",0.245,0.75,forecast_icc,0.09231271650320905,0.05683776675063601,2026-06-25
ARR,17.14,2.88,2126150272.0,124046116.0,18.903,Real Estate,"ARMOUR Residential REIT, Inc.",2.92682,0.029954011521036383,forecast_icc,0.18855407876654218,1.1028588908451338,2026-06-25
ARRY,7.69,0.0,1182924928.0,153826378.0,-1.394,Technology,"Array Technologies, Inc.",0.72988,0.2392859100126048,forecast_icc,0.13466676042075376,,2026-06-25
ARTNA,33.19,1.25,342668096.0,9442986.0,24.5,Utilities,Artesian Resources Corporation,2.09,0.08,forecast_icc,0.08195530973291831,0.6751523112323827,2026-06-25
ARTW,2.58,0.0,13367975.0,5181386.0,2.614,Industrials,"Art's-Way Manufacturing Co., In",0.25,0.04,trailing_eps_fallback_icc,0.07507865648813417,1.013178361270125,2026-06-25
ARW,229.03,0.0,11711207424.0,51133946.0,131.972,Technology,"Arrow Electronics, Inc.",19.8975,0.07174268124136196,forecast_icc,0.08018012061203617,0.5762214669413749,2026-06-25
ARX,13.05,0.0,2847527680.0,112799194.0,3.129,Financial Services,Accelerant Holdings,0.741,0.251012145748988,forecast_icc,0.10430044438148289,0.1239491649211993,2026-06-25
ARXS,44.24,0.0,18153207808.0,69657950.0,7.758,Industrials,"Arxis, Inc.",0.74769,0.23806657839478929,forecast_icc,0.04630235552750818,0.029769194613739093,2026-06-25
AS,34.12,0.0,19851765760.0,581822024.0,11.939,Consumer Cyclical,"Amer Sports, Inc.",1.25372,0.2516431101043295,forecast_icc,0.08072353179278335,0.3499121049741824,2026-06-25
ASA,52.91,0.08,994070720.0,18787956.0,58.543,Financial Services,ASA  Gold and Precious Metals L,35.19,0.75,trailing_eps_fallback_icc,0.4,1.106463842037315,2026-06-25
ASAN,6.39,0.0,1472957696.0,160969547.0,0.586,Technology,"Asana, Inc.",0.37288,0.27196417077880275,forecast_icc,0.11100683750313134,0.06403996177090479,2026-06-25
ASB,30.92,0.95,5841313792.0,188917011.0,29.496,Financial Services,Associated Banc-Corp,2.9695,0.0915575012628389,forecast_icc,0.10487278817108614,0.9539456969573463,2026-06-25
ASC,15.93,0.65,649985664.0,40802614.0,16.048,Industrials,Ardmore Shipping Corporation,3.22,0.01,forecast_icc,0.11660015208268748,1.0074073717908951,2026-06-25
ASGI,22.33,2.61,706272128.0,31628846.0,,Financial Services,abrdn Global Infrastructure Inc,5.13,0.04,trailing_eps_fallback_icc,0.18285726807925762,,2026-06-25
ASH,64.43,1.67,2950106368.0,45787777.0,40.753,Basic Materials,Ashland Inc.,3.58919,0.20902487747931975,forecast_icc,0.10803648743249405,0.6325159310598119,2026-06-25
ASIC,21.42,0.0,1028859392.0,48032652.0,13.128,Financial Services,Ategrity Specialty Insurance Co,1.99396,0.2538416016369436,forecast_icc,0.13741587611012257,0.6128851623060267,2026-06-25
ASIX,19.85,0.64,535136864.0,26959036.0,29.537,Basic Materials,AdvanSix Inc.,1.435,0.75,forecast_icc,0.29185567872079454,1.4880100772351201,2026-06-25
ASLE,6.45,0.0,304780736.0,47252829.0,8.949,Industrials,AerSale Corporation,0.81,0.4074074074074072,forecast_icc,0.20681664092552554,1.387441910767615,2026-06-25
ASM,5.86,0.0,1027088256.0,175271023.0,1.634,Basic Materials,Avino Silver & Gold Mines Ltd.,0.48,0.6875000000000002,forecast_icc,0.24332904257772225,0.27883957382334235,2026-06-25
ASMB,24.26,0.0,480766496.0,19817250.0,12.497,Healthcare,"Assembly Biosciences, Inc.",0.14,0.01,forecast_icc,0.010000000000000002,0.5151277705715999,2026-06-25
ASML,1841.18,8.79,709623283712.0,385417665.0,1.115931,Technology,ASML Holding N.V. - New York Re,31.62617,0.330384931213612,forecast_icc,0.06360106446264158,0.000606095558295788,2026-06-25
ASND,261.58,0.0,17153402880.0,65576126.0,9.011618,Healthcare,Ascendis Pharma A/S,11.447,0.01,forecast_icc,0.03531632427549691,0.03445071520595382,2026-06-25
ASO,48.43,0.6,3003549696.0,62018371.0,33.397,Consumer Cyclical,"Academy Sports and Outdoors, In",6.46373,0.08483646439439751,forecast_icc,0.11435108234613692,0.689593229985631,2026-06-25
ASPC,10.9,0.0,25479632.0,2337481.0,1.406,Financial Services,A SPAC III Acquisition Corp.,0.05,0.04,trailing_eps_fallback_icc,0.010000000000000002,0.1289853121112581,2026-06-25
ASPS,7.0,0.0,78952640.0,11278949.0,-9.793,Real Estate,Altisource Portfolio Solutions ,0.87,0.7241379310344829,forecast_icc,0.2983860437449185,,2026-06-25
ASR,309.61,5.74,9298228224.0,27705000.0,80.47096,Industrials,Grupo Aeroportuario del Sureste,21.84125,0.1626280547129857,forecast_icc,0.1039161070036621,0.23977126535198284,2026-06-25
ASRT,23.5,0.0,151861232.0,6462180.0,11.735,Healthcare,"Assertio Holdings, Inc.",2.58,0.04,forecast_icc,0.08145598558718647,0.4993616955511068,2026-06-25
ASRV,3.82,0.12,64803504.0,16964267.0,7.115,Financial Services,AmeriServ Financial Inc.,0.33,0.01,trailing_eps_fallback_icc,0.06674355283765568,1.8625653283347148,2026-06-25
ASTE,61.74,0.52,1419565056.0,22992630.0,29.515,Industrials,"Astec Industries, Inc.",3.6,0.1694444444444445,forecast_icc,0.0900828764429592,0.47805309913883937,2026-06-25
ASTH,43.5,0.0,2156878592.0,49583418.0,16.35,Healthcare,Astrana Health Inc.,2.92,0.1678082191780823,forecast_icc,0.0932633125871295,0.37586208482336314,2026-06-25
ASUR,7.7,0.0,220848560.0,28681633.0,6.988,Technology,Asure Software Inc,0.85,0.24235294117647066,forecast_icc,0.14661807652481662,0.9075325254735644,2026-06-25
ASX,41.85,0.42,91816632320.0,2193945789.0,5.038082,Technology,"ASE Technology Holding Co., Ltd",1.08052,0.75,forecast_icc,0.17416673464827503,0.12038427580325241,2026-06-25
ASYS,20.67,0.0,361396352.0,17484101.0,3.863,Technology,"Amtech Systems, Inc.",0.32,0.75,forecast_icc,0.12243869560200327,0.1868892195209541,2026-06-25
ATAT,31.52,0.54,4355621376.0,111482890.0,3.9621634,Consumer Cyclical,Atour Lifestyle Holdings Limite,15.27663,0.19263279924957266,forecast_icc,0.27978903973263025,0.10141226437130654,2026-06-25
ATCH,0.1863,0.0,28007926.0,150337774.0,0.149,Financial Services,"AtlasClear Holdings, Inc.",0.02,0.01,forecast_icc,0.06712034670999178,0.7997853295527844,2026-06-25
ATEC,8.83,0.0,1357959552.0,153789305.0,-0.035,Healthcare,"Alphatec Holdings, Inc.",0.31937,0.75,forecast_icc,0.18373892648958157,,2026-06-25
ATEN,34.74,0.24,2501216768.0,71998175.0,3.077,Technology,"A10 Networks, Inc.",1.038,0.1368015414258188,forecast_icc,0.05224758178685851,0.08857224504061856,2026-06-25
ATEX,81.0,0.0,1532056064.0,18914271.0,13.869,Communication Services,Anterix Inc.,4.58031,0.01,forecast_icc,0.042027753932122866,0.17122220959336903,2026-06-25
ATHM,18.78,1.86,2162909696.0,115170911.0,29.22534,Communication Services,Autohome Inc.,1.30744,0.15072202166064974,forecast_icc,0.1303576020603504,1.5561948972301152,2026-06-25
ATI,199.5,0.0,27225851904.0,136470427.0,12.974,Industrials,ATI Inc.,4.4261,0.2213867739093105,forecast_icc,0.053345772862049334,0.06503257735115608,2026-06-25
ATII,10.85,0.0,321051520.0,29590000.0,-0.241,Financial Services,Archimedes Tech SPAC Partners I,0.3,0.01,trailing_eps_fallback_icc,0.02567580753882516,,2026-06-25
ATKR,79.96,1.32,2700030464.0,33767266.0,37.933,Industrials,Atkore Inc.,5.35742,0.14857524704055303,forecast_icc,0.0959423755430559,0.4743997218758788,2026-06-25
ATLC,108.27,0.0,1636825472.0,15117997.0,42.981,Financial Services,Atlanticus Holdings Corporation,9.6325,0.38515442512328035,forecast_icc,0.1703888837823807,0.3969797881157363,2026-06-25
ATLO,30.27,0.96,268108048.0,8857220.0,23.435,Financial Services,Ames National Corporation,2.7,0.04444444444444429,forecast_icc,0.08382811657081335,0.7741988808183781,2026-06-25
ATMU,54.17,0.22,4424195584.0,81672428.0,4.94,Consumer Cyclical,Atmus Filtration Technologies I,2.93505,0.09516703292959239,forecast_icc,0.06579483763538163,0.0911943847553011,2026-06-25
ATNI,26.71,1.12,410822560.0,15380853.0,29.114,Communication Services,"ATN International, Inc.",0.74,0.6621621621621621,forecast_icc,0.18800660427186278,1.0900038066117888,2026-06-25
ATO,173.67,4.0,28988964864.0,166919822.0,89.317,Utilities,Atmos Energy Corporation,8.42965,0.06560177468815409,forecast_icc,0.0602146812175183,0.5142914833805774,2026-06-25
ATPC,3.0,0.0,3001878.0,1000626.0,22.105,Consumer Defensive,Agape ATP Corporation,0.45,0.04,trailing_eps_fallback_icc,0.09914186258461022,7.368333333333333,2026-06-25
ATR,126.43,1.89,8068802560.0,63820316.0,41.15,Healthcare,"AptarGroup, Inc.",5.51143,0.13808938877931864,forecast_icc,0.07113911599436443,0.32547654796004827,2026-06-25
ATRA,10.22,0.0,92083960.0,9010172.0,-4.383,Healthcare,"Atara Biotherapeutics, Inc.",1.27,0.04,forecast_icc,0.08817029169892965,,2026-06-25
ATRC,28.13,0.0,1424530432.0,50640970.0,9.711,Healthcare,"AtriCure, Inc.",0.12186,0.75,forecast_icc,0.05828343504679634,0.3452186409100174,2026-06-25
ATRO,87.15,0.0,4300713984.0,38448408.0,3.76,Industrials,Astronics Corporation,2.25833,0.15313528138048915,forecast_icc,0.04761851125206229,0.03361442184200827,2026-06-25
ATS,28.12,0.0,2727840768.0,97007132.0,12.89723,Industrials,ATS Corporation,1.38362,0.17517815585204022,forecast_icc,0.07873218579416552,0.4586496791605836,2026-06-25
AU,79.34,4.6,40116215808.0,505624114.0,16.881,Basic Materials,AngloGold Ashanti PLC,9.29509,0.12488206138940017,forecast_icc,0.1442073020766138,0.2127678420438614,2026-06-25
AUB,41.67,1.45,5963630080.0,143115672.0,35.563,Financial Services,Atlantic Union Bankshares Corpo,3.73111,0.07593718759296819,forecast_icc,0.09718107047644298,0.8534437205293592,2026-06-25
AUBN,26.53,1.08,92676088.0,3493256.0,26.348,Financial Services,"Auburn National Bancorporation,",2.27,0.436,trailing_eps_fallback_icc,0.21859102278456854,0.9931397739619738,2026-06-25
AUDC,9.01,0.4,229337072.0,25453614.0,5.822,Technology,AudioCodes Ltd.,0.61,0.032786885245901676,forecast_icc,0.07119519325785309,0.6461708934175283,2026-06-25
AUGO,61.13,2.25,5104355328.0,83500000.0,3.603,Basic Materials,Aura Minerals Inc.,10.47278,0.29950022821065647,forecast_icc,0.22683235388964762,0.058939960223709564,2026-06-25
AUNA,5.0,0.0,370281600.0,30138747.0,6.7643595,Healthcare,Auna SA,0.91067,0.21704898591147193,forecast_icc,0.17914004064190764,0.5505791256912212,2026-06-25
AUPH,17.55,0.0,2256959232.0,128601671.0,4.341,Healthcare,Aurinia Pharmaceuticals Inc,0.96,0.16458333333333353,forecast_icc,0.08156113655019637,0.2473504376577946,2026-06-25
AVA,40.96,1.97,3384870144.0,82638430.0,33.592,Utilities,Avista Corporation,2.602,0.07247117601844755,forecast_icc,0.08464643483902937,0.8201171750947973,2026-06-25
AVAH,8.48,0.0,1846563968.0,217755203.0,1.107,Healthcare,Aveanna Healthcare Holdings Inc,0.7008,0.09892979452054784,forecast_icc,0.0857649554431773,0.13054246367759734,2026-06-25
AVAL,5.1,0.17,6054585856.0,378293132.0,775.421,Financial Services,Grupo Aval Acciones y Valores S,0.41972,0.3258362718002479,forecast_icc,0.17356472382080768,48.448638054720156,2026-06-25
AVAV,136.68,0.0,6916700672.0,50605071.0,85.937,Industrials,"AeroVironment, Inc.",2.87511,0.3819679942680456,forecast_icc,0.0776731353985779,0.6287460152977109,2026-06-25
AVB,186.13,7.12,26406647808.0,141872069.0,82.716,Real Estate,"AvalonBay Communities, Inc.",4.52258,0.07721256450963843,forecast_icc,0.03984379241403087,0.44439908256165733,2026-06-25
AVBC,20.21,0.1,375310432.0,18570531.0,20.648,Financial Services,"Avidia Bancorp, Inc.",1.31,0.07633587786259532,forecast_icc,0.06911276202928496,1.0216724380525612,2026-06-25
AVBH,32.71,0.0,358343488.0,10955167.0,26.329,Financial Services,"Avidbank Holdings, Inc.",3.4225,0.11176040905770646,forecast_icc,0.10313008965660331,0.8049220973788144,2026-06-25
AVD,2.7,0.0,77235920.0,28605895.0,6.524,Basic Materials,American Vanguard Corporation,0.39,0.04,forecast_icc,0.09686526912305526,2.4162961868001314,2026-06-25
AVEX,15.43,0.0,871337216.0,56470333.0,4.288,Industrials,AEVEX Corp.,0.33126,0.5051621083137112,forecast_icc,0.10005671159670645,0.2779002015036163,2026-06-25
AVGO,378.91,2.6,1802694819840.0,4757580198.0,18.43,Technology,Broadcom Inc.,11.62393,0.6686077772319687,forecast_icc,0.16388729220558484,0.04863951573174339,2026-06-25
AVNS,24.9,0.0,1166510592.0,46847816.0,16.757,Healthcare,"Avanos Medical, Inc.",1.0,0.25,forecast_icc,0.08488275908925452,0.6729719027806308,2026-06-25
AVNT,37.0,1.1,3393276160.0,91710167.0,26.233,Basic Materials,Avient Corporation,3.07399,0.09815907013360481,forecast_icc,0.09853533055906893,0.7090000039699098,2026-06-25
AVNW,20.37,0.0,263576880.0,12939463.0,21.037,Technology,"Aviat Networks, Inc.",1.57,0.75,forecast_icc,0.2532450107001397,1.0327441584823371,2026-06-25
AVO,11.85,0.0,1046589760.0,88319807.0,8.174,Consumer Defensive,"Mission Produce, Inc.",0.6275,0.33067729083665354,forecast_icc,0.1188627942902919,0.6897889985260318,2026-06-25
AVPT,10.35,0.0,2194377984.0,212017196.0,2.071,Technology,"AvePoint, Inc.",0.40379,0.2320265484534041,forecast_icc,0.07965083922065311,0.20009661786508337,2026-06-25
AVT,90.81,1.4,7448606720.0,82024081.0,60.376,Technology,"Avnet, Inc.",5.13,0.5384990253411306,forecast_icc,0.18944424610355448,0.6648607049099243,2026-06-25
AVTR,10.08,0.0,6882174464.0,682755402.0,8.264,Healthcare,"Avantor, Inc.",0.7889,0.07880593231081234,forecast_icc,0.07704777870923374,0.8198412684308259,2026-06-25
AVY,164.61,4.0,12591082496.0,76490385.0,30.008,Consumer Cyclical,Avery Dennison Corporation,10.02696,0.11360671629287444,forecast_icc,0.08463299511932229,0.1822975485871997,2026-06-25
AWI,161.46,1.33,6890925056.0,42678835.0,20.954,Industrials,Armstrong World Industries Inc,8.3074,0.12892120278306085,forecast_icc,0.07351474730215429,0.1297782665349597,2026-06-25
AWK,130.0,3.58,25386469376.0,195280521.0,56.519,Utilities,"American Water Works Company, I",6.0817,0.07844846013450191,forecast_icc,0.06403124899084048,0.4347615102726052,2026-06-25
AWP,11.72,1.44,358978304.0,30629549.0,11.369,Financial Services,Aberdeen Global Premier Propert,0.21,0.01,trailing_eps_fallback_icc,0.020715536427012078,0.9700512223184384,2026-06-25
AWR,80.68,2.02,3162063104.0,39192653.0,27.144,Utilities,American States Water Company,3.71,0.028301886792452935,forecast_icc,0.04789766306957721,0.33644027270873844,2026-06-25
AWX,2.48,0.0,9670591.0,3287647.0,9.519,Industrials,Avalon Holdings Corporation,0.14,0.04,trailing_eps_fallback_icc,0.05168491371554472,3.236111608173689,2026-06-25
AX,95.34,0.0,5423380992.0,56884635.0,53.887,Financial Services,"Axos Financial, Inc.",8.362,0.1569002630949532,forecast_icc,0.10591950668579131,0.565208738011707,2026-06-25
AXGN,44.49,0.0,2365881600.0,53177824.0,4.606,Healthcare,"AxoGen, Inc.",0.48857,0.49073827701250594,forecast_icc,0.06501743831310283,0.10352887369511643,2026-06-25
AXIA,10.61,0.53,23862175744.0,1976305770.0,8.276424,Utilities,AXIA Energia,0.959,0.28884254431699685,forecast_icc,0.18159290737917594,0.6854674394173501,2026-06-25
AXIL,5.81,0.0,39610936.0,6817717.0,1.681,Technology,"AXIL Brands, Inc.",0.39,0.75,forecast_icc,0.23937248094988817,0.28932874186563023,2026-06-25
AXON,444.73,0.0,35846164480.0,80602077.0,43.863,Industrials,"Axon Enterprise, Inc.",7.68883,0.375158509161992,forecast_icc,0.06762588278972903,0.09862837362763224,2026-06-25
AXP,342.46,3.8,233669509120.0,682326443.0,49.846,Financial Services,American Express Company,17.69482,0.13828905860585183,forecast_icc,0.07730164191802225,0.1455527681205153,2026-06-25
AXR,25.6,0.0,135813104.0,5305199.0,26.442,Real Estate,AMREP Corporation,2.11,0.01,forecast_icc,0.05566200217132866,1.0328905519897402,2026-06-25
AXS,104.69,1.76,7718085120.0,73723236.0,78.86,Financial Services,Axis Capital Holdings Limited,13.22829,0.09718262904729191,forecast_icc,0.11730382281398344,0.7532716082509336,2026-06-25
AXSM,237.33,0.0,12212946944.0,51459766.0,1.062,Healthcare,"Axsome Therapeutics, Inc.",5.89745,0.04,forecast_icc,0.02910259040331964,0.004474781700320798,2026-06-25
AXTA,34.73,0.0,7432877056.0,214018930.0,11.313,Basic Materials,Axalta Coating Systems Ltd.,2.59163,0.08544429567492284,forecast_icc,0.0766130922049405,0.3257414506991679,2026-06-25
AXTI,69.06,0.0,4518125056.0,65423184.0,5.028,Technology,AXT Inc,0.298,0.75,forecast_icc,0.05813304806138629,0.07280625593024753,2026-06-25
AYA,18.28,0.0,2620433408.0,143349749.0,3.205,Basic Materials,Aya Gold & Silver Inc.,2.3,0.75,forecast_icc,0.3072398125785706,0.17532822782001412,2026-06-25
AYI,359.39,0.74,10894968832.0,30315168.0,93.756,Industrials,Acuity Inc.,19.52,0.08885399590163923,forecast_icc,0.06360613324126776,0.2608753576843642,2026-06-25
AZ,5.29,0.0,235575152.0,44532164.0,1.58,Technology,A2Z Cust2Mate Solutions Corp.,0.51,0.04,forecast_icc,0.07482737085179558,0.298676742952924,2026-06-25
AZN,185.68,3.16,287964069888.0,1550862203.0,30.557,Healthcare,AstraZeneca PLC,6.86321,0.17185398669135887,forecast_icc,0.07277540567918239,0.16456808780172688,2026-06-25
AZO,3059.04,0.0,49939914752.0,16325355.0,-170.111,Consumer Cyclical,"AutoZone, Inc.",151.11198,0.1613419399309044,forecast_icc,0.07575783110370604,,2026-06-25
AZTA,24.63,0.0,1135265664.0,46092804.0,33.73,Healthcare,"Azenta, Inc.",0.378,0.6243386243386242,forecast_icc,0.10132808608538235,1.3694682471432518,2026-06-25
AZUL,9.1,0.07,1676938624.0,184278962.0,-3.9760072,Industrials,Azul S.A.,838022.9,0.75,trailing_eps_fallback_icc,0.4,,2026-06-25
AZZ,160.17,0.8,4807761408.0,30016618.0,44.747,Industrials,AZZ Inc.,6.838,0.11545773618016963,forecast_icc,0.060865283520199154,0.27937193459954657,2026-06-25
B,36.75,0.7,61723037696.0,1675508360.0,16.317,Basic Materials,Barrick Mining Corporation,4.02061,0.1421102767987945,forecast_icc,0.12468998669042056,0.44293461454007044,2026-06-25
BA,218.12,0.0,171944509440.0,788302331.0,7.591,Industrials,Boeing Company (The),4.18143,0.04,forecast_icc,0.024140091731596522,0.03480194287162811,2026-06-25
BABA,95.07,1.05,228217339904.0,2400518956.0,67.41983,Consumer Cyclical,Alibaba Group Holding Limited,45.02486,0.36806355422315606,forecast_icc,0.3526490872251825,0.709159873624751,2026-06-25
BAC,58.19,1.12,412950626304.0,7096590651.0,38.664,Financial Services,Bank of America Corporation,4.47592,0.12885172210405904,forecast_icc,0.09911157030663861,0.6644440362908495,2026-06-25
BAH,59.71,2.36,7161261568.0,119934041.0,9.182,Industrials,Booz Allen Hamilton Holding Cor,6.25397,0.09836152076201188,forecast_icc,0.11675957734325448,0.15377658726820578,2026-06-25
BAK,2.67,0.0,1063952832.0,172530183.0,-7.717728,Basic Materials,Braskem SA,2.54916,0.01,forecast_icc,0.24631807855578913,,2026-06-25
BALL,61.37,0.8,16339548160.0,266246511.0,21.039,Consumer Cyclical,Ball Corporation,3.99842,0.13045653032948024,forecast_icc,0.08768280519910832,0.34282223046056376,2026-06-25
BAM,44.66,2.01,71312482304.0,1596765155.0,4.742,Financial Services,Brookfield Asset Management Inc,1.83789,0.18688822508419967,forecast_icc,0.09580544936644386,0.10617861165920017,2026-06-25
BANC,21.05,0.48,3245954304.0,153724787.0,19.811,Financial Services,"Banc of California, Inc.",1.68574,0.21780345723539818,forecast_icc,0.1305528179326797,0.9382269342190345,2026-06-25
BAND,52.32,0.0,1675145600.0,30059279.0,12.671,Technology,Bandwidth Inc.,1.8,0.2433333333333334,forecast_icc,0.07584721647635007,0.22737195155394252,2026-06-25
BANF,113.3,1.96,3805337856.0,33586387.0,56.645,Financial Services,BancFirst Corporation,7.395,0.037187288708586896,forecast_icc,0.06165101665540418,0.4999558419274822,2026-06-25
BANR,67.94,2.0,2308934656.0,33984909.0,58.055,Financial Services,Banner Corporation,5.93667,0.12984215056588955,forecast_icc,0.11187992539044808,0.8545039968402639,2026-06-25
BAP,380.41,14.41,30222936064.0,79448317.0,145.96054,Financial Services,Credicorp Ltd.,29.73428,0.13600497472950424,forecast_icc,0.1119504576956839,0.3836926772056444,2026-06-25
BATL,1.26,0.0,27743748.0,22018849.0,-3.119,Energy,Battalion Oil Corporation,0.23,0.04,forecast_icc,0.11162936925211964,,2026-06-25
BATRK,50.78,0.0,3257223168.0,52847883.0,8.091,Communication Services,"Atlanta Braves Holdings, Inc. -",0.02,0.01,forecast_icc,0.010000000000000002,0.13127507674444983,2026-06-25
BAX,21.55,0.2,11129906176.0,516469008.0,11.701,Healthcare,Baxter International Inc.,1.91624,0.05043209618836886,forecast_icc,0.07760253048490984,0.5429698837569069,2026-06-25
BB,10.34,0.0,6059874816.0,586061407.0,1.27,Technology,BlackBerry Limited,0.18,0.13494444444444453,forecast_icc,0.03391600437890904,0.12282398720924337,2026-06-25
BBAR,19.06,0.39,3892751104.0,204236693.0,13.007044,Financial Services,Banco BBVA Argentina S.A.,0.424,0.75,forecast_icc,0.18305688642888296,0.6824262793312901,2026-06-25
BBCP,11.52,0.0,580532224.0,50393420.0,5.212,Industrials,"Concrete Pumping Holdings, Inc.",0.175,0.6285714285714286,forecast_icc,0.10143700161114111,0.4524305356045145,2026-06-25
BBD,3.35,0.17,35411886080.0,5277491247.0,3.2699478,Financial Services,Banco Bradesco Sa,0.49257,0.14168544572345043,forecast_icc,0.1624545379475838,0.48732566386497617,2026-06-25
BBDC,8.14,1.04,852314048.0,104706884.0,11.016,Financial Services,"Barings BDC, Inc.",0.98333,0.01,forecast_icc,0.12390003209839573,1.353316933882099,2026-06-25
BBDO,2.96,0.15,31289307136.0,5293220781.0,3.2699478,Financial Services,Banco Bradesco Sa,0.41,0.01,trailing_eps_fallback_icc,0.09745086970496397,0.553177977783689,2026-06-25
BBIO,69.69,0.0,13649570816.0,195861242.0,-11.642,Healthcare,"BridgeBio Pharma, Inc.",0.52729,0.04,forecast_icc,0.011481756878569189,,2026-06-25
BBN,16.07,1.18,993005632.0,61792514.0,,Financial Services,BlackRock Taxable Municipal Bon,1.27,0.04,trailing_eps_fallback_icc,0.09444631315007854,,2026-06-25
BBSI,34.01,0.32,835273600.0,24559649.0,8.375,Industrials,"Barrett Business Services, Inc.",1.87667,0.1456462777153149,forecast_icc,0.0816103930532252,0.24625112103986047,2026-06-25
BBT,30.83,1.29,2584049920.0,83816086.0,29.809,Financial Services,Beacon Financial Corporation,3.10286,0.10404916754220306,forecast_icc,0.11766028046474653,0.9668829105182302,2026-06-25
BBUC,32.01,0.25,6609828864.0,206492638.0,26.472,Industrials,Brookfield Business Corporation,1.82,0.4230769230769229,forecast_icc,0.15245628053035604,0.8269916249886134,2026-06-25
BBVA,24.53,1.08,136090714112.0,5547929414.0,11.005051,Financial Services,Banco Bilbao Vizcaya Argentaria,2.2231,0.07653276955602539,forecast_icc,0.10236042265248846,0.4486363859860625,2026-06-25
BBW,32.0,0.92,401198176.0,12537443.0,12.925,Consumer Cyclical,"Build-A-Bear Workshop, Inc.",4.1325,0.04214640048396867,forecast_icc,0.10186406778639612,0.40390625,2026-06-25
BBWI,21.82,0.8,4398078464.0,201561812.0,-5.637,Consumer Cyclical,"Bath & Body Works, Inc.",2.64694,0.0832961835175714,forecast_icc,0.11859439793223425,,2026-06-25
BBY,76.89,3.84,16205883392.0,210767126.0,14.632,Consumer Cyclical,"Best Buy Co., Inc.",6.5504,0.07965009770395715,forecast_icc,0.10306489470592392,0.19029783894128122,2026-06-25
BC,87.96,1.76,5715151872.0,64974438.0,24.633,Consumer Cyclical,Brunswick Corporation,4.26404,0.2508208178159681,forecast_icc,0.1076882083634213,0.28004773400604394,2026-06-25
BCAL,20.63,0.4,663560320.0,32164824.0,17.972,Financial Services,California BanCorp,1.67667,0.10735565138041481,forecast_icc,0.09556224859311074,0.8711585058732868,2026-06-25
BCAT,15.76,3.05,1651258368.0,104775271.0,,Financial Services,BlackRock Capital Allocation Term Trust,2.12,0.04,trailing_eps_fallback_icc,0.15861222788487928,,2026-06-25
BCBP,10.27,0.48,178319616.0,17363157.0,16.253,Financial Services,"BCB Bancorp, Inc. (NJ)",1.125,0.09629333333333334,forecast_icc,0.1223845464834149,1.5825706506736759,2026-06-25
BCC,79.76,0.88,2806733312.0,35189736.0,56.782,Basic Materials,"Boise Cascade, L.L.C.",3.65333,0.4785606556210362,forecast_icc,0.15391006419371023,0.7119107401508619,2026-06-25
BCE,23.2,1.25,21634598912.0,932525817.0,15.175075,Communication Services,"BCE, Inc.",2.60076,0.040645811224411244,forecast_icc,0.10375063216656255,0.6540980616267444,2026-06-25
BCG,1.56,0.0,26223804.0,16810131.0,0.183,Financial Services,"Binah Capital Group, Inc.",0.09,0.75,trailing_eps_fallback_icc,0.22480085096846836,0.1173076939180906,2026-06-25
BCH,38.82,2.19,19607414784.0,505085406.0,56.243,Financial Services,Banco De Chile,2.75681,0.13777880956612876,forecast_icc,0.11803554236792413,1.4488150938102784,2026-06-25
BCHT,2.03,0.0,53401112.0,26305966.0,0.425,Industrials,Birchtech Corp.,0.05,0.04,forecast_icc,0.028922418584319654,0.2093596019124096,2026-06-25
BCML,31.81,1.2,347025376.0,10909317.0,31.746,Financial Services,BayCom Corp,2.73,0.03418681318681305,forecast_icc,0.08010575386286606,0.9979880476579326,2026-06-25
BCO,95.18,1.02,3919610368.0,41181028.0,6.359,Industrials,Brinks Company (The),9.24,0.14610389610389607,forecast_icc,0.11413181138240336,0.06681025215922685,2026-06-25
BCPC,169.23,0.96,5437331968.0,32129836.0,39.999,Basic Materials,Balchem Corporation,5.6848,0.07476780185758525,forecast_icc,0.04356624122921182,0.2363588093806819,2026-06-25
BCRX,9.9,0.0,2516210176.0,254162660.0,-2.18,Healthcare,"BioCryst Pharmaceuticals, Inc.",0.565,0.20353982300884965,forecast_icc,0.09316624502473059,,2026-06-25
BCS,27.3,0.46,92046172160.0,3371654657.0,24.916332,Financial Services,Barclays PLC,2.82736,0.2017288212325279,forecast_icc,0.1392773537355766,0.9126861536091728,2026-06-25
BCSF,12.04,1.68,781016832.0,64868507.0,16.858,Financial Services,"Bain Capital Specialty Finance,",1.68667,0.01,forecast_icc,0.1432264076993669,1.4001660991167986,2026-06-25
BCX,10.93,0.84,833282304.0,76238090.0,,Financial Services,BlackRock Resources  of Benefic,2.8,0.04,trailing_eps_fallback_icc,0.16954376888819056,,2026-06-25
BDC,121.32,0.2,4724690944.0,38944040.0,32.952,Technology,Belden Inc,8.04812,0.10193933490057283,forecast_icc,0.07602282729697574,0.27161226444021136,2026-06-25
BDCI,10.06,0.0,349551488.0,26060000.0,-0.263,Financial Services,BTC Development Corp.,0.1,0.04,trailing_eps_fallback_icc,0.014438340645944403,,2026-06-25
BDJ,9.42,0.74,1666818944.0,176944689.0,9.735,Financial Services,Blackrock Enhanced Equity Divid,1.57,0.75,trailing_eps_fallback_icc,0.4,1.0334395068016458,2026-06-25
BDL,44.5,0.6,82709792.0,1858647.0,37.023,Consumer Cyclical,"Flanigan's Enterprises, Inc.",3.21,0.069,trailing_eps_fallback_icc,0.07500980105350985,0.8319775230603894,2026-06-25
BDX,151.38,4.2,41711308800.0,275540427.0,87.584,Healthcare,"Becton, Dickinson and Company",12.53737,0.067999907476608,forecast_icc,0.08714652832557288,0.5785704992879054,2026-06-25
BE,309.18,0.0,87944355840.0,284443868.0,3.242,Industrials,Bloom Energy Corporation,2.13871,0.75,forecast_icc,0.07825051123226076,0.01048580106418345,2026-06-25
BEAG,10.69,0.0,334789408.0,26158000.0,-0.259,Financial Services,Bold Eagle Acquisition Corp.,0.3,0.01,trailing_eps_fallback_icc,0.025954224781545743,,2026-06-25
BEKE,14.3,0.28,15887657984.0,1065708133.0,8.474559,Real Estate,KE Holdings Inc,6.70535,0.13881154600431,forecast_icc,0.25090985732381876,0.5684542340339661,2026-06-25
BELFA,267.86,0.24,3407904000.0,2115263.0,34.501,Technology,Bel Fuse Inc.,7.61,0.21681997371879103,forecast_icc,0.06271107762894335,0.021414537722600165,2026-06-25
BELFB,310.32,0.28,4413590528.0,12107444.0,34.501,Technology,Bel Fuse Inc.,8.63964,0.1723277821761091,forecast_icc,0.05387843641316492,0.09464378781719189,2026-06-25
BEN,32.65,1.32,16966154240.0,519637162.0,23.332,Financial Services,"Franklin Resources, Inc.",2.76685,0.08369806820030012,forecast_icc,0.09962883180933912,0.7146094567028999,2026-06-25
BENF,3.54,0.0,50847264.0,14333726.0,1.397,Financial Services,Beneficient,6.02,0.04,forecast_icc,0.36090827650126356,0.3938110656652047,2026-06-25
BESS,3.97,0.0,28177366.0,7097573.0,4.263,Utilities,Bimergen Energy Corporation,0.11,0.75,forecast_icc,0.1627329005392556,1.0738034810989785,2026-06-25
BETR,25.58,0.0,482690112.0,13086244.0,0.512,Financial Services,Better Home & Finance Holding C,1.16,0.04,forecast_icc,0.043986881383822105,0.013880866339354389,2026-06-25
BF-A,28.14,0.92,12912440320.0,168480849.0,8.764,Consumer Defensive,Brown Forman Inc,1.53,0.01,trailing_eps_fallback_icc,0.048956935221106446,0.11435221569612644,2026-06-25
BF-B,27.68,0.92,12701363200.0,290383416.0,8.764,Consumer Defensive,Brown Forman Inc,1.70108,0.01,forecast_icc,0.05351502919006379,0.2003659148825852,2026-06-25
BFAM,66.91,0.0,3519912960.0,52606675.0,21.669,Consumer Cyclical,Bright Horizons Family Solution,5.01465,0.1451188019104026,forecast_icc,0.09341359379185199,0.32385290588975246,2026-06-25
BFC,144.9,1.95,1626191488.0,11222854.0,73.055,Financial Services,Bank First Corporation,9.88,0.21761133603238858,forecast_icc,0.11465359192646296,0.5041753108536748,2026-06-25
BFH,104.96,0.92,4241125376.0,40407065.0,80.508,Financial Services,"Bread Financial Holdings, Inc.",11.32836,0.09875480652097912,forecast_icc,0.10448027675250848,0.7670350910701301,2026-06-25
BFRI,0.9466,0.0,12119646.0,12803344.0,0.52,Healthcare,Biofrontera Inc.,0.32,0.04,forecast_icc,0.15855083294481337,0.5493344343555909,2026-06-25
BFS,37.0,2.36,1278263040.0,24535744.0,4.751,Real Estate,"Saul Centers, Inc.",1.36,0.01,forecast_icc,0.038177209960304645,0.09119353067112071,2026-06-25
BFST,30.09,0.6,983280064.0,32677968.0,28.176,Financial Services,"Business First Bancshares, Inc.",3.006,0.08316699933466398,forecast_icc,0.09935287119553216,0.9363908209655311,2026-06-25
BG,111.55,2.88,21642721280.0,194018115.0,82.7,Consumer Defensive,Bunge Limited,9.43066,0.15431899782199765,forecast_icc,0.11595543852278556,0.7413715633499116,2026-06-25
BGB,11.27,0.93,503529408.0,44678740.0,,Financial Services,Blackstone / GSO Strategic Cred,0.67,0.04,trailing_eps_fallback_icc,0.07474066027110432,,2026-06-25
BGC,12.11,0.08,5801375744.0,369603684.0,2.297,Financial Services,"BGC Group, Inc.",1.42,0.13732394366197198,forecast_icc,0.12158688398302309,0.14634109211527052,2026-06-25
BGH,14.06,1.47,282358720.0,20082411.0,,Financial Services,Barings Global Short Duration H,1.0,0.04,trailing_eps_fallback_icc,0.08827102506489493,,2026-06-25
BGL,0.299,0.0,12210494.0,40837773.0,-0.581,Basic Materials,Blue Gold Limited,0.2,0.04,forecast_icc,0.22712305363538,,2026-06-25
BGMS,0.602,0.0,3322712.0,5519456.0,1.238,Healthcare,"Bio Green Med Solution, Inc.",5.03,0.04,trailing_eps_fallback_icc,0.4,2.0564787222004193,2026-06-25
BGR,14.81,1.17,377005920.0,25456171.0,14.185,Financial Services,BlackRock Energy and Resources ,1.58,0.04,trailing_eps_fallback_icc,0.11285164478721968,0.95779871476554,2026-06-25
BGS,4.0,0.38,324668000.0,81167001.0,4.97,Consumer Defensive,"B&G Foods, Inc.",0.604,0.08046357615894029,forecast_icc,0.16317574473588825,1.2425000153079453,2026-06-25
BGSF,5.59,0.0,59913480.0,10717975.0,4.384,Industrials,"BGSF, Inc.",0.12,0.04,forecast_icc,0.026221297400405907,0.7842576061347131,2026-06-25
BGSI,95.31,0.45,2652483328.0,27830064.0,62.016,Consumer Cyclical,Boyd Group Services Inc.,3.91966,0.3648403177826649,forecast_icc,0.114409034929983,0.6506767566849717,2026-06-25
BGT,10.6,1.44,316142048.0,29824720.0,11.838,Financial Services,BlackRock Floating Rate Income ,0.71,0.01,trailing_eps_fallback_icc,0.06883858766119066,1.1167923963091426,2026-06-25
BGX,10.84,0.98,137757696.0,12708275.0,,Financial Services,Blackstone GSO Long Short Credi,0.7,0.04,trailing_eps_fallback_icc,0.08071189205522955,,2026-06-25
BGY,5.65,0.51,511971680.0,90614455.0,6.296,Financial Services,Blackrock Enhanced Internationa,0.9,0.04,trailing_eps_fallback_icc,0.14271583994044634,1.1143362630526752,2026-06-25
BHB,37.55,1.3,628665984.0,16742104.0,32.131,Financial Services,"Bar Harbor Bankshares, Inc.",3.62,0.055248618784530246,forecast_icc,0.09329657383104617,0.8556857811858323,2026-06-25
BHC,5.28,0.0,1971951488.0,373475644.0,-5.513,Healthcare,Bausch Health Companies Inc.,4.4206,0.01,forecast_icc,0.22978013215149862,,2026-06-25
BHE,97.19,0.68,3486889216.0,35877036.0,30.561,Technology,"Benchmark Electronics, Inc.",2.75,0.12848363636363636,forecast_icc,0.04876567282811728,0.31444592279125627,2026-06-25
BHF,62.72,0.0,3602999552.0,57445785.0,96.853,Financial Services,"Brighthouse Financial, Inc.",19.639,0.01,forecast_icc,0.1328573548347879,1.544212408107732,2026-06-25
BHP,81.16,2.66,206174420992.0,2540345092.0,19.858,Basic Materials,BHP Group Limited,5.09578,0.08545894838474166,forecast_icc,0.0813842722894379,0.2446771650635237,2026-06-25
BHRB,69.68,2.2,1404038528.0,20149806.0,56.766,Financial Services,Burke & Herbert Financial Servi,7.66,0.1510013054830288,forecast_icc,0.13473243487096587,0.8146670227243222,2026-06-25
BIDU,103.99,0.0,35382874112.0,274750119.0,116.4118,Communication Services,"Baidu, Inc.",52.75025,0.172787617120298,forecast_icc,0.26698716355711194,0.9039445411292031,2026-06-25
BIIB,201.96,0.0,29816793088.0,147637117.0,126.367,Healthcare,Biogen Inc.,13.32433,0.24768599997148089,forecast_icc,0.11263722207927673,0.6257030898285113,2026-06-25
BILI,16.14,0.0,6727016448.0,337091593.0,5.5076213,Communication Services,Bilibili Inc.,7.01424,0.29908158260909223,forecast_icc,0.30443746488439294,0.27598755733824704,2026-06-25
BILL,33.38,0.0,3324538880.0,99596727.0,38.187,Technology,"BILL Holdings, Inc.",2.64309,0.26459182245023816,forecast_icc,0.1290152745534464,1.1440083425792271,2026-06-25
BIO,298.29,0.0,7982717440.0,21700560.0,255.374,Healthcare,"Bio-Rad Laboratories, Inc.",9.00237,0.07992784122403296,forecast_icc,0.03972737337207982,0.6942195876395695,2026-06-25
BIO-B,296.49,0.0,7934545920.0,5061038.0,255.374,Healthcare,"Bio-Rad Laboratories, Inc.",6.02,0.04,trailing_eps_fallback_icc,0.02518122573213366,0.16288991597543112,2026-06-25
BIOX,0.3251,0.0,20746546.0,63815891.0,1.064,Basic Materials,Bioceres Crop Solutions Corp.,0.64,0.04,forecast_icc,0.3875383687233668,3.27283915230998,2026-06-25
BIPC,38.66,1.82,4754819584.0,122990668.0,-11.871,Utilities,Brookfield Infrastructure Corpo,0.13,0.75,forecast_icc,0.05472090021623949,,2026-06-25
BIRK,44.52,0.0,8187497472.0,183906056.0,18.147018,Consumer Cyclical,Birkenstock Holding plc,1.99175,0.20983557173340017,forecast_icc,0.08174079914288923,0.4076149665943992,2026-06-25
BIT,12.38,1.48,706436352.0,57062709.0,,Financial Services,BlackRock Multi-Sector Income T,1.06,0.04,trailing_eps_fallback_icc,0.10476656106820151,,2026-06-25
BJ,86.31,0.0,11021266944.0,127693987.0,16.651,Consumer Defensive,"BJ's Wholesale Club Holdings, I",4.51706,0.08138700836384727,forecast_icc,0.05950359697670293,0.1929208854427145,2026-06-25
BJRI,56.33,0.0,1183883392.0,21016924.0,17.697,Consumer Cyclical,"BJ's Restaurants, Inc.",2.2157,0.17747890057318227,forecast_icc,0.06868999379997753,0.31416650198941215,2026-06-25
BKD,15.41,0.0,3680196352.0,238818725.0,-0.234,Healthcare,Brookdale Senior Living Inc.,0.15333,0.04,forecast_icc,0.014449918910688506,,2026-06-25
BKE,42.6,1.4,2194670592.0,51518086.0,9.065,Consumer Cyclical,"Buckle, Inc. (The)",4.25554,0.01,forecast_icc,0.07387443012864392,0.2127934147804902,2026-06-25
BKH,74.31,2.81,5657080320.0,76128118.0,51.831,Utilities,Black Hills Corporation,4.338,0.06316274781005071,forecast_icc,0.07299640237514649,0.6974969879971582,2026-06-25
BKHA,12.1,0.0,50258284.0,4153577.0,-1.088,Financial Services,Black Hawk Acquisition Corporat,0.15,0.01,trailing_eps_fallback_icc,0.013724355281424478,,2026-06-25
BKKT,7.83,0.0,350055200.0,44706924.0,5.564,Technology,"Bakkt, Inc.",0.9,,forecast_icc,0.010000000000000002,0.7106002857149387,2026-06-25
BKNG,177.05,1.61,137192235008.0,774878436.0,-11.185,Consumer Cyclical,Booking Holdings Inc. Common St,10.4546,0.17686951198515488,forecast_icc,0.09301626568154353,,2026-06-25
BKR,56.94,0.92,56488390656.0,992068697.0,19.474,Energy,Baker Hughes Company,2.3051,0.2072448049976141,forecast_icc,0.08489149818979158,0.34200913817901346,2026-06-25
BKT,10.66,1.06,345266208.0,32388952.0,11.513,Financial Services,BlackRock Income Trust Inc. (Th,0.95,0.222,trailing_eps_fallback_icc,0.18779117571140602,1.0800188252885727,2026-06-25
BKTI,81.8,0.0,306275392.0,3744198.0,12.743,Technology,BK Technologies Corporation,3.55,0.18873239436619715,forecast_icc,0.07563903427319263,0.15578239832601373,2026-06-25
BKU,50.25,1.32,3652256000.0,72681714.0,41.109,Financial Services,"BankUnited, Inc.",4.09778,0.11822010942510341,forecast_icc,0.10246706379879666,0.8180895810222504,2026-06-25
BKV,25.87,0.0,2829831680.0,109386611.0,20.266,Energy,BKV Corporation,1.53333,0.4164009052193589,forecast_icc,0.14703656975963642,0.7833784158236577,2026-06-25
BL,26.5,0.0,1554514304.0,58660917.0,5.171,Technology,"BlackLine, Inc.",2.47283,0.13307425095942693,forecast_icc,0.10273253703659913,0.19513207503235688,2026-06-25
BLBD,79.095,0.0,2503086848.0,31646589.0,9.414,Industrials,Blue Bird Corporation,4.92917,0.13240768729826735,forecast_icc,0.080234725893336,0.11902143510683334,2026-06-25
BLCO,15.91,0.0,5672493056.0,356536358.0,17.899,Healthcare,Bausch + Lomb Corporation,0.80391,0.3381846226567651,forecast_icc,0.11761091370865484,1.1250157926754807,2026-06-25
BLD,427.14,0.0,12021668864.0,28144562.0,85.79,Industrials,TopBuild Corp.,18.16895,0.1474355975441619,forecast_icc,0.06579924737128395,0.20084748642599112,2026-06-25
BLDR,88.72,0.0,9542712320.0,107559876.0,37.242,Industrials,"Builders FirstSource, Inc.",4.28695,0.37156253280304163,forecast_icc,0.12237615101257338,0.41977005778499665,2026-06-25
BLFS,27.5,0.0,1343578880.0,48857415.0,7.624,Healthcare,"BioLife Solutions, Inc.",0.25,0.15999999999999992,forecast_icc,0.02341567462643368,0.2772363703424692,2026-06-25
BLIN,1.05,0.0,13229872.0,12599879.0,0.733,Technology,"Bridgeline Digital, Inc.",0.12,0.04,forecast_icc,0.08358953572990757,0.6980952882234991,2026-06-25
BLK,971.92,22.92,158275715072.0,155233989.0,364.87,Financial Services,"BlackRock, Inc.",53.24913,0.1430528536334772,forecast_icc,0.08739520819106261,0.3578579666543552,2026-06-25
BLKB,26.58,0.0,1220875264.0,45932106.0,0.757,Technology,"Blackbaud, Inc.",5.194,0.12938005390835583,forecast_icc,0.15315008815472686,0.02848006284284911,2026-06-25
BLLN,112.24,0.0,5162532864.0,41442834.0,10.996,Healthcare,"BillionToOne, Inc.",0.87,0.1839080459770115,forecast_icc,0.022639620015610526,0.0882716710322137,2026-06-25
BLMN,8.65,0.6,740563584.0,85614287.0,4.631,Consumer Cyclical,"Bloomin' Brands, Inc.",0.87964,0.107441680687554,forecast_icc,0.13497461319962045,0.5353757214951039,2026-06-25
BLND,1.62,0.0,392228992.0,238860271.0,-0.226,Technology,"Blend Labs, Inc.",0.056,0.75,forecast_icc,0.18005095524193526,,2026-06-25
BLNE,1.21,0.0,37726244.0,31178713.0,1.661,Financial Services,"Beeline Holdings, Inc.",0.47,0.04,forecast_icc,0.17094468078335445,1.3727272265163741,2026-06-25
BLSH,21.88,0.0,3318065920.0,151648346.0,17.528,Technology,Bullish,0.62246,0.75,forecast_icc,0.16473877917599644,0.80109686569699,2026-06-25
BLTE,149.83,0.0,6005949440.0,40085091.0,20.228,Healthcare,"Belite Bio, Inc",0.94429,0.04,forecast_icc,0.010000000000000002,0.13500633477660445,2026-06-25
BLUW,10.31,0.0,333095488.0,25983000.0,-0.287,Financial Services,Blue Water Acquisition Corp. II,0.29,0.04,trailing_eps_fallback_icc,0.03171392718720352,,2026-06-25
BLW,12.29,1.36,480347264.0,39084400.0,13.901,Financial Services,Blackrock Limited Duration Inco,1.22,0.01,trailing_eps_fallback_icc,0.1019003034276621,1.131082208891274,2026-06-25
BLX,61.94,2.63,2306039040.0,30060446.0,45.503,Financial Services,Banco Latinoamericano de Comerc,6.86,0.028425655976676234,forecast_icc,0.09240522358911438,0.5931558185320228,2026-06-25
BLZE,13.42,0.0,805397696.0,60014731.0,1.41,Technology,"Backblaze, Inc.",0.11623,0.3269379678224211,forecast_icc,0.03727494147127086,0.10506706330334473,2026-06-25
BMA,90.34,5.32,5776251904.0,62815463.0,5.563589,Financial Services,Banco Macro S.A.,9611.5625,0.5210018142211528,forecast_icc,0.4,0.060502800913979506,2026-06-25
BMBL,2.94,0.0,445938080.0,130431168.0,4.733,Communication Services,Bumble Inc.,1.0208,0.01,forecast_icc,0.14113540487056453,1.3843417860703888,2026-06-25
BME,41.55,3.15,536996480.0,12924103.0,43.972,Financial Services,Blackrock Health Sciences Trust,5.92,0.04,trailing_eps_fallback_icc,0.1281124841816229,1.0582912147133627,2026-06-25
BMEZ,15.0,1.32,937521088.0,62501404.0,,Financial Services,BlackRock Health Sciences Trust,2.54,0.04,trailing_eps_fallback_icc,0.14549178597185086,,2026-06-25
BMHL,6.0,0.0,153120896.0,14014999.0,0.46470827,Financial Services,Bluemount Holdings Limited,0.11,0.75,trailing_eps_fallback_icc,0.13338549006189793,0.042534272653039655,2026-06-25
BMI,140.9,1.6,4112246528.0,29185570.0,23.656,Technology,"Badger Meter, Inc.",4.64556,0.12370091011632622,forecast_icc,0.0549414463287637,0.16789213370818606,2026-06-25
BMN,25.68,1.13,157871728.0,6147653.0,,Financial Services,53753,1.17,0.04,trailing_eps_fallback_icc,0.05769551510120771,,2026-06-25
BMNR,13.32,0.01,7586763264.0,569576819.0,19.959,Financial Services,"BitMine Immersion Technologies,",0.69,0.3623188405797102,forecast_icc,0.12538521261583713,1.49842341652655,2026-06-25
BMO,174.8,4.95,122432831488.0,700416619.0,84.412544,Financial Services,Bank Of Montreal,14.49995,0.12324663188493745,forecast_icc,0.10609479672235411,0.4829092650320976,2026-06-25
BMRA,1.75,0.0,5407971.0,3090269.0,1.095,Healthcare,"Biomerica, Inc.",0.39,0.04,forecast_icc,0.1254826767971805,0.625714256788729,2026-06-25
BMRC,26.32,1.0,426113088.0,16189707.0,24.673,Financial Services,Bank of Marin Bancorp,2.175,0.10114942528735638,forecast_icc,0.10326570296290527,0.9374240126860407,2026-06-25
BMRN,57.35,0.0,11084861440.0,193284438.0,32.142,Healthcare,BioMarin Pharmaceutical Inc.,4.93703,0.30921626970060934,forecast_icc,0.1470767802585674,0.5604534111520659,2026-06-25
BMY,55.39,2.52,113110327296.0,2042071247.0,9.828,Healthcare,Bristol-Myers Squibb Company,6.31037,0.01,forecast_icc,0.08491433868072198,0.1774327481432876,2026-06-25
BN,43.0,0.28,96044613632.0,2233510540.0,19.109,Financial Services,Brookfield Corporation,5.87,0.75,forecast_icc,0.3246150222022838,0.44437841222820945,2026-06-25
BNBX,0.371,0.0,2670171.0,7197228.0,2.207,Financial Services,BNB Plus Corp.,370.17,0.04,trailing_eps_fallback_icc,0.4,5.948788371980671,2026-06-25
BNC,3.05,0.0,125854736.0,41263850.0,8.355,Industrials,CEA Industries Inc.,4.72,0.04,forecast_icc,0.3446880476392039,2.7393444037735697,2026-06-25
BNED,13.43,0.0,460596896.0,34296119.0,8.455,Consumer Cyclical,"Barnes & Noble Education, Inc",0.23,0.7391304347826086,forecast_icc,0.12704388323776172,0.6295606606628108,2026-06-25
BNL,21.02,1.17,4205315072.0,191766555.0,15.083,Real Estate,"Broadstone Net Lease, Inc.",0.77749,0.04766620792550391,forecast_icc,0.050115881423622555,0.6877998198811297,2026-06-25
BNS,86.46,3.3,106006536192.0,1226076000.0,50.150368,Financial Services,Bank Nova Scotia Halifax Pfd 3,8.29091,0.11609702674374711,forecast_icc,0.11723808296976157,0.580041239010018,2026-06-25
BNT,42.97,0.28,11789851648.0,59928210.0,49.773,Financial Services,Brookfield Wealth Solutions Ltd,2.74,0.04,trailing_eps_fallback_icc,0.0582783678290614,0.25299782265165277,2026-06-25
BNY,145.43,2.12,99820101632.0,686379045.0,57.478,Financial Services,The Bank of New York Mellon Cor,8.79111,0.10090534642383031,forecast_icc,0.07637680190759105,0.39522795612805417,2026-06-25
BNZI,2.9,0.0,6223925.0,2112325.0,9.335,Technology,"Banzai International, Inc.",254.6,0.04,trailing_eps_fallback_icc,0.4,3.168186293215294,2026-06-25
BOBS,15.06,0.0,1967250048.0,130627486.0,3.619,Consumer Cyclical,"Bob's Discount Furniture, Inc.",0.92968,0.1388004474657949,forecast_icc,0.08137619487619899,0.24030543159198847,2026-06-25
BODI,9.63,0.0,69738192.0,4512761.0,4.748,Communication Services,"The Beachbody Company, Inc.",0.54667,0.75,forecast_icc,0.22328354246424797,0.30724325672222763,2026-06-25
BOE,11.81,0.99,656637504.0,55600125.0,12.887,Financial Services,Blackrock Enhanced Global Divid,1.83,0.75,trailing_eps_fallback_icc,0.4,1.0911938573569504,2026-06-25
BOH,81.78,2.8,3240206592.0,39621017.0,38.1,Financial Services,Bank of Hawaii Corporation,6.00913,0.1605873063155565,forecast_icc,0.11434911134418513,0.46588410486759485,2026-06-25
BOKF,138.46,2.52,8412828672.0,60759992.0,98.308,Financial Services,BOK Financial Corporation,10.09278,0.04179026987608969,forecast_icc,0.06828900418448586,0.710010096059163,2026-06-25
BON,1.16,0.0,11797953.0,6086971.0,9.33,Basic Materials,Bon Natural Life Limited,0.58,0.04,forecast_icc,0.19543022462417337,4.813668899172594,2026-06-25
BOOM,6.03,0.0,123426920.0,20468807.0,11.487,Industrials,DMC Global Inc.,0.54,0.04,forecast_icc,0.07124764382918969,1.904974911542798,2026-06-25
BOOT,175.15,0.0,5315359744.0,30347473.0,43.399,Consumer Cyclical,"Boot Barn Holdings, Inc.",8.53908,0.1583379005700849,forecast_icc,0.07444060609404135,0.24778190831085167,2026-06-25
BORR,4.38,0.24,1352047872.0,308686731.0,3.891,Energy,Borr Drilling Limited,0.30903,0.04,forecast_icc,0.08029861692286377,0.8883561708094608,2026-06-25
BOSC,4.44,0.0,31301156.0,7049810.0,4.181,Technology,B.O.S. Better Online Solutions,0.49,0.12244897959183687,forecast_icc,0.10982491855835386,0.941666678700301,2026-06-25
BOTJ,24.44,0.4,111039208.0,4543338.0,17.891,Financial Services,Bank of the James Financial Gro,2.41,0.75,trailing_eps_fallback_icc,0.3002528997863382,0.7320374633615901,2026-06-25
BOW,28.26,0.0,928002880.0,32838035.0,13.983,Financial Services,Bowhead Specialty Holdings Inc.,1.99964,0.21024284371186797,forecast_icc,0.10735462337532609,0.49479829567447037,2026-06-25
BOX,24.93,0.0,3453618688.0,138532634.0,0.139,Technology,"Box, Inc.",1.57587,0.1429051888797932,forecast_icc,0.08363663519268208,0.005575611515222378,2026-06-25
BP,37.72,2.0,97131397120.0,2575063651.0,5.4255,Energy,BP p.l.c.,5.19086,0.01,forecast_icc,0.09803091862210947,0.14383616680855688,2026-06-25
BPOP,167.19,3.0,10790060032.0,64537709.0,97.27,Financial Services,"Popular, Inc.",14.786,0.11456783443798191,forecast_icc,0.10196325703957099,0.5817931444137121,2026-06-25
BPRN,37.41,1.4,254805120.0,6811150.0,40.257,Financial Services,"Princeton Bancorp, Inc.",3.63,0.043159779614325045,forecast_icc,0.08992992333975239,1.0761026526861,2026-06-25
BPYPN,13.91,1.44,,,19.784,Real Estate,Brookfield Property Partners L.,2.196,0.04,trailing_eps_fallback_icc,0.14947980901722302,,2026-06-25
BPYPO,15.32,1.59,,,19.784,Real Estate,Brookfield Property Partners L.,2.196,0.04,trailing_eps_fallback_icc,0.14359632839434278,,2026-06-25
BPYPP,15.47,1.63,,0.0,19.784,Real Estate,Brookfield Property Partners L.,2.196,0.04,trailing_eps_fallback_icc,0.14390974007204937,,2026-06-25
BR,136.26,3.9,15759598592.0,115658297.0,24.363,Technology,"Broadridge Financial Solutions,",9.54077,0.09072747797085556,forecast_icc,0.08656500121331134,0.17879789725363837,2026-06-25
BRAG,1.68,0.0,43061692.0,25631959.0,2.7805705,Consumer Cyclical,Bragg Gaming Group Inc.,0.0227576,0.04,forecast_icc,0.0185244520954867,1.65510145427192,2026-06-25
BRBI,10.96,0.9,287688224.0,26248926.0,5.8587003,Financial Services,BRBI BR Partners S.A.,0.42,0.01,trailing_eps_fallback_icc,0.03951656486455188,0.5345529562964586,2026-06-25
BRBR,11.39,0.0,1324404736.0,116277850.0,-4.281,Consumer Defensive,"BellRing Brands, Inc.",1.24398,0.08838566536439485,forecast_icc,0.09815338424246478,,2026-06-25
BRBS,3.49,2.4,313791872.0,89911711.0,3.134,Financial Services,"Blue Ridge Bankshares, Inc.",0.13,0.04,trailing_eps_fallback_icc,0.04821526611528604,0.897994267595306,2026-06-25
BRC,89.64,0.98,4223190528.0,43574162.0,28.481,Industrials,Brady Corporation,5.275,0.15450236966824638,forecast_icc,0.08790149992114771,0.29386211673232854,2026-06-25
BRCB,7.22,0.0,155756272.0,21572893.0,2.624,Consumer Cyclical,"Black Rock Coffee Bar, Inc.",0.1925,0.38961038961038974,forecast_icc,0.09099302462425907,0.36343493912078223,2026-06-25
BRCC,1.26,0.0,147425056.0,117004009.0,0.402,Consumer Defensive,BRC Inc.,0.03,0.04,forecast_icc,0.028238558053263238,0.31904760896275325,2026-06-25
BRIA,1.47,0.53,36750000.0,25000000.0,0.496,Consumer Cyclical,BrilliA Inc,0.02,0.75,forecast_icc,0.1400100766829343,0.33741496598639453,2026-06-25
BRK-A,733400.0,0.0,1054558060544.0,505697.0,505559.44,Financial Services,Berkshire Hathaway Inc.,30289.625,0.04318574429363187,forecast_icc,0.04174624289219214,0.24243320656787387,2026-06-25
BRK-B,487.81,0.0,1052134801408.0,1398308677.0,505559.44,Financial Services,Berkshire Hathaway Inc. New,20.75045,0.034852256216130195,forecast_icc,0.04064757462253332,671.8988391461126,2026-06-25
BRKR,60.89,0.2,9269018624.0,152225624.0,16.089,Healthcare,Bruker Corporation,2.11742,0.15062670608570805,forecast_icc,0.059355078088974556,0.26423056894011043,2026-06-25
BRLT,1.1,0.25,111321320.0,16258882.0,0.706,Consumer Cyclical,"Brilliant Earth Group, Inc.",0.03,0.75,forecast_icc,0.20897040371314046,0.10311385718387098,2026-06-25
BRO,60.83,0.65,20618196992.0,338947841.0,37.579,Financial Services,"Brown & Brown, Inc.",4.49715,0.08246556152229734,forecast_icc,0.07926730519761568,0.6177708420324614,2026-06-25
BROS,66.6,0.0,11633914880.0,137192622.0,5.471,Consumer Cyclical,Dutch Bros Inc.,0.94278,0.3279556206113834,forecast_icc,0.0527083321811731,0.06451661738150864,2026-06-25
BRSL,10.85,0.92,1996307328.0,183991448.0,4.584,Consumer Cyclical,Brightstar Lottery PLC Trading ,0.65261,0.4339498322121942,forecast_icc,0.21341550748396398,0.4224884544590521,2026-06-25
BRSP,5.48,0.64,713923776.0,130278065.0,7.046,Real Estate,"BrightSpire Capital, Inc.",0.60857,0.150237441871929,forecast_icc,0.1876683080227851,1.2857664597375729,2026-06-25
BRUN,34.43,0.0,2114989184.0,31895656.0,0.496,Technology,Boost Run Inc.,0.37,0.75,forecast_icc,0.10081994275950057,0.007480059707009831,2026-06-25
BRX,32.09,1.21,9846386688.0,306836617.0,9.897,Real Estate,Brixmor Property Group Inc.,1.12602,0.01,forecast_icc,0.03673488230720545,0.3084138470968204,2026-06-25
BRZE,19.57,0.0,2204201728.0,112631669.0,5.204,Technology,"Braze, Inc.",0.63337,0.5287746498886907,forecast_icc,0.12967761499250197,0.26591722437666104,2026-06-25
BSAA,11.465,0.0,84835272.0,6024500.0,0.231,Financial Services,BEST SPAC I Acquisition Corp.,0.19,0.04,trailing_eps_fallback_icc,0.02164582574523631,0.016404255767577428,2026-06-25
BSAC,31.99,1.48,15070979072.0,471115317.0,24.37,Financial Services,Banco Santander - Chile,2.76757,0.12996238577524677,forecast_icc,0.1204813721284369,0.7618005585728943,2026-06-25
BSBK,9.08,0.0,116717952.0,12854400.0,11.309,Financial Services,Bogota Financial Corp.,0.35,0.01,forecast_icc,0.03243559825457257,1.2454845814977973,2026-06-25
BSBR,5.16,0.34,38635638784.0,7487527435.0,13.092903,Financial Services,Banco Santander Brasil SA,0.85922,0.11250901980866379,forecast_icc,0.16791750734173283,2.537384484940675,2026-06-25
BSET,16.78,0.8,145100592.0,8647234.0,19.012,Consumer Cyclical,"Bassett Furniture Industries, I",0.9,0.43333333333333335,forecast_icc,0.19169546011576422,1.1330154518459856,2026-06-25
BSIN,1.06,0.0,55459652.0,52320429.0,0.735,Energy,Big Sky Industrial Inc.,0.06,0.04,forecast_icc,0.051785591847816795,0.6933962606725336,2026-06-25
BSL,12.9,1.06,167957200.0,13019938.0,14.132,Financial Services,Blackstone GSO Senior Floating ,0.57,0.01,trailing_eps_fallback_icc,0.04544196817077524,1.0955038772734957,2026-06-25
BSM,13.95,1.2,2964365568.0,212499331.0,3.639,Energy,"Black Stone Minerals, L.P.",0.99,0.15151515151515138,forecast_icc,0.13265052559746315,0.2608602238052307,2026-06-25
BSRR,40.42,1.04,528660608.0,13079184.0,28.182,Financial Services,Sierra Bancorp,3.724,0.041353383458646586,forecast_icc,0.08195147114122825,0.6972291067466861,2026-06-25
BST,48.89,3.0,1697461760.0,34720019.0,,Financial Services,BlackRock Science and Technolog,7.22,0.04,trailing_eps_fallback_icc,0.12326246039170885,,2026-06-25
BSTZ,29.85,1.95,2052012928.0,68744150.0,,Financial Services,BlackRock Science and Technolog,4.65,0.04,trailing_eps_fallback_icc,0.12854687888555827,,2026-06-25
BSVN,47.34,1.08,450645376.0,9519335.0,27.294,Financial Services,Bank7 Corp.,4.44333,0.024006769697501706,forecast_icc,0.0746328944845972,0.5765525251722543,2026-06-25
BSX,44.2,0.0,65696899072.0,1486355179.0,17.402,Healthcare,Boston Scientific Corporation,3.36293,0.10624366252048056,forecast_icc,0.08349473608406333,0.3937104062797675,2026-06-25
BSY,28.71,0.28,8722001920.0,292281547.0,3.918,Technology,"Bentley Systems, Incorporated",1.38214,0.14463802509152468,forecast_icc,0.07492555604719364,0.1312954424511294,2026-06-25
BTCS,1.01,0.05,50273124.0,49775371.0,1.409,Financial Services,BTCS Inc.,0.02,,forecast_icc,0.010000000000000002,1.395049524652576,2026-06-25
BTE,3.99,0.06,2886365952.0,723400000.0,2.0540712,Energy,Baytex Energy Corp,0.38,0.01,forecast_icc,0.06597904651563369,0.5148048205912319,2026-06-25
BTG,3.96,0.08,5276374016.0,1332417631.0,2.752,Basic Materials,B2Gold Corp,0.69364,0.712963496914826,forecast_icc,0.3587694480272471,0.694949468971079,2026-06-25
BTGO,4.8,0.0,556605184.0,107104027.0,3.779,Financial Services,"BitGo Holdings, Inc.",0.02,0.75,forecast_icc,0.056801798957546334,0.7271691490983311,2026-06-25
BTI,62.48,3.34,134942916608.0,2159777821.0,5.59153,Consumer Defensive,British American Tobacco  Indus,4.84277,0.08498235513972374,forecast_icc,0.10182693464701786,0.0894931188906894,2026-06-25
BTMD,1.96,0.0,69684040.0,30331425.0,-1.871,Healthcare,Biote Corp.,0.47,0.21276595744680837,forecast_icc,0.20284925995998282,,2026-06-25
BTO,38.62,2.6,,,36.043,Financial Services,,3.53,0.01,trailing_eps_fallback_icc,0.08277353224122694,,2026-06-25
BTSG,69.7,0.0,13679210496.0,196258412.0,9.658,Healthcare,"BrightSpring Health Services, I",1.68939,0.2523514404607581,forecast_icc,0.061956456288504505,0.13856528808078955,2026-06-25
BTT,22.62,0.56,1439206912.0,63625411.0,24.801,Financial Services,BlackRock Municipal 2030 Target,1.38,0.75,trailing_eps_fallback_icc,0.2657778314592304,1.0964190103966094,2026-06-25
BTU,23.69,0.3,2886248192.0,121834029.0,28.696,Energy,Peabody Energy Corporation,0.8,0.75,forecast_icc,0.19840277859419142,1.2113127713252458,2026-06-25
BTX,9.08,0.63,1059729472.0,116710298.0,,Financial Services,BlackRock Technology and Privat,0.37,0.04,trailing_eps_fallback_icc,0.05247854027388288,,2026-06-25
BTZ,10.15,1.01,947243200.0,93324457.0,14.199,Financial Services,BlackRock Credit Allocation Inc,1.1,0.01,trailing_eps_fallback_icc,0.10647814298000269,1.3989163130893947,2026-06-25
BUD,84.08,1.35,162585362432.0,1711656296.0,7.472415,Consumer Defensive,Anheuser-Busch Inbev SA Sponsor,4.39797,0.11895260768036175,forecast_icc,0.07508834338217463,0.07866763643267234,2026-06-25
BUDA,8.31,0.0,104429000.0,12566666.0,1.673,Consumer Defensive,"Buda Juice, Inc.",0.24,0.45833333333333326,forecast_icc,0.10854204987324712,0.2013236956975553,2026-06-25
BULL,6.51,0.0,3462139648.0,447959660.0,1.918,Technology,Webull Corporation,0.15,0.75,forecast_icc,0.14916008492424215,0.24816636971195913,2026-06-25
BUR,4.09,0.13,895993536.0,219069315.0,3.779,Financial Services,Burford Capital Limited,0.72503,0.04,forecast_icc,0.12199040714209175,0.9239608413704002,2026-06-25
BURL,324.48,0.0,20423487488.0,62942206.0,29.526,Consumer Cyclical,"Burlington Stores, Inc.",11.80355,0.1685145570612232,forecast_icc,0.06345170750664858,0.09099482032380306,2026-06-25
BUSE,29.41,1.04,2487414272.0,84577160.0,28.22,Financial Services,First Busey Corporation,2.62857,0.03261088728852579,forecast_icc,0.0805093890411136,0.9595375736430606,2026-06-25
BV,14.36,0.0,1338352000.0,93200000.0,13.273,Industrials,"BrightView Holdings, Inc.",0.66027,0.12676632286791767,forecast_icc,0.06464435175645356,0.9243036211699165,2026-06-25
BVC,8.84,0.0,1485120000.0,168000000.0,1.742,Technology,BitVentures Limited,1.47,0.04,trailing_eps_fallback_icc,0.10556240699514163,0.19705882352941176,2026-06-25
BVFL,21.62,0.0,187206832.0,8658965.0,22.513,Financial Services,"BV Financial, Inc.",1.35,0.01,trailing_eps_fallback_icc,0.04532681625202717,1.041304299433901,2026-06-25
BVN,30.68,1.14,7792316928.0,253715190.0,16.323,Basic Materials,Buenaventura Mining Company Inc,4.39,0.01,forecast_icc,0.09405565034773822,0.5314713306242463,2026-06-25
BVS,9.73,0.0,659188480.0,67748048.0,2.793,Healthcare,Bioventus Inc.,0.776,0.16752577319587636,forecast_icc,0.10315166677481369,0.2870503714870746,2026-06-25
BW,14.88,0.0,2214732288.0,148839531.0,-1.299,Industrials,"Babcock & Wilcox Enterprises, I",0.15,0.75,forecast_icc,0.09730864568570918,,2026-06-25
BWA,69.47,0.68,14249335808.0,205114941.0,26.712,Consumer Cyclical,BorgWarner Inc.,5.19585,0.12783086501727325,forecast_icc,0.09284451965705476,0.38451127672322166,2026-06-25
BWAY,14.54,0.0,583481600.0,40129409.0,1.986,Healthcare,Brainsway Ltd.,0.30333,0.5384894339498236,forecast_icc,0.10430180554275942,0.13658872237616404,2026-06-25
BWB,20.61,0.0,574676224.0,27883367.0,16.596,Financial Services,"Bridgewater Bancshares, Inc.",1.8525,0.1686909581646423,forecast_icc,0.11082184060909298,0.8052401324541313,2026-06-25
BWEN,4.31,0.0,100871736.0,23404116.0,2.828,Industrials,"Broadwind, Inc.",0.23,0.04,trailing_eps_fallback_icc,0.04961560748052152,0.6561485176382806,2026-06-25
BWFG,57.97,0.8,462205248.0,7973180.0,40.133,Financial Services,"Bankwell Financial Group, Inc.",5.41667,0.0326141337759176,forecast_icc,0.07498565678366831,0.6923063602687609,2026-06-25
BWIN,24.01,0.0,2340733696.0,97489954.0,9.974,Financial Services,"The Baldwin Insurance Group, In",2.01386,0.24210223153545907,forecast_icc,0.12685531260730587,0.4154102633963193,2026-06-25
BWLP,18.18,1.86,2759989504.0,151814604.0,12.522,Energy,BW LPG Limited,2.38,0.75,trailing_eps_fallback_icc,0.4,0.6887788770692369,2026-06-25
BWMN,29.24,0.0,511926144.0,17507734.0,14.627,Industrials,Bowman Consulting Group Ltd.,1.69874,0.3963231571635446,forecast_icc,0.14073986000469685,0.5002393962868207,2026-06-25
BWMX,17.34,1.19,645809600.0,37243920.0,2.4114354,Consumer Cyclical,"Betterware de Mexico, S.A.P.I. ",41.22,0.2355652595827269,forecast_icc,0.4,0.13906777960991595,2026-06-25
BWXT,204.77,1.04,18759931904.0,91614649.0,13.976,Industrials,"BWX Technologies, Inc.",4.7125,0.10218779840848802,forecast_icc,0.03748920266068223,0.0682521845482281,2026-06-25
BX,114.18,4.97,139557879808.0,742180737.0,10.657,Financial Services,Blackstone Inc.,5.93656,0.2692704192326869,forecast_icc,0.1345422676320015,0.056674837172150855,2026-06-25
BXC,63.06,0.0,490757824.0,7782395.0,78.724,Industrials,Bluelinx Holdings Inc.,0.905,0.75,forecast_icc,0.11772641557835806,1.2483983627329802,2026-06-25
BXDC,21.56,0.0,2168935936.0,100600000.0,,Real Estate,Blackstone Digital Infrastructu,0.33294,0.01,forecast_icc,0.016427010412310726,,2026-06-25
BXMT,17.35,1.88,2926659072.0,168683520.0,19.956,Real Estate,"Blackstone Mortgage Trust, Inc.",1.46512,0.33641612973681334,forecast_icc,0.22565420876943032,1.1502017291066282,2026-06-25
BXP,65.67,2.8,11709711360.0,159477391.0,32.469,Real Estate,"BXP, Inc.",1.96832,0.046303446594049724,forecast_icc,0.0408033514109728,0.4422031636123096,2026-06-25
BXSL,23.96,3.08,5574341632.0,232652003.0,26.26,Financial Services,Blackstone Secured Lending Fund,2.73204,0.01,forecast_icc,0.11698085511347533,1.095993392961101,2026-06-25
BY,36.79,0.44,1670606720.0,45409259.0,28.174,Financial Services,"Byline Bancorp, Inc.",3.264,0.033700980392156854,forecast_icc,0.07231347984904024,0.7658058882140735,2026-06-25
BYD,88.81,0.76,6601261568.0,74330156.0,33.894,Consumer Cyclical,Boyd Gaming Corporation,7.20008,0.08638515127609692,forecast_icc,0.0843259436790566,0.3816461870980356,2026-06-25
BYRN,5.62,0.0,127493384.0,22685654.0,2.931,Industrials,"Byrna Technologies, Inc.",0.06,0.01,forecast_icc,0.012106202038247065,0.5215302142580198,2026-06-25
BZ,12.65,0.17,5670388224.0,386580656.0,6.5407615,Communication Services,KANZHUN LIMITED - American Depo,8.77842,0.11864663572715806,forecast_icc,0.2849323116227379,0.4459186516908131,2026-06-25
BZH,27.51,0.0,751953536.0,27333825.0,42.688,Consumer Cyclical,"Beazer Homes USA, Inc.",1.7,0.04,forecast_icc,0.05515120875020363,1.5517266237045797,2026-06-25
BZUN,2.76,0.0,160434352.0,53694809.0,9.190711,Consumer Cyclical,Baozun Inc.,3.4139,0.4457775564603532,forecast_icc,0.4,3.0759838249553875,2026-06-25
C,144.98,2.4,247274536960.0,1705576955.0,112.225,Financial Services,"Citigroup, Inc.",10.86533,0.15514853207403734,forecast_icc,0.10417314290821145,0.7740723170612503,2026-06-25
CAAP,25.86,0.0,4220939264.0,163222707.0,11.061,Industrials,Corporacion America Airports SA,2.00718,0.13494056337747495,forecast_icc,0.09258015026970218,0.42772621191807797,2026-06-25
CAAS,4.45,0.0,134259616.0,30170702.0,13.302,Consumer Cyclical,"China Automotive Systems, Inc.",0.64,0.75,forecast_icc,0.32338610473740925,2.9892136590350447,2026-06-25
CABO,40.65,0.0,230601488.0,5672853.0,260.711,Communication Services,"Cable One, Inc.",23.59,0.01,forecast_icc,0.18854480184737465,6.4135543586908685,2026-06-25
CAC,53.13,1.68,898676992.0,16914680.0,41.977,Financial Services,Camden National Corporation,5.36,0.08675373134328357,forecast_icc,0.10640734926648077,0.790080895227815,2026-06-25
CACC,623.7,0.0,6523946496.0,10460071.0,145.264,Financial Services,Credit Acceptance Corporation,47.735,0.14664292447889382,forecast_icc,0.09501373448616846,0.23290683862530565,2026-06-25
CACI,443.26,0.0,9792191488.0,22091305.0,193.749,Technology,"CACI International, Inc.",28.19597,0.10782356485696365,forecast_icc,0.07491574508857013,0.43710013817542287,2026-06-25
CADL,9.47,0.0,693869184.0,73270239.0,1.884,Healthcare,"Candel Therapeutics, Inc.",0.22,0.04,forecast_icc,0.027749887308853347,0.19894402786447998,2026-06-25
CAE,24.64,0.0,7923723264.0,321579686.0,11.6443205,Industrials,CAE Inc.,1.26075,0.20320444180051545,forecast_icc,0.08717941832281573,0.4725779542410535,2026-06-25
CAF,20.41,0.26,343251872.0,16817828.0,,Financial Services,Morgan Stanley China A Share Fu,4.15,0.04,trailing_eps_fallback_icc,0.123762424721935,,2026-06-25
CAG,13.78,1.4,6592863744.0,478437156.0,17.064,Consumer Defensive,"ConAgra Brands, Inc.",1.6969,0.01,forecast_icc,0.11434830832208454,1.2383164504823718,2026-06-25
CAH,234.75,2.05,54979825664.0,234205855.0,-12.051,Healthcare,"Cardinal Health, Inc.",10.76813,0.1141024486145692,forecast_icc,0.0649874288405049,,2026-06-25
CAI,18.7,0.0,5286129152.0,282680695.0,2.1,Healthcare,"Caris Life Sciences, Inc.",0.13285,0.75,forecast_icc,0.07951039638969959,0.11229946193717213,2026-06-25
CAKE,79.05,1.2,3927628288.0,49685363.0,9.225,Consumer Cyclical,The Cheesecake Factory Incorpor,4.03361,0.10302929633752389,forecast_icc,0.06941698645571781,0.11669828203330224,2026-06-25
CAL,12.47,0.28,418864128.0,33589744.0,18.281,Consumer Cyclical,"Caleres, Inc.",1.62667,0.39958934510380106,forecast_icc,0.22593590072804093,1.4659983250320257,2026-06-25
CALM,78.24,4.8,3706744064.0,47376588.0,56.996,Consumer Defensive,"Cal-Maine Foods, Inc.",7.63,0.01,forecast_icc,0.0833938891197944,0.7284765182126155,2026-06-25
CALX,35.2,0.0,2245136896.0,63782299.0,11.459,Technology,"Calix, Inc",1.77736,0.4082909483728676,forecast_icc,0.1337366719321832,0.32553977690320757,2026-06-25
CALY,18.48,0.0,3321919744.0,179757563.0,11.683,Consumer Cyclical,Callaway Golf Company,0.66153,0.18191162910223269,forecast_icc,0.06544389838542738,0.6321969735488588,2026-06-25
CAMT,168.06,0.0,7841094656.0,46656521.0,14.823,Technology,Camtek Ltd.,3.50308,0.29167190015643363,forecast_icc,0.062283629934232754,0.0882006455889161,2026-06-25
CANG,0.2081,0.0,85366720.0,393219671.0,0.588,Financial Services,Cango Inc.,0.07,0.04,forecast_icc,0.15812097705222844,2.7084696067507337,2026-06-25
CAPL,22.36,2.1,853130880.0,38154331.0,-2.868,Energy,CrossAmerica Partners LP,1.06,0.01,forecast_icc,0.0487494728640995,,2026-06-25
CAPN,11.03,0.0,58327652.0,5288092.0,-0.653,Financial Services,Cayson Acquisition Corp,0.19,0.01,trailing_eps_fallback_icc,0.017923905909462974,,2026-06-25
CAPS,0.2351,0.0,2968350.0,12625905.0,1.187,Basic Materials,Capstone Holding Corp.,0.06,,forecast_icc,0.010000000000000002,5.0489158067613324,2026-06-25
CAR,165.2,0.0,5835687424.0,35324986.0,-96.742,Industrials,"Avis Budget Group, Inc.",3.41654,0.75,forecast_icc,0.14155985206134802,,2026-06-25
CARE,32.68,0.4,726215296.0,22222010.0,22.784,Financial Services,"Carter Bankshares, Inc.",5.46,0.01,forecast_icc,0.0942032276241872,0.69718481368919,2026-06-25
CARG,31.03,0.0,2798505728.0,75970848.0,2.638,Consumer Cyclical,"CarGurus, Inc.",2.51222,0.1599461830572162,forecast_icc,0.10195164789504896,0.07161360972708361,2026-06-25
CARR,76.0,0.96,63124111360.0,830580423.0,16.18,Industrials,Carrier Global Corporation,2.79944,0.14461820935615677,forecast_icc,0.06436997703901881,0.2128947394997435,2026-06-25
CARS,10.16,0.0,567974784.0,55903027.0,8.056,Communication Services,Cars.com Inc.,2.10681,0.19362448441007984,forecast_icc,0.18220454860124236,0.7929133443924158,2026-06-25
CART,46.8,0.0,10999395328.0,235029814.0,10.118,Consumer Cyclical,Maplebear Inc.,2.42925,0.22501183492847576,forecast_icc,0.093016242587599,0.21619658055188687,2026-06-25
CASH,86.82,0.2,1832773120.0,21110034.0,39.828,Financial Services,"Pathward Financial, Inc.",8.67667,0.11448286036002298,forecast_icc,0.10218968602186218,0.45874223327325975,2026-06-25
CASS,51.25,1.28,659646400.0,12871149.0,18.788,Industrials,"Cass Information Systems, Inc",2.975,0.15126050420168058,forecast_icc,0.09338586676920924,0.36659511430972713,2026-06-25
CASY,784.71,2.36,29038125056.0,37004914.0,106.969,Consumer Cyclical,"Caseys General Stores, Inc.",21.2354,0.10678160053495578,forecast_icc,0.04202448772328611,0.13631660577369475,2026-06-25
CAT,1057.01,6.52,486850330624.0,460591983.0,40.511,Industrials,"Caterpillar, Inc.",24.60227,0.22396185392648715,forecast_icc,0.05856557240425504,0.03832603297074391,2026-06-25
CATO,3.22,0.0,64267524.0,18195206.0,8.761,Consumer Cyclical,Cato Corporation (The),1.3,0.75,forecast_icc,0.4,2.4803849571985994,2026-06-25
CATY,61.97,1.44,4154188544.0,67035475.0,44.595,Financial Services,Cathay General Bancorp,5.478,0.07776560788608977,forecast_icc,0.09208062680886087,0.7196223705211297,2026-06-25
CAVA,83.3,0.0,9702273024.0,116473856.0,6.958,Consumer Cyclical,"CAVA Group, Inc.",0.55266,0.35982339955849874,forecast_icc,0.03391518103809309,0.08352940471199834,2026-06-25
CB,330.82,4.08,128311877632.0,387860106.0,189.933,Financial Services,Chubb Limited,27.09449,0.07966232248697058,forecast_icc,0.08423115417128824,0.5741279363409916,2026-06-25
CBAN,19.98,0.47,422743872.0,21158353.0,17.976,Financial Services,"Colony Bankcorp, Inc.",1.965,0.08142493638676851,forecast_icc,0.09938867341640656,0.8996997442650098,2026-06-25
CBAT,0.6312,0.0,55953256.0,88645836.0,1.186,Industrials,"CBAK Energy Technology, Inc.",0.33,0.04,forecast_icc,0.20003679422972664,1.8789605647971583,2026-06-25
CBC,29.3,0.48,7025206784.0,239768162.0,15.84,Financial Services,"Central Bancompany, Inc.",1.912,0.06589958158995812,forecast_icc,0.0704639224141822,0.5406143623743332,2026-06-25
CBFV,37.25,1.08,188954752.0,5072611.0,31.298,Financial Services,"CB Financial Services, Inc.",2.97667,0.09630224378248164,forecast_icc,0.09545048178013926,0.8402147995621723,2026-06-25
CBK,31.92,0.2,437344512.0,13701269.0,21.428,Financial Services,"Commercial Bancgroup, Inc.",2.93,0.07508532423208192,forecast_icc,0.08642415934383213,0.671303249672423,2026-06-25
CBL,52.82,2.5,1634502144.0,30944758.0,12.861,Real Estate,"CBL & Associates Properties, In",3.24,,forecast_icc,0.010000000000000002,0.24348731147213473,2026-06-25
CBNA,38.01,0.0,249414656.0,3366667.0,26.65,Financial Services,"Chain Bridge Bancorp, Inc.",4.69667,0.01,forecast_icc,0.07391089181376931,0.3597289629603803,2026-06-25
CBNK,34.62,0.48,563892416.0,16288055.0,25.104,Financial Services,"Capital Bancorp, Inc.",3.42,0.0928362573099415,forecast_icc,0.09942898184375137,0.7251300445225353,2026-06-25
CBOE,244.98,2.88,25638082560.0,104653784.0,51.336,Financial Services,"Cboe Global Markets, Inc.",13.74842,0.07037245007062642,forecast_icc,0.06350250599946261,0.20955181195204015,2026-06-25
CBRE,134.58,0.0,39407255552.0,292816579.0,29.094,Real Estate,CBRE Group Inc,7.67138,0.15520284485972535,forecast_icc,0.08139140116368326,0.21618368064694202,2026-06-25
CBRL,48.32,1.0,1080022528.0,22351460.0,20.825,Consumer Cyclical,Cracker Barrel Old Country Stor,0.66818,0.75,forecast_icc,0.14138397699972904,0.4309809679266246,2026-06-25
CBRS,168.52,0.0,37554778112.0,92130188.0,-10.149,Technology,Cerebras Systems Inc.,0.95725,0.04,forecast_icc,0.010000000000000002,,2026-06-25
CBSH,57.44,1.1,8373439488.0,145777158.0,29.417,Financial Services,"Commerce Bancshares, Inc.",4.156,0.05480028873917231,forecast_icc,0.07268508485534475,0.512134429708558,2026-06-25
CBT,93.09,1.82,4805437440.0,51621417.0,30.4,Basic Materials,Cabot Corporation,6.31523,0.10845685746995759,forecast_icc,0.08637934336130593,0.326565707366695,2026-06-25
CBU,67.73,1.88,3559545344.0,52554929.0,38.525,Financial Services,"Community Financial System, Inc",4.79,0.1238684759916493,forecast_icc,0.09713146128735406,0.5688025981008545,2026-06-25
CBZ,30.4,0.0,1630921472.0,53648732.0,35.891,Industrials,"CBIZ, Inc.",4.06916,0.10424264467359357,forecast_icc,0.1162841950254202,1.1806249861011089,2026-06-25
CC,21.36,0.35,3212068096.0,150377709.0,1.43,Basic Materials,Chemours Company (The),1.29895,0.7404288078832904,forecast_icc,0.2505340103195063,0.06694756071261075,2026-06-25
CCAP,10.96,1.6,403831648.0,36845952.0,18.268,Financial Services,"Crescent Capital BDC, Inc.",1.54833,0.01,forecast_icc,0.14477398116171336,1.666788263053618,2026-06-25
CCAQ,10.45,0.0,211432880.0,14482813.0,-0.299,Financial Services,Collective Acquisition Corp.,0.26,0.04,trailing_eps_fallback_icc,0.02912826199127727,,2026-06-25
CCB,76.55,0.0,1167296256.0,15248808.0,33.052,Financial Services,Coastal Financial Corporation,4.465,0.5688689809630458,forecast_icc,0.18254067128671847,0.4317700835802218,2026-06-25
CCBG,48.57,1.08,830615360.0,17101409.0,32.748,Financial Services,Capital City Bank Group,3.60667,0.01,forecast_icc,0.05754293888764661,0.6742434210848207,2026-06-25
CCC,4.49,0.0,2635362816.0,586940536.0,2.934,Technology,CCC Intelligent Solutions Holdi,0.44,0.14843181818181828,forecast_icc,0.11032887030782959,0.6534521630831115,2026-06-25
CCEC,20.59,0.6,1237735808.0,60113445.0,25.229,Industrials,Capital Clean Energy Carriers C,1.686,0.6834697508896799,forecast_icc,0.27894267529683836,1.2253035697138044,2026-06-25
CCEL,3.84,0.6,30931776.0,8055150.0,-2.284,Healthcare,"Cryo-Cell International, Inc.",0.11,0.01,forecast_icc,0.030998497192759246,,2026-06-25
CCEP,99.6,2.41,44100595712.0,442777049.0,19.95524,Consumer Defensive,Coca-Cola Europacific Partners ,4.45959,0.09526660522604069,forecast_icc,0.06544566878021907,0.20035380784850745,2026-06-25
CCG,0.3901,0.0,32386710.0,64425057.0,0.6299526,Communication Services,Cheche Group Inc.,0.43,0.5116279069767442,forecast_icc,0.4,1.2531292052294967,2026-06-25
CCI,79.53,4.25,34711023616.0,436451983.0,-4.404,Real Estate,Crown Castle Inc.,2.39917,0.23432270326821358,forecast_icc,0.08633562153808694,,2026-06-25
CCII,10.34,0.0,358729056.0,26020000.0,-0.266,Financial Services,Cohen Circle Acquisition Corp. ,0.26,0.04,trailing_eps_fallback_icc,0.029345208034937786,,2026-06-25
CCIX,10.88,0.0,398888000.0,29475000.0,-1.562,Financial Services,Churchill Capital Corp IX,0.2,0.01,trailing_eps_fallback_icc,0.01886428307388377,,2026-06-25
CCJ,103.58,0.17,45112508416.0,435532978.0,11.393252,Energy,Cameco Corporation,1.62439,0.6375439395711622,forecast_icc,0.10698097954589147,0.1099947031742651,2026-06-25
CCK,110.01,1.22,12293245952.0,111746617.0,26.399,Consumer Cyclical,"Crown Holdings, Inc.",8.10868,0.08969277366969708,forecast_icc,0.08144627549255945,0.23996908169750414,2026-06-25
CCL,28.46,0.3,43206246400.0,1372000000.0,9.452,Consumer Cyclical,Carnival Corporation Ltd.,2.23945,0.18142847574181165,forecast_icc,0.11158201224027253,0.30014511975749875,2026-06-25
CCLD,2.08,0.0,88385328.0,42492949.0,1.373,Healthcare,"CareCloud, Inc.",0.36667,0.01,forecast_icc,0.0933959242990755,0.6600961980590262,2026-06-25
CCNE,33.55,0.74,994053312.0,29629013.0,28.352,Financial Services,CNB Financial Corporation,3.5175,0.08528784648187626,forecast_icc,0.10382148854592887,0.8450671271200392,2026-06-25
CCRN,13.19,0.0,426122496.0,32306484.0,10.013,Healthcare,"Cross Country Healthcare, Inc.",0.09429,0.75,forecast_icc,0.07980619767055408,0.7591357586809967,2026-06-25
CCS,69.52,1.22,2000042112.0,28769306.0,88.748,Real Estate,"Century Communities, Inc.",3.84,0.06770833333333326,forecast_icc,0.06413009974218781,1.2765823047269917,2026-06-25
CCSI,35.03,0.0,644480192.0,18397950.0,1.196,Technology,"Consensus Cloud Solutions, Inc.",5.855,0.03031596925704516,forecast_icc,0.1014014133069841,0.034142163674131976,2026-06-25
CCU,11.23,0.35,2079114624.0,184751436.0,4007.12,Consumer Defensive,"Compania Cervecerias Unidas, S.",0.75448,0.2097073481073055,forecast_icc,0.12246490794000942,356.0752089752604,2026-06-25
CDE,15.99,0.04,16478246912.0,1030534551.0,10.065,Basic Materials,"Coeur Mining, Inc.",1.75444,0.16276418686304472,forecast_icc,0.12328456609177796,0.629455931277588,2026-06-25
CDLR,21.79,0.0,2102103552.0,96471019.0,21.719854,Industrials,Cadeler A/S,3.47,0.04,trailing_eps_fallback_icc,0.10283122606607298,0.9967807941324606,2026-06-25
CDNA,27.85,0.0,1438716544.0,51659481.0,6.115,Healthcare,"CareDx, Inc.",0.934,0.21413276231263367,forecast_icc,0.06892736097370056,0.2195691205695901,2026-06-25
CDNL,91.97,0.0,1406780928.0,15296084.0,4.604,Industrials,Cardinal Infrastructure Group I,1.985,0.04282115869017611,forecast_icc,0.026733887815380733,0.050059799172938464,2026-06-25
CDNS,368.23,0.0,101563727872.0,275816000.0,23.789,Technology,"Cadence Design Systems, Inc.",4.49978,0.75,forecast_icc,0.10812118335668408,0.06460364306703341,2026-06-25
CDP,35.18,1.25,4062969088.0,113376883.0,13.421,Real Estate,COPT Defense Properties,1.33451,0.04907419202553731,forecast_icc,0.05086946191983588,0.374512115102511,2026-06-25
CDRE,28.16,0.39,1205176192.0,42797451.0,7.854,Industrials,"Cadre Holdings, Inc.",1.3,0.09999999999999987,forecast_icc,0.06380759970547756,0.27890625651688944,2026-06-25
CDRO,9.32,0.0,423779616.0,45469915.0,0.7210122,Consumer Cyclical,"Codere Online Luxembourg, S.A.",0.43,0.01,forecast_icc,0.03656627361028919,0.07736182253740821,2026-06-25
CDW,128.02,2.52,16354997248.0,127753451.0,19.964,Technology,CDW Corporation,10.74005,0.09353029082732389,forecast_icc,0.09299811750456966,0.15594437938996833,2026-06-25
CE,48.92,0.12,5364690944.0,109662539.0,37.05,Basic Materials,Celanese Corporation,6.14627,0.07573211069477903,forecast_icc,0.10317340327319957,0.7573590188814425,2026-06-25
CECO,95.09,0.0,5553544192.0,58403031.0,8.711,Industrials,CECO Environmental Corp.,1.88333,0.5097354154609124,forecast_icc,0.09638415980059734,0.09160795078823063,2026-06-25
CEE,20.82,0.39,135750432.0,6520194.0,16.202,Financial Services,The Central and Eastern Europe ,5.47,0.75,trailing_eps_fallback_icc,0.4,0.7781940847746253,2026-06-25
CEG,268.69,1.71,95949742080.0,357102017.0,92.403,Utilities,Constellation Energy Corporatio,11.67369,0.15849744168296387,forecast_icc,0.07191370596596708,0.3439018903181506,2026-06-25
CELC,95.93,0.0,4678150144.0,48766288.0,1.107,Healthcare,Celcuity Inc.,0.74,0.04,forecast_icc,0.011672827854628497,0.011539664002712266,2026-06-25
CELH,28.22,0.0,7214170624.0,255640360.0,4.875,Consumer Defensive,"Celsius Holdings, Inc.",1.63487,0.2370830708252034,forecast_icc,0.10212822341079994,0.1727498308473609,2026-06-25
CENT,44.5,0.0,2784399616.0,9650221.0,26.425,Consumer Defensive,Central Garden & Pet Company,2.96599,0.040249629971780054,forecast_icc,0.05826071961363327,0.09158422823349506,2026-06-25
CENTA,39.01,0.0,2440886016.0,51318184.0,26.425,Consumer Defensive,Central Garden & Pet Company,2.96599,0.040249629971780054,forecast_icc,0.06384450634870242,0.5555699870091763,2026-06-25
CENX,45.96,0.0,4548847104.0,98974047.0,11.628,Basic Materials,Century Aluminum Company,10.555,0.28612032212221683,forecast_icc,0.22576601888206216,0.25300261631216175,2026-06-25
CEPF,10.37,0.0,592645504.0,45900000.0,0.0,Financial Services,"Cantor Equity Partners IV, Inc.",0.18,0.04,trailing_eps_fallback_icc,0.022416821958844618,,2026-06-25
CEPS,10.4,0.0,152620000.0,11800000.0,0.019,Financial Services,"Cantor Equity Partners VI, Inc.",0.02,0.04,trailing_eps_fallback_icc,0.010000000000000002,0.0014690079937098677,2026-06-25
CEPT,10.15,0.0,310386976.0,24580000.0,-0.31,Financial Services,"Cantor Equity Partners II, Inc.",0.24,0.04,forecast_icc,0.028100393812556766,,2026-06-25
CEPU,14.32,0.0,2147802880.0,149986238.0,12.044296,Utilities,Central Puerto S.A.,1.87349,0.01,forecast_icc,0.07681451908977854,0.8410821417645403,2026-06-25
CEPV,10.35,0.0,329026528.0,25540000.0,0.005,Financial Services,"Cantor Equity Partners V, Inc.",0.11,0.04,trailing_eps_fallback_icc,0.015252510815635403,0.0003881146021150003,2026-06-25
CERT,5.49,0.0,854049664.0,155564608.0,6.633,Healthcare,"Certara, Inc.",0.384,0.07789062499999999,forecast_icc,0.0713485930163461,1.2081967692970135,2026-06-25
CET,52.11,2.76,1539812224.0,29549265.0,60.505,Financial Services,11017,9.15,0.436,trailing_eps_fallback_icc,0.29356987659713474,1.1611014972855547,2026-06-25
CETX,3.24,0.0,3603473.0,1112183.0,34.585,Technology,Cemtrex Inc.,0.55,0.01,forecast_icc,0.0911596145653217,10.674382479069498,2026-06-25
CEVA,43.895,0.0,1222886912.0,27859369.0,12.139,Technology,"CEVA, Inc.",0.52818,0.5521602484001666,forecast_icc,0.07769703818050833,0.27654632408969637,2026-06-25
CF,105.49,2.0,16206352384.0,153629274.0,34.776,Basic Materials,"CF Industries Holdings, Inc.",17.61285,0.01,forecast_icc,0.09645535899152746,0.32966157380969857,2026-06-25
CFBK,31.51,0.36,204755568.0,6421414.0,29.072,Financial Services,CF Bankshares Inc.,3.62,0.16022099447513805,forecast_icc,0.1300945574989517,0.9117375885377632,2026-06-25
CFFI,79.74,1.92,259502816.0,3254362.0,81.73,Financial Services,C&F Financial Corporation,8.71,0.252,trailing_eps_fallback_icc,0.16391688500110468,1.0249561463718375,2026-06-25
CFFN,8.46,0.34,1052362432.0,124392716.0,8.207,Financial Services,"Capitol Federal Financial, Inc.",0.66,0.09090909090909083,forecast_icc,0.09764147239248377,0.970094512279207,2026-06-25
CFG,70.66,1.84,29880840192.0,422881942.0,56.478,Financial Services,"Citizens Financial Group, Inc.",5.19731,0.23310135435446422,forecast_icc,0.13179446898460945,0.7992923280206271,2026-06-25
CFR,153.5,4.12,9639347200.0,62797048.0,69.832,Financial Services,"Cullen/Frost Bankers, Inc.",10.62233,0.03670475310030841,forecast_icc,0.06716699856165328,0.45493158042237547,2026-06-25
CG,41.9,1.4,15082929152.0,359974427.0,15.016,Financial Services,The Carlyle Group Inc.,4.08746,0.27803819486918524,forecast_icc,0.17061101476760288,0.3583770726069641,2026-06-25
CGAU,15.81,0.2,3139788032.0,198595055.0,10.538,Basic Materials,Centerra Gold Inc.,1.88,0.09380851063829798,forecast_icc,0.1103970684238654,0.6665401193522353,2026-06-25
CGCT,11.9,0.0,492660000.0,27600000.0,-0.406,,Cartesian Growth Corporation II,0.3,0.04,trailing_eps_fallback_icc,0.02939832203212412,,2026-06-25
CGEN,2.02,0.0,191060976.0,94584636.0,1.008,Healthcare,Compugen Ltd.,0.38,0.04,trailing_eps_fallback_icc,0.11364250035603402,0.49900987152918136,2026-06-25
CGNT,7.96,0.0,586699008.0,73705907.0,2.655,Technology,Cognyte Software Ltd.,0.45,0.703711111111111,forecast_icc,0.21195237255656718,0.3335427202307456,2026-06-25
CGNX,66.54,0.34,11073550336.0,166419451.0,8.881,Technology,Cognex Corporation,1.47315,0.19641584360044795,forecast_icc,0.05144301657603334,0.13346858952057417,2026-06-25
CHA,11.4,0.0,2174701824.0,125489219.0,6.043441,Consumer Cyclical,Chagee Holdings Limited,10.05248,0.1365772426306744,forecast_icc,0.3217813240887122,0.3487313445884979,2026-06-25
CHAR,10.81,0.0,115361128.0,8546704.0,-0.18,Financial Services,Charlton Aria Acquisition Corpo,0.26,0.01,trailing_eps_fallback_icc,0.02316955904924601,,2026-06-25
CHCI,14.05,0.0,144142160.0,10038978.0,6.933,Real Estate,"Comstock Holding Companies, Inc",1.67,0.267,trailing_eps_fallback_icc,0.15977446732553935,0.48285827320750563,2026-06-25
CHCO,132.72,3.48,1872833920.0,14111166.0,56.294,Financial Services,City Holding Company,9.054,0.049039098740887965,forecast_icc,0.07065020232077368,0.42415612528205376,2026-06-25
CHCT,17.96,1.91,513149344.0,28571793.0,15.606,Real Estate,Community Healthcare Trust Inco,0.4,0.75,forecast_icc,0.1865899677933548,0.8689310563709889,2026-06-25
CHD,98.15,1.23,23256014848.0,236943602.0,17.671,Consumer Defensive,"Church & Dwight Company, Inc.",3.7511,0.09026152328650272,forecast_icc,0.053558093952215224,0.18004075153495533,2026-06-25
CHDN,83.98,0.44,5853147136.0,69696908.0,15.725,Consumer Cyclical,"Churchill Downs, Incorporated",6.86918,0.058145222573873445,forecast_icc,0.07468966533301347,0.1872469379009986,2026-06-25
CHE,453.15,2.4,6015160320.0,13274104.0,64.148,Healthcare,Chemed Corp,24.3425,0.10434425387696411,forecast_icc,0.06817869765079176,0.14156018760810019,2026-06-25
CHEC,10.16,0.0,175510624.0,13058000.0,-0.267,Financial Services,Chenghe Acquisition III Co.,0.12,0.04,trailing_eps_fallback_icc,0.01661314371795166,,2026-06-25
CHEF,94.36,0.0,3847777024.0,40777629.0,14.938,Consumer Defensive,"The Chefs' Warehouse, Inc.",2.23568,0.16884348386173342,forecast_icc,0.04716776868481745,0.1583086073342071,2026-06-25
CHH,111.18,1.15,5058188800.0,45495493.0,3.038,Consumer Cyclical,"Choice Hotels International, In",7.09858,0.07980469333303275,forecast_icc,0.07134259809244006,0.027325059067387913,2026-06-25
CHKP,122.84,0.0,12778775552.0,104027807.0,26.88,Technology,Check Point Software Technologi,10.42733,0.09527462926751151,forecast_icc,0.08612018419187362,0.21882123531955747,2026-06-25
CHMG,74.33,1.36,358257216.0,4819820.0,54.563,Financial Services,Chemung Financial Corp,7.15,0.05314685314685308,forecast_icc,0.08586284578184389,0.7340643172418334,2026-06-25
CHMI,2.43,0.4,90569136.0,36739538.0,3.328,Real Estate,Cherry Hill Mortgage Investment,0.57,0.05263157894736836,forecast_icc,0.2224071182157873,1.3500093725526983,2026-06-25
CHPG,10.374,0.0,103608104.0,8617125.0,-0.168,Financial Services,ChampionsGate Acquisition Corpo,0.25,0.04,trailing_eps_fallback_icc,0.028480746345643654,,2026-06-25
CHR,1.75,0.0,3229542.0,1845453.0,179.276,Communication Services,"Cheer Holding, Inc.",72.21,0.01,trailing_eps_fallback_icc,0.4,102.44345236197579,2026-06-25
CHRD,119.48,5.2,6726626816.0,56299183.0,142.959,Energy,Chord Energy Corporation,21.60529,0.01,forecast_icc,0.1104898830298301,1.1965097994365976,2026-06-25
CHRW,180.34,2.52,21257224192.0,117873042.0,14.423,Industrials,"C.H. Robinson Worldwide, Inc.",6.14931,0.19421853834007385,forecast_icc,0.07265795487803958,0.07997671141869096,2026-06-25
CHSN,1.06,0.0,2458232.0,2318379.0,144.209,Consumer Cyclical,Chanson International Holding,3.0,0.01,trailing_eps_fallback_icc,0.4,136.00470468653896,2026-06-25
CHT,44.79,1.65,34745602048.0,775744655.0,4.024968,Communication Services,"Chunghwa Telecom Co., Ltd.",1.555,0.01,forecast_icc,0.03641101437464089,0.08986309715493233,2026-06-25
CHTR,129.65,0.0,20313350144.0,141178369.0,133.228,Communication Services,"Charter Communications, Inc.",41.98603,0.08713231520103237,forecast_icc,0.17869529334999046,0.9259384400798916,2026-06-25
CHWY,18.14,0.0,7426954752.0,232945978.0,1.035,Consumer Cyclical,"Chewy, Inc.",1.52662,0.20627268082430472,forecast_icc,0.11720607306377143,0.03246271120274088,2026-06-25
CHYM,18.27,0.0,6961219584.0,348886850.0,3.767,Technology,"Chime Financial, Inc.",0.31696,0.75,forecast_icc,0.12974486117172324,0.18879691239316035,2026-06-25
CI,281.87,6.24,74563747840.0,264532404.0,159.524,Healthcare,The Cigna Group,30.40051,0.10036377679190234,forecast_icc,0.11090989679424446,0.5659488483096077,2026-06-25
CIA,5.95,0.0,300793696.0,50553564.0,4.742,Financial Services,"Citizens, Inc.",0.3,0.19999999999999996,forecast_icc,0.08566704159274885,0.7969748158817797,2026-06-25
CIB,78.89,2.53,18717853696.0,109989451.0,44394.484,Financial Services,Grupo Cibest S.A.,8.85716,0.07467179095782384,forecast_icc,0.10836814134867734,260.8699160647763,2026-06-25
CIEN,484.69,0.0,68609290240.0,141552922.0,20.426,Technology,Ciena Corporation,6.53977,0.473776600706141,forecast_icc,0.07156112939957412,0.04214239754788053,2026-06-25
CIFR,25.68,0.0,10504383488.0,409049197.0,1.762,Technology,Cipher Digital Inc.,0.67,0.04,forecast_icc,0.030110726325494747,0.06861370645286936,2026-06-25
CIG,2.1,0.16,6007431680.0,1904080104.0,1.9591029,Utilities,Comp En De Mn Cemig,0.03,0.75,forecast_icc,0.1441682784028676,0.6209456973098196,2026-06-25
CIG-C,3.01,0.16,8610653184.0,956601779.0,1.9591029,Utilities,Comp En De Mn Cemig,0.33,0.01,trailing_eps_fallback_icc,0.08591703821668217,0.2176468241534113,2026-06-25
CIGI,88.81,0.3,4538530304.0,49778127.0,29.63,Real Estate,Colliers International Group In,7.47894,0.12852222373758848,forecast_icc,0.09684808185320126,0.32497874955469286,2026-06-25
CII,25.0,1.69,1024588800.0,40983552.0,22.624,Financial Services,BlackRock Enhanced Large Cap Co,5.08,0.75,trailing_eps_fallback_icc,0.4,0.90496,2026-06-25
CIK,2.46,0.26,134954512.0,54859559.0,2.844,Financial Services,106937,0.14,0.01,trailing_eps_fallback_icc,0.05850748234121815,1.1560975878746462,2026-06-25
CIM,13.47,1.64,1126711808.0,83646018.0,29.45,Real Estate,Chimera Investment Corporation,2.12,0.030660377358490587,forecast_icc,0.15421911878817862,2.1863401205253012,2026-06-25
CINF,177.73,3.76,27492472832.0,154686742.0,101.643,Financial Services,Cincinnati Financial Corporatio,8.76736,0.047405376304839875,forecast_icc,0.05500448165948857,0.571895609870544,2026-06-25
CINT,3.37,0.0,433154528.0,17922054.0,2.479,Technology,CI&T Inc,0.41218,0.17298267747100793,forecast_icc,0.13280327582793572,0.10257025840440943,2026-06-25
CION,6.01,1.2,299233152.0,49789210.0,13.114,Financial Services,CION Investment Corporation,1.04,0.05288461538461542,forecast_icc,0.20821772811469852,2.182029950812402,2026-06-25
CISO,0.252,0.0,11418961.0,45313337.0,0.305,Technology,"CISO Global, Inc.",0.04,0.04,trailing_eps_fallback_icc,0.10262803791237618,1.2103174522620754,2026-06-25
CIVB,27.91,0.72,580063232.0,20783348.0,26.571,Financial Services,"Civista Bancshares, Inc.",2.825,0.02713982300884954,forecast_icc,0.08078110206368105,0.9520243815556992,2026-06-25
CIX,27.19,1.2,335063936.0,12323057.0,11.425,Industrials,CompX International Inc.,1.61,0.14,forecast_icc,0.10165100638314872,0.4201912265037082,2026-06-25
CKX,11.5,0.0,23610984.0,2053129.0,10.472,Energy,"CKX Lands, Inc.",1.44,0.01,trailing_eps_fallback_icc,0.07457872909295193,0.9106086763685919,2026-06-25
CL,91.06,2.12,72865234944.0,800189310.0,0.181,Consumer Defensive,Colgate-Palmolive Company,3.81262,0.06036531309178472,forecast_icc,0.053244036021307894,0.0019877005161832145,2026-06-25
CLAR,3.13,0.1,120321864.0,38441486.0,5.038,Consumer Cyclical,Clarus Corporation,0.08,0.75,forecast_icc,0.20157541450946803,1.6095844930394365,2026-06-25
CLB,10.92,0.04,503375744.0,46096682.0,5.839,Energy,Core Laboratories Inc.,0.54,0.5833333333333333,forecast_icc,0.17667632564191604,0.534706984605917,2026-06-25
CLBK,20.08,0.0,2089489280.0,104058235.0,11.27,Financial Services,"Columbia Financial, Inc.",0.74,0.05405405405405417,forecast_icc,0.0406326592213397,0.5612550012460461,2026-06-25
CLBT,12.63,0.0,3150425088.0,249439817.0,2.071,Technology,Cellebrite DI Ltd.,0.55461,0.19188258415823722,forecast_icc,0.07689082957124205,0.16397465312687354,2026-06-25
CLDT,13.34,0.4,654730752.0,46681220.0,15.426,Real Estate,Chatham Lodging Trust (REIT),0.02,0.04,trailing_eps_fallback_icc,0.010000000000000002,1.0998482926306783,2026-06-25
CLF,10.76,0.0,6137661952.0,570414657.0,10.207,Basic Materials,Cleveland-Cliffs Inc.,0.50124,0.04,forecast_icc,0.04488037105931142,0.9486059104479987,2026-06-25
CLFD,37.63,0.0,511371392.0,13589460.0,17.83,Technology,"Clearfield, Inc.",0.7,0.75,forecast_icc,0.134356375388533,0.47382406523046167,2026-06-25
CLH,299.39,0.0,15821574144.0,52846032.0,52.533,Industrials,"Clean Harbors, Inc.",8.49,0.10247349823321539,forecast_icc,0.04182957665219045,0.1754667755426094,2026-06-25
CLM,7.47,1.46,2225477120.0,297921983.0,6.734,Financial Services,Cornerstone Strategic Value Fd,1.09,0.238,trailing_eps_fallback_icc,0.2759982314896078,0.9014725945697434,2026-06-25
CLMB,22.14,0.68,411741984.0,18597200.0,6.509,Technology,"Climb Global Solutions, Inc.",1.4,0.2619071428571429,forecast_icc,0.13412446255197963,0.29399279039759035,2026-06-25
CLMT,34.27,0.0,2986532608.0,87147147.0,-11.985,Basic Materials,"Calumet, Inc",0.31,0.04,forecast_icc,0.013351908114070353,,2026-06-25
CLNE,1.79,0.0,394202112.0,220224634.0,2.534,Energy,Clean Energy Fuels Corp.,0.049,0.04,forecast_icc,0.03112815877233699,1.4156423965480935,2026-06-25
CLOV,5.21,0.0,2744025344.0,430969398.0,0.646,Healthcare,"Clover Health Investments, Corp",0.09,0.11111111111111116,forecast_icc,0.03094337503715331,0.10145905966821857,2026-06-25
CLPR,3.07,0.38,130398128.0,16157566.0,-2.249,Real Estate,Clipper Realty Inc.,0.4,0.04,forecast_icc,0.14990525830177537,,2026-06-25
CLS,361.4,0.0,41551278080.0,114973107.0,18.245,Technology,"Celestica, Inc.",10.29068,0.45376787539793284,forecast_icc,0.10682159753092602,0.05048423139178202,2026-06-25
CLST,16.5,0.0,66856284.0,4051896.0,20.257,Financial Services,"Catalyst Bancorp, Inc.",0.55,0.01,trailing_eps_fallback_icc,0.029340954302430347,1.2276969696969697,2026-06-25
CLVT,1.98,0.0,1265648768.0,639216510.0,7.492,Technology,Clarivate Plc,0.7317,0.06899002323356562,forecast_icc,0.18208383217269108,3.7838381500482763,2026-06-25
CLX,95.27,4.96,11520177152.0,120921351.0,-0.554,Consumer Defensive,Clorox Company (The),5.53644,0.12696606483588724,forecast_icc,0.10106314732690297,,2026-06-25
CM,114.37,3.09,104397021184.0,912800674.0,49.213264,Financial Services,Canadian Imperial Bank of Comme,10.28329,0.0817753851150751,forecast_icc,0.09602583282392063,0.4302986813174007,2026-06-25
CMBT,14.57,0.8,4227773440.0,290169769.0,10.136,Energy,CMB.TECH NV,2.675,0.01,forecast_icc,0.11611145600908579,0.6956760621931528,2026-06-25
CMC,74.09,0.74,8215645696.0,110887384.0,39.706,Industrials,Commercial Metals Company,6.49443,0.08219505021995777,forecast_icc,0.0876920235244926,0.5359158162392109,2026-06-25
CMCL,19.49,0.56,376410912.0,19313028.0,13.719,Basic Materials,Caledonia Mining Corporation Pl,4.81,0.062370062370062485,forecast_icc,0.15599946609376147,0.7038994425645131,2026-06-25
CMCM,3.04,0.0,94357424.0,10224887.0,7.4315224,Communication Services,Cheetah Mobile Inc.,0.18,0.04,forecast_icc,0.05349200882057009,0.8053046973597839,2026-06-25
CMCO,14.78,0.28,426076544.0,28827913.0,23.18,Industrials,Columbus McKinnon Corporation,1.76169,0.4231675266363548,forecast_icc,0.2223803616645691,1.5683356259573868,2026-06-25
CMCSA,22.69,1.32,81053868032.0,3562784182.0,24.679,Communication Services,Comcast Corporation,3.51351,0.07690884613961524,forecast_icc,0.14251309914729482,1.0847841437112526,2026-06-25
CME,225.0,5.2,81297620992.0,361319613.0,73.573,Financial Services,CME Group Inc.,12.2752,0.05227531934306584,forecast_icc,0.061046941504967145,0.32698826316043,2026-06-25
CMG,32.28,0.0,41406652416.0,1282734000.0,1.871,Consumer Cyclical,"Chipotle Mexican Grill, Inc.",1.13404,0.19620119219780618,forecast_icc,0.06746538974809246,0.0579615876668314,2026-06-25
CMI,727.59,8.0,100399472640.0,137989067.0,89.507,Industrials,Cummins Inc.,28.33998,0.13757631445046892,forecast_icc,0.06442168207893018,0.12301844915317077,2026-06-25
CMP,29.6,0.0,1241967104.0,41958348.0,6.535,Basic Materials,Compass Minerals Intl Inc,0.84385,0.3897849143805181,forecast_icc,0.09463575316028694,0.22077702645818226,2026-06-25
CMPR,89.7,0.0,2173618432.0,24232090.0,-21.635,Industrials,Cimpress PLC,3.92,0.30994897959183665,forecast_icc,0.10242038978889187,,2026-06-25
CMRC,2.73,0.0,225258416.0,82512244.0,0.568,Technology,"Commerce.com, Inc. - Series 1",0.43167,0.08879468112215338,forecast_icc,0.12198212807132014,0.20805861740588638,2026-06-25
CMRE,14.7,0.46,1774853888.0,120738359.0,17.828,Industrials,Costamare Inc.,2.74,0.014598540145985162,forecast_icc,0.11089153224587733,1.2127891083347588,2026-06-25
CMS,77.1,2.28,23817701376.0,308919602.0,29.919,Utilities,CMS Energy Corporation,3.88379,0.07460753542287302,forecast_icc,0.06681226246205252,0.3880544737012829,2026-06-25
CMT,23.77,0.0,203549616.0,8563299.0,19.232,Basic Materials,Core Molding Technologies Inc,1.07,0.75,forecast_icc,0.20227853515334504,0.8090870894494834,2026-06-25
CMTV,37.11,1.0,207491408.0,5591253.0,20.878,Financial Services,Community Bancorp.,3.17,0.254,trailing_eps_fallback_icc,0.14877744455241887,0.5625976577015661,2026-06-25
CNA,46.94,1.92,12698744832.0,270531425.0,40.133,Financial Services,CNA Financial Corporation,4.05,0.18518518518518512,forecast_icc,0.1362949788382718,0.8549851046825886,2026-06-25
CNC,64.77,0.0,31983228928.0,493797000.0,43.395,Healthcare,Centene Corporation,3.50813,0.27560267150875273,forecast_icc,0.1073258221820862,0.6699861625365908,2026-06-25
CNF,2.84,0.0,47877332.0,6858216.0,77.03929,Financial Services,CNFinance Holdings Limited,0.01015196,0.04,forecast_icc,0.010000000000000002,11.03553747119075,2026-06-25
CNH,10.93,0.1,13552660480.0,1239950537.0,6.268,Industrials,CNH Industrial N.V.,0.40709,0.75,forecast_icc,0.20035049606706135,0.573467473592019,2026-06-25
CNI,120.36,2.62,73010372608.0,606600000.0,25.220755,Industrials,Canadian National Railway Compa,7.87266,0.11386748570368854,forecast_icc,0.08712351497987425,0.20954433509251322,2026-06-25
CNK,32.37,0.36,3780419584.0,116787759.0,3.297,Communication Services,Cinemark Holdings Inc Cinemark ,2.15509,0.1384304135790153,forecast_icc,0.09015805792253906,0.10185357282896777,2026-06-25
CNM,48.26,0.0,9340241920.0,187192831.0,10.859,Industrials,"Core & Main, Inc.",2.812,0.09530583214793742,forecast_icc,0.06759979213409145,0.21763108164001388,2026-06-25
CNMD,34.56,0.8,1040573760.0,30109194.0,33.761,Healthcare,CONMED Corporation,4.36508,0.09688711318005638,forecast_icc,0.12005226890521226,0.9768807726172146,2026-06-25
CNO,51.9,0.72,4844787712.0,93348503.0,26.637,Financial Services,"CNO Financial Group, Inc.",4.48,0.10580357142857122,forecast_icc,0.0959652973055265,0.513236951177893,2026-06-25
CNOB,33.29,0.78,1674104064.0,50288494.0,29.511,Financial Services,"ConnectOne Bancorp, Inc.",3.29,0.11489361702127665,forecast_icc,0.11123356091943604,0.8864823748698576,2026-06-25
CNP,44.22,0.92,28927375360.0,654169480.0,17.502,Utilities,"CenterPoint Energy, Inc (Holdin",1.90918,0.09048911050817621,forecast_icc,0.061357096940180544,0.39579374542191437,2026-06-25
CNQ,39.6,1.77,82594111488.0,2085710000.0,15.060373,Energy,Canadian Natural Resources Limi,5.95926,0.01,forecast_icc,0.0998281659544552,0.38031247027088305,2026-06-25
CNR,82.19,0.4,4143001344.0,50407610.0,72.314,Energy,"Core Natural Resources, Inc.",3.33051,0.75,forecast_icc,0.20055847043920794,0.8798394224078725,2026-06-25
CNS,76.49,2.68,3932014848.0,51405607.0,10.96,Financial Services,Cohen & Steers Inc,3.48333,0.11387666399680763,forecast_icc,0.07617725649573426,0.14328670528967444,2026-06-25
CNX,33.61,0.0,4755062272.0,141477594.0,32.595,Energy,CNX Resources Corporation,3.06824,0.3800908664250515,forecast_icc,0.17110340073246288,0.9698005857009311,2026-06-25
CNXC,22.52,1.44,1373828608.0,61004826.0,45.845,Technology,Concentrix Corporation,11.71,0.09628522630230574,forecast_icc,0.2623694603651793,2.0357461124946963,2026-06-25
CNXN,71.11,0.8,1793824256.0,25226047.0,36.546,Technology,"PC Connection, Inc.",3.925,0.07898089171974543,forecast_icc,0.06496642061969371,0.5139361398299656,2026-06-25
COCO,82.55,0.0,4714649088.0,57112643.0,6.167,Consumer Defensive,"The Vita Coco Company, Inc.",1.77667,0.15196969611689304,forecast_icc,0.041386269220039185,0.07470623217271351,2026-06-25
CODA,9.43,0.0,106377512.0,11280754.0,5.446,Industrials,"Coda Octopus Group, Inc.",0.475,0.2315789473684211,forecast_icc,0.09288202681769253,0.5775185481307364,2026-06-25
CODI,9.85,1.0,741074304.0,75235966.0,-1.025,Industrials,D/B/A Compass Diversified Holdi,0.2825,0.01,forecast_icc,0.031029849887519556,,2026-06-25
COF,204.9,3.2,126222385152.0,616019481.0,173.505,Financial Services,Capital One Financial Corporati,19.69604,0.2331123413640508,forecast_icc,0.14312220602087078,0.8467789601836045,2026-06-25
COFS,32.77,1.16,490731904.0,14975035.0,31.417,Financial Services,"ChoiceOne Financial Services, I",3.60333,0.022201685662984083,forecast_icc,0.0862082089279487,0.9587122230288089,2026-06-25
COHN,12.02,1.0,30178074.0,2510655.0,24.55,Financial Services,Cohen & Company Inc.,4.58,0.75,trailing_eps_fallback_icc,0.4,2.0424292236144694,2026-06-25
COHR,407.25,0.0,79674114048.0,195639321.0,54.601,Technology,Coherent Corp.,5.45203,0.4997698105109474,forecast_icc,0.0750288543716506,0.13407243611752648,2026-06-25
COHU,67.36,0.0,3177731584.0,47175347.0,16.303,Technology,"Cohu, Inc.",0.58143,0.75,forecast_icc,0.08912346702324642,0.24202789373823966,2026-06-25
COIN,142.52,0.0,37548429312.0,222426875.0,51.177,Financial Services,"Coinbase Global, Inc.",1.23849,0.75,forecast_icc,0.08946854418550687,0.30315889080977065,2026-06-25
COKE,179.23,1.0,11930318848.0,56517334.0,47.819,Consumer Defensive,"Coca-Cola Consolidated, Inc.",38.94,0.75,forecast_icc,0.3834002285786714,0.22653228542999623,2026-06-25
COLA,10.63,0.0,47775888.0,4494439.0,-0.039,Financial Services,Columbus Acquisition Corp,0.16,0.01,trailing_eps_fallback_icc,0.016090966735641914,,2026-06-25
COLB,32.07,1.48,9283955712.0,289490366.0,26.47,Financial Services,"Columbia Banking System, Inc.",3.05707,0.1082147284818471,forecast_icc,0.11823079616993193,0.8253820058744373,2026-06-25
COLD,14.93,0.92,4280018688.0,285306052.0,9.884,Real Estate,"Americold Realty Trust, Inc.",0.025,0.04,forecast_icc,0.010000000000000002,0.6588674544516381,2026-06-25
COLL,34.84,0.0,1129992960.0,32433779.0,9.641,Healthcare,"Collegium Pharmaceutical, Inc.",7.7198,0.01,forecast_icc,0.10784502635277826,0.276722134037897,2026-06-25
COLM,63.86,1.2,3265851136.0,51140792.0,30.933,Consumer Cyclical,Columbia Sportswear Company,3.84592,0.09779974622457055,forecast_icc,0.07707134772277038,0.48438769957945815,2026-06-25
COMP,11.05,0.0,8256040960.0,737030612.0,3.779,Real Estate,"Compass, Inc.",0.83549,0.01,forecast_icc,0.0522710440050283,0.33735766286072305,2026-06-25
CON,29.61,0.25,3788948224.0,127961780.0,3.319,Healthcare,Concentra Group Holdings Parent,1.51748,0.11962595882647542,forecast_icc,0.0711094980300585,0.11209051238278414,2026-06-25
COO,70.64,0.0,13776963584.0,195030630.0,42.272,Healthcare,"The Cooper Companies, Inc.",4.62795,0.07965297810045469,forecast_icc,0.06880114046511798,0.5984145012137966,2026-06-25
COOK,79.35,0.0,220736384.0,2781807.0,63.671,Consumer Cyclical,"Traeger, Inc.",0.66143,0.04,forecast_icc,0.012466077677785008,0.8024070626118439,2026-06-25
COP,106.41,3.36,129638670336.0,1218294007.0,52.977,Energy,ConocoPhillips,9.90248,0.01,forecast_icc,0.07013793867560014,0.4978573248364777,2026-06-25
COPL,10.42,0.0,247249840.0,17978393.0,-0.231,Financial Services,Copley Acquisition Corp,0.28,0.04,trailing_eps_fallback_icc,0.03073264481593859,,2026-06-25
COR,286.95,2.4,55829299200.0,194561060.0,17.463,Healthcare,"Cencora, Inc.",17.77224,0.11369078968098556,forecast_icc,0.07849234049253251,0.0608572889050343,2026-06-25
CORT,84.75,0.0,9098047488.0,107351594.0,5.944,Healthcare,Corcept Therapeutics Incorporat,0.4875,0.75,forecast_icc,0.0699000836402493,0.07013569401320759,2026-06-25
CORZ,27.27,0.0,8668731392.0,317885292.0,-4.12,Technology,"Core Scientific, Inc.",0.29667,0.04,forecast_icc,0.015545299040420159,,2026-06-25
COSM,0.1853,0.0,11503126.0,62078397.0,0.398,Healthcare,Cosmos Health Inc.,0.01,0.75,forecast_icc,0.21857940106357143,2.1478685016577233,2026-06-25
COSO,26.92,0.2,327554144.0,12035531.0,21.937,Financial Services,"CoastalSouth Bancshares, Inc.",2.32,0.1443965517241379,forecast_icc,0.10472024527940996,0.806045194003102,2026-06-25
COST,942.24,5.88,417863467008.0,443478804.0,37.278,Consumer Defensive,Costco Wholesale Corporation,20.57569,0.1018828530173228,forecast_icc,0.03647410996580447,0.03956316873998342,2026-06-25
COTY,1.88,0.0,1655276928.0,880466438.0,3.513,Consumer Defensive,Coty Inc.,0.22623,0.5596074791141759,forecast_icc,0.24742353653343663,1.868616993551184,2026-06-25
COUR,5.76,0.0,1649425792.0,286358632.0,3.732,Consumer Defensive,"Coursera, Inc.",0.59286,0.41203656849846504,forecast_icc,0.19019120215158736,0.6479166385097973,2026-06-25
CP,87.04,0.69,77268574208.0,887736404.0,36.55534,Industrials,Canadian Pacific Kansas City Li,5.13517,0.14859488585577507,forecast_icc,0.08507336645758035,0.4199832391269554,2026-06-25
CPA,157.04,6.84,6407147008.0,29861335.0,70.242,Industrials,"Copa Holdings, S.A.",15.96703,0.22484331776166266,forecast_icc,0.16274282999322864,0.3273719005434127,2026-06-25
CPAC,11.93,0.61,1021462976.0,84773690.0,4.295244,Basic Materials,Cementos Pacasmayo S.A.A.,0.181,0.01,forecast_icc,0.017890365997871638,0.35647271794054725,2026-06-25
CPAY,325.81,0.0,21295566848.0,65361919.0,53.076,Technology,"Corpay, Inc.",26.77128,0.14324156334698968,forecast_icc,0.09814883456053625,0.1629047603008421,2026-06-25
CPB,22.35,1.56,6664909824.0,298206243.0,13.517,Consumer Defensive,The Campbell's Company,2.17443,0.01,forecast_icc,0.08684726031394285,0.6047874454529154,2026-06-25
CPBI,18.81,0.0,78678032.0,4182777.0,22.766,Financial Services,"Central Plains Bancshares, Inc.",1.05,0.115,trailing_eps_fallback_icc,0.07055791948135093,1.2103137147863585,2026-06-25
CPF,37.76,1.16,985582336.0,26101229.0,22.741,Financial Services,Central Pacific Financial Corp ,3.26667,0.09183664098301936,forecast_icc,0.09906943769844878,0.6022511027318168,2026-06-25
CPIX,5.96,0.0,89299320.0,14983107.0,1.444,Healthcare,Cumberland Pharmaceuticals Inc.,0.14,0.04,forecast_icc,0.027969212944170985,0.2422818730086634,2026-06-25
CPK,122.75,2.94,2946584320.0,24004761.0,68.812,Utilities,Chesapeake Utilities Corporatio,6.4495,0.13380882238933256,forecast_icc,0.08295463849241858,0.5605865756904591,2026-06-25
CPNG,17.06,0.0,30623793152.0,1637261211.0,2.173,Consumer Cyclical,"Coupang, Inc.",0.27305,0.04,forecast_icc,0.021079855142123294,0.11617661449854219,2026-06-25
CPRI,18.86,0.0,2165054464.0,114796106.0,0.695,Consumer Cyclical,Capri Holdings Limited,2.13908,0.21644351777399629,forecast_icc,0.1408241654182094,0.03685047882010233,2026-06-25
CPRT,30.05,0.0,27820634112.0,925811482.0,9.477,Industrials,"Copart, Inc.",1.58448,0.06399575886095121,forecast_icc,0.05546940058725533,0.315374386492848,2026-06-25
CPRX,31.42,0.0,3846429184.0,122419767.0,8.288,Healthcare,"Catalyst Pharmaceuticals, Inc.",3.1741,0.01,forecast_icc,0.06433710482326449,0.26378102399921893,2026-06-25
CPS,27.54,0.0,488980544.0,17755284.0,-6.495,Consumer Cyclical,Cooper-Standard Holdings Inc.,2.30508,0.75,forecast_icc,0.2617939356465325,,2026-06-25
CPSH,5.03,0.0,96920296.0,19268448.0,1.356,Technology,CPS Technologies Corp.,0.04,0.75,forecast_icc,0.08498811053646546,0.2695824978495732,2026-06-25
CPSS,9.5,0.0,206136352.0,21698565.0,14.489,Financial Services,"Consumer Portfolio Services, In",1.45,0.263,forecast_icc,0.17928947632788617,1.5251580094179604,2026-06-25
CPT,113.59,4.24,11255700480.0,99090596.0,38.749,Real Estate,Camden Property Trust,1.26258,0.2645060115002613,forecast_icc,0.04220361220513713,0.3411303908829671,2026-06-25
CQP,60.05,3.27,29067448320.0,484054123.0,6.066,Energy,"Cheniere Energy Partners, LP",4.47313,0.01,forecast_icc,0.0683881488920619,0.10101582628763749,2026-06-25
CR,223.59,1.02,12911357952.0,57745686.0,36.314,Industrials,Crane Company,6.78378,0.11828656000047166,forecast_icc,0.0483980333690649,0.16241334561398116,2026-06-25
CRAI,142.97,2.28,924020544.0,6463038.0,30.786,Industrials,"CRA International,Inc.",8.59667,0.12058855347477593,forecast_icc,0.08217510885199578,0.21533188754296786,2026-06-25
CRAQ,10.29,0.0,401225632.0,23660000.0,-0.264,Financial Services,Cal Redwood Acquisition Corp.,0.29,0.75,trailing_eps_fallback_icc,0.1640226558916048,,2026-06-25
CRBG,28.14,0.98,12676690944.0,450486542.0,22.578,Financial Services,Corebridge Financial Inc.,4.69376,0.23903224706844828,forecast_icc,0.200467282146774,0.8023454377966098,2026-06-25
CRC,53.78,1.62,4775389696.0,88794901.0,32.862,Energy,California Resources Corporatio,6.51968,0.01,forecast_icc,0.08253683791968947,0.6110450083489899,2026-06-25
CRCL,68.81,0.0,18392270848.0,229857799.0,13.839,Financial Services,"Circle Internet Group, Inc.",0.82058,0.75,forecast_icc,0.10670853513610179,0.17295319901766815,2026-06-25
CRCT,4.42,0.2,927752000.0,55019004.0,1.703,Technology,"Cricut, Inc.",0.1925,0.01,forecast_icc,0.04479064601249247,0.10099397663599756,2026-06-25
CRD-A,11.05,0.3,538587392.0,29794665.0,3.62,Financial Services,Crawford & Company,0.87,0.12643678160919536,forecast_icc,0.10356424090370753,0.20025847040251546,2026-06-25
CRD-B,10.31,0.3,502519104.0,18946274.0,3.62,Financial Services,Crawford & Company,0.94,0.14893617021276606,forecast_icc,0.12062175410271914,0.1364833920423451,2026-06-25
CRDO,268.03,0.0,49981673472.0,186477898.0,11.129,Technology,Credo Technology Group Holding ,6.1207,0.45611939810805957,forecast_icc,0.09476525867146435,0.0415214694242801,2026-06-25
CRE,2.72,0.0,5478039.0,1638985.0,3.2573714,Industrials,Cre8 Enterprise Limited,4.18,0.04,trailing_eps_fallback_icc,0.3435138697744978,0.9745791996057348,2026-06-25
CREG,2.25,0.0,6178302.0,2745912.0,64.336,Utilities,Smart Powerr Corp.,6.8,0.04,trailing_eps_fallback_icc,0.4,28.593777777777774,2026-06-25
CRESY,11.03,0.63,782304960.0,70925196.0,12.605066,Industrials,Cresud S.A.C.I.F. y A.,0.107,0.01,forecast_icc,0.011951042265580303,1.1427982977928914,2026-06-25
CREX,3.94,0.0,41635036.0,10567268.0,1.236,Technology,"Creative Realities, Inc.",0.21,0.04,forecast_icc,0.04957163637976414,0.3137055831535729,2026-06-25
CRF,7.12,1.41,1154862336.0,162199765.0,6.521,Financial Services,33138,1.02,0.268,trailing_eps_fallback_icc,0.2868931793074311,0.9158707792207365,2026-06-25
CRGY,10.1,0.48,3335541504.0,330251628.0,14.179,Energy,Crescent Energy Company,2.4416,0.01,forecast_icc,0.13165737894363738,1.4038613603807821,2026-06-25
CRH,113.05,1.56,75540037632.0,668200216.0,34.524,Basic Materials,CRH PLC,5.96413,0.13544808714766443,forecast_icc,0.0787946052030345,0.3053869839139664,2026-06-25
CRI,43.09,1.0,1587871488.0,36850117.0,25.195,Consumer Cyclical,"Carter's, Inc.",3.26486,0.11920266106356792,forecast_icc,0.09720332087048489,0.5847064481171665,2026-06-25
CRK,13.87,0.0,4073561344.0,293695832.0,9.389,Energy,"Comstock Resources, Inc.",0.54103,0.75,forecast_icc,0.19000553550041854,0.6769285973094701,2026-06-25
CRL,212.71,0.0,10245757952.0,48167730.0,61.05,Healthcare,Charles River Laboratories Inte,11.09224,0.10961086308987178,forecast_icc,0.06617692470864889,0.28701048085231984,2026-06-25
CRM,150.19,1.76,123005607936.0,819000000.0,41.801,Technology,"Salesforce, Inc.",14.12853,0.09674608752644476,forecast_icc,0.09700072667671733,0.278320798331508,2026-06-25
CRMD,7.72,0.0,605648576.0,78451891.0,5.575,Healthcare,CorMedix Inc.,0.5,0.01,forecast_icc,0.0465935219976818,0.7221502859192721,2026-06-25
CRNC,9.85,0.0,445099936.0,45187809.0,3.51,Technology,Cerence Inc.,0.71,0.07887323943661984,forecast_icc,0.07305334507072037,0.356345163774636,2026-06-25
CRNT,2.38,0.0,216327008.0,90893695.0,1.891,Technology,Ceragon Networks Ltd.,0.134,0.5671641791044775,forecast_icc,0.1792101298709628,0.7945377640733606,2026-06-25
CRON,2.73,0.0,1020097408.0,373662039.0,2.854,Healthcare,Cronos Group Inc. Common Share,0.13125,0.12510476190476183,forecast_icc,0.06621450491607062,1.0454212028602665,2026-06-25
CROX,118.88,0.0,5907105280.0,49689648.0,28.296,Consumer Cyclical,"Crocs, Inc.",13.66603,0.0628097552837219,forecast_icc,0.09236856059830612,0.23802153731175757,2026-06-25
CRS,599.24,0.8,29773604864.0,49685612.0,41.614,Industrials,Carpenter Technology Corporatio,10.57363,0.19834815479641343,forecast_icc,0.042577935259786925,0.0694446328287243,2026-06-25
CRSR,8.8,0.0,940563456.0,106882211.0,6.06,Technology,"Corsair Gaming, Inc.",0.71294,0.07630375627682562,forecast_icc,0.07803027069043933,0.688636364222086,2026-06-25
CRT,8.89,0.53,53340004.0,6000000.0,0.354,Energy,Cross Timbers Royalty Trust,0.53,0.01,trailing_eps_fallback_icc,0.06128533445025497,0.03982001951105965,2026-06-25
CRTO,17.48,0.0,878274304.0,50244527.0,22.612,Communication Services,Criteo S.A.,4.16891,0.07714966262164458,forecast_icc,0.14784254436002564,1.293592718527263,2026-06-25
CRUS,153.98,0.0,7768709632.0,50452718.0,42.059,Technology,"Cirrus Logic, Inc.",8.9048,0.06432485850327918,forecast_icc,0.059262306871666615,0.27314585907823513,2026-06-25
CRVL,61.78,0.0,3131701248.0,50691185.0,7.744,Financial Services,CorVel Corp.,2.14,0.189,trailing_eps_fallback_icc,0.0654268448672225,0.12534801552054048,2026-06-25
CRWD,678.65,0.0,172760416256.0,254564820.0,18.205,Technology,"CrowdStrike Holdings, Inc.",4.92878,0.2681495217883534,forecast_icc,0.028240398462852298,0.026825314782946107,2026-06-25
CSAN,2.88,0.0,2839935488.0,986088610.0,0.6922241,Energy,Cosan S.A.,0.24892752,0.04,forecast_icc,0.06957353266519795,0.24035556563230673,2026-06-25
CSBR,6.08,0.0,84431904.0,13886826.0,0.308,Healthcare,"Champions Oncology, Inc.",0.1,0.04,forecast_icc,0.02152192541955522,0.050657893584870474,2026-06-25
CSCO,118.97,1.68,468912472064.0,3941434665.0,12.401,Technology,"Cisco Systems, Inc.",4.27693,0.11685952306911718,forecast_icc,0.057829094577991014,0.10423636433793528,2026-06-25
CSGP,28.64,0.0,11695307776.0,408355715.0,19.437,Real Estate,"CoStar Group, Inc.",1.35845,0.32179322021421486,forecast_icc,0.1099323434810433,0.6786661954072718,2026-06-25
CSHR,3.65,0.63,480997760.0,131780209.0,7.278,Financial Services,CoinShares PLC,0.6,0.16666666666666674,forecast_icc,0.2633837870563632,1.9939726145543797,2026-06-25
CSL,388.4,4.4,15716635648.0,40465076.0,40.914,Industrials,Carlisle Companies Incorporated,20.94163,0.11950359164974267,forecast_icc,0.07462138029020962,0.10533985495010693,2026-06-25
CSR,56.75,3.08,1005788672.0,16803148.0,41.36,Real Estate,D/B/A Centerspace,0.47,0.04,trailing_eps_fallback_icc,0.013228233761177384,0.6909783542282727,2026-06-25
CSTM,33.73,0.0,4592354304.0,136150450.0,8.219,Basic Materials,Constellium SE,2.979,0.01,forecast_icc,0.058499803928601046,0.2436703430254322,2026-06-25
CSV,37.38,0.45,593307648.0,15872328.0,16.818,Consumer Cyclical,"Carriage Services, Inc.",3.452,0.08980301274623415,forecast_icc,0.09383209938986081,0.44991972243041106,2026-06-25
CSW,288.19,1.11,4703111680.0,16319483.0,64.248,Industrials,"CSW Industrials, Inc.",12.03253,0.09632886849232891,forecast_icc,0.05529060637821362,0.2229362632919659,2026-06-25
CSWC,23.3,2.56,1447878912.0,62140726.0,16.689,Financial Services,Capital Southwest Corporation,2.176,0.01930147058823528,forecast_icc,0.10202021905516412,0.7162660963004619,2026-06-25
CSX,47.44,0.56,88150106112.0,1858138856.0,7.307,Industrials,CSX Corporation,1.91628,0.13594046799006398,forecast_icc,0.06593129944404724,0.15402614040578774,2026-06-25
CTAS,169.09,1.8,67659145216.0,400136881.0,11.971,Industrials,Cintas Corporation,4.88906,0.1097920663685863,forecast_icc,0.047202779108516224,0.07079661717804638,2026-06-25
CTBI,71.42,2.12,1297252864.0,18163721.0,47.987,Financial Services,"Community Trust Bancorp, Inc.",6.13667,0.02281367582092586,forecast_icc,0.07229982336812346,0.671898674356675,2026-06-25
CTEV,34.72,0.0,591899200.0,17047789.0,-14.184,Healthcare,Claritev Corporation,5.58,0.22580645161290325,forecast_icc,0.17137477546851887,,2026-06-25
CTGO,14.92,0.0,459106496.0,30771211.0,10.079,Basic Materials,Contango Silver & Gold Inc.,0.81198,0.75,forecast_icc,0.21935636586960705,0.67553615200644,2026-06-25
CTKB,4.47,0.0,577267328.0,129142587.0,2.537,Healthcare,"Cytek Biosciences, Inc.",0.19,0.04,forecast_icc,0.041892983461343625,0.5675615565393647,2026-06-25
CTM,0.7237,0.0,68533616.0,94698939.0,0.382,Technology,"Castellum, Inc.",0.02,0.01,forecast_icc,0.025666348892615966,0.5278430762795298,2026-06-25
CTO,21.14,1.52,714185088.0,33783592.0,17.28,Real Estate,"CTO Realty Growth, Inc.",0.45,0.2740666666666667,forecast_icc,0.0736978772629431,0.8174078114607736,2026-06-25
CTOS,11.97,0.0,2722370816.0,227432821.0,3.551,Industrials,"Custom Truck One Source, Inc.",0.12,0.75,forecast_icc,0.09700889641685018,0.29665831804560455,2026-06-25
CTRE,39.8,1.56,9402361856.0,236240235.0,18.239,Real Estate,"CareTrust REIT, Inc.",1.805,0.01,forecast_icc,0.044796097823442405,0.45826630714232747,2026-06-25
CTRI,31.85,0.0,3214769152.0,100934662.0,8.549,Utilities,"Centuri Holdings, Inc.",0.71796,0.4036993704384646,forecast_icc,0.08481861818090664,0.2684144287315844,2026-06-25
CTRM,1.99,0.0,19228084.0,9662354.0,58.514,Industrials,Castor Maritime Inc.,3.37,0.04,trailing_eps_fallback_icc,0.3601737201834204,29.404020803944896,2026-06-25
CTRN,56.22,0.0,468304064.0,8329848.0,15.405,Consumer Cyclical,"Citi Trends, Inc.",1.57,0.5127388535031847,forecast_icc,0.11701384217271815,0.2740128013068022,2026-06-25
CTS,66.82,0.16,1910578176.0,28592910.0,19.475,Technology,CTS Corporation,2.43,0.18930041152263377,forecast_icc,0.06872149112891235,0.29145466500398254,2026-06-25
CTSH,39.15,1.32,18517950464.0,473000000.0,31.789,Technology,Cognizant Technology Solutions ,5.6877,0.08691386676512458,forecast_icc,0.13036627729607575,0.8119795454270852,2026-06-25
CTVA,81.62,0.72,54589087744.0,668820000.0,36.359,Basic Materials,"Corteva, Inc.",3.74236,0.01,forecast_icc,0.03794325502298132,0.44546680270678823,2026-06-25
CTW,2.315,0.0,144456000.0,50400000.0,0.599,Communication Services,CTW,0.09,0.6666666666666667,forecast_icc,0.1718278532589993,0.20898820402060142,2026-06-25
CUB,10.78,0.0,282035328.0,21496164.0,-0.328,Financial Services,Lionheart Holdings,0.28,0.01,trailing_eps_fallback_icc,0.02452816321851984,,2026-06-25
CUBE,40.65,2.12,9252279296.0,226413630.0,11.698,Real Estate,CubeSmart,1.4555,0.027475094469254557,forecast_icc,0.04275048488305455,0.2862631530032878,2026-06-25
CUBI,79.45,0.0,2687403264.0,33825088.0,63.643,Financial Services,"Customers Bancorp, Inc",8.48191,0.13015818371098042,forecast_icc,0.11015465314862871,0.801044675513202,2026-06-25
CURB,31.33,0.68,3306547712.0,105539344.0,17.948,Real Estate,Curbline Properties Corp.,0.16,0.75,forecast_icc,0.0741097652720829,0.5728694430258988,2026-06-25
CURI,2.44,0.34,144661744.0,59287600.0,0.615,Communication Services,CuriosityStream Inc.,0.11,0.75,forecast_icc,0.2743727106004773,0.2520491803278688,2026-06-25
CURV,2.08,0.0,207002384.0,99520381.0,-2.13,Consumer Cyclical,Torrid Holdings Inc.,0.04167,0.01,forecast_icc,0.020168220527464857,,2026-06-25
CUZ,29.25,1.28,4813535744.0,164540333.0,27.414,Real Estate,Cousins Properties Incorporated,0.09958,0.75,forecast_icc,0.05522996692261008,0.9370884374307454,2026-06-25
CVBF,22.46,0.8,3963183616.0,176455196.0,17.094,Financial Services,CVB Financial Corporation,1.67,0.1337305389221557,forecast_icc,0.10712551786861912,0.7610863923252554,2026-06-25
CVCO,608.52,0.0,4690186752.0,7707531.0,142.554,Consumer Cyclical,"Cavco Industries, Inc.",23.95182,0.22746037670623753,forecast_icc,0.07913513972123087,0.23426345948921395,2026-06-25
CVE,24.68,0.63,46023733248.0,1864819000.0,12.226614,Energy,Cenovus Energy Inc,2.9618,0.01,forecast_icc,0.08043812822029206,0.49540575011604066,2026-06-25
CVEO,33.08,1.0,362004256.0,10943296.0,14.689,Consumer Cyclical,Civeo Corporation (Canada),0.54,0.04,forecast_icc,0.02391034834958783,0.4440447101925785,2026-06-25
CVGI,4.74,0.0,160893904.0,33943864.0,4.097,Consumer Cyclical,"Commercial Vehicle Group, Inc.",0.09667,0.04,forecast_icc,0.025262969153636683,0.8643460525887918,2026-06-25
CVI,27.31,0.1,2745490688.0,100530599.0,5.352,Energy,CVR Energy Inc.,1.52467,0.33218335771019314,forecast_icc,0.12528591886935014,0.19597216927366248,2026-06-25
CVLG,43.82,0.28,1102992640.0,20470989.0,16.244,Industrials,"Covenant Logistics Group, Inc.",1.675,0.5671641791044775,forecast_icc,0.15670425018152467,0.30148047526046956,2026-06-25
CVLT,133.94,0.0,5548020736.0,41421689.0,0.182,Technology,"Commvault Systems, Inc.",5.24412,0.16118814977536755,forecast_icc,0.06510455279402427,0.001358817451615235,2026-06-25
CVNA,66.2,0.0,72610521088.0,716288385.0,5.203,Consumer Cyclical,Carvana Co.,1.57077,0.3361981703241086,forecast_icc,0.0755134624974102,0.05132656275305149,2026-06-25
CVS,104.66,2.66,133538553856.0,1275927307.0,60.845,Healthcare,CVS Health Corporation,7.43378,0.12773851257368385,forecast_icc,0.09739544315364734,0.5813586769715258,2026-06-25
CVSA,124.16,0.0,4225275136.0,34030887.0,40.094,Consumer Defensive,Covista Inc.,8.055,0.1033519553072626,forecast_icc,0.07469375003626622,0.32292202033254763,2026-06-25
CVU,4.78,0.0,63142220.0,13209669.0,2.068,Industrials,"CPI Aerostructures, Inc.",0.39,0.04,forecast_icc,0.0669133597902386,0.4326359683267393,2026-06-25
CVV,6.705,0.0,46536112.0,6940509.0,3.356,Industrials,CVD Equipment Corporation,0.41,0.04,forecast_icc,0.05473875955493228,0.5005220075970248,2026-06-25
CVX,172.24,7.12,343032791040.0,1991597732.0,92.906,Energy,Chevron Corporation,14.53895,0.01,forecast_icc,0.06907116105213584,0.5393985173493693,2026-06-25
CW,767.73,1.04,28360839168.0,36941164.0,71.231,Industrials,Curtiss-Wright Corporation,15.21035,0.12080984329749156,forecast_icc,0.03550633459656824,0.09278131853915669,2026-06-25
CWAN,24.56,0.0,7330872320.0,297375155.0,6.895,Technology,"Clearwater Analytics Holdings, ",0.70408,0.01,forecast_icc,0.026357228448601888,0.2796940942663969,2026-06-25
CWBC,26.53,0.48,719870528.0,27134206.0,21.85,Financial Services,Community West Bancshares,2.642,0.13853141559424675,forecast_icc,0.11696517760000369,0.8235958801469366,2026-06-25
CWCO,29.08,0.56,465285536.0,16000190.0,13.971,Utilities,Consolidated Water Co. Ltd.,0.94,0.5425531914893618,forecast_icc,0.15544082302066176,0.48043327633120325,2026-06-25
CWEN,36.84,1.83,8845164544.0,121168025.0,14.582,Utilities,"Clearway Energy, Inc.",2.73627,0.04,forecast_icc,0.08047417248224698,0.19975571192155317,2026-06-25
CWH,7.42,0.5,471316800.0,63519784.0,3.384,Consumer Cyclical,"Camping World Holdings, Inc.",0.6533,0.7119853053727232,forecast_icc,0.3467569887611782,0.4560646873949751,2026-06-25
CWK,13.0,0.0,3045906688.0,234300505.0,8.333,Real Estate,Cushman & Wakefield Ltd.,1.45141,0.16983485024906808,forecast_icc,0.125427030573729,0.6409999741150967,2026-06-25
CWST,92.33,0.0,5873105920.0,62621741.0,24.655,Industrials,"Casella Waste Systems, Inc.",1.17541,0.2765162794259024,forecast_icc,0.042330854248140565,0.26288288435210105,2026-06-25
CX,12.38,0.1,17863751680.0,1442952453.0,9.07,Basic Materials,"Cemex, S.A.B. de C.V. Sponsored",0.795,0.12452830188679243,forecast_icc,0.08310548016476693,0.7326332666929459,2026-06-25
CXDO,6.92,0.0,224314384.0,32415373.0,2.245,Communication Services,"Crexendo, Inc.",0.42167,0.22923138947518185,forecast_icc,0.10318681009694153,0.32442196121047684,2026-06-25
CXM,4.91,0.0,1150063232.0,133099276.0,2.088,Technology,"Sprinklr, Inc.",0.49023,0.1097444056871264,forecast_icc,0.0996863383441095,0.2416487029193191,2026-06-25
CXT,48.03,0.72,2763759872.0,57542367.0,21.536,Industrials,"Crane NXT, Co.",4.23392,0.11799703348197399,forecast_icc,0.10150574546311183,0.44838642758613734,2026-06-25
CXW,29.38,0.0,2905342976.0,98888460.0,14.113,Industrials,"CoreCivic, Inc.",1.6025,0.24180967238689544,forecast_icc,0.09975287501188143,0.48036078614767996,2026-06-25
CYCU,0.5879,0.0,6295839.0,10709032.0,3.262,Technology,"Cycurion, Inc.",1.66,0.04,trailing_eps_fallback_icc,0.4,5.548563485184421,2026-06-25
CYD,47.2,0.53,1770864896.0,37518322.0,37.60396,Consumer Cyclical,China Yuchai International Limi,21.37227,0.25283135577081883,forecast_icc,0.2959723205775536,0.796694023887365,2026-06-25
CYH,3.2,0.0,450933472.0,140916712.0,-10.734,Healthcare,"Community Health Systems, Inc.",0.095,0.04,forecast_icc,0.03290018747502675,,2026-06-25
CZFS,70.99,2.04,341102400.0,4804936.0,71.505,Financial Services,"Citizens Financial Services, In",8.23,0.01,forecast_icc,0.07976747868874912,1.0072545625008795,2026-06-25
CZNC,22.45,1.12,402227360.0,17916586.0,18.736,Financial Services,Citizens & Northern Corp,1.97,0.3705583756345179,forecast_icc,0.20754879119287517,0.8345656926371194,2026-06-25
CZR,30.41,0.0,6194321408.0,203693576.0,16.745,Consumer Cyclical,"Caesars Entertainment, Inc.",0.37,0.75,forecast_icc,0.1078689163012504,0.5506412576065024,2026-06-25
CZWI,22.82,0.21,220078640.0,9644112.0,12.616,Financial Services,"Citizens Community Bancorp, Inc",1.82,0.21703296703296693,forecast_icc,0.12186004584756949,0.552848368165125,2026-06-25
D,69.51,2.67,61134917632.0,879512484.0,32.032,Utilities,"Dominion Energy, Inc.",3.58909,0.06293795920414369,forecast_icc,0.06789387035985348,0.46082574376024954,2026-06-25
DAAQ,10.38,0.0,238740000.0,17250000.0,-0.363,Financial Services,Digital Asset Acquisition Corp.,0.3,0.04,trailing_eps_fallback_icc,0.032306710173142114,,2026-06-25
DAC,124.38,3.6,2264159744.0,18203567.0,215.206,Industrials,Danaos Corporation,27.6,0.01,forecast_icc,0.1182624392426607,1.7302298789576922,2026-06-25
DAIO,3.72,0.0,38183056.0,10264262.0,1.114,Technology,Data I/O Corporation,0.15,0.04,forecast_icc,0.04024629028441189,0.2994623549251794,2026-06-25
DAKT,19.46,0.0,939623040.0,48284844.0,6.234,Technology,"Daktronics, Inc.",1.14,0.2807017543859649,forecast_icc,0.11336594743039619,0.32034944300216395,2026-06-25
DAL,92.11,0.78,60515749888.0,656994340.0,31.183,Industrials,"Delta Air Lines, Inc.",5.63273,0.4216889501183263,forecast_icc,0.15800799261017218,0.3385408681564151,2026-06-25
DAN,28.45,0.48,3060500480.0,107574701.0,17.964,Consumer Cyclical,Dana Incorporated,2.3787,0.4363601967461219,forecast_icc,0.19398898805662268,0.6314235012843389,2026-06-25
DAO,11.03,0.0,1330599936.0,32646271.0,-2.4021544,Consumer Defensive,"Youdao, Inc.",0.39914227,0.01,forecast_icc,0.03106374159072478,,2026-06-25
DAR,53.08,0.0,8435864576.0,158927363.0,30.683,Consumer Defensive,Darling Ingredients Inc.,4.72944,0.08247065191650593,forecast_icc,0.0848311755258232,0.578051986846997,2026-06-25
DASH,176.91,0.0,77083000832.0,411336610.0,23.392,Consumer Cyclical,"DoorDash, Inc.",2.54974,0.7332120137739535,forecast_icc,0.1152681567135615,0.12482630252149651,2026-06-25
DAVA,2.61,0.0,137919488.0,39397924.0,4.376878,Technology,Endava plc,0.46415,0.3825056554992998,forecast_icc,0.23294331280303504,1.2502939889196223,2026-06-25
DAVE,322.75,0.0,4103523328.0,11400165.0,16.028,Technology,Dave Inc.,16.5955,0.24490795697628864,forecast_icc,0.09710790513654899,0.0445280384720162,2026-06-25
DB,34.38,1.16,65774567424.0,1913163641.0,47.381126,Financial Services,Deutsche Bank AG,4.39674,0.24304825848242118,forecast_icc,0.17945917108549392,1.3781595392106514,2026-06-25
DBD,84.56,0.0,2928176640.0,34628392.0,29.435,Technology,Diebold Nixdorf Incorporated,5.49,0.23740072859744998,forecast_icc,0.1090451365453905,0.3480960487820844,2026-06-25
DBI,5.89,0.2,299076992.0,43044346.0,5.535,Consumer Cyclical,Designer Brands Inc.,0.3893,0.5048548677112767,forecast_icc,0.21303881871240005,0.7966191364864336,2026-06-25
DBL,14.36,1.32,283924864.0,19771928.0,,Financial Services,DoubleLine Opportunistic Credit,0.67,0.04,trailing_eps_fallback_icc,0.05960150513924056,,2026-06-25
DBRG,15.72,0.04,2906322432.0,184730983.0,7.195,Financial Services,"DigitalBridge Group, Inc.",0.35569,0.75,forecast_icc,0.15205838862077303,0.4573268980931156,2026-06-25
DBX,25.08,0.0,5851180544.0,158037382.0,-8.735,Technology,"Dropbox, Inc.",3.06648,0.11056651274425411,forecast_icc,0.11250750504695761,,2026-06-25
DCBO,16.87,0.0,428205376.0,25382651.0,-0.024,Technology,Docebo Inc.,1.66889,0.21038534594850478,forecast_icc,0.12923679698577784,,2026-06-25
DCGO,0.46,0.0,45438072.0,98778413.0,1.339,Healthcare,DocGo Inc.,0.05090514,0.04,forecast_icc,0.08187504946999191,2.910869435811449,2026-06-25
DCH,5.79,0.0,1374353408.0,237366732.0,6.327,Consumer Cyclical,Dauch Corporation,0.76266,0.4104187973671096,forecast_icc,0.21220964228839334,1.0927460903593147,2026-06-25
DCI,89.11,1.22,10328834048.0,115911056.0,14.627,Industrials,"Donaldson Company, Inc.",3.95167,0.1096574359701088,forecast_icc,0.06444122568693877,0.16414544064054265,2026-06-25
DCO,170.41,0.0,2570730240.0,15085559.0,44.407,Industrials,Ducommun Incorporated,4.1416,0.2274435000965811,forecast_icc,0.057829990731632044,0.26058915404247157,2026-06-25
DCOM,39.97,1.0,1763216384.0,44113491.0,31.332,Financial Services,"Dime Commercial Bancshares, Inc",3.372,0.290035587188612,forecast_icc,0.15769903681007647,0.7838878498148075,2026-06-25
DCOY,5.918,0.0,3148186.0,531968.0,7.289,Healthcare,Decoy Therapeutics Inc.,106.79,0.04,trailing_eps_fallback_icc,0.4,1.2316663475410918,2026-06-25
DCTH,12.32,0.0,425306688.0,34521647.0,3.27,Healthcare,"Delcath Systems, Inc.",0.01,0.04,trailing_eps_fallback_icc,0.010000000000000002,0.26542207981925736,2026-06-25
DCX,1.02,0.0,20220096.0,19823625.0,7.717,Consumer Cyclical,Digital Currency X Technology I,362.74,0.04,trailing_eps_fallback_icc,0.4,7.565686835759831,2026-06-25
DD,137.8,2.4,18605674496.0,135019401.0,102.766,Basic Materials,"DuPont de Nemours, Inc.",7.1571,0.10000139721395529,forecast_icc,0.07030991121579491,0.7457619322615285,2026-06-25
DDD,2.95,0.0,481854464.0,163340496.0,1.604,Technology,3D Systems Corporation,0.44,0.04,trailing_eps_fallback_icc,0.09879759612619565,0.543728812656595,2026-06-25
DDI,11.28,0.0,558962816.0,49553440.0,19.78,Communication Services,"DoubleDown Interactive Co., Ltd",2.5,0.01,forecast_icc,0.1078608408899836,1.753546059135354,2026-06-25
DDL,1.86,0.0,406702240.0,182294586.0,0.803324,Consumer Defensive,Dingdong (Cayman) Limited,2.185,0.17848970251716256,forecast_icc,0.39168649113571974,0.3600708370916866,2026-06-25
DDOG,220.94,0.0,78645846016.0,330825798.0,11.208,Technology,"Datadog, Inc.",2.42145,0.179739412335584,forecast_icc,0.028719984765714947,0.047146743684716066,2026-06-25
DDS,581.22,1.2,9076941824.0,11630836.0,129.681,Consumer Cyclical,"Dillard's, Inc.",33.84,0.01,forecast_icc,0.0434407122951975,0.16616812937238015,2026-06-25
DE,630.76,6.48,170265739264.0,269937425.0,101.527,Industrials,Deere & Company,18.10259,0.26128250156469335,forecast_icc,0.0769140216665215,0.1609597859583578,2026-06-25
DEA,24.27,1.8,1168201728.0,46449374.0,28.226,Real Estate,"Easterly Government Properties,",0.18,0.5555555555555558,forecast_icc,0.06612135455560733,1.122306190017894,2026-06-25
DEC,12.52,1.16,905489920.0,72323471.0,10.14,Energy,Diversified Energy Company,3.25533,0.01,forecast_icc,0.15758784564818284,0.8099040969335143,2026-06-25
DECK,102.59,0.0,14247796736.0,138880957.0,17.857,Consumer Cyclical,Deckers Outdoor Corporation,7.48498,0.11255474296524515,forecast_icc,0.0830629550190819,0.1740618072465039,2026-06-25
DEFT,0.5091,0.0,197417408.0,387777239.0,0.394,Financial Services,"Defi Technologies, Inc.",0.03377712,0.01,forecast_icc,0.04744393971767458,0.7739146902688542,2026-06-25
DELL,409.45,2.52,264563015680.0,325046693.0,-2.163,Technology,Dell Technologies Inc.,18.37321,0.01,forecast_icc,0.036951317608885814,,2026-06-25
DEO,82.61,3.32,45922897920.0,555899997.0,1.158618,Consumer Defensive,Diageo plc,6.48976,0.01,forecast_icc,0.06554837509194267,0.0140251545938185,2026-06-25
DERM,6.22,0.0,171264880.0,21534547.0,1.128,Healthcare,Journey Medical Corporation,0.065,0.75,forecast_icc,0.09927510340466628,0.14183275062581424,2026-06-25
DFH,16.79,0.0,1536880000.0,33809279.0,15.392,Consumer Cyclical,"Dream Finders Homes, Inc.",1.34,0.1529850746268655,forecast_icc,0.09917467130993585,0.33860315858622664,2026-06-25
DFIN,39.6,0.0,989302080.0,24982375.0,14.831,Technology,"Donnelley Financial Solutions, ",4.76333,0.10496858290313704,forecast_icc,0.10958823755062308,0.37452019066309855,2026-06-25
DFP,20.35,1.5,417951072.0,20538137.0,,Financial Services,Flaherty & Crumrine Dynamic Pre,1.88,0.04,trailing_eps_fallback_icc,0.10244962642385202,,2026-06-25
DG,117.56,2.36,25932165120.0,220586647.0,40.09,Consumer Defensive,Dollar General Corporation,7.36896,0.08452888874413755,forecast_icc,0.07562137758090443,0.3410173673238589,2026-06-25
DGICA,18.05,0.77,668745344.0,31472828.0,17.536,Financial Services,"Donegal Group, Inc.",1.7,0.10294117647058831,forecast_icc,0.11373169287314278,0.8252880065031153,2026-06-25
DGICB,24.0,0.7,889190528.0,5576775.0,17.536,Financial Services,"Donegal Group, Inc.",1.78,0.01,trailing_eps_fallback_icc,0.05957432028504017,0.10998129570718955,2026-06-25
DGII,69.17,0.0,2607860992.0,37702199.0,17.667,Technology,Digi International Inc.,2.476,0.13085621970920824,forecast_icc,0.05528020516859254,0.255414207956756,2026-06-25
DGX,206.24,3.44,22830032896.0,110696429.0,66.36,Healthcare,Quest Diagnostics Incorporated,10.76897,0.08373409898996842,forecast_icc,0.06587314849110693,0.3217610356455966,2026-06-25
DH,0.628,0.0,66269224.0,105524238.0,1.389,Healthcare,Definitive Healthcare Corp.,0.18489,0.027043106712099085,forecast_icc,0.13960115221138059,2.2117833548496053,2026-06-25
DHF,2.39,0.21,173840336.0,72736534.0,2.669,Financial Services,Dreyfus High Yield Strategies F,0.17,0.04,trailing_eps_fallback_icc,0.08827786267304188,1.1167362748654603,2026-06-25
DHI,166.95,1.8,47343616000.0,283579613.0,82.915,Consumer Cyclical,"D.R. Horton, Inc.",10.57131,0.14010467955248695,forecast_icc,0.08780998796865966,0.4966457064009433,2026-06-25
DHR,193.21,1.6,136748367872.0,707770627.0,74.818,Healthcare,Danaher Corporation,8.485,0.08532704773129063,forecast_icc,0.05620812719869209,0.38723667122997985,2026-06-25
DHT,18.08,2.56,2911632640.0,161041637.0,7.655,Energy,"DHT Holdings, Inc.",2.98048,0.01,forecast_icc,0.1539193468693799,0.4233960405235051,2026-06-25
DHX,3.54,0.0,152922720.0,43198507.0,2.745,Technology,"DHI Group, Inc.",0.265,0.01,forecast_icc,0.05188920722605472,0.7754237023445568,2026-06-25
DHY,1.74,0.19,240374320.0,138146165.0,2.139,Financial Services,146692,0.12,0.01,trailing_eps_fallback_icc,0.07087328913517238,1.2293103811380515,2026-06-25
DIN,34.01,1.08,431422784.0,12685175.0,-22.354,Consumer Cyclical,"Dine Brands Global, Inc. Common",4.4901,0.1430680831161888,forecast_icc,0.144544837595669,,2026-06-25
DINO,67.78,2.0,12219069440.0,180275437.0,53.161,Energy,HF Sinclair Corporation,9.49516,0.01,forecast_icc,0.09007805790614809,0.784316887093245,2026-06-25
DIOD,114.97,0.0,5282266112.0,45944734.0,41.128,Technology,Diodes Incorporated,2.715,0.75,forecast_icc,0.15092484666879885,0.35772810000224387,2026-06-25
DIS,98.05,1.5,170264952832.0,1736511424.0,62.297,Communication Services,Walt Disney Company (The),6.83001,0.0979090806602041,forecast_icc,0.08275629986534005,0.6353594816877457,2026-06-25
DIT,72.9,0.48,71154992.0,976028.0,115.127,Consumer Defensive,AMCON Distributing Company,0.47,0.04,trailing_eps_fallback_icc,0.010539882800249843,1.579188928248351,2026-06-25
DJCO,548.23,0.0,755308480.0,1377722.0,252.965,Technology,Daily Journal Corp. (S.C.),10.11,0.04,trailing_eps_fallback_icc,0.02345587335997157,0.4614213330823454,2026-06-25
DK,47.17,1.02,2890933248.0,61287542.0,0.858,Energy,"Delek US Holdings, Inc.",4.66948,0.01,forecast_icc,0.06976366769115433,0.018189527922299505,2026-06-25
DKL,50.45,4.49,2682336000.0,53168204.0,-0.377,Energy,"Delek Logistics Partners, L.P.",5.53,0.01,forecast_icc,0.10175310742204002,,2026-06-25
DKNG,23.1,0.0,11460576256.0,496128817.0,1.22,Consumer Cyclical,DraftKings Inc.,1.07143,0.5965298712935048,forecast_icc,0.17036809963446575,0.05281385012582739,2026-06-25
DKS,237.29,5.0,21238056960.0,65931904.0,63.266,Consumer Cyclical,Dick's Sporting Goods Inc,14.31402,0.13972594700859742,forecast_icc,0.09010868471317768,0.19640440019160774,2026-06-25
DLB,52.45,1.41,4961671168.0,60346214.0,27.677,Industrials,Dolby Laboratories,4.32,0.06558564814814805,forecast_icc,0.08566175649429708,0.3366208900843467,2026-06-25
DLNG,3.39,0.2,123335024.0,36382011.0,11.366,Energy,Dynagas LNG Partners LP,1.09,0.295,forecast_icc,0.3042232344314105,3.3528021774739343,2026-06-25
DLO,12.34,0.19,3631280896.0,178035757.0,1.885,Technology,DLocal Limited,0.86084,0.2827470842432973,forecast_icc,0.13548936980994541,0.09241846377532342,2026-06-25
DLPN,1.14,0.0,14839689.0,13017271.0,0.584,Communication Services,"Dolphin Entertainment, Inc.",0.36,0.04,forecast_icc,0.15273454872663106,0.5122806996831267,2026-06-25
DLR,192.44,4.88,68835606528.0,351406070.0,64.877,Real Estate,"Digital Realty Trust, Inc.",2.96922,0.01,forecast_icc,0.01815928755732793,0.33119736649834663,2026-06-25
DLTR,118.21,0.0,22716958720.0,192174588.0,18.134,Consumer Defensive,"Dollar Tree, Inc.",6.9445,0.10140110879112973,forecast_icc,0.06951848504553645,0.15340495273796934,2026-06-25
DLX,23.27,1.2,1065395072.0,45784061.0,15.241,Industrials,Deluxe Corporation,3.77333,0.09010608666615427,forecast_icc,0.148210298797817,0.6549634891693961,2026-06-25
DLY,13.86,1.4,672755840.0,48539382.0,,Financial Services,DoubleLine Yield Opportunities ,0.58,0.04,trailing_eps_fallback_icc,0.053809316769653726,,2026-06-25
DMAA,10.64,0.0,258306352.0,24276913.0,-0.219,Financial Services,Drugs Made In America Acquisiti,0.2,0.188,trailing_eps_fallback_icc,0.04255018729368139,,2026-06-25
DMB,11.0,0.5,202465696.0,18405973.0,11.958,Financial Services,Dreyfus Municipal Bond Infrastr,0.31,0.75,trailing_eps_fallback_icc,0.21279092996976245,1.0870909466757273,2026-06-25
DMII,10.07,0.0,641459008.0,63700000.0,-0.28,Financial Services,Drugs Made In America Acquisiti,0.13,0.04,trailing_eps_fallback_icc,0.01783435437906966,,2026-06-25
DMLP,25.57,2.54,1233891840.0,48255450.0,6.255,Energy,"Dorchester Minerals, L.P.",1.39,0.63,trailing_eps_fallback_icc,0.2642314139343481,0.24462260788595538,2026-06-25
DMO,10.55,1.44,120556200.0,11427128.0,11.682,Financial Services,Western Asset Mortgage Defined ,1.2,0.01,trailing_eps_fallback_icc,0.11669391548131303,1.1072985818730186,2026-06-25
DNOW,13.45,0.0,2455243520.0,182545984.0,11.704,Industrials,DNOW Inc.,0.324,0.75,forecast_icc,0.15236263949314222,0.870185861130386,2026-06-25
DNP,10.88,0.78,4099814912.0,376821218.0,9.307,Financial Services,"DNP Select Income Fund, Inc.",1.16,0.01,trailing_eps_fallback_icc,0.09225145394473444,0.8554227815653157,2026-06-25
DNUT,3.56,0.14,613744000.0,172400000.0,3.667,Consumer Defensive,"Krispy Kreme, Inc.",0.02107,0.75,forecast_icc,0.08208698845361975,1.030056179775281,2026-06-25
DOC,21.23,1.22,14636380160.0,689419702.0,11.257,Real Estate,"Healthpeak Properties, Inc.",0.15,0.01,forecast_icc,0.010000000000000002,0.5302402302055265,2026-06-25
DOCN,145.34,0.0,15168289792.0,104364181.0,8.506,Technology,"DigitalOcean Holdings, Inc.",1.19566,0.46967365304518016,forecast_icc,0.051201119054045674,0.058524839369445504,2026-06-25
DOCS,19.85,0.0,3630010112.0,131975436.0,5.194,Healthcare,"Doximity, Inc.",1.43248,0.11433318440746132,forecast_icc,0.08298110343809839,0.18883705373655996,2026-06-25
DOCU,42.46,0.0,8107507712.0,190944608.0,9.426,Technology,"DocuSign, Inc.",4.52524,0.12629827368272184,forecast_icc,0.10883968399859933,0.22199718322118078,2026-06-25
DOLE,13.8,0.34,1313193600.0,95158950.0,14.461,Consumer Defensive,Dole plc,1.34567,0.10456501222439396,forecast_icc,0.1074714322952951,1.0478984789066899,2026-06-25
DOMO,2.44,0.0,110167376.0,41886904.0,-4.126,Technology,"Domo, Inc.",0.062,0.7419354838709677,forecast_icc,0.1547199533381865,,2026-06-25
DOO,62.25,0.72,4565815296.0,38527229.0,6.682944,Consumer Cyclical,BRP Inc.,3.2663,0.4572054006061903,forecast_icc,0.15880898149069933,0.05639196883582739,2026-06-25
DORM,134.37,0.0,4015350016.0,29882789.0,48.839,Consumer Cyclical,"Dorman Products, Inc.",8.27625,0.13245733272919513,forecast_icc,0.07965659954077131,0.36346657854372216,2026-06-25
DOUG,1.76,0.0,159994704.0,90906082.0,1.907,Real Estate,Douglas Elliman Inc.,0.09,0.04,forecast_icc,0.048089716124266046,1.0835227294398446,2026-06-25
DOV,230.73,2.08,31070425088.0,134661414.0,55.62,Industrials,Dover Corporation,10.63251,0.08773939549551324,forecast_icc,0.05893631432674462,0.2410610033646669,2026-06-25
DOW,29.31,1.4,21124931584.0,720741438.0,21.157,Basic Materials,Dow Inc.,2.93796,0.01,forecast_icc,0.07938236579164068,0.7218355497688508,2026-06-25
DOX,49.87,2.28,5294398464.0,106164000.0,31.859,Technology,Amdocs Limited,7.41,0.0923076923076922,forecast_icc,0.14005864063013218,0.638841012628399,2026-06-25
DOYU,4.6,0.0,138822752.0,30178859.0,9.746139,Communication Services,DouYu International Holdings Li,0.87716,0.75,forecast_icc,0.3596632094619464,2.118725860407961,2026-06-25
DPZ,285.44,7.96,9494267904.0,33261870.0,-116.609,Consumer Cyclical,Domino's Pizza Inc,19.18416,0.09396814872269621,forecast_icc,0.08520955707548639,,2026-06-25
DRD,21.31,0.59,1848424448.0,86739770.0,7.558299,Basic Materials,DRDGOLD Limited,2.209,,forecast_icc,0.010000000000000002,0.35468321010393283,2026-06-25
DRH,12.41,0.36,2547450624.0,204490591.0,7.078,Real Estate,Diamondrock Hospitality Company,0.54,0.058629629629629365,forecast_icc,0.05618854248663131,0.5681697574280443,2026-06-25
DRI,212.76,6.0,24368465920.0,114535003.0,18.344,Consumer Cyclical,"Darden Restaurants, Inc.",11.58,0.08173920552677028,forecast_icc,0.07169080059183613,0.08621921880226427,2026-06-25
DRS,44.36,0.36,11833566208.0,266762087.0,10.415,Industrials,"Leonardo DRS, Inc.",1.30005,0.10708818891581107,forecast_icc,0.046272902478495914,0.23478358824973075,2026-06-25
DRVN,13.54,0.0,2233503744.0,164955964.0,4.832,Consumer Cyclical,Driven Brands Holdings Inc.,1.22,0.21803278688524586,forecast_icc,0.12502356628957878,0.35686853903388843,2026-06-25
DSGR,27.31,0.0,1261589888.0,46195165.0,14.031,Industrials,"Distribution Solutions Group, I",1.41333,0.14622911846490205,forecast_icc,0.07448608191174774,0.5137678783574714,2026-06-25
DSGX,66.41,0.0,5690727936.0,85690827.0,18.975,Technology,The Descartes Systems Group Inc,2.93254,0.10889877034925366,forecast_icc,0.0589720833978421,0.28572503563892043,2026-06-25
DSL,10.83,1.32,1240804992.0,114571095.0,,Financial Services,DoubleLine Income Solutions Fun,0.32,0.04,trailing_eps_fallback_icc,0.038912055043904756,,2026-06-25
DSP,10.99,0.0,721151936.0,20021706.0,4.671,Technology,Viant Technology Inc.,0.675,0.17925925925925923,forecast_icc,0.09125739753566908,0.12968333586502362,2026-06-25
DSU,9.7,1.18,610430976.0,62931032.0,10.135,Financial Services,"Blackrock Debt Strategies Fund,",0.69,0.01,trailing_eps_fallback_icc,0.07309638444647992,1.0448454197055688,2026-06-25
DSWL,3.67,0.2,58298828.0,15885239.0,6.886,Technology,"Deswell Industries, Inc.",0.67,0.01,trailing_eps_fallback_icc,0.11557786978463003,1.8762942499290038,2026-06-25
DSX,2.04,0.04,253781056.0,124402479.0,4.437,Industrials,Diana Shipping inc.,0.6,0.01,forecast_icc,0.13517281848797247,2.1750000099416407,2026-06-25
DT,40.28,0.0,11740642304.0,291475733.0,8.863,Technology,"Dynatrace, Inc.",1.94732,0.16142185157036337,forecast_icc,0.07474169841737768,0.22003476084940096,2026-06-25
DTE,152.81,4.66,31788806144.0,208028313.0,59.237,Utilities,DTE Energy Company,7.71172,0.08344830984527452,forecast_icc,0.0698544793785324,0.38765133617661535,2026-06-25
DTF,11.5,0.39,80840024.0,7029567.0,12.132,Financial Services,"DTF Tax-Free Income, Inc.",0.33,0.638,trailing_eps_fallback_icc,0.18553473040370527,1.054956476064381,2026-06-25
DTI,1.935,0.0,67994152.0,35139094.0,3.428,Energy,Drilling Tools International Co,0.135,0.75,forecast_icc,0.243190975523227,1.7715760942499879,2026-06-25
DTM,149.75,3.52,15276614656.0,102014118.0,46.592,Energy,"DT Midstream, Inc.",4.78992,0.04176896482613479,forecast_icc,0.03977274689288139,0.311131876589504,2026-06-25
DTSQ,11.31,0.0,41320056.0,3653409.0,-0.423,Financial Services,DT Cloud Star Acquisition Corpo,0.16,0.04,trailing_eps_fallback_icc,0.019164350567982047,,2026-06-25
DTSS,0.73,0.0,7626422.0,6447153.0,0.343,Technology,Datasea Intelligent Technology ,0.05,0.04,forecast_icc,0.059307358701079615,0.2899621184088686,2026-06-25
DUK,127.11,4.26,99094478848.0,779596217.0,68.746,Utilities,Duke Energy Corporation (Holdin,6.70411,0.06929928059056323,forecast_icc,0.0687660208541098,0.5408386234725495,2026-06-25
DUOL,119.94,0.0,5588378624.0,40237065.0,29.711,Technology,"Duolingo, Inc.",6.686,0.17334729285073291,forecast_icc,0.08463245674531572,0.2139231284510403,2026-06-25
DUOT,10.92,0.0,343032096.0,31413196.0,3.616,Technology,"Duos Technologies Group, Inc.",1.47,0.01,forecast_icc,0.0782957792512892,0.3311355353057109,2026-06-25
DV,9.95,0.0,1526968704.0,153464189.0,6.934,Communication Services,"DoubleVerify Holdings, Inc.",1.0829,0.15189768214978305,forecast_icc,0.11816082977349429,0.6968844114083428,2026-06-25
DVA,213.36,0.0,13694512128.0,64185000.0,-11.415,Healthcare,DaVita Inc.,14.79799,0.16108201181376658,forecast_icc,0.09333667155322012,,2026-06-25
DVN,42.6,1.04,49134972928.0,1153403107.0,24.844,Energy,Devon Energy Corporation,5.49801,0.01,forecast_icc,0.08385442028456247,0.5831924814998446,2026-06-25
DWSN,4.85,0.0,150606272.0,31052840.0,0.751,Energy,Dawson Geophysical Company,0.16,0.75,trailing_eps_fallback_icc,0.17629593271242638,0.15484536288103593,2026-06-25
DWTX,1.48,0.0,49771736.0,33629553.0,2.414,Healthcare,"Dogwood Therapeutics, Inc.",1.17,0.04,trailing_eps_fallback_icc,0.2471977292999511,1.631081161042886,2026-06-25
DX,13.09,2.04,2816325376.0,215150907.0,12.616,Real Estate,"Dynex Capital, Inc.",1.37262,0.14872288033104564,forecast_icc,0.17878611723960486,0.9637891508711811,2026-06-25
DXC,8.23,0.0,1333920384.0,162080263.0,17.772,Technology,DXC Technology Company,2.56808,0.19933958443662192,forecast_icc,0.22395365844281911,2.1594170601084386,2026-06-25
DXCM,68.65,0.0,26490181632.0,385872977.0,7.662,Healthcare,"DexCom, Inc.",2.59272,0.18889814557684592,forecast_icc,0.0692184090602882,0.11160960656466366,2026-06-25
DXPE,166.99,0.0,2589232128.0,15505312.0,33.031,Industrials,"DXP Enterprises, Inc.",6.14,0.223127035830619,forecast_icc,0.07495279288266463,0.1978022577170802,2026-06-25
DXYZ,24.8,0.0,755548416.0,30465664.0,,Financial Services,Destiny Tech100 Inc.,3.54,0.04,trailing_eps_fallback_icc,0.0961580843374098,,2026-06-25
DY,493.61,0.0,14823826432.0,30031455.0,63.138,Industrials,"Dycom Industries, Inc.",16.6822,0.2013619306806056,forecast_icc,0.0667778559115838,0.12791069933852287,2026-06-25
E,46.79,2.44,68339736576.0,1460562799.0,38.166794,Energy,ENI S.p.A.,6.20143,0.01,forecast_icc,0.0955801895129399,0.8157040437447824,2026-06-25
EA,204.73,0.76,51336351744.0,250751484.0,26.979,Communication Services,Electronic Arts Inc.,5.59366,0.074820421691701,forecast_icc,0.03730322239171331,0.13177843880631174,2026-06-25
EAD,6.42,0.64,379372800.0,59092336.0,7.378,Financial Services,238549,0.65,0.095,trailing_eps_fallback_icc,0.14843587394977498,1.1492211750763366,2026-06-25
EARN,4.49,0.96,168683904.0,37568800.0,4.093,Financial Services,Ellington Credit Company,0.88,0.125,forecast_icc,0.2774503697862193,0.9115813349921046,2026-06-25
EAT,173.41,0.0,7437172224.0,42887790.0,9.464,Consumer Cyclical,"Brinker International, Inc.",10.76058,0.15943192653184135,forecast_icc,0.08684822459729802,0.05457585656685204,2026-06-25
EBAY,108.0,1.24,47951998976.0,444000000.0,9.892,Consumer Cyclical,eBay Inc.,6.13017,0.10323367867449029,forecast_icc,0.0728034283784203,0.09159259454852388,2026-06-25
EBC,21.85,0.54,4697312768.0,214979991.0,19.294,Financial Services,"Eastern Bankshares, Inc.",1.87288,0.1581094357353381,forecast_icc,0.11740592784197545,0.8830206016109167,2026-06-25
EBF,21.17,1.0,535564416.0,25298272.0,12.249,Industrials,"Ennis, Inc.",1.57,0.02547770700636942,forecast_icc,0.07324149973522653,0.5786017974129185,2026-06-25
EBMT,23.42,0.58,186550400.0,7965431.0,24.651,Financial Services,"Eagle Bancorp Montana, Inc.",2.03667,0.054009731571634134,forecast_icc,0.08344923311203936,1.0525618791543734,2026-06-25
EBS,7.98,0.0,411738432.0,51596296.0,10.098,Healthcare,Emergent BioSolutions Inc.,0.95,0.01,forecast_icc,0.0720641635958098,1.2654135648138864,2026-06-25
EC,14.45,0.65,29706811392.0,2055834735.0,1963.047,Energy,Ecopetrol S.A.,2.00035,0.01,forecast_icc,0.09517249087705248,135.8510058782126,2026-06-25
ECAT,15.44,3.23,1535790592.0,99468307.0,,Financial Services,BlackRock ESG Capital Allocation Term Trust,2.15,0.04,trailing_eps_fallback_icc,0.16371404233773135,,2026-06-25
ECBK,19.29,0.0,168864096.0,8753970.0,20.053,Financial Services,"ECB Bancorp, Inc.",1.16,0.75,trailing_eps_fallback_icc,0.22872661927492033,1.0395540826511753,2026-06-25
ECC,3.71,1.2,490494528.0,132208768.0,4.168,Financial Services,Eagle Point Credit Company Inc.,0.77,0.032467532467532534,forecast_icc,0.2305583023660841,1.1234501377026576,2026-06-25
ECG,163.56,0.0,8348365312.0,51041606.0,13.459,Industrials,"Everus Construction Group, Inc.",4.61833,0.1057395205626277,forecast_icc,0.042271165269787914,0.08228784312619213,2026-06-25
ECL,281.2,2.92,79140233216.0,281437502.0,35.546,Basic Materials,Ecolab Inc.,8.36977,0.14931354147127096,forecast_icc,0.0559418024077014,0.12640823813075985,2026-06-25
ECO,51.88,5.0,2025636736.0,39044655.0,18.576,Industrials,Okeanis Eco Tankers Corp.,9.53,0.01,forecast_icc,0.13536784900086152,0.3580570486257216,2026-06-25
ECPG,87.38,0.0,1873463168.0,21440412.0,48.133,Financial Services,Encore Capital Group Inc,12.99667,0.08591893154169483,forecast_icc,0.116742715026951,0.5508468852887531,2026-06-25
ECVT,12.12,0.0,1326576256.0,109453484.0,5.255,Basic Materials,Ecovyst Inc.,0.65799,0.33603854161917357,forecast_icc,0.12173472051423306,0.4335808483066954,2026-06-25
ECX,1.15,0.0,438218944.0,335099068.0,-0.71,Consumer Cyclical,ECARX Holdings Inc.,0.025,0.75,forecast_icc,0.1450363135352783,,2026-06-25
ED,110.76,3.48,40818348032.0,368529705.0,69.554,Utilities,"Consolidated Edison, Inc.",6.11303,0.06146051957867038,forecast_icc,0.06742652926064135,0.6279704186331829,2026-06-25
EDD,5.81,0.63,,,,Financial Services,,1.06,0.04,trailing_eps_fallback_icc,0.16176147776343253,,2026-06-25
EDF,5.52,0.72,177273072.0,32114688.0,,Financial Services,Stone Harbor Emerging Markets I,0.88,0.04,trailing_eps_fallback_icc,0.16620560289304198,,2026-06-25
EDN,24.49,0.0,1165091712.0,20589678.0,39.613575,Utilities,Empresa Distribuidora Y Comerci,0.25,0.75,forecast_icc,0.09799283382374588,0.7000571244977236,2026-06-25
EDRY,22.95,0.0,66338056.0,2890547.0,32.439,Industrials,EuroDry Ltd.,3.585,0.17712691771269173,forecast_icc,0.15254369180371452,1.4134640022161638,2026-06-25
EDU,44.44,1.2,7408686592.0,159145747.0,25.918,Consumer Defensive,New Oriental Education & Techno,3.51387,0.22397242925890848,forecast_icc,0.13430208766105706,0.5567436845283683,2026-06-25
EDUC,1.54,0.0,13107500.0,8511364.0,5.027,Communication Services,Educational Development Corpora,0.42,0.04,forecast_icc,0.14077501575529594,3.2642858537478543,2026-06-25
EE,37.4,0.32,4258334976.0,31837829.0,21.536,Energy,"Excelerate Energy, Inc.",1.63367,0.27096047549382685,forecast_icc,0.09923739403369736,0.1610158639957591,2026-06-25
EEA,10.83,0.97,73870520.0,6820916.0,11.861,Financial Services,"The European Equity Fund, Inc.",2.7,0.04,trailing_eps_fallback_icc,0.17396246820608752,1.0951985267736033,2026-06-25
EEFT,67.06,0.0,2553315840.0,38075094.0,31.816,Technology,"Euronet Worldwide, Inc.",10.9725,0.1103084985190248,forecast_icc,0.13241810869244197,0.4744407925280407,2026-06-25
EEX,5.03,0.06,995526784.0,197917833.0,1.71,Communication Services,"Emerald Holding, Inc.",0.3,0.01,forecast_icc,0.046592753581204197,0.3399602098801995,2026-06-25
EFC,13.65,1.56,1711622912.0,125393624.0,13.632,Real Estate,Ellington Financial Inc.,1.9361,0.01,forecast_icc,0.12911664390752542,0.9986813511222734,2026-06-25
EFOR,17.06,0.0,699459968.0,41000000.0,43.322,Technology,"Everforth, Inc.",3.50901,0.2623873970151125,forecast_icc,0.2063080891022303,2.5393905030459156,2026-06-25
EFR,10.51,0.79,310293216.0,29523618.0,12.39,Financial Services,Eaton Vance Senior Floating-Rat,0.1,0.029,forecast_icc,0.013876378349358762,1.1788772946296062,2026-06-25
EFSC,65.52,1.3,2397101824.0,36585805.0,53.313,Financial Services,Enterprise Financial Services C,5.56333,0.06518937399003844,forecast_icc,0.08426021641634807,0.81369051678841,2026-06-25
EFSI,41.63,1.24,225317216.0,5412376.0,35.744,Financial Services,Eagle Financial Services Inc,3.31,0.11027190332326287,forecast_icc,0.10017548951521837,0.8586115662994876,2026-06-25
EFT,10.69,0.8,284119424.0,26578058.0,12.563,Financial Services,Eaton Vance Floating Rate Incom,0.48,0.01,trailing_eps_fallback_icc,0.046177207210918086,1.1752105433453224,2026-06-25
EFTY,15.02,0.0,302052224.0,15110000.0,0.288,Industrials,"Etoiles Capital Group Co., Ltd.",0.08,0.04,trailing_eps_fallback_icc,0.010000000000000002,0.014407045054566458,2026-06-25
EFX,151.93,2.24,18328014848.0,119072409.0,38.061,Industrials,"Equifax, Inc.",8.6031,0.19363136543803972,forecast_icc,0.09812640569406395,0.247272549511468,2026-06-25
EFXT,24.62,0.12,3005288448.0,122066954.0,9.339,Energy,Enerflex Ltd,1.66095,0.25662422107829874,forecast_icc,0.11928742822559868,0.3793257463071978,2026-06-25
EG,343.02,8.0,13573850112.0,39571602.0,384.196,Financial Services,"Everest Group, Ltd.",52.11839,0.1630052271376763,forecast_icc,0.1576752116354715,1.1200397143439447,2026-06-25
EGAN,6.11,0.0,167720000.0,27450081.0,3.335,Technology,eGain Corporation,0.40333,0.057868246845015126,forecast_icc,0.0630618968887976,0.5458264973467685,2026-06-25
EGBN,28.42,0.2,866685440.0,30495616.0,37.557,Financial Services,"Eagle Bancorp, Inc.",1.698,0.5371024734982333,forecast_icc,0.1842896887624469,1.321498893660888,2026-06-25
EGG,7.4,0.0,206054480.0,12095200.0,0.571,Industrials,Enigmatig Limited,0.02,0.04,trailing_eps_fallback_icc,0.010000000000000002,0.033517151386371215,2026-06-25
EGHA,10.3,0.0,211150000.0,15500000.0,-0.269,Financial Services,EGH Acquisition Corp.,0.22,0.04,trailing_eps_fallback_icc,0.02612609770401486,,2026-06-25
EGHT,1.65,0.0,233940832.0,141782325.0,1.039,Technology,8x8 Inc,0.3575,0.01,forecast_icc,0.1063582284475918,0.6296969811366662,2026-06-25
EGO,30.43,0.3,7928108544.0,260535930.0,22.047,Basic Materials,Eldorado Gold Corporation,4.17,0.37143645083932864,forecast_icc,0.21133623806320656,0.7245152632347713,2026-06-25
EGP,204.69,6.2,11003157504.0,53755229.0,66.64,Real Estate,"EastGroup Properties, Inc.",5.39033,0.023017143662818595,forecast_icc,0.03199823492990267,0.3255654987450409,2026-06-25
EGY,5.01,0.25,536130912.0,107012154.0,3.308,Energy,"VAALCO Energy, Inc.",0.02,0.75,forecast_icc,0.06213120005917172,0.6602794159199684,2026-06-25
EH,6.31,0.0,478584224.0,56332082.0,1.9123877,Industrials,EHang Holdings Limited,0.69677794,0.04,forecast_icc,0.0817609262315257,0.22509889655742477,2026-06-25
EHC,99.72,0.76,9892132864.0,99199080.0,25.369,Healthcare,Encompass Health Corporation,6.00837,0.0881187410229396,forecast_icc,0.06999423729774257,0.25440231091906207,2026-06-25
EHI,5.9,0.84,178768480.0,30299742.0,6.752,Financial Services,Western Asset Global High Incom,0.53,0.331,trailing_eps_fallback_icc,0.23287144914187718,1.1444067655774663,2026-06-25
EHLD,7.9,0.56,22251258.0,2816615.0,7.841,Industrials,Euroholdings Ltd.,2.1,0.01,trailing_eps_fallback_icc,0.14884761538504632,0.9925316678724412,2026-06-25
EHTH,1.595,0.0,50626924.0,31741018.0,18.481,Financial Services,"eHealth, Inc.",1.34,0.04,forecast_icc,0.2548769269973,11.586833789427935,2026-06-25
EIC,10.04,1.38,235272896.0,23043757.0,11.995,Financial Services,Eagle Point Income Company Inc.,1.35,0.056792592592592506,forecast_icc,0.16847033543689693,1.1748478890445586,2026-06-25
EIG,48.52,1.3,885146496.0,18242921.0,46.595,Financial Services,Employers Holdings Inc,2.31667,0.10791351379350544,forecast_icc,0.0727335036924581,0.9603256724579521,2026-06-25
EIM,9.83,0.61,504992640.0,51372599.0,10.444,Financial Services,100401,0.23,0.04,trailing_eps_fallback_icc,0.03223685161952561,1.0624618686640661,2026-06-25
EIX,74.75,3.51,28763346944.0,384793941.0,44.795,Utilities,Edison International,6.12183,0.06401190493692255,forecast_icc,0.09355584938048839,0.599264217083422,2026-06-25
EJH,1.63,0.0,5216251.0,3200154.0,100.057,Consumer Cyclical,E-Home Household Service Holdin,671.6,0.04,trailing_eps_fallback_icc,0.4,61.38466281204643,2026-06-25
EL,81.5,1.4,29486284800.0,247287571.0,11.037,Consumer Defensive,"Estee Lauder Companies, Inc. (T",2.41993,0.3168645374039747,forecast_icc,0.09534115194061343,0.09256211623944569,2026-06-25
ELA,26.24,0.0,681281600.0,25963476.0,2.923,Consumer Cyclical,Envela Corporation,0.725,0.01,forecast_icc,0.02566217045350691,0.11139481874749003,2026-06-25
ELAN,24.37,0.0,12171586560.0,499449583.0,13.016,Healthcare,Elanco Animal Health Incorporat,1.06572,0.11550876402807497,forecast_icc,0.060033206360719446,0.53409929266674,2026-06-25
ELE,15.16,0.12,976046784.0,64383030.0,12.22,Basic Materials,Elemental Royalty Corporation,0.368,0.6983695652173914,forecast_icc,0.15537878419241957,0.8060685609512751,2026-06-25
ELF,65.09,0.0,3868983808.0,59440526.0,4.452,Consumer Defensive,"e.l.f. Beauty, Inc.",3.29974,0.10728421027111223,forecast_icc,0.06438930633192555,0.06839760383716757,2026-06-25
ELMD,40.05,0.0,331616544.0,8280064.0,5.938,Healthcare,"Electromed, Inc.",1.21667,0.2164350234656891,forecast_icc,0.06503713470340369,0.14826467774780258,2026-06-25
ELMT,18.68,0.0,560023872.0,29979863.0,3.032,Industrials,The Elmet Group Co.,0.4225,0.2721893491124261,forecast_icc,0.06244891393908547,0.16231262480182274,2026-06-25
ELOG,0.87,0.0,11163840.0,12832000.0,1.313,Industrials,Eastern International Ltd.,0.15,0.01,trailing_eps_fallback_icc,0.09207598856765253,1.5091954022988505,2026-06-25
ELPC,11.69,0.52,8678591488.0,742394526.0,1.5428708,Utilities,Companhia Paranaense de Energia,0.035,0.75,forecast_icc,0.05011524636533393,0.13198211228504372,2026-06-25
ELS,62.93,2.17,12610156544.0,193937553.0,9.084,Real Estate,"Equity Lifestyle Properties, In",2.00925,0.07838745800671876,forecast_icc,0.051385458140580265,0.13970712618078027,2026-06-25
ELSE,7.67,0.0,27093684.0,3532423.0,4.218,Technology,"Electro-Sensors, Inc.",0.08,0.04,trailing_eps_fallback_icc,0.01502016371665545,0.5499348192737465,2026-06-25
ELTK,9.1691,0.19,61614764.0,6719827.0,6.6,Technology,Eltek Ltd.,1.08,0.04,forecast_icc,0.09254762221580037,0.7198089438433943,2026-06-25
ELV,387.32,6.88,84111335424.0,217162380.0,201.97,Healthcare,"Elevance Health, Inc.",26.90299,0.08714681899669885,forecast_icc,0.08040477913780986,0.5214551126492408,2026-06-25
ELVA,9.67,0.0,478737344.0,49507480.0,1.268,Industrials,Electrovaya Inc.,0.12833,0.75,forecast_icc,0.11298421960283911,0.1311271941217103,2026-06-25
ELVR,68.9,0.0,1248567424.0,16932911.0,33.38,Basic Materials,Elevra Lithium Limited - Americ,0.07,0.04,forecast_icc,0.010000000000000002,0.45269527164918255,2026-06-25
EMA,53.26,2.12,16292233216.0,305900000.0,29.38328,Utilities,Emera Incorporated,2.71964,0.01,forecast_icc,0.04890135277090059,0.5516951072841799,2026-06-25
EMBC,3.11,0.46,184509072.0,59327677.0,-10.553,Healthcare,Embecta Corp.,1.5925,0.09262166405023553,forecast_icc,0.306177117710123,,2026-06-25
EMBJ,62.8,0.78,11175777280.0,177958235.0,18.572134,Industrials,Embraer S.A.,2.83308,0.36007807756928867,forecast_icc,0.1252617614079098,0.2957346146060178,2026-06-25
EMD,10.61,1.14,616763968.0,58130443.0,11.237,Financial Services,Western Asset Emerging Markets ,1.74,0.482,trailing_eps_fallback_icc,0.35858447996222764,1.0590952485586838,2026-06-25
EME,862.66,1.3,38416465920.0,44440278.0,87.006,Industrials,"EMCOR Group, Inc.",29.29825,0.11501437799185954,forecast_icc,0.050714725873488534,0.10064879043584861,2026-06-25
EMF,22.93,0.96,342755296.0,14947897.0,22.669,Financial Services,Templeton Emerging Markets Fund,9.42,0.75,trailing_eps_fallback_icc,0.4,0.9886174803058331,2026-06-25
EML,24.09,0.44,145284720.0,6030914.0,20.648,Industrials,Eastern Company (The),0.78,0.01,trailing_eps_fallback_icc,0.03168933451786471,0.8571191263059185,2026-06-25
EMN,70.61,3.36,8074250752.0,114349960.0,52.573,Basic Materials,Eastman Chemical Company,6.34985,0.0994023480869628,forecast_icc,0.1123132994191881,0.7445545886212279,2026-06-25
EMPG,17.36,0.0,143046400.0,8240000.0,1.018,Healthcare,Empro Group Inc.,0.09,0.04,trailing_eps_fallback_icc,0.010000000000000002,0.058640552995391705,2026-06-25
EMR,145.34,2.22,81404928000.0,560100000.0,36.249,Industrials,Emerson Electric Company,6.50633,0.10175936357362736,forecast_icc,0.0635177453919985,0.24940830240645873,2026-06-25
ENB,56.19,2.81,122701897728.0,2183696415.0,18.73645,Energy,Enbridge Inc,2.90565,0.10300277046444006,forecast_icc,0.08631839974296474,0.33344813285222896,2026-06-25
ENHA,2.88,0.0,389041696.0,135083921.0,-0.357,Consumer Defensive,Enhanced Group Inc.,0.105,0.04,forecast_icc,0.037693162344079156,,2026-06-25
ENIC,4.34,0.19,6003657728.0,1383331144.0,3.85,Utilities,Enel Chile S.A.,365.511,0.01,forecast_icc,0.4,0.8870966909991043,2026-06-25
ENLT,88.41,0.0,12352314368.0,139716262.0,15.705,Utilities,Enlight Renewable Energy Ltd.,0.64346,0.3167252043639075,forecast_icc,0.032347612100098774,0.17763828132438284,2026-06-25
ENLV,0.5805,0.0,139928784.0,241048724.0,8.151,Healthcare,Enlivex Ltd.,25.48,0.04,trailing_eps_fallback_icc,0.4,14.041343697548317,2026-06-25
ENOV,22.01,0.0,1266952960.0,57562603.0,25.662,Healthcare,Enovis Corporation,3.64935,0.11665091043610509,forecast_icc,0.13572266775455233,1.1659245171864943,2026-06-25
ENPH,47.21,0.0,6222194176.0,131798220.0,8.365,Technology,"Enphase Energy, Inc.",2.06898,0.16443851559705758,forecast_icc,0.07081831912708869,0.17718703067038452,2026-06-25
ENR,22.35,1.2,1530382464.0,68473485.0,2.529,Industrials,"Energizer Holdings, Inc.",3.50233,0.042426042091978866,forecast_icc,0.12468861672942155,0.11315435692616509,2026-06-25
ENS,226.34,1.05,8265432576.0,36517773.0,52.254,Industrials,EnerSys,12.00667,0.11854494210301447,forecast_icc,0.07088688183790082,0.2308650748519517,2026-06-25
ENSG,165.74,0.26,9686740992.0,58445400.0,40.842,Healthcare,"The Ensign Group, Inc.",7.55805,0.10214804083063767,forecast_icc,0.05930941623377928,0.2464220968405552,2026-06-25
ENTG,176.28,0.4,26847442944.0,152300000.0,26.587,Technology,"Entegris, Inc.",3.63934,0.2703786950381113,forecast_icc,0.05970068863899279,0.15082256095845192,2026-06-25
ENVA,221.38,0.0,5509018624.0,24884896.0,56.251,Financial Services,"Enova International, Inc.",16.398,0.19124283449201118,forecast_icc,0.10512817078303704,0.2540924945865639,2026-06-25
EOD,6.41,0.57,276052480.0,43065914.0,,Financial Services,Wells Fargo Global Dividend Opp,1.41,0.04,trailing_eps_fallback_icc,0.16420321899999368,,2026-06-25
EOG,133.59,4.08,71153844224.0,532628530.0,57.788,Energy,"EOG Resources, Inc.",17.25951,0.01,forecast_icc,0.08603684851371807,0.4325772953987234,2026-06-25
EOLS,7.15,0.0,470861472.0,65854751.0,-0.437,Healthcare,"Evolus, Inc. Common Stock",0.24,0.04,forecast_icc,0.03571232490690619,,2026-06-25
EONR,0.47,0.0,23485122.0,49968344.0,1.352,Energy,EON Resources Inc.,0.39,0.01,forecast_icc,0.22869081843363837,2.8765957054853706,2026-06-25
EOS,21.27,1.83,1134031744.0,53316015.0,24.451,Financial Services,Eaton Vance Enhance Equity Inco,2.98,0.121,trailing_eps_fallback_icc,0.17179440958026782,1.149553255155616,2026-06-25
EOSE,6.09,0.0,2067640448.0,339514027.0,-2.558,Industrials,"Eos Energy Enterprises, Inc.",1.16621,0.01,forecast_icc,0.09844459093404379,,2026-06-25
EPAC,37.07,0.04,1956417536.0,51543169.0,7.907,Industrials,Enerpac Tool Group Corp.,1.895,0.1503957783641161,forecast_icc,0.07533507803765213,0.2083153671359241,2026-06-25
EPAM,77.37,0.0,4042153472.0,52244451.0,65.036,Technology,"EPAM Systems, Inc.",13.05911,0.08014098969991057,forecast_icc,0.12319611012575071,0.8405841437670183,2026-06-25
EPC,25.49,0.6,1174612992.0,46081326.0,31.428,Consumer Defensive,Edgewell Personal Care Company,1.89597,0.084252387959725,forecast_icc,0.08533055553255886,1.2329541077713535,2026-06-25
EPD,36.84,2.19,79704014848.0,2163518271.0,13.647,Energy,Enterprise Products Partners L.,2.90451,0.08262323076870093,forecast_icc,0.10498209961816707,0.3704397313064322,2026-06-25
EPM,3.83,0.48,137195984.0,35821410.0,1.671,Energy,Evolution Petroleum Corporation,0.058,0.04,forecast_icc,0.0224358297925109,0.43629248003352633,2026-06-25
EPR,59.04,3.72,4517012480.0,76507666.0,30.273,Real Estate,EPR Properties,3.025,0.01,forecast_icc,0.05268286799401353,0.512754078735244,2026-06-25
EPRT,30.4,1.28,6591289344.0,216245955.0,20.298,Real Estate,Essential Properties Realty Tru,1.34008,0.04475852187929097,forecast_icc,0.0573173544761653,0.6659335018550809,2026-06-25
EPSN,5.23,0.25,158200256.0,30248617.0,4.105,Energy,Epsilon Energy Ltd.,0.37,0.01,forecast_icc,0.06379959767847543,0.7848948916049795,2026-06-25
EQBK,48.12,0.72,993234240.0,20640778.0,39.354,Financial Services,"Equity Bancshares, Inc.",5.05,0.030552475247524802,forecast_icc,0.08032097122860996,0.81783042176637,2026-06-25
EQH,43.84,1.11,11966485504.0,272958142.0,-2.824,Financial Services,"Equitable Holdings, Inc.",7.07471,0.24377819020143576,forecast_icc,0.1932339462332212,,2026-06-25
EQIX,1087.61,19.7,107264720896.0,98624248.0,144.976,Real Estate,"Equinix, Inc.",17.74667,0.08320772291365075,forecast_icc,0.029871014398776263,0.13329777823139977,2026-06-25
EQNR,31.56,1.52,78573797376.0,2489663963.0,8.728,Energy,Equinor ASA,5.6125,0.01,forecast_icc,0.11130470024338279,0.2765525887094425,2026-06-25
EQPT,19.69,0.0,4969266176.0,214806153.0,4.747,Industrials,EquipmentShare.com Inc,0.45852,0.75,forecast_icc,0.14991926952254098,0.2051982671436999,2026-06-25
EQR,67.17,2.81,25952874496.0,374712144.0,28.435,Real Estate,Equity Residential,1.6884,0.01,forecast_icc,0.027748620020741632,0.41054950642489324,2026-06-25
EQT,51.65,0.66,32305940480.0,625478000.0,40.159,Energy,EQT Corporation,4.64905,0.01,forecast_icc,0.06282183028780547,0.7775217383796778,2026-06-25
EQX,9.41,0.03,7425974784.0,789157839.0,7.762,Basic Materials,Equinox Gold Corp.,1.236,0.28478964401294515,forecast_icc,0.17545272650552401,0.8248672160207001,2026-06-25
ERC,9.06,0.87,254167440.0,28053801.0,10.05,Financial Services,109188,0.96,0.477,trailing_eps_fallback_icc,0.30916754321095896,1.109271510347667,2026-06-25
ERH,12.05,1.01,106427544.0,8832161.0,13.934,Financial Services,40135,2.51,0.75,trailing_eps_fallback_icc,0.4,1.1563485048005993,2026-06-25
ERIC,11.06,0.31,36646969344.0,3051713196.0,30.791,Technology,Ericsson,0.62352,0.08630035925070567,forecast_icc,0.07455120079555766,2.564067444049651,2026-06-25
ERIE,229.96,5.85,12024578048.0,46189068.0,45.009,Financial Services,Erie Indemnity Company,12.64,,forecast_icc,0.010000000000000002,0.17288953951758657,2026-06-25
ERII,8.79,0.0,453082848.0,51545259.0,3.538,Industrials,"Energy Recovery, Inc.",0.06,0.75,forecast_icc,0.07762685237737543,0.40250282513894675,2026-06-25
ERNA,7.4,0.0,8630864.0,1166333.0,5.882,Healthcare,Ernexa Therapeutics Inc.,1214.25,0.04,trailing_eps_fallback_icc,0.4,0.794864883283991,2026-06-25
ERO,26.37,0.0,2749810176.0,104277968.0,10.53,Basic Materials,Ero Copper Corp.,3.97,0.21838790931989904,forecast_icc,0.16345833035863133,0.3993173829319628,2026-06-25
EROC,14.74,0.0,710085120.0,48174023.0,-597.022,Industrials,"ERock, Inc.",0.1,0.04,trailing_eps_fallback_icc,0.010453414451272711,,2026-06-25
EROK,20.12,0.0,492048448.0,24455688.0,,Energy,"EagleRock Land, LLC",0.50837,0.28666129000531115,forecast_icc,0.06969976113391071,,2026-06-25
ES,72.08,3.15,27107850240.0,376080025.0,43.968,Utilities,Eversource Energy (D/B/A),4.66581,0.06129268015628586,forecast_icc,0.07956237876681213,0.6099888553611842,2026-06-25
ESAB,98.82,0.42,6016330752.0,60881712.0,35.984,Industrials,ESAB Corporation,5.75301,0.17383769539771365,forecast_icc,0.08906702565368774,0.36413681609504706,2026-06-25
ESCA,18.42,0.61,254288800.0,13805038.0,12.777,Consumer Cyclical,"Escalade, Incorporated",1.08,,forecast_icc,0.010000000000000002,0.6936482083599435,2026-06-25
ESE,354.9,0.32,9194455040.0,25907172.0,61.196,Technology,ESCO Technologies Inc.,8.19158,0.11569929122342715,forecast_icc,0.03839780691893761,0.17243167657188305,2026-06-25
ESEA,67.81,3.2,478425376.0,7055381.0,69.543,Industrials,Euroseas Ltd.,17.24,0.01,forecast_icc,0.1351720368329813,1.0255567231513238,2026-06-25
ESI,47.72,0.32,11624935424.0,243607198.0,11.227,Basic Materials,Element Solutions Inc.,1.76991,0.16034713629506592,forecast_icc,0.0654838695048163,0.23526823265611976,2026-06-25
ESLT,732.71,4.0,34326335488.0,46848460.0,91.658,Industrials,Elbit Systems Ltd.,15.58575,0.15888937009768522,forecast_icc,0.04403294811835423,0.1250945108364723,2026-06-25
ESNT,61.85,1.4,5699654656.0,92152860.0,61.205,Financial Services,Essent Group Ltd.,7.23337,0.06764205342737895,forecast_icc,0.10398676594453582,0.9895714980490214,2026-06-25
ESOA,18.7,0.16,348936032.0,18659679.0,4.369,Industrials,Energy Services of America Corp,0.73,0.27397260273972623,forecast_icc,0.09381930585962095,0.23363634040235776,2026-06-25
ESP,66.06,1.0,197910608.0,2995922.0,20.054,Industrials,Espey Mfg. & Electronics Corp.,3.77,0.01,forecast_icc,0.045885426315751404,0.3035725087964966,2026-06-25
ESPR,3.15,0.0,811734080.0,257693347.0,-1.196,Healthcare,"Esperion Therapeutics, Inc.",0.292,0.04,forecast_icc,0.07290693092840017,,2026-06-25
ESQ,116.16,0.75,1003556352.0,8639431.0,36.785,Financial Services,"Esquire Financial Holdings, Inc",6.81,0.27019089574155664,forecast_icc,0.11493519405384178,0.3166752606384778,2026-06-25
ESRT,5.14,0.14,1573582208.0,171460307.0,6.185,Real Estate,"Empire State Realty Trust, Inc.",0.06,0.01,forecast_icc,0.014145041443307738,0.6739285646492261,2026-06-25
ESS,285.57,10.36,19683252224.0,64261739.0,84.522,Real Estate,"Essex Property Trust, Inc.",5.89606,0.021697540391379944,forecast_icc,0.025857725170276007,0.27594681213987987,2026-06-25
ESTA,89.07,0.0,2621364736.0,29430390.0,0.503,Healthcare,Establishment Labs Holdings Inc,0.075,0.04,forecast_icc,0.010000000000000002,0.005647243959110007,2026-06-25
ESTC,53.6,0.0,5571807232.0,103951633.0,12.186,Technology,Elastic N.V.,3.2607,0.18038151317201834,forecast_icc,0.09101213351941151,0.22735075837921592,2026-06-25
ET,19.18,1.34,66001432576.0,3441159277.0,9.031,Energy,Energy Transfer LP,1.50374,0.06755822150105728,forecast_icc,0.10423362797295244,0.4708550741652769,2026-06-25
ETB,15.06,1.27,442383232.0,29374715.0,16.365,Financial Services,Eaton Vance Tax-Managed Buy-Wri,2.04,0.489,trailing_eps_fallback_icc,0.3206777162690012,1.0866533272558576,2026-06-25
ETD,21.98,1.56,559310528.0,25446339.0,18.621,Consumer Cyclical,Ethan Allen Interiors Inc.,1.435,0.010452961672473782,forecast_icc,0.067371241106433,0.8471792587444376,2026-06-25
ETG,22.93,1.55,1750061312.0,76321908.0,23.226,Financial Services,Eaton Vance Tax-Advantaged Glob,4.26,0.75,trailing_eps_fallback_icc,0.4,1.0129088752794508,2026-06-25
ETJ,8.08,0.78,543798400.0,67301787.0,,Financial Services,Eaton Vance Risk-Managed Divers,0.74,0.04,trailing_eps_fallback_icc,0.11146576401016006,,2026-06-25
ETN,419.87,4.4,163035512832.0,388300000.0,50.788,Industrials,"Eaton Corporation, PLC",13.33867,0.17776434981898492,forecast_icc,0.06434691851721419,0.12096125597078651,2026-06-25
ETO,30.22,2.08,495249504.0,16388138.0,31.035,Financial Services,Eaton Vance Tax-Advantage Globa,5.38,0.75,trailing_eps_fallback_icc,0.4,1.0269689494328096,2026-06-25
ETON,34.82,0.0,953801920.0,27392358.0,1.119,Healthcare,"Eton Pharmaceuticals, Inc.",1.01,0.75,forecast_icc,0.16622408502131603,0.03213670255769668,2026-06-25
ETOR,38.07,0.0,3027596288.0,66806610.0,16.365,Financial Services,eToro Group Ltd.,2.80904,0.1540205906644263,forecast_icc,0.09494298536288748,0.361108307928405,2026-06-25
ETR,115.38,2.56,53835743232.0,466595090.0,37.889,Utilities,Entergy Corporation,4.40026,0.15207510465290675,forecast_icc,0.07205833329084832,0.32838445805094224,2026-06-25
ETSY,77.7,0.0,7373436928.0,94896231.0,-11.981,Consumer Cyclical,"Etsy, Inc.",3.53534,0.13560789061306688,forecast_icc,0.06616017466449609,,2026-06-25
ETV,14.56,1.19,1699946496.0,116754568.0,15.656,Financial Services,Eaton Vance Corporation Eaton V,1.9,0.362,trailing_eps_fallback_icc,0.2645585588721727,1.0752747341808104,2026-06-25
ETW,9.4,0.8,1020819136.0,108597786.0,10.221,Financial Services,Eaton Vance Corporation Eaton V,1.72,0.75,trailing_eps_fallback_icc,0.4,1.087340481346541,2026-06-25
ETX,18.74,0.94,204192224.0,10896063.0,,Financial Services,Eaton Vance Municipal Income 20,0.78,0.04,trailing_eps_fallback_icc,0.053537106845281124,,2026-06-25
ETY,13.98,1.19,2226742784.0,159280608.0,15.65,Financial Services,Eaton Vance Tax-Managed Diversi,1.93,0.064,trailing_eps_fallback_icc,0.14338979582315414,1.119456424474036,2026-06-25
EUDA,14.59,0.0,43687204.0,2994325.0,-2.251,Real Estate,Euda Health Holdings Limited,1.6,,forecast_icc,0.010000000000000002,,2026-06-25
EVAC,10.18,0.0,594999168.0,46947857.0,-1.417,Financial Services,EQV Ventures Acquisition Corp. ,0.33,0.04,trailing_eps_fallback_icc,0.03489813331963791,,2026-06-25
EVAX,3.14,0.0,26188276.0,8340215.0,1.584,Healthcare,Evaxion A/S,0.04,0.04,forecast_icc,0.017647070855765556,0.5044585813896264,2026-06-25
EVCM,8.74,0.0,1546549120.0,176950701.0,4.028,Technology,EverCommerce Inc.,0.72264,0.06413982065758894,forecast_icc,0.07532537043535198,0.4608695672259022,2026-06-25
EVER,21.7,0.0,767600192.0,31769000.0,6.805,Communication Services,"EverQuote, Inc.",2.69333,0.18317101877601338,forecast_icc,0.13709756148475094,0.2816414681146927,2026-06-25
EVF,4.98,0.47,90488032.0,18170289.0,5.975,Financial Services,Eaton Vance Senior Income Trust,0.2,0.01,trailing_eps_fallback_icc,0.04130616446233151,1.199799292518595,2026-06-25
EVG,10.7,0.89,143988896.0,13456906.0,11.384,Financial Services,Eaton Vance Short Diversified I,1.1,0.222,trailing_eps_fallback_icc,0.19206275772323445,1.0639252203447689,2026-06-25
EVH,5.03,0.0,565779776.0,112481067.0,3.524,Healthcare,"Evolent Health, Inc",0.19654,0.75,forecast_icc,0.19014812235449685,0.7005964103389938,2026-06-25
EVI,14.73,0.0,189562032.0,12869113.0,11.347,Industrials,"EVI Industries, Inc.",0.53,0.7169811320754718,forecast_icc,0.17636418413983568,0.7703326645654441,2026-06-25
EVN,11.1,0.62,442966016.0,39906847.0,10.864,Financial Services,Eaton Vance Municipal Income Tr,0.01,0.059,trailing_eps_fallback_icc,0.010000000000000002,0.9787387071427168,2026-06-25
EVR,347.31,3.56,13434813440.0,38682484.0,46.077,Financial Services,Evercore Inc.,19.3762,0.19957938088995775,forecast_icc,0.09637122903403716,0.1326682222442532,2026-06-25
EVRG,86.66,2.78,19976259584.0,230513025.0,44.061,Utilities,"Evergy, Inc.",4.25255,0.07038835522216069,forecast_icc,0.06548722939510687,0.5084352429350669,2026-06-25
EVT,27.19,1.98,2026818304.0,74542782.0,26.823,Financial Services,Eaton Vance Tax Advantaged Divi,2.5,0.75,trailing_eps_fallback_icc,0.37147904789789166,0.986502360690147,2026-06-25
EVTC,26.28,0.2,1619382656.0,61620344.0,10.845,Technology,"Evertec, Inc.",3.91845,0.10865265602470364,forecast_icc,0.1285333864356314,0.4126712288809397,2026-06-25
EVV,9.29,0.85,1079530112.0,116203460.0,10.129,Financial Services,316100,0.62,0.01,trailing_eps_fallback_icc,0.06858970652242669,1.0903121953304067,2026-06-25
EW,89.72,0.0,51660775424.0,575800000.0,17.899,Healthcare,Edwards Lifesciences Corporatio,3.00742,0.11978373489569116,forecast_icc,0.05066062474700858,0.1994984418141745,2026-06-25
EWBC,130.24,3.2,17842393088.0,136996262.0,65.699,Financial Services,"East West Bancorp, Inc.",10.64629,0.06224891488020701,forecast_icc,0.08317950019886033,0.5044456409376693,2026-06-25
EWTX,41.69,0.0,4485552128.0,107593006.0,4.589,Healthcare,"Edgewise Therapeutics, Inc.",1.27631,0.01,forecast_icc,0.027628914326028736,0.11007436552836335,2026-06-25
EXC,46.75,1.68,47834980352.0,1023208142.0,28.65,Utilities,Exelon Corporation,2.85569,0.06381645066516306,forecast_icc,0.07445073991651807,0.6128342282694035,2026-06-25
EXE,88.44,3.19,21157400576.0,239228849.0,81.413,Energy,Expand Energy Corporation,9.05159,0.05841073225808957,forecast_icc,0.09843316504535327,0.9205449513363225,2026-06-25
EXEL,53.23,0.0,13379631104.0,251355083.0,7.63,Healthcare,"Exelixis, Inc.",3.54091,0.1293961156877752,forecast_icc,0.08279006890082219,0.14334022129478885,2026-06-25
EXFY,1.41,0.0,135977744.0,84278255.0,1.437,Technology,"Expensify, Inc.",0.08667,0.01,forecast_icc,0.04479043220637863,0.8906446663433393,2026-06-25
EXG,9.48,0.79,2900273408.0,305936026.0,,Financial Services,Eaton Vance Tax-Managed Global ,1.37,0.04,trailing_eps_fallback_icc,0.13287164172922983,,2026-06-25
EXK,8.04,0.0,2380393216.0,296068802.0,2.179,Basic Materials,Endeavour Silver Corporation,0.93,0.4166666666666665,forecast_icc,0.20197223174516654,0.2710198950415762,2026-06-25
EXLS,25.22,0.0,3853185280.0,152782931.0,5.09,Technology,"ExlService Holdings, Inc.",2.23501,0.12282719092979444,forecast_icc,0.09665885216637149,0.2018239618080343,2026-06-25
EXOD,5.32,0.0,159668032.0,10828976.0,7.334,Technology,"Exodus Movement, Inc.",1.39,0.04,forecast_icc,0.13741555540990558,0.49740520371667135,2026-06-25
EXP,235.44,1.0,7274032128.0,30895479.0,47.229,Basic Materials,Eagle Materials Inc,13.01287,0.12849125519581772,forecast_icc,0.0751146157237004,0.20059886346586672,2026-06-25
EXPD,161.67,1.62,21145001984.0,130791133.0,17.303,Industrials,Expeditors International of Was,6.80772,0.01791642429477136,forecast_icc,0.038332832986226195,0.1070266617147365,2026-06-25
EXPE,250.95,1.76,30119540736.0,114498625.0,4.8,Consumer Cyclical,"Expedia Group, Inc.",19.77178,0.16821651869482657,forecast_icc,0.10605935551900736,0.01824707105653525,2026-06-25
EXPO,58.0,1.22,2813674496.0,48511629.0,6.96,Industrials,"Exponent, Inc.",2.46872,0.11795991444959353,forecast_icc,0.0678283250161621,0.119999999402916,2026-06-25
EXR,147.19,6.48,32483938304.0,211260936.0,63.128,Real Estate,Extra Space Storage Inc,4.5309,0.04699949237458356,forecast_icc,0.04201775592972534,0.41055614140745295,2026-06-25
EXTR,30.96,0.0,4048889600.0,130778088.0,0.596,Technology,"Extreme Networks, Inc.",1.03254,0.2654715555813818,forecast_icc,0.07871974138709725,0.01925064601613242,2026-06-25
EYE,18.04,0.0,1445304704.0,80116665.0,11.209,Consumer Cyclical,"National Vision Holdings, Inc.",0.96755,0.22292387990284745,forecast_icc,0.09433956969261825,0.6213414344391424,2026-06-25
EZPW,33.28,0.0,2047917184.0,58565807.0,18.184,Financial Services,"EZCORP, Inc.",1.996,0.07414829659318634,forecast_icc,0.06339640864290519,0.5200213381714561,2026-06-25
F,14.11,0.6,56224014336.0,3913840554.0,9.399,Consumer Cyclical,Ford Motor Company,1.63861,0.11721520068838842,forecast_icc,0.13193799287295638,0.6542789198083274,2026-06-25
FA,16.76,0.0,2874960896.0,171537047.0,7.491,Industrials,First Advantage Corporation,1.22494,0.16633467761686305,forecast_icc,0.09770025178022756,0.4469570423948472,2026-06-25
FAF,65.41,2.2,6665279488.0,101900000.0,53.767,Financial Services,First American Corporation (New,6.85363,0.05235327848162208,forecast_icc,0.09626857230827246,0.821999634053455,2026-06-25
FANG,182.55,4.4,51353747456.0,281313297.0,129.653,Energy,"Diamondback Energy, Inc.",20.38966,0.01,forecast_icc,0.07634623569940338,0.7102327425508963,2026-06-25
FAST,46.92,0.92,53865803776.0,1148035061.0,3.475,Industrials,Fastenal Company,1.23723,0.10445107215311622,forecast_icc,0.04626229395186143,0.07406223535742529,2026-06-25
FATN,5.61,0.0,78677264.0,14024468.0,1.798,Technology,"FatPipe, Inc.",0.3,0.01,forecast_icc,0.04025649053591332,0.3204991147633197,2026-06-25
FAX,14.4,1.98,594469824.0,41282628.0,16.602,Financial Services,592314,0.88,0.01,trailing_eps_fallback_icc,0.06281774053043387,1.1529167039032078,2026-06-25
FBIN,46.34,1.04,5528056832.0,119293417.0,19.757,Industrials,"Fortune Brands Innovations, Inc",3.14011,0.16470442118269757,forecast_icc,0.10432716515907223,0.4263487354228778,2026-06-25
FBIO,3.02,0.0,100321600.0,33219072.0,4.888,Healthcare,"Fortress Biotech, Inc.",2.4,0.01,forecast_icc,0.22348638102930185,1.6185430050557406,2026-06-25
FBIZ,62.92,1.26,526147456.0,8362166.0,44.117,Financial Services,First Business Financial Servic,6.218,0.07816018012222581,forecast_icc,0.09701471108970805,0.7011602417060817,2026-06-25
FBK,55.49,0.84,2859037184.0,51523462.0,38.389,Financial Services,FB Financial Corporation,4.6875,0.08240000000000003,forecast_icc,0.0878489831062238,0.6918182784704909,2026-06-25
FBLA,14.9,0.0,240806176.0,16161489.0,19.12,Financial Services,"FB Bancorp, Inc.",0.17,0.01,trailing_eps_fallback_icc,0.012804499235302042,1.2832215303315144,2026-06-25
FBNC,62.63,0.96,2591342080.0,41375413.0,40.676,Financial Services,First Bancorp,4.656,0.07044673539518898,forecast_icc,0.07760619020714443,0.6494651216361215,2026-06-25
FBP,26.54,0.76,4105322752.0,154684352.0,12.805,Financial Services,First BanCorp. New,2.24185,0.06804647947008058,forecast_icc,0.08855678167716055,0.4824792706968146,2026-06-25
FBRT,8.24,1.11,634175168.0,76963009.0,14.67,Real Estate,"Franklin BSP Realty Trust, Inc.",1.0075,0.19602977667493793,forecast_icc,0.22394948281681837,1.7803398792650298,2026-06-25
FBYD,16.86,0.0,826345024.0,49012162.0,0.309,Industrials,"Falcon's Beyond Global, Inc.",0.18,0.04,trailing_eps_fallback_icc,0.01530884655703401,0.018327402741158155,2026-06-25
FC,23.72,0.0,267382368.0,11272444.0,3.4,Consumer Defensive,Franklin Covey Company,1.255,0.06772908366533881,forecast_icc,0.05654802505739698,0.14333895644158556,2026-06-25
FCAP,62.99,1.24,210735008.0,3345531.0,41.261,Financial Services,"First Capital, Inc.",5.22,0.343,trailing_eps_fallback_icc,0.1682944826891023,0.6550404505690863,2026-06-25
FCBC,44.32,1.24,836173376.0,18866729.0,27.644,Financial Services,"First Community Bankshares, Inc",2.98,0.016778523489932917,forecast_icc,0.05852397798185016,0.6237365018376284,2026-06-25
FCBM,13.0,0.0,393194784.0,30245752.0,28.711,Financial Services,First Carolina Financial Servic,0.44,0.26,trailing_eps_fallback_icc,0.07835938856324665,2.208538416603207,2026-06-25
FCCO,32.24,0.64,302990240.0,9397960.0,23.496,Financial Services,First Community Corporation,2.93333,0.07727395144767213,forecast_icc,0.09205629786966718,0.728784096015766,2026-06-25
FCF,20.45,0.56,2079447168.0,101684455.0,15.33,Financial Services,First,1.725,0.1381623188405796,forecast_icc,0.1114533116911195,0.7496332290323425,2026-06-25
FCFS,217.22,1.68,9522205696.0,43836687.0,52.424,Financial Services,"FirstCash Holdings, Inc.",10.918,0.14618061916101843,forecast_icc,0.07643522992824081,0.24134056253934552,2026-06-25
FCN,140.4,0.0,4232223488.0,30144043.0,56.194,Industrials,"FTI Consulting, Inc.",9.25667,0.20417709608314882,forecast_icc,0.10155877797205959,0.4002421793520371,2026-06-25
FCNCA,2089.21,8.4,24207622144.0,10581789.0,1735.175,Financial Services,"First Citizens BancShares, Inc.",175.81232,0.1273824268970456,forecast_icc,0.0967562852395959,0.7584906778060374,2026-06-25
FCPT,25.02,1.47,2745925120.0,109749197.0,10.365,Real Estate,"Four Corners Property Trust, In",1.17382,0.06233494062121947,forecast_icc,0.06736614987178358,0.41426855328997464,2026-06-25
FCT,9.57,1.15,248661008.0,25983388.0,10.355,Financial Services,First Trust Senior Floating Rat,0.65,0.01,trailing_eps_fallback_icc,0.06980190429920541,1.0820272342015118,2026-06-25
FCX,62.8,0.6,90278756352.0,1437559865.0,13.573,Basic Materials,"Freeport-McMoRan, Inc.",2.79135,0.41559102226521216,forecast_icc,0.1352144816432369,0.21613058083750109,2026-06-25
FDBC,50.64,1.69,293974304.0,5805180.0,42.144,Financial Services,"Fidelity D & D Bancorp, Inc.",5.11,0.243,trailing_eps_fallback_icc,0.16139835222974674,0.8322275198583342,2026-06-25
FDP,28.38,1.2,1350224128.0,47576609.0,42.351,Consumer Defensive,Del Monte Corporation,2.15,0.5674418604651164,forecast_icc,0.2529436961296524,1.4922833372438447,2026-06-25
FDS,208.84,4.64,7608276480.0,36431127.0,58.108,Financial Services,FactSet Research Systems Inc.,17.70795,0.09659729104724146,forecast_icc,0.09569816011360988,0.2782417191700163,2026-06-25
FDSB,16.065,0.0,84579912.0,5264856.0,24.448,Financial Services,"Fifth District Bancorp, Inc.",0.86,0.75,trailing_eps_fallback_icc,0.21783509831889114,1.5218176094579055,2026-06-25
FDX,329.44,4.88,78606606336.0,238606756.0,124.703,Industrials,FedEx Corporation,17.7675,0.16576502040242036,forecast_icc,0.0882566721069469,0.3785302493060423,2026-06-25
FDXF,158.53,0.0,23606093824.0,148906159.0,95720.0,Industrials,"FedEx Freight Holding Company, ",4.61,0.12234273318872013,forecast_icc,0.046178453638296424,603.7973773106359,2026-06-25
FE,48.01,1.86,27770478592.0,578431175.0,21.876,Utilities,FirstEnergy Corp.,2.73368,0.07798279242632633,forecast_icc,0.0771103853909211,0.4556551066406627,2026-06-25
FEDU,10.5,0.0,23745100.0,2261438.0,30.933216,Consumer Defensive,Four Seasons Education (Cayman),0.3,0.04,forecast_icc,0.03205467929952144,2.946020447360003,2026-06-25
FEIM,62.59,0.0,616006208.0,9841927.0,6.122,Technology,"Frequency Electronics, Inc.",0.71,0.5985915492957747,forecast_icc,0.08156352402389166,0.09781115240643808,2026-06-25
FELE,108.88,1.12,4810561536.0,44182232.0,30.339,Industrials,"Franklin Electric Co., Inc.",4.585,0.10796074154852775,forecast_icc,0.060580779636456916,0.278646209307736,2026-06-25
FENC,10.55,0.0,366475680.0,34737030.0,1.091,Healthcare,Fennec Pharmaceuticals Inc.,0.296,0.75,forecast_icc,0.16368239871724177,0.10341231846544359,2026-06-25
FENG,1.53,0.0,18376486.0,5399831.0,14.132261,Communication Services,Phoenix New Media Limited,0.68,0.04,forecast_icc,0.18368142477847627,4.152688443693261,2026-06-25
FER,70.2,1.66,50244681728.0,715736287.0,9.604367,Industrials,Ferrovial N.V.,1.12956,0.1413205141825138,forecast_icc,0.03731904084842863,0.13681436003075578,2026-06-25
FERA,10.43,0.0,326111360.0,23600000.0,-0.452,Financial Services,Fifth Era Acquisition Corp I,0.15,0.01,trailing_eps_fallback_icc,0.015507569945386927,,2026-06-25
FERG,240.76,3.56,46692470784.0,193937826.0,30.258,Industrials,Ferguson Enterprises Inc.,11.28748,0.11048790341156756,forecast_icc,0.0674608558384224,0.12567702330969455,2026-06-25
FET,49.53,0.0,559901248.0,11304286.0,24.799,Energy,"Forum Energy Technologies, Inc.",2.16,0.2754629629629628,forecast_icc,0.09475708582159481,0.50068648626052,2026-06-25
FF,4.11,0.19,180279024.0,43863507.0,3.236,Basic Materials,FutureFuel Corp.,0.8,0.04,forecast_icc,0.1346250585647809,0.7873478871951293,2026-06-25
FFA,21.75,1.55,434740864.0,19988085.0,23.72,Financial Services,First Trust Enhanced Equity Inc,4.04,0.75,trailing_eps_fallback_icc,0.4,1.090574674388097,2026-06-25
FFBC,33.49,1.0,3514084864.0,104929374.0,28.024,Financial Services,First Financial Bancorp.,3.27167,0.04970550208303415,forecast_icc,0.08986932901248779,0.836787069971,2026-06-25
FFIN,34.94,0.88,5006270464.0,143281930.0,13.656,Financial Services,"First Financial Bankshares, Inc",2.038,0.05103042198233565,forecast_icc,0.06414249448815157,0.3908414557603894,2026-06-25
FFIV,386.01,0.0,21778395136.0,56419247.0,64.306,Technology,"F5, Inc.",16.49187,0.07263275783764978,forecast_icc,0.04964086559752923,0.16659152682856346,2026-06-25
FG,26.49,1.0,3509527296.0,132484990.0,34.535,Financial Services,"F&G Annuities & Life, Inc.",3.78,0.36283068783068795,forecast_icc,0.23406678539411907,1.3036995423471411,2026-06-25
FGBI,9.71,0.04,159867856.0,16464248.0,11.912,Financial Services,"First Guaranty Bancshares, Inc.",0.4,0.625,forecast_icc,0.17254249211873673,1.226776458276891,2026-06-25
FGI,4.15,0.0,8014775.0,1931271.0,8.385,Consumer Cyclical,FGI Industries Ltd.,0.1,0.75,forecast_icc,0.1523842097485263,2.0204818394777146,2026-06-25
FGMC,10.15,0.0,104502368.0,10295800.0,-0.004,Financial Services,FG Merger II Corp.,0.12,0.01,trailing_eps_fallback_icc,0.013192319084074911,,2026-06-25
FGNX,5.45,0.0,31263482.0,5736419.0,11.305,Financial Services,FG Nexus Inc.,3.58,0.04,trailing_eps_fallback_icc,0.22503129653810017,2.074312029447008,2026-06-25
FHB,29.3,1.04,3564314880.0,121648973.0,22.752,Financial Services,"First Hawaiian, Inc.",2.32193,0.05834370545193002,forecast_icc,0.08469554960360248,0.7765187776271888,2026-06-25
FHI,56.22,1.4,4267809536.0,75903653.0,16.716,Financial Services,"Federated Hermes, Inc.",5.04924,0.11213766824314142,forecast_icc,0.10533702741777196,0.2972966466392937,2026-06-25
FHN,25.56,0.68,12131231744.0,474617813.0,17.718,Financial Services,First Horizon Corporation,2.14834,0.09573903572060272,forecast_icc,0.09691193663740993,0.6931924629082413,2026-06-25
FIBK,38.44,1.88,3734172160.0,97142879.0,34.465,Financial Services,"First Interstate BancSystem, In",2.61901,0.1248945212122139,forecast_icc,0.10678642080930911,0.8965921176850614,2026-06-25
FICO,1143.48,0.0,26518337536.0,23190906.0,-90.219,Technology,Fair Isaac Corporation,43.06608,0.26389422951891617,forecast_icc,0.08448253509701298,,2026-06-25
FIEE,4.23,0.0,36075968.0,8528598.0,0.871,Technology,"FiEE, Inc",0.22,0.04,trailing_eps_fallback_icc,0.04869105694249043,0.20591017427446437,2026-06-25
FIG,16.84,0.0,8897861632.0,445682595.0,2.769,Technology,"Figma, Inc.",0.28053,0.20208177378533487,forecast_icc,0.04081305580013772,0.13869569527994657,2026-06-25
FIGR,26.91,0.0,5949824000.0,182622749.0,5.889,Financial Services,"Figure Technology Solutions, In",1.17667,0.20962546848309205,forecast_icc,0.08054599932729062,0.18075582888855202,2026-06-25
FIGS,11.09,0.0,1852553984.0,158763612.0,2.583,Consumer Cyclical,"FIGS, Inc.",0.26656,0.20505702280912352,forecast_icc,0.053645541791073614,0.2213627313092108,2026-06-25
FINS,12.62,1.37,421720672.0,33416851.0,20.07,Financial Services,Angel Oak Financial Strategies Income Term Trust,1.67,0.04,trailing_eps_fallback_icc,0.14155761270601996,1.5903327583856266,2026-06-25
FINV,4.71,0.31,1112002688.0,122754002.0,10.015333,Financial Services,FinVolution Group,8.30867,0.17310351716941486,forecast_icc,0.4,1.1055928374812218,2026-06-25
FINW,14.55,0.0,199422864.0,13706039.0,14.344,Financial Services,FinWise Bancorp,1.12667,0.5798769826124774,forecast_icc,0.21003894676573143,0.9858419414536138,2026-06-25
FIS,37.86,1.68,19569043456.0,516879151.0,30.903,Technology,Fidelity National Information S,6.2749,0.09153930739932115,forecast_icc,0.14671053012547036,0.81624410714135,2026-06-25
FISI,38.7,1.26,761862528.0,19686370.0,31.209,Financial Services,"Financial Institutions, Inc.",4.015,0.04358655043586568,forecast_icc,0.09169115260570829,0.8064340990006008,2026-06-25
FISV,47.53,0.0,25345560576.0,533253986.0,49.158,,"Fiserv, Inc.",8.11894,0.10180269838180855,forecast_icc,0.13237815204209935,1.034252107590394,2026-06-25
FITB,56.41,1.6,51125035008.0,906311548.0,35.243,Financial Services,Fifth Third Bancorp,3.08198,0.5808928026787974,forecast_icc,0.21407246261599033,0.6247651054158864,2026-06-25
FITBI,25.69,2.34,,655616000.0,25.133,Financial Services,Fifth Third Bancorp - Depositar,3.483,0.01,trailing_eps_fallback_icc,0.11433083404397693,,2026-06-25
FIVE,186.59,0.0,10317559808.0,55295351.0,41.819,Consumer Cyclical,"Five Below, Inc.",9.03996,0.07536316532374032,forecast_icc,0.05496541267460786,0.22412240166284483,2026-06-25
FIVN,19.51,0.0,1493763328.0,76563988.0,10.836,Technology,"Five9, Inc.",3.25134,0.16113356339232454,forecast_icc,0.15209568725099165,0.5554075122990301,2026-06-25
FIX,2017.57,2.6,70986113024.0,35183967.0,18.355,Industrials,"Comfort Systems USA, Inc.",43.14652,0.23864821542965675,forecast_icc,0.055373178354227615,0.00909757819908604,2026-06-25
FIZZ,33.21,0.0,3109522176.0,93632102.0,6.367,Consumer Defensive,National Beverage Corp.,2.00284,0.01,forecast_icc,0.04414740420009211,0.19171935740972185,2026-06-25
FKWL,2.53,0.0,29814228.0,11784280.0,2.842,Technology,Franklin Wireless Corp.,0.09,0.01,forecast_icc,0.03069920589937794,1.1233201731736941,2026-06-25
FLC,16.68,1.22,174419776.0,10456821.0,18.932,Financial Services,Flaherty & Crumrine Total Retur,1.54,0.01,trailing_eps_fallback_icc,0.08577393948424195,1.1350119792150175,2026-06-25
FLEX,161.28,0.0,59091308544.0,366389554.0,14.067,Technology,Flex Ltd.,4.5412,0.529738835550075,forecast_icc,0.12082123914495868,0.08722098026108657,2026-06-25
FLG,15.15,0.04,6314748928.0,416815122.0,18.276,Financial Services,"Flagstar Bank, N.A.",0.47879,0.75,forecast_icc,0.1770263695722215,1.2063366661965884,2026-06-25
FLNC,19.38,0.0,3571940864.0,132811490.0,2.772,Utilities,"Fluence Energy, Inc.",0.20165,0.04,forecast_icc,0.014990465054337234,0.10306818178051448,2026-06-25
FLNG,29.96,3.0,1620607488.0,54092376.0,12.908,Energy,FLEX LNG Ltd.,2.15682,0.01,forecast_icc,0.07397378579527036,0.4308411472722999,2026-06-25
FLO,7.6,0.5,1611148544.0,211993230.0,6.242,Consumer Defensive,"Flowers Foods, Inc.",0.83465,0.01,forecast_icc,0.09120150299403018,0.8213157915127658,2026-06-25
FLOC,20.97,0.33,2236391680.0,41824162.0,8.04,Energy,Flowco Holdings Inc.,1.54816,0.15885309011988413,forecast_icc,0.10397131144578975,0.1503610773940994,2026-06-25
FLR,53.62,0.0,7489099264.0,139669896.0,20.288,Industrials,Fluor Corporation,2.57671,0.2799616565310028,forecast_icc,0.10125742319424968,0.37836630950656336,2026-06-25
FLS,74.99,0.88,9584248832.0,127807021.0,17.341,Industrials,Flowserve Corporation,4.06074,0.1366130311224063,forecast_icc,0.07942259689639586,0.231244157994019,2026-06-25
FLUT,96.19,0.0,16679392256.0,173400475.0,51.972,Consumer Cyclical,Flutter Entertainment plc,5.92873,0.01,forecast_icc,0.044882922601443664,0.5403056267507689,2026-06-25
FLX,2.19,0.0,160154512.0,57937317.0,1.7112387,Industrials,BINGEX LIMITED,0.40896615,0.04,forecast_icc,0.11314903104948593,0.6190557967206562,2026-06-25
FLXS,68.77,0.85,280283200.0,4075661.0,34.623,Consumer Cyclical,"Flexsteel Industries, Inc.",4.78,0.05648535564853541,forecast_icc,0.06898599502525882,0.503460823920235,2026-06-25
FLYW,16.88,0.0,2083293696.0,121544560.0,6.91,Technology,Flywire Corporation - Voting,1.02245,0.2264560614210962,forecast_icc,0.10215047945215669,0.40314666684423167,2026-06-25
FMAO,29.93,0.91,412081856.0,13768188.0,27.635,Financial Services,"Farmers & Merchants Bancorp, In",2.84,0.061031690140844974,forecast_icc,0.0928941040630199,0.9233211068142733,2026-06-25
FMBH,47.47,1.0,1263451904.0,26615796.0,40.461,Financial Services,"First Mid Bancshares, Inc.",4.56,0.07330921052631578,forecast_icc,0.09415372384820875,0.8523488061133191,2026-06-25
FMC,11.32,0.32,1415512832.0,125045301.0,14.572,Basic Materials,FMC Corporation,1.72654,0.28571014862094124,forecast_icc,0.2053851984943963,1.2872791294992654,2026-06-25
FMNB,14.5,0.68,858617792.0,59215021.0,12.956,Financial Services,Farmers National Banc Corp.,1.62,0.08024691358024683,forecast_icc,0.11728635844318946,0.8935172543873864,2026-06-25
FMS,23.25,0.87,12488255488.0,537129260.0,28.259495,Healthcare,Fresenius Medical Care AG,2.5545,0.32299862986885897,forecast_icc,0.19786841440371072,1.2154621317532497,2026-06-25
FMX,125.37,6.72,42711236608.0,340681468.0,35.955,Consumer Defensive,Fomento Economico Mexicano S.A.,5.96,0.01,forecast_icc,0.0488862759253369,0.28679109187032226,2026-06-25
FMY,11.77,0.79,49588364.0,4213115.0,12.877,Financial Services,First Trust Motgage Income Fund,1.08,0.01,trailing_eps_fallback_icc,0.08287196824485166,1.0940526663674568,2026-06-25
FN,567.79,0.0,20343767040.0,35829740.0,64.325,Technology,Fabrinet,13.8059,0.25075728492890725,forecast_icc,0.0618148997196214,0.11329013063157845,2026-06-25
FNB,19.14,0.52,6813149696.0,355963949.0,19.122,Financial Services,F.N.B. Corporation,1.73143,0.1328381742259288,forecast_icc,0.11377361953245535,0.999059603339442,2026-06-25
FND,58.32,0.0,6304050688.0,108094150.0,22.728,Consumer Cyclical,"Floor & Decor Holdings, Inc.",1.90276,0.14007546931825354,forecast_icc,0.05354729904452643,0.3897119428110792,2026-06-25
FNF,46.11,2.08,12410854400.0,269157540.0,26.967,Financial Services,"Fidelity National Financial, In",5.27028,0.12197074918220663,forecast_icc,0.1341294571312911,0.5848405877020038,2026-06-25
FNGR,0.43,0.0,26350962.0,61281308.0,0.248,Communication Services,"FingerMotion, Inc.",0.03,0.04,forecast_icc,0.06007631619372644,0.576744195676803,2026-06-25
FNKO,5.65,0.0,315493664.0,55839584.0,3.03,Consumer Cyclical,"Funko, Inc.",0.22,0.04,forecast_icc,0.03932124436632044,0.5362831613632658,2026-06-25
FNLC,34.05,1.48,383939552.0,11275758.0,25.444,Financial Services,"First Bancorp, Inc (ME)",3.24,0.27,trailing_eps_fallback_icc,0.17363787097541772,0.7472540535547637,2026-06-25
FNRN,17.94,0.0,294341696.0,16407006.0,13.029,Financial Services,First Northern Community Bancor,1.29,0.636,trailing_eps_fallback_icc,0.21752989520606192,0.726254159974671,2026-06-25
FNV,210.0,1.76,40499662848.0,192855530.0,42.035,Basic Materials,Franco-Nevada Corporation,9.0,0.06727222222222218,forecast_icc,0.051019965097461165,0.20016665901578815,2026-06-25
FNWB,10.41,0.28,94065080.0,9036031.0,17.7,Financial Services,First Northwest Bancorp,0.2,0.75,forecast_icc,0.17151344401268415,1.7002882334230724,2026-06-25
FNWD,34.29,0.48,148474704.0,4329971.0,39.811,Financial Services,Finward Bancorp,2.665,0.16885553470919334,forecast_icc,0.10901303824202963,1.1610090529697235,2026-06-25
FOA,21.66,0.0,192595872.0,8891776.0,40.657,Financial Services,Finance of America Companies In,4.75,0.12631578947368416,forecast_icc,0.16141339887102057,1.8770544408760743,2026-06-25
FOF,13.5,1.04,374945632.0,27773750.0,,Financial Services,Cohen & Steers Closed-End Oppor,2.27,0.04,trailing_eps_fallback_icc,0.1393269871817283,,2026-06-25
FOR,31.25,0.0,1594022912.0,51008733.0,35.657,Real Estate,Forestar Group Inc,2.94333,0.0804089245854187,forecast_icc,0.08717375376706216,1.141023995884069,2026-06-25
FORM,148.75,0.0,11595771904.0,77954772.0,13.582,Technology,"FormFactor, Inc.",2.43714,0.14529735673781552,forecast_icc,0.033741765824106484,0.09130756641899533,2026-06-25
FORR,7.24,0.0,140542880.0,19412000.0,5.531,Industrials,"Forrester Research, Inc.",0.765,0.18300653594771243,forecast_icc,0.125666071384975,0.763950276243094,2026-06-25
FORTY,106.5,2.48,1633142016.0,15334667.0,90.416,Technology,Formula Systems (1985) Ltd.,3.8,0.75,trailing_eps_fallback_icc,0.22043999407102122,0.8489765359585237,2026-06-25
FOUR,43.78,0.0,4339909120.0,79328924.0,8.169,Technology,"Shift4 Payments, Inc.",5.58644,0.20853352045309737,forecast_icc,0.14719870911451405,0.14932063373621982,2026-06-25
FOX,44.39,0.56,18639388672.0,220426203.0,26.068,Communication Services,Fox Corporation,5.425,0.01,forecast_icc,0.07716555221488497,0.3082756822618179,2026-06-25
FOXA,48.86,0.56,20516345856.0,199474449.0,26.068,Communication Services,Fox Corporation,4.99208,0.1518385122033301,forecast_icc,0.11957653722008932,0.25345156359855825,2026-06-25
FOXF,18.77,0.0,787141248.0,41936133.0,15.709,Consumer Cyclical,Fox Factory Holding Corp.,1.42667,0.24065130688946978,forecast_icc,0.11988404655236817,0.8369205844196846,2026-06-25
FPF,18.01,1.65,1095869440.0,60847827.0,,Financial Services,First Trust Intermediate Durati,1.97,0.04,trailing_eps_fallback_icc,0.12097878363583023,,2026-06-25
FPH,5.13,0.0,761937984.0,72406686.0,11.626,Real Estate,"Five Point Holdings, LLC",0.66,0.04,forecast_icc,0.09012261624580409,1.1048144981783714,2026-06-25
FPI,9.6,0.36,425915680.0,43617201.0,10.616,Real Estate,Farmland Partners Inc.,0.18333,0.09092892598047242,forecast_icc,0.035013961896040446,1.0871640269642104,2026-06-25
FPS,58.7,0.0,17869975552.0,259971169.0,1.829,Industrials,"Forgent Power Solutions, Inc.",0.67184,0.75,forecast_icc,0.10435849249643525,0.026608165563370548,2026-06-25
FR,63.14,1.89,8651218944.0,132570424.0,20.803,Real Estate,"First Industrial Realty Trust, ",2.1515,0.01,forecast_icc,0.03500111325021274,0.31878311580412594,2026-06-25
FRA,10.87,1.49,385175840.0,35434758.0,12.972,Financial Services,Blackrock Floating Rate Income ,0.7,0.04,trailing_eps_fallback_icc,0.0805050989432331,1.1933762013110687,2026-06-25
FRAF,62.44,1.36,280544896.0,4493032.0,39.783,Financial Services,Franklin Financial Services Cor,5.83,0.11149228130360211,forecast_icc,0.10591067895370332,0.637139704213332,2026-06-25
FRBA,17.09,0.3,428349696.0,25064349.0,17.931,Financial Services,First Bank,1.56667,0.15105925306541912,forecast_icc,0.11553155908782572,1.0492101339532642,2026-06-25
FRBT,18.25,0.0,,,20.349,Financial Services,"Forbright, Inc.",1.78,0.01,trailing_eps_fallback_icc,0.06276962882413595,,2026-06-25
FRD,33.71,0.16,239593520.0,7107491.0,21.301,Basic Materials,Friedman Industries Inc.,2.76,0.701,trailing_eps_fallback_icc,0.2526520709725234,0.6318896512351418,2026-06-25
FRHC,129.06,0.0,7910420480.0,61292581.0,24.298,Financial Services,Freedom Holding Corp.,4.5,0.04,forecast_icc,0.036614976359000795,0.1882690227281066,2026-06-25
FRME,43.37,1.48,2733296128.0,63022741.0,42.354,Financial Services,First Merchants Corporation,4.23667,0.0751368409623594,forecast_icc,0.10140819717204586,0.9765737217310396,2026-06-25
FRMI,8.8,0.0,5615133184.0,638083359.0,1.702,Real Estate,Fermi Inc.,0.36497,0.04,forecast_icc,0.04111902700689718,0.19340910383257615,2026-06-25
FRMM,5.2,0.0,75623488.0,14542979.0,8.287,Technology,"Forum Markets, Incorporated",0.545,0.04,forecast_icc,0.07904036881505372,1.5936539051597303,2026-06-25
FRO,38.47,3.13,8564302848.0,222622889.0,12.763,Energy,Frontline Plc,7.28589,0.01,forecast_icc,0.129969683639502,0.3317649997594994,2026-06-25
FROG,78.8,0.0,9544235008.0,121119724.0,7.626,Technology,JFrog Ltd.,0.95271,0.17364150685937996,forecast_icc,0.030146787624880482,0.09677664207239102,2026-06-25
FRPH,24.46,0.0,468904928.0,19170275.0,22.336,Real Estate,"FRP Holdings, Inc.",0.42,0.04,forecast_icc,0.022234791355322803,0.9131643470379565,2026-06-25
FRPT,53.38,0.0,2623242240.0,49142791.0,25.682,Consumer Defensive,"Freshpet, Inc.",1.68289,0.0715138838545597,forecast_icc,0.03950484714711065,0.48111651269461103,2026-06-25
FRSH,9.17,0.0,2534901504.0,252359292.0,3.654,Technology,Freshworks Inc.,0.62395,0.2803910569757193,forecast_icc,0.12292687754656073,0.36376989461441417,2026-06-25
FRST,15.75,0.4,390160128.0,24772072.0,17.245,Financial Services,Primis Financial Corp.,1.57667,0.21564436438823598,forecast_icc,0.1465481848612974,1.0949206517586545,2026-06-25
FRT,124.55,4.52,10825687040.0,86389197.0,36.479,Real Estate,Federal Realty Investment Trust,4.0209,0.01,forecast_icc,0.03427028694845727,0.29110314252747876,2026-06-25
FSBC,47.69,1.0,1019428672.0,21376153.0,21.45,Financial Services,Five Star Bancorp,3.558,0.11242270938729626,forecast_icc,0.09320989132631008,0.4497798565449805,2026-06-25
FSBW,42.7,1.16,316600960.0,7414542.0,42.421,Financial Services,"FS Bancorp, Inc.",4.50667,0.13831276752014232,forecast_icc,0.12525286437547006,0.9934659900652227,2026-06-25
FSCO,4.74,0.78,958758080.0,202269645.0,,Financial Services,FS Credit Opportunities Corp.,0.76,0.04,trailing_eps_fallback_icc,0.18628635539478056,,2026-06-25
FSHP,11.0263,0.0,55412860.0,5025517.0,-0.667,Financial Services,Flag Ship Acquisition Corp.,0.2,0.01,trailing_eps_fallback_icc,0.018667889396860447,,2026-06-25
FSI,6.385,0.0,81328928.0,12737498.0,3.058,Basic Materials,Flexible Solutions Internationa,0.24,0.75,forecast_icc,0.18691409366626777,0.47893498465884116,2026-06-25
FSK,10.12,2.3,2834272256.0,280066433.0,18.831,Financial Services,FS KKR Capital Corp.,1.62444,0.01,forecast_icc,0.1643708141832686,1.8607707811620338,2026-06-25
FSLR,248.64,0.0,26717202432.0,107453363.0,91.934,Technology,"First Solar, Inc.",17.3883,0.3360501026552336,forecast_icc,0.13901609953392702,0.3697474501375968,2026-06-25
FSLY,16.215,0.0,2537647616.0,156500000.0,6.249,Technology,"Fastly, Inc.",0.32485,0.2145297829767585,forecast_icc,0.048610026788050154,0.3853838861762594,2026-06-25
FSM,8.41,0.0,2547871488.0,302957387.0,5.822,Basic Materials,Fortuna Mining Corp.,1.605,0.029595015576324046,forecast_icc,0.10955031829134321,0.6922711429604098,2026-06-25
FSS,126.97,0.6,7745456640.0,61002256.0,23.516,Industrials,Federal Signal Corporation,4.97,0.11526358148893379,forecast_icc,0.057240111885086487,0.18520909983378334,2026-06-25
FSTR,44.64,0.0,466875456.0,10458680.0,16.813,Industrials,L.B. Foster Company,1.74,0.13793103448275867,forecast_icc,0.06009872156341489,0.3766353201484208,2026-06-25
FSUN,37.615,0.0,1758001152.0,44123875.0,42.079,Financial Services,FirstSun Capital Bancorp,3.635,0.29573590096286106,forecast_icc,0.15205163787429365,1.0561361316588034,2026-06-25
FSV,136.01,1.22,6254410752.0,45981761.0,31.077,Real Estate,FirstService Corporation,6.13096,0.10012787556924208,forecast_icc,0.06101372215866896,0.22847479055321887,2026-06-25
FT,8.04,0.51,202060432.0,25131894.0,9.059,Financial Services,Franklin Universal Trust,1.3,0.04,trailing_eps_fallback_icc,0.13004355339673435,1.1267412698890003,2026-06-25
FTAI,268.4,1.5,27533271040.0,102582972.0,4.207,Industrials,FTAI Aviation Ltd.,7.372,0.5659251220835595,forecast_icc,0.13293644881650113,0.015674365845490184,2026-06-25
FTCI,4.56,0.0,72984136.0,16005294.0,-0.389,Technology,"FTC Solar, Inc.",0.0167,0.04,forecast_icc,0.010000000000000002,,2026-06-25
FTDR,74.3,0.0,5218454528.0,70234922.0,3.261,Consumer Cyclical,"frontdoor, inc.",4.54,0.1070484581497797,forecast_icc,0.0727915783723968,0.04388963809363292,2026-06-25
FTF,5.75,0.74,232330912.0,40405374.0,6.624,Financial Services,52385,0.42,0.01,trailing_eps_fallback_icc,0.07505357060564513,1.1519999429778849,2026-06-25
FTFT,0.66,0.0,3875156.0,5871449.0,8.305,Technology,Future FinTech Group Inc.,34.15,0.04,trailing_eps_fallback_icc,0.4,12.583334437374909,2026-06-25
FTHY,13.62,1.5,500848096.0,36772989.0,,Financial Services,First Trust High Yield Opportunities 2027 Term Fund,1.03,0.04,trailing_eps_fallback_icc,0.09342493095267235,,2026-06-25
FTI,67.03,0.2,26724986880.0,398701897.0,8.435,Energy,TechnipFMC plc,2.96828,0.17867923511259054,forecast_icc,0.07579645873996801,0.12583918249598033,2026-06-25
FTK,21.87,0.0,791201600.0,36177483.0,3.267,Energy,"Flotek Industries, Inc.",0.54,0.4814814814814814,forecast_icc,0.10373908126560438,0.1493827072152028,2026-06-25
FTLF,11.93,0.0,112035488.0,9391072.0,4.832,Consumer Defensive,"FitLife Brands, Inc.",0.86,0.2790697674418605,forecast_icc,0.12644628406048175,0.4050293412744362,2026-06-25
FTNT,149.93,0.0,109845962752.0,732648391.0,1.348,Technology,"Fortinet, Inc.",3.15682,0.08524084363378326,forecast_icc,0.03200871937089922,0.008990863262746708,2026-06-25
FTRE,17.71,0.0,1675095424.0,94584730.0,5.559,Healthcare,Fortrea Holdings Inc.,0.80666,0.3347383036223439,forecast_icc,0.11036332210214328,0.31389048440860645,2026-06-25
FTS,57.76,1.84,29407520768.0,509132995.0,31.535543,Utilities,Fortis Inc.,2.63873,0.07170115926980025,forecast_icc,0.06287409812285516,0.545975486448096,2026-06-25
FTV,61.73,0.24,18819069952.0,304861021.0,19.905,Technology,Fortive Corporation,2.99623,0.0746805151807437,forecast_icc,0.05609217118305507,0.32245263121305817,2026-06-25
FTW,12.13,1.35,335840192.0,27686745.0,-552.454,Energy,Presidio Production Company,1.05,0.04,forecast_icc,0.10582608985275943,,2026-06-25
FUBO,8.09,0.0,238133984.0,29435597.0,27.585,Communication Services,fuboTV Inc.,0.472,0.04,forecast_icc,0.05292833157882859,3.409765081010025,2026-06-25
FUFU,1.46,0.0,243314256.0,31653598.0,0.689,Financial Services,BitFuFu Inc.,0.08,0.01,forecast_icc,0.041021600769355904,0.08963440687996514,2026-06-25
FUL,61.95,0.98,3375488000.0,54487294.0,37.912,Basic Materials,H. B. Fuller Company,4.66851,0.12252731599589572,forecast_icc,0.09444861543944064,0.6119773763461758,2026-06-25
FULT,24.28,0.76,4640723456.0,191133586.0,18.521,Financial Services,Fulton Financial Corporation,2.19429,0.08007601547653231,forecast_icc,0.0976098152706795,0.7628088981964971,2026-06-25
FUN,22.47,0.0,2296522496.0,102203942.0,2.738,Consumer Cyclical,Six Flags Entertainment Corpora,0.00256,0.75,forecast_icc,0.010000000000000002,0.12185136164936569,2026-06-25
FUNC,43.295,1.04,279110592.0,6446717.0,31.84,Financial Services,First,4.335,0.08535178777393315,forecast_icc,0.10202693097311,0.7354198484878711,2026-06-25
FURY,0.5199,0.0,98849728.0,190132195.0,0.43340173,Basic Materials,Fury Gold Mines Limited,0.04,0.04,trailing_eps_fallback_icc,0.06428410752362723,0.8336251794410334,2026-06-25
FUSB,16.35,0.28,91024816.0,5567267.0,18.671,Financial Services,"First US Bancshares, Inc.",1.04,0.138,trailing_eps_fallback_icc,0.09046076618741894,1.1419571796442851,2026-06-25
FUTU,98.12,2.6,13755884544.0,95750481.0,37.47705,Financial Services,Futu Holdings Limited,71.13668,0.34749260156644923,forecast_icc,0.4,0.2608662171075176,2026-06-25
FVCB,17.29,0.28,311164544.0,17996792.0,14.467,Financial Services,"FVCBankcorp, Inc.",1.53,0.042483660130719025,forecast_icc,0.07692282633849212,0.8367264037126287,2026-06-25
FVN,10.93,0.0,82455920.0,7544000.0,0.074,Financial Services,Future Vision II Acquisition Co,0.27,0.01,trailing_eps_fallback_icc,0.023634812785199633,0.00677035681610247,2026-06-25
FVR,19.7,0.86,446244960.0,22652028.0,18.617,Real Estate,"FrontView REIT, Inc.",0.00877,0.01,forecast_icc,0.010000000000000002,0.945025362921746,2026-06-25
FVRR,10.1,0.0,363102368.0,35950728.0,11.695,Communication Services,Fiverr International Ltd.,2.08402,0.01,forecast_icc,0.10317284902236545,1.1579207436069379,2026-06-25
FWONA,82.96,0.0,20790249472.0,23991058.0,30.849,Communication Services,Liberty Media Corporation - Ser,1.85012,0.3305947722309903,forecast_icc,0.07168217270770338,0.03559842556188447,2026-06-25
FWONK,90.45,0.0,22667286528.0,224233462.0,30.849,Communication Services,Liberty Media Corporation - Ser,1.77814,0.1959407020819508,forecast_icc,0.04516039903088698,0.30517009879824997,2026-06-25
FWRG,12.2,0.0,752067584.0,61644885.0,10.185,Consumer Cyclical,"First Watch Restaurant Group, I",0.18099,0.46781590143101814,forecast_icc,0.07499705817275004,0.8348360800044801,2026-06-25
FXNC,29.86,0.68,269963296.0,9040967.0,20.856,Financial Services,First National Corporation,2.355,0.06794055201698512,forecast_icc,0.08261129453160418,0.6984594222467931,2026-06-25
G,27.67,0.75,4690245120.0,169506510.0,14.603,Technology,Genpact Limited,4.07338,0.09944812416224358,forecast_icc,0.13315102629637365,0.5277556934017981,2026-06-25
GAB,5.65,0.6,1758261376.0,311196702.0,5.588,Financial Services,"Gabelli Equity Trust, Inc. (The",0.98,0.224,trailing_eps_fallback_icc,0.24880023577089289,0.9890265432162915,2026-06-25
GABC,46.81,1.2,1758385664.0,37564316.0,31.268,Financial Services,"German American Bancorp, Inc.",3.758,0.06067056945183613,forecast_icc,0.08214873278691559,0.6679769158354557,2026-06-25
GAIN,14.9,0.96,,,16.78,Financial Services,Gladstone Investment Corporatio,0.87,0.06609195402298851,forecast_icc,0.08343932729314785,,2026-06-25
GAM,62.42,0.0,1497244032.0,23986608.0,65.202,Financial Services,"General American Investors, Inc",14.56,0.75,trailing_eps_fallback_icc,0.387569738534996,1.044569075841873,2026-06-25
GAMB,2.16,0.0,76131744.0,35246174.0,3.04,Consumer Cyclical,Gambling.com Group Limited,0.50715,0.559203391501528,forecast_icc,0.32420195176622235,1.4074072565577902,2026-06-25
GAP,20.22,0.7,7278773760.0,359978933.0,10.125,Consumer Cyclical,"Gap, Inc. (The)",2.6731,0.01,forecast_icc,0.08873657258741308,0.5007418580111219,2026-06-25
GASS,8.1,0.0,301204096.0,37185686.0,19.426,Industrials,"StealthGas, Inc.",1.79,0.01,forecast_icc,0.10766707027834654,2.398271291224406,2026-06-25
GATX,181.65,2.64,6449076224.0,35502758.0,78.25,Industrials,GATX Corporation,10.04113,0.11232998676443784,forecast_icc,0.07525576989939842,0.4307734498720045,2026-06-25
GAU,1.87,0.0,488469728.0,261213764.0,0.974,Basic Materials,Galiano Gold Inc.,0.535,0.7134018691588784,forecast_icc,0.4,0.5208556263613535,2026-06-25
GAUZ,0.4532,0.0,8494389.0,18743137.0,0.953,Technology,Gauzy Ltd.,0.59,0.04,forecast_icc,0.3167151448023936,2.1028245305224424,2026-06-25
GBAB,14.28,1.51,395308832.0,27682693.0,,Financial Services,Guggenheim Taxable Municipal Ma,0.99,0.04,trailing_eps_fallback_icc,0.08620501011928294,,2026-06-25
GBCI,50.8,1.32,6611246592.0,130142654.0,32.65,Financial Services,"Glacier Bancorp, Inc.",3.165,0.15323854660347558,forecast_icc,0.0982431028999654,0.6427165579093257,2026-06-25
GBFH,29.99,0.0,433965856.0,14470352.0,11.584,Financial Services,GBank Financial Holdings Inc.,2.02,0.75,forecast_icc,0.23970931414449248,0.38626208778969007,2026-06-25
GBLI,25.03,1.4,365666464.0,10815515.0,47.923,Financial Services,"Global Indemnity Group, LLC",2.38,0.277310924369748,forecast_icc,0.18595071083116987,1.4174445194542096,2026-06-25
GBTG,9.39,0.0,4896471552.0,521455950.0,3.079,Consumer Cyclical,"Global Business Travel Group, I",0.46746,0.2116116887006374,forecast_icc,0.08766465331775575,0.32790201127466906,2026-06-25
GBX,49.9,1.36,1543835904.0,30938594.0,50.57,Industrials,"Greenbrier Companies, Inc. (The",3.11667,0.26737832365954683,forecast_icc,0.13242745267108946,1.0134268120894796,2026-06-25
GCBC,30.45,0.4,518426016.0,17025485.0,15.716,Financial Services,"Greene County Bancorp, Inc.",2.29,0.315,trailing_eps_fallback_icc,0.14808789192095506,0.516124796985497,2026-06-25
GCL,0.4328,0.0,55402168.0,128008703.0,0.27,Communication Services,GCL Global Holdings Ltd,0.01,0.04,trailing_eps_fallback_icc,0.0276427115267755,0.6238447168710077,2026-06-25
GCMG,12.25,0.48,739693760.0,60383165.0,0.429,Financial Services,GCM Grosvenor Inc.,0.862,0.2204176334106729,forecast_icc,0.13401051681827736,0.03502040869589058,2026-06-25
GCO,34.74,0.0,385856256.0,11106973.0,49.678,Consumer Cyclical,Genesco Inc.,2.25,0.27222222222222214,forecast_icc,0.11764346256919944,1.4299941911373337,2026-06-25
GCT,31.73,0.0,1155349504.0,29255162.0,13.938,Technology,GigaCloud Technology Inc,4.535,0.08710033076074963,forecast_icc,0.11452458505897678,0.35293082010619015,2026-06-25
GCTK,0.331,0.0,2071821.0,6259279.0,-0.337,Healthcare,"GlucoTrack, Inc.",6.27,0.04,trailing_eps_fallback_icc,0.4,,2026-06-25
GCV,4.65,0.48,93685808.0,20147486.0,4.141,Financial Services,Gabelli Convertible and Income ,1.01,0.01,trailing_eps_fallback_icc,0.15005878029633413,0.8905376524691978,2026-06-25
GD,344.7,6.36,93217284096.0,270430187.0,96.581,Industrials,General Dynamics Corporation,16.66725,0.09366092186773467,forecast_icc,0.06593243090685441,0.28018857386736234,2026-06-25
GDDY,79.35,0.0,10506721280.0,132409847.0,1.789,Technology,GoDaddy Inc.,7.11318,0.260742733910853,forecast_icc,0.13665205409224035,0.02254568385038572,2026-06-25
GDEV,12.6227,0.0,229108160.0,18150489.0,-4.99,Communication Services,GDEV Inc.,4.4,0.18409090909090908,forecast_icc,0.2292551580911001,,2026-06-25
GDL,8.4601,0.48,92450344.0,10927807.0,,Financial Services,"GDL Fund, The  of Beneficial In",0.7,0.04,trailing_eps_fallback_icc,0.08876325522712192,,2026-06-25
GDO,10.65,1.46,80081616.0,7519400.0,,Financial Services,Western Asset Global Corporate ,1.22,0.04,trailing_eps_fallback_icc,0.13689931624166218,,2026-06-25
GDOT,13.4,0.0,759548224.0,56682705.0,16.599,Financial Services,Green Dot Corporation,1.51,0.10596026490066213,forecast_icc,0.10581877664550043,1.2387313807938019,2026-06-25
GDRX,2.69,0.0,911036736.0,104711186.0,1.843,Healthcare,"GoodRx Holdings, Inc.",0.30879,0.15997927394021816,forecast_icc,0.12426400725901299,0.21182758957153625,2026-06-25
GDS,29.33,0.0,5877075456.0,194928821.0,21.541199,Technology,GDS Holdings Limited,3.6045,0.01,forecast_icc,0.07363925963700774,0.7144710928816733,2026-06-25
GDV,29.02,1.8,2537691648.0,87446297.0,30.764,Financial Services,Gabelli Dividend & Income Trust,4.84,0.541,trailing_eps_fallback_icc,0.3368834611093904,1.0600964396238577,2026-06-25
GDYN,5.21,0.0,435691744.0,83626054.0,6.344,Technology,"Grid Dynamics Holdings, Inc.",0.4483,0.1955610082534016,forecast_icc,0.11565897741999792,1.217658341894126,2026-06-25
GE,371.36,1.88,388007919616.0,1043337235.0,17.307,Industrials,GE Aerospace,7.56059,0.23515096044091788,forecast_icc,0.054828261335281056,0.046537806609760736,2026-06-25
GEF,74.25,2.3,4218598656.0,24776629.0,63.728,Consumer Cyclical,Greif Inc.,3.88,0.15936340206185573,forecast_icc,0.0935577234066528,0.3742866154537551,2026-06-25
GEF-B,91.23,3.44,3455558144.0,21359678.0,63.728,Consumer Cyclical,"Greif, Inc. Corporation",5.5,0.2745454545454544,forecast_icc,0.14030357560231094,0.3939188700810934,2026-06-25
GEG,2.25,1.0,70553264.0,31357008.0,1.332,Financial Services,"Great Elm Group, Inc.",1.48,0.04,forecast_icc,0.4,0.5920000335632949,2026-06-25
GEHC,64.94,0.14,29540673536.0,454891786.0,23.452,Healthcare,GE HealthCare Technologies Inc.,4.87513,0.10115422563090615,forecast_icc,0.08220408685748481,0.3611333422127698,2026-06-25
GEL,14.02,0.72,1716949760.0,122424321.0,-2.802,Energy,"Genesis Energy, L.P.",0.06,0.75,forecast_icc,0.0653499527183884,,2026-06-25
GEN,23.31,0.5,14042732544.0,602433854.0,4.366,Technology,Gen Digital Inc.,2.89561,0.13508034576479577,forecast_icc,0.13199661960418696,0.1873015952075374,2026-06-25
GENC,14.8,0.0,216934000.0,12338845.0,14.947,Industrials,"Gencor Industries, Inc.",0.8,0.19999999999999996,forecast_icc,0.0893563812813522,0.8501604922003928,2026-06-25
GENI,5.44,0.0,1454323968.0,267338957.0,2.699,Communication Services,Genius Sports Limited,0.52,0.75,forecast_icc,0.27600557739138043,0.49613969158142895,2026-06-25
GEO,29.33,0.0,3919024384.0,133618284.0,11.857,Industrials,Geo Group Inc (The) REIT,1.22,0.36338524590163934,forecast_icc,0.11111105980807781,0.4042618361488613,2026-06-25
GEOS,6.57,0.0,84986912.0,12935603.0,8.13,Energy,Geospace Technologies Corporati,0.4,0.04,forecast_icc,0.054568955096051336,1.237442918151915,2026-06-25
GERN,1.37,0.0,878883712.0,641520974.0,0.357,Healthcare,Geron Corporation,0.065,0.04,forecast_icc,0.045497549994965136,0.2605839482413801,2026-06-25
GETY,0.9891,0.0,414392576.0,418959244.0,1.286,Communication Services,"Getty Images Holdings, Inc.",0.12616,0.2358909321496514,forecast_icc,0.1557755435576914,1.3001719118249842,2026-06-25
GEV,1085.47,2.0,291687497728.0,268719995.0,51.809,Industrials,GE Vernova Inc.,30.70242,0.01,forecast_icc,0.02636161297260642,0.047729554161205216,2026-06-25
GEVO,1.4,0.0,340775840.0,243411329.0,1.888,Basic Materials,"Gevo, Inc.",0.01,0.04,forecast_icc,0.010928605938773261,1.348571510092969,2026-06-25
GF,11.65,0.28,189093920.0,16231238.0,12.702,Financial Services,"New Germany Fund, Inc. (The)",3.43,0.04,trailing_eps_fallback_icc,0.15653721696372858,1.0903004447525335,2026-06-25
GFAI,0.366,0.0,11437653.0,31250418.0,1.402,Industrials,"Guardforce AI Co., Limited",0.03,0.04,forecast_icc,0.06712332206903515,3.8306010888772373,2026-06-25
GFF,95.92,0.88,4399527424.0,45866631.0,2.048,Industrials,Griffon Corporation,5.20064,0.10633306669948306,forecast_icc,0.07059955829664244,0.021351125072109563,2026-06-25
GFI,32.82,2.32,29354817536.0,894418540.0,4.714,Basic Materials,Gold Fields Limited,5.4819,0.030578813914883485,forecast_icc,0.13044442625303432,0.1436319265956687,2026-06-25
GFL,37.78,0.06,13637494784.0,349158325.0,14.282092,Industrials,GFL Environmental Inc. Subordin,0.91744,0.3808314440181373,forecast_icc,0.08578029002702581,0.3656618315312934,2026-06-25
GFR,5.65,0.0,708673856.0,125429000.0,6.1576195,Energy,Greenfire Resources Ltd.,0.5981365,0.04,forecast_icc,0.07955811559196857,1.0898441500648501,2026-06-25
GFS,86.12,0.48,47254118400.0,548700833.0,21.321,Technology,GlobalFoundries Inc.,1.9119,0.320942517914117,forecast_icc,0.07355856316265463,0.24757313979204407,2026-06-25
GGAL,49.42,2.16,8374388736.0,132503208.0,3.63599,Financial Services,Grupo Financiero Galicia S.A.,3.60599,0.75,forecast_icc,0.3095359453713328,0.05753020960023416,2026-06-25
GGB,4.14,0.13,8146293248.0,1250654550.0,5.1573877,Basic Materials,Gerdau S.A.,2.79481,0.05537764642319165,forecast_icc,0.2519164651699589,0.791784704620424,2026-06-25
GGG,75.94,1.18,12603623424.0,165968177.0,16.53,Industrials,Graco Inc.,3.1,0.09061612903225802,forecast_icc,0.05720099449026328,0.21767184511288049,2026-06-25
GGN,4.8,0.36,749878912.0,156224761.0,5.503,Financial Services,"GAMCO Global Gold, Natural Reso",2.01,0.75,trailing_eps_fallback_icc,0.4,1.1464582428249428,2026-06-25
GGT,4.05,0.96,169329024.0,41809633.0,3.794,Financial Services,"Gabelli Multi-Media Trust, Inc.",1.25,0.049,trailing_eps_fallback_icc,0.29139947367553287,0.9367900661968027,2026-06-25
GGZ,16.12,0.79,124246856.0,7640349.0,,Financial Services,Gabelli Global Small and Mid Ca,2.97,0.04,trailing_eps_fallback_icc,0.1320669677613423,,2026-06-25
GHC,1137.67,7.52,4900040192.0,3343083.0,1098.83,Consumer Defensive,Graham Holdings Company,69.0,0.01,forecast_icc,0.0458735635601072,0.7496836248175003,2026-06-25
GHG,1.13,0.06,114013984.0,66134416.0,2.3008437,Consumer Cyclical,GreenTree Hospitality Group Ltd,0.49,0.04,forecast_icc,0.20409987121152862,1.334616588845621,2026-06-25
GHM,122.83,0.0,1436022784.0,11691140.0,12.672,Industrials,Graham Corporation,1.3675,0.6471663619744059,forecast_icc,0.0876496237087184,0.10316697459864259,2026-06-25
GIB,62.24,0.48,13034304512.0,185297286.0,33.602425,Technology,CGI Inc.,8.90459,0.08845325837573648,forecast_icc,0.11827602866976206,0.4776962322605087,2026-06-25
GIC,34.34,1.08,1313886208.0,38261099.0,8.361,Industrials,Global Industrial Company,1.905,0.16272965879265078,forecast_icc,0.09788283877636939,0.2434769820941754,2026-06-25
GIII,33.38,0.4,1408321280.0,42190573.0,43.235,Consumer Cyclical,"G-III Apparel Group, LTD.",2.22333,0.11094619332262878,forecast_icc,0.08287269285678234,1.2952367116507677,2026-06-25
GIL,53.48,1.0,9903477760.0,185180953.0,18.403,Consumer Cyclical,"Gildan Activewear, Inc.",4.30243,0.2504189492914468,forecast_icc,0.1380075898164016,0.3441099339691958,2026-06-25
GILD,123.84,3.28,153756008448.0,1241569874.0,18.933,Healthcare,"Gilead Sciences, Inc.",9.67602,0.548,forecast_icc,0.23099036631344239,0.15288275665917736,2026-06-25
GILT,11.84,0.0,893576000.0,75470948.0,7.194,Technology,Gilat Satellite Networks Ltd.,0.59333,0.2752936814251765,forecast_icc,0.10263456221278403,0.6076013678881258,2026-06-25
GIS,35.4,2.44,18892316672.0,533681218.0,10.354,Consumer Defensive,"General Mills, Inc.",3.40531,0.01,forecast_icc,0.08591760485512479,0.2924858516352102,2026-06-25
GKOS,142.57,0.0,8373694464.0,58733911.0,11.497,Healthcare,Glaukos Corporation,0.44363,0.04,forecast_icc,0.010000000000000002,0.08064108114644962,2026-06-25
GL,176.4,1.32,13696535552.0,77644761.0,78.121,Financial Services,Globe Life Inc.,15.64742,0.06404825843493689,forecast_icc,0.08145885287080484,0.4428628211164884,2026-06-25
GLAD,18.74,1.85,423394080.0,22593069.0,21.361,Financial Services,Gladstone Capital Corporation,1.8975,0.022397891963109373,forecast_icc,0.11084377548585878,1.1398613483424238,2026-06-25
GLBE,34.33,0.0,5766320640.0,167967391.0,5.416,Consumer Cyclical,Global-E Online Ltd.,1.5,0.2786666666666666,forecast_icc,0.09556350365103303,0.15776288667430052,2026-06-25
GLBS,2.95,0.0,63667788.0,21582301.0,8.205,Industrials,Globus Maritime Limited,0.29,0.01,forecast_icc,0.06311829016569426,2.7813559300191177,2026-06-25
GLIBA,20.42,0.0,814859968.0,3650938.0,42.902,Communication Services,Liberty Capital Corporation - S,3.36,0.1785714285714286,forecast_icc,0.15718376736030593,0.1922201951587343,2026-06-25
GLNG,50.05,1.0,5094077440.0,101779765.0,18.769,Energy,Golar LNG Limited,1.015,0.057467980295566434,forecast_icc,0.03142877372323834,0.3750049801529911,2026-06-25
GLO,5.98,0.64,255742016.0,42766222.0,6.591,Financial Services,Clough Global Opportunities Fun,1.12,0.75,trailing_eps_fallback_icc,0.4,1.1021738766695264,2026-06-25
GLOB,27.73,0.0,1197369088.0,43179556.0,49.266,Technology,Globant S.A.,6.23129,0.06268525457810492,forecast_icc,0.13675544651940907,1.7766318065294833,2026-06-25
GLOO,4.21,0.0,345685856.0,20793009.0,1.515,Technology,"Gloo Holdings, Inc.",0.3,0.04,forecast_icc,0.060967949128491614,0.09112727086814913,2026-06-25
GLP,46.18,3.06,1568799616.0,33971410.0,18.706,Energy,Global Partners LP,4.71,0.01,forecast_icc,0.08765765103832493,0.40506715387926256,2026-06-25
GLPI,45.06,3.28,12761976832.0,283221841.0,16.365,Real Estate,"Gaming and Leisure Properties, ",3.19976,0.039865489911743435,forecast_icc,0.08808151975534273,0.36318240418233344,2026-06-25
GLQ,8.41,0.87,157587584.0,18738121.0,8.946,Financial Services,Clough Global Equity Fund Cloug,1.86,0.75,trailing_eps_fallback_icc,0.4,1.063733742285179,2026-06-25
GLRE,16.08,0.0,533316480.0,33166448.0,22.003,Financial Services,"Greenlight Reinsurance, Ltd.",1.6,0.221,forecast_icc,0.13273809140059745,1.3683457809966795,2026-06-25
GLU,19.025,1.32,113966520.0,5990356.0,18.39,Financial Services,6968,5.01,0.75,trailing_eps_fallback_icc,0.4,0.9666228892485267,2026-06-25
GLV,6.47,0.68,80290656.0,12409683.0,6.896,Financial Services,25219,1.02,0.75,trailing_eps_fallback_icc,0.4,1.0658422565136345,2026-06-25
GLW,228.01,1.12,196234018816.0,860637825.0,13.023,Technology,Corning Incorporated,3.19288,0.3163069078700109,forecast_icc,0.05364893797986704,0.057115919363014876,2026-06-25
GLXY,28.26,0.0,11018576896.0,191491823.0,9.443,Financial Services,Galaxy Digital Inc.,0.09357,0.04,forecast_icc,0.010000000000000002,0.1641098756814448,2026-06-25
GM,78.53,0.72,70807764992.0,901665195.0,69.467,Consumer Cyclical,General Motors Company,12.75508,0.10417418001298318,forecast_icc,0.1336381316947749,0.8845919103383892,2026-06-25
GMAB,26.14,0.0,16048283648.0,613935890.0,9.2565,Healthcare,Genmab A/S,1.04126,0.75,forecast_icc,0.19177024533729092,0.3541124827073471,2026-06-25
GME,21.01,0.0,9427003392.0,448691257.0,13.02,Consumer Cyclical,GameStop Corporation,1.09,0.11009174311926584,forecast_icc,0.06606506388103137,0.6197048970086972,2026-06-25
GMED,84.65,0.0,11490782208.0,113314529.0,34.882,Healthcare,"Globus Medical, Inc.",4.74308,0.08481830371825905,forecast_icc,0.06322442565675376,0.3439833188924365,2026-06-25
GMHS,1.01,0.0,57892404.0,49520156.0,0.659,Communication Services,Gamehaus Holdings Inc.,0.09,0.215,trailing_eps_fallback_icc,0.1234195810335722,0.5636971441711075,2026-06-25
GMRS,14.65,0.0,791271552.0,54011711.0,9.624,Healthcare,GMR Solutions Inc.,1.62946,0.09479213972727174,forecast_icc,0.10135744201956609,0.6569283393926438,2026-06-25
GNE,14.15,0.3,373612352.0,24829375.0,9.546,Utilities,Genie Energy Ltd.,0.64,0.421875,forecast_icc,0.14906400031905276,0.6344041156058994,2026-06-25
GNK,23.45,1.15,1021881920.0,43577051.0,20.317,Industrials,Genco Shipping & Trading Limite,2.18731,0.01,forecast_icc,0.0764241928632946,0.8663965257032828,2026-06-25
GNRC,295.16,0.0,17375680512.0,58868681.0,45.523,Industrials,Generac Holdlings Inc.,9.002,0.24146411908464782,forecast_icc,0.0699049577792116,0.1542315976235993,2026-06-25
GNSS,1.64,0.0,74688896.0,45542009.0,0.067,Technology,Genasys Inc.,0.06,0.75,forecast_icc,0.18467987663573926,0.04085365785832475,2026-06-25
GNT,8.13,0.72,131591848.0,16185959.0,,Financial Services,"GAMCO Natural Resources, Gold &",2.89,0.04,trailing_eps_fallback_icc,0.20289397771139572,,2026-06-25
GNTX,25.77,0.48,5487769088.0,212951848.0,11.75,Consumer Cyclical,Gentex Corporation,1.99325,0.1119478239056817,forecast_icc,0.09394104256340871,0.45595654151547277,2026-06-25
GNW,9.4,0.0,3600286720.0,383009256.0,22.884,Financial Services,Genworth Financial Inc,0.41,0.01,forecast_icc,0.03523939393968707,2.4344682787664205,2026-06-25
GO,9.53,0.0,942733056.0,98922672.0,8.159,Consumer Defensive,Grocery Outlet Holding Corp.,0.50685,0.24287264476669623,forecast_icc,0.09855402158275506,0.8561385173789854,2026-06-25
GOF,10.61,2.19,2249777408.0,212043120.0,,Financial Services,Guggenheim Strategic Opportunit,1.73,0.04,trailing_eps_fallback_icc,0.18917550347218925,,2026-06-25
GOGO,3.14,0.0,424648992.0,135238523.0,0.874,Communication Services,Gogo Inc.,0.32333,0.75,forecast_icc,0.2842126719354693,0.2783439295247403,2026-06-25
GOLD,41.45,0.8,1202231296.0,29004374.0,29.757,Financial Services,"Gold.com, Inc.",5.31,0.01,forecast_icc,0.0817483253640815,0.7179010894073415,2026-06-25
GOLF,113.2,1.02,6628318720.0,58554053.0,14.093,Consumer Cyclical,Acushnet Holdings Corp.,3.9625,0.04416403785488976,forecast_icc,0.0392766155282428,0.12449646792618325,2026-06-25
GOOD,12.1,1.2,590790848.0,48406993.0,3.377,Real Estate,Gladstone Commercial Corporatio,0.22667,0.01,forecast_icc,0.0215365803005821,0.27669760950833144,2026-06-25
GOOG,342.19,0.88,4175598452736.0,5499638298.0,39.514,Communication Services,Alphabet Inc.,14.21976,0.02346804728068541,forecast_icc,0.037972056841685836,0.05204348793758678,2026-06-25
GOOGL,343.71,0.88,4194146189312.0,5867155790.0,39.514,Communication Services,Alphabet Inc.,14.22039,0.02032996282099142,forecast_icc,0.03713403587328984,0.0552758018966644,2026-06-25
GOOS,9.28,0.0,901481792.0,46138366.0,4.418108,Consumer Cyclical,Canada Goose Holdings Inc. Subo,0.76022,0.11326984294020148,forecast_icc,0.08945184187059574,0.22612135457476662,2026-06-25
GORO,1.36,0.0,220170096.0,161889776.0,2.348,Basic Materials,Gold Resource Corporation,0.05,,forecast_icc,0.010000000000000002,1.7264705832167142,2026-06-25
GOTU,1.74,0.0,414909536.0,128495832.0,0.76110995,Consumer Defensive,Gaotu Techedu Inc.,0.155,0.75,forecast_icc,0.26839196559220857,0.23571272237215682,2026-06-25
GPAT,10.88,0.0,391000000.0,35937500.0,-0.419,Financial Services,GP-Act III Acquisition Corp.,0.31,0.01,trailing_eps_fallback_icc,0.026240837136326814,,2026-06-25
GPC,112.99,4.25,15719407616.0,137624545.0,32.519,Consumer Cyclical,Genuine Parts Company,7.70672,0.08973726825419903,forecast_icc,0.08906096538776109,0.28470618538447345,2026-06-25
GPGI,14.48,0.01,4197193472.0,289861445.0,10.751,Industrials,"GPGI, Inc.",0.95188,0.3436147413539523,forecast_icc,0.1370494954027105,0.7424724201979793,2026-06-25
GPI,300.82,2.2,3579214592.0,11898193.0,241.216,Consumer Cyclical,"Group 1 Automotive, Inc.",42.29966,0.12283597551375092,forecast_icc,0.1294012835829389,0.8018615394290391,2026-06-25
GPK,10.91,0.44,3228131328.0,295887387.0,10.974,Consumer Cyclical,Graphic Packaging Holding Compa,0.84814,0.3814582498172472,forecast_icc,0.1933025496890105,1.0058661978134986,2026-06-25
GPN,68.16,1.0,18644727808.0,273543507.0,87.025,Industrials,Global Payments Inc.,13.83611,0.1684895537835418,forecast_icc,0.17860305811778543,1.2767750723859215,2026-06-25
GPOR,159.34,0.0,2863282432.0,17969641.0,100.083,Energy,Gulfport Energy Corporation,25.88271,0.176792924697607,forecast_icc,0.15553254457116583,0.6281097387053014,2026-06-25
GPRE,14.89,0.0,1042749376.0,70030174.0,11.211,Basic Materials,"Green Plains, Inc.",1.8225,0.01,forecast_icc,0.07343709896391315,0.7529213622986622,2026-06-25
GPRK,9.12,0.09,589909632.0,64683076.0,4.523,Energy,Geopark Ltd,1.095,0.75,forecast_icc,0.31364801879209214,0.4959430002119375,2026-06-25
GPRO,0.7701,0.0,133225072.0,146738559.0,-0.011,Technology,"GoPro, Inc.",0.05,0.01,forecast_icc,0.046679914896192054,,2026-06-25
GPUS,0.1878,0.0,65315460.0,322910003.0,0.246,Industrials,"Hyperscale Data, Inc.",0.06,0.04,trailing_eps_fallback_icc,0.15371701856747128,1.2161877255093971,2026-06-25
GRAB,3.46,0.0,14151399424.0,3964000000.0,1.593,Technology,Grab Holdings Limited,0.09333,0.46973106182363655,forecast_icc,0.10668699557091588,0.44622102809780745,2026-06-25
GRAF,11.3,0.0,324875008.0,28749999.0,-0.383,Financial Services,Graf Global Corp.,0.27,0.01,trailing_eps_fallback_icc,0.023055783009038655,,2026-06-25
GRBK,79.93,0.0,3448544000.0,43144552.0,43.312,Consumer Cyclical,"Green Brick Partners, Inc.",5.75,0.08434782608695657,forecast_icc,0.07450893456178587,0.5418741463713381,2026-06-25
GRC,90.85,0.76,2399370752.0,26410243.0,16.121,Industrials,Gorman-Rupp Company (The),2.63333,0.13797738984479735,forecast_icc,0.05193254357102793,0.17744632714560984,2026-06-25
GRDN,38.88,0.0,2461906176.0,49781181.0,3.488,Healthcare,"Guardian Pharmacy Services, Inc",1.26,0.07803968253968252,forecast_icc,0.041502131682790946,0.07052939751348185,2026-06-25
GREE,1.69,0.0,30453368.0,15286349.0,-3.093,Financial Services,Greenidge Generation Holdings I,0.45,0.04,trailing_eps_fallback_icc,0.1388910750914315,,2026-06-25
GRF,10.19,0.85,40432248.0,3967836.0,11.955,Financial Services,"Eagle Capital Growth Fund, Inc.",1.27,0.01,trailing_eps_fallback_icc,0.10590036221924726,1.1732090528332733,2026-06-25
GRFS,7.37,0.27,5015869952.0,258223442.0,4.670848,Healthcare,"Grifols, S.A.",1.06184,0.360280268213667,forecast_icc,0.2331206178476254,0.24046126776829482,2026-06-25
GRI,1.96,0.0,3470842.0,1770838.0,6.653,Healthcare,"GRI Bio, Inc.",38.89,0.04,trailing_eps_fallback_icc,0.4,3.394388224528803,2026-06-25
GRMN,235.41,4.2,45400281088.0,192856206.0,48.061,Technology,Garmin Ltd.,9.57996,0.07766107582912674,forecast_icc,0.05474911548721986,0.20415869449354365,2026-06-25
GRND,13.56,0.0,2409964544.0,177725977.0,0.005,Technology,Grindr Inc.,0.6,0.28333333333333344,forecast_icc,0.09729233666988224,0.00036873151815133094,2026-06-25
GRNT,4.41,0.44,581661312.0,131895990.0,4.157,Energy,"Granite Ridge Resources, Inc.",0.485,0.5154639175257731,forecast_icc,0.3316254847003829,0.9426303918078016,2026-06-25
GROW,3.15,0.09,39073220.0,10335647.0,3.691,Financial Services,"U.S. Global Investors, Inc.",0.25,0.04,trailing_eps_fallback_icc,0.07522024007518543,0.9763432109511323,2026-06-25
GROY,2.68,0.0,618568640.0,230809201.0,3.128,Basic Materials,Gold Royalty Corp.,0.058,0.75,forecast_icc,0.14472134719669916,1.1671642143513774,2026-06-25
GRPN,22.88,0.0,869073408.0,37983980.0,-1.611,Communication Services,"Groupon, Inc.",2.07,0.04,forecast_icc,0.07173573176721681,,2026-06-25
GRRR,16.9,0.0,469101312.0,27757474.0,6.738,Technology,Gorilla Technology Group Inc.,1.61,0.6086956521739129,forecast_icc,0.2374859395754182,0.3986982236621841,2026-06-25
GRVY,66.82,0.0,464325504.0,6948900.0,62.710125,Communication Services,"GRAVITY Co., Ltd.",7.0,0.334,trailing_eps_fallback_icc,0.1693823331311134,0.938493328190088,2026-06-25
GRX,9.27,0.68,139519840.0,14771703.0,,Financial Services,The Gabelli Healthcare & Wellne,0.15,0.04,trailing_eps_fallback_icc,0.023733394864322258,,2026-06-25
GS,1065.09,18.0,314209435648.0,295007421.0,356.271,Financial Services,"Goldman Sachs Group, Inc. (The)",59.75055,0.10359569911908761,forecast_icc,0.07457385722219664,0.3344985126571262,2026-06-25
GSAT,79.95,0.0,10296674304.0,128788931.0,2.666,Communication Services,"Globalstar, Inc.",0.49288,0.01,forecast_icc,0.010000000000000002,0.033345843513047375,2026-06-25
GSBC,76.88,1.72,837469440.0,10893203.0,58.271,Financial Services,"Great Southern Bancorp, Inc.",5.695,0.01,forecast_icc,0.05748540777578659,0.7579474565818187,2026-06-25
GSBD,9.27,0.99,1043515264.0,112569067.0,12.17,Financial Services,"Goldman Sachs BDC, Inc.",1.134,0.01,forecast_icc,0.11675558159174682,1.3128370927116597,2026-06-25
GSHD,43.97,0.0,1565598336.0,23670665.0,-5.123,Financial Services,"Goosehead Insurance, Inc.",2.19805,0.26096767589454295,forecast_icc,0.09920499504533276,,2026-06-25
GSHR,10.4,0.0,212722720.0,14940625.0,-0.228,Financial Services,Gesher Acquisition Corp. II,0.24,0.75,trailing_eps_fallback_icc,0.14927006090805073,,2026-06-25
GSK,51.89,1.8,103952285696.0,2003320175.0,11.723707,Healthcare,GSK plc,4.84133,0.08050267178647186,forecast_icc,0.10107084912570252,0.22593383687177993,2026-06-25
GSL,38.09,2.5,1372589568.0,36035434.0,52.211,Industrials,Global Ship Lease Inc New,9.88,0.01,forecast_icc,0.14463217901607817,1.3707273379000355,2026-06-25
GSM,3.42,0.06,639062976.0,186860517.0,3.561,Basic Materials,Ferroglobe PLC,0.5,0.04,forecast_icc,0.10396798954605313,1.0412280573691066,2026-06-25
GSRF,10.16,0.0,298759872.0,23655500.0,-0.264,Financial Services,GSR IV Acquisition Corp.,0.14,0.04,trailing_eps_fallback_icc,0.01877433226587507,,2026-06-25
GT,6.44,0.0,1851104768.0,287438631.0,10.453,Consumer Cyclical,The Goodyear Tire & Rubber Comp,0.76645,0.04,forecast_icc,0.08578500609500614,1.6231366596766283,2026-06-25
GTE,6.03,0.0,213220128.0,35359890.0,3.081,Energy,Gran Tierra Energy Inc.,0.067,0.01,forecast_icc,0.01252202533275788,0.5109452944798908,2026-06-25
GTEC,0.5401,0.0,14336534.0,20532482.0,3.174,Consumer Cyclical,Greenland Technologies Holding ,0.59,,forecast_icc,0.010000000000000002,4.545735940639488,2026-06-25
GTEN,10.43,0.0,470132256.0,36105000.0,-0.626,Financial Services,"Gores Holdings X, Inc.",0.17,0.04,trailing_eps_fallback_icc,0.021374259314511,,2026-06-25
GTERA,10.32,0.0,305061088.0,17893817.0,-0.022,Financial Services,Globa Terra Acquisition Corpora,0.41,0.04,trailing_eps_fallback_icc,0.03982760012483866,,2026-06-25
GTES,29.02,0.0,7371078144.0,253999928.0,13.263,Industrials,Gates Industrial Corporation pl,1.63234,0.1427643750689196,forecast_icc,0.07769993265554087,0.457029620260664,2026-06-25
GTIM,1.36,0.0,14358739.0,10557896.0,3.165,Consumer Cyclical,Good Times Restaurants Inc.,0.02,0.04,forecast_icc,0.019750647237716905,2.327205811039535,2026-06-25
GTLB,27.49,0.0,4643060736.0,167800000.0,5.834,Technology,GitLab Inc.,0.81241,0.26690956536724064,forecast_icc,0.0732441428223517,0.21084048985397547,2026-06-25
GTLS,208.84,0.0,9996977152.0,47869076.0,65.955,Industrials,"Chart Industries, Inc.",7.05,0.44452482269503535,forecast_icc,0.11528000591328669,0.31581595712143523,2026-06-25
GTM,2.61,0.0,769214080.0,294718034.0,4.977,Technology,ZoomInfo Technologies Inc.,1.10577,0.01,forecast_icc,0.1582127573217088,1.9068965238103808,2026-06-25
GTN,3.58,0.32,367803680.0,92869148.0,21.622,Communication Services,"Gray Media, Inc.",2.72,0.01,forecast_icc,0.25742312899647335,5.459479682356631,2026-06-25
GTX,35.01,0.32,6553468928.0,187188503.0,-4.16,Consumer Cyclical,Garrett Motion Inc.,1.99107,0.11745945647315281,forecast_icc,0.07569289157561399,,2026-06-25
GTY,33.9,1.94,2049832320.0,60467028.0,18.017,Real Estate,Getty Realty Corporation,1.83245,0.07306611367295157,forecast_icc,0.08032827456110356,0.5314749078968567,2026-06-25
GUG,15.8,1.43,521085344.0,32980083.0,,Financial Services,Guggenheim Active Allocation Fund,1.28,0.04,trailing_eps_fallback_icc,0.09955539901495636,,2026-06-25
GUT,6.46,0.6,578813440.0,89599606.0,3.044,Financial Services,Gabelli Utility Trust (The),0.54,0.01,trailing_eps_fallback_icc,0.08585923742023904,0.47120744235655615,2026-06-25
GVA,156.65,0.52,6852920320.0,43746699.0,23.593,Industrials,Granite Construction Incorporat,6.67136,0.13534721556024554,forecast_icc,0.06454996544131919,0.15060964104526461,2026-06-25
GVH,3.85,0.0,8804253.0,2286819.0,6.577,Industrials,Globavend Holdings Limited - Or,1.61,0.01,trailing_eps_fallback_icc,0.157046996110633,1.7083117174165712,2026-06-25
GWRE,110.1,0.0,9166526464.0,83256364.0,15.82,Technology,"Guidewire Software, Inc.",3.47741,0.183317469035863,forecast_icc,0.060453812126929685,0.14368754442075213,2026-06-25
GWRS,7.03,0.3,202208352.0,28763634.0,2.928,Utilities,"Global Water Resources, Inc.",0.08,0.375,forecast_icc,0.05956402053822274,0.4165007009799476,2026-06-25
GWW,1374.78,9.27,64907653120.0,47213119.0,83.215,Industrials,"W.W. Grainger, Inc.",45.57959,0.10554175673804878,forecast_icc,0.04973178274581165,0.0605296834615394,2026-06-25
GXO,50.95,0.0,5861725696.0,115048589.0,25.803,Industrials,"GXO Logistics, Inc.",3.0572,0.14895983252649492,forecast_icc,0.08247396865786324,0.5064376765348728,2026-06-25
GYRE,6.23,0.0,694575552.0,111488849.0,1.109,Healthcare,"Gyre Therapeutics, Inc.",0.06,0.04,forecast_icc,0.01406598267124547,0.17800962499325054,2026-06-25
GYRO,6.125,0.0,13470762.0,2199308.0,34.537,Real Estate,"Gyrodyne , LLC",0.13,0.04,trailing_eps_fallback_icc,0.02600666306990662,5.638693668257223,2026-06-25
H,197.01,0.6,18550777856.0,41030133.0,34.289,Consumer Cyclical,Hyatt Hotels Corporation,3.60007,0.3567069529203599,forecast_icc,0.06929803995309822,0.07583952766605756,2026-06-25
HAE,77.62,0.0,3527517440.0,45445983.0,17.597,Healthcare,Haemonetics Corporation,5.21935,0.10344966327224636,forecast_icc,0.07646444232797076,0.22670701887472455,2026-06-25
HAFC,32.47,1.12,966516224.0,29766435.0,27.143,Financial Services,Hanmi Financial Corporation,3.165,0.08214849921011047,forecast_icc,0.10405962508324051,0.8359407996911183,2026-06-25
HAFN,7.27,0.73,3633410048.0,499781305.0,5.097,Industrials,Hafnia Limited,0.78,0.01,forecast_icc,0.10643242334051373,0.7011004202476957,2026-06-25
HAIN,0.5844,0.0,52744132.0,90253483.0,2.369,Consumer Defensive,"The Hain Celestial Group, Inc.",0.09,0.04,forecast_icc,0.10075424973243863,4.053730588020674,2026-06-25
HAL,34.67,0.68,28963237888.0,835397735.0,12.91,Energy,Halliburton Company,2.37123,0.23256284712997033,forecast_icc,0.12284777688579884,0.3723680619050682,2026-06-25
HALO,72.635,0.0,8615455744.0,118613000.0,1.853,Healthcare,"Halozyme Therapeutics, Inc.",8.14108,0.21515450038569828,forecast_icc,0.13956185256322218,0.02551111578201382,2026-06-25
HAPN,19.67,0.0,2268952832.0,115350925.0,13.191,Financial Services,"Happen, Inc. Common Stock",1.74517,0.3176595976323222,forecast_icc,0.15166336945726544,0.6706151094087619,2026-06-25
HAS,84.88,2.8,12009729024.0,141490692.0,4.579,Consumer Cyclical,"Hasbro, Inc.",5.98236,0.07218388729531489,forecast_icc,0.0827126709198559,0.0539467524515564,2026-06-25
HASI,39.18,1.69,5007245824.0,127801066.0,19.208,Financial Services,HA Sustainable Infrastructure C,2.99794,0.1105192231999308,forecast_icc,0.10492854343535635,0.4902501219257095,2026-06-25
HAVA,10.13,0.0,209622000.0,15859856.0,-0.187,Financial Services,Harvard Ave Acquisition Corpora,0.09,0.04,trailing_eps_fallback_icc,0.01315256430888155,,2026-06-25
HAWK,19.66,0.0,1925892992.0,97959969.0,-25.55,Industrials,"HawkEye 360, Inc.",0.005,0.75,forecast_icc,0.010000000000000002,,2026-06-25
HAYW,16.18,0.0,3510461184.0,216962992.0,7.405,Industrials,"Hayward Holdings, Inc.",0.85709,0.11525044044382726,forecast_icc,0.06822731462087778,0.45766378591013074,2026-06-25
HBAN,17.9,0.62,36285636608.0,2027130587.0,14.629,Financial Services,Huntington Bancshares Incorpora,1.45579,0.29816113587811444,forecast_icc,0.16497979047526046,0.8172625900873652,2026-06-25
HBB,19.82,0.49,268476352.0,9960258.0,13.658,Consumer Cyclical,Hamilton Beach Brands Holding C,1.6,0.75,forecast_icc,0.29137349678186364,0.506700879800393,2026-06-25
HBCP,67.59,1.22,530083392.0,7842631.0,56.73,Financial Services,"Home Bancorp, Inc.",5.95,0.05210084033613449,forecast_icc,0.08083005646116737,0.8393254030301708,2026-06-25
HBIO,5.96,0.0,26880684.0,4510182.0,2.227,Healthcare,"Harvard Bioscience, Inc.",0.44,0.04,forecast_icc,0.06248180176503204,0.37365772812923953,2026-06-25
HBM,23.53,0.03,10536170496.0,447776036.0,8.896,Basic Materials,Hudbay Minerals Inc.,1.57,0.13121019108280252,forecast_icc,0.08395880150302448,0.3780705349982978,2026-06-25
HBNC,19.78,0.64,1015302784.0,51329764.0,13.621,Financial Services,"Horizon Bancorp, Inc.",2.1,0.05714285714285716,forecast_icc,0.09838688655329025,0.6886248382866642,2026-06-25
HBT,31.62,0.92,1150369792.0,36381078.0,20.544,Financial Services,"HBT Financial, Inc.",2.938,0.04697072838665761,forecast_icc,0.08587211021316177,0.6497153103547421,2026-06-25
HCA,386.94,3.12,85838692352.0,221839800.0,-28.324,Healthcare,"HCA Healthcare, Inc.",30.19201,0.09612311336674839,forecast_icc,0.08508381483075211,,2026-06-25
HCAT,1.77,0.0,130792408.0,73894020.0,1.873,Healthcare,"Health Catalyst, Inc",0.04202,0.75,forecast_icc,0.15130642251891657,1.058192150266092,2026-06-25
HCC,84.86,0.32,4480774656.0,52801964.0,41.753,Basic Materials,"Warrior Met Coal, Inc.",6.90726,0.07568992625150917,forecast_icc,0.07943692875306962,0.4920221551288832,2026-06-25
HCI,173.17,1.6,2210481664.0,12764808.0,84.414,Financial Services,"HCI Group, Inc.",18.27,0.011494252873563315,forecast_icc,0.06980126094363176,0.4874632167552782,2026-06-25
HCKT,10.48,0.48,263979536.0,25188887.0,2.621,Technology,"The Hackett Group, Inc.",1.5,0.1100000000000001,forecast_icc,0.1448771709802491,0.25009541961995113,2026-06-25
HCM,10.29,0.0,1769369344.0,171950364.0,7.2,Healthcare,HUTCHMED (China) Limited,0.38412,0.2847026970738309,forecast_icc,0.08831390755253532,0.6997084158817662,2026-06-25
HCSG,23.63,0.0,1622086400.0,68645212.0,7.502,Healthcare,"Healthcare Services Group, Inc.",1.08248,0.06795506614440905,forecast_icc,0.0510995478874902,0.317477774564906,2026-06-25
HCTI,1.92,0.0,3893343.0,2027783.0,14.798,Healthcare,"Healthcare Triangle, Inc.",402.84,0.04,trailing_eps_fallback_icc,0.4,7.707292379325428,2026-06-25
HD,345.0,9.32,344005246976.0,997116682.0,13.916,Consumer Cyclical,"Home Depot, Inc. (The)",14.95534,0.07601030802375597,forecast_icc,0.06010529414576256,0.040336232858913544,2026-06-25
HDB,25.37,0.42,130242985984.0,5133739975.0,2.399831,Financial Services,HDFC Bank Limited,1.27328,0.1569175672279468,forecast_icc,0.0832175133744576,0.09459325770876995,2026-06-25
HDL,12.0,0.0,706039168.0,58836600.0,9.68,Consumer Cyclical,SUPER HI INTERNATIONAL HOLDING ,0.66,0.3787878787878787,forecast_icc,0.1327155086676589,0.8066667032274334,2026-06-25
HDSN,5.57,0.0,234323152.0,42068788.0,5.652,Basic Materials,"Hudson Technologies, Inc.",0.345,0.2028985507246377,forecast_icc,0.09761547149248229,1.014721711220409,2026-06-25
HE,13.27,0.0,2290874624.0,172635624.0,9.485,Utilities,"Hawaiian Electric Industries, I",0.97267,0.1562708832389197,forecast_icc,0.09517191648734624,0.7147701914742585,2026-06-25
HEI,342.45,0.25,47826321408.0,55170957.0,32.298,Industrials,Heico Corporation,6.06655,0.1288755552991403,forecast_icc,0.03377122628488592,0.037257968347277834,2026-06-25
HEI-A,257.47,0.25,35958075392.0,84488320.0,34.218,Industrials,Heico Corporation,4.31,0.482,forecast_icc,0.08395632695331467,0.08039977952777747,2026-06-25
HELE,27.83,0.0,648218048.0,23292061.0,34.588,Consumer Defensive,Helen of Troy Limited,3.51858,0.15467887613753262,forecast_icc,0.12927770782539488,1.2428314952872155,2026-06-25
HEPS,2.9,0.0,1035953152.0,317225200.0,2.668,Consumer Cyclical,D-Market Electronic Services & ,4.31,0.04,forecast_icc,0.33794482013189586,0.8169836946449099,2026-06-25
HEQ,11.28,1.0,136417520.0,12058852.0,,Financial Services,John Hancock Hedged Equity & In,1.56,0.04,trailing_eps_fallback_icc,0.13299329509917274,,2026-06-25
HERE,1.98,0.0,107681544.0,37764932.0,2.2091143,Consumer Cyclical,Here Group Limited,0.19489066,0.04,forecast_icc,0.07585789741962656,0.7747571981297705,2026-06-25
HESM,37.88,3.04,7827302912.0,128350881.0,4.036,Energy,Hess Midstream LP,2.63593,0.11297340976429582,forecast_icc,0.11597421281530351,0.06618169266476447,2026-06-25
HFBL,20.062,0.54,61267120.0,3053889.0,19.228,Financial Services,"Home Federal Bancorp, Inc. of L",1.93,0.75,trailing_eps_fallback_icc,0.3116362697996832,0.9584288879908179,2026-06-25
HFFG,1.8,0.0,96255744.0,53475417.0,3.829,Consumer Defensive,HF Foods Group Inc.,0.03,0.75,forecast_icc,0.1271406892272846,2.1272223680801847,2026-06-25
HFWA,29.29,0.96,1207299200.0,41218817.0,27.047,Financial Services,Heritage Financial Corporation,2.38833,0.1702737896354356,forecast_icc,0.12282692367903597,0.9234209244891407,2026-06-25
HG,32.22,0.0,3198028544.0,66532272.0,27.424,Financial Services,"Hamilton Insurance Group, Ltd.",4.55057,0.0330573972051853,forecast_icc,0.09253236229693537,0.5705330650507164,2026-06-25
HGBL,1.25,0.0,43426940.0,34734754.0,1.951,Financial Services,Heritage Global Inc.,0.135,0.2222222222222221,forecast_icc,0.13897830607962935,1.5604945928495078,2026-06-25
HGLB,7.38,1.04,174097472.0,23590445.0,,Financial Services,Highland Global Allocation Fund,0.4,0.04,trailing_eps_fallback_icc,0.06857165636779683,,2026-06-25
HGTY,11.11,0.0,3814667264.0,101802246.0,2.163,Financial Services,"Hagerty, Inc.",0.57008,0.04,forecast_icc,0.048211266968241406,0.057724106156274185,2026-06-25
HGV,53.98,0.0,4238264320.0,78515453.0,14.841,Consumer Cyclical,Hilton Grand Vacations Inc.,5.48022,0.07523420592603958,forecast_icc,0.08962452063537285,0.274935150333663,2026-06-25
HHH,69.96,0.0,4171336192.0,59624589.0,63.973,Real Estate,Howard Hughes Holdings Inc.,3.01008,0.5198798703024505,forecast_icc,0.14758146949888495,0.9144225390924808,2026-06-25
HHS,2.4,0.0,17806728.0,7419470.0,2.709,Industrials,"Harte Hanks, Inc.",1.07,0.04,forecast_icc,0.1839851348296596,1.12875,2026-06-25
HIFS,301.65,2.52,662800448.0,2197250.0,220.063,Financial Services,Hingham Institution for Savings,22.81,0.01,trailing_eps_fallback_icc,0.05440795794964892,0.7295309292699814,2026-06-25
HIG,130.37,2.4,35738431488.0,274130820.0,67.497,Financial Services,"The Hartford Insurance Group, I",12.8469,0.10252045240486041,forecast_icc,0.10453003346746181,0.5177341922169363,2026-06-25
HII,279.09,5.52,10997270528.0,39404029.0,130.708,Industrials,"Huntington Ingalls Industries, ",17.39514,0.154348283486077,forecast_icc,0.0953168000058956,0.46833637577784243,2026-06-25
HIMS,32.71,0.0,7570980864.0,223080072.0,1.934,Healthcare,"Hims & Hers Health, Inc.",0.89,0.04,forecast_icc,0.030998419891408127,0.05698559631810476,2026-06-25
HIMX,15.09,0.25,2632087040.0,174425914.0,5.239,Technology,"Himax Technologies, Inc.",0.4,0.75,forecast_icc,0.187508725093965,0.34718356557312025,2026-06-25
HIO,3.62,0.43,344259136.0,95099215.0,3.908,Financial Services,Western Asset High Income Oppor,0.3,0.639,trailing_eps_fallback_icc,0.33715260636264144,1.0795580809800207,2026-06-25
HIPO,25.87,0.0,673549184.0,26035917.0,17.234,Financial Services,Hippo Holdings Inc.,1.89,0.41798941798941813,forecast_icc,0.1633191878842672,0.6661770279540566,2026-06-25
HIT,0.9699,0.0,63569292.0,53842109.0,0.33,Technology,"Health In Tech, Inc.",0.14333,0.04,forecast_icc,0.09823697948427712,0.27950438664630717,2026-06-25
HITI,2.2,0.0,193313472.0,87869756.0,0.7122188,Healthcare,High Tide Inc.,0.057,0.75,forecast_icc,0.15770370784760152,0.3237358034447429,2026-06-25
HIVE,3.79,0.0,1013562752.0,267430821.0,2.041,Financial Services,HIVE Digital Technologies Ltd,0.09,0.75,forecast_icc,0.15132645594043737,0.5385224591017725,2026-06-25
HIW,29.22,2.0,3281895424.0,110272697.0,21.243,Real Estate,"Highwoods Properties, Inc.",0.76,0.01,forecast_icc,0.028566612116004093,0.7137713423896714,2026-06-25
HIX,3.93,0.59,353973984.0,90069708.0,4.37,Financial Services,Western Asset High Income Fund ,0.43,0.229,trailing_eps_fallback_icc,0.22093257607527061,1.111959188390523,2026-06-25
HKD,1.56,0.0,490275776.0,197023250.0,0.846,Technology,AMTD Digital Inc.,0.18,0.75,trailing_eps_fallback_icc,0.29712260191936857,0.33997533155707044,2026-06-25
HKIT,0.2229,0.0,2052568.0,1016474.0,4.322,Technology,Hitek Global Inc.,3.0,0.04,trailing_eps_fallback_icc,0.4,2.140343524794307,2026-06-25
HL,15.15,0.02,10161292288.0,670712403.0,3.833,Basic Materials,Hecla Mining Company,0.85914,0.37710966780734223,forecast_icc,0.13546476396405438,0.2530033157037555,2026-06-25
HLF,11.97,0.0,1240922880.0,103669416.0,-4.27,Consumer Defensive,Herbalife Ltd.,2.63946,0.19462693126624364,forecast_icc,0.18813403970273457,,2026-06-25
HLI,136.33,2.8,9414865920.0,54276657.0,33.71,Financial Services,"Houlihan Lokey, Inc.",8.21295,0.14970747417188712,forecast_icc,0.0925879962836843,0.1943379887740345,2026-06-25
HLIO,92.88,0.48,3069345536.0,33046358.0,28.29,Industrials,"Helios Technologies, Inc.",2.93412,0.14527354027783468,forecast_icc,0.055291268078732095,0.30458658266229166,2026-06-25
HLIT,14.85,0.0,1611172096.0,108496436.0,3.274,Technology,Harmonic Inc.,0.38333,0.75,forecast_icc,0.15742964980034635,0.22047137754302318,2026-06-25
HLLY,2.36,0.0,284072832.0,120369848.0,3.836,Consumer Cyclical,Holley Inc.,0.31833,0.2251437187823957,forecast_icc,0.15679758539697464,1.6254237819123794,2026-06-25
HLMN,8.32,0.0,1632463872.0,196209606.0,6.193,Industrials,Hillman Solutions Corp.,0.58271,0.20128365739390097,forecast_icc,0.10440118292913414,0.7443509843003742,2026-06-25
HLN,9.27,0.19,40855552000.0,4407286868.0,4.8679385,Healthcare,Haleon plc,0.55187,0.09569282620907105,forecast_icc,0.07663641900755758,0.525128174140974,2026-06-25
HLNE,76.22,2.4,4232787456.0,43697364.0,20.945,Financial Services,Hamilton Lane Incorporated,6.10099,0.21258680968170718,forecast_icc,0.1344448528486214,0.21622661154002437,2026-06-25
HLP,0.509,0.0,38042024.0,74738750.0,0.787,Basic Materials,Hongli Group Inc.,0.03,0.75,trailing_eps_fallback_icc,0.22681918877089935,1.5461689485817054,2026-06-25
HLT,340.55,0.6,77525647360.0,227648372.0,-25.862,Consumer Cyclical,Hilton Worldwide Holdings Inc.,9.03125,0.15344055363321796,forecast_icc,0.049117378290544494,,2026-06-25
HLX,8.74,0.0,1288122624.0,147382447.0,10.57,Energy,"Helix Energy Solutions Group, I",0.30333,0.75,forecast_icc,0.18037365197166777,1.2093821160849356,2026-06-25
HMC,26.14,1.33,33917349888.0,1297526814.0,56.358578,Consumer Cyclical,"Honda Motor Company, Ltd.",0.18814,0.75,forecast_icc,0.09365689409101374,2.1560282980653165,2026-06-25
HMH,19.52,0.0,872315008.0,12110772.0,,Energy,HMH Holding Inc.,1.38925,0.5978549577109951,forecast_icc,0.20695291089494805,,2026-06-25
HMN,50.67,1.44,2046113920.0,40381172.0,36.403,Financial Services,Horace Mann Educators Corporati,4.53667,0.11829381462614652,forecast_icc,0.1089356849962807,0.7184330207362061,2026-06-25
HMR,1.22,0.0,71970240.0,58991997.0,0.242,Industrials,Heidmar Maritime Holdings Corp.,0.24,0.01,forecast_icc,0.10013037467815841,0.1983606456502021,2026-06-25
HMY,15.12,0.41,9546543104.0,624834993.0,5.0600476,Basic Materials,Harmony Gold Mining Company Lim,2.85131,0.1643770758002463,forecast_icc,0.17750377629508118,0.3311874017937359,2026-06-25
HNGE,75.14,0.0,5814342656.0,54655926.0,1.445,Healthcare,"Hinge Health, Inc.",2.58515,0.30231901437053943,forecast_icc,0.08761206478072514,0.013583274626668307,2026-06-25
HNI,39.1,1.4,2814922752.0,71992908.0,24.636,Consumer Cyclical,HNI Corporation,4.0225,0.201988812927284,forecast_icc,0.1504614566186221,0.6300767153300553,2026-06-25
HNNA,9.89,0.6,78154680.0,7902394.0,12.657,Financial Services,"Hennessy Advisors, Inc.",1.25,0.01,forecast_icc,0.09647357499624803,1.279777498391651,2026-06-25
HNRG,18.15,0.0,855416576.0,47130392.0,4.362,Utilities,Hallador Energy Company,0.19333,0.75,forecast_icc,0.10032942225189598,0.24033058941331528,2026-06-25
HNST,3.56,0.0,391879872.0,110078615.0,1.499,Consumer Defensive,"The Honest Company, Inc.",0.09349,0.34634720290940213,forecast_icc,0.08224238795735672,0.4210674129366869,2026-06-25
HNVR,23.3,0.4,166750192.0,7156661.0,27.443,Financial Services,"Hanover Bancorp, Inc.",2.4,0.1937500000000001,forecast_icc,0.136534632001733,1.1778112244872259,2026-06-25
HOFT,17.15,0.58,184219296.0,10741650.0,15.861,Consumer Cyclical,Hooker Furnishings Corporation,0.77,0.7402597402597404,forecast_icc,0.2524429634139319,0.9248396576762513,2026-06-25
HOG,25.46,0.74,2680130816.0,105268302.0,29.108,Consumer Cyclical,"Harley-Davidson, Inc.",0.38521,0.75,forecast_icc,0.14918286983878992,1.143283647321788,2026-06-25
HOMB,28.71,0.84,5782579200.0,201413423.0,22.147,Financial Services,"Home BancShares, Inc.",2.47042,0.04475757158701765,forecast_icc,0.08119815165694433,0.7714037153491992,2026-06-25
HON,231.24,4.76,146525945856.0,633653119.0,21.447,Industrials,Honeywell International Inc.,10.5202,0.08801543696887881,forecast_icc,0.0627494001310599,0.09274779537371955,2026-06-25
HONAV,221.01,0.0,70034243584.0,316882673.0,,Industrials,Honeywell Aerospace Inc. Common Stock When Issued,4.75,0.04,trailing_eps_fallback_icc,0.02624366284339024,,2026-06-25
HOOD,93.47,0.0,84170211328.0,791184698.0,10.34,Financial Services,"Robinhood Markets, Inc.",1.86552,0.37695655902911795,forecast_icc,0.07436090706708642,0.09719412186623042,2026-06-25
HOPE,13.55,0.56,1732216832.0,127838883.0,17.864,Financial Services,"Hope Bancorp, Inc.",1.1475,0.3943355119825709,forecast_icc,0.20480171539899217,1.3183764086134917,2026-06-25
HOUR,1.81,0.0,63697316.0,35191890.0,0.222,Consumer Cyclical,"Hour Loop, Inc.",0.05,0.257,forecast_icc,0.06836118312272277,0.12265194313681914,2026-06-25
HOV,141.88,0.0,831359680.0,5071686.0,117.852,Consumer Cyclical,"Hovnanian Enterprises, Inc.",1.26,0.01,forecast_icc,0.010337933925943597,0.7189527623855898,2026-06-25
HP,34.01,1.0,3398651392.0,99930952.0,25.309,Energy,"Helmerich & Payne, Inc.",1.3824,0.04,forecast_icc,0.048577873315894915,0.744163543846041,2026-06-25
HPAI,0.5226,0.0,19674276.0,37646910.0,0.467,Technology,Helport AI Limited,0.05,0.01,trailing_eps_fallback_icc,0.061923643556658914,0.8936088408030873,2026-06-25
HPE,46.72,0.57,61866790912.0,1324203521.0,19.113,Technology,Hewlett Packard Enterprise Comp,3.41323,0.1714417135675006,forecast_icc,0.10515140013425309,0.4090967306332975,2026-06-25
HPI,16.0,1.48,428674400.0,26792150.0,16.096,Financial Services,John Hancock Preferred Income F,1.29,0.01,trailing_eps_fallback_icc,0.08282140744914634,1.006,2026-06-25
HPQ,22.92,1.2,20960860160.0,914522690.0,-0.157,Technology,HP Inc.,3.01598,0.01,forecast_icc,0.09526653644566607,,2026-06-25
HQH,21.22,2.32,1213619200.0,57192236.0,19.88,Financial Services,Tekla Healthcare Investors,4.47,0.04,trailing_eps_fallback_icc,0.17224174405166048,0.9368520633819899,2026-06-25
HQI,12.52,0.24,174532368.0,13940285.0,4.83,Industrials,"HireQuest, Inc.",0.555,0.054054054054053946,forecast_icc,0.05227352346294213,0.38578274804590973,2026-06-25
HQL,19.03,2.04,578665152.0,30408047.0,17.354,Financial Services,TeklaLife Sciences Investors,6.64,0.04,trailing_eps_fallback_icc,0.21111232737354513,0.9119285061734631,2026-06-25
HQY,83.43,0.0,6974928384.0,83602157.0,24.395,Healthcare,"HealthEquity, Inc.",4.73232,0.16028713189302501,forecast_icc,0.08237588813557034,0.292400797217275,2026-06-25
HRB,35.78,1.68,4535480320.0,126760207.0,-0.192,Consumer Cyclical,"H&R Block, Inc.",5.16,0.12839147286821695,forecast_icc,0.15351190478559984,,2026-06-25
HRI,153.0,2.8,5109136896.0,33393051.0,56.826,Industrials,Herc Holdings Inc.,6.13113,0.6172287979540478,forecast_icc,0.187412878402471,0.37141175794519166,2026-06-25
HRL,26.02,1.17,14319195136.0,550314959.0,14.445,Consumer Defensive,Hormel Foods Corporation,1.49366,0.04488303897808077,forecast_icc,0.06893047124532392,0.5551498884717063,2026-06-25
HRMY,34.13,0.0,1975877120.0,57892676.0,15.732,Healthcare,"Harmony Biosciences Holdings, I",4.39312,0.2705002367338021,forecast_icc,0.16729672289640318,0.4609434309518195,2026-06-25
HROW,41.5,0.0,1546916992.0,37275107.0,0.77,Healthcare,"Harrow, Inc.",0.44333,0.75,forecast_icc,0.10048965680225319,0.018554216249762417,2026-06-25
HRTG,24.33,0.0,736554816.0,30273525.0,17.212,Financial Services,"Heritage Insurance Holdings, In",4.31667,0.09652347758804813,forecast_icc,0.13313795416185747,0.7074394206391287,2026-06-25
HRZN,4.41,0.72,301031488.0,68261111.0,6.976,Financial Services,Horizon Technology Finance Corp,0.67057,0.13855376769017402,forecast_icc,0.23345589132127753,1.5818594709135545,2026-06-25
HSAI,15.02,0.0,2360275968.0,130143350.0,8.413651,Consumer Cyclical,Hesai Group,3.92887,0.5637371559761459,forecast_icc,0.33982956724460334,0.46392063543259787,2026-06-25
HSBC,95.06,3.75,326021742592.0,3429641901.0,12.71625,Financial Services,"HSBC Holdings, plc.",8.5184,0.11036579639368882,forecast_icc,0.11185158524337468,0.133770783128933,2026-06-25
HSDT,1.49,0.0,86996144.0,58386675.0,3.601,Financial Services,Solana Company,379.14,0.04,trailing_eps_fallback_icc,0.4,2.4167785721054487,2026-06-25
HSHP,13.71,1.14,646357952.0,47145000.0,3.333,Industrials,Himalaya Shipping Ltd.,0.63,0.04,trailing_eps_fallback_icc,0.05875565010001382,0.24310722025432743,2026-06-25
HSIC,83.69,0.0,9533693952.0,113916757.0,28.543,Healthcare,"Henry Schein, Inc.",5.34785,0.10614920014585305,forecast_icc,0.07469805600347545,0.34105625913960536,2026-06-25
HST,24.98,0.8,17330280448.0,684879281.0,9.968,Real Estate,"Host Hotels & Resorts, Inc.",1.278,0.01,forecast_icc,0.0466913667498645,0.3939276512859811,2026-06-25
HSTM,25.7,0.13,750830336.0,29215188.0,12.011,Healthcare,"HealthStream, Inc.",0.785,0.10191082802547768,forecast_icc,0.04565976097837632,0.4673540828643343,2026-06-25
HSY,176.68,5.81,35838365696.0,148229858.0,23.338,Consumer Defensive,The Hershey Company,8.43735,0.17789353292206678,forecast_icc,0.0953678363496977,0.09652751621958337,2026-06-25
HTB,48.97,0.6,822958016.0,16805350.0,35.716,Financial Services,"HomeTrust Bancshares, Inc.",3.642,0.02471169686985175,forecast_icc,0.061088943785928676,0.729344473145031,2026-06-25
HTCR,3.02,0.0,4353526.0,1441565.0,6.364,Technology,"Heartcore Enterprises, Inc.",1.8,,forecast_icc,0.010000000000000002,2.1072849134241993,2026-06-25
HTD,25.35,1.9,898196736.0,35431824.0,25.97,Financial Services,John Hancock Tax Advantaged Div,2.98,0.01,trailing_eps_fallback_icc,0.09880281387026135,1.0244575964257345,2026-06-25
HTGC,15.24,1.88,2851687424.0,187118590.0,12.075,Financial Services,"Hercules Capital, Inc.",1.93715,0.027204914436156136,forecast_icc,0.14036677639639306,0.7923228034160591,2026-06-25
HTH,39.41,0.76,2306674944.0,58530197.0,36.631,Financial Services,Hilltop Holdings Inc.,2.38,0.01,forecast_icc,0.04892132827278067,0.9294849505709114,2026-06-25
HTHT,41.39,2.11,12728410112.0,307523819.0,5.2585096,Consumer Cyclical,H World Group Limited,18.68751,0.1574682769400524,forecast_icc,0.27253166848684696,0.12704783552783142,2026-06-25
HTLD,15.28,0.08,1184042496.0,77489696.0,9.669,Industrials,"Heartland Express, Inc.",0.02273,0.75,forecast_icc,0.02974955450213533,0.632787989582428,2026-06-25
HTLM,1.83,0.0,164128144.0,89687500.0,0.31,Consumer Cyclical,HOMESTOLIFE LTD,0.19,0.362,trailing_eps_fallback_icc,0.17668384102117984,0.16939888749366472,2026-06-25
HTO,59.82,1.76,2502883584.0,41840247.0,43.836,Utilities,H2O America,2.7445,0.01,forecast_icc,0.042454492295744606,0.7327983927086238,2026-06-25
HTT,2.4,0.0,372680416.0,91792332.0,10.965025,Financial Services,High Templar Tech Limited,0.63,0.04,trailing_eps_fallback_icc,0.13777802828966268,2.7007193616213523,2026-06-25
HTZ,2.68,0.0,846248896.0,315764523.0,-2.495,Industrials,"Hertz Global Holdings, Inc",0.2125,0.04,forecast_icc,0.06562347299981297,,2026-06-25
HUBB,536.04,5.68,28325304320.0,52841777.0,71.319,Industrials,Hubbell Inc,20.0185,0.12153757774059004,forecast_icc,0.05897222896707521,0.1330479154358826,2026-06-25
HUBG,43.9,0.5,2684639232.0,60578607.0,27.825,Industrials,"Hub Group, Inc.",1.82799,0.09491299186538216,forecast_icc,0.057489122528878514,0.6278682512284018,2026-06-25
HUBS,170.28,0.0,8716753920.0,51190708.0,38.434,Technology,"HubSpot, Inc.",13.1155,0.19048530364835492,forecast_icc,0.10730090304545159,0.22571059012665118,2026-06-25
HUIZ,1.1459,0.0,11580553.0,8600164.0,6.014211,Financial Services,Huize Holding Limited,3.4,0.2941176470588236,forecast_icc,0.4,4.466384371333908,2026-06-25
HUM,376.0,3.54,45143126016.0,120061500.0,154.754,Healthcare,Humana Inc.,8.84446,0.75,forecast_icc,0.16654452930761765,0.4115797688537281,2026-06-25
HUN,11.33,0.51,1987115264.0,175385274.0,15.466,Basic Materials,Huntsman Corporation,0.21323,0.04,forecast_icc,0.026941686979795057,1.3650484684133553,2026-06-25
HURN,92.21,0.0,1494892800.0,16211829.0,25.845,Industrials,Huron Consulting Group Inc.,8.836,0.15640561339972825,forecast_icc,0.11128425842422474,0.2802841250590009,2026-06-25
HUT,117.68,0.0,13250074624.0,112594112.0,12.26,Financial Services,Hut 8 Corp.,0.59,0.01,forecast_icc,0.010000000000000002,0.10418083311166111,2026-06-25
HUYA,2.19,0.0,503242752.0,79404675.0,3.0129385,Communication Services,HUYA Inc.,0.99789,0.3029692651494653,forecast_icc,0.3123084968098503,0.47539959877551796,2026-06-25
HVII,10.43,0.0,271423360.0,19690000.0,-0.388,Financial Services,Hennessy Capital Investment Cor,0.12,0.01,trailing_eps_fallback_icc,0.01289483686658166,,2026-06-25
HVT,25.14,1.32,404637152.0,14885377.0,19.05,Consumer Cyclical,"Haverty Furniture Companies, In",1.615,0.6006191950464397,forecast_icc,0.26399250550063214,0.7007918834155892,2026-06-25
HVT-A,28.09,1.24,452118464.0,1209976.0,19.05,Consumer Cyclical,"Haverty Furniture Companies, In",1.22,0.13,trailing_eps_fallback_icc,0.08313509490896148,0.05098230803509056,2026-06-25
HWBK,39.2,0.82,270346144.0,6896585.0,25.456,Financial Services,"Hawthorn Bancshares, Inc.",3.49,0.078,trailing_eps_fallback_icc,0.09157251156331048,0.6493877262773164,2026-06-25
HWC,74.26,1.9,6026790912.0,81157968.0,54.461,Financial Services,Hancock Whitney Corporation,6.38155,0.13782231589504113,forecast_icc,0.11151108461622161,0.7333826840495508,2026-06-25
HWKN,165.51,0.76,3460218112.0,20906400.0,21.147,Basic Materials,"Hawkins, Inc.",4.815,0.12045690550363419,forecast_icc,0.04737548439125311,0.12776872049388313,2026-06-25
HWM,273.14,0.48,109285367808.0,400107483.0,13.771,Industrials,Howmet Aerospace Inc.,5.0458,0.19331919616314575,forecast_icc,0.04345600631812707,0.050417363814642915,2026-06-25
HXHX,0.4108,0.0,5648500.0,8950000.0,2.009,Industrials,Haoxin Holdings Limited,0.3,0.01,trailing_eps_fallback_icc,0.21359492392091683,3.1832433389395414,2026-06-25
HXL,96.21,0.7,7256849408.0,75427184.0,16.793,Industrials,Hexcel Corporation,2.28972,0.38714340618066845,forecast_icc,0.09060482475354159,0.1745452647144142,2026-06-25
HY,36.41,1.45,652318016.0,14471276.0,24.027,Industrials,"Hyster-Yale, Inc.",2.07,0.04,forecast_icc,0.06476572936546032,0.533024291716021,2026-06-25
HYI,10.52,1.14,134803312.0,12814003.0,,Financial Services,Western Asset High Yield Define,0.75,0.04,trailing_eps_fallback_icc,0.0884651788384766,,2026-06-25
HYNE,16.53,0.0,123170704.0,7451342.0,19.894,Financial Services,"Hoyne Bancorp, Inc.",0.04,0.04,trailing_eps_fallback_icc,0.010000000000000002,1.2035085692779672,2026-06-25
HYPD,2.96,0.0,44866932.0,15157747.0,5.118,Healthcare,"Hyperion DeFi, Inc.",0.795,0.01,forecast_icc,0.12126496548377885,1.7290540201411586,2026-06-25
HYT,8.53,0.93,1390799232.0,163047980.0,9.65,Financial Services,Blackrock Corporate High Yield ,0.91,0.01,trailing_eps_fallback_icc,0.10947971156526737,1.1313013199880744,2026-06-25
HZO,37.0,0.0,815041728.0,22028154.0,42.321,Consumer Cyclical,"MarineMax, Inc.  (FL)",0.72415,0.75,forecast_icc,0.13778012226522296,1.143810768709501,2026-06-25
IAE,9.1,0.78,97828056.0,10750335.0,,Financial Services,Voya Asia Pacific High Dividend,0.11,0.04,forecast_icc,0.018481089593454784,,2026-06-25
IAF,12.24,1.46,117288240.0,9582373.0,14.981,Financial Services,61617,1.45,0.01,trailing_eps_fallback_icc,0.12151333044415569,1.223937966099585,2026-06-25
IAG,15.83,0.0,9149740032.0,578000000.0,7.472,Basic Materials,Iamgold Corporation,2.41516,0.01,forecast_icc,0.08505558391586165,0.47201515943573424,2026-06-25
IART,18.1,0.0,1408124032.0,77796903.0,13.395,Healthcare,Integra LifeSciences Holdings C,2.44976,0.06892920122787549,forecast_icc,0.10433604803340069,0.7400552025270739,2026-06-25
IBCP,35.58,1.12,733167040.0,20606157.0,24.801,Financial Services,Independent Bank Corporation,3.454,0.10828025477707004,forecast_icc,0.11179393315479647,0.6970489286547851,2026-06-25
IBEX,29.11,0.0,389757184.0,13389116.0,11.967,Technology,IBEX Limited,3.52,0.029829545454545414,forecast_icc,0.08247568386618231,0.41109582516893395,2026-06-25
IBKR,92.16,0.35,156323840000.0,445484364.0,12.537,Financial Services,"Interactive Brokers Group, Inc.",2.51267,0.1449653157796289,forecast_icc,0.04933912953252351,0.035727355926440905,2026-06-25
IBM,258.27,6.76,242744164352.0,939885280.0,35.083,Technology,International Business Machines,12.45631,0.08038897554733304,forecast_icc,0.06528811914529531,0.1358384674921571,2026-06-25
IBN,29.14,0.25,104505376768.0,3586320312.0,10.659887,Financial Services,ICICI Bank Limited,1.68952,0.13049860315355843,forecast_icc,0.07978744180085828,0.3658162905492807,2026-06-25
IBOC,77.1,1.43,4794173952.0,62181244.0,52.879,Financial Services,International Bancshares Corpor,6.52,0.012269938650306678,forecast_icc,0.06301609404941633,0.6858495403789636,2026-06-25
IBP,227.02,3.32,6116080128.0,26940710.0,24.931,Consumer Cyclical,"Installed Building Products, In",10.15663,0.10469122139922393,forecast_icc,0.06396260029217482,0.10981851561019967,2026-06-25
IBRX,7.79,0.0,8158887424.0,1047353977.0,-0.831,Healthcare,"ImmunityBio, Inc.",0.06,0.04,forecast_icc,0.011657634454422652,,2026-06-25
IBTA,31.9,0.0,742471488.0,20197545.0,10.593,Technology,"Ibotta, Inc.",1.47542,0.16366865028263144,forecast_icc,0.07315122239129879,0.288162707447966,2026-06-25
ICE,124.49,2.08,70400655360.0,565512495.0,52.081,Financial Services,Intercontinental Exchange Inc.,8.14015,0.08207588312254699,forecast_icc,0.0755423440907862,0.4183548590774795,2026-06-25
ICFI,65.11,0.56,1178763136.0,18104180.0,56.958,Industrials,"ICF International, Inc.",7.022,0.0937054970093989,forecast_icc,0.10266450755346457,0.8747965158964727,2026-06-25
ICG,0.69,0.0,41891232.0,28715807.0,2.37413,Technology,Intchains Group Limited,0.066,0.01,forecast_icc,0.06191299389966279,1.627430266861333,2026-06-25
ICHR,95.03,0.0,3313415936.0,34867053.0,19.226,Technology,Ichor Holdings,1.37857,0.75,forecast_icc,0.11838824743711196,0.20231506515516437,2026-06-25
ICL,4.98,0.19,6427777536.0,1290718361.0,4.684,Basic Materials,ICL Group Ltd.,0.41875,0.07462686567164178,forecast_icc,0.09484939426525252,0.9405622346236719,2026-06-25
ICLR,160.96,0.0,12329783296.0,76601538.0,121.411,Healthcare,ICON plc,10.61544,0.11279325209317759,forecast_icc,0.07799079054123592,0.7542930079829685,2026-06-25
ICMB,1.19,0.52,17174642.0,14432472.0,3.651,Financial Services,Investcorp Credit Management BD,0.15,0.04,forecast_icc,0.1494413234806108,3.068067169726158,2026-06-25
ICON,0.8936,1.4,3246192.0,3632713.0,30.891,Industrials,Icon Energy Corp.,927.23,0.04,trailing_eps_fallback_icc,0.4,34.56916204679205,2026-06-25
ICUI,148.83,0.0,3719795200.0,24993585.0,84.501,Healthcare,"ICU Medical, Inc.",8.1575,0.14036163040147098,forecast_icc,0.07585402757185211,0.5677686035201616,2026-06-25
IDA,149.61,3.5,8289626112.0,55408235.0,65.727,Utilities,"IDACORP, Inc.",6.38486,0.08812722596893274,forecast_icc,0.06129561509355186,0.439322233915126,2026-06-25
IDAI,1.32,0.0,7391953.0,5599964.0,1.358,Technology,T Stamp Inc.,0.08,0.04,forecast_icc,0.054391667675176,1.028787806415977,2026-06-25
IDCC,273.2,2.8,7060861952.0,25845029.0,42.673,Technology,"InterDigital, Inc.",9.615,0.16926677067082685,forecast_icc,0.06676001088369021,0.1561969246834809,2026-06-25
IDE,13.7,1.2,207641584.0,15156320.0,,Financial Services,"Voya Infrastructure, Industrial",4.14,0.04,trailing_eps_fallback_icc,0.18837643546132632,,2026-06-25
IDN,4.05,0.0,82017448.0,20251221.0,1.064,Technology,"Intellicheck, Inc.",0.195,0.15384615384615374,forecast_icc,0.0728281834306117,0.2627160399333566,2026-06-25
IDR,32.54,0.0,514452832.0,15809859.0,7.382,Basic Materials,"Idaho Strategic Resources, Inc.",1.52,0.01,forecast_icc,0.036862943587912825,0.22685924127248266,2026-06-25
IDT,55.92,0.26,1390650112.0,23294240.0,14.394,Communication Services,IDT Corporation,3.85,0.025974025974025983,forecast_icc,0.056209744184464644,0.24110830443020884,2026-06-25
IDXX,554.94,0.0,43775332352.0,78882997.0,19.638,Healthcare,"IDEXX Laboratories, Inc.",14.62513,0.12928432089150665,forecast_icc,0.04413519867364406,0.035387607857081754,2026-06-25
IESC,766.54,0.0,15272456192.0,19923887.0,53.839,Industrials,"IES Holdings, Inc.",19.69,0.12747587607922783,forecast_icc,0.0430048392738607,0.07023638756645385,2026-06-25
IEX,228.07,2.92,16880614400.0,74015052.0,54.506,Industrials,IDEX Corporation,8.49533,0.08649457996334475,forecast_icc,0.051855292441945866,0.238988008890956,2026-06-25
IFF,75.08,1.6,19168184320.0,255303473.0,55.329,Basic Materials,International Flavors & Fragran,4.49648,0.07063970038785894,forecast_icc,0.06988372352322847,0.7369339537745535,2026-06-25
IFS,55.78,1.8,6195631616.0,111072639.0,32.15983,Financial Services,Intercorp Financial Services In,20.258,0.12915885082436573,forecast_icc,0.2250878010379248,0.5765477047839007,2026-06-25
IGA,9.69,1.02,148658080.0,15341392.0,10.658,Financial Services,Voya Global Advantage and Premi,1.23,0.09,trailing_eps_fallback_icc,0.16320614884716889,1.0998968635677253,2026-06-25
IGI,16.09,0.85,96437848.0,5993650.0,,Financial Services,Western Asset Investment Grade ,1.0,0.04,trailing_eps_fallback_icc,0.07376878878266468,,2026-06-25
IGIC,25.74,0.3,1098061568.0,42659734.0,15.602,Financial Services,International General Insurance,2.85,0.10526315789473673,forecast_icc,0.10949545140396422,0.6061382979465137,2026-06-25
IGR,4.5,0.72,681299200.0,151399824.0,4.498,Financial Services,CBRE Clarion Global Real Estate,0.12,0.04,trailing_eps_fallback_icc,0.03584042657868232,0.999555567292608,2026-06-25
IH,1.38,0.0,70535752.0,22312862.0,2.8673298,Consumer Defensive,iHuman Inc.,0.19,0.01,forecast_icc,0.07948055582653735,0.9070341255578815,2026-06-25
IHD,7.78,0.66,137984992.0,17735861.0,,Financial Services,Voya Emerging Markets High Inco,2.44,0.04,trailing_eps_fallback_icc,0.19008241421084515,,2026-06-25
IHG,174.13,1.85,25796417536.0,148144598.0,-3.035726,Consumer Cyclical,Intercontinental Hotels Group,5.91613,0.1496180780341203,forecast_icc,0.06127197982132515,,2026-06-25
IHS,8.24,0.0,2774169088.0,336671000.0,-0.574,Real Estate,IHS Holding Limited,0.83568,0.019205916140149437,forecast_icc,0.0690200338780812,,2026-06-25
III,4.06,0.18,194227440.0,47839274.0,1.972,Technology,"Information Services Group, Inc",0.37,0.16216216216216206,forecast_icc,0.13393336115019128,0.48571431682361665,2026-06-25
IIIN,31.0,0.12,602430720.0,19433247.0,18.778,Industrials,"Insteel Industries, Inc.",1.635,0.4128440366972477,forecast_icc,0.14112451998475906,0.6057418721375961,2026-06-25
IIIV,20.09,0.0,561144128.0,19549833.0,15.451,Technology,"i3 Verticals, Inc.",1.134,0.11816578483245155,forecast_icc,0.07185346944811141,0.5383010435475858,2026-06-25
IIM,12.69,0.93,597719744.0,47101635.0,12.65,Financial Services,Invesco Value Municipal Income ,0.4,0.75,trailing_eps_fallback_icc,0.22627763270237705,0.9968479186626968,2026-06-25
IIPR,61.16,7.6,1773356288.0,28995362.0,63.093,Real Estate,Innovative Industrial Propertie,4.28,0.11915887850467288,forecast_icc,0.11889572803018911,1.0316056547943964,2026-06-25
ILMN,177.65,0.0,26878443520.0,151300000.0,17.605,Healthcare,"Illumina, Inc.",5.22984,0.13411308950178213,forecast_icc,0.04871470884640983,0.09909935811640332,2026-06-25
IMAX,43.36,0.0,2385489152.0,55015891.0,6.115,Communication Services,Imax Corporation,1.69027,0.1541410543877606,forecast_icc,0.06345792918099502,0.14102859079570446,2026-06-25
IMCR,30.54,0.0,1553434752.0,50865574.0,7.745,Healthcare,Immunocore Holdings plc,0.13624,0.01,forecast_icc,0.010000000000000002,0.2536018137374591,2026-06-25
IMKTA,88.28,0.66,1676823552.0,14548836.0,87.5,Consumer Defensive,"Ingles Markets, Incorporated",4.7,0.04,forecast_icc,0.05157264345666507,0.7591873029703247,2026-06-25
IMMR,6.68,0.3,221111008.0,33100452.0,8.936,Technology,Immersion Corporation,0.55,0.04,forecast_icc,0.08339763754072094,1.3377246196263555,2026-06-25
IMO,113.28,2.5,56327118848.0,483592715.0,33.708393,Energy,Imperial Oil Limited,13.60201,0.01,forecast_icc,0.079310410265029,0.28940115565196883,2026-06-25
IMOS,58.9,0.78,2048006272.0,34770906.0,22.203266,Technology,ChipMOS TECHNOLOGIES INC.,1.01,0.75,forecast_icc,0.152943497957995,0.376965483716544,2026-06-25
IMPP,4.88,0.0,220642640.0,45213658.0,12.332,Energy,Imperial Petroleum Inc.,2.44,0.01,forecast_icc,0.1736462894813181,2.5270493067704414,2026-06-25
IMXI,13.85,0.0,416808736.0,30094492.0,5.402,Technology,"International Money Express, In",0.81,0.75,forecast_icc,0.22608560186998716,0.3900360806832993,2026-06-25
INAC,10.24,0.0,151091200.0,14755000.0,-0.236,Financial Services,Indigo Acquisition Corp.,0.28,0.04,trailing_eps_fallback_icc,0.031104238969124398,,2026-06-25
INBK,27.41,0.24,238923712.0,8716662.0,41.41,Financial Services,First Internet Bancorp,2.13,0.75,forecast_icc,0.26571766673312414,1.5107624538329623,2026-06-25
INBS,2.15,0.0,5142469.0,2391846.0,4.478,Healthcare,Intelligent Bio Solutions Inc.,0.35,0.04,forecast_icc,0.10421358632279587,2.0827906571726538,2026-06-25
INCY,107.53,0.0,21482575872.0,199782155.0,28.121,Healthcare,Incyte Corporation,7.67946,0.19762457256109167,forecast_icc,0.1046160329477065,0.26151770691881954,2026-06-25
INDB,85.11,2.46,4106540800.0,48249803.0,72.923,Financial Services,Independent Bank Corp.,7.30057,0.1443531121542565,forecast_icc,0.11527813200746684,0.8568088217141299,2026-06-25
INDI,3.69,0.0,779654912.0,211288591.0,1.552,Technology,"indie Semiconductor, Inc.",0.14351,0.04,forecast_icc,0.039291306512246105,0.42059619991466174,2026-06-25
INDV,41.29,0.0,4880667136.0,118204585.0,-1.18,Healthcare,"Indivior Pharmaceuticals, Inc.",3.8248,0.03757059192637513,forecast_icc,0.07199985413099685,,2026-06-25
INFU,9.05,0.0,182644432.0,20181703.0,2.911,Healthcare,"InfuSystems Holdings, Inc.",0.425,0.2823529411764707,forecast_icc,0.10046610075772533,0.3216574236054456,2026-06-25
INFY,10.57,0.52,42797166592.0,4048927919.0,1.209,Technology,Infosys Limited,0.8274,0.07112642011119163,forecast_icc,0.09499404819483381,0.11438032570562844,2026-06-25
ING,31.02,1.27,88760762368.0,2861404153.0,20.123407,Financial Services,"ING Group, N.V.",2.77506,0.12939179693412028,forecast_icc,0.11928321483713045,0.6487235894119407,2026-06-25
INGM,27.69,0.32,6381011456.0,230444611.0,18.149,Technology,Ingram Micro Holding Corporatio,3.27822,0.12423815363215396,forecast_icc,0.12017629887550338,0.6554351569305504,2026-06-25
INGR,96.82,3.28,6105378304.0,63059061.0,69.571,Consumer Defensive,Ingredion Incorporated,10.82276,0.07242607246210753,forecast_icc,0.10804895778179058,0.7185602127155265,2026-06-25
INIO,38.24,0.0,28680001536.0,750000000.0,0.299,Industrials,INNIO N.V.,0.13,0.04,trailing_eps_fallback_icc,0.010000000000000002,0.007819037238143612,2026-06-25
INLX,6.11,0.0,27464414.0,4494994.0,2.34,Technology,"Intellinetics, Inc.",0.06,0.04,forecast_icc,0.014293959384945754,0.3829787142008564,2026-06-25
INMD,14.81,0.0,851290240.0,57480772.0,10.783,Healthcare,InMode Ltd.,1.322,0.0998487140695914,forecast_icc,0.09023190781369139,0.7280891232536625,2026-06-25
INNV,10.35,0.0,1404871808.0,135736393.0,1.688,Healthcare,InnovAge Holding Corp.,0.36,0.05555555555555558,forecast_icc,0.03932456899873864,0.16309177113475112,2026-06-25
INOD,73.18,0.0,2389719040.0,32655358.0,3.928,Technology,Innodata Inc.,1.376,0.4534883720930234,forecast_icc,0.08415757475704233,0.05367586903605204,2026-06-25
INR,12.71,0.0,238332944.0,18751607.0,9.623,Energy,"Infinity Natural Resources, Inc",3.476,0.30322209436133485,forecast_icc,0.2506677847568838,0.7571203172021405,2026-06-25
INSE,8.12,0.0,216603888.0,26675355.0,-0.596,Consumer Cyclical,"Inspired Entertainment, Inc.",0.31,0.75,forecast_icc,0.18820751932816726,,2026-06-25
INSG,9.95,0.0,161953232.0,16276707.0,-1.566,Technology,Inseego Corp.,0.28667,0.75,forecast_icc,0.16570614761460628,,2026-06-25
INSM,104.47,0.0,22644127744.0,216752451.0,3.255,Healthcare,Insmed Incorporated,0.13819,0.04,forecast_icc,0.010000000000000002,0.031157271146906668,2026-06-25
INSP,43.45,0.0,1251931520.0,28813153.0,27.51,Healthcare,"Inspire Medical Systems, Inc.",0.89884,0.43856526189310663,forecast_icc,0.08648146953083014,0.6331415308003429,2026-06-25
INSW,81.49,3.9,4034137600.0,49504696.0,44.325,Energy,"International Seaways, Inc.",14.13939,0.01,forecast_icc,0.10964465528684986,0.5439317811568947,2026-06-25
INTA,22.02,0.0,1696896256.0,77061595.0,4.161,Technology,"Intapp, Inc.",1.22953,0.2590095402308199,forecast_icc,0.1052156598784425,0.18896458499523022,2026-06-25
INTC,132.87,0.0,667804565504.0,5026000000.0,22.177,Technology,Intel Corporation,1.09238,0.41570698841062637,forecast_icc,0.04499188462914101,0.16690751719536182,2026-06-25
INTR,5.24,0.11,2313399040.0,325767698.0,4.440176,Financial Services,Inter & Co. Inc.,0.79878,0.3046646135356419,forecast_icc,0.20689669214558848,0.6252556905335485,2026-06-25
INTT,17.88,0.0,224656064.0,12564657.0,8.395,Technology,inTest Corporation,0.46667,0.3571260205284248,forecast_icc,0.08390271587128478,0.46951902226418424,2026-06-25
INTU,255.07,4.8,69771083776.0,273537000.0,75.215,Technology,Intuit Inc.,23.83308,0.1465051936216386,forecast_icc,0.11591992472950341,0.2948798318950166,2026-06-25
INUV,1.24,0.0,18377914.0,14820898.0,0.682,Technology,"Inuvo, Inc.",0.4,0.01,forecast_icc,0.13520156154746094,0.5499999856349311,2026-06-25
INVA,23.35,0.0,1723434368.0,73808749.0,18.178,Healthcare,"Innoviva, Inc.",1.91,0.15706806282722519,forecast_icc,0.10176199663165109,0.7785010350460877,2026-06-25
INVH,29.91,1.2,17767794688.0,594041956.0,15.305,Real Estate,Invitation Homes Inc.,0.61746,0.079810837949017,forecast_icc,0.035480156278061004,0.5117017782021323,2026-06-25
INVX,25.56,0.0,1757497344.0,68759676.0,15.02,Energy,"Innovex International, Inc.",1.41987,0.37505546282406144,forecast_icc,0.13251370583235234,0.587636924201235,2026-06-25
IONQ,50.56,0.0,18872528896.0,373269948.0,13.334,Technology,"IonQ, Inc.",0.32965,0.01,forecast_icc,0.010000000000000002,0.2637262612795313,2026-06-25
IOR,18.25,0.0,74207752.0,4066178.0,31.215,Financial Services,Income Opportunity Realty Inves,0.99,0.021,trailing_eps_fallback_icc,0.044599094222722235,1.7104108782327754,2026-06-25
IOSP,82.81,1.79,2039697024.0,24631047.0,54.413,Basic Materials,Innospec Inc.,4.78,0.27057112970711295,forecast_icc,0.12436914016771483,0.657082470896913,2026-06-25
IOT,28.98,0.0,16886937600.0,372784485.0,2.446,Technology,Samsara Inc.,0.70781,0.26388437575055446,forecast_icc,0.06425421929243702,0.0539962231109328,2026-06-25
IP,39.02,1.85,20661751808.0,529516974.0,27.971,Consumer Cyclical,International Paper Company,1.37971,0.75,forecast_icc,0.24085776687847293,0.716837537174331,2026-06-25
IPAR,104.36,3.2,3342210304.0,32025781.0,27.529,Consumer Defensive,"Interparfums, Inc.",4.85617,0.14905367810434988,forecast_icc,0.08477158455093531,0.26378882384924873,2026-06-25
IPCX,10.32,0.0,355764768.0,26040000.0,-0.407,Financial Services,Inflection Point Acquisition Co,0.09,0.04,trailing_eps_fallback_icc,0.012949324503431447,,2026-06-25
IPEX,10.5,0.0,125048440.0,10919375.0,-0.552,Financial Services,Inflection Point Acquisition Co,0.01,0.01,trailing_eps_fallback_icc,0.010000000000000002,,2026-06-25
IPGP,110.23,0.0,4678559744.0,42443616.0,49.85,Technology,IPG Photonics Corporation,1.61857,0.4280692215968416,forecast_icc,0.06855847254181813,0.45223623793912593,2026-06-25
IPI,33.93,0.0,455782720.0,13433030.0,37.781,Basic Materials,"Intrepid Potash, Inc",1.25116,0.01,forecast_icc,0.031468384713223885,1.1134983494547577,2026-06-25
IPM,1.65,0.0,21508952.0,9035729.0,1.34,Technology,Intelligent Protection Manageme,0.07,0.75,forecast_icc,0.1971373320667037,0.5629226779621807,2026-06-25
IPST,2.66,0.0,1919397.0,721578.0,63.041,Financial Services,"IP Strategy Holdings, Inc.",0.22,0.04,forecast_icc,0.06753354824621971,23.699629986917767,2026-06-25
IPW,2.58,0.0,1705999.0,661240.0,77.556,Consumer Cyclical,iPower Inc.,0.06,0.04,forecast_icc,0.027770760022334445,30.060468640368487,2026-06-25
IQ,0.9612,0.0,927581760.0,530582267.0,1.9938191,Communication Services,"iQIYI, Inc.",0.08262716,0.04,forecast_icc,0.06931831249846077,1.1404763479457591,2026-06-25
IQI,10.04,0.76,530953312.0,52883797.0,10.374,Financial Services,Invesco Quality Municipal Incom,0.34,0.75,trailing_eps_fallback_icc,0.2352870872891143,1.033266951497988,2026-06-25
IQV,186.43,0.0,31115165696.0,166900000.0,37.274,Healthcare,"IQVIA Holdings, Inc.",12.81164,0.10801817722009033,forecast_icc,0.07877139505759889,0.19993564105621145,2026-06-25
IR,81.7,0.08,31972218880.0,391336834.0,26.004,Industrials,Ingersoll Rand Inc.,3.50262,0.09749844402190377,forecast_icc,0.05561045546678678,0.31828641826613197,2026-06-25
IRDM,41.84,0.6,4423648768.0,105727744.0,4.43,Communication Services,Iridium Communications Inc,1.14843,0.20463589422080575,forecast_icc,0.06575159588713941,0.10587954208935965,2026-06-25
IREN,47.74,0.0,17061259264.0,357378674.0,7.814,Financial Services,IREN LIMITED,0.77,0.04,trailing_eps_fallback_icc,0.021204111529762093,0.16367824410994192,2026-06-25
IRHO,10.06,0.0,294959200.0,29320000.0,-0.347,Financial Services,Iron Horse Acquisitions II Corp,0.04,0.04,trailing_eps_fallback_icc,0.010000000000000002,,2026-06-25
IRIX,1.18,0.0,20539690.0,17406518.0,-0.073,Healthcare,IRIDEX Corporation,0.02,0.04,forecast_icc,0.022017694971733948,,2026-06-25
IRM,131.06,3.46,38993584128.0,297524681.0,-4.084,Real Estate,Iron Mountain Incorporated (Del,2.43322,0.09883611017499438,forecast_icc,0.03539806087025882,,2026-06-25
IRMD,93.87,0.8,1199943552.0,12783035.0,7.707,Healthcare,iRadimed Corporation,2.075,0.13493975903614452,forecast_icc,0.04238309639915594,0.08210290440812336,2026-06-25
IRS,15.39,2.4,1302172416.0,84611592.0,17.515026,Real Estate,IRSA Inversiones Y Representaci,0.1275,0.75,forecast_icc,0.10271067829201941,1.1380783493584554,2026-06-25
IRT,16.76,0.69,4050159872.0,235714682.0,14.423,Real Estate,"Independence Realty Trust, Inc.",0.13892,0.22372588540167015,forecast_icc,0.029693253095781857,0.8394021386635279,2026-06-25
IRTC,115.99,0.0,3811710720.0,32862408.0,4.907,Healthcare,"iRhythm Holdings, Inc.",0.11678,0.75,forecast_icc,0.021058491387672046,0.042305370974217056,2026-06-25
IRWD,3.84,0.0,632115456.0,164613406.0,-1.319,Healthcare,"Ironwood Pharmaceuticals, Inc.",1.09,0.3211009174311925,forecast_icc,0.2616094389089444,,2026-06-25
ISBA,39.85,1.12,292134848.0,7330862.0,31.904,Financial Services,Isabella Bank Corporation,3.55,0.11267605633802824,forecast_icc,0.10659520077689899,0.8006022658686717,2026-06-25
ISRG,399.69,0.0,141555351552.0,354162842.0,49.307,Healthcare,"Intuitive Surgical, Inc.",10.41917,0.13116495843718834,forecast_icc,0.044099298704472045,0.12336310184697692,2026-06-25
ISSC,16.99,0.0,303997792.0,17892747.0,4.045,Industrials,Innovative Solutions and Suppor,0.92,0.024456521739130377,forecast_icc,0.045626925608558966,0.23808120821811757,2026-06-25
ISTR,29.46,0.48,406359008.0,13793585.0,27.966,Financial Services,Investar Holding Corporation,3.11667,0.04491973805375604,forecast_icc,0.08703953296208777,0.9492871832928581,2026-06-25
IT,126.63,0.0,8478117376.0,66951889.0,0.934,Technology,"Gartner, Inc.",13.71049,0.1174626143923374,forecast_icc,0.1070395355250392,0.007375819601533199,2026-06-25
ITGR,93.12,0.0,3161874688.0,33954839.0,49.989,Healthcare,Integer Holdings Corporation,6.08245,0.11922662742809242,forecast_icc,0.0791995602014888,0.5368234399715084,2026-06-25
ITIC,265.09,1.84,500488864.0,1887996.0,144.539,Financial Services,Investors Title Company,20.11,0.75,trailing_eps_fallback_icc,0.26086465771773615,0.5452450063784037,2026-06-25
ITRG,2.34,0.0,473268864.0,202251661.0,1.271,Basic Materials,Integra Resources Corp.,0.50333,0.28808137802237077,forecast_icc,0.21984518282460697,0.5431624192606932,2026-06-25
ITRI,82.95,0.0,3677948672.0,44339347.0,36.262,Technology,"Itron, Inc.",5.97137,0.09808301947459297,forecast_icc,0.07838287083140794,0.43715493181140297,2026-06-25
ITRN,62.12,2.0,1228742400.0,19780142.0,10.473,Technology,Ituran Location and Control Ltd,3.56,0.030898876404494402,forecast_icc,0.05910751686086557,0.1685930486048174,2026-06-25
ITT,200.08,1.54,17975152640.0,89402646.0,52.998,Industrials,ITT Inc.,7.92714,0.16908115663404444,forecast_icc,0.07071909995024572,0.2635950596694349,2026-06-25
ITUB,8.03,0.17,88505630720.0,5404129565.0,3.6624882,Financial Services,Itau Unibanco Banco Holding SA,0.89614,0.11353136786662787,forecast_icc,0.11721165919020538,0.2236305261266391,2026-06-25
ITW,270.6,6.44,77851623424.0,287700000.0,11.223,Industrials,Illinois Tool Works Inc.,11.3274,0.07190440877871351,forecast_icc,0.05646565339748155,0.04147449928455329,2026-06-25
IVDA,0.3799,0.0,4404571.0,11594027.0,0.813,Industrials,"Iveda Solutions, Inc.",1.84,0.04,forecast_icc,0.4,2.140036782469848,2026-06-25
IVF,1.24,0.0,2214683.0,1786035.0,10.093,Healthcare,"INVO Fertility, Inc.",248.92,0.04,trailing_eps_fallback_icc,0.4,8.139517599132697,2026-06-25
IVR,7.83,1.44,768905984.0,98200000.0,8.14,Real Estate,INVESCO MORTGAGE CAPITAL INC,2.08239,0.01,forecast_icc,0.21211970526734814,1.0395913370860175,2026-06-25
IVT,35.88,1.0,2796338688.0,77935857.0,22.815,Real Estate,InvenTrust Properties Corp.,1.4,0.01,trailing_eps_fallback_icc,0.03771165141803412,0.6358695336460618,2026-06-25
IVZ,25.87,0.86,11468084224.0,443296629.0,21.982,Financial Services,Invesco Ltd,2.59018,0.1510281138762557,forecast_icc,0.12954424998017278,0.8497100569147337,2026-06-25
IX,38.48,0.99,42208321536.0,1096889820.0,25.248537,Financial Services,ORIX Corporation,3.13703,0.01,forecast_icc,0.06243531196183369,0.6561469918099455,2026-06-25
IZM,0.32,0.0,3845795.0,8188610.0,1.287,Technology,ICZOOM Group Inc.,0.1,0.04,trailing_eps_fallback_icc,0.15185535767870173,2.7403283508351324,2026-06-25
J,124.39,1.44,14688080896.0,118080879.0,27.86,Industrials,Jacobs Solutions Inc.,7.2492,0.1358522319704243,forecast_icc,0.08278131505898079,0.22397298273567462,2026-06-25
JACK,12.82,1.76,244523744.0,19073616.0,-48.386,Consumer Cyclical,Jack In The Box Inc.,3.40819,0.07353169864356146,forecast_icc,0.2269842576760427,,2026-06-25
JACS,10.635,0.0,314689664.0,23840000.0,0.002,Financial Services,Jackson Acquisition Company II,0.3,0.01,trailing_eps_fallback_icc,0.026051409082887285,0.0001515143503410395,2026-06-25
JAKK,23.22,1.0,265739216.0,11444411.0,21.144,Consumer Cyclical,"JAKKS Pacific, Inc.",2.215,0.4762979683972912,forecast_icc,0.24303360360315585,0.9105943406711939,2026-06-25
JAN,28.92,0.57,6137488896.0,212222996.0,11.563,Real Estate,"Janus Living, Inc.",0.38,0.01,forecast_icc,0.015736474382155224,0.39982711892925926,2026-06-25
JAZZ,226.2,0.0,14209347584.0,62817628.0,72.285,Healthcare,Jazz Pharmaceuticals plc,25.38864,0.01,forecast_icc,0.06921568461705785,0.31956233128486466,2026-06-25
JBHT,274.68,1.8,25902104576.0,94299203.0,38.117,Industrials,"J.B. Hunt Transport Services, I",7.36294,0.2467574094043956,forecast_icc,0.06877719178499919,0.13876875179020975,2026-06-25
JBI,5.53,0.0,754250368.0,136392459.0,4.107,Industrials,"Janus International Group, Inc.",0.575,0.22173913043478266,forecast_icc,0.13608850390677485,0.7426762423707561,2026-06-25
JBL,374.64,0.32,39525502976.0,105502622.0,12.564,Technology,Jabil Inc.,12.76179,0.31224694968339084,forecast_icc,0.08964728321853307,0.03353619417855021,2026-06-25
JBS,12.03,1.34,39566999552.0,776068594.0,7.688,Consumer Defensive,JBS N.V.,7.2124,0.10315567633520062,forecast_icc,0.3088191083591335,0.1507927166130143,2026-06-25
JBSS,84.94,0.9,992912512.0,9092149.0,33.162,Consumer Defensive,"John B. Sanfilippo & Son, Inc.",5.853,0.1216470186229286,forecast_icc,0.08704597684968907,0.30366607479914604,2026-06-25
JBTM,137.6,0.4,7164531200.0,52067812.0,86.129,Industrials,JBT Marel Corporation,8.28333,0.1295783217619002,forecast_icc,0.07899014305158114,0.6259374765159792,2026-06-25
JCAP,18.21,0.96,1009170240.0,55418467.0,7.998,Financial Services,"Jefferson Capital, Inc.",2.8775,0.010425716768027948,forecast_icc,0.10624181712641201,0.4392092448802295,2026-06-25
JCE,15.69,1.36,266772016.0,17002678.0,,Financial Services,Nuveen Core Equity Alpha Fund N,2.7,0.04,trailing_eps_fallback_icc,0.14585999849736375,,2026-06-25
JCI,145.49,1.6,88765718528.0,610115603.0,22.156,Industrials,Johnson Controls International ,4.88689,0.17776950166670424,forecast_icc,0.06694008236636165,0.15228538138632888,2026-06-25
JCSE,1.21,0.44,6354459.0,1751619.0,2.8922515,Industrials,JE Cleantech Holdings Limited,0.48,0.04,trailing_eps_fallback_icc,0.4,0.7972547592452008,2026-06-25
JD,25.19,1.0,34019094528.0,1350500000.0,23.243454,Consumer Cyclical,"JD.com, Inc.",22.22991,0.3124223174992611,forecast_icc,0.4,0.9227254594082064,2026-06-25
JEF,52.64,1.6,10706554880.0,194145000.0,51.906,Financial Services,Jefferies Financial Group Inc.,3.69951,0.2552905655073239,forecast_icc,0.1385967831030387,0.9412262378465481,2026-06-25
JFIN,3.01,0.8,157511920.0,25329546.0,12.474328,Financial Services,Jiayin Group Inc.,1.9,0.04,forecast_icc,0.3675599862392346,2.0060009737363877,2026-06-25
JFR,7.61,0.94,1224962176.0,160967425.0,8.518,Financial Services,Nuveen Floating Rate Income Fun,0.34,0.01,trailing_eps_fallback_icc,0.0459473912103877,1.1193166230056724,2026-06-25
JFU,2.56,0.0,30139734.0,8715213.0,46.565468,Technology,9F Inc.,2.1,0.04,trailing_eps_fallback_icc,0.2518399307173892,13.4648823398602,2026-06-25
JG,3.83,0.0,22827214.0,4685090.0,1.5735638,Technology,Aurora Mobile Limited,0.01,0.04,forecast_icc,0.010000000000000002,0.32296048145612516,2026-06-25
JGH,12.62,1.24,354948032.0,28125836.0,,Financial Services,Nuveen Global High Income Fund ,1.18,0.04,trailing_eps_fallback_icc,0.11361172669990027,,2026-06-25
JHG,51.92,1.6,7999605760.0,154075608.0,33.614,Financial Services,Janus Henderson Group plc,4.375,0.0798902857142858,forecast_icc,0.0935320606477531,0.6474190907267909,2026-06-25
JHI,13.25,1.24,115865248.0,8744547.0,14.841,Financial Services,John Hancock Investors Trust,1.16,0.198,trailing_eps_fallback_icc,0.17561465593961711,1.12007546928135,2026-06-25
JHS,10.98,0.62,127879496.0,11646585.0,12.449,Financial Services,John Hancock Income Securities ,0.95,0.064,trailing_eps_fallback_icc,0.10097952418379397,1.1337887714618455,2026-06-25
JHX,26.02,0.0,15099785216.0,580314579.0,11.075,Basic Materials,James Hardie Industries plc.,1.35699,0.2644971591537153,forecast_icc,0.10247314718346001,0.4256341312467712,2026-06-25
JILL,15.09,0.34,225616848.0,14951415.0,8.313,Consumer Cyclical,"J. Jill, Inc.",2.028,0.20710059171597628,forecast_icc,0.16358567286399517,0.5508946428282697,2026-06-25
JJSF,73.24,3.2,1373500160.0,18753416.0,46.93,Consumer Defensive,J & J Snack Foods Corp.,3.96333,0.10597149366820324,forecast_icc,0.08607255870533292,0.6407700839874675,2026-06-25
JKHY,128.71,2.38,9144946688.0,71050780.0,29.979,Technology,"Jack Henry & Associates, Inc.",6.56571,0.08171393497428303,forecast_icc,0.06501920853858578,0.23291894488734716,2026-06-25
JKS,17.0,1.5,890293184.0,52370188.0,44.774345,Technology,JinkoSolar Holding Company Limi,0.7485,0.04,forecast_icc,0.05644449075872837,2.6337850355000136,2026-06-25
JL,5.54,0.0,20839824.0,1652701.0,4.426,Consumer Cyclical,J-Long Group Limited,0.68,0.01,trailing_eps_fallback_icc,0.07357790283975352,0.35100366615380246,2026-06-25
JLHL,14.12,0.0,302854688.0,11448632.0,0.47931176,Industrials,Julong Holding Limited,0.19,0.717,trailing_eps_fallback_icc,0.10859159169681792,0.01811913161969056,2026-06-25
JLL,303.76,0.0,14092513280.0,46393575.0,157.804,Real Estate,Jones Lang LaSalle Incorporated,22.99076,0.13556359163420417,forecast_icc,0.09135151569440592,0.5195022040312741,2026-06-25
JMSB,21.94,0.48,309622176.0,14112223.0,19.093,Financial Services,"John Marshall Bancorp, Inc.",1.835,0.1580381471389647,forecast_icc,0.11435117407872586,0.8702370005273783,2026-06-25
JNJ,244.88,5.36,589479280640.0,2407216971.0,33.735,Healthcare,Johnson & Johnson,11.56807,0.09825407349713466,forecast_icc,0.06754429327377165,0.1377613551209429,2026-06-25
JOB,0.2056,0.0,22589412.0,109870686.0,0.456,Industrials,GEE Group Inc.,0.1,0.04,forecast_icc,0.19262259079446198,2.2178989349523572,2026-06-25
JOE,66.69,0.64,3828655872.0,57409746.0,13.321,Real Estate,St. Joe Company (The),0.11,0.01,forecast_icc,0.010000000000000002,0.19974509384843453,2026-06-25
JOF,11.65,1.09,330089824.0,28333893.0,13.811,Financial Services,Japan Smaller Capitalization Fu,5.06,0.04,trailing_eps_fallback_icc,0.22410236658463234,1.1854936679992898,2026-06-25
JOUT,46.0,1.32,481835840.0,9268482.0,40.597,Consumer Cyclical,Johnson Outdoors Inc.,0.75,0.75,forecast_icc,0.1559116512330324,0.7809144370705177,2026-06-25
JOYY,66.43,4.8,3346861568.0,34056301.0,129.557,Communication Services,JOYY Inc.,5.39916,0.17530319531186334,forecast_icc,0.15043824542594242,1.3183192967534771,2026-06-25
JPM,335.12,6.0,897957822464.0,2679511418.0,128.379,Financial Services,JP Morgan Chase & Co.,22.32727,0.05546714846911427,forecast_icc,0.0687027549315452,0.3830836902645425,2026-06-25
JRI,12.58,1.6,345299296.0,27448277.0,,Financial Services,Nuveen Real Asset Income and Gr,1.76,0.04,trailing_eps_fallback_icc,0.15621567238780976,,2026-06-25
JRSH,4.56,0.2,57911724.0,12699940.0,5.1,Consumer Cyclical,"Jerash Holdings (US), Inc.",0.46,0.15217391304347827,forecast_icc,0.13655384595031628,1.1184210989816155,2026-06-25
JRVR,4.03,0.04,186334544.0,46236856.0,11.212,Financial Services,"James River Group Holdings, Inc",0.89348,0.24062094283028168,forecast_icc,0.21144600746005648,2.7821337812273823,2026-06-25
JTAI,6.9,0.0,9809875.0,1421721.0,56.234,Technology,Jet.AI Inc.,429.75,0.04,trailing_eps_fallback_icc,0.4,8.149854989385696,2026-06-25
JUNS,0.2366,0.0,11409825.0,48224110.0,-0.077,Healthcare,"Jupiter Neurosciences, Inc.",0.06,0.04,forecast_icc,0.1351129225657014,,2026-06-25
JVA,3.31,0.08,18895466.0,5708599.0,5.038,Consumer Defensive,"Coffee Holding Co., Inc.",0.4,0.01,forecast_icc,0.08033819461002131,1.5220541140398445,2026-06-25
JXN,106.44,3.6,7423456256.0,69743104.0,127.55,Financial Services,Jackson Financial Inc.,22.86775,0.13251194367613772,forecast_icc,0.17893493777209668,1.1983276533770955,2026-06-25
JYNT,9.21,0.0,131292200.0,14255396.0,1.129,Healthcare,The Joint Corp.,0.27667,0.566234141757328,forecast_icc,0.13221175881218283,0.122584145013946,2026-06-25
KAI,322.07,1.4,3803151360.0,11808462.0,84.313,Industrials,Kadant Inc,11.33,0.1551191526919682,forecast_icc,0.06117074117279571,0.26178470493638206,2026-06-25
KALU,181.73,3.08,2969578240.0,16340606.0,54.188,Basic Materials,Kaiser Aluminum Corporation,10.28243,0.05665100564749781,forecast_icc,0.06172243067830718,0.29817862550339813,2026-06-25
KARO,49.07,2.75,1515934208.0,30893300.0,6.4085345,Technology,Karooooo Ltd.,39.01716,0.17750625622162164,forecast_icc,0.3587202236372925,0.13059984913860456,2026-06-25
KAZR,3.0,0.0,74329472.0,22781491.0,1.382,Industrials,Skyline Builders Group Holding ,0.02,0.01,trailing_eps_fallback_icc,0.010000000000000002,0.4235738491725059,2026-06-25
KB,99.99,3.14,35465228288.0,354687734.0,25.803165,Financial Services,KB Financial Group Inc,17270.56,0.08839638089326574,forecast_icc,0.4,0.25805744290034077,2026-06-25
KBDC,13.65,1.6,905677504.0,66350002.0,,Financial Services,"Kayne Anderson BDC, Inc.",1.62795,0.01,forecast_icc,0.12115997925946143,,2026-06-25
KBH,60.72,1.0,3801072128.0,62600000.0,61.534,Consumer Cyclical,KB Home,3.3358,0.3911925175370228,forecast_icc,0.14957334423787716,1.0134057629753033,2026-06-25
KBR,32.25,0.66,4088976128.0,126789957.0,12.493,Industrials,"KBR, Inc.",3.96134,0.04722139478055398,forecast_icc,0.09785618277601638,0.3873798435638605,2026-06-25
KBSX,0.8528,0.0,38176448.0,44766003.0,0.378,Consumer Cyclical,FST Corp.,0.07,0.5714285714285714,forecast_icc,0.21321051900536625,0.4432457711623669,2026-06-25
KCHV,10.36,0.0,354906496.0,25824050.0,-0.183,Financial Services,Kochav Defense Acquisition Corp,0.29,0.04,trailing_eps_fallback_icc,0.0316090368971772,,2026-06-25
KD,10.79,0.0,2379380736.0,220517208.0,5.276,Technology,"Kyndryl Holdings, Inc.",1.87975,0.367990424258545,forecast_icc,0.2260740417460435,0.4889712570187002,2026-06-25
KDP,32.52,0.92,44245393408.0,1360559471.0,18.568,Consumer Defensive,Keurig Dr Pepper Inc.,2.28513,0.10428728343682847,forecast_icc,0.09090997025030464,0.570971717316909,2026-06-25
KE,24.385,0.0,586433024.0,24048925.0,24.019,Industrials,"Kimball Electronics, Inc.",1.47,0.01,forecast_icc,0.044133277719898195,0.9849907933817178,2026-06-25
KELYA,11.85,0.3,410829952.0,31373149.0,28.009,Industrials,"Kelly Services, Inc.",0.9025,0.75,forecast_icc,0.28668234430543726,2.138915446800237,2026-06-25
KEN,66.6,3.85,3470419200.0,52108397.0,30.485,Utilities,Kenon Holdings Ltd.,1.54,0.75,trailing_eps_fallback_icc,0.19058106748665649,0.45773273803493253,2026-06-25
KEP,12.46,0.52,15997745152.0,1283928154.0,25.399435,Utilities,Korea Electric Power Corporatio,3.66007,0.050567338876032375,forecast_icc,0.1699650302990422,2.038477884373351,2026-06-25
KEQU,35.13,0.0,100696072.0,2866384.0,24.66,Consumer Cyclical,Kewaunee Scientific Corporation,2.16,0.01,forecast_icc,0.04480027737472325,0.7019641187195464,2026-06-25
KEX,138.55,0.0,7408545792.0,53472000.0,63.806,Industrials,Kirby Corporation,7.01368,0.18042739332276359,forecast_icc,0.08135800130572157,0.46052687366584344,2026-06-25
KEY,23.41,0.82,25268021248.0,1079368644.0,16.083,Financial Services,KeyCorp,1.82332,0.17965579272974574,forecast_icc,0.1244188099616218,0.6870140614127442,2026-06-25
KEYS,360.06,0.0,61532581888.0,170895368.0,37.076,Technology,Keysight Technologies Inc.,10.19471,0.16299139455658862,forecast_icc,0.05248428503038953,0.10297173415379896,2026-06-25
KF,74.97,0.44,311751360.0,4158348.0,42.273,Financial Services,"Korea Fund, Inc. (The) New",21.84,0.04,trailing_eps_fallback_icc,0.14832960733011225,0.5638655273356306,2026-06-25
KFFB,4.79,0.0,38735368.0,8086715.0,6.141,Financial Services,Kentucky First Federal Bancorp,0.17,0.75,trailing_eps_fallback_icc,0.18219092959307137,1.2820458247614943,2026-06-25
KFII,10.56,0.0,414544000.0,29672727.0,-0.24,Financial Services,K&F Growth Acquisition Corp. II,0.28,0.042,trailing_eps_fallback_icc,0.030773255811333083,,2026-06-25
KFRC,47.07,1.58,839352256.0,17832000.0,6.973,Industrials,"Kforce, Inc.",2.4071,0.2185534460554195,forecast_icc,0.11101399444043081,0.14814106367279484,2026-06-25
KFY,70.57,2.2,3544378112.0,50225000.0,38.91,Industrials,Korn Ferry,5.78005,0.09351303189418791,forecast_icc,0.09685875569796065,0.55136745805522,2026-06-25
KG,10.91,0.0,85360168.0,7824030.0,15.521,Financial Services,"Kestrel Group, Ltd.",5.49,0.04,trailing_eps_fallback_icc,0.19608518955771326,1.4226397683519088,2026-06-25
KGC,24.04,0.15,28706392064.0,1194109463.0,7.619,Basic Materials,Kinross Gold Corporation,3.09483,0.10739200537670879,forecast_icc,0.11748435167340154,0.31693011014109584,2026-06-25
KGEI,4.56,0.0,162476736.0,35630862.0,5.899,Energy,Kolibri Global Energy Inc.,0.88,0.01,forecast_icc,0.09892659236015511,1.2936403088378141,2026-06-25
KGS,73.96,1.92,7463962624.0,100918914.0,13.567,Energy,"Kodiak Gas Services, Inc.",2.64921,0.11988857055499547,forecast_icc,0.06337249200494013,0.18343699924695656,2026-06-25
KHC,23.47,1.6,27830200320.0,1185777638.0,35.348,Consumer Defensive,The Kraft Heinz Company,2.05582,0.01709780039108466,forecast_icc,0.0854431497546102,1.5060929302007986,2026-06-25
KIM,25.52,1.04,17210427392.0,674389792.0,15.405,Real Estate,Kimco Realty Corporation (HC),0.81,0.06913580246913575,forecast_icc,0.04882211045767286,0.6036442041287803,2026-06-25
KINS,17.05,0.2,246966528.0,14484841.0,7.906,Financial Services,"Kingstone Companies, Inc",2.6,0.15384615384615374,forecast_icc,0.14850801376678635,0.46369503540981877,2026-06-25
KIO,11.27,1.46,461902816.0,40985165.0,,Financial Services,KKR Income Opportunities Fund,0.53,0.04,trailing_eps_fallback_icc,0.060044761309137384,,2026-06-25
KKR,92.65,0.75,86390710272.0,897872941.0,31.428,Financial Services,KKR & Co. Inc.,6.03712,0.22495825824234084,forecast_icc,0.11072449745246182,0.3266364022347183,2026-06-25
KLAC,258.8,0.92,338064015360.0,1306275210.0,4.461,Technology,KLA Corporation,3.71497,0.362500908486475,forecast_icc,0.06055105259317048,0.01723724929908494,2026-06-25
KLAR,19.13,0.0,7233310208.0,378113486.0,6.501,Financial Services,Klarna Group plc,0.18858,0.75,forecast_icc,0.09610052839330485,0.33983276007813656,2026-06-25
KLC,4.19,0.0,496214560.0,118428299.0,3.978,Consumer Defensive,"KinderCare Learning Companies, ",0.19607,0.679400214209211,forecast_icc,0.18977776553748227,0.9494033657980533,2026-06-25
KLIC,131.49,0.82,6881250304.0,52332877.0,16.388,Technology,"Kulicke and Soffa Industries, I",3.36,0.2609136904761906,forecast_icc,0.0691872451803427,0.12463304637784618,2026-06-25
KLTR,1.28,0.0,192479664.0,150374742.0,0.031,Technology,"Kaltura, Inc.",0.065,0.04,forecast_icc,0.047843870675246536,0.02421875072475189,2026-06-25
KMB,108.1,5.12,35882749952.0,331940357.0,5.411,Consumer Defensive,Kimberly-Clark Corporation,7.52889,0.01,forecast_icc,0.06300458612072066,0.05005550784512514,2026-06-25
KMDA,7.18,0.25,414244864.0,57694272.0,4.497,Healthcare,Kamada Ltd.,0.4275,0.43469005847953235,forecast_icc,0.1852530265062714,0.6263231333243519,2026-06-25
KMI,33.01,1.18,73441501184.0,2224825757.0,14.079,Energy,"Kinder Morgan, Inc.",1.4873,0.013272372756000683,forecast_icc,0.04499726656807479,0.4265071019494236,2026-06-25
KMPR,25.4,1.28,1495405440.0,58874232.0,45.045,Financial Services,Kemper Corporation,1.98457,0.75,forecast_icc,0.3252443684251708,1.773425259466757,2026-06-25
KMT,36.53,0.8,2783954944.0,76210103.0,17.777,Industrials,Kennametal Inc.,3.9143,0.01,forecast_icc,0.07360058709991779,0.486641137620006,2026-06-25
KMX,52.9,0.0,7507097600.0,141911096.0,43.116,Consumer Cyclical,CarMax Inc,2.6981,0.13763389051554786,forecast_icc,0.07178776962671052,0.8150471914919555,2026-06-25
KN,40.79,0.0,3490019328.0,85560660.0,9.119,Technology,Knowles Corporation,1.2925,0.20502901353965197,forecast_icc,0.06469487702034049,0.22355969558114722,2026-06-25
KNDI,0.612,0.0,61454204.0,100415365.0,4.175,Consumer Cyclical,"Kandi Technologies Group, Inc.",0.15,0.04,forecast_icc,0.13252110249629234,6.821895356011771,2026-06-25
KNF,92.9,0.0,5272433152.0,56753855.0,27.475,Basic Materials,Knife Riv Holding Co.,3.38,0.2122781065088759,forecast_icc,0.07226332129318902,0.2957481149919376,2026-06-25
KNOP,10.1,0.2,348985568.0,33660342.0,15.533,Energy,KNOT Offshore Partners LP,0.385,0.5670909090909091,forecast_icc,0.17322840840924025,1.498188292663151,2026-06-25
KNSA,56.89,0.0,4377003520.0,46303276.0,8.219,Healthcare,Kiniksa Pharmaceuticals Interna,1.2,0.46458333333333335,forecast_icc,0.09198519174625616,0.08694684016246804,2026-06-25
KNSL,308.43,1.0,7113265152.0,23062819.0,85.31,Financial Services,"Kinsale Capital Group, Inc.",20.80973,0.04190779986093052,forecast_icc,0.060223793740063036,0.2765943693715412,2026-06-25
KNTK,48.02,3.18,8027020288.0,73602334.0,-24.261,Energy,Kinetik Holdings Inc.,1.31739,0.2746870706472646,forecast_icc,0.08972268543132811,,2026-06-25
KNX,77.07,0.8,12523412480.0,162494000.0,43.414,Industrials,Knight-Swift Transportation Hol,1.9665,0.75,forecast_icc,0.17392579123832885,0.563306089874954,2026-06-25
KO,80.42,2.12,346005635072.0,4302482418.0,7.816,Consumer Defensive,Coca-Cola Company (The),3.26737,0.06614188169689994,forecast_icc,0.054754358026430805,0.09718975406886173,2026-06-25
KOF,105.99,4.24,22266722304.0,210083226.0,37.912567,Consumer Defensive,Coca Cola Femsa S.A.B. de C.V.,6.93433,0.21985253081407996,forecast_icc,0.12998601681609767,0.3576994526882093,2026-06-25
KOP,44.7,0.36,859662656.0,19231826.0,28.576,Basic Materials,Koppers Holdings Inc.,4.08667,0.1500806279929625,forecast_icc,0.1103126757279334,0.6392840911958841,2026-06-25
KOPN,3.79,0.0,702291840.0,185301283.0,0.344,Technology,Kopin Corporation,0.01,0.04,trailing_eps_fallback_icc,0.010000000000000002,0.09076517442093589,2026-06-25
KOS,2.18,0.0,1293152640.0,593189274.0,0.868,Energy,Kosmos Energy Ltd.,0.0775,0.75,forecast_icc,0.1823283890764122,0.3981651306314466,2026-06-25
KOYN,10.13,0.0,319681696.0,23891250.0,-0.218,Financial Services,CSLM Digital Asset Acquisition ,0.1,0.04,trailing_eps_fallback_icc,0.014356031573894652,,2026-06-25
KPLT,6.5,0.0,30972876.0,4765058.0,-6.7,Technology,"Katapult Holdings, Inc.",1.19,0.04,trailing_eps_fallback_icc,0.11182470613803916,,2026-06-25
KR,57.77,1.4,35413008384.0,613000000.0,9.252,Consumer Defensive,Kroger Company (The),5.21724,0.06264039990493053,forecast_icc,0.08831610148165059,0.16015233550624966,2026-06-25
KRC,37.51,2.16,4404137472.0,116278807.0,45.28,Real Estate,Kilroy Realty Corporation,0.7,0.01,forecast_icc,0.02146498129125298,1.1954904710476757,2026-06-25
KREF,7.0,0.4,450102912.0,64300417.0,12.095,Real Estate,KKR Real Estate Finance Trust I,0.355,0.04,forecast_icc,0.06444210894231472,1.7278571697287752,2026-06-25
KRG,29.01,1.16,6031647232.0,203066551.0,14.072,Real Estate,Kite Realty Group Trust,0.32594,0.6260661471436462,forecast_icc,0.10164328557313629,0.47375988610734454,2026-06-25
KRKR,2.59,0.0,5112167.0,1781645.0,9.510024,Communication Services,36Kr Holdings Inc.,0.06,0.04,forecast_icc,0.02769438932088527,3.3143453078665073,2026-06-25
KRMD,4.28,0.0,196593248.0,45933000.0,0.367,Healthcare,"KORU Medical Systems, Inc.",0.02,0.75,forecast_icc,0.06124424032756884,0.0857476600620587,2026-06-25
KRMN,46.27,0.0,6131991552.0,132526299.0,3.061,Industrials,Karman Holdings Inc.,0.57196,0.6108469123714946,forecast_icc,0.08764189626229835,0.06615517940605929,2026-06-25
KRNT,15.8,0.0,732179520.0,46340477.0,15.293,Industrials,Kornit Digital Ltd.,0.2025,0.3530864197530865,forecast_icc,0.05251343317221624,0.9679114143495845,2026-06-25
KRNY,9.12,0.44,573947776.0,62932869.0,12.125,Financial Services,Kearny Financial,0.62,0.2661290322580645,forecast_icc,0.15351938735142379,1.3294955892032239,2026-06-25
KRO,6.63,0.2,762802176.0,115053116.0,6.475,Basic Materials,Kronos Worldwide Inc,0.2,0.75,forecast_icc,0.22090296126314002,0.9766213961350838,2026-06-25
KRP,14.75,1.64,1589675264.0,98652268.0,5.263,Energy,Kimbell Royalty Partners,1.005,0.01,forecast_icc,0.07002236311518983,0.32661191769289555,2026-06-25
KRT,31.08,1.8,620472768.0,19963731.0,7.386,Consumer Cyclical,Karat Packaging Inc.,1.82,0.3351648351648353,forecast_icc,0.1758978096487661,0.2376447843815766,2026-06-25
KRUS,54.87,0.0,666554304.0,11147832.0,18.854,Consumer Cyclical,"Kura Sushi USA, Inc.",0.27283,0.04,forecast_icc,0.010000000000000002,0.31532498292592226,2026-06-25
KRYS,359.93,0.0,10610648064.0,29479756.0,43.372,Healthcare,"Krystal Biotech, Inc.",8.29113,0.21532046898311807,forecast_icc,0.053756044542500145,0.12050121439519268,2026-06-25
KSPI,86.85,3.59,16503867392.0,190027266.0,11908.487,Technology,Joint Stock Company Kaspi.kz - ,5756.5874,0.161339025270423,forecast_icc,0.4,137.1155725538286,2026-06-25
KSS,19.09,0.5,2164805888.0,113399993.0,35.611,Consumer Cyclical,Kohl's Corporation,1.4082,0.05676750461582181,forecast_icc,0.07689591822069486,1.865426906452963,2026-06-25
KT,17.81,0.82,8524998656.0,478663616.0,24.969805,Communication Services,KT Corporation,3.816,0.04323899371069184,forecast_icc,0.14313800900684914,1.402010444154477,2026-06-25
KTB,79.9,2.12,4416261632.0,55272359.0,11.219,Consumer Cyclical,"Kontoor Brands, Inc.",5.20323,0.2246258574001152,forecast_icc,0.12201685293705788,0.14041301156792513,2026-06-25
KTOS,46.32,0.0,8685925376.0,187519984.0,18.197,Industrials,Kratos Defense & Security Solut,0.76415,0.4091212458286986,forecast_icc,0.07083095827859026,0.39285407151625984,2026-06-25
KVAC,12.18,0.0,67069428.0,5506521.0,-0.759,Financial Services,Keen Vision Acquisition Corpora,0.15,0.01,trailing_eps_fallback_icc,0.013649352151635083,,2026-06-25
KVHI,9.17,0.0,178794384.0,19497751.0,6.753,Communication Services,"KVH Industries, Inc.",0.16,0.75,forecast_icc,0.13011914958527993,0.7364230886748658,2026-06-25
KVUE,18.96,0.83,36403363840.0,1920008668.0,5.525,Consumer Defensive,Kenvue Inc.,1.1885,0.0405300799326882,forecast_icc,0.07060863470782663,0.2914029576311814,2026-06-25
KVYO,14.03,0.0,4198895616.0,140897018.0,3.813,Technology,"Klaviyo, Inc. Series A",0.84761,0.21809558641356297,forecast_icc,0.09994080645816689,0.12794800794447758,2026-06-25
KWR,156.59,2.03,2719411456.0,17366444.0,79.219,Basic Materials,Quaker Houghton,7.0156,0.2507583100518844,forecast_icc,0.09867363307743171,0.5059007617992471,2026-06-25
KYIV,14.98,0.0,3458336768.0,230863624.0,5.809,Communication Services,Kyivstar Group Ltd.,63.28,0.19871681415929188,forecast_icc,0.4,0.3877837474433028,2026-06-25
L,110.9,0.25,22819768320.0,205768873.0,90.898,Financial Services,Loews Corporation,2.9,0.01,forecast_icc,0.024957294454218182,0.8196393037680936,2026-06-25
LAB,0.7401,0.0,289721696.0,391462923.0,1.438,Healthcare,Standard BioTools Inc.,0.03,0.01,forecast_icc,0.03355780580011533,1.9429807675639175,2026-06-25
LAD,296.73,2.28,6767171072.0,22805820.0,280.009,Consumer Cyclical,"Lithia Motors, Inc.",34.54789,0.18219289224320212,forecast_icc,0.1361958915267275,0.9436490941986342,2026-06-25
LADR,10.17,0.92,1298384384.0,127668084.0,11.335,Real Estate,Ladder Capital Corp,0.99714,0.18481858114206617,forecast_icc,0.17939630838675114,1.1145526316958538,2026-06-25
LAFA,10.11,0.0,158861792.0,15713333.0,-0.201,Financial Services,LaFayette Acquisition Corp.,0.04,0.04,trailing_eps_fallback_icc,0.010000000000000002,,2026-06-25
LAKE,10.82,0.0,106784352.0,9869164.0,13.235,Consumer Cyclical,"Lakeland Industries, Inc.",0.575,0.04,forecast_icc,0.04946485550720314,1.2231978102934031,2026-06-25
LAMR,154.36,6.4,15663696896.0,87055016.0,9.557,Real Estate,Lamar Advertising Company,6.056,0.05515191545574627,forecast_icc,0.05516218007621687,0.05311548055583622,2026-06-25
LAR,8.04,0.0,1317225344.0,163834000.0,4.775,Basic Materials,Lithium Argentina AG,0.46858,0.01,forecast_icc,0.04301157517310139,0.5939054798508341,2026-06-25
LARK,30.39,0.82,185304608.0,6097552.0,26.501,Financial Services,Landmark Bancorp Inc.,3.45,0.078,forecast_icc,0.10803450484852684,0.8720302603160307,2026-06-25
LASR,62.44,0.0,3522159616.0,56408709.0,7.61,Technology,"nLIGHT, Inc.",0.52444,0.28815498436427434,forecast_icc,0.033032229384695966,0.12187700794136866,2026-06-25
LAUR,36.5,0.0,5109207552.0,139978289.0,7.491,Consumer Defensive,"Laureate Education, Inc.",2.13658,0.16237632103642263,forecast_icc,0.08451132877150058,0.2052328765717365,2026-06-25
LAZ,40.62,2.0,3998538752.0,98437685.0,8.953,Financial Services,"Lazard, Inc.",2.86228,0.5522345822211661,forecast_icc,0.25090844250228816,0.2204086663819833,2026-06-25
LB,60.91,0.44,4691105792.0,27839229.0,12.374,Energy,LandBridge Company LLC,1.48,0.45270270270270263,forecast_icc,0.1045087562777092,0.07343313813844597,2026-06-25
LBRDA,30.27,0.0,4354680320.0,18254690.0,41.102,Communication Services,Liberty Broadband Corporation,5.92,0.01,forecast_icc,0.0997619959538999,0.17229835791482392,2026-06-25
LBRDK,30.3,0.0,,,41.102,Communication Services,Liberty Broadband Corporation,5.44,0.2242647058823528,forecast_icc,0.18039894616352503,,2026-06-25
LBRT,27.25,0.35,4446966272.0,163191416.0,12.023,Energy,Liberty Energy Inc.,0.28353,0.75,forecast_icc,0.11876027805063794,0.4412109907201023,2026-06-25
LCCC,10.41,0.0,92701048.0,8905000.0,-0.206,Financial Services,Lakeshore Acquisition III Corp.,0.37,0.04,trailing_eps_fallback_icc,0.03707596951619946,,2026-06-25
LCII,95.85,4.6,2327736576.0,24285202.0,57.122,Consumer Cyclical,LCI Industries,8.90545,0.12903334474956352,forecast_icc,0.12539828108546952,0.5959520174863636,2026-06-25
LCLN,23.0,0.0,798923968.0,34735822.0,10.74,Financial Services,"Lincoln International, Inc.",1.22857,0.4046493077317532,forecast_icc,0.13679058968217028,0.4669564855012587,2026-06-25
LCNB,17.67,0.88,251726944.0,14246007.0,19.361,Financial Services,LCNB Corporation,1.675,0.08059701492537319,forecast_icc,0.10927301499522513,1.095698923381837,2026-06-25
LCUT,8.36,0.17,191067856.0,22855008.0,8.641,Consumer Cyclical,"Lifetime Brands, Inc.",0.69333,0.19231823229919387,forecast_icc,0.12354587321150479,1.0336124990485056,2026-06-25
LDI,1.19,0.0,771801984.0,231707950.0,0.885,Financial Services,"loanDepot, Inc.",0.03,0.75,forecast_icc,0.15568390593462766,0.2656919002555972,2026-06-25
LDOS,100.0,1.72,12578546688.0,125785466.0,39.854,Technology,"Leidos Holdings, Inc.",12.3319,0.06521055149652533,forecast_icc,0.103977932034789,0.3985399972117987,2026-06-25
LE,11.73,0.0,360590368.0,30740867.0,16.256,Consumer Cyclical,"Lands' End, Inc.",0.525,0.7142857142857142,forecast_icc,0.1938212223938568,1.385848259685073,2026-06-25
LEA,138.22,3.08,6924144640.0,50095099.0,101.231,Consumer Cyclical,Lear Corporation,14.82186,0.17019051590016376,forecast_icc,0.13448064924419556,0.7323903861819097,2026-06-25
LECO,273.72,3.16,14996328448.0,54787110.0,27.584,Industrials,"Lincoln Electric Holdings, Inc.",10.92236,0.10280836742242538,forecast_icc,0.05771918057878811,0.10077450940610394,2026-06-25
LEE,8.63,0.0,191844352.0,22229936.0,-0.246,Communication Services,"Lee Enterprises, Incorporated",0.57,0.04,forecast_icc,0.0578132352662829,,2026-06-25
LEG,11.6,0.2,1582616448.0,136432456.0,7.617,Consumer Cyclical,"Leggett & Platt, Incorporated",0.875,0.15714285714285703,forecast_icc,0.10549213418315995,0.6566379482945952,2026-06-25
LEGH,25.43,0.0,604766080.0,23781601.0,22.664,Consumer Cyclical,Legacy Housing Corporation,2.195,0.01,forecast_icc,0.05754530810124081,0.8912308789937425,2026-06-25
LEGN,28.43,0.0,5499493376.0,193439792.0,5.21,Healthcare,Legend Biotech Corporation,0.28,0.75,forecast_icc,0.09605102271716814,0.18325711977728185,2026-06-25
LEN,93.86,2.0,23117559808.0,215244398.0,89.796,Consumer Cyclical,Lennar Corporation,5.57337,0.18461720646574697,forecast_icc,0.10199874685096588,0.8360781208455824,2026-06-25
LEN-B,91.72,2.0,22590480384.0,31053898.0,89.796,Consumer Cyclical,Lennar Corporation,16.2,0.01,forecast_icc,0.10085313651746242,0.12343765061246784,2026-06-25
LEO,6.45,0.36,401776000.0,62290854.0,6.797,Financial Services,"Dreyfus Strategic Municipals, I",0.2,0.04,trailing_eps_fallback_icc,0.04052154693967208,1.0537984713820636,2026-06-25
LEU,170.38,0.0,3351850752.0,18953594.0,39.407,Energy,Centrus Energy Corp.,4.155,0.01,forecast_icc,0.023409615996667764,0.22283339385333106,2026-06-25
LEVI,23.99,0.56,9226464256.0,98176901.0,5.738,Consumer Cyclical,Levi Strauss & Co,1.502,0.11986684420772309,forecast_icc,0.08739756676411592,0.061056873175621834,2026-06-25
LFMD,4.2,0.0,203122544.0,48362510.0,0.316,Healthcare,"LifeMD, Inc.",0.135,0.75,forecast_icc,0.17422896683044453,0.07523809449728042,2026-06-25
LFS,2.28,0.0,59646212.0,26160619.0,0.4368877,Communication Services,"LEIFRAS Co., Ltd.",0.11,0.01,trailing_eps_fallback_icc,0.03764515975264199,0.19161741009615665,2026-06-25
LFST,9.88,0.0,3772524288.0,381834432.0,3.81,Healthcare,"LifeStance Health Group, Inc.",0.31145,0.25866110130036923,forecast_icc,0.07469591916837218,0.3856275201587251,2026-06-25
LFT,1.06,0.16,55585828.0,52439463.0,3.027,Real Estate,"Lument Finance Trust, Inc.",0.13,0.75,forecast_icc,0.4,2.8556605201779135,2026-06-25
LFTO,25.78,0.0,4365341184.0,169330527.0,-9.416,Communication Services,"Liftoff Mobile, Inc.",0.14,0.75,trailing_eps_fallback_icc,0.06742433076299637,,2026-06-25
LFUS,477.22,3.0,12068370432.0,25288904.0,99.913,Technology,"Littelfuse, Inc.",14.76,0.1697154471544715,forecast_icc,0.05972355836239851,0.20936465942844534,2026-06-25
LFVN,6.65,0.2,83895216.0,12615822.0,2.644,Consumer Defensive,Lifevantage Corporation,0.57333,0.01,forecast_icc,0.0662210145874495,0.39759398638415805,2026-06-25
LGCL,0.9405,0.0,40244376.0,42790404.0,16.476486,Technology,Lucas GC Limited,0.6,0.04,trailing_eps_fallback_icc,0.22169257473335524,17.518857602372666,2026-06-25
LGCY,11.03,0.0,139551968.0,12652038.0,3.919,Consumer Defensive,Legacy Education Inc.,0.67333,0.18317912464913189,forecast_icc,0.09189712422442409,0.3553037454978779,2026-06-25
LGI,18.12,1.8,235794512.0,13012942.0,18.381,Financial Services,Lazard Global Total Return and ,2.56,0.75,trailing_eps_fallback_icc,0.4,1.014403960775813,2026-06-25
LGIH,62.61,0.0,1454573056.0,23232279.0,90.495,Consumer Cyclical,"LGI Homes, Inc.",3.4,0.1705882352941177,forecast_icc,0.08262211455376814,1.4453760706158716,2026-06-25
LGL,6.88,0.0,45066992.0,6550435.0,6.949,Technology,"LGL Group, Inc. (The)",0.02,0.04,forecast_icc,0.010000000000000002,1.0100290876968225,2026-06-25
LGN,81.1,0.0,13320463360.0,76866798.0,6.142,Industrials,Legence Corp.,1.4592,0.21502878289473681,forecast_icc,0.04506678504422024,0.03544290168866919,2026-06-25
LGND,295.92,0.0,5930550784.0,20041061.0,49.794,Healthcare,Ligand Pharmaceuticals Incorpor,9.10143,0.24339471929136414,forecast_icc,0.07064937281686012,0.16826845056723821,2026-06-25
LGO,0.6745,0.0,68351712.0,101336861.0,1.512,Basic Materials,Largo Inc.,0.09,0.04,forecast_icc,0.0922075789997151,2.2416605136678944,2026-06-25
LGPS,0.6806,0.05,16069558.0,23610870.0,1.0505431,Industrials,LogProstyle Inc.,0.23,0.213,trailing_eps_fallback_icc,0.28156752355549386,1.543554375515307,2026-06-25
LH,266.34,2.88,21839880192.0,82000000.0,106.058,Healthcare,Labcorp Holdings Inc.,17.99504,0.08027545368056965,forecast_icc,0.07429707707357167,0.3982052979936054,2026-06-25
LHSW,1.64,0.0,5330000.0,3250000.0,0.345,Technology,Lianhe Sowell International Gro,0.42,0.04,trailing_eps_fallback_icc,0.13586775193182954,0.21036585365853658,2026-06-25
LHX,288.52,5.0,53749813248.0,186294951.0,102.781,Industrials,"L3Harris Technologies, Inc.",11.70448,0.1662722308039315,forecast_icc,0.07581770645084529,0.3562353095141865,2026-06-25
LI,11.83,0.0,11834506240.0,822830636.0,10.177902,Consumer Cyclical,Li Auto Inc.,0.349,0.75,forecast_icc,0.16752614729484228,0.7076501043617407,2026-06-25
LIEN,10.4,1.36,238062128.0,22890590.0,13.329,Financial Services,"Chicago Atlantic BDC, Inc.",1.62,0.03703703703703698,forecast_icc,0.1631359313843006,1.2816346584535279,2026-06-25
LIF,48.94,0.0,3965690624.0,81031691.0,7.4144144,Technology,"Life360, Inc.",1.24998,0.3017248275972415,forecast_icc,0.07285902023663735,0.15150010264813596,2026-06-25
LIFE,18.62,0.0,1770269184.0,30914997.0,7.006,Financial Services,Ethos Technologies Inc.,1.34623,0.4301568082719891,forecast_icc,0.1656219772601114,0.12234888961497055,2026-06-25
LII,570.73,5.44,19861385216.0,34799968.0,34.872,Industrials,"Lennox International, Inc.",24.31449,0.09789306705589973,forecast_icc,0.058417011732257884,0.06110069720204554,2026-06-25
LILA,7.0,0.0,1409799936.0,37800000.0,2.687,Communication Services,Liberty Latin America Ltd.,0.14,0.75,forecast_icc,0.13925625368721273,0.07204469046024982,2026-06-25
LILAK,6.91,0.0,1391673984.0,161100000.0,2.687,Communication Services,Liberty Latin America Ltd.,0.16246,0.75,forecast_icc,0.15060695771353594,0.3110467717128784,2026-06-25
LIN,522.28,6.4,241474764800.0,462347310.0,83.368,Basic Materials,Linde plc,17.95,0.098050139275766,forecast_icc,0.0513329620319708,0.15962318286966604,2026-06-25
LINC,48.99,0.0,1553998464.0,31720728.0,6.273,Consumer Defensive,Lincoln Educational Services Co,0.75333,0.43628954110416407,forecast_icc,0.07184357131114066,0.12804654016955322,2026-06-25
LIND,28.6,0.0,1876160000.0,65600000.0,-2.905,Consumer Cyclical,Lindblad Expeditions Holdings I,0.24,0.39608333333333356,forecast_icc,0.043448562522028666,,2026-06-25
LION,15.82,0.0,4597823488.0,290633610.0,-4.108,,Lionsgate Studios Corp,0.34,0.17647058823529416,forecast_icc,0.04512039545841173,,2026-06-25
LITB,3.05,0.0,55747352.0,17943465.0,-0.155,Consumer Cyclical,"LightInTheBox Holding Co., Ltd.",0.63,0.4285714285714286,forecast_icc,0.2643650507608709,,2026-06-25
LITE,861.97,0.0,67061264384.0,77800000.0,41.47,Technology,Lumentum Holdings Inc.,8.22502,0.75,forecast_icc,0.09435889463027106,0.04811072427035497,2026-06-25
LIVE,10.36,0.0,31822356.0,3071656.0,31.025,Consumer Cyclical,Live Ventures Incorporated,7.5,0.04,forecast_icc,0.23644244503775547,2.9946911347481624,2026-06-25
LIVN,81.05,0.0,4452363264.0,54933538.0,22.064,Healthcare,LivaNova PLC,4.24889,0.08995761245878309,forecast_icc,0.061668018543703185,0.27222701980141034,2026-06-25
LKFN,61.64,2.08,1535673472.0,24913586.0,30.041,Financial Services,Lakeland Financial Corporation,4.3425,0.042026482440990165,forecast_icc,0.07242283351719811,0.48736209270534303,2026-06-25
LKFT,28.84,0.0,1897120256.0,65780867.0,2.8316164,Healthcare,Lakefront Biotherapeutics,8.47,0.04,trailing_eps_fallback_icc,0.1467224869516065,0.09818364503479257,2026-06-25
LKQ,26.75,1.2,6815654912.0,254790835.0,25.337,Consumer Cyclical,LKQ Corporation,2.96921,0.11955368599728566,forecast_icc,0.13118320453990895,0.9471775595664136,2026-06-25
LKSP,10.14,0.0,159130400.0,11860000.0,-0.29,Financial Services,Lake Superior Acquisition Corp.,0.09,0.04,trailing_eps_fallback_icc,0.013141705868781606,,2026-06-25
LLY,1127.69,6.92,1005607780352.0,891741406.0,34.917,Healthcare,Eli Lilly and Company,36.21946,0.22801941276871607,forecast_icc,0.0729065340342182,0.030963299291899792,2026-06-25
LLYVA,98.28,0.0,9042195456.0,25573685.0,-3.453,Communication Services,"Liberty Live Holdings, Inc. - S",1.86,0.04,forecast_icc,0.02391169381966437,,2026-06-25
LMAT,93.93,1.0,2146370048.0,22850739.0,17.797,Healthcare,"LeMaitre Vascular, Inc.",3.0,0.08518666666666674,forecast_icc,0.04556349244826076,0.1894708707671083,2026-06-25
LMB,81.91,0.0,976454656.0,11921067.0,16.47,Industrials,"Limbach Holdings, Inc.",4.67775,0.07830901608679386,forecast_icc,0.062380994112598676,0.20107433794652313,2026-06-25
LMNR,12.99,0.3,235534784.0,18132007.0,8.312,Consumer Defensive,Limoneira Co,0.51333,0.04,forecast_icc,0.04570845182808625,0.639876792822244,2026-06-25
LMRI,10.58,0.0,1016534208.0,96080735.0,6.241,Healthcare,"Lumexa Imaging Holdings, Inc.",0.70609,0.2750499228143721,forecast_icc,0.1202983594595356,0.5898865600546519,2026-06-25
LMT,505.02,13.8,116439236608.0,230563608.0,32.561,Industrials,Lockheed Martin Corporation,29.88573,0.0754186027913657,forecast_icc,0.07316854614337187,0.0644746724453551,2026-06-25
LNC,36.34,1.8,6948687872.0,191213197.0,48.251,Financial Services,Lincoln National Corporation,7.75436,0.07658917047957536,forecast_icc,0.1612557656563588,1.3277654916152493,2026-06-25
LNG,235.1,2.22,49265647616.0,209551868.0,17.872,Energy,"Cheniere Energy, Inc.",17.91486,0.08893287471964606,forecast_icc,0.08225432179380887,0.07601871011799509,2026-06-25
LNN,124.87,1.48,1305474688.0,10395655.0,48.842,Industrials,Lindsay Corporation,5.08,0.2473759842519685,forecast_icc,0.09202039733455514,0.3889348343382051,2026-06-25
LNT,76.19,2.09,19678128128.0,258277037.0,28.737,Utilities,Alliant Energy Corporation,3.4259,0.0757552759858724,forecast_icc,0.06164219041963152,0.377175469332781,2026-06-25
LNTH,109.01,0.0,7097213952.0,65106082.0,18.629,Healthcare,"Lantheus Holdings, Inc.",5.33316,0.19936397932932803,forecast_icc,0.08395857505276416,0.17089257978987865,2026-06-25
LOAN,4.43,0.44,50632024.0,11429351.0,3.772,Real Estate,"Manhattan Bridge Capital, Inc",0.44,0.01,forecast_icc,0.10195664811698724,0.8514672842626239,2026-06-25
LOAR,77.37,0.0,7243725824.0,93624471.0,12.603,Industrials,Loar Holdings Inc.,1.30495,0.20555576842024603,forecast_icc,0.04167180907152224,0.16289258272360033,2026-06-25
LOB,40.96,0.12,1894907520.0,46262391.0,25.548,Financial Services,"Live Oak Bancshares, Inc.",3.11,0.32797427652733124,forecast_icc,0.14492555388195327,0.6237304738059195,2026-06-25
LOBO,0.7014,0.0,9708735.0,10111618.0,0.556,Consumer Cyclical,LOBO TECHNOLOGIES LTD.,0.2,0.04,forecast_icc,0.14432833683601476,0.5790723104503317,2026-06-25
LOCO,16.25,0.0,494898592.0,30455298.0,9.933,Consumer Cyclical,"El Pollo Loco Holdings, Inc.",0.972,0.11522633744855981,forecast_icc,0.07386103101929764,0.6112615390791009,2026-06-25
LODE,3.98,0.0,302134080.0,75913084.0,2.111,Basic Materials,Comstock Inc.,0.32,0.04,forecast_icc,0.06624907286113746,0.5304020000789055,2026-06-25
LOGI,100.85,1.7,14475563008.0,143535585.0,15.41,Technology,Logitech International S.A. - R,5.85944,0.061441025080894995,forecast_icc,0.06420716524518177,0.15280119768934655,2026-06-25
LOMA,11.64,0.0,1358348800.0,116696630.0,7.04489,Basic Materials,Loma Negra Compania Industrial ,0.69762,0.17125369112124078,forecast_icc,0.08794356441138379,0.6052310877152466,2026-06-25
LOOP,0.82,0.0,39671904.0,48380371.0,-0.198,Basic Materials,"Loop Industries, Inc.",0.115,0.04,forecast_icc,0.0951121116945507,,2026-06-25
LOPE,143.03,0.0,3792339712.0,26514296.0,26.36,Consumer Defensive,"Grand Canyon Education, Inc.",10.07333,0.10820652157727384,forecast_icc,0.08005949374319102,0.18429700281027986,2026-06-25
LOVE,16.11,0.0,235824928.0,14638418.0,14.041,Consumer Cyclical,The Lovesac Company,1.24,0.75,forecast_icc,0.25310766848334276,0.8715704013190667,2026-06-25
LOW,221.93,5.0,124437716992.0,560707041.0,-16.524,Consumer Cyclical,"Lowe's Companies, Inc.",12.49718,0.0784673022233815,forecast_icc,0.0699377288760813,,2026-06-25
LPA,3.98,0.0,125838912.0,31617815.0,7.973,Real Estate,Logistic Properties of the Amer,0.11333,0.75,forecast_icc,0.16480866477668965,2.0032661995281713,2026-06-25
LPAA,10.84,0.0,311650016.0,23000000.0,-0.418,Financial Services,Launch One Acquisition Corp.,0.27,0.01,trailing_eps_fallback_icc,0.023780296001878316,,2026-06-25
LPBB,10.73,0.0,308487488.0,23000000.0,-1.903,Financial Services,Launch Two Acquisition Corp.,0.3,0.01,trailing_eps_fallback_icc,0.025884024622552612,,2026-06-25
LPG,36.95,2.95,1580820096.0,42782681.0,26.623,Energy,Dorian LPG Ltd.,6.29,0.01,forecast_icc,0.12244098750248866,0.7205141933260191,2026-06-25
LPL,3.96,0.0,3960000000.0,1000000000.0,4.263186,Technology,"LG Display Co, Ltd AMERICAN DEP",0.1059,0.04,forecast_icc,0.03063059357332254,1.0765621212121212,2026-06-25
LPLA,277.33,1.2,22181646336.0,79982861.0,70.905,Financial Services,LPL Financial Holdings Inc.,23.19955,0.22649275524740786,forecast_icc,0.12485260704786405,0.2556701460883395,2026-06-25
LPRO,3.12,0.0,369166144.0,118322488.0,0.637,Financial Services,Open Lending Corporation,0.13,0.46153846153846145,forecast_icc,0.13253876540810328,0.20416667693124105,2026-06-25
LPTH,13.63,0.0,855819648.0,62789407.0,1.456,Technology,"LightPath Technologies, Inc.",0.13,0.04,forecast_icc,0.013953336194198696,0.10682318033436876,2026-06-25
LPX,81.6,1.2,5700974080.0,69864880.0,24.714,Industrials,Louisiana-Pacific Corporation,1.90469,0.75,forecast_icc,0.17548109073838514,0.30286765385889985,2026-06-25
LQDA,76.92,0.0,6840349184.0,88928099.0,1.23,Healthcare,Liquidia Corporation,3.48,0.6011494252873564,forecast_icc,0.16943842012291255,0.01599064007227149,2026-06-25
LQDT,38.14,0.0,1189252224.0,31181231.0,7.124,Consumer Cyclical,"Liquidity Services, Inc.",1.505,0.1262458471760799,forecast_icc,0.05816675135612778,0.18678551543663122,2026-06-25
LRCX,401.82,1.04,502504456192.0,1250571000.0,8.464,Technology,Lam Research Corporation,5.67988,0.40988894131566145,forecast_icc,0.0663283344346822,0.021064157369294418,2026-06-25
LRE,1.24,0.07,16915958.0,13641900.0,2.3049874,Real Estate,"Lead Real Estate Co., Ltd",0.38,0.75,trailing_eps_fallback_icc,0.4,1.8588605866756112,2026-06-25
LRN,86.11,0.0,3661814016.0,42524840.0,39.186,Consumer Defensive,"Stride, Inc.",8.19667,0.06832042768587732,forecast_icc,0.08385683091873256,0.45506909224742015,2026-06-25
LSAK,4.55,0.0,390099840.0,85736223.0,2.314,Technology,"Lesaka Technologies, Inc.",0.34,0.38235294117647034,forecast_icc,0.15585592899688427,0.5085713955227462,2026-06-25
LSBK,16.86,0.36,132566648.0,7862790.0,19.319,Financial Services,"Lake Shore Bancorp, Inc.",1.09,0.75,trailing_eps_fallback_icc,0.26588779815920016,1.1458480869939474,2026-06-25
LSCC,144.2,0.0,19756531712.0,137007857.0,5.409,Technology,Lattice Semiconductor Corporati,1.81985,0.269994779789543,forecast_icc,0.0412466273329333,0.037510404625467494,2026-06-25
LSE,4.0703,0.0,69296856.0,4315000.0,2.669,Energy,"Leishen Energy Holding Co., Ltd",0.08,0.01,trailing_eps_fallback_icc,0.019872751868226186,0.1661941921290051,2026-06-25
LSF,5.02,0.0,55241828.0,11004348.0,1.072,Consumer Defensive,"Laird Superfood, Inc.",0.21333,0.4531477054328974,forecast_icc,0.1320434174906281,0.21354581271278714,2026-06-25
LSPD,9.56,0.0,1317234432.0,137786012.0,10.765,Technology,Lightspeed Commerce Inc. Subord,0.61812,0.480764252895878,forecast_icc,0.16947428141568605,1.126045890652819,2026-06-25
LSTR,210.12,1.6,7128994816.0,33928210.0,23.549,Industrials,"Landstar System, Inc.",5.67088,0.2501163840532685,forecast_icc,0.07032692695207132,0.11207406344255083,2026-06-25
LTC,38.45,2.28,1967927040.0,51181456.0,19.632,Real Estate,"LTC Properties, Inc.",1.72,0.01,forecast_icc,0.04600426443488789,0.510585160815718,2026-06-25
LTH,39.86,0.0,8872945664.0,222602738.0,14.472,Consumer Cyclical,"Life Time Group Holdings, Inc.",1.70333,0.1448163303646386,forecast_icc,0.06543541836608313,0.36307072603932944,2026-06-25
LTM,56.9,1.53,16657130496.0,287107992.0,6.0,Industrials,LATAM Airlines Group S.A.,4.92027,0.39722413607383333,forecast_icc,0.1940573789059682,0.10341804985040323,2026-06-25
LTRX,5.32,0.0,237317744.0,44608597.0,1.87,Technology,"Lantronix, Inc.",0.152,0.75,forecast_icc,0.1650671819814985,0.3515037476085227,2026-06-25
LU,1.23,0.0,1066027328.0,866688892.0,13.59142,Financial Services,Lufax Holding Ltd,8.68053,0.01,forecast_icc,0.4,11.04993505429782,2026-06-25
LUCK,7.64,0.24,1041959424.0,77862689.0,-2.654,Consumer Cyclical,LUCKY STRIKE ENTERTAINMENT CORP,0.19333,0.381,forecast_icc,0.1092401994115767,,2026-06-25
LUD,4.96,0.0,112542400.0,22690000.0,0.979,Basic Materials,Luda Technology Group Limited,0.03,0.04,trailing_eps_fallback_icc,0.010000000000000002,0.19737903225806452,2026-06-25
LULU,112.06,0.0,12724851712.0,108437957.0,42.173,Consumer Cyclical,lululemon athletica inc.,11.04556,0.0469482760493809,forecast_icc,0.07842964692738805,0.3593876034129615,2026-06-25
LUV,52.09,0.72,25460224000.0,488773713.0,14.066,Industrials,Southwest Airlines Company,2.7549,0.6445134124650622,forecast_icc,0.20981374986433166,0.27003262214260176,2026-06-25
LUXE,7.39,0.0,1014363200.0,137261608.0,10.081616,Consumer Cyclical,LuxExperience B.V.,5.83,0.04,trailing_eps_fallback_icc,0.24693970631257167,1.3642241983921815,2026-06-25
LVS,46.28,1.1,30666854400.0,662637325.0,1.807,Consumer Cyclical,Las Vegas Sands Corp.,3.36248,0.09252694439818221,forecast_icc,0.08686965986468731,0.039044945094694805,2026-06-25
LW,44.68,1.52,6169092608.0,138072803.0,13.147,Consumer Defensive,"Lamb Weston Holdings, Inc.",2.81358,0.06792058516196442,forecast_icc,0.07639156153597326,0.2942479966481645,2026-06-25
LWAY,30.33,0.0,463499648.0,15281888.0,5.91,Consumer Defensive,"Lifeway Foods, Inc.",1.11,0.33333333333333326,forecast_icc,0.09726804241200526,0.19485658396875416,2026-06-25
LX,1.97,0.38,324632896.0,129117160.0,10.750425,Financial Services,LexinFintech Holdings Ltd.,5.05262,0.34031057154505984,forecast_icc,0.4,4.275796944475399,2026-06-25
LXFR,18.74,0.52,506100064.0,27006409.0,8.498,Industrials,Luxfer Holdings PLC,1.135,0.24669603524229067,forecast_icc,0.12488158975141961,0.4534685529737455,2026-06-25
LXP,54.38,2.8,3205837568.0,58952512.0,32.122,Real Estate,LXP Industrial Trust,0.085,0.75,forecast_icc,0.030865261478690988,0.5906951148636611,2026-06-25
LXU,10.69,0.0,769026240.0,71938845.0,7.555,Basic Materials,"LSB Industries, Inc.",1.56524,0.01,forecast_icc,0.0827879763183833,0.7067352785972557,2026-06-25
LYB,55.84,4.12,18024300544.0,322784773.0,31.106,Basic Materials,LyondellBasell Industries NV,9.39802,0.01,forecast_icc,0.11891855352971448,0.5570559104042645,2026-06-25
LYFT,14.08,0.0,5345929728.0,379682532.0,7.91,Technology,"Lyft, Inc.",0.56864,0.6735896173325828,forecast_icc,0.17635890445876312,0.5617898066242595,2026-06-25
LYG,5.75,0.2,83650265088.0,14547872176.0,4.3946557,Financial Services,Lloyds Banking Group Plc,0.53205,0.1898693731792125,forecast_icc,0.1385435057490535,0.7642879471316972,2026-06-25
LYTS,26.8,0.2,983892416.0,36712404.0,9.914,Technology,LSI Industries Inc.,1.225,0.13877551020408152,forecast_icc,0.07014527798335746,0.36992537734532144,2026-06-25
LYV,175.11,0.0,40750338048.0,232712799.0,-0.604,Communication Services,"Live Nation Entertainment, Inc.",2.18872,0.04,forecast_icc,0.017382600801769753,,2026-06-25
LZ,5.73,0.0,983541696.0,171647764.0,0.847,Industrials,"LegalZoom.com, Inc.",0.72586,0.13295952387512755,forecast_icc,0.12229865303251175,0.1478184978829815,2026-06-25
LZB,40.8,0.97,1627812864.0,39897378.0,26.023,Consumer Cyclical,La-Z-Boy Incorporated,2.94333,0.12231044429268878,forecast_icc,0.09576541809127004,0.6378186895161433,2026-06-25
M,25.7,0.77,6760075776.0,263037954.0,18.389,Consumer Cyclical,Macy's Inc,2.20352,0.04857228434504801,forecast_icc,0.08274627931357992,0.715525253914846,2026-06-25
MA,488.92,3.48,432001843200.0,877036230.0,7.576,Financial Services,Mastercard Incorporated,19.6598,0.15867964068810458,forecast_icc,0.06881332504823004,0.015380551224648107,2026-06-25
MAA,138.08,6.12,16476622848.0,116384802.0,47.619,Real Estate,Mid-America Apartment Communiti,3.39003,0.01,forecast_icc,0.027197065876684134,0.3363630968290766,2026-06-25
MAC,25.48,0.68,7874093568.0,297559375.0,9.354,Real Estate,Macerich Company (The),0.08,0.04,forecast_icc,0.010000000000000002,0.35348454647040334,2026-06-25
MACI,10.88,0.0,235243248.0,21621621.0,-0.357,Financial Services,Melar Acquisition Corp. I,0.23,0.01,trailing_eps_fallback_icc,0.021017661656741744,,2026-06-25
MAGN,12.42,0.0,442152000.0,35600000.0,29.022,Consumer Defensive,Magnera Corporation,1.68272,0.04,forecast_icc,0.09309104301685844,2.3367149758454104,2026-06-25
MAIA,1.35,0.0,82081024.0,60800758.0,0.458,Healthcare,"MAIA Biotechnology, Inc.",1.12,0.04,forecast_icc,0.25327317244184766,0.33925925636600246,2026-06-25
MAIN,50.19,4.38,4667160064.0,92989838.0,33.458,Financial Services,Main Street Capital Corporation,3.84143,0.025659715262285054,forecast_icc,0.08750718713199201,0.6666268045534939,2026-06-25
MAIR,40.0,0.0,20052688896.0,176888113.0,,Industrials,Madison Air Solutions Corporati,1.03657,0.20746307533499908,forecast_icc,0.05692250804552482,,2026-06-25
MAKO,7.31,0.0,640097600.0,87564647.0,1.992,Basic Materials,Mako Mining Corp,0.55,0.75,trailing_eps_fallback_icc,0.25078607128549535,0.27250340701792974,2026-06-25
MAMA,19.52,0.0,794594176.0,40706667.0,1.36,Consumer Defensive,"Mama's Creations, Inc.",0.272,0.4558823529411764,forecast_icc,0.07036931726734397,0.06967212797693599,2026-06-25
MAMK,13.16,0.0,218784992.0,9200000.0,0.739,Industrials,MaxsMaking Inc.,0.06,0.04,trailing_eps_fallback_icc,0.010000000000000002,0.03107525766666847,2026-06-25
MAMO,0.965,0.0,40183516.0,41640950.0,0.545,Consumer Cyclical,Massimo Group,0.07,0.04,trailing_eps_fallback_icc,0.061726096192410984,0.5647668499192554,2026-06-25
MAN,33.81,1.44,1572413312.0,46507342.0,44.41,Industrials,ManpowerGroup,3.6844,0.2999511453696666,forecast_icc,0.1933867510814561,1.313516645056233,2026-06-25
MANH,127.87,0.0,7565377536.0,59164602.0,3.468,Technology,"Manhattan Associates, Inc.",5.35961,0.11065357367420403,forecast_icc,0.05726403762558052,0.027121295501729207,2026-06-25
MANU,21.96,0.0,,,1.375816,Communication Services,Manchester,0.1451934,0.04,forecast_icc,0.01022253993822455,,2026-06-25
MAR,378.91,2.92,99914260480.0,263688623.0,-15.459,Consumer Cyclical,Marriott International,11.5996,0.12806734714990164,forecast_icc,0.05172340153404745,,2026-06-25
MAS,79.72,1.28,16082269184.0,201734437.0,-1.2,Industrials,Masco Corporation,4.27122,0.10148154391485353,forecast_icc,0.07154526561600527,,2026-06-25
MASK,2.15,0.0,4441633.0,2065876.0,10.012,Technology,3 E Network Technology Group Lt,1.36,0.04,trailing_eps_fallback_icc,0.22072938855598412,4.6567446054187736,2026-06-25
MAT,13.81,0.0,4012758016.0,290569000.0,7.249,Consumer Cyclical,"Mattel, Inc.",1.33122,0.19276302940160162,forecast_icc,0.12233084112161335,0.5249094693977181,2026-06-25
MATH,0.98,0.0,42538932.0,43407071.0,0.855,Financial Services,Metalpha Technology Holding Lim,0.18,0.04,trailing_eps_fallback_icc,0.11204123149358047,0.8724489299590313,2026-06-25
MATV,8.0,0.4,440939424.0,55117428.0,9.12,Basic Materials,"Mativ Holdings, Inc.",0.85,0.47058823529411775,forecast_icc,0.25727966834822824,1.14,2026-06-25
MATW,26.34,1.02,821872192.0,31202438.0,16.416,Industrials,Matthews International Corporat,1.09,0.1330275229357798,forecast_icc,0.07925507982751745,0.623234643042893,2026-06-25
MATX,196.37,1.44,5942800384.0,30263281.0,90.212,Industrials,"Matson, Inc.",14.48361,0.05752019006311282,forecast_icc,0.07030430579608626,0.45939808325421283,2026-06-25
MAX,11.0,0.0,594683712.0,54062155.0,0.035,Communication Services,"MediaAlpha, Inc.",1.37858,0.2102743402631695,forecast_icc,0.14637910311742297,0.003181818144365118,2026-06-25
MBAI,1.11,0.0,8580699.0,7730359.0,0.49,Healthcare,Check-Cap Ltd.,0.66,0.04,trailing_eps_fallback_icc,0.2138220428401979,0.4414414152040527,2026-06-25
MBAV,10.82,0.0,388843744.0,28750000.0,-0.54,Financial Services,M3-Brigade Acquisition V Corp.,0.13,0.04,trailing_eps_fallback_icc,0.016842632927422385,,2026-06-25
MBBC,15.25,0.0,44998876.0,2950746.0,16.113,Financial Services,"Marathon Bancorp, Inc.",0.42,0.75,trailing_eps_fallback_icc,0.16227617462852806,1.05659017567461,2026-06-25
MBC,9.61,0.0,1229931904.0,127984590.0,10.316,Consumer Cyclical,"MasterBrand, Inc.",0.41,0.4878048780487805,forecast_icc,0.13991976846755871,1.0734651456280948,2026-06-25
MBIN,50.0,0.44,2296770304.0,45935408.0,38.729,Financial Services,Merchants Bancorp,5.12333,0.11190768504078408,forecast_icc,0.10569236792794856,0.7745800323757581,2026-06-25
MBLY,7.86,0.0,6619582976.0,244418126.0,9.703,Consumer Cyclical,Mobileye Global Inc.,0.27787,0.28034692482095935,forecast_icc,0.08459789898867787,0.3582686530520801,2026-06-25
MBUU,29.11,0.0,571634240.0,19637041.0,26.364,Consumer Cyclical,"Malibu Boats, Inc.",1.467,0.7116564417177913,forecast_icc,0.20351930410076474,0.9056681925211478,2026-06-25
MBWM,56.27,1.56,972029120.0,17274375.0,42.661,Financial Services,Mercantile Bank Corporation,5.588,0.05702755905511814,forecast_icc,0.09272756025637807,0.7581481837447421,2026-06-25
MC,65.46,2.6,4868674048.0,74374014.0,6.549,Financial Services,Moelis & Company,3.09021,0.27896485999333387,forecast_icc,0.12881163202936474,0.10004272475091766,2026-06-25
MCB,97.55,1.0,1209112448.0,12394797.0,76.528,Financial Services,Metropolitan Bank Holding Corp.,10.39838,0.13849272675166713,forecast_icc,0.11744673314280826,0.7845002558570964,2026-06-25
MCBS,35.08,1.04,1005394304.0,28660042.0,18.883,Financial Services,"MetroCity Bankshares, Inc.",3.28,0.01,forecast_icc,0.06971634951199959,0.5382839060584135,2026-06-25
MCD,264.54,7.44,187957231616.0,710505859.0,-1.81,Consumer Cyclical,McDonald's Corporation,12.98339,0.0951115232616444,forecast_icc,0.07097355302151553,,2026-06-25
MCFT,25.64,0.0,621059008.0,24222270.0,11.613,Consumer Cyclical,"MasterCraft Boat Holdings, Inc.",1.71,0.15497076023391831,forecast_icc,0.08958467101200884,0.45292511321243084,2026-06-25
MCHB,15.79,1.31,3495923200.0,220286632.0,12.608,Financial Services,Mechanics Bancorp,1.01667,0.19016003226218925,forecast_icc,0.13673429776620483,0.7944607754129153,2026-06-25
MCHP,94.12,1.82,51020505088.0,542079281.0,11.866,Technology,Microchip Technology Incorporat,3.16173,0.30077520850926565,forecast_icc,0.09968675467619093,0.12607309036340522,2026-06-25
MCHX,1.5,0.0,66454200.0,39641872.0,0.652,Communication Services,"Marchex, Inc.",0.05,,forecast_icc,0.010000000000000002,0.3889370505400712,2026-06-25
MCI,17.46,1.6,358903424.0,20555752.0,16.628,Financial Services,Barings Corporate Investors,1.37,0.01,trailing_eps_fallback_icc,0.08060891227741285,0.9523482402218597,2026-06-25
MCK,763.81,3.28,89425149952.0,117077745.0,-18.1,Healthcare,McKesson Corporation,44.26476,0.1373331742903383,forecast_icc,0.07966262646647793,,2026-06-25
MCN,5.47,0.72,114834280.0,20993470.0,6.378,Financial Services,Madison Covered Call & Equity S,0.31,0.04,trailing_eps_fallback_icc,0.0714840913532443,1.1659963528312278,2026-06-25
MCO,438.85,4.12,76656754688.0,174676438.0,17.14,Financial Services,Moody's Corporation,16.69965,0.11372274269221228,forecast_icc,0.057522518622176166,0.039056625335962464,2026-06-25
MCRI,130.64,1.2,2318796800.0,17749516.0,30.995,Consumer Cyclical,"Monarch Casino & Resort, Inc.",6.67,0.020989505247376306,forecast_icc,0.04479130969302669,0.23725504900645028,2026-06-25
MCS,23.42,0.32,719657536.0,23743749.0,14.364,Communication Services,Marcus Corporation (The),0.49333,0.31757647011128465,forecast_icc,0.07640354785688552,0.4739132067339319,2026-06-25
MCTA,29.355,0.0,504260192.0,15178000.0,0.023,Healthcare,Charming Medical Limited,0.07,0.04,trailing_eps_fallback_icc,0.010000000000000002,0.0006922894282323202,2026-06-25
MCY,104.12,1.27,5767064064.0,55388627.0,46.762,Financial Services,Mercury General Corporation,11.75,0.02127659574468077,forecast_icc,0.07897360742553905,0.449116386957133,2026-06-25
MD,24.11,0.0,1979959296.0,82121911.0,10.965,Healthcare,"Pediatrix Medical Group, Inc.",2.27626,0.03659511655083336,forecast_icc,0.07256188705748368,0.45479053833791544,2026-06-25
MDA,36.04,0.0,5000585216.0,138750977.0,7.7147512,Industrials,MDA Space Ltd.,1.49735,,forecast_icc,0.010000000000000002,0.2140607989014865,2026-06-25
MDB,294.1,0.0,23655030784.0,80431927.0,36.458,Technology,"MongoDB, Inc.",6.13317,0.19649218919416866,forecast_icc,0.047213924279173036,0.12396463235843405,2026-06-25
MDGL,513.79,0.0,11845767168.0,23055659.0,23.585,Healthcare,"Madrigal Pharmaceuticals, Inc.",12.38,0.04,forecast_icc,0.028478023539529995,0.045903968042181935,2026-06-25
MDLN,37.77,0.0,67297456128.0,845606187.0,13.324,Healthcare,Medline Inc.,1.51327,0.10228181355607413,forecast_icc,0.05372454543961458,0.16741876266702263,2026-06-25
MDLZ,61.2,2.0,78559371264.0,1283649766.0,20.06,Consumer Defensive,"Mondelez International, Inc.",3.05334,0.10863185888240423,forecast_icc,0.07763450335730018,0.3277777544759959,2026-06-25
MDRR,11.35,0.27,18483476.0,1628500.0,15.612,Real Estate,"Medalist Diversified, Inc.",3.69,0.04,trailing_eps_fallback_icc,0.16478164718017163,1.3755065335113374,2026-06-25
MDT,80.52,2.88,103069237248.0,1280045190.0,38.638,Healthcare,Medtronic plc.,5.94821,0.07742833558330986,forecast_icc,0.0880562938058641,0.4798559431677536,2026-06-25
MDU,21.7,0.56,4535430656.0,209006024.0,13.893,Utilities,"MDU Resources Group, Inc.",0.97653,0.08219921558989474,forecast_icc,0.062800418216579,0.6402304238938408,2026-06-25
MDV,17.62,1.2,181903072.0,10323670.0,15.431,Real Estate,"Modiv Industrial, Inc.",0.1,0.30000000000000004,forecast_icc,0.02803250938239732,0.8757661430258857,2026-06-25
MDXG,3.81,0.0,567483200.0,148945731.0,1.631,Healthcare,"MiMedx Group, Inc",0.1225,0.04,forecast_icc,0.03470877145884266,0.4280840159867288,2026-06-25
MEC,35.29,0.0,899683520.0,25494006.0,11.373,Industrials,"Mayville Engineering Company, I",0.13482,0.75,forecast_icc,0.053594529739362254,0.3222725811827697,2026-06-25
MEDP,519.96,0.0,14849896448.0,28559689.0,20.95,Healthcare,"Medpace Holdings, Inc.",17.07263,0.09892617599045961,forecast_icc,0.04593387417108585,0.04029155938192303,2026-06-25
MEGI,15.15,1.5,788520128.0,52047534.0,,Financial Services,NYLI CBRE Global Infrastructure Megatrends Term Fund,2.06,0.04,trailing_eps_fallback_icc,0.13767491156262246,,2026-06-25
MEI,18.0,0.2,638492544.0,35471806.0,19.058,Technology,"Methode Electronics, Inc.",0.155,0.75,forecast_icc,0.10531033992807515,1.058777718080918,2026-06-25
MELI,1619.25,0.0,82091417600.0,50697182.0,143.617,Consumer Cyclical,"MercadoLibre, Inc.",39.95642,0.43694980681452456,forecast_icc,0.09553247727368797,0.08869352485507571,2026-06-25
MEOH,48.52,0.74,3753714176.0,77364263.0,31.122,Basic Materials,Methanex Corporation,9.22709,0.01,forecast_icc,0.10313642800334144,0.6414261928838985,2026-06-25
MET,84.63,2.37,54454054912.0,643436779.0,42.296,Financial Services,"MetLife, Inc.",9.90945,0.11002326062495893,forecast_icc,0.12232801739773758,0.4997754905225009,2026-06-25
META,542.87,2.1,1378033860608.0,2196045588.0,96.013,Communication Services,"Meta Platforms, Inc.",32.83473,0.06361800447270305,forecast_icc,0.06216532385153284,0.15300707121058382,2026-06-25
METC,12.65,0.28,826184640.0,53804858.0,6.55,Basic Materials,"Ramaco Resources, Inc.",0.1775,0.04,forecast_icc,0.021020708114060524,0.4265654465568374,2026-06-25
MFA,9.63,1.44,983163904.0,101596232.0,17.512,Real Estate,"MFA Financial, Inc.",1.28767,0.14631854434754232,forecast_icc,0.21485642958051476,1.8096201534103515,2026-06-25
MFC,40.18,1.33,66926800896.0,1665674480.0,20.62445,Financial Services,Manulife Financial Corporation,4.47515,0.10296638101516153,forecast_icc,0.11906286607426464,0.5133013915071085,2026-06-25
MFG,9.59,0.18,116827234304.0,12182192875.0,5.794414,Financial Services,"Mizuho Financial Group, Inc. Sp",0.67066,,forecast_icc,0.010000000000000002,0.6042141574790613,2026-06-25
MFIN,9.97,0.56,230433264.0,23112664.0,17.632,Financial Services,Medallion Financial Corp.,1.115,0.3004484304932735,forecast_icc,0.20644991614595687,1.7685054864648364,2026-06-25
MFM,5.53,0.29,227767616.0,41187631.0,6.023,Financial Services,MFS Municipal Income Trust,0.13,0.01,trailing_eps_fallback_icc,0.026206208142472057,1.0891500111806938,2026-06-25
MG,18.78,0.0,597517248.0,31816681.0,7.33,Industrials,Mistras Group Inc,1.045,0.19138755980861255,forecast_icc,0.08886453998173213,0.39030885302577906,2026-06-25
MGA,65.35,1.98,17789874176.0,272224550.0,43.411,Consumer Cyclical,"Magna International, Inc.",6.81071,0.11646362860847104,forecast_icc,0.11842161823992792,0.6642846274872946,2026-06-25
MGEE,78.855,1.9,2976502016.0,37746521.0,36.715,Utilities,MGE Energy Inc.,3.9375,0.05968253968253978,forecast_icc,0.06003717535225442,0.4656014042877773,2026-06-25
MGF,2.84,0.23,92556144.0,32590193.0,3.189,Financial Services,MFS Government Markets Income T,0.16,0.037,trailing_eps_fallback_icc,0.0699160977079899,1.1228873739273322,2026-06-25
MGM,47.2,0.0,12076178432.0,255851235.0,9.511,Consumer Cyclical,MGM Resorts International,1.9583,0.18658530357963543,forecast_icc,0.07304787170577975,0.20150423495208256,2026-06-25
MGN,0.1895,0.0,7011500.0,32000000.0,0.71763164,Industrials,Megan Holdings Limited,0.01,0.04,trailing_eps_fallback_icc,0.04921164184851767,3.275221062540113,2026-06-25
MGNI,17.32,0.0,2480483840.0,143215003.0,6.405,Communication Services,"Magnite, Inc.",1.10556,0.11798545533485272,forecast_icc,0.07772829853245777,0.3698036969331758,2026-06-25
MGNX,4.66,0.0,296204160.0,63563123.0,0.334,Healthcare,"MacroGenics, Inc.",0.035,0.01,forecast_icc,0.010000000000000002,0.07167381809222396,2026-06-25
MGPI,16.35,0.48,349419712.0,21371237.0,27.202,Consumer Defensive,"MGP Ingredients, Inc.",1.6225,0.29738058551617863,forecast_icc,0.17519950526784267,1.6637309485104266,2026-06-25
MGRC,123.31,1.96,3028711680.0,24561770.0,50.362,Industrials,McGrath RentCorp,6.3375,0.1061143984220907,forecast_icc,0.07083862972839816,0.4084178328720943,2026-06-25
MGRT,79.53,0.0,1093537536.0,13750000.0,1.132,Technology,Mega Fortune Company Limited,0.17,0.75,trailing_eps_fallback_icc,0.035970461162280976,0.014233622063797175,2026-06-25
MGY,27.2,0.63,5180822016.0,184947909.0,10.983,Energy,Magnolia Oil & Gas Corporation,2.98308,0.01,forecast_icc,0.07513908245388362,0.3920773341129579,2026-06-25
MGYR,17.83,0.4,115230456.0,6462729.0,19.192,Financial Services,"Magyar Bancorp, Inc.",1.78,0.116,trailing_eps_fallback_icc,0.11174371351353718,1.076388129263326,2026-06-25
MH,9.15,0.0,1750176768.0,191276168.0,3.799,Consumer Defensive,"McGraw Hill, Inc.",1.83687,0.1116518860888358,forecast_icc,0.14844490041968272,0.4151912969696099,2026-06-25
MHD,11.7,0.71,610056896.0,52141616.0,12.825,Financial Services,"Blackrock MuniHoldings Fund, In",0.31,0.04,trailing_eps_fallback_icc,0.03565523847325969,1.0961538662780723,2026-06-25
MHF,6.86,0.41,152338976.0,22206849.0,6.999,Financial Services,Western Asset Municipal High In,0.18,0.153,trailing_eps_fallback_icc,0.05915521189875453,1.020262445186713,2026-06-25
MHH,7.82,0.0,93825816.0,11998186.0,7.59,Industrials,"Mastech Digital, Inc",0.455,0.75,forecast_icc,0.22560070019876133,0.9705882199841459,2026-06-25
MHK,121.0,0.0,7375330304.0,60953145.0,137.08,Consumer Cyclical,"Mohawk Industries, Inc.",8.58422,0.1528560544813622,forecast_icc,0.09242725485623227,1.1328925990024379,2026-06-25
MHO,159.19,0.0,4101961728.0,25590109.0,124.749,Consumer Cyclical,"M/I Homes, Inc.",12.5,0.21819999999999995,forecast_icc,0.11598808938808455,0.7782472678499354,2026-06-25
MIAX,36.74,0.0,3556014848.0,96788640.0,11.31,Financial Services,"Miami International Holdings, I",1.54765,0.1775789099602625,forecast_icc,0.07183206406585307,0.3078388491588211,2026-06-25
MICC,17.21,0.0,10546926592.0,612259739.0,1.1703111,Consumer Defensive,The Magnum Ice Cream Company N.,1.07309,0.11949603481534621,forecast_icc,0.0769615323696412,0.06793774114046691,2026-06-25
MIDD,171.77,0.0,7766494208.0,45214496.0,50.94,Industrials,The Middleby Corporation,9.60764,0.12914826117548106,forecast_icc,0.07411244544324705,0.2965593438372136,2026-06-25
MIN,2.43,0.23,276529728.0,113798238.0,2.733,Financial Services,MFS Intermediate Income Trust,0.16,0.01,trailing_eps_fallback_icc,0.06767208019089102,1.124691318735901,2026-06-25
MIND,4.82,0.0,43809248.0,9089055.0,4.569,Technology,"MIND Technology, Inc.",0.08,0.75,forecast_icc,0.12687263439951213,0.9479252484543903,2026-06-25
MIR,18.47,0.0,4518790656.0,244655718.0,7.522,Industrials,"Mirion Technologies, Inc.",0.53824,0.21471834126040412,forecast_icc,0.06295748264842146,0.4072550491695095,2026-06-25
MITK,17.65,0.0,797053696.0,45158851.0,5.338,Technology,"Mitek Systems, Inc.",1.114,0.08976660682226201,forecast_icc,0.06980453568094613,0.30243626978677235,2026-06-25
MITT,8.07,0.96,256654048.0,31803475.0,10.207,Real Estate,"TPG Mortgage Investment Trust, ",1.072,0.16845149253731329,forecast_icc,0.21368300785387906,1.2648079071988767,2026-06-25
MIY,12.2,0.65,353369952.0,28964750.0,12.424,Financial Services,Blackrock MuniYield Michigan Qu,0.34,0.04,trailing_eps_fallback_icc,0.03713332223627297,1.0183606499739966,2026-06-25
MKC,48.35,1.92,12998567936.0,253986983.0,25.976,Consumer Defensive,"McCormick & Company, Incorporat",3.09349,0.07796695641492302,forecast_icc,0.08296997217043056,0.507560979247245,2026-06-25
MKC-V,48.87,1.92,13138366464.0,14856212.0,25.976,Consumer Defensive,"McCormick & Company, Incorporat",6.1,0.75,trailing_eps_fallback_icc,0.3548141057176949,0.029372370147339497,2026-06-25
MKL,1883.38,0.0,23568070656.0,12513710.0,1440.231,Financial Services,Markel Group Inc.,111.566,0.09119265726117276,forecast_icc,0.06729046081379997,0.7647054920221806,2026-06-25
MKSI,410.31,1.0,27714031616.0,67544129.0,41.768,Technology,MKS Inc.,11.69842,0.27758022023486917,forecast_icc,0.07501222744010494,0.10179620270200099,2026-06-25
MKTW,17.04,0.9,44964812.0,2638780.0,-4.831,Financial Services,"MarketWise, Inc.",1.63,0.75,forecast_icc,0.34659065567119185,,2026-06-25
MKTX,109.09,3.12,3876998656.0,35539453.0,33.492,Financial Services,"MarketAxess Holdings, Inc.",7.9363,0.10115167017375848,forecast_icc,0.09186525819757041,0.307012579958965,2026-06-25
MLAB,98.15,0.64,542272000.0,5524931.0,33.71,Technology,"Mesa Laboratories, Inc.",11.62,0.0559380378657488,forecast_icc,0.09391332447380718,0.3434538829406644,2026-06-25
MLCO,5.17,0.0,2007467392.0,388291551.0,-3.14,Consumer Cyclical,Melco Resorts & Entertainment L,0.59454,0.40994718605981095,forecast_icc,0.19947614184961726,,2026-06-25
MLGO,4.04,0.0,44203736.0,10941519.0,31.363731,Technology,"MicroAlgo, Inc.",2.12,0.75,trailing_eps_fallback_icc,0.4,7.763299885950567,2026-06-25
MLI,134.39,1.4,14859584512.0,110570613.0,30.159,Industrials,"Mueller Industries, Inc.",8.4,0.04166666666666652,forecast_icc,0.059163698534018816,0.22441402145356296,2026-06-25
MLKN,19.31,0.75,1320316160.0,68374732.0,19.531,Consumer Cyclical,"MillerKnoll, Inc.",1.9975,0.18314392991239048,forecast_icc,0.14620030042931925,1.0114447820528076,2026-06-25
MLM,628.94,3.32,37765267456.0,60045900.0,188.106,Basic Materials,"Martin Marietta Materials, Inc.",19.50043,0.17485409296102694,forecast_icc,0.06038677843227486,0.29908418041947415,2026-06-25
MLR,52.33,0.84,596337856.0,11395716.0,36.615,Consumer Cyclical,"Miller Industries, Inc.",2.09,0.5311004784688997,forecast_icc,0.16280935974181576,0.6996942037837022,2026-06-25
MMD,15.51,0.81,291269312.0,18779453.0,16.425,Financial Services,MainStay MacKay DefinedTerm Mun,0.1,0.054,trailing_eps_fallback_icc,0.011536626200008893,1.0589942119443054,2026-06-25
MMED,14.22,0.0,3993260544.0,280819988.0,12.328,Healthcare,"MiniMed Group, Inc.",0.65909,0.03350073586308411,forecast_icc,0.043024769562089005,0.8669478923096283,2026-06-25
MMI,30.07,0.5,1137301760.0,37821808.0,15.051,Real Estate,"Marcus & Millichap, Inc.",0.43,0.75,forecast_icc,0.14425424086456556,0.5005320946729214,2026-06-25
MMLP,2.13,0.02,83335592.0,39124686.0,-2.395,Energy,Martin Midstream Partners L.P.,0.15,0.04,forecast_icc,0.06329984905996955,,2026-06-25
MMM,167.97,3.12,87607656448.0,521567261.0,6.256,Industrials,3M Company,8.6983,0.08879896071646187,forecast_icc,0.06762174370203222,0.0372447445475582,2026-06-25
MMS,55.07,1.32,2893397760.0,52540363.0,31.952,Industrials,"Maximus, Inc.",8.435,0.07528156490812088,forecast_icc,0.12469024512543692,0.5802070153589944,2026-06-25
MMSI,70.83,0.0,4225353472.0,59654855.0,27.269,Healthcare,"Merit Medical Systems, Inc.",4.07117,0.08030615277672015,forecast_icc,0.06316996315833123,0.38499222651425075,2026-06-25
MMT,4.42,0.4,241656064.0,54673317.0,4.935,Financial Services,MFS Multimarket Income Trust,0.38,0.01,trailing_eps_fallback_icc,0.08829758718265601,1.1165158238901052,2026-06-25
MMU,10.4,0.65,568035968.0,54618848.0,11.097,Financial Services,Western Asset Managed Municipal,0.04,0.149,trailing_eps_fallback_icc,0.011732205652635854,1.0670193269451556,2026-06-25
MMYT,52.13,0.0,4945426944.0,89571502.0,-0.698,Consumer Cyclical,MakeMyTrip Limited,1.7991,0.21736423767439295,forecast_icc,0.07085481654238948,,2026-06-25
MNDO,1.01,0.22,20387018.0,20185166.0,1.131,Technology,MIND C.T.I. Ltd.,0.15,0.75,trailing_eps_fallback_icc,0.4,1.119801961522769,2026-06-25
MNDY,67.09,0.0,3458587648.0,51160822.0,15.8,Technology,monday.com Ltd.,4.45211,0.21141211695128836,forecast_icc,0.10378562013754833,0.23371996602932413,2026-06-25
MNKD,3.93,0.0,1214174208.0,308950166.0,-0.192,Healthcare,MannKind Corporation,0.085,0.75,forecast_icc,0.14467826112632098,,2026-06-25
MNR,12.63,1.82,2106706048.0,166801737.0,10.99,Energy,Mach Natural Resources LP,1.43333,0.0377931111467702,forecast_icc,0.13446862247580438,0.8701503901649217,2026-06-25
MNRO,16.05,1.12,481905504.0,30025266.0,19.702,Consumer Cyclical,"Monro, Inc.",0.334,0.75,forecast_icc,0.17953822996208635,1.2275389797830571,2026-06-25
MNSB,24.29,0.4,172873120.0,7117049.0,26.585,Financial Services,"MainStreet Bancshares, Inc.",2.26,0.07079646017699126,forecast_icc,0.08966747574916895,1.0944833278013377,2026-06-25
MNSBP,24.57,1.88,,,26.585,Financial Services,"MainStreet Bancshares, Inc. - D",2.633,0.75,trailing_eps_fallback_icc,0.3897108346641459,,2026-06-25
MNSO,11.3,0.67,3520354048.0,302934621.0,5.3217597,Consumer Cyclical,MINISO Group Holding Limited,10.1163,0.130369799234898,forecast_icc,0.34978839313127674,0.4579497504486724,2026-06-25
MNST,95.83,0.0,93722517504.0,978008110.0,8.924,Consumer Defensive,Monster Beverage Corporation,2.2619,0.12971395729254165,forecast_icc,0.04073343576535836,0.09312323874854841,2026-06-25
MNTK,1.5,0.0,213511712.0,142341139.0,1.841,Basic Materials,"Montauk Renewables, Inc.",0.17564,0.746185379184696,forecast_icc,0.2977465932425517,1.2273333132142183,2026-06-25
MNTN,8.4,0.0,620962304.0,61013456.0,4.31,Technology,"MNTN, Inc.",1.00079,0.20253000129897392,forecast_icc,0.14017607398393161,0.42348463613018283,2026-06-25
MNY,0.8801,0.0,38797216.0,30827897.0,0.899,Communication Services,MoneyHero Limited,0.02,0.04,forecast_icc,0.027316907308253646,0.7143368071306972,2026-06-25
MO,73.21,4.24,122252730368.0,1669891235.0,-1.922,Consumer Defensive,"Altria Group, Inc.",5.681,0.03443935926773456,forecast_icc,0.08374005817994795,,2026-06-25
MOB,5.1,0.0,64430192.0,12633371.0,0.722,Industrials,Mobilicom Limited,0.32515,0.04,forecast_icc,0.05638766192765743,0.14156862767070444,2026-06-25
MOD,283.67,0.0,14982254592.0,52815785.0,22.622,Consumer Cyclical,Modine Manufacturing Company,7.80945,0.45511399650423523,forecast_icc,0.10510366880818622,0.07974758945212296,2026-06-25
MOG-A,416.26,1.2,13188180992.0,28439084.0,66.357,Industrials,Moog Inc.,10.60667,0.08351631567683349,forecast_icc,0.036749256222578935,0.14309269019986467,2026-06-25
MOG-B,420.0,1.2,13306673152.0,3243472.0,66.357,Industrials,Moog Inc.,8.84,0.491,trailing_eps_fallback_icc,0.09939372941906288,0.016174371238061955,2026-06-25
MOGU,1.63,0.0,13323035.0,7162861.0,10.063928,Consumer Cyclical,MOGU Inc.,0.07,0.04,forecast_icc,0.04222015641176684,5.410667867945104,2026-06-25
MOH,216.04,0.0,11255684096.0,52100000.0,78.462,Healthcare,Molina Healthcare Inc,5.15285,0.5667368543621492,forecast_icc,0.11740990694886044,0.36318274083871377,2026-06-25
MOMO,5.4,0.0,797836032.0,107565168.0,10.849708,Communication Services,Hello Group Inc.,6.83354,0.05952112667811993,forecast_icc,0.3271071423936852,1.4627700642266102,2026-06-25
MORN,141.84,2.0,5393893888.0,38028018.0,26.788,Financial Services,"Morningstar, Inc.",11.9225,0.1278641224575383,forecast_icc,0.10140999104380588,0.18886069458102028,2026-06-25
MOS,21.73,0.88,6906807808.0,317846644.0,37.137,Basic Materials,Mosaic Company (The),0.86771,0.75,forecast_icc,0.25715838673938085,1.7090197304398485,2026-06-25
MOV,38.09,1.6,846635264.0,15771631.0,22.741,Consumer Cyclical,Movado Group Inc.,1.8305,0.16880633706637527,forecast_icc,0.09866866746996716,0.4236330280839802,2026-06-25
MP,55.62,0.0,9901594624.0,178022198.0,11.072,Basic Materials,MP Materials Corp.,0.2286,0.75,forecast_icc,0.056287180642110385,0.19906508508017867,2026-06-25
MPA,11.19,0.57,144906352.0,12949630.0,12.393,Financial Services,Blackrock MuniYield Pennsylvani,0.33,0.75,trailing_eps_fallback_icc,0.2181754303131841,1.107506761263302,2026-06-25
MPAA,14.91,0.0,282169024.0,18924818.0,14.056,Consumer Cyclical,"Motorcar Parts of America, Inc.",1.74,0.01,forecast_icc,0.07109099632820126,0.9427230460562531,2026-06-25
MPB,34.16,0.86,865783232.0,25344942.0,35.08,Financial Services,Mid Penn Bancorp,3.17,0.14353312302839116,forecast_icc,0.11782879515903033,1.0269320685573176,2026-06-25
MPC,253.56,3.91,74023452672.0,291936635.0,57.177,Energy,Marathon Petroleum Corporation,29.70079,0.01,forecast_icc,0.07591010691878608,0.2254969253238969,2026-06-25
MPLX,56.07,4.31,56896118784.0,1014733719.0,13.863,Energy,MPLX LP,4.57604,0.07911644128984885,forecast_icc,0.1151344274682845,0.24724451943553155,2026-06-25
MPT,4.35,0.36,2601734912.0,598100000.0,7.603,Real Estate,"Medical Properties Trust, Inc.",0.11,0.3333636363636363,forecast_icc,0.09792372445077191,1.7478161510714278,2026-06-25
MPTI,91.34,0.0,394720576.0,4321443.0,20.478,Technology,"M-tron Industries, Inc.",2.66,0.3195488721804509,forecast_icc,0.0824329116287863,0.22419532989838364,2026-06-25
MPV,16.83,1.48,181313552.0,10773235.0,15.231,Financial Services,Barings Participation Investors,0.72,0.04,forecast_icc,0.0549382820104419,0.9049910526544646,2026-06-25
MPWR,1438.3,8.0,70663684096.0,49130000.0,74.852,Technology,"Monolithic Power Systems, Inc.",24.02205,0.262717378408587,forecast_icc,0.05228111018047954,0.05204199026764539,2026-06-25
MQ,3.95,0.0,1674919680.0,391222103.0,1.743,Technology,"Marqeta, Inc.",0.02731,0.75,forecast_icc,0.0782271478386275,0.4071240750654981,2026-06-25
MQY,11.48,0.7,824649856.0,71833617.0,12.428,Financial Services,Blackrock MuniYield Quality Fun,0.31,0.04,trailing_eps_fallback_icc,0.036204322381287124,1.0825784853784053,2026-06-25
MRAM,21.84,0.0,512095072.0,23447577.0,3.012,Technology,"Everspin Technologies, Inc.",0.41,0.13414634146341475,forecast_icc,0.03556411138801431,0.13791209051900424,2026-06-25
MRBK,20.05,0.56,238400064.0,11890278.0,16.855,Financial Services,Meridian Corporation,1.945,0.2956298200514138,forecast_icc,0.17185308218295725,0.8406484139618352,2026-06-25
MRCY,105.57,0.0,6338769408.0,60043283.0,24.835,Industrials,Mercury Systems Inc,1.05816,0.4474181598246012,forecast_icc,0.05570445407555502,0.23524675490214647,2026-06-25
MRDN,12.23,0.0,154739056.0,12652417.0,3.86,Consumer Cyclical,Meridian Holdings Inc.,0.67,0.75,forecast_icc,0.21996870711239758,0.3156173423986766,2026-06-25
MRK,125.45,3.4,309839462400.0,2469824415.0,18.576,Healthcare,"Merck & Company, Inc.",3.03075,0.75,forecast_icc,0.19533018413923198,0.1480749352508559,2026-06-25
MRM,1.01,0.0,7980970.0,7901950.0,0.1905012,Consumer Cyclical,MEDIROM Healthcare Technologies,0.37,0.04,trailing_eps_fallback_icc,0.16563084271944073,0.1886150376884013,2026-06-25
MRP,29.89,3.08,4963172352.0,154228116.0,35.262,Real Estate,"Millrose Properties, Inc.",3.105,0.040257648953301084,forecast_icc,0.12479865451055405,1.0957491379884283,2026-06-25
MRSH,162.23,3.6,78161518592.0,481794501.0,30.215,Financial Services,Marsh,10.3985,0.08853199980766457,forecast_icc,0.07874794911901775,0.18624792749619098,2026-06-25
MRT,1.63,0.0,140088384.0,85943792.0,-0.841,Technology,"Marti Technologies, Inc.",0.08,0.04,forecast_icc,0.046655587737930715,,2026-06-25
MRTN,17.31,0.24,1412307840.0,81589135.0,9.367,Industrials,"Marten Transport, Ltd.",0.22,0.75,forecast_icc,0.13435831106430307,0.5411323267489615,2026-06-25
MRVL,281.26,0.24,246046261248.0,874800000.0,20.804,Technology,"Marvell Technology, Inc.",4.04749,0.5253601614827954,forecast_icc,0.08325097541571369,0.07396714385209109,2026-06-25
MRX,64.12,0.64,4612207616.0,71930870.0,17.43,Financial Services,Marex Group plc,5.21261,0.06823453126169055,forecast_icc,0.07931372844014695,0.27183404748534196,2026-06-25
MS,221.04,4.0,348643033088.0,1577284817.0,66.178,Financial Services,Morgan Stanley,11.88835,0.07216728982575371,forecast_icc,0.06446722753734202,0.29939377733981376,2026-06-25
MSA,167.62,2.16,6470817280.0,38604089.0,34.901,Industrials,MSA Safety Incorporated,8.8775,0.09273669388904549,forecast_icc,0.06745088197580318,0.20821501394473005,2026-06-25
MSB,24.35,0.96,319472256.0,13120010.0,1.398,Basic Materials,Mesabi Trust,0.86,0.01,trailing_eps_fallback_icc,0.03693378228716708,0.05741272875977062,2026-06-25
MSBI,30.51,1.28,632466176.0,20729799.0,21.544,Financial Services,"Midland States Bancorp, Inc.",3.15,0.01,forecast_icc,0.07866740284250279,0.7061291284863904,2026-06-25
MSCI,544.56,8.2,39604535296.0,72727592.0,-38.053,Financial Services,MSCI Inc.,19.68596,0.1449154625936453,forecast_icc,0.06473180197747419,,2026-06-25
MSD,7.37,0.61,149104560.0,20231283.0,7.867,Financial Services,Morgan Stanley Emerging Markets,1.05,0.548,trailing_eps_fallback_icc,0.34659495168308274,1.0674355188131068,2026-06-25
MSDL,15.27,1.8,1294357248.0,84764712.0,19.81,Financial Services,Morgan Stanley Direct Lending Fund,1.8349,0.01,forecast_icc,0.12193850059443212,1.2973149007467835,2026-06-25
MSEX,54.58,1.42,1016515840.0,18624329.0,26.971,Utilities,Middlesex Water Company,2.58,0.1589147286821706,forecast_icc,0.0857102183444095,0.494155386165945,2026-06-25
MSFT,352.83,3.64,2620974694400.0,7428434704.0,55.777,Technology,Microsoft Corporation,16.81912,0.1515965163456825,forecast_icc,0.07640715915967855,0.15808462530000075,2026-06-25
MSGE,78.84,0.0,3729544192.0,40438480.0,1.015,Communication Services,Madison Square Garden Entertain,1.12,0.75,forecast_icc,0.11710222760508204,0.011005381646380019,2026-06-25
MSGM,3.96,0.0,16529258.0,4174055.0,1.388,Communication Services,Motorsport Games Inc.,1.16,0.01,trailing_eps_fallback_icc,0.12772076653223874,0.3505050462640247,2026-06-25
MSGY,0.5,0.0,7112500.0,14225000.0,0.612,Industrials,Masonglory Limited,0.05,0.01,trailing_eps_fallback_icc,0.06388052914682618,1.224,2026-06-25
MSI,397.01,4.84,65901907968.0,165995582.0,15.307,Technology,"Motorola Solutions, Inc.",16.97031,0.09127175637922935,forecast_icc,0.05793739669140241,0.03855570274092493,2026-06-25
MSIF,11.44,1.41,518749376.0,45345229.0,15.602,Financial Services,"MSC Income Fund, Inc.",1.43538,0.03308531538686599,forecast_icc,0.14325279768748278,1.3638113038578383,2026-06-25
MSM,119.37,3.48,6664942080.0,55834311.0,24.78,Industrials,"MSC Industrial Direct Company, ",4.33778,0.14241847212168435,forecast_icc,0.071091367735309,0.20758983498623293,2026-06-25
MSN,0.3436,0.0,7230255.0,21042652.0,0.727,Technology,Emerson Radio Corporation,4.07,0.04,forecast_icc,0.4,2.1158324296999207,2026-06-25
MSS,0.653,0.0,2792681.0,4052694.0,2.945,Consumer Defensive,Maison Solutions Inc.,0.5,0.04,forecast_icc,0.24324797209703897,4.273736896552094,2026-06-25
MSTR,85.33,0.0,30528387072.0,338128276.0,105.951,Technology,Strategy Inc,31.01714,0.01,forecast_icc,0.14493343162154287,1.17349891057081,2026-06-25
MT,61.82,0.6,46769262592.0,756539353.0,36.2635,Basic Materials,Arcelor Mittal NY Registry Shar,4.95336,0.41399979004150733,forecast_icc,0.17781004220368468,0.5865981909282505,2026-06-25
MTA,6.93,0.0,647558336.0,93442762.0,2.716,Basic Materials,Metalla Royalty & Streaming Ltd,0.06,0.75,forecast_icc,0.08927959499400318,0.39191919473954545,2026-06-25
MTB,236.77,6.0,34673795072.0,146445060.0,173.831,Financial Services,M&T Bank Corporation,18.73843,0.11589498159664369,forecast_icc,0.09958913824097382,0.7341766648848007,2026-06-25
MTCH,34.94,0.8,8150332416.0,233266526.0,-0.933,Communication Services,"Match Group, Inc.",3.842,0.10307131702238426,forecast_icc,0.11341077382145909,,2026-06-25
MTD,1243.42,0.0,25126535168.0,20207601.0,-2.073,Healthcare,"Mettler-Toledo International, I",46.65132,0.09911831004996219,forecast_icc,0.050630797590730525,,2026-06-25
MTDR,50.16,1.5,6228779520.0,124178227.0,44.965,Energy,Matador Resources Company,7.77689,0.13052518423174297,forecast_icc,0.15040990642619595,0.8964314692993018,2026-06-25
MTG,27.36,0.6,5786374144.0,211490268.0,23.627,Financial Services,MGIC Investment Corporation,3.06,0.07908496732026138,forecast_icc,0.1053383028655549,0.8635598801051187,2026-06-25
MTH,83.34,1.92,5567166976.0,66702433.0,76.366,Consumer Cyclical,Meritage Homes Corporation,5.02556,0.2901547290252231,forecast_icc,0.1335992238559366,0.914971298766017,2026-06-25
MTLS,6.89,0.0,400097600.0,58069322.0,5.040703,Technology,Materialise NV,0.18242,0.3595000548185505,forecast_icc,0.08506329219680386,0.7315970043643502,2026-06-25
MTN,133.34,8.88,4751374336.0,35633526.0,15.484,Consumer Cyclical,"Vail Resorts, Inc.",4.34544,0.4397552376744358,forecast_icc,0.14588740824594837,0.11612419429964274,2026-06-25
MTR,3.14,0.25,5851673.0,1863590.0,1.697,Energy,Mesa Royalty Trust,0.23,0.75,trailing_eps_fallback_icc,0.354290218362591,0.5404458229296134,2026-06-25
MTRN,281.8,0.57,5861857792.0,20801485.0,46.005,Basic Materials,Materion Corporation,6.43,0.1695178849144634,forecast_icc,0.04676858992848636,0.16325409987445155,2026-06-25
MTRX,13.82,0.0,388809792.0,28133850.0,4.957,Industrials,Matrix Service Company,0.25,0.75,forecast_icc,0.13249736910711973,0.35868308185509895,2026-06-25
MTSI,390.19,0.0,29769848832.0,76295774.0,18.039,Technology,MACOM Technology Solutions Hold,5.02551,0.3620229588638766,forecast_icc,0.05389546471020645,0.04623132199806799,2026-06-25
MTUS,20.23,0.0,842130560.0,41627806.0,16.403,Basic Materials,Metallus Inc.,0.83,0.608433734939759,forecast_icc,0.16343379427854277,0.8108254637119451,2026-06-25
MTW,14.46,0.0,519252576.0,35909584.0,19.101,Industrials,"Manitowoc Company, Inc. (The)",0.478,0.75,forecast_icc,0.1764579168003474,1.3209543788262303,2026-06-25
MTX,78.82,0.48,2444108288.0,31008734.0,55.729,Basic Materials,Minerals Technologies Inc.,6.2175,0.14756735022114986,forecast_icc,0.09980410185201485,0.707041396475965,2026-06-25
MTZ,403.57,0.0,31889520640.0,79018556.0,42.434,Industrials,"MasTec, Inc.",8.83513,0.33225996674638636,forecast_icc,0.07112668454874482,0.105146560312297,2026-06-25
MU,1213.56,0.6,1370586480640.0,1129393151.0,64.237,Technology,"Micron Technology, Inc.",73.43298,0.75,forecast_icc,0.23000187171773112,0.052932688936863044,2026-06-25
MUA,10.77,0.67,542321408.0,50354821.0,11.285,Financial Services,"Blackrock MuniAssets Fund, Inc",0.31,0.75,trailing_eps_fallback_icc,0.2152834516195602,1.0478180403768977,2026-06-25
MUC,10.9,0.64,1026604672.0,94183923.0,11.787,Financial Services,Blackrock MuniHoldings Californ,0.23,0.04,trailing_eps_fallback_icc,0.029619595406341306,1.0813762402213187,2026-06-25
MUFG,20.02,0.49,225763000320.0,11276872492.0,12.210892,Financial Services,"Mitsubishi UFJ Financial Group,",1.48344,0.05160977188157245,forecast_icc,0.07467731630046834,0.6099346301316149,2026-06-25
MUJ,12.24,0.65,650985536.0,53185098.0,12.629,Financial Services,Blackrock MuniHoldings New Jers,0.46,0.75,trailing_eps_fallback_icc,0.24891385272916178,1.0317811464278064,2026-06-25
MUR,35.39,1.35,5073141248.0,143349576.0,35.57,Energy,Murphy Oil Corporation,3.86943,0.01,forecast_icc,0.0801204765297753,1.005086231401535,2026-06-25
MUSA,523.73,2.43,9673651200.0,18470685.0,35.662,Consumer Cyclical,Murphy USA Inc.,32.12857,0.01,forecast_icc,0.04579711172666323,0.06809234226576208,2026-06-25
MUX,17.32,0.0,1034698304.0,59740087.0,11.015,Basic Materials,McEwen Inc.,1.72,0.75,forecast_icc,0.28019334413216346,0.6359699786508977,2026-06-25
MVBF,28.56,0.68,366993152.0,12849901.0,26.071,Financial Services,MVB Financial Corp.,1.66,0.5140542168674698,forecast_icc,0.19448346547294415,0.9128501911964831,2026-06-25
MVST,1.125,0.0,374802048.0,333157384.0,1.399,Consumer Cyclical,"Microvast Holdings, Inc.",0.04,0.75,forecast_icc,0.1823400870074231,1.2435555854166518,2026-06-25
MWA,26.98,0.28,4221589504.0,156471079.0,6.845,Industrials,MUELLER WATER PRODUCTS,1.478,0.06901217861975639,forecast_icc,0.06164372457164373,0.25370646168704325,2026-06-25
MWC,3.43,0.0,202342256.0,58991914.0,1.7020651,Consumer Cyclical,"Micware Co., Ltd.",0.14,0.04,trailing_eps_fallback_icc,0.040621768410536205,0.49622891424913934,2026-06-25
MWH,36.84,0.0,7765446656.0,123745401.0,3.75,Utilities,"SOLV Energy, Inc.",1.385,0.16967509025270755,forecast_icc,0.06509496524231098,0.0597577028478399,2026-06-25
MXC,7.46,0.1,15263160.0,2046000.0,9.412,Energy,Mexco Energy Corporation,0.6,0.01,trailing_eps_fallback_icc,0.058250964157853136,1.261662198391421,2026-06-25
MXE,12.96,0.23,57026708.0,4400209.0,15.896,Financial Services,"Mexico Equity and Income Fund, ",4.92,0.04,trailing_eps_fallback_icc,0.17600977947415364,1.2265432236418066,2026-06-25
MXF,21.71,1.4,313059584.0,14420065.0,22.019,Financial Services,"Mexico Fund, Inc. (The)",5.26,0.04,trailing_eps_fallback_icc,0.15914466603893607,1.0142331602759682,2026-06-25
MXL,94.47,0.0,8459406848.0,89545959.0,5.073,Technology,"MaxLinear, Inc",1.33749,0.40214132442111716,forecast_icc,0.06320772060658475,0.053699586527677076,2026-06-25
MYE,30.58,0.54,1148502784.0,37557322.0,7.71,Consumer Cyclical,"Myers Industries, Inc.",1.58,0.17721518987341778,forecast_icc,0.0905233277698757,0.25212559921839944,2026-06-25
MYFW,31.39,0.0,305392288.0,9728968.0,28.098,Financial Services,"First Western Financial, Inc.",2.44,0.16393442622950816,forecast_icc,0.10064167581214167,0.8951258876059108,2026-06-25
MYGN,5.43,0.0,512853760.0,94448210.0,3.574,Healthcare,"Myriad Genetics, Inc.",0.04778,0.75,forecast_icc,0.09011223939835211,0.6581952378393403,2026-06-25
MYI,10.99,0.67,730475072.0,66467251.0,11.9,Financial Services,Blackrock MuniYield Quality Fun,0.38,0.75,trailing_eps_fallback_icc,0.2379584532097062,1.0828025722142645,2026-06-25
MYN,10.09,0.61,386580288.0,38313208.0,10.862,Financial Services,Blackrock MuniYield New York Qu,0.16,0.04,trailing_eps_fallback_icc,0.023330594277398746,1.076511343734112,2026-06-25
MYPS,0.44,0.0,56637692.0,112264257.0,1.801,Communication Services,"PLAYSTUDIOS, Inc.",0.01296,0.04,forecast_icc,0.03272512270175834,3.5698475647100874,2026-06-25
MYRG,487.33,0.0,7588232704.0,15571036.0,45.145,Industrials,"MYR Group, Inc.",11.46571,0.14951450891397045,forecast_icc,0.04380823939936074,0.09263743583528353,2026-06-25
MZTI,112.41,4.0,3082549760.0,27422381.0,38.1,Consumer Defensive,The Marzetti Company,6.77,0.06617429837518474,forecast_icc,0.07444433937634751,0.33893782661922056,2026-06-25
NAAS,3.08,0.0,37130020.0,11641592.0,-13.078408,Consumer Cyclical,Naas Technology Inc.,0.01,0.04,forecast_icc,0.010000000000000002,,2026-06-25
NABL,3.19,0.0,600926720.0,188378290.0,4.241,Technology,"N-able, Inc.",0.415,0.15662650602409633,forecast_icc,0.13193925601519446,1.3294671401697697,2026-06-25
NAD,11.97,0.85,2794567424.0,233464265.0,12.235,Financial Services,Nuveen Quality Municipal Income,0.28,0.508,trailing_eps_fallback_icc,0.13310693412588803,1.0221386171411264,2026-06-25
NAGE,3.31,0.0,263622720.0,79644327.0,1.034,Healthcare,"Niagen Bioscience, Inc.",0.23,0.326086956521739,forecast_icc,0.13601538351330922,0.3123867097570346,2026-06-25
NAMM,1.74,0.0,94799824.0,54482657.0,-0.726,Basic Materials,Namib Minerals,1.84,0.04,forecast_icc,0.2858538438776296,,2026-06-25
NAT,6.26,0.88,1325559168.0,211750663.0,2.153,Energy,Nordic American Tankers Limited,0.685,0.01,forecast_icc,0.11228205544116887,0.34392970788837696,2026-06-25
NATH,101.62,2.0,416073440.0,4094405.0,-3.474,Consumer Cyclical,"Nathan's Famous, Inc.",4.85,0.01,trailing_eps_fallback_icc,0.04121024064941936,,2026-06-25
NATL,43.31,0.0,3196187392.0,73797901.0,5.366,Technology,NCR Atleos Corporation,4.195,0.266984505363528,forecast_icc,0.14404617557793442,0.12389747164298931,2026-06-25
NATR,20.67,0.0,363479296.0,17584871.0,9.503,Consumer Defensive,"Nature's Sunshine Products, Inc",1.28,0.01,forecast_icc,0.0450427222013295,0.4597484119508144,2026-06-25
NAVI,8.46,0.64,795150464.0,93989417.0,25.314,Financial Services,Navient Corporation,0.71433,0.32391191746111736,forecast_icc,0.21231927945061735,2.9921985959351716,2026-06-25
NAVN,21.59,0.0,5491012096.0,239026566.0,4.896,Technology,"Navan, Inc.",0.25253,0.30285510632400126,forecast_icc,0.04296628202170737,0.2131253850248302,2026-06-25
NAZ,12.63,0.74,162029376.0,12828929.0,11.124,Financial Services,Nuveen Arizona Quality Municipa,0.56,0.04,trailing_eps_fallback_icc,0.05681716033502748,0.8807600801721288,2026-06-25
NBB,15.59,1.16,458264192.0,29394752.0,,Financial Services,Nuveen Taxable Municipal Income,0.94,0.04,trailing_eps_fallback_icc,0.07572872064528846,,2026-06-25
NBBK,21.13,0.28,926475520.0,43846451.0,20.278,Financial Services,"NB Bancorp, Inc.",1.96,0.2627551020408163,forecast_icc,0.1480636600252353,0.9596781719370199,2026-06-25
NBH,10.44,0.65,309212544.0,29618059.0,11.406,Financial Services,36814,0.17,0.317,trailing_eps_fallback_icc,0.06739841983487838,1.0925287072247625,2026-06-25
NBHC,44.51,1.28,1993639552.0,44790822.0,37.252,Financial Services,National Bank Holdings Corporat,3.47,0.18948126801152743,forecast_icc,0.12378503219646408,0.8369354929130138,2026-06-25
NBIS,256.63,0.0,65157894144.0,220406311.0,28.273,Communication Services,Nebius Group N.V.,0.36122,0.04,forecast_icc,0.010000000000000002,0.09563764625558921,2026-06-25
NBIX,164.18,0.0,16508295168.0,100549983.0,33.871,Healthcare,"Neurocrine Biosciences, Inc.",10.39447,0.21941186034497195,forecast_icc,0.10301200144386369,0.20630406953194844,2026-06-25
NBN,130.25,0.04,1114335616.0,8555360.0,66.352,Financial Services,Northeast Bank,12.1,0.19834710743801653,forecast_icc,0.12163526144969994,0.5094203564610825,2026-06-25
NBR,84.13,0.0,1244779776.0,14795909.0,38.447,Energy,Nabors Industries Ltd.,3.39619,0.04,forecast_icc,0.04028117881391981,0.4569951442744199,2026-06-25
NBTB,49.26,1.48,2562023936.0,52010232.0,36.808,Financial Services,NBT Bancorp Inc.,4.175,0.08811017964071866,forecast_icc,0.09634737097956181,0.7472188657397462,2026-06-25
NBTX,34.43,0.0,1748554496.0,50785785.0,-2.025814,Healthcare,Nanobiotix S.A.,0.04253,0.5899365154008935,forecast_icc,0.017290606579568726,,2026-06-25
NBXG,16.1,1.38,1268060160.0,78761496.0,,Financial Services,Neuberger Berman Income Funds - Neuberger Next Generation Connectivity Fund Inc.,4.08,0.04,trailing_eps_fallback_icc,0.17321948776273233,,2026-06-25
NC,51.71,1.05,389924928.0,5978790.0,57.968,Energy,"NACCO Industries, Inc.",2.86,0.75,trailing_eps_fallback_icc,0.25055806211875986,0.8888339109214377,2026-06-25
NCDL,12.43,1.44,613881216.0,49387065.0,,Financial Services,Nuveen Churchill Direct Lending Corp.,1.56741,0.01,forecast_icc,0.12339646749227373,,2026-06-25
NCI,11.35,0.0,26834262.0,2289252.0,14.209439,Consumer Cyclical,Neo-Concept International Group,0.08,0.04,trailing_eps_fallback_icc,0.010804114949898132,1.212218418737508,2026-06-25
NCLH,20.98,0.0,9632131072.0,459110140.0,5.296,Consumer Cyclical,Norwegian Cruise Line Holdings ,1.65625,0.2216090566037734,forecast_icc,0.11725366365961676,0.2524308777844671,2026-06-25
NCMI,3.55,0.12,332920032.0,93780289.0,3.685,Communication Services,"National CineMedia, Inc.",0.145,0.04,forecast_icc,0.050172136385837285,1.0380281501504842,2026-06-25
NCNA,1.6,0.0,6659153.0,4161971.0,7.8404245,Healthcare,NuCana plc,132.43,0.04,trailing_eps_fallback_icc,0.4,4.900265754021495,2026-06-25
NCNO,14.35,0.0,1572084864.0,109552950.0,8.919,Technology,"nCino, Inc.",1.25476,0.1888966814370876,forecast_icc,0.11481982392491752,0.6215330885915838,2026-06-25
NCSM,45.47,0.0,119337064.0,2624523.0,47.564,Energy,"NCS Multistage Holdings, Inc.",2.53,0.557312252964427,forecast_icc,0.17590604368374463,1.0460523142416174,2026-06-25
NCV,17.31,1.63,391091616.0,22593393.0,17.579,Financial Services,AllianzGI Convertible & Income ,3.72,0.34,trailing_eps_fallback_icc,0.3094784940571288,1.0155401939043356,2026-06-25
NCZ,15.65,1.44,297802912.0,19028938.0,15.882,Financial Services,AllianzGI Convertible & Income ,3.56,0.546,trailing_eps_fallback_icc,0.4,1.0148241710813088,2026-06-25
NDAQ,77.65,1.12,43914244096.0,565540798.0,21.307,Financial Services,"Nasdaq, Inc.",3.94208,0.12544646481045563,forecast_icc,0.07467730067928985,0.2743979324030672,2026-06-25
NDLS,14.91,0.0,87850448.0,5892049.0,-8.154,Consumer Cyclical,Noodles & Company,0.37,0.04,forecast_icc,0.02907495442841468,,2026-06-25
NDMO,10.4,0.7,620160128.0,59630783.0,,Financial Services,Nuveen Dynamic Municipal Opportunities Fund,0.25,0.04,trailing_eps_fallback_icc,0.03295387438892383,,2026-06-25
NDSN,304.64,3.28,16973916160.0,55717948.0,57.472,Industrials,Nordson Corporation,11.46509,0.08425577121505357,forecast_icc,0.051039442745350036,0.18865545683571938,2026-06-25
NE,39.17,2.0,6249414656.0,159545944.0,28.768,Energy,Noble Corporation plc A,0.98451,0.75,forecast_icc,0.19970063191455456,0.7344396186905862,2026-06-25
NEA,11.55,0.82,3453934336.0,299041932.0,11.801,Financial Services,Nuveen AMT-Free Quality Municip,0.28,0.609,trailing_eps_fallback_icc,0.160835767985269,1.0217315954011235,2026-06-25
NECB,26.72,1.0,369645088.0,13815407.0,28.749,Financial Services,"NorthEast Community Bancorp, In",3.25,0.11384615384615393,forecast_icc,0.13098436390959922,1.0744877958259247,2026-06-25
NEE,87.7,2.49,182907584512.0,2085605358.0,26.481,Utilities,"NextEra Energy, Inc.",4.03662,0.09017197556371426,forecast_icc,0.06696563357087848,0.30194983785144575,2026-06-25
NEGG,16.55,0.0,347110144.0,20973423.0,8.028,Consumer Cyclical,"Newegg Commerce, Inc.",0.26,0.04,trailing_eps_fallback_icc,0.020781745209139037,0.4850755379940726,2026-06-25
NEM,95.35,1.04,101791154176.0,1067552764.0,32.55,Basic Materials,Newmont Corporation,10.22017,0.11067624119755348,forecast_icc,0.1089764658601805,0.34137389196037793,2026-06-25
NEO,13.73,0.0,1787807616.0,130211780.0,6.392,Healthcare,"NeoGenomics, Inc.",0.18,0.75,forecast_icc,0.11225618002387738,0.46554992288387254,2026-06-25
NEOG,9.51,0.0,2070070656.0,217673041.0,9.659,Healthcare,Neogen Corporation,0.37,0.01,forecast_icc,0.032641079657293015,1.015667700484036,2026-06-25
NEON,0.9153,0.0,15361411.0,16782922.0,1.361,Technology,Neonode Inc.,0.48,0.04,trailing_eps_fallback_icc,0.2003564040554805,1.4869439299553928,2026-06-25
NEPH,3.27,0.0,35500904.0,10856546.0,0.987,Healthcare,"Nephros, Inc.",0.045,0.75,forecast_icc,0.11516761640588402,0.3018348744584082,2026-06-25
NESR,26.98,0.0,2720858880.0,100847255.0,9.868,Energy,National Energy Services Reunit,1.64942,0.4590522729201778,forecast_icc,0.15973602188411007,0.3657524172440726,2026-06-25
NET,226.65,0.0,80447045632.0,321184834.0,4.32,Technology,"Cloudflare, Inc.",1.19755,0.31416642311385745,forecast_icc,0.025640177563306867,0.017247600231674348,2026-06-25
NEU,801.04,11.75,7367981056.0,9198019.0,188.361,Basic Materials,NewMarket Corp,25.82,0.01,forecast_icc,0.030973311209314076,0.23514556344415768,2026-06-25
NEXA,12.46,0.13,1650185088.0,132438611.0,8.615,Basic Materials,Nexa Resources S.A.,2.64667,0.0793449882304933,forecast_icc,0.1440946805765092,0.6914125221842994,2026-06-25
NEXN,8.49,0.0,473069408.0,55720779.0,8.089,Communication Services,Nexxen International Ltd.,1.07488,0.15594298898481673,forecast_icc,0.1297853250087636,0.9527679738086129,2026-06-25
NEXT,7.44,0.0,1971547904.0,264992987.0,-0.116,Energy,NextDecade Corporation,0.07,0.04,forecast_icc,0.01379635372448542,,2026-06-25
NFBK,14.55,0.52,607666176.0,41763852.0,16.634,Financial Services,"Northfield Bancorp, Inc.",1.4,0.0714285714285714,forecast_icc,0.09989497108556156,1.1432262344119677,2026-06-25
NFE,0.3726,0.0,106427472.0,285634650.0,-0.631,Energy,New Fortress Energy Inc.,0.07,0.04,forecast_icc,0.11355309004508063,,2026-06-25
NFG,76.51,2.22,7271155712.0,95035362.0,40.246,Energy,National Fuel Gas Company,7.4278,0.06980936481865418,forecast_icc,0.0968294455333748,0.5260227301610014,2026-06-25
NFJ,15.09,1.22,1419995520.0,92967244.0,14.823,Financial Services,"AllianzGI NFJ Dividend, Interes",1.59,0.04,trailing_eps_fallback_icc,0.11313071447083745,0.9704632433009366,2026-06-25
NFLX,70.9,0.0,298545610752.0,4210798528.0,7.389,Communication Services,"Netflix, Inc.",3.59238,0.06574749887261366,forecast_icc,0.054360787707525504,0.1042172090389159,2026-06-25
NGG,83.42,3.24,83014754304.0,995142123.0,9.998389,Utilities,"National Grid Transco, PLC Nati",6.06975,0.08733308620618652,forecast_icc,0.0921086721397858,0.11985602004679333,2026-06-25
NGL,16.01,0.0,1998276736.0,124814289.0,-4.945,Energy,NGL ENERGY PARTNERS LP,0.82,0.5121951219512195,forecast_icc,0.15880672621205455,,2026-06-25
NGS,43.37,0.36,558450368.0,12876421.0,22.27,Energy,"Natural Gas Services Group, Inc",1.8,0.3055555555555556,forecast_icc,0.10419176595438084,0.5134885964834748,2026-06-25
NGVC,31.51,0.6,726015168.0,23040786.0,10.021,Consumer Defensive,Natural Grocers by Vitamin Cott,2.12,0.08962264150943389,forecast_icc,0.08011357828232432,0.3180260229852388,2026-06-25
NGVT,74.17,0.0,2579015936.0,34771690.0,1.115,Basic Materials,Ingevity Corporation,4.93,0.16734279918864092,forecast_icc,0.09259558572953319,0.015033034037832328,2026-06-25
NHC,201.53,2.59,3147826176.0,15619641.0,69.9,Healthcare,National HealthCare Corporation,0.43,0.097,forecast_icc,0.010000000000000002,0.3468466315657196,2026-06-25
NHI,76.42,3.68,3704159744.0,48471079.0,31.259,Real Estate,"National Health Investors, Inc.",14.55137,0.01,forecast_icc,0.11565572780242117,0.4090421480648217,2026-06-25
NHP,14.8,0.0,1094599552.0,73553433.0,20.839,Real Estate,"National Healthcare Properties,",0.415,0.01,forecast_icc,0.025938754750180634,1.4003111799985462,2026-06-25
NHS,6.11,1.09,192891904.0,31569869.0,7.442,Financial Services,Neuberger Berman High Yield Str,0.66,0.057,trailing_eps_fallback_icc,0.13883421539391183,1.2180032454757668,2026-06-25
NI,47.81,1.2,22921990144.0,479439245.0,20.148,Utilities,NiSource Inc,2.05603,0.09395777298969388,forecast_icc,0.0638111737252699,0.42141811629687437,2026-06-25
NIC,161.35,1.32,3428994816.0,21251905.0,106.326,Financial Services,Nicolet Bankshares Inc.,11.932,0.11247066711364395,forecast_icc,0.08710529976706688,0.6589773890839268,2026-06-25
NICE,87.6,0.0,5133113344.0,58597188.0,2.4542,Technology,NICE Ltd,11.09072,0.13843736024351894,forecast_icc,0.1240665903262218,0.02801598350788336,2026-06-25
NIE,26.2,2.32,725974848.0,27708965.0,,Financial Services,AllianzGI Equity & Convertible ,4.13,0.04,trailing_eps_fallback_icc,0.14112209795427078,,2026-06-25
NIM,9.36,0.35,116500144.0,12446597.0,9.873,Financial Services,Nuveen Select Maturities Munici,0.38,0.04,trailing_eps_fallback_icc,0.05117623207700317,1.05480772779989,2026-06-25
NINE,11.94,0.0,166562880.0,13949990.0,9.605,Energy,"Nine Energy Service, Inc.",4.98,0.01,forecast_icc,0.15681296259768318,0.8044388638693087,2026-06-25
NIO,4.73,0.0,11851805696.0,2357167022.0,0.25754726,Consumer Cyclical,NIO Inc.,0.43067,0.75,forecast_icc,0.2707373545568367,0.051222735459066006,2026-06-25
NIQ,7.97,0.0,2352236544.0,295136342.0,3.104,,NIQ Global Intelligence plc,0.9793,0.23480036760951717,forecast_icc,0.15251448288159153,0.3894604936330757,2026-06-25
NIU,1.99,0.0,156087808.0,70825078.0,1.4948695,Consumer Cyclical,Niu Technologies,0.62892,0.75,forecast_icc,0.4,0.6782992873941891,2026-06-25
NIVF,0.5989,0.0,6033081.0,10073535.0,110.503,Healthcare,NewGenIvf Group Limited,4.74,0.75,forecast_icc,0.4,184.50868438613705,2026-06-25
NJR,56.7,1.9,5722253312.0,100921573.0,26.259,Utilities,NewJersey Resources Corporation,3.48915,0.01,forecast_icc,0.05364696862818008,0.4631216831749723,2026-06-25
NKE,40.9,1.64,60568281088.0,1199499281.0,9.52,Consumer Cyclical,"Nike, Inc.",1.50839,0.2147322642022289,forecast_icc,0.09540582896382299,0.18853487254374826,2026-06-25
NKSH,36.25,1.5,230854864.0,6368410.0,29.449,Financial Services,"National Bankshares, Inc.",3.22,0.04037267080745344,forecast_icc,0.08585279293454237,0.8123862016180001,2026-06-25
NL,5.76,0.4,281656736.0,48898734.0,7.354,Industrials,"NLI Holdings, Inc.",0.86,0.75,forecast_icc,0.4,1.2767359834632181,2026-06-25
NLY,22.56,3.0,16531432448.0,732776229.0,19.816,Real Estate,Annaly Capital Management Inc.,3.00495,0.01,forecast_icc,0.1364126858626732,0.8783687559767839,2026-06-25
NMAI,13.85,1.39,462945216.0,33425645.0,,Financial Services,Nuveen Multi-Asset Income Fund,2.43,0.04,trailing_eps_fallback_icc,0.15458032536952515,,2026-06-25
NMAX,6.67,0.0,861501504.0,89921348.0,0.829,Communication Services,"Newsmax, Inc.",0.07,0.04,forecast_icc,0.015096104071659448,0.08652892321822342,2026-06-25
NMCO,10.75,0.82,595435264.0,55389329.0,10.918,Financial Services,Nuveen Municipal Credit Opportunities Fund,0.02,0.04,trailing_eps_fallback_icc,0.010000000000000002,1.015627945781189,2026-06-25
NMFC,6.9,1.21,651721536.0,94452390.0,10.918,Financial Services,New Mountain Finance Corporatio,1.09714,0.01,forecast_icc,0.16283236356706465,1.5823187313239253,2026-06-25
NMI,11.0,0.46,132714560.0,12064960.0,9.918,Financial Services,"Nuveen Municipal Income Fund, I",0.28,0.01,trailing_eps_fallback_icc,0.028047504353637093,0.9016363636363636,2026-06-25
NMIH,39.55,0.0,3004688128.0,75971891.0,34.569,Financial Services,NMI Holdings Inc,5.13144,0.05201074162418351,forecast_icc,0.09537062108310346,0.8740582010842891,2026-06-25
NML,9.89,0.74,560356800.0,56658928.0,,Financial Services,1525,0.09,0.04,trailing_eps_fallback_icc,0.014392102059196499,,2026-06-25
NMM,69.73,0.24,1982048896.0,28424619.0,114.068,Industrials,Navios Maritime Partners LP,17.23,0.01,forecast_icc,0.1164812142142232,1.6358523983113684,2026-06-25
NMP,10.28,0.0,164180176.0,12137500.0,0.022,Financial Services,NMP Acquisition Corp.,0.22,0.04,trailing_eps_fallback_icc,0.026162862448247524,0.0016264143851325876,2026-06-25
NMR,8.79,0.32,25692913664.0,2922970836.0,7.9759107,Financial Services,Nomura Holdings Inc,0.80189,0.02250932172741904,forecast_icc,0.07738501531394071,0.9073846069590072,2026-06-25
NMRK,15.02,0.24,3743123712.0,156242184.0,7.891,Real Estate,"Newmark Group, Inc.",1.933,0.11647180548370395,forecast_icc,0.12509656210269704,0.3293791947061353,2026-06-25
NMZ,10.37,0.79,1218476032.0,117500107.0,10.613,Financial Services,Nuveen Municipal High Income Op,0.21,0.04,trailing_eps_fallback_icc,0.028631095175611916,1.0234330449193438,2026-06-25
NNBR,2.68,0.0,141433008.0,52773512.0,0.494,Industrials,"NN, Inc.",0.065,0.75,forecast_icc,0.15285670706898957,0.18432836363064553,2026-06-25
NNDM,1.39,0.0,290799936.0,209208591.0,2.334,Technology,Nano Dimension Ltd.,0.01,0.04,forecast_icc,0.010996195877509881,1.6791367223478344,2026-06-25
NNI,133.58,1.29,4800067072.0,25317348.0,103.787,Financial Services,"Nelnet, Inc.",8.6,0.13953488372093026,forecast_icc,0.08800863297961736,0.5474114335200689,2026-06-25
NNN,46.37,2.4,8821808128.0,190248177.0,23.103,Real Estate,"NNN REIT, Inc.",2.03195,0.03145254558429089,forecast_icc,0.053314990561612485,0.4982316062033264,2026-06-25
NNNN,16.1,0.0,706648320.0,43891200.0,0.687,Healthcare,Anbio Biotechnology,0.15,0.04,trailing_eps_fallback_icc,0.01368435459050292,0.04267080745341615,2026-06-25
NNY,8.66,0.35,163553200.0,18886052.0,8.961,Financial Services,Nuveen New York Municipal Value,0.32,0.75,trailing_eps_fallback_icc,0.24665619551449913,1.0347575710655617,2026-06-25
NOA,13.75,0.35,372660352.0,27102572.0,12.226305,Energy,North American Construction Gro,2.14081,0.40166105352646886,forecast_icc,0.24574260837456052,0.8891858492004537,2026-06-25
NOAH,9.94,0.69,652130240.0,65606666.0,21.231382,Financial Services,Noah Holdings Limited,9.69229,0.07694466426406965,forecast_icc,0.332636498091203,2.135953989179235,2026-06-25
NOC,499.33,9.4,70921568256.0,142033476.0,120.5,Industrials,Northrop Grumman Corporation,27.94252,0.07858883164439012,forecast_icc,0.06825941672256641,0.24132339821112261,2026-06-25
NOEM,10.42,0.0,99883512.0,9585750.0,-0.204,Financial Services,CO2 Energy Transition Corp.,0.16,0.01,trailing_eps_fallback_icc,0.01635210520675881,,2026-06-25
NOG,19.74,1.8,2147399168.0,108784154.0,16.941,Energy,"Northern Oil and Gas, Inc.",3.86252,0.07879311951782775,forecast_icc,0.17820955618028422,0.8582066997028844,2026-06-25
NOK,13.98,0.16,78043824128.0,5582534171.0,4.3391447,Technology,Nokia Corporation Sponsored,0.40066,0.2149203813707381,forecast_icc,0.06810301225925922,0.3103823246915042,2026-06-25
NOMD,10.56,0.68,1476194816.0,139791169.0,20.61553,Consumer Defensive,Nomad Foods Limited,1.5024,0.08479100106496285,forecast_icc,0.14367072292630978,1.9522281253252756,2026-06-25
NOV,18.94,0.35,6797347840.0,358888480.0,17.243,Energy,NOV Inc.,0.79473,0.5930190127464672,forecast_icc,0.18487417331792128,0.9104012633021292,2026-06-25
NOVT,160.43,0.0,5713442304.0,35613303.0,36.815,Technology,Novanta Inc.,3.59,0.15413091922005573,forecast_icc,0.04293943552085644,0.22947702631513262,2026-06-25
NOW,89.52,0.0,92322693120.0,1031308000.0,11.372,Technology,"ServiceNow, Inc.",4.12299,0.21918559103951285,forecast_icc,0.08529335536754537,0.12703306391588937,2026-06-25
NP,27.44,0.0,3795800320.0,94895913.0,-1.543,Financial Services,Neptune Insurance Holdings Inc.,0.53282,0.20322059982733398,forecast_icc,0.04584175686991865,,2026-06-25
NPAC,10.3793,0.0,398469888.0,30887075.0,-0.35,Financial Services,New Providence Acquisition Corp,0.31,0.04,trailing_eps_fallback_icc,0.033034684745206294,,2026-06-25
NPB,18.61,0.1,643568064.0,34581842.0,17.104,Financial Services,"Northpointe Bancshares, Inc.",2.69667,0.1063014755235161,forecast_icc,0.12469726310458473,0.9190757880241863,2026-06-25
NPCT,9.91,1.07,284962048.0,28755000.0,,Financial Services,102479,0.9,0.04,trailing_eps_fallback_icc,0.1106066756947188,,2026-06-25
NPFD,18.57,1.88,448728064.0,24164141.0,20.263,Financial Services,Nuveen Variable Rate Preferred & Income Fund,2.15,0.236,trailing_eps_fallback_icc,0.22073745576837667,1.0911686350042953,2026-06-25
NPK,123.72,1.0,886582848.0,7166043.0,55.4,Industrials,"National Presto Industries, Inc",0.87,0.01,forecast_icc,0.010000000000000002,0.447785317633395,2026-06-25
NPKI,15.52,0.0,1310618112.0,84447036.0,4.261,Industrials,NPK International Inc.,0.53,0.16981132075471694,forecast_icc,0.06106802381103067,0.2745489453422112,2026-06-25
NPO,380.22,1.26,8032780288.0,21126664.0,73.97,Industrials,Enpro Inc.,9.21,0.1252258414766556,forecast_icc,0.041844143784985716,0.19454526080024162,2026-06-25
NRC,20.54,0.6,462903744.0,22536696.0,0.599,Healthcare,NRC Health,0.34,0.75,forecast_icc,0.15730262004511764,0.02916260902828213,2026-06-25
NRDS,8.51,0.0,559947648.0,34113131.0,5.11,Communication Services,"NerdWallet, Inc.",1.30178,0.5798675659481631,forecast_icc,0.27942195618841803,0.3113114235457955,2026-06-25
NREF,15.3,2.0,352422304.0,18848029.0,20.797,Real Estate,"NexPoint Real Estate Finance, I",1.69,0.055224852071005914,forecast_icc,0.14067622457156853,1.1122521323536891,2026-06-25
NRG,147.11,1.9,31038218240.0,210986470.0,19.853,Utilities,"NRG Energy, Inc.",9.24349,0.2529358499873966,forecast_icc,0.11890721056959641,0.13495344212484023,2026-06-25
NRIM,27.25,0.64,606169856.0,22244766.0,15.096,Financial Services,Northrim BanCorp Inc,2.6,0.05769230769230771,forecast_icc,0.0891211233089374,0.553981667369484,2026-06-25
NRP,99.81,3.0,1322523648.0,13250412.0,46.848,Energy,Natural Resource Partners LP Li,3.0,0.01,forecast_icc,0.032278803769288975,0.4693717971052869,2026-06-25
NRT,7.18,1.01,65988436.0,9190590.0,0.206,Energy,North European Oil Royality Tru,1.01,0.01,trailing_eps_fallback_icc,0.14416008962345062,0.028690807886399973,2026-06-25
NRXP,3.56,0.0,152369488.0,42800420.0,-0.413,Healthcare,"NRX Pharmaceuticals, Inc.",0.5,0.04,forecast_icc,0.09519855302322411,,2026-06-25
NSA,44.84,2.28,6583439872.0,77212533.0,7.381,Real Estate,National Storage Affiliates Tru,0.33023,0.13136298943160818,forecast_icc,0.019134036711584396,0.08656655443863984,2026-06-25
NSC,312.06,5.4,70086803456.0,224594001.0,70.367,Industrials,Norfolk Southern Corporation,12.20741,0.11403729374207972,forecast_icc,0.06179201717755356,0.22549189418074464,2026-06-25
NSIT,113.9,0.0,3440226048.0,30203917.0,53.082,Technology,"Insight Enterprises, Inc.",11.42589,0.07604221640502384,forecast_icc,0.08922593033358395,0.4660403996202752,2026-06-25
NSP,38.41,2.4,1466078336.0,38169182.0,1.755,Industrials,"Insperity, Inc.",2.05398,0.36110380821624344,forecast_icc,0.17452145917089112,0.045691224517214336,2026-06-25
NSSC,37.42,0.6,1336916864.0,35727337.0,4.976,Industrials,"NAPCO Security Technologies, In",1.49,0.08724832214765099,forecast_icc,0.05562218474182465,0.1329770262453657,2026-06-25
NSYS,16.67,0.0,46584880.0,2794534.0,12.368,Healthcare,Nortech Systems Incorporated,0.38,0.04,trailing_eps_fallback_icc,0.027377659644059027,0.7419316420263399,2026-06-25
NTAP,154.59,2.08,30287259648.0,195919927.0,6.893,Technology,"NetApp, Inc.",8.89934,0.10792710470664102,forecast_icc,0.07552839465656722,0.04458891535603743,2026-06-25
NTB,59.54,2.0,2358414080.0,39610581.0,28.682,Financial Services,Bank of N.T. Butterfield & Son ,6.17333,0.1441685443674645,forecast_icc,0.1296021881143684,0.48172655254924523,2026-06-25
NTCT,40.57,0.0,2900560896.0,71495215.0,23.078,Technology,"NetScout Systems, Inc.",2.74,0.019463503649634895,forecast_icc,0.051893012912090586,0.5688439687804437,2026-06-25
NTES,114.82,3.02,73566945280.0,640715469.0,7.5844646,Communication Services,"NetEase, Inc.",65.19031,0.1037537634044079,forecast_icc,0.2579230838826402,0.06605526129714132,2026-06-25
NTGR,22.78,0.0,611413056.0,26839903.0,17.231,Technology,"NETGEAR, Inc.",0.2,0.75,forecast_icc,0.08999701632462564,0.7564090495852939,2026-06-25
NTIC,8.36,0.04,79353128.0,9492001.0,7.721,Basic Materials,Northern Technologies Internati,0.15,0.75,forecast_icc,0.14018413578190303,0.9235645974913553,2026-06-25
NTNX,46.94,0.0,12688844800.0,270320509.0,-2.722,Technology,"Nutanix, Inc.",1.92422,0.13813909012482983,forecast_icc,0.0622309574419876,,2026-06-25
NTR,60.96,2.2,29262235648.0,480023548.0,52.322,Basic Materials,Nutrien Ltd.,5.83792,0.01,forecast_icc,0.07299329291527393,0.858300520185053,2026-06-25
NTRS,175.97,3.2,32562767872.0,185047258.0,65.402,Financial Services,Northern Trust Corporation,11.42539,0.034715663972958444,forecast_icc,0.060876380846717315,0.37166560334456816,2026-06-25
NTSK,9.88,0.0,3990765568.0,251821667.0,0.435,Technology,"Netskope, Inc.",0.01423,0.04,forecast_icc,0.010000000000000002,0.027448975210011634,2026-06-25
NTST,20.76,0.88,2027686400.0,97260607.0,15.476,Real Estate,NetSTREIT Corp.,0.33,0.2424242424242422,forecast_icc,0.05296026875204686,0.7423264040889164,2026-06-25
NTWK,4.46,0.0,52968808.0,11876414.0,3.138,Technology,NETSOL Technologies Inc.,0.38,0.01,forecast_icc,0.05701056016456307,0.7035874232246269,2026-06-25
NTWO,10.63,0.0,256357072.0,17998375.0,-0.228,Financial Services,Newbury Street II Acquisition C,0.26,0.01,trailing_eps_fallback_icc,0.02346133637063756,,2026-06-25
NU,12.46,0.0,60577292288.0,3839140553.0,2.589,Financial Services,Nu Holdings Ltd.,0.8168,0.32309010773751234,forecast_icc,0.13120405610603447,0.164080210856271,2026-06-25
NUE,248.89,2.24,56682442752.0,227740950.0,94.199,Basic Materials,Nucor Corporation,16.875,0.011090370370370417,forecast_icc,0.050936383423271114,0.37847645068707003,2026-06-25
NUS,4.94,0.24,239839696.0,48550543.0,16.339,Consumer Defensive,"Nu Skin Enterprises, Inc.",1.0,0.32000000000000006,forecast_icc,0.259066208046984,3.307489691268621,2026-06-25
NUTX,149.105,0.0,1026042048.0,6881339.0,49.815,Healthcare,Nutex Health Inc.,21.22,0.07221960414703132,forecast_icc,0.1087370761022041,0.33409342526769426,2026-06-25
NUV,9.13,0.39,1894854784.0,207541595.0,9.2,Financial Services,"Nuveen Municipal Value Fund, In",0.29,0.551,trailing_eps_fallback_icc,0.17329498115891073,1.0076670202501385,2026-06-25
NVDA,195.74,1.0,4741018419200.0,24221000000.0,8.07,Technology,NVIDIA Corporation,8.96197,0.4203361537697625,forecast_icc,0.13428903646446816,0.04122816085430491,2026-06-25
NVEC,94.32,4.0,456241600.0,4837166.0,12.042,Technology,NVE Corporation,2.83,0.274,forecast_icc,0.0958178680452112,0.12767172693590412,2026-06-25
NVGS,20.59,0.28,1270853504.0,61721879.0,19.382,Energy,Navigator Holdings Ltd.,1.92258,0.01,forecast_icc,0.06467122181615326,0.9413307316796761,2026-06-25
NVMI,534.24,0.0,16992122880.0,31806161.0,41.48,Technology,Nova Ltd.,10.48432,0.2339054893402719,forecast_icc,0.050847401983468044,0.07764300950488418,2026-06-25
NVO,47.64,1.8,210895388672.0,3351983520.0,6.9569097,Healthcare,Novo Nordisk A/S,21.53733,0.01,forecast_icc,0.17905765468447188,0.11057352562979109,2026-06-25
NVR,6814.44,0.0,18394163200.0,2699292.0,1279.01,Consumer Cyclical,"NVR, Inc.",360.9713,0.16367874675909144,forecast_icc,0.07972851682466364,0.18769114003076803,2026-06-25
NVS,155.12,4.74,295983218688.0,1908091965.0,20.184,Healthcare,Novartis AG,8.8372,0.12400534105825378,forecast_icc,0.08739550798368445,0.1301186208876153,2026-06-25
NVST,26.64,0.0,4335071744.0,162727923.0,18.904,Healthcare,Envista Holdings Corporation,1.43227,0.09760729471398566,forecast_icc,0.06461447121526173,0.7096096300250758,2026-06-25
NVT,171.91,0.84,27801362432.0,161720452.0,23.476,Industrials,nVent Electric plc,4.59287,0.22697137084219676,forecast_icc,0.06401313813087117,0.13655983013199688,2026-06-25
NWBI,15.09,0.8,2207888128.0,146314651.0,13.016,Financial Services,"Northwest Bancshares, Inc.",1.37857,0.04637414132035356,forecast_icc,0.09486075494804658,0.8625579680711069,2026-06-25
NWE,71.44,2.66,4394132992.0,61508016.0,47.296,Utilities,"NorthWestern Energy Group, Inc.",3.7322,0.06354161084614973,forecast_icc,0.0680915738129767,0.6620380243457138,2026-06-25
NWFL,31.18,1.28,339572000.0,10890699.0,26.213,Financial Services,Norwood Financial Corp.,3.425,0.07591240875912408,forecast_icc,0.11170329462602446,0.8406991533076933,2026-06-25
NWG,17.35,0.88,69047934976.0,3979708137.0,12.95049,Financial Services,NatWest Group plc,1.883,0.11152416356877315,forecast_icc,0.12988834698351248,0.746425949582002,2026-06-25
NWL,5.89,0.28,2502824448.0,424927772.0,5.512,Consumer Defensive,Newell Brands Inc.,0.5757,0.15751259336459955,forecast_icc,0.13867455335410483,0.9358234778055037,2026-06-25
NWN,50.5,1.97,2125057792.0,42080352.0,37.474,Utilities,Northwest Natural Holding Compa,3.055,0.056193126022913154,forecast_icc,0.07272319515172632,0.7420594003534751,2026-06-25
NWPX,146.63,0.0,1413074560.0,9637008.0,41.894,Basic Materials,"NWPX Infrastructure, Inc.",4.83162,0.04989423837139495,forecast_icc,0.03701681080080102,0.28571232161450844,2026-06-25
NWSA,25.03,0.2,13610388480.0,362370055.0,15.601,Communication Services,News Corporation,1.08168,0.19368020116855256,forecast_icc,0.08047926735628452,0.4153691304522559,2026-06-25
NX,17.82,0.32,818436288.0,45927965.0,16.058,Industrials,Quanex Building Products Corpor,1.65,0.2742424242424244,forecast_icc,0.15456174481427143,0.9011223876353831,2026-06-25
NXB,2.14,0.0,53497888.0,24999012.0,0.431,Consumer Cyclical,NextBoat Inc.,0.05,,forecast_icc,0.010000000000000002,0.20140186042484517,2026-06-25
NXG,59.41,7.2,337620064.0,5682883.0,,Financial Services,733085,5.7,0.04,trailing_eps_fallback_icc,0.11633632321766896,,2026-06-25
NXGL,0.5147,0.0,4748232.0,9225242.0,0.471,Healthcare,"NexGel, Inc",0.4,0.04,forecast_icc,0.24507797002352627,0.9150961835900183,2026-06-25
NXP,14.24,0.64,896430784.0,62951599.0,14.183,Financial Services,Nuveen Select Tax Free Income P,0.57,0.04,trailing_eps_fallback_icc,0.05160324824077138,0.9959971751896017,2026-06-25
NXPI,298.64,4.06,75397963776.0,252471079.0,43.254,Technology,NXP Semiconductors N.V.,14.80431,0.19626108883156324,forecast_icc,0.09103276423160545,0.14483659112478683,2026-06-25
NXPL,6.43,0.0,17415700.0,2708507.0,6.096,Technology,NextPlat Corp,0.57,0.04,forecast_icc,0.07076479842874439,0.948055988102689,2026-06-25
NXST,154.7,7.44,4724377600.0,30538965.0,70.994,Communication Services,"Nexstar Media Group, Inc.",34.19179,0.01,forecast_icc,0.12558901771104491,0.4589140548820653,2026-06-25
NXT,113.18,0.0,17224105984.0,150274472.0,15.626,Technology,Nextpower Inc.,4.69048,0.24884873189950718,forecast_icc,0.08626620817489145,0.13633154032222658,2026-06-25
NXXT,0.3951,0.0,62430844.0,158012767.0,-0.125,Utilities,"NextNRG, Inc.",0.8,0.04,trailing_eps_fallback_icc,0.39286973956345805,,2026-06-25
NYAX,68.0,0.0,2541713408.0,37378139.0,6.301,Technology,Nayax Ltd.,0.81306,0.6636164612697708,forecast_icc,0.09379075061587072,0.09266176630996473,2026-06-25
NYC,8.37,0.0,24439438.0,2919885.0,21.193,Real Estate,American Strategic Investment C,1.4,0.04,forecast_icc,0.10593525542227333,2.5320190589079834,2026-06-25
NYT,68.57,0.92,11098925056.0,161081975.0,12.428,Communication Services,New York Times Company (The),2.86563,0.11581746422252692,forecast_icc,0.06333645613297201,0.18037123191653345,2026-06-25
O,62.04,3.25,57851838464.0,932492530.0,41.982,Real Estate,Realty Income Corporation,1.56503,0.09987029002638925,forecast_icc,0.045957340288125814,0.6766924342226552,2026-06-25
OACC,10.7,0.0,263035616.0,19783010.0,-0.294,Financial Services,Oaktree Acquisition Corp. III L,0.29,0.01,trailing_eps_fallback_icc,0.025304830956755155,,2026-06-25
OBA,10.24,0.0,323840000.0,25300000.0,-0.354,Financial Services,Oxley Bridge Acquisition Limite,0.32,0.04,trailing_eps_fallback_icc,0.034055768553250876,,2026-06-25
OBDC,10.68,1.42,5300541952.0,496305424.0,14.415,Financial Services,Blue Owl Capital Corporation,1.28333,0.025737729188906933,forecast_icc,0.13436610457174314,1.349719095093769,2026-06-25
OBE,8.08,0.0,539556288.0,66776768.0,14.368608,Energy,Obsidian Energy Ltd.,2.2,0.022727272727272707,forecast_icc,0.13092578723743775,1.7782930608695715,2026-06-25
OBK,51.21,1.0,1582598528.0,30904093.0,40.813,Financial Services,"Origin Bancorp, Inc.",3.966,0.07513867876954117,forecast_icc,0.08277501560134731,0.7969732849448221,2026-06-25
OBT,36.89,0.67,494617568.0,13407904.0,21.753,Financial Services,"Orange County Bancorp, Inc.",3.4,0.12794117647058822,forecast_icc,0.10879644774634453,0.5896720104207863,2026-06-25
OC,136.26,3.06,10972788736.0,80528319.0,45.267,Industrials,Owens Corning Inc,9.49736,0.25096026685310435,forecast_icc,0.13123218625594885,0.33221048029599104,2026-06-25
OCC,18.32,0.0,161712320.0,8827092.0,1.859,Technology,Optical Cable Corporation,0.12,0.04,trailing_eps_fallback_icc,0.010139885925492434,0.10147380254021461,2026-06-25
OCFC,18.87,0.8,1086913280.0,57600069.0,28.982,Financial Services,OceanFirst Financial Corp.,1.89429,0.24208014612334972,forecast_icc,0.1670410985990639,1.5358770846538925,2026-06-25
OCTV,16.37,0.0,4394327040.0,257412788.0,28.538,Technology,Octave Intelligence plc,1.40101,0.03449654178057249,forecast_icc,0.06718522782370429,1.6717112943746673,2026-06-25
ODC,100.69,0.82,1458830464.0,10254395.0,19.687,Basic Materials,Oil-Dri Corporation Of America,3.82,0.253,trailing_eps_fallback_icc,0.08739915080060279,0.13838364316266433,2026-06-25
ODD,13.14,0.0,606076608.0,34577554.0,5.308,Consumer Defensive,ODDITY Tech Ltd.,0.06471,0.75,forecast_icc,0.06335591684636305,0.30282913778450926,2026-06-25
ODFL,220.12,1.16,45777977344.0,207968283.0,21.138,Industrials,"Old Dominion Freight Line, Inc.",5.45549,0.16676962106061977,forecast_icc,0.05042491879100186,0.09602944081648414,2026-06-25
OEC,7.18,0.08,404870496.0,56388649.0,6.73,Basic Materials,Orion S.A.,0.17899,0.75,forecast_icc,0.17361924791435868,0.9373259141362577,2026-06-25
OESX,9.78,0.0,39673232.0,4056568.0,4.099,Industrials,"Orion Energy Systems, Inc.",0.88,0.75,forecast_icc,0.2694667242753178,0.4191206865122559,2026-06-25
OFG,49.31,1.3,2083761408.0,42258391.0,32.347,Financial Services,OFG Bancorp,4.7025,0.01,forecast_icc,0.06955265368979086,0.6559926527236078,2026-06-25
OFIX,9.31,0.0,376325600.0,40421652.0,10.777,Healthcare,Orthofix Medical Inc.,0.19,0.75,forecast_icc,0.14064278028670085,1.1575724415346709,2026-06-25
OFLX,31.48,1.36,317769248.0,10094322.0,8.209,Industrials,"Omega Flex, Inc.",1.33,0.01,trailing_eps_fallback_icc,0.04345198778384546,0.26076874908298237,2026-06-25
OFRM,20.08,0.0,841392768.0,41902031.0,3.769,Consumer Defensive,"Once Upon a Farm, PBC",0.42334,0.04,forecast_icc,0.02588056061374308,0.18769920641747187,2026-06-25
OGC,24.85,0.24,5560555520.0,223764823.0,10.663,Basic Materials,OceanaGold Corporation,3.28,0.75,trailing_eps_fallback_icc,0.3243547381237687,0.429094592989335,2026-06-25
OGE,48.95,1.7,10102023168.0,206374321.0,23.933,Utilities,OGE Energy Corp,2.42907,0.07259568476824474,forecast_icc,0.06769526924021124,0.48892746951310495,2026-06-25
OGI,0.9599,0.0,135129952.0,140775022.0,1.9473667,Healthcare,Organigram Global Inc.,0.066,0.01,forecast_icc,0.04872564419950197,2.028718178147265,2026-06-25
OGN,13.47,0.08,3537349120.0,262609433.0,3.438,Healthcare,Organon & Co.,3.621,0.01,forecast_icc,0.12340623163673958,0.25523384885854866,2026-06-25
OGS,78.63,2.72,4935017472.0,62762533.0,56.176,Utilities,"ONE Gas, Inc.",4.86712,0.0311847663505318,forecast_icc,0.06313444366400076,0.7144347662013708,2026-06-25
OHI,47.62,2.68,14847742976.0,297802000.0,17.433,Real Estate,"Omega Healthcare Investors, Inc",1.97894,0.027807816305699173,forecast_icc,0.04946039064708685,0.3496546427555832,2026-06-25
OI,9.4,0.0,1441015936.0,153299563.0,8.324,Consumer Cyclical,"O-I Glass, Inc.",1.19329,0.5902421037635446,forecast_icc,0.2619823016400272,0.8855318879776773,2026-06-25
OIA,6.16,0.35,295260096.0,47931837.0,6.272,Financial Services,Invesco Municipal Income Opport,0.19,0.75,trailing_eps_fallback_icc,0.2236092846243095,1.0181818868744121,2026-06-25
OII,39.37,0.0,3926970368.0,99745249.0,11.095,Energy,"Oceaneering International, Inc.",1.90029,0.12062895663293483,forecast_icc,0.06536266836424645,0.28181356973636323,2026-06-25
OIS,7.95,0.0,478537632.0,60193415.0,9.484,Energy,"Oil States International, Inc.",0.55333,0.4759185296296966,forecast_icc,0.1742150137263715,1.1929560178456353,2026-06-25
OKE,89.52,4.28,56400535552.0,630032852.0,35.486,Energy,"ONEOK, Inc.",5.71663,0.07740749357576049,forecast_icc,0.08649579693255072,0.39640307609240766,2026-06-25
OKTA,119.26,0.0,20728266752.0,166119894.0,39.345,Technology,"Okta, Inc.",3.84291,0.1136274333773104,forecast_icc,0.0480868430587328,0.3153175954183127,2026-06-25
OLED,87.54,2.0,4092573184.0,46750891.0,36.448,Technology,Universal Display Corporation,4.30683,0.15243694318094758,forecast_icc,0.0842537111586564,0.4163582173263832,2026-06-25
OLLI,71.41,0.0,4316969984.0,60453292.0,30.906,Consumer Defensive,Ollie's Bargain Outlet Holdings,4.49551,0.13883408111649187,forecast_icc,0.08238752542161809,0.43279648676658483,2026-06-25
OLN,21.39,0.8,2437995264.0,113978277.0,15.227,Basic Materials,Olin Corporation,0.37761,0.75,forecast_icc,0.16332462319703256,0.7118747314674849,2026-06-25
OLP,23.79,1.8,519084672.0,21819448.0,14.114,Real Estate,"One Liberty Properties, Inc.",1.05,0.01,forecast_icc,0.04539075308822904,0.5932744804146327,2026-06-25
OLPX,2.05,0.0,1377839744.0,672116988.0,1.307,Consumer Cyclical,"Olaplex Holdings, Inc.",0.09,0.10455555555555551,forecast_icc,0.05777693921928791,0.6375610132755758,2026-06-25
OMAB,112.01,5.77,5406854656.0,42050428.0,14.812299,Industrials,Grupo Aeroportuario del Centro ,7.40025,0.19556771730684774,forecast_icc,0.130728945903669,0.11519886370956518,2026-06-25
OMC,73.43,3.2,20928006144.0,285006196.0,33.112,Communication Services,Omnicom Group Inc.,10.84052,0.14200518056329403,forecast_icc,0.15875334142481556,0.4509328359814916,2026-06-25
OMCL,39.53,0.0,1797781120.0,45478909.0,27.632,Healthcare,"Omnicell, Inc.",1.9375,0.13290322580645153,forecast_icc,0.0688638796963601,0.6990134669386228,2026-06-25
OMDA,18.9,0.0,1123576832.0,59448507.0,3.952,Healthcare,"Omada Health, Inc.",0.32661,0.4588653133706868,forecast_icc,0.08085771457349689,0.20910051985123168,2026-06-25
OMER,10.72,0.0,775863808.0,72375355.0,-0.88,Healthcare,Omeros Corporation,0.38,0.01,forecast_icc,0.030624360752800922,,2026-06-25
OMF,59.89,4.2,6919148544.0,115530952.0,29.206,Financial Services,"OneMain Holdings, Inc.",7.26787,0.19292034667653657,forecast_icc,0.1818074025764883,0.4876607233758501,2026-06-25
OMSE,4.06,0.0,172341728.0,42448704.0,4.115,Energy,OMS Energy Technologies Inc.,0.65,0.3846153846153846,forecast_icc,0.22306267152124126,1.0135468582512994,2026-06-25
ON,118.74,0.0,46166491136.0,388803191.0,18.633,Technology,ON Semiconductor Corporation,3.09964,0.3921487656631091,forecast_icc,0.0903413192599973,0.15692268742195534,2026-06-25
ONB,25.88,0.58,9999332352.0,386373000.0,21.434,Financial Services,Old National Bancorp,2.61027,0.11334076551467853,forecast_icc,0.1114520151432509,0.8282071832869508,2026-06-25
ONC,275.34,0.0,28566859776.0,94900812.0,42.843,Healthcare,BeOne Medicines Ltd.,6.59048,0.47415666233718934,forecast_icc,0.10062384667368798,0.1423270013014118,2026-06-25
ONCH,10.24,0.0,220800000.0,17250000.0,-1.857,Financial Services,1RT Acquisition Corp.,0.29,0.04,trailing_eps_fallback_icc,0.03186204062749545,,2026-06-25
ONCO,0.9798,0.0,3616923.0,3691492.0,42.635,Healthcare,"Onconetix, Inc.",1377.4,0.04,trailing_eps_fallback_icc,0.4,43.51399281101643,2026-06-25
ONDS,7.675,0.0,4041200384.0,526540758.0,2.29,Technology,Ondas Inc,0.09,0.04,trailing_eps_fallback_icc,0.016517408379152942,0.2983713306061093,2026-06-25
ONEW,11.535,0.0,191683328.0,16617541.0,16.213,Consumer Cyclical,OneWater Marine Inc.,0.49667,0.75,forecast_icc,0.19841444688046445,1.4055483856843305,2026-06-25
ONIT,36.91,0.0,311230176.0,8432137.0,74.81,Financial Services,Onity Group Inc.,3.15,0.75,forecast_icc,0.26383997382936564,2.0268220038213776,2026-06-25
ONON,36.58,0.0,12193202176.0,300830569.0,6.5744014,Consumer Cyclical,On Holding AG,1.40706,0.22604579762057053,forecast_icc,0.07771574189789035,0.16220356928791702,2026-06-25
ONT,18.19,0.0,657372608.0,36139227.0,12.177,Industrials,"Onterris, Inc.",1.5792,0.10451494427558261,forecast_icc,0.09008999648635363,0.6694336846767427,2026-06-25
ONTO,344.24,0.0,17123725312.0,49743567.0,42.265,Technology,Onto Innovation Inc.,7.19532,0.3821803616795363,forecast_icc,0.0774056648759861,0.12277771460055292,2026-06-25
OOMA,17.55,0.0,482183136.0,27474823.0,3.487,Technology,"Ooma, Inc.",1.31,0.14067938931297697,forecast_icc,0.09197997605316915,0.19868946184173475,2026-06-25
OPAL,2.09,0.0,365241216.0,30357544.0,0.271,Utilities,OPAL Fuels Inc.,0.05,0.75,forecast_icc,0.15186241807244183,0.022524551073666344,2026-06-25
OPBK,14.95,0.56,222668864.0,14894239.0,15.624,Financial Services,OP Bancorp,1.88,0.06382978723404253,forecast_icc,0.11327784640459326,1.0450836545157927,2026-06-25
OPCH,21.48,0.0,3372950784.0,157027504.0,8.606,Healthcare,"Option Care Health, Inc.",1.84127,0.11316645576151263,forecast_icc,0.09193294959871812,0.4006517693155881,2026-06-25
OPFI,9.36,0.0,1348134656.0,85393248.0,2.862,Financial Services,OppFi Inc.,1.795,0.22980501392757668,forecast_icc,0.18822315392033195,0.18128417268133787,2026-06-25
OPHC,5.76,0.0,70665776.0,12268363.0,10.426,Financial Services,"OptimumBank Holdings, Inc.",0.98,0.08163265306122458,forecast_icc,0.12433903891162512,1.8100693132981374,2026-06-25
OPLN,39.64,0.0,4199703552.0,105946106.0,11.831,Consumer Cyclical,"OPENLANE, Inc.",1.39223,0.18246266780632503,forecast_icc,0.06473303143480055,0.2984611567378554,2026-06-25
OPP,7.57,1.11,189175296.0,24990131.0,,Financial Services,RiverNorth/DoubleLine Strategic,1.0,0.04,trailing_eps_fallback_icc,0.155999350205417,,2026-06-25
OPRA,18.14,0.8,1624490752.0,89552967.0,10.931,Communication Services,Opera Limited,1.40645,0.23838031924348524,forecast_icc,0.14950416402063882,0.6025909849420922,2026-06-25
OPRT,5.73,0.0,262081856.0,45738543.0,8.69,Financial Services,Oportun Financial Corporation,1.55833,0.21069991593564907,forecast_icc,0.21443726367706295,1.5165793799552456,2026-06-25
OPRX,4.9,0.0,91948872.0,18765075.0,6.839,Healthcare,OptimizeRx Corporation,0.938,0.1641791044776122,forecast_icc,0.16446462643724724,1.3957142174076917,2026-06-25
OPXS,12.57,0.0,87485600.0,6959873.0,3.801,Industrials,"Optex Systems Holdings, Inc.",0.77,0.16883116883116878,forecast_icc,0.08851310570916451,0.3023866473225308,2026-06-25
OPY,104.84,0.8,1122627200.0,10608340.0,88.945,Financial Services,"Oppenheimer Holdings, Inc.",2.56,0.04,forecast_icc,0.03006439141095163,0.8404916621475054,2026-06-25
OR,31.46,0.26,5898619904.0,187495864.0,7.859,Basic Materials,OR Royalties Inc.,1.49233,0.10629016370373834,forecast_icc,0.06435977105299834,0.24980928067203698,2026-06-25
ORA,120.03,0.48,7376270336.0,61453555.0,41.837,Utilities,"Ormat Technologies, Inc.",2.25648,0.09558250017726744,forecast_icc,0.03172895963946851,0.3485545219224189,2026-06-25
ORC,6.86,1.2,1376803584.0,200700226.0,7.076,Real Estate,"Orchid Island Capital, Inc.",1.43,0.01,forecast_icc,0.18978437733178855,1.0314868552637353,2026-06-25
ORCL,152.46,2.0,439156637696.0,2880471000.0,11.666,Technology,Oracle Corporation,8.05266,0.3559593972674868,forecast_icc,0.1349039926984943,0.07651842600466761,2026-06-25
ORI,40.01,1.26,9744596992.0,243554044.0,24.337,Financial Services,Old Republic International Corp,3.06667,0.08695425331059425,forecast_icc,0.09125768850706384,0.6082729510203637,2026-06-25
ORIQ,10.32,0.0,89010000.0,8625000.0,0.12,Financial Services,Origin Investment Corp I,0.17,0.04,trailing_eps_fallback_icc,0.021547271776755056,0.011627906976744186,2026-06-25
ORIS,1.83,0.0,2313491.0,1264203.0,74.444,Consumer Defensive,Oriental Rise Holdings Limited,1.36,0.04,trailing_eps_fallback_icc,0.23960344585689775,40.67979003678856,2026-06-25
ORLA,9.49,0.06,3561717760.0,375312739.0,2.187,Basic Materials,Orla Mining Ltd.,1.71534,0.01,forecast_icc,0.09695711909838858,0.23045311714788988,2026-06-25
ORLY,86.9,0.0,72015339520.0,828715079.0,-1.282,Consumer Cyclical,"O'Reilly Automotive, Inc.",3.25615,0.11100225726701773,forecast_icc,0.053016165729773745,,2026-06-25
ORMP,5.0,0.25,204630400.0,40926081.0,5.822,Healthcare,Oramed Pharmaceuticals Inc.,2.31,,forecast_icc,0.010000000000000002,1.1644000284512956,2026-06-25
ORN,16.02,0.0,648478080.0,40479278.0,4.117,Industrials,"Orion Group Holdings, Inc.",0.3962,0.75,forecast_icc,0.15427880570029284,0.25699124251971633,2026-06-25
ORRF,40.73,1.14,800255360.0,19647812.0,30.757,Financial Services,"Orrstown Financial Services, In",4.2325,0.014176018901358667,forecast_icc,0.07651892328421805,0.7551436502518396,2026-06-25
OSBC,23.02,0.27,1183973248.0,51432372.0,17.29,Financial Services,"Old Second Bancorp, Inc.",2.20667,0.04501352716989859,forecast_icc,0.08028968916128659,0.751085983895474,2026-06-25
OSCR,28.67,0.0,8643804160.0,265902000.0,5.568,Healthcare,"Oscar Health, Inc.",1.05832,0.40284602010734005,forecast_icc,0.11219685941418767,0.17128365110946706,2026-06-25
OSG,6.15,0.0,276833600.0,45013592.0,15.831,Financial Services,"Octave Specialty Group, Inc.",0.45,0.75,forecast_icc,0.24796219557209398,2.574146255916912,2026-06-25
OSIS,218.93,0.0,3608599040.0,16482890.0,54.258,Technology,"OSI Systems, Inc.",10.41856,0.09510527366545873,forecast_icc,0.0588880019129604,0.24783264521956974,2026-06-25
OSK,150.99,2.28,9414424576.0,62351309.0,71.454,Industrials,Oshkosh Corporation (Holding Co,10.98074,0.27835373572272903,forecast_icc,0.13684279239345953,0.47323661656854504,2026-06-25
OSPN,13.53,0.52,501595616.0,37072850.0,7.355,Technology,OneSpan Inc.,1.216,0.07894736842105265,forecast_icc,0.10015944003658073,0.543606847931462,2026-06-25
OSRH,0.3206,0.0,11254662.0,35104995.0,3.119,Healthcare,"OSR Holdings, Inc.",0.03,0.04,trailing_eps_fallback_icc,0.07336392762228813,9.728633290364472,2026-06-25
OSS,16.2,0.0,401258080.0,24769017.0,1.83,Technology,"One Stop Systems, Inc.",0.04,0.75,forecast_icc,0.03948952276909261,0.11296296166796192,2026-06-25
OSW,27.26,0.2,2767294720.0,101514846.0,5.534,Consumer Cyclical,OneSpaWorld Holdings Limited,1.135,0.1424405286343613,forecast_icc,0.06680979571880422,0.20300806910945862,2026-06-25
OTEX,21.37,1.1,5185695232.0,242662360.0,16.534,Technology,Open Text Corporation,4.23374,0.0589124509299106,forecast_icc,0.1479956235914418,0.7737013612912607,2026-06-25
OTF,10.25,1.4,4742082560.0,462642204.0,16.493,Financial Services,Blue Owl Technology Finance Cor,1.2414,0.07791203479942,forecast_icc,0.16482809982902047,1.60907318125056,2026-06-25
OTIS,73.63,1.7,28253011968.0,383716076.0,-14.726,Industrials,Otis Worldwide Corporation,4.19862,0.12372874896989972,forecast_icc,0.08371974536539117,,2026-06-25
OTTR,90.05,2.21,3780673024.0,41984150.0,45.474,Industrials,Otter Tail Corporation,5.835,0.01,forecast_icc,0.05293607403008893,0.5049860765478353,2026-06-25
OUT,31.65,1.2,5572409856.0,176063510.0,3.759,Real Estate,OUTFRONT Media Inc.,1.33263,0.043267823777042524,forecast_icc,0.0536434293169364,0.11876777753118668,2026-06-25
OVBC,42.44,1.0,199934912.0,4711001.0,36.357,Financial Services,Ohio Valley Banc Corp.,3.28,0.01,trailing_eps_fallback_icc,0.05955397373786327,0.8566681108549966,2026-06-25
OVLY,33.265,0.75,279873664.0,8413458.0,25.211,Financial Services,Oak Valley Bancorp (CA),2.88,0.01,trailing_eps_fallback_icc,0.06403609255966039,0.7578837058352157,2026-06-25
OVV,53.55,1.2,15048545280.0,281018601.0,40.884,Energy,Ovintiv Inc. (DE),8.07646,0.01,forecast_icc,0.09173208024680413,0.7634734301230743,2026-06-25
OWL,8.48,0.92,13220746240.0,675802413.0,3.107,Financial Services,Blue Owl Capital Inc.,0.88386,0.11043604190708933,forecast_icc,0.16041115465812034,0.1588199379274222,2026-06-25
OWLS,5.61,0.0,495550432.0,37825411.0,-0.04,Technology,OBOOK Holdings Inc.,0.28,0.04,forecast_icc,0.0472381764873514,,2026-06-25
OWLT,5.34,0.0,154866240.0,29001168.0,0.748,Healthcare,"Owlet, Inc.",0.13,0.01,forecast_icc,0.02337951824930269,0.1400749037621111,2026-06-25
OXM,35.21,2.8,525718112.0,14930932.0,35.127,Consumer Cyclical,"Oxford Industries, Inc.",2.46346,0.22562574590210516,forecast_icc,0.15876535923319846,0.9976427221971003,2026-06-25
OXY,51.21,1.04,50935242752.0,994634701.0,30.917,Energy,Occidental Petroleum Corporatio,5.66676,0.01,forecast_icc,0.07465314690622074,0.6037297436775158,2026-06-25
OYSE,10.28,0.0,348638496.0,26008000.0,-0.234,Financial Services,Oyster Enterprises II Acquisiti,0.3,0.04,trailing_eps_fallback_icc,0.03252003059699567,,2026-06-25
OZK,51.81,1.82,5655883776.0,109165875.0,53.19,Financial Services,Bank OZK,5.93428,0.08116401652770011,forecast_icc,0.11349295838938564,1.0266358223076046,2026-06-25
P,71.69,0.0,23830110208.0,332404932.0,4.376,Technology,"Everpure, Inc.",2.43529,0.2352779340448159,forecast_icc,0.07365656743502724,0.06104058981412832,2026-06-25
PAA,21.62,1.6,15253596160.0,705531683.0,10.722,Energy,"Plains All American Pipeline, L",1.79258,0.10702451215566389,forecast_icc,0.12583464940455846,0.49592965657260457,2026-06-25
PAAS,44.99,0.62,18956537856.0,421350000.0,17.45,Basic Materials,Pan American Silver Corp.,4.454,0.1369555455770095,forecast_icc,0.11395788999949896,0.38786394202635566,2026-06-25
PAC,252.21,8.82,15006954496.0,51922658.0,0.20275865,Industrials,Grupo Aeroportuario Del Pacific,13.8805,0.06768488166852782,forecast_icc,0.070692495747425,0.0007015259520709418,2026-06-25
PACH,10.22,0.0,323207520.0,22114799.0,-0.367,Financial Services,Pioneer Acquisition I Corp,0.3,0.04,trailing_eps_fallback_icc,0.0326494911880993,,2026-06-25
PACS,40.68,0.0,6438520832.0,158272376.0,6.599,Healthcare,"PACS Group, Inc.",2.36608,0.06089396808222869,forecast_icc,0.05858360043423616,0.162217291281104,2026-06-25
PAG,183.84,5.68,12087343104.0,65749255.0,86.141,Consumer Cyclical,"Penske Automotive Group, Inc.",13.37923,0.05798315747617755,forecast_icc,0.0785269032203938,0.46856505405896354,2026-06-25
PAGP,23.53,1.6,5482500096.0,197904124.0,6.437,Energy,"Plains GP Holdings, L.P.",1.96528,0.10788284621020927,forecast_icc,0.12290381380821669,0.2323591106031054,2026-06-25
PAGS,8.74,1.04,2442998784.0,159059831.0,10.061541,Technology,PagSeguro Digital Ltd.,8.66645,0.1193129828245707,forecast_icc,0.3901950610966408,0.6550912024766571,2026-06-25
PAHC,31.83,0.48,1291174912.0,21068682.0,8.92,Healthcare,Phibro Animal Health Corporatio,3.07209,0.08852279718367617,forecast_icc,0.09716162750565915,0.1455516535315085,2026-06-25
PAL,7.1,0.0,197167520.0,27770074.0,11.009,Industrials,"Proficient Auto Logistics, Inc.",0.1025,0.75,forecast_icc,0.11809019642852742,1.550563422748331,2026-06-25
PALI,1.8,0.0,312803392.0,173579670.0,0.761,Healthcare,"Palisade Bio, Inc.",0.12,0.04,trailing_eps_fallback_icc,0.058193376093721105,0.4222912290861603,2026-06-25
PAM,79.93,0.0,4295758336.0,53744004.0,69.45,Industrials,Pampa Energia S.A.,10.88346,0.29505598403448907,forecast_icc,0.17968899889683831,0.8688852551411309,2026-06-25
PANL,6.96,0.2,455287872.0,65414923.0,6.742,Industrials,Pangaea Logistics Solutions Ltd,1.22667,0.01,forecast_icc,0.10322947803293689,0.9686781440688146,2026-06-25
PANW,293.09,0.0,238868348928.0,815000000.0,34.032,Technology,"Palo Alto Networks, Inc.",3.77117,0.01,forecast_icc,0.014154581417922751,0.11611450459834777,2026-06-25
PAPL,0.8169,0.0,21311820.0,26088651.0,1.039,Financial Services,Pineapple Financial Inc.,0.04,0.04,forecast_icc,0.046575244251787246,1.2718814436777337,2026-06-25
PAR,15.92,0.0,656639488.0,41246199.0,20.036,Technology,PAR Technology Corporation,0.62167,0.75,forecast_icc,0.1900967034035258,1.2585427137211707,2026-06-25
PARK,18.245,0.0,82377168.0,4515054.0,5.634,Healthcare,"Park Dental Partners, Inc.",1.52,0.03618421052631571,forecast_icc,0.06655333800119628,0.308796901539514,2026-06-25
PARR,54.13,0.0,2714309632.0,50144277.0,30.768,Energy,"Par Pacific Holdings, Inc. Comm",14.05872,0.01,forecast_icc,0.11883788310116328,0.5684094019882253,2026-06-25
PATH,9.93,0.0,5144934400.0,453429560.0,3.656,Technology,"UiPath, Inc.",0.78515,0.15521874800993452,forecast_icc,0.09924777188861583,0.32220789274980843,2026-06-25
PATK,92.68,1.88,3048544000.0,32893223.0,35.912,Consumer Cyclical,"Patrick Industries, Inc.",4.84444,0.22759286935125633,forecast_icc,0.10598298163789102,0.3874838035390009,2026-06-25
PAX,10.88,0.61,1735666432.0,66582723.0,3.792,Financial Services,Patria Investments Limited,1.36584,0.13597493117788328,forecast_icc,0.15213887098948498,0.14546671005503437,2026-06-25
PAXS,14.23,1.79,669137920.0,47023048.0,,Financial Services,PIMCO Access Income Fund,1.82,0.04,trailing_eps_fallback_icc,0.15010681671803028,,2026-06-25
PAY,21.27,0.0,2675539200.0,62936502.0,4.639,Technology,"Paymentus Holdings, Inc.",0.82638,0.231491565623563,forecast_icc,0.07933472110907414,0.10912283878255269,2026-06-25
PAYC,124.48,1.5,5804141056.0,46627098.0,17.827,Technology,"Paycom Software, Inc.",10.9202,0.12641160418307362,forecast_icc,0.10249409385623698,0.14321176346786568,2026-06-25
PAYO,7.04,0.0,2380888576.0,338194399.0,1.951,Technology,Payoneer Global Inc.,0.2599,0.4415159676798768,forecast_icc,0.12028829793327656,0.2771306809987399,2026-06-25
PAYP,14.3,0.0,9679291392.0,676873535.0,3.7876308,Technology,PayPay Corporation - American D,116.87236,0.32052129348632974,forecast_icc,0.4,0.26486929105056517,2026-06-25
PAYS,7.72,0.0,431592544.0,55905773.0,0.987,Technology,"Paysign, Inc.",0.33,0.3232424242424241,forecast_icc,0.10403281356745564,0.12784974791177114,2026-06-25
PAYX,96.72,4.76,34393632768.0,355600000.0,11.202,Technology,"Paychex, Inc.",5.96102,0.06949817313144391,forecast_icc,0.08270572784015115,0.115818855974592,2026-06-25
PB,73.38,2.38,7400716800.0,100854689.0,81.399,Financial Services,"Prosperity Bancshares, Inc.",6.24666,0.15331713267570168,forecast_icc,0.11970570200341724,1.109280499682274,2026-06-25
PBA,47.14,2.06,27408846848.0,581435000.0,18.376162,Energy,Pembina Pipeline Corp.,3.00747,0.012708356193079196,forecast_icc,0.05966683786231208,0.3898209877899202,2026-06-25
PBF,42.29,1.1,5003264512.0,118308459.0,46.667,Energy,PBF Energy Inc.,8.16104,0.01,forecast_icc,0.10792313924126196,1.1034996936322283,2026-06-25
PBFS,17.24,0.0,420912672.0,24414888.0,13.451,Financial Services,"Pioneer Bancorp, Inc.",0.82,0.01,trailing_eps_fallback_icc,0.03729923931040914,0.7802204122949286,2026-06-25
PBH,47.18,0.0,2235019008.0,47372166.0,39.889,Healthcare,Prestige Consumer Healthcare In,4.60667,0.08918155630856983,forecast_icc,0.09194631946484833,0.8454640979831882,2026-06-25
PBI,17.5,0.4,2370224896.0,135441425.0,-6.455,Industrials,Pitney Bowes Inc.,1.61833,0.08136165059042333,forecast_icc,0.09562527007882926,,2026-06-25
PBR,16.52,1.76,106460938240.0,3721115691.0,13.3949995,Energy,Petroleo Brasileiro S.A. Petrob,4.2,0.01,forecast_icc,0.16300621780541258,0.46819372104368145,2026-06-25
PBR-A,14.88,1.76,101876129792.0,2723250690.0,13.3949995,Energy,Petroleo Brasileiro S.A. Petrob,4.06616,0.01,forecast_icc,0.1746485728851056,0.3580617138224773,2026-06-25
PBT,25.01,0.35,1165686016.0,46608796.0,0.003,Energy,Permian Basin Royalty Trust,0.31,0.166,trailing_eps_fallback_icc,0.03335959120588228,0.00011995201630693664,2026-06-25
PBYI,7.67,0.0,390398816.0,50899456.0,2.524,Healthcare,Puma Biotechnology Inc,0.45,0.01,forecast_icc,0.043230735619948696,0.3290743252254126,2026-06-25
PCAP,10.27,0.0,389541120.0,25430000.0,-0.332,Financial Services,ProCap Acquisition Corp,0.32,0.04,trailing_eps_fallback_icc,0.033989128854010064,,2026-06-25
PCAR,121.68,1.4,64038510592.0,526286229.0,37.542,Industrials,PACCAR Inc.,5.6901,0.18435352630006507,forecast_icc,0.08399498941842587,0.3085305611649601,2026-06-25
PCB,27.95,0.84,397860512.0,14234723.0,23.158,Financial Services,PCB Bancorp,2.90667,0.060777453236865675,forecast_icc,0.09768413737576487,0.8285509752573788,2026-06-25
PCF,5.43,0.7,101630320.0,18716450.0,6.664,Financial Services,High Income Securities Fund,0.21,0.04,trailing_eps_fallback_icc,0.04995508988082065,1.2272560275319413,2026-06-25
PCG,17.08,0.2,37613998080.0,2202224728.0,14.381,Utilities,Pacific Gas & Electric Co.,1.64683,0.09454527789753642,forecast_icc,0.09768656532944511,0.841978928855414,2026-06-25
PCM,5.54,0.77,68412112.0,12348757.0,5.957,Financial Services,"PCM Fund, Inc.",0.56,0.01,trailing_eps_fallback_icc,0.10375644311608079,1.075270786099982,2026-06-25
PCN,11.78,1.35,880214144.0,74721061.0,11.94,Financial Services,Pimco Corporate & Income Strate,1.27,0.01,trailing_eps_fallback_icc,0.11063189445761312,1.0135822906522165,2026-06-25
PCOR,38.3,0.0,5779095040.0,150890216.0,7.963,Technology,"Procore Technologies, Inc.",1.66634,0.26788650575512807,forecast_icc,0.09297425237433166,0.20791123552936064,2026-06-25
PCQ,8.87,0.43,168361472.0,18981000.0,9.927,Financial Services,PIMCO California Municipal Inco,0.03,0.75,trailing_eps_fallback_icc,0.05495919478278888,1.1191657138754405,2026-06-25
PCRX,24.37,0.0,958908928.0,39347924.0,16.634,Healthcare,"Pacira BioSciences, Inc.",2.87698,0.2679198326022425,forecast_icc,0.15951114112268716,0.6825605109143378,2026-06-25
PCSC,10.96,0.0,113035872.0,8157242.0,-0.511,Financial Services,Perceptive Capital Solutions Co,0.02,0.04,trailing_eps_fallback_icc,0.010000000000000002,,2026-06-25
PCTY,100.48,0.0,5380106752.0,53544058.0,21.326,Technology,Paylocity Holding Corporation,8.08384,0.0761185278283587,forecast_icc,0.07762463318660096,0.21224124976396008,2026-06-25
PCYO,10.99,0.0,264901936.0,24103908.0,6.169,Utilities,Pure Cycle Corporation,0.09,0.528,forecast_icc,0.057985789044249225,0.561328507814303,2026-06-25
PD,8.56,0.0,660169216.0,77122565.0,2.825,Technology,"PagerDuty, Inc.",1.31556,0.06841193104077337,forecast_icc,0.11226246683004015,0.33002333469151035,2026-06-25
PDCC,10.2501,2.37,70055736.0,6834639.0,,Financial Services,Pearl Diver Credit Company Inc.,1.565,0.03833865814696491,forecast_icc,0.17704927012201532,,2026-06-25
PDD,73.3,0.0,104334966784.0,1423396462.0,44.501427,Consumer Cyclical,PDD Holdings Inc.,68.22658,0.22462359977592317,forecast_icc,0.37902167787707086,0.6071135660289978,2026-06-25
PDEX,65.31,0.0,208519088.0,3192759.0,14.139,Healthcare,"Pro-Dex, Inc.",2.06,0.224,forecast_icc,0.0680998634813531,0.21649058574915692,2026-06-25
PDFS,68.67,0.0,2875056128.0,41867720.0,7.027,Technology,"PDF Solutions, Inc.",1.2475,0.256513026052104,forecast_icc,0.0514936097643727,0.10232999125643505,2026-06-25
PDI,16.47,2.65,7601965568.0,461564414.0,,Financial Services,PIMCO Dynamic Income Fund,2.06,0.04,trailing_eps_fallback_icc,0.14838235950314027,,2026-06-25
PDLB,19.55,0.0,472873440.0,24187901.0,13.493,Financial Services,"Ponce Financial Group, Inc.",10.53,0.01,forecast_icc,0.18096181614119378,0.6901790639647682,2026-06-25
PDO,12.96,1.53,1846612992.0,142485564.0,,Financial Services,Pimco Dynamic Income Opportunities Fund,1.8,0.04,trailing_eps_fallback_icc,0.15012289915140353,,2026-06-25
PDS,79.16,0.0,1024428672.0,12941241.0,89.432816,Energy,Precision Drilling Corporation,7.70783,0.5457696913398451,forecast_icc,0.22241943125504748,1.129772776571267,2026-06-25
PEBK,43.59,0.84,231452832.0,5309769.0,29.779,Financial Services,Peoples Bancorp of North Caroli,3.63,0.013,trailing_eps_fallback_icc,0.06294052783999493,0.6831612717143163,2026-06-25
PEBO,37.84,1.68,1359344128.0,35923471.0,33.94,Financial Services,Peoples Bancorp Inc.,3.41833,0.08908736137236595,forecast_icc,0.10708901887156552,0.8969344705478435,2026-06-25
PECO,42.21,1.3,5855073792.0,125966424.0,18.09,Real Estate,"Phillips Edison & Company, Inc.",0.70924,0.07991653037053759,forecast_icc,0.03013012602450016,0.38918939215992715,2026-06-25
PED,11.9,0.0,158286688.0,13301403.0,13.697,Energy,Pedevco Corp.,0.7,0.15714285714285725,forecast_icc,0.08347772972275899,1.151008459353196,2026-06-25
PEG,82.63,2.68,41176297472.0,498321402.0,34.745,Utilities,Public Service Enterprise Group,4.37722,0.0734690054418099,forecast_icc,0.0697837577237258,0.4204889262873547,2026-06-25
PEGA,28.72,0.12,4799572992.0,167116051.0,4.183,Technology,Pegasystems Inc.,2.71408,0.1206523020692094,forecast_icc,0.10157095002102812,0.14564763209105913,2026-06-25
PEN,317.4,0.0,12483793920.0,39331425.0,37.478,Healthcare,"Penumbra, Inc.",4.86028,0.2907425086620523,forecast_icc,0.05034808653736034,0.11807813839256329,2026-06-25
PENG,66.77,0.0,3509441536.0,50747508.0,7.709,Technology,"Penguin Solutions, Inc.",2.275,0.2349758241758242,forecast_icc,0.07373783674302231,0.11147430015828022,2026-06-25
PENN,21.085,0.0,2822087168.0,133744451.0,14.388,Consumer Cyclical,"PENN Entertainment, Inc.",0.98134,0.684482442374712,forecast_icc,0.1904660191682549,0.6818765851062472,2026-06-25
PEO,24.74,2.04,680238080.0,27495477.0,24.086,Financial Services,"Adams Natural Resources Fund, I",0.06,0.04,forecast_icc,0.010000000000000002,0.9735651068255397,2026-06-25
PEP,139.52,5.92,190715609088.0,1366768315.0,15.631,Consumer Defensive,"Pepsico, Inc.",8.64785,0.052336707967876483,forecast_icc,0.07387150160587808,0.11201996330519146,2026-06-25
PERF,1.66,0.0,169068800.0,85059953.0,1.521,Technology,Perfect Corp.,0.06533,0.05617633552732282,forecast_icc,0.04317145416961454,0.7652280522071487,2026-06-25
PERI,8.7,0.0,359335104.0,39330319.0,16.612,Communication Services,Perion Network Ltd,1.175,0.10851063829787222,forecast_icc,0.11836281728046616,1.8182338768326958,2026-06-25
PESI,12.24,0.0,259531472.0,21203552.0,2.317,Industrials,Perma-Fix Environmental Service,0.65,0.04,forecast_icc,0.049439184091124216,0.18929738888854297,2026-06-25
PETS,1.77,0.0,37817432.0,21365782.0,1.534,Healthcare,"PetMed Express, Inc.",0.07,0.2857142857142856,forecast_icc,0.09160673970807481,0.8666667157093056,2026-06-25
PETZ,1.395,0.0,14400959.0,10323268.0,2.968,Consumer Cyclical,"TDH Holdings, Inc.",0.17,0.01,trailing_eps_fallback_icc,0.073219561810003,2.127598545624635,2026-06-25
PFBC,104.74,3.2,1240325632.0,11841948.0,65.04,Financial Services,Preferred Bank,10.696,0.05123410620792823,forecast_icc,0.09313712105015826,0.6209662027850442,2026-06-25
PFE,23.67,1.72,134905847808.0,5699444169.0,15.81,Healthcare,"Pfizer, Inc.",2.9589,0.01,forecast_icc,0.10108713402847835,0.6679340723623289,2026-06-25
PFG,105.44,3.28,22776346624.0,216012384.0,54.587,Financial Services,Principal Financial Group Inc,9.31987,0.09435861229824027,forecast_icc,0.10132090899523793,0.5177067332204648,2026-06-25
PFGC,107.27,0.0,16851027968.0,157089851.0,30.267,Consumer Defensive,Performance Food Group Company,4.58499,0.24197871751083433,forecast_icc,0.08640040322954767,0.28215717932734014,2026-06-25
PFIS,65.14,2.49,652108800.0,10010881.0,52.495,Financial Services,Peoples Financial Services Corp,6.465,0.12915699922660484,forecast_icc,0.1240470995713624,0.8058796294345361,2026-06-25
PFLT,7.27,1.21,721314112.0,99217896.0,10.468,Financial Services,PennantPark Floating Rate Capit,1.065,0.03152112676056351,forecast_icc,0.16601090539034147,1.4398899426051988,2026-06-25
PFS,23.62,0.96,3078009344.0,130313687.0,21.969,Financial Services,"Provident Financial Services, I",2.35833,0.07067289141044708,forecast_icc,0.10391761730185556,0.9301015915639144,2026-06-25
PFSI,84.3,1.2,4377267200.0,51924875.0,83.311,Financial Services,"PennyMac Financial Services, In",10.44391,0.3524858027309694,forecast_icc,0.19956135225112048,0.9882680365331593,2026-06-25
PFX,42.8,0.0,82715280.0,1932600.0,79.562,Financial Services,PhenixFIN Corporation,2.38,0.01,forecast_icc,0.04148984020943425,1.8589252336448596,2026-06-25
PG,148.5,4.26,345796968448.0,2328598978.0,23.081,Consumer Defensive,Procter & Gamble Company (The),6.89612,0.027615528732098715,forecast_icc,0.04909882591418277,0.1554276003414421,2026-06-25
PGAC,10.64,0.0,117311320.0,8869250.0,-0.164,Financial Services,Pantages Capital Acquisition Co,0.2,0.01,trailing_eps_fallback_icc,0.01919587053649112,,2026-06-25
PGC,46.4,0.2,822132736.0,17718378.0,38.252,Financial Services,Peapack-Gladstone Financial Cor,3.67,0.30040871934604896,forecast_icc,0.14140433353639537,0.8243965549329495,2026-06-25
PGNY,27.38,0.0,2144740224.0,78332370.0,5.658,Healthcare,"Progyny, Inc.",2.05871,0.07174881357743446,forecast_icc,0.07301516142977443,0.2066471941452244,2026-06-25
PGP,8.48,0.83,98263528.0,11587681.0,8.92,Financial Services,Pimco Global Stocksplus & Incom,2.1,0.75,trailing_eps_fallback_icc,0.4,1.0518868661015306,2026-06-25
PGR,215.54,13.9,125487382528.0,582200000.0,54.861,Financial Services,Progressive Corporation (The),17.22401,0.01,forecast_icc,0.07539994136286976,0.2545281729250605,2026-06-25
PGY,15.48,0.0,1282840576.0,71582265.0,6.395,Technology,Pagaya Technologies Ltd.,3.08337,0.14762094721035735,forecast_icc,0.16162003110378886,0.35683980787570596,2026-06-25
PGZ,10.07,1.26,67409688.0,6694109.0,,Financial Services,Principal Real Estate Income Fu,0.77,0.04,trailing_eps_fallback_icc,0.09438417860623635,,2026-06-25
PH,989.91,8.0,124814180352.0,126086389.0,115.865,Industrials,Parker-Hannifin Corporation,31.27404,0.08902495488270801,forecast_icc,0.04518901206911907,0.11704599125103261,2026-06-25
PHAR,13.27,0.0,937196864.0,70625230.0,3.61,Healthcare,Pharming Group N.V.,0.23033,0.01,forecast_icc,0.018031951413863767,0.2720421824842982,2026-06-25
PHAT,10.34,0.0,824676544.0,79755953.0,-4.242,Healthcare,"Phathom Pharmaceuticals, Inc.",1.439,0.04,forecast_icc,0.09465861717477908,,2026-06-25
PHG,27.29,1.01,26525407232.0,971982655.0,13.726198,Healthcare,Koninklijke Philips N.V. NY Reg,1.81516,0.12397805152162888,forecast_icc,0.0986436710002504,0.502975364653421,2026-06-25
PHI,17.94,1.53,3876040704.0,216055775.0,9.369737,Communication Services,PLDT Inc. Sponsored,2.58185,0.03994035284776398,forecast_icc,0.13360943998692154,0.5222818705159746,2026-06-25
PHIN,85.01,1.2,3147117824.0,37020558.0,41.842,Consumer Cyclical,PHINIA Inc.,6.09454,0.10670862772251888,forecast_icc,0.08632868185676193,0.49220088807072254,2026-06-25
PHM,135.81,1.04,25869950976.0,190486353.0,67.904,Consumer Cyclical,"PulteGroup, Inc.",10.02005,0.10901043407967026,forecast_icc,0.08576709635995938,0.4999926488500818,2026-06-25
PHOE,17.85,0.0,385560000.0,21600000.0,0.347,Industrials,Phoenix Asia Holdings Limited,0.03,0.01,trailing_eps_fallback_icc,0.010000000000000002,0.019439775910364145,2026-06-25
PHR,9.13,0.0,564342528.0,61811889.0,5.813,Healthcare,"Phreesia, Inc.",1.33,0.20396240601503757,forecast_icc,0.15603079263088848,0.6366922443899177,2026-06-25
PI,134.32,0.0,4091277824.0,30459185.0,6.694,Technology,"Impinj, Inc.",1.88148,0.4989954716499776,forecast_icc,0.07702699486721012,0.04983621087620374,2026-06-25
PICS,9.92,0.0,1285508480.0,43135919.0,9.072775,Technology,PicS N.V.,7.6115,0.75,forecast_icc,0.4,0.3044417781710977,2026-06-25
PII,72.15,2.72,4104337152.0,56886167.0,13.188,Consumer Cyclical,Polaris Inc.,1.82079,0.7101258245047481,forecast_icc,0.1901135102216377,0.1827858537475237,2026-06-25
PIM,3.16,0.26,152262512.0,48184341.0,3.467,Financial Services,Putnam Master Intermediate Inco,0.22,0.01,trailing_eps_fallback_icc,0.071544551365052,1.0971519387976472,2026-06-25
PINE,20.25,1.17,359408416.0,16524709.0,18.992,Real Estate,"Alpine Income Property Trust, I",0.67571,0.01,forecast_icc,0.03522901571988102,0.8732051319799924,2026-06-25
PINS,19.48,0.0,10911863808.0,481750308.0,4.969,Communication Services,"Pinterest, Inc.",1.89754,0.17707136608450935,forecast_icc,0.11843513110830572,0.21937748881148794,2026-06-25
PIPR,77.66,0.73,5248063488.0,67577429.0,19.774,Financial Services,Piper Sandler Companies,4.71,0.1927813163481955,forecast_icc,0.09879757167772707,0.25462269732473175,2026-06-25
PJT,152.39,1.0,6217223168.0,25824598.0,10.525,Financial Services,PJT Partners Inc.,7.52436,0.1358574018255374,forecast_icc,0.0725885418658837,0.04371789247472611,2026-06-25
PK,14.57,1.0,2933841920.0,201361835.0,15.344,Real Estate,Park Hotels & Resorts Inc.,0.495,0.11111111111111116,forecast_icc,0.06275179075776871,1.0531228609072434,2026-06-25
PKBK,32.56,0.8,385594976.0,11730950.0,28.577,Financial Services,"Parke Bancorp, Inc.",3.5,0.523,trailing_eps_fallback_icc,0.24962964653782727,0.8693976296776232,2026-06-25
PKE,31.96,0.5,667256384.0,20877859.0,6.224,Industrials,Park Aerospace Corp.,0.6,0.26666666666666683,forecast_icc,0.06328035865819215,0.19474342626297003,2026-06-25
PKG,241.09,6.0,21480792064.0,89098647.0,51.812,Consumer Cyclical,Packaging Corporation of Americ,10.3847,0.17997245948366336,forecast_icc,0.08612422044499068,0.2149073034462571,2026-06-25
PKOH,38.28,0.5,551161920.0,14398169.0,27.585,Industrials,Park-Ohio Holdings Corp.,3.07667,0.11484169572947378,forecast_icc,0.09442819376629205,0.7206112713029957,2026-06-25
PKX,52.17,1.62,15780543488.0,302483116.0,30.801771,Basic Materials,POSCO Holdings Inc.,4.75647,0.18688859595456297,forecast_icc,0.134292339310624,0.5904115835733652,2026-06-25
PL,26.51,0.0,9448230912.0,332908730.0,1.245,Industrials,Planet Labs PBC,0.00333,0.04,forecast_icc,0.010000000000000002,0.04386761635171179,2026-06-25
PLAB,32.85,0.0,1936957312.0,58963698.0,21.356,Technology,"Photronics, Inc.",1.845,0.09756097560975596,forecast_icc,0.06652345696636253,0.650106601052445,2026-06-25
PLBC,57.21,1.32,398647040.0,6968136.0,38.051,Financial Services,Plumas Bancorp,5.62667,0.024881501847451526,forecast_icc,0.07738210625939634,0.6651110288840976,2026-06-25
PLBY,1.34,0.0,154897632.0,115595238.0,0.29,Consumer Cyclical,"Playboy, Inc.",0.04,0.04,forecast_icc,0.03302242909688316,0.21641789217281254,2026-06-25
PLD,140.53,4.28,131682787328.0,932338000.0,57.321,Real Estate,"Prologis, Inc.",2.39,0.41841004184100417,forecast_icc,0.08949262672240044,0.405843068653183,2026-06-25
PLGO,23.77,0.6,2032258048.0,85496757.0,26.362,Financial Services,Pelagos Insurance Capital Limit,3.61482,0.1275167228243732,forecast_icc,0.14543070992400853,1.1090449415378572,2026-06-25
PLMK,10.63,0.0,257701776.0,18492875.0,-0.287,Financial Services,Plum Acquisition Corp. IV,0.25,0.01,trailing_eps_fallback_icc,0.02278408513110708,,2026-06-25
PLMR,117.84,0.0,3123216128.0,26503871.0,36.171,Financial Services,"Palomar Holdings, Inc.",9.87544,0.1322391711154136,forecast_icc,0.09616579164440198,0.3069501048442972,2026-06-25
PLNT,51.94,0.0,4126257664.0,79126649.0,-6.094,Consumer Cyclical,"Planet Fitness, Inc.",3.19882,0.12732507612181987,forecast_icc,0.07834935408801777,,2026-06-25
PLOW,53.54,1.18,1238122752.0,23125192.0,12.084,Consumer Cyclical,"Douglas Dynamics, Inc.",2.8625,0.08820960698689961,forecast_icc,0.07023811211748632,0.22570041595358714,2026-06-25
PLPC,405.0,0.83,1979644800.0,4888012.0,96.875,Industrials,Preformed Line Products Company,9.75,0.1579487179487178,forecast_icc,0.04667377246293525,0.23919753811390812,2026-06-25
PLTK,3.61,0.4,1373170176.0,380379545.0,-1.217,Communication Services,Playtika Holding Corp.,0.84667,0.12992074834351053,forecast_icc,0.23082029531060366,,2026-06-25
PLTR,107.27,0.0,257159643136.0,2296071334.0,3.525,Technology,Palantir Technologies Inc.,1.47251,0.41395983728463626,forecast_icc,0.06362990857669784,0.0314732566651978,2026-06-25
PLTS,17.5,0.0,316034432.0,11205435.0,0.299,Technology,Platinum Analytics Cayman Limit,0.01,0.04,trailing_eps_fallback_icc,0.010000000000000002,0.01060145580909361,2026-06-25
PLUS,81.06,1.08,2119847296.0,26151583.0,41.04,Technology,ePlus inc.,5.33,0.0891181988742964,forecast_icc,0.0765409129580431,0.5062916410748861,2026-06-25
PLX,2.22,0.0,178869040.0,80571642.0,0.834,Healthcare,"Protalix BioTherapeutics, Inc. ",0.195,0.01,forecast_icc,0.058271471920239404,0.3756756866811607,2026-06-25
PLXS,296.79,0.0,7941038080.0,26756421.0,55.679,Technology,Plexus Corp.,8.228,0.15119105493437046,forecast_icc,0.04963745831355182,0.18760403235076792,2026-06-25
PM,178.93,5.88,278872915968.0,1558558846.0,-5.954,Consumer Defensive,Philip Morris International Inc,8.41514,0.08431469945835746,forecast_icc,0.06811184237742351,,2026-06-25
PML,7.52,0.47,500034880.0,66494000.0,8.099,Financial Services,Pimco Municipal Income Fund II ,0.01,0.75,trailing_eps_fallback_icc,0.027338754555398116,1.0769946808510638,2026-06-25
PMM,6.35,0.4,271992064.0,42833397.0,6.706,Financial Services,Putnam Managed Municipal Income,0.18,0.04,trailing_eps_fallback_icc,0.03764247071927898,1.056063019110734,2026-06-25
PMO,10.69,0.51,299942816.0,27399462.0,11.396,Financial Services,Putnam Municipal Opportunities ,0.18,0.568,trailing_eps_fallback_icc,0.11963566373094495,1.0410126607333046,2026-06-25
PMT,10.51,1.6,916496832.0,87202362.0,15.197,Real Estate,PennyMac Mortgage Investment Tr,1.18167,0.2609273316577385,forecast_icc,0.23944480717724426,1.4459562205164282,2026-06-25
PMTR,10.42,0.0,321201728.0,24788000.0,-0.294,Financial Services,Perimeter Acquisition Corp. I,0.26,0.04,trailing_eps_fallback_icc,0.029187088759444153,,2026-06-25
PMTS,19.43,0.0,222971072.0,11475608.0,-1.221,Financial Services,CPI Card Group Inc.,2.73,0.2435897435897436,forecast_icc,0.16600750819751287,,2026-06-25
PNBK,1.06,0.0,124651656.0,110329351.0,0.77,Financial Services,Patriot National Bancorp Inc.,1.01,0.04,forecast_icc,0.27143413861130905,0.6815280518214696,2026-06-25
PNC,245.28,6.8,98495774720.0,401564632.0,143.638,Financial Services,"PNC Financial Services Group, I",18.41581,0.1432128155101513,forecast_icc,0.10647513214457927,0.5856082738085601,2026-06-25
PNFP,98.7,1.48,14914242560.0,151106812.0,91.906,Financial Services,"Pinnacle Financial Partners, In",10.27028,0.1479667545578114,forecast_icc,0.12129547389840567,0.9311651334489226,2026-06-25
PNNT,3.31,0.48,216130080.0,65296094.0,6.727,Financial Services,PennantPark Investment Corporat,0.54022,0.033634445226019105,forecast_icc,0.1729107052689346,2.032326200675075,2026-06-25
PNR,76.0,1.06,12282020864.0,161605541.0,23.577,Industrials,Pentair plc.,5.34866,0.08625711860540775,forecast_icc,0.0792475723311784,0.31022369057563265,2026-06-25
PNRG,170.8,0.0,276354400.0,1618000.0,134.365,Energy,PrimeEnergy Resources Corporati,13.97,0.01,forecast_icc,0.055353474049943396,0.7866803278688524,2026-06-25
PNTG,35.85,0.0,1246416768.0,34767557.0,9.958,Healthcare,"The Pennant Group, Inc.",1.35286,0.17634492852179817,forecast_icc,0.06661841777051924,0.27776851330517405,2026-06-25
PNW,107.28,3.64,13000958976.0,121187166.0,58.325,Utilities,Pinnacle West Capital Corporati,4.69851,0.20026561612085536,forecast_icc,0.09791532745277653,0.5436707761325991,2026-06-25
PODC,3.9,0.0,107203064.0,27487964.0,0.585,Communication Services,"PodcastOne, Inc.",0.12,0.01,forecast_icc,0.027728433428149415,0.14999999384345955,2026-06-25
PODD,153.82,0.0,10654291968.0,69264674.0,18.806,Healthcare,Insulet Corporation,6.4814,0.24725059400746763,forecast_icc,0.08679033032463257,0.12225978630549202,2026-06-25
POLE,10.7644,0.0,317657440.0,23760000.0,-0.358,Financial Services,Andretti Acquisition Corp. II,0.26,0.01,trailing_eps_fallback_icc,0.02324275564122206,,2026-06-25
POOL,207.38,5.2,7557550592.0,36443003.0,31.096,Industrials,Pool Corporation,11.07902,0.08653653481986678,forecast_icc,0.07097062665366105,0.14994694477964537,2026-06-25
POR,51.6,2.13,5971668480.0,115730011.0,35.6,Utilities,Portland General Electric Co,3.3944,0.05466061748762674,forecast_icc,0.07689987374025228,0.6899224907408122,2026-06-25
POST,89.26,0.0,4045494016.0,45322586.0,70.479,Consumer Defensive,"Post Holdings, Inc.",7.71479,0.12464888869301682,forecast_icc,0.09575008262273765,0.7895922045763817,2026-06-25
POWI,84.81,0.86,4725611520.0,55719984.0,12.083,Technology,"Power Integrations, Inc.",1.33407,0.39207088083833685,forecast_icc,0.07442099856182102,0.14247141641300215,2026-06-25
POWL,309.2,0.36,11264665600.0,36431649.0,19.463,Industrials,"Powell Industries, Inc.",5.45012,0.22123549573220402,forecast_icc,0.04578629426948966,0.06294631457919177,2026-06-25
PPBT,1.75,0.0,1631479.0,932274.0,10.0,Healthcare,Purple Biotech Ltd.,3226.0,0.04,trailing_eps_fallback_icc,0.4,5.714287465545067,2026-06-25
PPC,26.77,0.0,6369170432.0,237921941.0,15.647,Consumer Defensive,Pilgrim's Pride Corporation,3.37143,0.0961847050064808,forecast_icc,0.1095332979451481,0.5844975653537355,2026-06-25
PPCB,1.51,0.0,3440340.0,2278371.0,11.24,Healthcare,"Propanc Biopharma, Inc.",570.5,0.04,trailing_eps_fallback_icc,0.4,7.443709063639059,2026-06-25
PPG,122.4,2.84,27282960384.0,222900000.0,36.357,Basic Materials,"PPG Industries, Inc.",7.87078,0.10169640111907596,forecast_icc,0.08329302038768352,0.2970343095448157,2026-06-25
PPHC,7.34,0.24,215429568.0,29350077.0,3.764,Industrials,"Public Policy Holding Company, ",1.20167,0.06046585168973184,forecast_icc,0.12666909850165708,0.512806532796835,2026-06-25
PPIH,27.3,0.0,221831952.0,8125713.0,11.355,Industrials,Perma-Pipe International Holdin,2.11,0.19431279620853092,forecast_icc,0.10854608156454434,0.4159340901215169,2026-06-25
PPL,37.0,1.14,27836962816.0,752350362.0,19.967,Utilities,PPL Corporation,1.95055,0.08495039860552156,forecast_icc,0.07233423825473753,0.5396486598537833,2026-06-25
PPLI,42.33,0.0,3148822784.0,68597997.0,61.015,Communication Services,People Incorporated,1.32918,0.75,forecast_icc,0.1723852453929361,1.3292290719638669,2026-06-25
PPT,3.44,0.31,328752320.0,95567537.0,3.773,Financial Services,Putnam Premier Income Trust,0.31,0.592,trailing_eps_fallback_icc,0.3351360362766439,1.0968023498693484,2026-06-25
PR,18.86,0.62,16248571904.0,837288124.0,13.532,Energy,Permian Resources Corporation,1.95218,0.08721531825958673,forecast_icc,0.1086678335689516,0.6973033052325532,2026-06-25
PRA,25.0,0.0,1290193152.0,51607726.0,25.941,Financial Services,ProAssurance Corporation,1.22,0.024590163934426146,forecast_icc,0.04222204725992966,1.0376399983914966,2026-06-25
PRAA,18.18,0.0,693401344.0,38140888.0,26.278,Financial Services,"PRA Group, Inc.",2.515,0.12326043737574555,forecast_icc,0.1250913966638153,1.4454345431208162,2026-06-25
PRDO,32.98,0.6,2067949312.0,62703133.0,15.947,Consumer Defensive,Perdoceo Education Corporation,3.11,0.07395498392282951,forecast_icc,0.09218278183604733,0.4835354793991198,2026-06-25
PRG,43.41,0.56,1739246080.0,40065564.0,19.328,Industrials,"PROG Holdings, Inc.",4.65,0.14677419354838683,forecast_icc,0.12174973958225038,0.4452430451888671,2026-06-25
PRGO,9.68,1.16,1339400064.0,138367770.0,18.094,Healthcare,Perrigo Company plc,2.108,0.12049335863377619,forecast_icc,0.22600518345041942,1.869214805696769,2026-06-25
PRGS,29.81,0.0,1254363264.0,42078610.0,11.855,Technology,Progress Software Corporation,5.98135,0.013256204702951635,forecast_icc,0.10360017814187394,0.39768537222563305,2026-06-25
PRI,281.37,4.48,8774244352.0,31184008.0,80.394,Financial Services,"Primerica, Inc.",24.49714,0.08119764184717049,forecast_icc,0.08938324502022132,0.2857234239869959,2026-06-25
PRIM,95.38,0.32,5174835712.0,54254935.0,31.05,Industrials,Primoris Services Corporation,2.19444,0.75,forecast_icc,0.1545920792852934,0.32553994474520626,2026-06-25
PRK,181.62,4.34,3286611456.0,18096089.0,93.93,Financial Services,Park National Corporation,12.23,0.045243663123466726,forecast_icc,0.0679394503032068,0.5171787607162774,2026-06-25
PRKS,46.4,0.0,2187088640.0,47135528.0,-11.469,Consumer Cyclical,United Parks & Resorts Inc.,4.30101,0.09513579368566916,forecast_icc,0.0908916787077404,,2026-06-25
PRLB,81.22,0.0,1932552320.0,23794045.0,28.712,Industrials,"Proto Labs, Inc.",2.026,0.08958538993089848,forecast_icc,0.03647453140048411,0.35350899065956465,2026-06-25
PRM,36.9,0.0,6019388416.0,163127063.0,7.386,Basic Materials,"Perimeter Solutions, SA",1.66094,0.15951208351897117,forecast_icc,0.07096663549406157,0.20016260856591317,2026-06-25
PRMB,24.98,0.48,9064457216.0,362868562.0,8.148,Consumer Defensive,Primo Brands Corporation,1.28304,0.1520997007108118,forecast_icc,0.08443199004984103,0.3261809254234336,2026-06-25
PROP,0.6991,0.0,68324568.0,97732173.0,0.005,Energy,Prairie Operating Co.,0.73,0.2602739726027399,forecast_icc,0.4,0.00715205202614673,2026-06-25
PROV,17.17,0.56,107375872.0,6253691.0,20.017,Financial Services,"Provident Financial Holdings, I",1.31,0.01,forecast_icc,0.06181826729966733,1.1658124904168414,2026-06-25
PRPO,22.405,0.0,40046072.0,1787372.0,7.943,Healthcare,"Precipio, Inc.",0.39,0.04,forecast_icc,0.022464477362033178,0.3545190598468684,2026-06-25
PRSU,54.2,0.0,1487750144.0,27449264.0,19.451,Consumer Cyclical,Pursuit Attractions and Hospita,1.58667,0.1323526631246572,forecast_icc,0.04820217220086728,0.3588745302544565,2026-06-25
PRTA,9.27,0.0,485314528.0,52353237.0,5.89,Healthcare,Prothena Corporation plc,0.05,0.01,forecast_icc,0.010000000000000002,0.6353829282646161,2026-06-25
PRTH,7.01,0.0,577309760.0,82355170.0,-1.093,Technology,"Priority Technology Holdings, I",1.1175,0.12080536912751683,forecast_icc,0.1343443778768343,,2026-06-25
PRU,107.03,5.6,37174206464.0,347325107.0,92.061,Financial Services,"Prudential Financial, Inc.",13.74481,0.061110339102541156,forecast_icc,0.12032431097463492,0.8601420101997904,2026-06-25
PRVA,24.53,0.0,3091083776.0,126012374.0,5.991,Healthcare,"Privia Health Group, Inc.",0.95221,0.15243486205773915,forecast_icc,0.06292663026056708,0.24423153409673226,2026-06-25
PS,29.62,0.0,11848000512.0,400000000.0,2.096,Financial Services,Pershing Square Inc.,0.5916,0.6789046653144015,forecast_icc,0.12648593139273745,0.07076299491638645,2026-06-25
PSA,320.74,12.0,56315416576.0,175579656.0,27.91,Real Estate,Public Storage,9.82782,0.06629038789884234,forecast_icc,0.046581399481084085,0.08701752551801989,2026-06-25
PSBD,10.8,1.5,336104800.0,31120814.0,,Financial Services,Palmer Square Capital BDC Inc.,1.4321,0.01,forecast_icc,0.13593751784607372,,2026-06-25
PSF,19.83,1.51,238518944.0,12028187.0,,Financial Services,Cohen & Steers Select Preferred,2.09,0.04,trailing_eps_fallback_icc,0.11071815925576989,,2026-06-25
PSFE,6.63,0.0,342614208.0,51252865.0,12.023,Technology,Paysafe Limited,2.17418,0.18457073471377727,forecast_icc,0.22299572351770458,1.7985628777397344,2026-06-25
PSHG,1.69,0.0,21010348.0,12432158.0,26.802,Industrials,Performance Shipping Inc.,1.29,0.01,forecast_icc,0.21872354125157634,15.859170857902974,2026-06-25
PSIX,38.71,0.0,892282880.0,23050450.0,8.059,Industrials,"Power Solutions International, ",2.51,0.3227091633466137,forecast_icc,0.13035909823234404,0.2081891076403931,2026-06-25
PSKY,9.43,0.2,10553802752.0,1087672971.0,10.47,Communication Services,Paramount Skydance Corporation,0.6392,0.3590894868585732,forecast_icc,0.15954164108468627,1.079036274788434,2026-06-25
PSMT,195.92,1.4,6053120512.0,30895879.0,44.236,Consumer Defensive,"PriceSmart, Inc.",5.44667,0.2943688528954389,forecast_icc,0.08005093645491879,0.22578603890911597,2026-06-25
PSN,47.05,0.0,5033339392.0,106978521.0,24.77,Technology,Parsons Corporation,3.31354,0.11227569306542229,forecast_icc,0.08116315803801843,0.5264612136788729,2026-06-25
PSO,15.13,0.34,9084305408.0,600416737.0,7.606722,Communication Services,"Pearson, Plc",0.95391,0.12075562684110652,forecast_icc,0.08760106336116424,0.5027575579398788,2026-06-25
PSTL,24.34,0.98,854540096.0,27623858.0,10.566,Real Estate,"Postal Realty Trust, Inc.",0.55698,0.055190491579589995,forecast_icc,0.03431605170812546,0.341556452405482,2026-06-25
PSTV,4.26,0.0,29325402.0,6883897.0,1.743,Healthcare,"PLUS THERAPEUTICS, Inc.",21.56,0.04,trailing_eps_fallback_icc,0.4,0.40915491869472076,2026-06-25
PSUS,37.12,0.0,,,,Financial Services,"Pershing Square USA, Ltd.",2.03,0.75,forecast_icc,0.21980648367527184,,2026-06-25
PSX,171.76,5.08,68864598016.0,400935020.0,71.154,Energy,Phillips 66,17.74199,0.01,forecast_icc,0.0743593775232852,0.41426409555823984,2026-06-25
PTA,19.06,1.61,1053512064.0,55273457.0,,Financial Services,240905,1.63,0.04,trailing_eps_fallback_icc,0.10408674111341523,,2026-06-25
PTC,112.55,0.0,13000177664.0,115505791.0,33.419,Technology,PTC Inc.,8.06678,0.07370598925469651,forecast_icc,0.07130777943123656,0.2969257904927198,2026-06-25
PTCT,84.51,0.0,7010048512.0,82949338.0,-2.52,Healthcare,"PTC Therapeutics, Inc.",1.31333,0.75,forecast_icc,0.12267897075519127,,2026-06-25
PTEN,9.77,0.4,3708864768.0,379617653.0,8.323,Energy,"Patterson-UTI Energy, Inc.",0.09871,0.04,forecast_icc,0.015792264857020566,0.8518934831972284,2026-06-25
PTGX,122.63,0.0,7886503424.0,64311373.0,10.206,Healthcare,"Protagonist Therapeutics, Inc.",4.17331,0.01,forecast_icc,0.029769322276780814,0.08322596688927779,2026-06-25
PTLO,4.4,0.0,318476224.0,72380958.0,6.527,Consumer Cyclical,Portillo's Inc.,0.21722,0.22014547463401168,forecast_icc,0.0891706809013274,1.4834090499201598,2026-06-25
PTN,10.25,0.0,18237568.0,1779275.0,5.963,Healthcare,"Palatin Technologies, Inc.",0.11,0.04,trailing_eps_fallback_icc,0.015373753485310337,0.5817561214850576,2026-06-25
PTNM,10.39,0.0,239099888.0,20012500.0,0.2148013,Consumer Defensive,Pitanium Limited,0.03,0.04,trailing_eps_fallback_icc,0.010000000000000002,0.017978724508018174,2026-06-25
PTON,5.71,0.0,2472384000.0,417155201.0,-0.559,Consumer Cyclical,"Peloton Interactive, Inc.",0.13089,0.75,forecast_icc,0.14879149863036956,,2026-06-25
PTRN,21.79,0.0,4324638720.0,155063921.0,3.452,Technology,Pattern Group Inc. - Series A,0.54957,0.29235584183998387,forecast_icc,0.07062339522178193,0.12377465262393063,2026-06-25
PUBM,11.51,0.0,534562656.0,38180751.0,5.391,Technology,"PubMatic, Inc.",0.285,0.7134385964912282,forecast_icc,0.1474175310990274,0.3850482751286689,2026-06-25
PUK,26.65,0.53,33264500736.0,1248198870.0,3.973,Financial Services,Prudential Public Limited Compa,1.98454,0.09383030828302785,forecast_icc,0.0868650193610051,0.14908067161047442,2026-06-25
PUMP,14.8,0.0,1814731264.0,122616976.0,8.063,Energy,ProPetro Holding Corp.,0.03663,0.75,forecast_icc,0.03954922469647075,0.5447972915332989,2026-06-25
PURR,8.02,0.0,1576355584.0,196553055.0,5.985,Financial Services,Hyperliquid Strategies Inc,2.44,0.04,forecast_icc,0.14962378670300736,0.746259312375424,2026-06-25
PVH,72.01,0.15,3320243712.0,46108092.0,106.229,Consumer Cyclical,PVH Corp.,12.04249,0.03814493514215078,forecast_icc,0.10582523230816399,1.475197886036385,2026-06-25
PW,9.25,0.0,3396849.0,367227.0,-11.535,Real Estate,Power REIT (MD),3.68,0.04,forecast_icc,0.17315459055117904,,2026-06-25
PWP,16.12,0.28,1532650624.0,72918051.0,-2.192,Financial Services,Perella Weinberg Partners,1.01,0.4900990099009901,forecast_icc,0.18662773365002894,,2026-06-25
PWR,718.59,0.44,107831721984.0,150060149.0,60.274,Industrials,"Quanta Services, Inc.",14.02507,0.1736312189529181,forecast_icc,0.04184028146763541,0.08387815064446481,2026-06-25
PXED,30.58,0.84,1095099648.0,35810977.0,8.13,Consumer Defensive,"Phoenix Education Partners, Inc",4.45143,0.09178398851604985,forecast_icc,0.12951597359747252,0.26586004619919307,2026-06-25
PXS,4.42,0.0,45257240.0,10239194.0,9.457,Energy,Pyxis Tankers Inc.,0.97,,forecast_icc,0.010000000000000002,2.1395926410448363,2026-06-25
PYPL,42.38,0.56,37383630848.0,882105493.0,22.448,Financial Services,"PayPal Holdings, Inc.",5.30524,0.08504610535998358,forecast_icc,0.11070075347004715,0.5296838123449256,2026-06-25
PZZA,36.17,1.84,1190065792.0,32902014.0,-13.652,Consumer Cyclical,"Papa John's International, Inc.",1.48611,0.17818331079126026,forecast_icc,0.09318271199022166,,2026-06-25
Q,167.49,0.32,35062222848.0,209339207.0,34.301,Technology,"Qnity Electronics, Inc.",4.1142,0.1654562247824607,forecast_icc,0.04856858106757364,0.20479432152478572,2026-06-25
QCOM,204.9,3.68,215964598272.0,1054000000.0,25.758,Technology,QUALCOMM Incorporated,10.79653,0.016081092721457635,forecast_icc,0.04637741206183643,0.12571010349486472,2026-06-25
QCRH,96.62,0.4,1595175808.0,16509789.0,68.044,Financial Services,"QCR Holdings, Inc.",8.164,0.06418422341989238,forecast_icc,0.07784645900941312,0.7042434301486096,2026-06-25
QDEL,13.52,0.0,921942272.0,68190989.0,27.186,Healthcare,QuidelOrtho Corporation,1.88852,0.2925465443839619,forecast_icc,0.1811042023656605,2.01079859689306,2026-06-25
QFIN,15.01,1.54,1827495808.0,121751884.0,29.528656,Financial Services,"Qfin Holdings, Inc.",29.37954,0.12106588462583145,forecast_icc,0.4,1.9672655249056004,2026-06-25
QGEN,38.94,0.35,8031374848.0,206250000.0,16.154,Healthcare,Qiagen N.V.,2.44347,0.07977179994024874,forecast_icc,0.07004150899037576,0.41484335659288607,2026-06-25
QLYS,116.19,0.0,4091864320.0,35217007.0,16.108,Technology,"Qualys, Inc.",7.56968,0.09127862736601822,forecast_icc,0.07168341733703038,0.1386349850319573,2026-06-25
QNST,13.32,0.0,765172288.0,57445370.0,5.403,Communication Services,"QuinStreet, Inc.",1.21167,0.257215248376208,forecast_icc,0.13671270457010676,0.40563065204734644,2026-06-25
QRHC,1.37,0.0,28870712.0,21073513.0,1.84,Industrials,Quest Resource Holding Corporat,0.14,0.04,forecast_icc,0.07774651416093403,1.343065731111862,2026-06-25
QRVO,95.37,0.0,8393864192.0,88013673.0,38.116,Technology,"Qorvo, Inc.",6.90025,0.13460526792507532,forecast_icc,0.08862278653773925,0.3996644552892952,2026-06-25
QSEA,10.55,0.0,120374448.0,11409900.0,-0.364,Financial Services,Quartzsea Acquisition Corporati,0.11,0.04,trailing_eps_fallback_icc,0.015015794346818434,,2026-06-25
QSR,73.23,2.6,33417551872.0,346983973.0,10.777,Consumer Cyclical,Restaurant Brands International,4.05554,0.09499598080650196,forecast_icc,0.07969984264035429,0.11190066499617582,2026-06-25
QTEX,1.64,0.0,86265400.0,52600854.0,0.065,Technology,QTREX Quantum Ltd.,0.1,,forecast_icc,0.010000000000000002,0.03963414659875222,2026-06-25
QTTB,11.95,0.0,202629168.0,16956415.0,3.166,Healthcare,Q32 Bio Inc.,2.78,0.04,trailing_eps_fallback_icc,0.12862433108928395,0.26493722705311606,2026-06-25
QTWO,44.04,0.0,2756922624.0,62600423.0,9.761,Technology,"Q2 Holdings, Inc.",2.74751,0.17541337429163129,forecast_icc,0.09115199088421855,0.22163941910580076,2026-06-25
QUAD,8.03,0.4,414022976.0,38297540.0,2.453,Industrials,"Quad Graphics, Inc",1.22,0.12568032786885253,forecast_icc,0.15775496559883273,0.22690495712972217,2026-06-25
QUIK,18.41,0.0,326298848.0,17724000.0,1.368,Technology,QuickLogic Corporation,0.1375,0.04,forecast_icc,0.011355167206853964,0.07430743978599642,2026-06-25
QUMS,10.23,0.0,116690032.0,11406650.0,-0.268,Financial Services,Quantumsphere Acquisition Corp.,0.12,0.04,trailing_eps_fallback_icc,0.01652173543242995,,2026-06-25
QXO,18.0,0.0,13055496192.0,725305345.0,12.814,Industrials,"QXO, Inc.",0.34317,0.75,forecast_icc,0.1360056738614427,0.7118888898703912,2026-06-25
R,267.92,3.64,10366097408.0,38691018.0,73.867,Industrials,"Ryder System, Inc.",14.62117,0.20216576375214834,forecast_icc,0.09768093409098022,0.275705438036918,2026-06-25
RA,12.77,1.42,705602496.0,55254696.0,,Financial Services,Brookfield Real Assets Income F,1.12,0.04,trailing_eps_fallback_icc,0.10711286316233759,,2026-06-25
RAAQ,10.68,0.0,245640000.0,17250000.0,-1.056,Financial Services,Real Asset Acquisition Corp.,0.3,0.04,trailing_eps_fallback_icc,0.03168448236783686,,2026-06-25
RACE,352.2,4.23,61985378304.0,175994809.0,26.455751,Consumer Cyclical,Ferrari N.V.,9.69055,0.10620037046400865,forecast_icc,0.045331568575391556,0.07511569617856306,2026-06-25
RAIL,9.58,0.0,183334448.0,19137208.0,-3.422,Industrials,"Freightcar America, Inc.",0.47333,0.75,forecast_icc,0.21053974237137563,,2026-06-25
RAL,73.54,0.2,8231564288.0,111933148.0,13.99,Technology,Ralliant Corporation,2.65117,0.1624339442585725,forecast_icc,0.06299454905573831,0.19023659243029167,2026-06-25
RAMP,37.43,0.0,2249088768.0,60087866.0,16.052,Technology,"LiveRamp Holdings, Inc.",2.84,0.15140845070422548,forecast_icc,0.0958224320839714,0.4288538712901526,2026-06-25
RANG,10.67,0.0,171120128.0,16037500.0,-0.0,Financial Services,Range Capital Acquisition Corp.,0.24,0.01,trailing_eps_fallback_icc,0.02203237440804956,,2026-06-25
RARE,29.25,0.0,2880809728.0,98489224.0,-2.408,Healthcare,Ultragenyx Pharmaceutical Inc.,0.96525,0.04,forecast_icc,0.035313236968873715,,2026-06-25
RAVE,3.23,0.0,45903360.0,14211566.0,1.157,Consumer Cyclical,"Rave Restaurant Group, Inc.",0.21,0.131,trailing_eps_fallback_icc,0.08202903523174887,0.3582043201630556,2026-06-25
RAY,2.92,0.0,7956740.0,2724911.0,5.504793,Consumer Defensive,Raytech Holding Limited,0.74,0.01,trailing_eps_fallback_icc,0.117085733941512,1.885203110623572,2026-06-25
RBA,115.5,1.24,21517649920.0,186300000.0,30.16,Industrials,"RB Global, Inc.",4.41055,0.10593690129348965,forecast_icc,0.05642848206507767,0.26112554209637406,2026-06-25
RBB,26.55,0.64,449647808.0,16935888.0,31.099,Financial Services,RBB Bancorp,2.344,0.07081911262798624,forecast_icc,0.08996582743275694,1.1713371477438628,2026-06-25
RBBN,2.25,0.0,396312896.0,176139067.0,2.388,Technology,Ribbon Communications Inc.,0.128,0.5234375,forecast_icc,0.16963413389137422,1.061333346053922,2026-06-25
RBC,648.89,0.0,20527869952.0,31635359.0,106.549,Industrials,RBC Bearings Incorporated,14.36098,0.1411762985534415,forecast_icc,0.040577017142633065,0.16420193005765785,2026-06-25
RBCAA,88.07,1.98,1727733504.0,17480988.0,57.781,Financial Services,"Republic Bancorp, Inc.",6.65,0.01,forecast_icc,0.05828680677233333,0.5846208140836053,2026-06-25
RBKB,17.23,0.0,191262672.0,11100562.0,12.749,Financial Services,"Rhinebeck Bancorp, Inc.",0.91,0.01,trailing_eps_fallback_icc,0.0398938087788655,0.73993039759478,2026-06-25
RBNE,0.641,0.0,4212748.0,6572151.0,5.953,Energy,Robin Energy Ltd.,0.01,0.04,trailing_eps_fallback_icc,0.020670778802182377,9.287053225827893,2026-06-25
RBRK,71.02,0.0,14617944064.0,160956763.0,-2.339,Technology,"Rubrik, Inc.",0.31401,0.75,forecast_icc,0.059071839611039276,,2026-06-25
RCG,2.69,0.02,18872464.0,7015786.0,2.827,Financial Services,153389,0.11,0.01,trailing_eps_fallback_icc,0.03498934849346036,1.0509293869629317,2026-06-25
RCI,34.8,1.43,18799839232.0,429076558.0,23.413877,Communication Services,"Rogers Communication, Inc.",4.83968,0.04174862800846335,forecast_icc,0.11124736968317583,0.5343846630079185,2026-06-25
RCKY,40.41,0.68,304746464.0,7541363.0,33.51,Consumer Cyclical,"Rocky Brands, Inc.",3.67,0.11444141689373288,forecast_icc,0.10294899897352999,0.8292502259517603,2026-06-25
RCL,322.65,5.0,86533103616.0,268194978.0,36.578,Consumer Cyclical,Royal Caribbean Cruises Ltd.,17.33275,0.15502329405316506,forecast_icc,0.08559047726003721,0.11336743391080822,2026-06-25
RCMT,27.47,0.0,194696752.0,7087614.0,6.304,Industrials,"RCM Technologies, Inc.",2.74,0.15693430656934293,forecast_icc,0.11400237463848562,0.2294867181759663,2026-06-25
RDAC,5.6,0.0,33325768.0,5951030.0,-0.457,Financial Services,Rising Dragon Acquisition Corp.,0.19,0.01,trailing_eps_fallback_icc,0.029706335248643412,,2026-06-25
RDCM,12.58,0.0,210568784.0,16738377.0,7.112,Communication Services,Radcom Ltd.,1.19,0.07983193277310918,forecast_icc,0.08722573537132317,0.565341808802961,2026-06-25
RDDT,158.02,0.0,30420279296.0,141965642.0,16.526,Communication Services,"Reddit, Inc.",4.96694,0.3027054886912264,forecast_icc,0.08304772979888952,0.07712369031406278,2026-06-25
RDHL,0.8601,0.0,4465002.0,5191260.0,0.838,Healthcare,Redhill Biopharma Ltd.,0.03,0.04,forecast_icc,0.036623323668410285,0.9743054717556677,2026-06-25
RDN,37.0,1.02,4920082432.0,132975196.0,35.665,Financial Services,Radian Group Inc.,5.3064,0.03851952359415045,forecast_icc,0.10601512714480321,0.9639188836541835,2026-06-25
RDNT,60.01,0.0,4718840832.0,78634236.0,14.081,Healthcare,"RadNet, Inc.",0.51571,0.75,forecast_icc,0.08889792140853003,0.234644209571,2026-06-25
RDVT,56.22,0.0,793203584.0,14108921.0,7.407,Technology,"Red Violet, Inc.",1.485,0.09427609427609429,forecast_icc,0.038534517261058374,0.13175025927139533,2026-06-25
RDWR,28.14,0.0,1184201216.0,42082490.0,7.637,Technology,Radware Ltd.,1.15,0.1449304347826088,forecast_icc,0.06353881291404942,0.2713930468806409,2026-06-25
RDY,15.25,0.08,12698830848.0,832710225.0,0.80166465,Healthcare,Dr. Reddy's Laboratories Ltd,51.04,0.24059561128526652,forecast_icc,0.4,0.052568174115114115,2026-06-25
REAL,12.43,0.0,1497662464.0,120487728.0,-2.983,Consumer Cyclical,"The RealReal, Inc.",0.06047,0.75,forecast_icc,0.06285971846981542,,2026-06-25
RECT,1.2,0.0,17400000.0,14500000.0,1.4454584,Consumer Cyclical,Rectitude Holdings Ltd,0.2,0.75,trailing_eps_fallback_icc,0.34195935280164125,1.2045486666666665,2026-06-25
REFI,11.03,1.88,235097744.0,21314392.0,14.394,Real Estate,Chicago Atlantic Real Estate Fi,1.678,0.10846245530393328,forecast_icc,0.2173918849835873,1.3049863993930968,2026-06-25
REG,80.25,3.02,15001531392.0,183096790.0,36.519,Real Estate,Regency Centers Corporation,2.4416,0.029800131061598734,forecast_icc,0.03760201343398839,0.44572193993313075,2026-06-25
REGN,620.14,3.76,65014878208.0,103021886.0,308.325,Healthcare,"Regeneron Pharmaceuticals, Inc.",46.24604,0.04012905753660201,forecast_icc,0.06479674784768197,0.48856852272071855,2026-06-25
REI,1.04,0.0,264007760.0,253853625.0,2.97,Energy,"Ring Energy, Inc.",0.18,0.6111111111111112,forecast_icc,0.3035131783418549,2.8557693389391283,2026-06-25
RELL,18.06,0.24,262898000.0,12520251.0,11.002,Technology,"Richardson Electronics, Ltd.",0.255,0.5294117647058825,forecast_icc,0.09793529683547889,0.5239591077223866,2026-06-25
RELX,30.92,0.9,54211768320.0,1753291428.0,0.43845,Industrials,RELX PLC PLC,1.89936,0.12117765984331563,forecast_icc,0.08960653822563425,0.014180142991627839,2026-06-25
RELY,21.74,0.0,4577597440.0,210561079.0,4.314,Technology,"Remitly Global, Inc.",1.36772,0.20583891439768376,forecast_icc,0.09924618161520962,0.1984360806541346,2026-06-25
RENT,3.1,0.0,104117920.0,33586429.0,-1.593,Consumer Cyclical,"Rent the Runway, Inc.",7.57,0.04,trailing_eps_fallback_icc,0.4,,2026-06-25
REPX,32.8,1.6,711627072.0,21695947.0,29.202,Energy,"Riley Exploration Permian, Inc.",6.33,0.2657977883096365,forecast_icc,0.23320787820514066,0.8903048650375123,2026-06-25
RERE,3.72,0.1,823946048.0,132812930.0,2.4071612,Consumer Cyclical,ATRenew Inc.,2.8655,0.42125283545629055,forecast_icc,0.4,0.38801342967824515,2026-06-25
RES,5.94,0.16,1316529408.0,221637935.0,5.032,Energy,"RPC, Inc.",0.2,0.32499999999999996,forecast_icc,0.1119672043455798,0.8471379994574342,2026-06-25
REX,43.41,0.0,1429826304.0,32937718.0,19.104,Basic Materials,REX American Resources Corporat,2.27,0.75,forecast_icc,0.21568406999339518,0.44008294078215526,2026-06-25
REXR,33.5,1.73,7750709760.0,225718119.0,36.074,Real Estate,"Rexford Industrial Realty, Inc.",0.98361,0.01,forecast_icc,0.03164954147658999,1.0505561009171371,2026-06-25
REYN,26.31,0.92,5545289728.0,210767377.0,10.75,Consumer Cyclical,Reynolds Consumer Products Inc.,1.60098,0.055778335769341325,forecast_icc,0.07120311970732607,0.4085898868925609,2026-06-25
REZI,32.34,0.0,4897125376.0,151426260.0,16.114,Industrials,"Resideo Technologies, Inc.",2.89667,0.08055111559135142,forecast_icc,0.08451595802415246,0.49826838528546596,2026-06-25
RF,29.98,1.06,25584318464.0,853379538.0,20.414,Financial Services,Regions Financial Corporation,2.6128,0.09332134109001844,forecast_icc,0.10218529932886755,0.6809206160111376,2026-06-25
RFAI,11.03,0.0,92031728.0,8343765.0,-0.594,Financial Services,RF Acquisition Corp II,0.18,0.01,trailing_eps_fallback_icc,0.017170247042501342,,2026-06-25
RFI,11.15,0.96,298248128.0,26748712.0,11.092,Financial Services,Cohen & Steers Total Return Rea,0.42,0.04,trailing_eps_fallback_icc,0.04872738277524158,0.9947982423011219,2026-06-25
RFIL,20.95,0.0,227334016.0,10851265.0,3.399,Industrials,"RF Industries, Ltd.",0.69,0.2898550724637683,forecast_icc,0.08289460517565833,0.16224342658425564,2026-06-25
RFM,14.61,1.09,89335752.0,6114699.0,,Financial Services,RiverNorth Flexible Municipal I,0.09,0.04,trailing_eps_fallback_icc,0.01010881394539901,,2026-06-25
RFMZ,13.48,1.0,328261664.0,24351756.0,,Financial Services,"RiverNorth Flexible Municipal Income Fund II, Inc.",0.06,0.04,trailing_eps_fallback_icc,0.010000000000000002,,2026-06-25
RGA,208.5,3.72,13659494400.0,65513163.0,202.933,Financial Services,"Reinsurance Group of America, I",27.07141,0.07207640828460726,forecast_icc,0.1100536515096863,0.973299766284102,2026-06-25
RGCO,24.64,0.85,256432320.0,10407156.0,11.925,Utilities,RGC Resources Inc.,1.38,0.135,forecast_icc,0.09186125465092618,0.4839691630914544,2026-06-25
RGEN,145.23,0.0,8192095744.0,56407740.0,37.331,Healthcare,Repligen Corporation,2.00229,0.2723581499183434,forecast_icc,0.04431546095305483,0.25704745253768363,2026-06-25
RGLD,204.62,1.9,17365403648.0,84866602.0,87.456,Basic Materials,"Royal Gold, Inc.",11.36,0.18253873239436635,forecast_icc,0.09125431821205943,0.4274069117516202,2026-06-25
RGR,38.43,0.44,612737664.0,15944253.0,17.764,Industrials,"Sturm, Ruger & Company, Inc.",1.7,0.16470588235294126,forecast_icc,0.07656111945954802,0.4622430232916121,2026-06-25
RGS,26.5,0.0,66217616.0,2498778.0,75.817,Consumer Cyclical,Regis Corporation,1.59,0.75,forecast_icc,0.22851295249155978,2.8610189111308384,2026-06-25
RGT,14.19,0.19,93126864.0,6562852.0,,Financial Services,"Royce Global Value Trust, Inc.",2.9,0.04,trailing_eps_fallback_icc,0.12437275947325543,,2026-06-25
RH,159.92,0.0,3022642688.0,18900969.0,3.22,Consumer Cyclical,RH,4.71093,0.75,forecast_icc,0.16741304136954904,0.020135069362191185,2026-06-25
RHI,30.09,2.36,3078014208.0,102293589.0,12.247,Industrials,Robert Half Inc.,1.31552,0.5701395645828264,forecast_icc,0.21569321947885622,0.40701228123863165,2026-06-25
RHLD,125.06,0.0,1032675648.0,8257442.0,3.669,Industrials,Resolute Holdings Management,6.89,0.04,trailing_eps_fallback_icc,0.05078096582677227,0.02933791917789079,2026-06-25
RHP,130.91,4.75,8261635072.0,63109272.0,11.75,Real Estate,"Ryman Hospitality Properties, I",4.285,0.15635939323220538,forecast_icc,0.07209634562931055,0.08975631815464434,2026-06-25
RIBB,10.75,0.0,51529544.0,3543446.0,-0.053,Financial Services,Ribbon Acquisition Corp,0.12,0.04,trailing_eps_fallback_icc,0.015873668851039628,,2026-06-25
RICK,27.06,0.32,206860160.0,7644500.0,29.931,Consumer Cyclical,"RCI Hospitality Holdings, Inc.",4.18,0.04,forecast_icc,0.10521408358199202,1.106097614446397,2026-06-25
RIG,5.21,0.0,5766221312.0,1106760308.0,7.4,Energy,Transocean Ltd (Switzerland),0.13841,0.75,forecast_icc,0.15956833472010057,1.4203454630081325,2026-06-25
RIGL,36.99,0.0,684392000.0,18502080.0,21.638,Healthcare,"Rigel Pharmaceuticals, Inc.",2.91564,0.6394136450316226,forecast_icc,0.2270917871473429,0.5849688585489018,2026-06-25
RILY,7.11,0.0,285784288.0,40194696.0,2.2,Financial Services,"BRC Group Holdings, Inc.",14.55,0.04,trailing_eps_fallback_icc,0.3948995890712673,0.30942334800435217,2026-06-25
RIO,95.11,4.02,154672840704.0,1254501913.0,38.281,Basic Materials,Rio Tinto Plc,8.66903,0.025747978724263154,forecast_icc,0.08107394071579488,0.3104849404263321,2026-06-25
RITM,9.32,1.0,5203417600.0,558306597.0,12.506,Real Estate,Rithm Capital Corp.,2.26062,0.0409445196450533,forecast_icc,0.1820578841933499,1.3418454636587307,2026-06-25
RIV,11.465,1.55,313811552.0,27371263.0,,Financial Services,"RiverNorth Opportunities Fund, ",2.31,0.04,trailing_eps_fallback_icc,0.1845002279349487,,2026-06-25
RJET,18.08,0.0,846676928.0,46829476.0,29.64,Industrials,Republic Airways Holdings Inc.,1.77,0.01,trailing_eps_fallback_icc,0.06293442097450475,1.6393805272558462,2026-06-25
RJF,150.52,2.16,29333796864.0,194883034.0,64.564,Financial Services,"Raymond James Financial, Inc.",11.86332,0.12728983117710735,forecast_icc,0.0976842325876216,0.42893963797157897,2026-06-25
RKT,14.78,0.0,41818972160.0,980550267.0,8.215,Financial Services,"Rocket Companies, Inc.",0.73345,0.44891949008112353,forecast_icc,0.14187508884158084,0.19262119625000845,2026-06-25
RL,410.11,3.74,24408246272.0,37635070.0,47.278,Consumer Cyclical,Ralph Lauren Corporation,18.4154,0.10655918416108245,forecast_icc,0.06244255391189568,0.07289793865695064,2026-06-25
RLGT,9.16,0.0,428978048.0,46831666.0,5.185,Industrials,"Radiant Logistics, Inc.",0.48,0.12500000000000022,forecast_icc,0.07006169196951262,0.5660480515077545,2026-06-25
RLI,55.13,0.72,5068559872.0,91938331.0,19.354,Financial Services,RLI Corp.,2.73,0.017267399267399286,forecast_icc,0.043495109270243304,0.3510611501313642,2026-06-25
RLTY,15.62,1.32,261203984.0,16722406.0,,Financial Services,Cohen & Steers Real Estate Oppo,1.08,0.04,trailing_eps_fallback_icc,0.08599119523975263,,2026-06-25
RLX,1.79,0.1,2187835648.0,913539574.0,1.8940282,Consumer Defensive,RLX Technology Inc.,0.9749,0.15710329264539968,forecast_icc,0.2970951037078332,0.7908590924339792,2026-06-25
RM,38.93,1.2,358473088.0,9208145.0,40.249,Financial Services,Regional Management Corp.,5.6,0.31517857142857153,forecast_icc,0.212542601027634,1.0338813163709517,2026-06-25
RMAX,9.5,0.0,522739712.0,21232815.0,21.012,Real Estate,"RE/MAX Holdings, Inc.",1.29267,0.10414877733682992,forecast_icc,0.11734512462229998,0.8534723850863659,2026-06-25
RMBI,15.13,0.6,147969232.0,9779857.0,14.952,Financial Services,"Richmond Mutual Bancorporation,",1.25,0.4,trailing_eps_fallback_icc,0.20318251551291644,0.9882353235705109,2026-06-25
RMBS,123.69,0.0,13375461376.0,108136967.0,12.884,Technology,"Rambus, Inc.",2.95125,0.24311732316814916,forecast_icc,0.05974767999380934,0.104163635456189,2026-06-25
RMCF,1.48,0.0,13970592.0,9439589.0,0.559,Consumer Defensive,Rocky Mountain Chocolate Factor,0.96,0.04,forecast_icc,0.2235856075295396,0.3777026951327474,2026-06-25
RMCO,2.44,0.01,36989320.0,15159557.0,0.71,Financial Services,Royalty Management Holding Corp,0.6,0.04,forecast_icc,0.13431823513196284,0.2909835993200199,2026-06-25
RMD,198.6,2.4,28808198144.0,145056384.0,44.759,Healthcare,ResMed Inc.,11.11081,0.08942822350485691,forecast_icc,0.0686811021423617,0.22537260605478848,2026-06-25
RMI,15.39,1.1,98104160.0,6374539.0,,Financial Services,RiverNorth Opportunistic Munici,0.12,0.04,trailing_eps_fallback_icc,0.012528933833112106,,2026-06-25
RMIX,21.39,0.0,2066546048.0,48751499.0,-0.153,Basic Materials,"Suncrete, Inc.",0.182,0.75,forecast_icc,0.08838992827458247,,2026-06-25
RMM,14.65,1.05,289185536.0,19739628.0,,Financial Services,RiverNorth Managed Duration Mun,0.19,0.04,trailing_eps_fallback_icc,0.0196435308108784,,2026-06-25
RMMZ,14.89,1.11,125894952.0,8455000.0,,Financial Services,RiverNorth Managed Duration Mun,0.08,0.04,trailing_eps_fallback_icc,0.010000000000000002,,2026-06-25
RMNI,4.07,0.0,376719200.0,92560000.0,-0.245,Technology,"Rimini Street, Inc.",0.38333,0.3391333837685544,forecast_icc,0.16226098229307145,,2026-06-25
RMR,20.81,1.8,355713216.0,16093381.0,13.315,Real Estate,The RMR Group Inc.,0.65,0.19999999999999996,forecast_icc,0.08011100003846561,0.6024048541817462,2026-06-25
RMT,14.12,0.82,755116672.0,53478521.0,11.795,Financial Services,"Royce Micro-Cap Trust, Inc.",1.66,0.75,trailing_eps_fallback_icc,0.3732461466993128,0.835339992592562,2026-06-25
RMTI,0.6508,0.0,25687270.0,39470299.0,0.908,Healthcare,"Rockwell Medical, Inc.",0.07,0.04,forecast_icc,0.08038269658217001,1.3952059324326795,2026-06-25
RNG,34.65,0.3,2905700864.0,74079066.0,-7.225,Technology,"Ringcentral, Inc.",4.93436,0.09073922453975802,forecast_icc,0.11922052384448281,,2026-06-25
RNGR,15.59,0.24,370443712.0,23761623.0,12.634,Energy,"Ranger Energy Services, Inc.",1.13,0.16371681415929218,forecast_icc,0.10414212026612779,0.8103912558299815,2026-06-25
RNP,20.21,1.63,970081600.0,48000079.0,20.626,Financial Services,Cohen & Steers Reit and Preferr,1.2,0.01,trailing_eps_fallback_icc,0.0610380477341973,1.0205838657840745,2026-06-25
RNR,307.14,1.64,13094312960.0,42633041.0,250.484,Financial Services,RenaissanceRe Holdings Ltd.,40.75256,0.01,forecast_icc,0.0791519591046228,0.8155368421745741,2026-06-25
RNST,43.34,0.96,3999073792.0,92272120.0,41.633,Financial Services,Renasant Corporation,3.74667,0.06151329046860288,forecast_icc,0.08481149736096938,0.9606137250192557,2026-06-25
RNW,6.37,0.0,2319938816.0,245833850.0,3.6290455,Utilities,ReNew Energy Global plc,27.16522,0.75,forecast_icc,0.4,0.38455420502355825,2026-06-25
ROAD,125.8,0.0,7112071168.0,47985624.0,17.33,Industrials,"Construction Partners, Inc.",3.03833,0.2605609002313771,forecast_icc,0.06321279107965305,0.11692667920164433,2026-06-25
ROCK,44.19,0.0,1310760192.0,29661919.0,29.69,Industrials,"Gibraltar Industries, Inc.",3.79667,0.24846246842627884,forecast_icc,0.13025666639271016,0.6718714685454836,2026-06-25
ROG,167.09,0.0,2982311936.0,17848535.0,67.006,Technology,Rogers Corporation,3.64,0.19963461538461535,forecast_icc,0.049209955626648524,0.40101738579837143,2026-06-25
ROK,479.39,5.52,53343621120.0,111273953.0,31.652,Industrials,"Rockwell Automation, Inc.",12.99692,0.11998227272307593,forecast_icc,0.04732273180125601,0.06602557318770938,2026-06-25
ROKU,134.73,0.0,19986139136.0,131950102.0,18.099,Communication Services,"Roku, Inc.",2.44484,0.4685010062008148,forecast_icc,0.08484911212553115,0.1194910572696015,2026-06-25
ROL,42.8,0.73,20606644224.0,481463663.0,2.856,Consumer Cyclical,"Rollins, Inc.",1.24532,0.11969614235698445,forecast_icc,0.05177008451450138,0.06672897375141289,2026-06-25
ROLR,5.9,0.0,64717024.0,10968987.0,2.878,Consumer Cyclical,"High Roller Technologies, Inc.",0.22,0.04,trailing_eps_fallback_icc,0.038244907479205545,0.48779660489332766,2026-06-25
ROOT,52.24,0.0,826765760.0,14020060.0,20.758,Financial Services,"Root, Inc.",3.215,0.01,forecast_icc,0.044831736508909426,0.3520082949250341,2026-06-25
ROP,332.42,3.64,33546950656.0,100917359.0,183.77,Technology,"Roper Technologies, Inc.",21.94046,0.0872698202316633,forecast_icc,0.07526313539111587,0.5528247039083134,2026-06-25
ROST,215.13,1.78,69009637376.0,320781076.0,19.64,Consumer Cyclical,"Ross Stores, Inc.",7.7962,0.09993201816269481,forecast_icc,0.05227577485455137,0.09129363045792568,2026-06-25
RPAY,3.18,0.0,280116128.0,82800952.0,6.901,Technology,Repay Holdings Corporation,0.94543,0.17986524650159197,forecast_icc,0.21098252981388776,2.0399017144489444,2026-06-25
RPC,7.6,0.16,836423168.0,78799006.0,3.208,Financial Services,"Ridgepost Capital, Inc.",1.03616,0.16648008029647943,forecast_icc,0.14954416611838972,0.30222406661982854,2026-06-25
RPD,7.07,0.0,472492480.0,66830618.0,2.617,Technology,"Rapid7, Inc.",1.55606,0.01,forecast_icc,0.10739730262334071,0.370155578573441,2026-06-25
RPGL,2.02,0.0,2211360.0,1077531.0,188.14731,Technology,Republic Power Group Limited,5.17,0.04,trailing_eps_fallback_icc,0.4,91.67867696422564,2026-06-25
RPM,111.7,2.16,14306053120.0,127626527.0,24.608,Basic Materials,RPM International Inc.,5.481,0.0787064404305784,forecast_icc,0.06290280633087278,0.21953179888765853,2026-06-25
RPRX,54.69,0.94,31492261888.0,443274104.0,15.528,Healthcare,Royalty Pharma plc,5.11745,0.09702879363745631,forecast_icc,0.09914355101310013,0.2185667168459183,2026-06-25
RPT,14.37,1.44,111691744.0,7772564.0,30.835,Real Estate,Rithm Property Trust Inc.,0.08,0.75,forecast_icc,0.07870090020403875,2.145789853008294,2026-06-25
RQI,12.41,1.08,1668837248.0,134475204.0,12.087,Financial Services,Cohen & Steers Quality Income R,0.35,0.04,trailing_eps_fallback_icc,0.0374898678667398,0.9739726223728199,2026-06-25
RRBI,90.26,0.8,594334656.0,6584696.0,56.761,Financial Services,"Red River Bancshares, Inc.",7.25,0.039080000000000004,forecast_icc,0.06865072201770805,0.6288610732738426,2026-06-25
RRC,36.31,0.4,8555444224.0,235622250.0,19.534,Energy,Range Resources Corporation,4.29623,0.07806379081194437,forecast_icc,0.10377051557280248,0.5379784977837289,2026-06-25
RRGB,6.76,0.0,125057648.0,18499651.0,-5.843,Consumer Cyclical,"Red Robin Gourmet Burgers, Inc.",0.14667,0.04,forecast_icc,0.026423743287578398,,2026-06-25
RRR,63.57,1.04,6441101312.0,58465634.0,2.467,Consumer Cyclical,"Red Rock Resorts, Inc.",1.77211,0.29490832961836433,forecast_icc,0.0867395221286279,0.022392866078551756,2026-06-25
RRX,227.18,1.4,15123274752.0,66569573.0,102.186,Industrials,Regal Rexnord Corporation,10.62779,0.27186084783383957,forecast_icc,0.10175239144699744,0.4498019442302598,2026-06-25
RS,405.78,5.0,20714469376.0,51048522.0,139.531,Basic Materials,"Reliance, Inc.",20.12566,0.05873645882917633,forecast_icc,0.055536305139654574,0.3438587392170716,2026-06-25
RSF,14.615,1.64,62143884.0,4039779.0,,Financial Services,RiverNorth Specialty Finance Co,1.9,0.01,forecast_icc,0.123049362448309,,2026-06-25
RSG,213.5,2.5,65686286336.0,307664087.0,38.896,Industrials,"Republic Services, Inc.",7.28882,0.10594719035454281,forecast_icc,0.052597787863190804,0.18218265935660644,2026-06-25
RSI,30.36,0.0,7030594560.0,102953573.0,1.542,Consumer Cyclical,"Rush Street Interactive, Inc.",0.60092,0.3873560540504559,forecast_icc,0.0756927153563659,0.022580509829029313,2026-06-25
RSKD,4.91,0.0,707216960.0,100917587.0,1.89,Technology,Riskified Ltd.,0.238,0.5294117647058825,forecast_icc,0.15857148793458065,0.2696969250143548,2026-06-25
RSSS,2.25,0.0,75256944.0,33447532.0,0.594,Technology,"Research Solutions, Inc",0.13,0.17946153846153834,forecast_icc,0.08800000113282225,0.2640000105239458,2026-06-25
RSVR,10.08,0.0,661870080.0,65661714.0,5.758,Communication Services,"Reservoir Media, Inc..",0.71,0.07042253521126773,forecast_icc,0.06955541650581487,0.5712301562445609,2026-06-25
RTAC,10.41,0.0,397376512.0,24150000.0,-0.33,Financial Services,Renatus Tactical Acquisition Co,0.29,0.75,trailing_eps_fallback_icc,0.16314198948785597,,2026-06-25
RTO,28.89,0.62,14538833920.0,503247977.0,10.92,Industrials,Rentokil Initial plc,1.45618,0.1462044527462263,forecast_icc,0.08306711266082409,0.37798546562116586,2026-06-25
RTX,186.59,2.77,251277656064.0,1346683428.0,49.217,Industrials,RTX Corporation,6.91127,0.096749222646489,forecast_icc,0.0547004948609181,0.26377083945336816,2026-06-25
RUBI,0.239,0.0,31194.0,130519.0,1187.99,Industrials,Rubico Inc.,490.7,0.04,trailing_eps_fallback_icc,0.4,4970.675989292813,2026-06-25
RUN,13.6,0.0,3244270336.0,238549287.0,14.185,Technology,Sunrun Inc.,1.24026,0.01,forecast_icc,0.059853399528953743,1.0430146953373371,2026-06-25
RUSHA,73.25,0.76,5692425216.0,60997081.0,29.248,Consumer Cyclical,"Rush Enterprises, Inc.",3.70956,0.22740432827612977,forecast_icc,0.09809684471614066,0.31340642299059057,2026-06-25
RUSHB,76.01,0.76,5906911232.0,16715210.0,29.248,Consumer Cyclical,"Rush Enterprises, Inc.",3.31,0.055,trailing_eps_fallback_icc,0.049068932843182714,0.0827651614995524,2026-06-25
RVLV,22.79,0.0,1630750976.0,41412365.0,7.369,Consumer Cyclical,"Revolve Group, Inc.",0.9225,0.1612466124661247,forecast_icc,0.06656737273170221,0.1871332423994821,2026-06-25
RVSB,5.46,0.08,110755808.0,20284946.0,7.082,Financial Services,Riverview Bancorp Inc,0.32,0.25,forecast_icc,0.11498496769701771,1.2970695638101435,2026-06-25
RVT,18.31,1.44,2240481280.0,122363809.0,17.689,Financial Services,"Royce Value Trust, Inc.",2.9,0.499,trailing_eps_fallback_icc,0.3326701186442288,0.9660841341200583,2026-06-25
RVTY,113.53,0.28,12665380864.0,111559773.0,64.345,Healthcare,"Revvity, Inc.",5.24658,0.11073880508826717,forecast_icc,0.062145717172966214,0.5667665008076144,2026-06-25
RWAY,5.26,1.35,223363504.0,42464546.0,12.128,Financial Services,Runway Growth Finance Corp.,1.23333,0.037840642812548175,forecast_icc,0.2624650213605243,2.305703504221531,2026-06-25
RXO,26.9,0.0,4436356608.0,164920312.0,9.153,Industrials,"RXO, Inc.",0.06921,0.75,forecast_icc,0.04061527580403283,0.3402602065428912,2026-06-25
RXT,6.36,0.0,1585055104.0,249222499.0,-4.884,Technology,"Rackspace Technology, Inc.",0.05201,0.04,forecast_icc,0.012266170097751217,,2026-06-25
RY,203.73,5.1,283115913216.0,1389662335.0,66.795944,Financial Services,Royal Bank Of Canada,16.08404,0.0934230454537539,forecast_icc,0.09205122107554142,0.3278650304504445,2026-06-25
RYAAY,64.17,0.99,33386004480.0,520274376.0,22.455671,Industrials,Ryanair Holdings plc,4.593,0.16333768778576085,forecast_icc,0.10332385531746502,0.34994035372472027,2026-06-25
RYAM,7.93,0.0,534787712.0,67438549.0,3.401,Basic Materials,Rayonier Advanced Materials Inc,1.09,0.04,forecast_icc,0.09393137099545779,0.4288776649172522,2026-06-25
RYAN,35.95,0.52,9489974272.0,129468136.0,4.937,Financial Services,"Ryan Specialty Holdings, Inc.",2.05257,0.14378559561915072,forecast_icc,0.08519917233352003,0.06735362700802063,2026-06-25
RYN,21.88,1.04,6617170432.0,300747223.0,17.666,Real Estate,Rayonier Inc. REIT,0.47068,0.40110053539559787,forecast_icc,0.10181429233099559,0.8029112286159111,2026-06-25
RYOJ,2.085,0.0,24081750.0,11550000.0,0.528,Industrials,"rYojbaba Co., Ltd.",0.01,0.04,trailing_eps_fallback_icc,0.010000000000000002,0.25323741007194245,2026-06-25
RYZ,27.82,0.75,1443544320.0,51888724.0,24.695,Industrials,Ryerson Holding Corporation,1.24,0.75,forecast_icc,0.2433629643250671,0.8876707292090623,2026-06-25
S,14.96,0.0,5128343552.0,336745012.0,4.255,Technology,"SentinelOne, Inc.",0.49454,0.04,forecast_icc,0.035353912652134264,0.27939821338630944,2026-06-25
SABR,1.87,0.0,739235840.0,395313273.0,-2.632,Technology,Sabre Corporation,0.01,0.75,forecast_icc,0.06677218721119338,,2026-06-25
SACH,0.935,0.16,44838532.0,47955647.0,3.453,Real Estate,Sachem Capital Corp.,0.05,0.5999999999999999,forecast_icc,0.25213852900639167,3.6930479590857255,2026-06-25
SAFE,15.69,0.71,1123560832.0,71610002.0,33.811,Real Estate,Safehold Inc. New,1.64571,0.052955867072570495,forecast_icc,0.10160770861767798,2.154939642486576,2026-06-25
SAFT,72.49,3.68,1064402112.0,14683434.0,58.28,Financial Services,"Safety Insurance Group, Inc.",6.25,0.04,forecast_icc,0.0881663919625314,0.8039729758822576,2026-06-25
SAFX,0.5232,0.0,190164096.0,363463497.0,0.087,Utilities,"XCF Global, Inc.",0.22,0.04,trailing_eps_fallback_icc,0.17835469080054567,0.16628440859309213,2026-06-25
SAGT,1.44,0.0,27432002.0,19050000.0,1.2441107,Technology,SAGTEC GLOBAL LIMITED,0.09,0.04,trailing_eps_fallback_icc,0.055597728195720175,0.8639657008992636,2026-06-25
SAH,82.71,1.64,2613975296.0,19574728.0,30.988,Consumer Cyclical,"Sonic Automotive, Inc.",6.89041,0.0929886610520998,forecast_icc,0.09250490792646804,0.2320533297281781,2026-06-25
SAIA,433.69,0.0,11536987136.0,26601922.0,98.728,Industrials,"Saia, Inc.",11.36575,0.2738059520929106,forecast_icc,0.06904850041885491,0.22764648380518052,2026-06-25
SAIC,106.63,1.48,4507977216.0,42276819.0,33.093,Technology,Science Applications Internatio,10.15186,0.0843746860181287,forecast_icc,0.09449828041087549,0.31035355862078073,2026-06-25
SAIL,12.69,0.0,7197551616.0,567182997.0,12.063,Technology,"SailPoint, Inc.",0.3235,0.23341576506955164,forecast_icc,0.060764946476698944,0.9505910978952262,2026-06-25
SAM,180.21,0.0,1876606464.0,8345442.0,66.968,Consumer Defensive,"Boston Beer Company, Inc. (The)",9.55101,0.1607149400953407,forecast_icc,0.07905529958822044,0.29781287157284353,2026-06-25
SAMG,10.32,0.84,79276392.0,7681821.0,6.12,Financial Services,Silvercrest Asset Management Gr,0.48,0.75,forecast_icc,0.27896490145995034,0.593023261199879,2026-06-25
SAN,13.38,0.28,191996166144.0,14349489496.0,8.134943,Financial Services,"Banco Santander, S.A. Sponsored",1.12894,0.15934416355165015,forecast_icc,0.11478450561058529,0.6079927608632965,2026-06-25
SANG,3.7,0.0,123131528.0,33278790.0,7.464,Technology,Sangoma Technologies Corporatio,0.13,0.04,forecast_icc,0.03679828980227842,2.017297215380938,2026-06-25
SANM,253.56,0.0,13590242304.0,53597735.0,45.185,Technology,Sanmina Corporation,11.19541,0.16330442565301295,forecast_icc,0.07091314884906141,0.17820238975887798,2026-06-25
SAP,148.06,2.93,174552727552.0,1167559048.0,44.70611,Technology,SAP  SE,8.27484,0.17642395502511232,forecast_icc,0.09559651307418593,0.29903298541028855,2026-06-25
SAR,22.1,3.0,359517248.0,16267748.0,24.418,Financial Services,Saratoga Investment Corp New,2.13833,0.01,forecast_icc,0.09933269813790113,1.1048868249681305,2026-06-25
SARO,27.79,0.0,9239396352.0,332471972.0,8.095,Industrials,"StandardAero, Inc.",1.17708,0.2570513474020457,forecast_icc,0.08917613267835878,0.29129182370852796,2026-06-25
SATS,103.915,0.0,30115971072.0,158465020.0,19.466,Communication Services,EchoStar Corporation,1.71,0.01,forecast_icc,0.017284782659902853,0.10242671810068074,2026-06-25
SB,6.6,0.24,672055360.0,101826580.0,8.281,Industrials,"Safe Bulkers, Inc",0.98,0.01,forecast_icc,0.09586591347220541,1.2546970966498951,2026-06-25
SBAC,180.95,5.0,19192102912.0,106063017.0,-44.8,Real Estate,SBA Communications Corporation,7.72397,0.04935803738233058,forecast_icc,0.052385597523887495,,2026-06-25
SBC,3.18,0.0,326194688.0,102576943.0,2.489,Industrials,SBC Medical Group Holdings Inco,0.465,0.043010752688172005,forecast_icc,0.09887776679495708,0.7827043802963461,2026-06-25
SBCF,32.46,0.76,3156630016.0,97246772.0,28.122,Financial Services,Seacoast Banking Corporation of,2.52167,0.08591925192431993,forecast_icc,0.08804881863838454,0.8663586509417517,2026-06-25
SBET,4.56,0.0,968522880.0,212395370.0,12.298,Financial Services,"SharpLink, Inc.",1.99,0.04,forecast_icc,0.18191227210734195,2.6969298446103824,2026-06-25
SBFG,23.43,0.64,147026000.0,6275117.0,22.857,Financial Services,"SB Financial Group, Inc.",2.47,0.04453441295546545,forecast_icc,0.09086876306054725,0.9755441164759974,2026-06-25
SBFM,2.14,0.0,4544579.0,2123635.0,43.832,Healthcare,Sunshine Biopharma Inc.,199.8,0.04,forecast_icc,0.4,20.482242539958047,2026-06-25
SBGI,12.94,1.0,933822656.0,48410345.0,6.485,Communication Services,"Sinclair, Inc.",1.28333,0.01,forecast_icc,0.0911221651899422,0.3361891953550975,2026-06-25
SBH,14.14,0.0,1349076096.0,95408486.0,8.737,Consumer Cyclical,"Sally Beauty Holdings, Inc. (Na",2.06,0.08737864077669921,forecast_icc,0.1158961943297655,0.6178924559211818,2026-06-25
SBI,7.86,0.5,110687008.0,14082315.0,8.554,Financial Services,Western Asset Intermediate Muni,0.01,0.156,forecast_icc,0.010000000000000002,1.0882950464249608,2026-06-25
SBLK,25.33,1.03,2825078272.0,111530926.0,21.789,Industrials,Star Bulk Carriers Corp.,3.76115,0.01,forecast_icc,0.0974920410696565,0.8602053156189509,2026-06-25
SBR,72.41,4.81,1055690432.0,14579345.0,0.473,Energy,Sabine Royalty Trust,4.69,0.01,trailing_eps_fallback_icc,0.06657104920873469,0.006532246552557558,2026-06-25
SBRA,19.31,1.2,4869790720.0,252190095.0,11.047,Real Estate,"Sabra Health Care REIT, Inc.",0.67,0.10944776119402988,forecast_icc,0.06347803779550898,0.5720870032511377,2026-06-25
SBS,5.63,0.03,19743250432.0,3506794012.0,2.403708,Utilities,Companhia de saneamento Basico ,0.37967,0.4591619037585273,forecast_icc,0.17231283008555198,0.4269463556686802,2026-06-25
SBSI,35.13,1.44,1045177664.0,29751711.0,28.733,Financial Services,"Southside Bancshares, Inc.",3.398,0.02118893466745142,forecast_icc,0.08130885900720586,0.8179048802969827,2026-06-25
SBSW,8.8,0.31,6365658624.0,707641816.0,1.6876332,Basic Materials,D/B/A Sibanye-Stillwater Limite,49.025,0.24917899031106572,forecast_icc,0.4,0.18760663945869352,2026-06-25
SBUX,103.16,2.48,117571452928.0,1139700000.0,-7.429,Consumer Cyclical,Starbucks Corporation,2.38156,0.26430994810124453,forecast_icc,0.076371136608821,,2026-06-25
SBXD,10.82,0.0,275423104.0,20455000.0,-0.523,Financial Services,SilverBox Corp IV,0.19,0.01,trailing_eps_fallback_icc,0.01819811102719098,,2026-06-25
SCCO,174.73,4.0,145782210560.0,834328506.0,14.128,Basic Materials,Southern Copper Corporation,7.4065,0.01,forecast_icc,0.038694149596317784,0.08085618325780997,2026-06-25
SCHL,43.93,0.8,810692672.0,17626091.0,40.101,Communication Services,Scholastic Corporation,1.815,0.47107438016528924,forecast_icc,0.15260469236518726,0.871876482424896,2026-06-25
SCHW,89.44,1.28,155548286976.0,1739135507.0,24.435,Financial Services,Charles Schwab Corporation (The,6.15901,0.1784247793070639,forecast_icc,0.10479322642032207,0.2731998978561673,2026-06-25
SCI,72.68,1.44,10027731968.0,137970998.0,11.469,Consumer Cyclical,Service Corporation Internation,4.12752,0.10330658603713605,forecast_icc,0.07629629959568163,0.15780132348088705,2026-06-25
SCKT,0.597,0.0,4919852.0,8240958.0,0.436,Technology,"Socket Mobile, Inc.",0.05,0.04,forecast_icc,0.06811031390402478,0.7303182469716569,2026-06-25
SCL,55.44,1.58,1259226624.0,22713323.0,52.53,Basic Materials,Stepan Company,2.535,0.544378698224852,forecast_icc,0.19101978277271525,0.9475108248584808,2026-06-25
SCLX,7.09,0.0,49864008.0,7033004.0,-35.436,Healthcare,Scilex Holding Company,0.73,0.04,forecast_icc,0.07812989012018912,,2026-06-25
SCM,8.01,1.48,231867504.0,28947254.0,12.54,Financial Services,Stellus Capital Investment Corp,1.026,0.01,forecast_icc,0.1313359984102319,1.5655430748070673,2026-06-25
SCNI,0.255,0.0,1318192.0,5169383.0,1.735,Healthcare,Scinai Immunotherapeutics Ltd.,1.75,0.04,trailing_eps_fallback_icc,0.4,6.803925001062061,2026-06-25
SCOR,6.57,0.0,99165584.0,15093696.0,6.989,Technology,"comScore, Inc.",0.46,0.75,forecast_icc,0.2435438377644944,1.063774719906858,2026-06-25
SCSC,50.53,0.0,1026998400.0,20324529.0,42.082,Technology,"ScanSource, Inc.",3.943,0.11919857976160286,forecast_icc,0.08848321146369678,0.8328122316237299,2026-06-25
SCZM,6.44,0.0,597250112.0,92740699.0,2.263,Basic Materials,Santacruz Silver Mining Ltd.,1.105,0.2624434389140271,forecast_icc,0.1894488712769019,0.3513975093854817,2026-06-25
SD,13.57,0.52,500980768.0,36918259.0,14.29,Energy,"SandRidge Energy, Inc.",2.35,0.01,forecast_icc,0.10575830171369216,1.0530582305906002,2026-06-25
SDA,0.7519,0.0,76700840.0,55969794.0,0.325,Consumer Cyclical,SunCar Technology Group Inc.,0.11,0.4545454545454546,forecast_icc,0.23603458621438522,0.2371575467752374,2026-06-25
SDHC,14.28,0.0,119198824.0,8347257.0,9.48,Real Estate,Smith Douglas Homes Corp.,0.50667,0.22367616002526303,forecast_icc,0.07338703722779993,0.6638655794120922,2026-06-25
SDHI,10.42,0.0,363011968.0,27938000.0,7.596,Financial Services,Siddhi Acquisition Corp,0.05,0.04,trailing_eps_fallback_icc,0.010000000000000002,0.5846006928344577,2026-06-25
SDHY,16.16,1.3,398716576.0,24673056.0,,Financial Services,PGIM Short Duration High Yield Opportunities Fund,1.2,0.04,trailing_eps_fallback_icc,0.09186317723329707,,2026-06-25
SDM,1.85,0.0,58691252.0,31725000.0,0.282,Communication Services,Smart Digital Group Limited,0.07,0.04,trailing_eps_fallback_icc,0.03860652433231693,0.15243242723804903,2026-06-25
SDOT,6.18,0.0,6252942.0,1011803.0,-671.892,Consumer Defensive,Sadot Group Inc.,2.4,0.04,forecast_icc,0.17092570153111286,,2026-06-25
SDRL,38.38,0.0,2399920896.0,62530508.0,45.653,Energy,Seadrill Limited,0.9926,0.75,forecast_icc,0.1575700593187429,1.1894997399630958,2026-06-25
SE,89.01,0.0,54517252096.0,566956729.0,21.016,Consumer Cyclical,Sea Limited,3.92498,0.3503635687315605,forecast_icc,0.1118417229502856,0.21855765209300104,2026-06-25
SEB,4735.67,9.0,4535800832.0,957794.0,5571.135,Industrials,Seaboard Corporation,605.78,0.75,trailing_eps_fallback_icc,0.31144077109327994,1.176418426167351,2026-06-25
SEDG,51.88,0.0,3155248384.0,60818202.0,6.753,Technology,"SolarEdge Technologies, Inc.",0.03475,0.75,forecast_icc,0.015259421500608522,0.13016576450483336,2026-06-25
SEG,26.35,0.0,337330336.0,12801910.0,32.245,Real Estate,Seaport Entertainment Group Inc,0.09,0.04,forecast_icc,0.010000000000000002,1.2237191378779524,2026-06-25
SEI,79.43,0.48,7419330560.0,58402338.0,13.388,Energy,"Solaris Energy Infrastructure, ",1.28766,0.75,forecast_icc,0.13595926796062974,0.10538558631683342,2026-06-25
SEIC,87.93,1.04,10575602688.0,120272976.0,20.353,Financial Services,SEI Investments Company,5.88218,0.12480576928961717,forecast_icc,0.08693298594799825,0.2314682153581298,2026-06-25
SELF,5.09,0.29,58136616.0,11421732.0,4.095,Real Estate,"Global Self Storage, Inc.",0.23,0.01,forecast_icc,0.04646982422352541,0.8045186623865413,2026-06-25
SEM,16.55,0.25,2052391808.0,124011594.0,14.16,Healthcare,Select Medical Holdings Corpora,1.22736,0.11765904054230214,forecast_icc,0.09179969353329287,0.8555891541738213,2026-06-25
SENEA,168.16,0.0,1139627392.0,5221238.0,111.488,Consumer Defensive,Seneca Foods Corp.,13.48,0.03338278931750738,forecast_icc,0.0638559158273973,0.5107857061266565,2026-06-25
SENEB,158.5,0.0,1074161152.0,1549202.0,111.488,Consumer Defensive,Seneca Foods Corp.,16.59,0.75,trailing_eps_fallback_icc,0.2860405206875337,0.16079284961517581,2026-06-25
SEVN,8.38,1.12,189355120.0,22596077.0,14.471,Real Estate,Seven Hills Realty Trust,1.04098,0.11022305904051954,forecast_icc,0.1850437661114438,1.7268496899740553,2026-06-25
SEZL,163.74,0.0,5506088448.0,33627019.0,5.856,Financial Services,Sezzle Inc.,5.11667,0.2736154569280411,forecast_icc,0.0771497980684196,0.035764013804668905,2026-06-25
SF,71.47,1.29,10963624960.0,153401769.0,34.453,Financial Services,Stifel Financial Corporation,6.30548,0.11043727043777785,forecast_icc,0.10054576321239353,0.48206238052099515,2026-06-25
SFBC,44.08,0.84,104862008.0,2378902.0,43.154,Financial Services,"Sound Financial Bancorp, Inc.",2.93,0.356,trailing_eps_fallback_icc,0.15547782952630607,0.9789926672775521,2026-06-25
SFBS,87.16,1.52,4764411904.0,54662823.0,34.979,Financial Services,"ServisFirst Bancshares, Inc.",6.4,0.1208328125,forecast_icc,0.09327686371111044,0.4013193914052063,2026-06-25
SFD,24.41,1.25,9604780032.0,393477263.0,17.444,Consumer Defensive,"Smithfield Foods, Inc.",2.66591,0.01,forecast_icc,0.08495680356762592,0.7146251504879856,2026-06-25
SFL,10.74,0.88,1428342528.0,132992784.0,7.255,Industrials,SFL Corporation Ltd,0.18238,0.75,forecast_icc,0.15967154054839383,0.6755120911165644,2026-06-25
SFM,82.05,0.0,7716335616.0,94044301.0,15.168,Consumer Defensive,"Sprouts Farmers Market, Inc.",5.56427,0.06212495080217173,forecast_icc,0.06546133930455988,0.18486287125850176,2026-06-25
SFNC,22.97,0.86,3332124672.0,145064209.0,23.699,Financial Services,Simmons First National Corporat,2.065,0.06295399515738498,forecast_icc,0.09374510736337271,1.0317371129536776,2026-06-25
SFST,59.35,0.0,561164032.0,9455165.0,46.002,Financial Services,"Southern First Bancshares, Inc.",5.045,0.222001982160555,forecast_icc,0.12221890579047001,0.7750968977462904,2026-06-25
SFWL,0.88,0.0,72597808.0,40617513.0,1.599,Industrials,Shengfeng Development Limited,0.14,0.038,trailing_eps_fallback_icc,0.10188248296090208,0.8946193428732724,2026-06-25
SG,8.96,0.0,1064695808.0,106934099.0,4.115,Consumer Cyclical,"Sweetgreen, Inc.",0.025,0.01,forecast_icc,0.010000000000000002,0.41329534133471485,2026-06-25
SGA,8.43,1.0,53719392.0,6363968.0,23.305,Communication Services,"Saga Communications, Inc.",0.48,0.04,forecast_icc,0.07179756558915751,2.7608703062015296,2026-06-25
SGC,13.16,0.56,205744080.0,15634049.0,12.33,Consumer Cyclical,"Superior Group of Companies, In",0.60667,0.3736133317948802,forecast_icc,0.15828576599161692,0.936930113226101,2026-06-25
SGHC,13.37,0.17,6792986624.0,508076788.0,1.44,Consumer Cyclical,Super Group (SGHC) Limited,0.77977,0.1467484001692807,forecast_icc,0.0862404467167791,0.10770381501048573,2026-06-25
SGI,78.59,0.68,16532623360.0,210365491.0,14.966,Consumer Cyclical,Somnigroup International Inc.,3.15424,0.23821269148828228,forecast_icc,0.08727860797863707,0.19043135924352175,2026-06-25
SGML,12.15,0.0,1361585408.0,112064646.0,0.65,Basic Materials,Sigma Lithium Corporation,1.12,0.4330357142857142,forecast_icc,0.18646948698892774,0.05349794399382988,2026-06-25
SGRP,0.838,0.0,23732630.0,28320560.0,0.003,Industrials,"SPAR Group, Inc.",0.12,0.04,forecast_icc,0.09634800890277695,0.003579952158694591,2026-06-25
SGRY,15.46,0.0,2021984896.0,130788162.0,13.026,Healthcare,"Surgery Partners, Inc.",0.44686,0.46397081860090417,forecast_icc,0.1096826240715082,0.8425614857866871,2026-06-25
SGU,12.72,0.79,417647616.0,32833933.0,12.424,Energy,Star Group L.P.,0.88,0.321,forecast_icc,0.18546101383039792,0.9767295872508943,2026-06-25
SHAK,55.22,0.0,2362395648.0,40350732.0,13.05,Consumer Cyclical,"Shake Shack, Inc.",1.11748,0.3511651215234277,forecast_icc,0.07073835475110798,0.22289960322514107,2026-06-25
SHAZ,80.77,0.0,1363445376.0,16607910.0,5.506,Technology,"SharonAI Holdings, Inc.",0.005,0.04,forecast_icc,0.010000000000000002,0.06706770514582024,2026-06-25
SHBI,22.8,0.56,762795200.0,33455931.0,18.018,Financial Services,"Shore Bancshares, Inc.",2.0775,0.06498194945848357,forecast_icc,0.08976164860977837,0.7902631856597944,2026-06-25
SHC,17.1,0.0,4876356096.0,285166994.0,2.183,Healthcare,Sotera Health Company,0.96944,0.09662279254002315,forecast_icc,0.06670522407160612,0.1276608056603256,2026-06-25
SHEL,77.33,3.12,214359261184.0,2772006392.0,61.57,Energy,Shell PLC,10.43665,0.01,forecast_icc,0.09198770378083221,0.7961980863935687,2026-06-25
SHG,61.99,1.87,29188882432.0,470864361.0,75.78682,Financial Services,Shinhan Financial Group Co Ltd,7.96143,0.11855407885266844,forecast_icc,0.13266274504290354,1.222565223408483,2026-06-25
SHIM,4.08,0.0,167223536.0,40986160.0,-1.676,Industrials,Shimmick Corporation,0.05,0.75,forecast_icc,0.10828687510550608,,2026-06-25
SHIP,14.31,0.8,310071936.0,21668198.0,13.821,Industrials,Seanergy Maritime Holdings Corp,3.03,0.01,forecast_icc,0.1259342713641176,0.9658280217852414,2026-06-25
SHLS,9.86,0.0,1654230144.0,167771817.0,3.586,Technology,"Shoals Technologies Group, Inc.",0.41388,0.21525562965110656,forecast_icc,0.07972924735795772,0.3636916773304791,2026-06-25
SHMD,5.69,0.0,369768800.0,64985726.0,-1.6284444,Industrials,SCHMID Group N.V.,0.1365456,0.04,forecast_icc,0.028396124107176852,,2026-06-25
SHO,11.6,0.36,2160978688.0,186291270.0,8.738,Real Estate,"Sunstone Hotel Investors, Inc. ",0.145,0.3448275862068968,forecast_icc,0.0591232261875817,0.7532758774065245,2026-06-25
SHOE,15.62,0.64,424103424.0,27151308.0,24.802,Consumer Cyclical,"Shoe Station Group, Inc.",1.49667,0.23162086498693757,forecast_icc,0.15915428469154397,1.5878361336125408,2026-06-25
SHOO,41.48,0.84,3031584000.0,73085436.0,12.498,Consumer Cyclical,"Steven Madden, Ltd.",2.12161,0.2696537063833597,forecast_icc,0.11588777523958294,0.3013018208065486,2026-06-25
SHOP,111.62,0.0,144844210176.0,1219581025.0,9.61,Technology,Shopify Inc.,1.83754,0.269371006889646,forecast_icc,0.04987021236387548,0.08091572066297184,2026-06-25
SHPH,3.78,0.0,2211787.0,585129.0,6.028,Healthcare,Shuttle Pharmaceuticals Holding,0.1,0.04,trailing_eps_fallback_icc,0.030402278558044338,1.594709441731957,2026-06-25
SHW,339.08,3.2,83629203456.0,246635621.0,18.071,Basic Materials,Sherwin-Williams Company (The),11.7341,0.12897623166668093,forecast_icc,0.057146276280391206,0.05329420971271053,2026-06-25
SIF,20.99,0.0,131274144.0,6254128.0,6.626,Industrials,"SIFCO Industries, Inc.",1.19,0.04,trailing_eps_fallback_icc,0.0518450117441015,0.31567413707911895,2026-06-25
SIFY,14.99,0.0,1084532480.0,72350400.0,2.8819609,Communication Services,Sify Technologies Limited - Ame,0.02,0.75,forecast_icc,0.025968922457716266,0.1922589021025539,2026-06-25
SIG,83.63,1.4,3249007360.0,38849783.0,47.788,Consumer Cyclical,Signet Jewelers Limited,10.75592,0.13897184062358225,forecast_icc,0.1333897458290681,0.571421737254544,2026-06-25
SIGA,3.95,0.0,283310176.0,71724097.0,2.114,Healthcare,SIGA Technologies Inc.,0.15,0.75,forecast_icc,0.1877642695357299,0.5351898869244993,2026-06-25
SIGI,94.51,1.67,5658268672.0,59869520.0,56.582,Financial Services,"Selective Insurance Group, Inc.",7.8675,0.12567524626628535,forecast_icc,0.101860355504236,0.598687933891026,2026-06-25
SII,105.07,1.6,2708975616.0,25782581.0,14.74,Financial Services,Sprott Inc.,4.6125,0.07371273712737114,forecast_icc,0.05571744687132785,0.14028743621588952,2026-06-25
SILA,30.35,1.6,1676567296.0,55241098.0,24.103,Real Estate,"Sila Realty Trust, Inc.",0.65,0.01,forecast_icc,0.024189238583091632,0.7941680529440556,2026-06-25
SIM,30.13,0.0,4622928384.0,153432738.0,23.262865,Basic Materials,"Grupo Simec, S.A.B. de C.V.",1.07,0.309,forecast_icc,0.09063855199464166,0.7720831417219658,2026-06-25
SIMA,10.87,0.0,89345256.0,3552768.0,-0.002,Financial Services,SIM Acquisition Corp. I,0.29,0.01,trailing_eps_fallback_icc,0.025014953979977467,,2026-06-25
SIMO,325.26,2.0,11028862976.0,33907835.0,26.905,Technology,Silicon Motion Technology Corpo,8.71433,0.1725089593806981,forecast_icc,0.05465090347264516,0.08271843640275907,2026-06-25
SIRI,27.76,1.08,9344569344.0,336619936.0,34.914,Communication Services,SiriusXM Holdings Inc.,3.12235,0.07958108475987635,forecast_icc,0.11355103262874111,1.2577089443988398,2026-06-25
SITC,4.59,0.0,240859664.0,52474874.0,6.402,Real Estate,SITE Centers Corp.,3.32,0.01,trailing_eps_fallback_icc,0.21249654806324758,1.3947712861876282,2026-06-25
SITE,114.99,0.0,5095003136.0,44308229.0,36.594,Industrials,"SiteOne Landscape Supply, Inc.",4.43444,0.21685940051054908,forecast_icc,0.07593804087024891,0.3182363756696224,2026-06-25
SITM,675.7,0.0,17836337152.0,26396828.0,43.906,Technology,SiTime Corporation,7.84993,0.3776874443466376,forecast_icc,0.05220414512056863,0.06497853905155875,2026-06-25
SJM,112.5,4.4,11999490048.0,106662133.0,51.975,Consumer Defensive,The J.M. Smucker Company,9.02298,0.01,forecast_icc,0.06607059018940867,0.46199999670811015,2026-06-25
SKIL,6.15,0.0,55150304.0,8967529.0,-8.241,Consumer Defensive,Skillsoft Corp.,4.19,,forecast_icc,0.010000000000000002,,2026-06-25
SKIN,0.6397,0.0,82905144.0,129600040.0,0.479,Consumer Defensive,SkinHealth Systems Inc.,0.11,0.36363636363636354,forecast_icc,0.22333979990011554,0.7487885089494567,2026-06-25
SKM,33.55,0.97,12879446016.0,383888128.0,21.848293,Communication Services,"SK Telecom Co., Ltd.",2.1866,0.06196835269367962,forecast_icc,0.07393178906727582,0.6512159210377566,2026-06-25
SKT,41.1,1.19,4721397248.0,114875851.0,5.837,Real Estate,Tanger Inc.,1.09779,0.10063855564361113,forecast_icc,0.04853933345899236,0.1420194715814347,2026-06-25
SKWD,55.4,0.0,2246085888.0,40543065.0,27.499,Financial Services,Skyward Specialty Insurance Gro,4.91792,0.12091697302924809,forecast_icc,0.09619476324559872,0.4963718219287436,2026-06-25
SKY,86.99,0.0,4775253504.0,54894278.0,28.682,Consumer Cyclical,"Champion Homes, Inc.",3.3972,0.18308607088190287,forecast_icc,0.06953080335153655,0.3297160413111337,2026-06-25
SKYH,9.23,0.0,706352896.0,34481588.0,3.625,Real Estate,Sky Harbour Group Corporation,0.12,0.04,trailing_eps_fallback_icc,0.017934266595368578,0.17695936012698107,2026-06-25
SKYQ,2.64,0.0,12657866.0,4794646.0,0.531,Energy,Sky Quarry Inc.,0.05,0.04,trailing_eps_fallback_icc,0.02392467442103474,0.20113635473783653,2026-06-25
SKYT,34.78,0.0,1711335936.0,49204602.0,3.666,Technology,"SkyWater Technology, Inc.",2.34,0.04,trailing_eps_fallback_icc,0.05856905386258837,0.10540541289258593,2026-06-25
SKYW,98.29,0.0,3898209024.0,39660281.0,68.717,Industrials,"SkyWest, Inc.",10.9009,0.09963122311001849,forecast_icc,0.10277218264225685,0.6991250373435592,2026-06-25
SLAB,217.95,0.0,7188388352.0,32981823.0,33.321,Technology,"Silicon Laboratories, Inc.",2.74569,0.510993593595781,forecast_icc,0.07387355305800586,0.1528836882995105,2026-06-25
SLB,47.42,1.18,70895632384.0,1495057661.0,17.509,Energy,SLB Limited,2.60366,0.28521389121467466,forecast_icc,0.12775920786292583,0.3692324012946772,2026-06-25
SLDE,18.06,0.0,2068939904.0,114559246.0,9.472,Financial Services,"Slide Insurance Holdings, Inc.",3.5404,0.01,forecast_icc,0.09991044816973005,0.5244739956023392,2026-06-25
SLE,3.08,0.0,4955563.0,1608949.0,15.518,Communication Services,"Super League Enterprise, Inc.",77.59,0.04,trailing_eps_fallback_icc,0.4,5.038311606975838,2026-06-25
SLF,77.5,2.78,42958233600.0,554299767.0,30.394732,Financial Services,Sun Life Financial Inc.,7.92376,0.0760472301028805,forecast_icc,0.10514355245148588,0.3921900751903227,2026-06-25
SLGN,45.33,0.84,4790463488.0,105679758.0,21.959,Consumer Cyclical,Silgan Holdings Inc.,3.80737,0.07260129695826767,forecast_icc,0.08569000499214938,0.48442531954060475,2026-06-25
SLM,24.61,0.52,4641273856.0,188592995.0,11.042,Financial Services,SLM Corporation,3.15014,0.07699340346778238,forecast_icc,0.11245939883928824,0.44867937454238427,2026-06-25
SLND,0.663,0.0,35947116.0,54218882.0,-3.117,Industrials,"Southland Holdings, Inc.",0.17,0.04,forecast_icc,0.13596167963537692,,2026-06-25
SLNG,3.97,0.0,73827312.0,18596301.0,3.388,Energy,"Stabilis Solutions, Inc.",0.02,0.75,forecast_icc,0.06428528951394219,0.8534005381097987,2026-06-25
SLP,18.14,0.0,366726176.0,20216438.0,6.621,Healthcare,"Simulations Plus, Inc.",0.8675,0.04322766570605174,forecast_icc,0.04659859288891764,0.3649944965968287,2026-06-25
SLQT,0.89,0.0,156949520.0,176347774.0,2.182,Financial Services,"SelectQuote, Inc.",0.07,0.75,forecast_icc,0.25532639262507006,2.4516853754506545,2026-06-25
SLSN,1.045,0.0,73810904.0,70632445.0,0.25,Consumer Defensive,"Solesence, Inc.",0.01,0.04,trailing_eps_fallback_icc,0.013991628269691834,0.2392344530829754,2026-06-25
SLVM,39.44,1.8,1567193088.0,39736136.0,24.66,Basic Materials,Sylvamo Corporation,2.34,0.75,forecast_icc,0.29557676728469684,0.6252535959117247,2026-06-25
SM,26.52,0.88,6358135808.0,239748701.0,28.653,Energy,SM Energy Company,7.72368,0.01931074306548175,forecast_icc,0.14669861671030426,1.0804298205001472,2026-06-25
SMA,32.78,1.6,1814874368.0,55365295.0,21.09,Real Estate,"SmartStop Self Storage REIT, In",0.50935,0.05956611367429088,forecast_icc,0.025592471431923947,0.6433801105675211,2026-06-25
SMBC,74.76,1.0,823528640.0,11015632.0,52.066,Financial Services,"Southern Missouri Bancorp, Inc.",6.24,0.08173076923076916,forecast_icc,0.08629153952036106,0.6964419546016032,2026-06-25
SMBK,46.66,0.33,797814720.0,17098473.0,32.871,Financial Services,"SmartFinancial, Inc.",3.66,0.1466311475409836,forecast_icc,0.09967405376943839,0.7044792379651758,2026-06-25
SMC,29.07,0.0,401581280.0,13814286.0,35.533,Energy,Summit Midstream Corporation,1.2,0.04,forecast_icc,0.040972496599604794,1.2223254640704369,2026-06-25
SMCI,31.68,0.0,20492937216.0,646873027.0,12.597,Technology,"Super Micro Computer, Inc.",2.59648,0.22150372812422958,forecast_icc,0.1196691483496829,0.39763258117810846,2026-06-25
SMFG,23.7,0.55,150574039040.0,6353334642.0,15.381411,Financial Services,Sumitomo Mitsui Financial Group,1.74259,,forecast_icc,0.010000000000000002,0.6490046489566483,2026-06-25
SMG,69.33,2.64,4033753856.0,58181937.0,-8.631,Basic Materials,Scotts Miracle-Gro Company (The,4.3365,0.08280410469272437,forecast_icc,0.08274707761167865,,2026-06-25
SMID,30.14,0.0,159939536.0,5306554.0,10.489,Basic Materials,Smith-Midland Corporation,1.98,0.01,trailing_eps_fallback_icc,0.047093293301602945,0.34800929337446623,2026-06-25
SMJF,5.35,0.0,148221744.0,14937500.0,0.24671808,Consumer Cyclical,SMJ International Holdings Inc.,0.03,0.01,trailing_eps_fallback_icc,0.010000000000000002,0.02486376978535619,2026-06-25
SMP,39.76,1.32,885187968.0,22263279.0,31.167,Consumer Cyclical,"Standard Motor Products, Inc.",4.4,0.1227272727272728,forecast_icc,0.12594583221625377,0.7838782740808786,2026-06-25
SMPL,12.29,0.0,1137749888.0,90489024.0,16.465,Consumer Defensive,The Simply Good Foods Company,1.64812,0.07566196636167266,forecast_icc,0.10624161864424356,1.3095160859818078,2026-06-25
SMRT,1.14,0.0,219835392.0,192838069.0,1.197,Technology,"SmartRent, Inc.",0.005,0.04,forecast_icc,0.010000000000000002,1.0500000318101648,2026-06-25
SMSI,2.73,0.0,13954343.0,5111481.0,0.713,Technology,"Smith Micro Software, Inc.",1.0,0.04,forecast_icc,0.16562197000046208,0.26117216360526607,2026-06-25
SMTC,162.27,0.0,15115640832.0,93151168.0,6.156,Technology,Semtech Corporation,2.65765,0.4620472974244163,forecast_icc,0.0787679269348687,0.037936770037167285,2026-06-25
SMTI,23.12,0.0,211870976.0,9163969.0,0.767,Healthcare,Sanara MedTech Inc.,0.18,0.75,forecast_icc,0.08393970720468691,0.03317473849273248,2026-06-25
SMWB,5.15,0.0,451142816.0,87600541.0,0.268,Technology,Similarweb Ltd.,0.14166,0.6609487505294365,forecast_icc,0.14477849173056978,0.05203883150829116,2026-06-25
SN,142.85,0.0,20216186880.0,141520379.0,19.498,Consumer Cyclical,"SharkNinja, Inc.",6.13646,0.14397388722488214,forecast_icc,0.06548138282127491,0.13649281964601626,2026-06-25
SNA,400.95,9.76,20769978368.0,51801916.0,115.031,Industrials,Snap-On Incorporated,19.84989,0.07215707492585599,forecast_icc,0.06334311994152553,0.2868961196693722,2026-06-25
SNAL,0.5921,0.0,25855538.0,14918935.0,-0.376,Communication Services,"Snail, Inc.",0.14,0.75,forecast_icc,0.3895131486761728,,2026-06-25
SNAP,4.34,0.0,7192078848.0,1403010701.0,1.228,Communication Services,Snap Inc.,0.7341,0.04,forecast_icc,0.10665251067024684,0.2395548181882224,2026-06-25
SNBR,0.125,0.0,2881125.0,23049000.0,-27.173,Consumer Cyclical,Sleep Number Corporation,0.20557,0.04,forecast_icc,0.3550666163970332,,2026-06-25
SND,4.7,0.0,202032688.0,42985681.0,5.946,Energy,"Smart Sand, Inc.",0.31,0.04,forecast_icc,0.05775698408594365,1.265106462504721,2026-06-25
SNDK,2335.0,0.0,345789595648.0,148089758.0,93.088,Technology,Sandisk Corporation,65.44962,0.75,forecast_icc,0.16360909712794575,0.039866379920629434,2026-06-25
SNDL,1.34,0.0,348802016.0,260300000.0,2.9414241,Consumer Defensive,SNDL Inc.,0.03,0.04,forecast_icc,0.027026588943047575,2.195092511248559,2026-06-25
SNDR,36.2,0.4,6339500032.0,92094808.0,17.247,Industrials,"Schneider National, Inc.",0.91958,0.6910872354770659,forecast_icc,0.161937526487964,0.250549593115926,2026-06-25
SNEX,137.28,0.0,10879645696.0,79251496.0,34.156,Financial Services,StoneX Group Inc.,6.41,0.03744149765990645,forecast_icc,0.04429893286984654,0.24880535387022956,2026-06-25
SNFCA,9.59,0.0,249703328.0,22450787.0,17.173,Financial Services,Security National Financial Cor,1.28,0.08,trailing_eps_fallback_icc,0.1075203639837562,1.5440217326658936,2026-06-25
SNN,30.22,0.78,12783931392.0,423028819.0,2.4908,Healthcare,"Smith & Nephew SNATS, Inc.",1.94591,0.10904409762013656,forecast_icc,0.08675454232022986,0.08242223382273296,2026-06-25
SNOW,227.06,0.0,78698995712.0,346600000.0,5.596,Technology,Snowflake Inc.,1.9315,0.39096557079989647,forecast_icc,0.043304125104242364,0.024645468248386482,2026-06-25
SNPS,455.02,0.0,87126925312.0,191479325.0,159.201,Technology,"Synopsys, Inc.",14.79032,0.16707414038371038,forecast_icc,0.058537728133036926,0.3498769170398634,2026-06-25
SNT,2.0,0.0,46663304.0,23331653.0,1.803,Industrials,Senstar Technologies Corporatio,0.06,0.04,trailing_eps_fallback_icc,0.03313387960953301,0.9015000386384984,2026-06-25
SNWV,7.63,0.0,65610188.0,8598976.0,0.214,Healthcare,"SANUWAVE Health, Inc.",0.96,0.04,trailing_eps_fallback_icc,0.08886527116410703,0.02804718169684257,2026-06-25
SNX,277.63,1.92,22384306176.0,80391093.0,110.043,Technology,TD SYNNEX Corporation,17.10571,0.12522660561882581,forecast_icc,0.08070631167156483,0.3952089011579021,2026-06-25
SNY,41.8,2.42,100059537408.0,2393769026.0,34.39925,Healthcare,Sanofi,4.97936,0.06183525593650585,forecast_icc,0.11880384014105616,0.8229486293931928,2026-06-25
SNYR,0.203,0.0,3024676.0,14899883.0,-2.212,Healthcare,Synergy CHC Corp.,0.15,0.04,forecast_icc,0.2389083855597448,,2026-06-25
SO,95.91,3.04,108119457792.0,1127301098.0,32.93,Utilities,Southern Company (The),4.56422,0.07740424431775872,forecast_icc,0.06611780758131303,0.3433426870171258,2026-06-25
SOBO,36.57,2.0,7627939840.0,208584627.0,12.757,Energy,South Bow Corporation,1.75389,0.11720803471141283,forecast_icc,0.08627564111416441,0.34883784382848515,2026-06-25
SOC,7.59,0.0,1171614464.0,154362910.0,2.806,Energy,Sable Offshore Corp.,0.325,0.75,forecast_icc,0.19793583612574317,0.3696969769229479,2026-06-25
SOFI,17.3,0.0,22191423488.0,1282741200.0,8.437,Financial Services,"SoFi Technologies, Inc.",0.58966,0.37619984397788575,forecast_icc,0.10198624780485888,0.4876878452728485,2026-06-25
SOGP,10.27,0.0,42868480.0,3058071.0,14.207437,Communication Services,Sound Group Inc.,7.08,0.04,trailing_eps_fallback_icc,0.23064145182742146,1.0135034196226924,2026-06-25
SOHU,11.74,0.0,352967776.0,26069022.0,49.013,Communication Services,Sohu.com Limited,7.72,0.04,trailing_eps_fallback_icc,0.2251537838793033,3.6199366122475727,2026-06-25
SOLS,86.91,0.3,13801679872.0,158804273.0,9.358,Basic Materials,Solstice Advanced Materials Inc,2.62912,0.1979331487341771,forecast_icc,0.06300867547925512,0.1076746019699304,2026-06-25
SOLV,77.92,0.0,13493774336.0,173174712.0,28.635,Healthcare,Solventum Corporation,6.55305,0.07530539214564214,forecast_icc,0.07961835877263324,0.36749227863476847,2026-06-25
SON,54.34,2.13,5372524544.0,98868689.0,36.639,Consumer Cyclical,Sonoco Products Company,5.82302,0.10128077870246033,forecast_icc,0.11908550563191433,0.674254694716384,2026-06-25
SONM,4.72,0.0,7025554.0,1488268.0,-0.777,Technology,"DNA X, Inc.",0.84,0.75,forecast_icc,0.3504940028517599,,2026-06-25
SONO,13.76,0.0,1639210496.0,119128671.0,3.227,Technology,"Sonos, Inc.",1.13,0.01,forecast_icc,0.055515391185397264,0.234520351263661,2026-06-25
SONY,19.32,0.16,113792221184.0,5889866554.0,8.50428,Technology,Sony Group Corporation,1.27395,0.0706621138977197,forecast_icc,0.06944543379937451,0.44018012669651624,2026-06-25
SOR,45.01,2.5,370476000.0,8230971.0,48.267,Financial Services,"Source Capital, Inc. Cmn Shs of",7.24,0.75,trailing_eps_fallback_icc,0.4,1.0723617110339132,2026-06-25
SORA,2.06,0.0,51219840.0,24864000.0,0.877,Consumer Cyclical,AsiaStrategy,0.5,0.75,trailing_eps_fallback_icc,0.39328459770901414,0.42572815533980585,2026-06-25
SOTK,5.05,0.0,79354424.0,15713747.0,1.218,Technology,Sono-Tek Corporation,0.11,0.045454545454545414,forecast_icc,0.02729134601607977,0.2411881137969069,2026-06-25
SOUL,10.35,0.0,351416992.0,25620000.0,-0.338,Financial Services,Soulpower Acquisition Corporati,0.28,0.04,trailing_eps_fallback_icc,0.03087601500607178,,2026-06-25
SOWG,2.74,0.0,55129120.0,20120117.0,-0.072,Consumer Defensive,Sow Good Inc.,1.14,0.04,forecast_icc,0.17735042077616658,,2026-06-25
SPB,85.96,1.88,1993781888.0,23194298.0,81.927,Consumer Defensive,"Spectrum Brands Holdings, Inc.",5.26612,0.037118409758987614,forecast_icc,0.06050185950497833,0.9530828139642524,2026-06-25
SPCB,10.96,0.0,60593652.0,5528618.0,8.254,Industrials,"SuperCom, Ltd.",1.39,0.01,forecast_icc,0.07522392648417331,0.7531022056897972,2026-06-25
SPCX,153.0,0.0,2015650643968.0,7571396888.0,5.956,Industrials,Space Exploration Technologies ,0.19667,0.04,forecast_icc,0.010000000000000002,0.02237254754432729,2026-06-25
SPE,13.18,1.31,140013168.0,10623154.0,16.306,Financial Services,"Special Opportunities Fund, Inc",1.98,0.01,trailing_eps_fallback_icc,0.12449214831723887,1.237177556928074,2026-06-25
SPEG,10.28,0.0,157626656.0,11500000.0,-0.52,Financial Services,Silver Pegasus Acquisition Corp,0.07,0.04,trailing_eps_fallback_icc,0.010486849289828213,,2026-06-25
SPFI,42.85,0.68,820395520.0,19145754.0,30.898,Financial Services,"South Plains Financial, Inc.",3.87,0.06976744186046502,forecast_icc,0.08748690998317576,0.7210735464425745,2026-06-25
SPG,225.49,8.8,85681602560.0,324281912.0,14.858,Real Estate,"Simon Property Group, Inc.",6.44225,0.048836974659474564,forecast_icc,0.03966268479464491,0.056233549613197154,2026-06-25
SPGI,395.14,3.88,116961443840.0,296000000.0,105.314,Financial Services,S&P Global Inc.,19.63068,0.1330891237593399,forecast_icc,0.07359409442424647,0.2665232488292784,2026-06-25
SPH,17.4,1.3,1154369152.0,66343057.0,11.214,Utilities,"Suburban Propane Partners, L.P.",2.04,0.01,forecast_icc,0.0985530035465284,0.6444827808409767,2026-06-25
SPHR,161.35,0.0,5775072256.0,28925449.0,62.907,Communication Services,Sphere Entertainment Co.,2.96,0.04,trailing_eps_fallback_icc,0.023364945938402992,0.31508059805702276,2026-06-25
SPIR,15.99,0.0,618997632.0,38711549.0,3.411,Industrials,"Spire Global, Inc.",1.59,0.04,trailing_eps_fallback_icc,0.07636752459905816,0.21332083809813346,2026-06-25
SPMC,9.7,2.4,200099584.0,20628825.0,9.632,Financial Services,"Sound Point Meridian Capital, I",1.30333,0.05307174698656514,forecast_icc,0.16621581414216335,0.9929897825274839,2026-06-25
SPNT,23.06,0.0,2710521344.0,117542130.0,19.859,Financial Services,SiriusPoint Ltd.,2.5675,0.0769230769230771,forecast_icc,0.09543726630772598,0.861188259903258,2026-06-25
SPOK,10.44,1.25,218060368.0,20887010.0,6.753,Healthcare,"Spok Holdings, Inc.",0.66,,forecast_icc,0.010000000000000002,0.6468391291075873,2026-06-25
SPOT,441.21,0.0,90721624064.0,205620061.0,47.741013,Communication Services,Spotify Technology S.A.,12.78708,0.2420888897230642,forecast_icc,0.06775117943019271,0.10820474287736173,2026-06-25
SPRB,52.77,0.0,145237712.0,2752278.0,25.249,Healthcare,"Spruce Biosciences, Inc.",4.95,0.04,forecast_icc,0.07348288780841739,0.47847261062608865,2026-06-25
SPRC,6.12,0.0,3508247.0,573243.0,142.324,Healthcare,SciSparc Ltd.,98.07,0.04,trailing_eps_fallback_icc,0.4,23.255556616167564,2026-06-25
SPRO,2.02,0.0,116961016.0,57901493.0,1.046,Healthcare,"Spero Therapeutics, Inc.",0.27,0.04,trailing_eps_fallback_icc,0.09230745551867453,0.5178217815583955,2026-06-25
SPSC,55.71,0.0,2045264768.0,36712702.0,26.041,Technology,"SPS Commerce, Inc.",4.73469,0.10351047270254243,forecast_icc,0.08862333540363088,0.4674384890113161,2026-06-25
SPT,6.56,0.0,394292320.0,54316181.0,3.582,Technology,"Sprout Social, Inc",0.92673,0.2884011524392216,forecast_icc,0.18076993573355293,0.49344242957103496,2026-06-25
SPWR,0.6245,0.0,91064376.0,145819663.0,-0.511,Technology,SunPower Inc.,0.515,0.01,forecast_icc,0.227937768797278,,2026-06-25
SPXC,244.56,0.0,12243857408.0,50064839.0,45.655,Industrials,"SPX Technologies, Inc.",8.02337,0.1306508362446206,forecast_icc,0.051959533427245685,0.18668219894912713,2026-06-25
SQM,73.11,1.03,20882980864.0,142818904.0,20.488,Basic Materials,Sociedad Quimica y Minera S.A.,6.55554,0.01,forecast_icc,0.06303503317976811,0.14011762612856837,2026-06-25
SR,79.29,3.3,4687370240.0,59116792.0,57.831,Utilities,Spire Inc.,4.008,0.3765319361277446,forecast_icc,0.16386947728052514,0.7293606058632995,2026-06-25
SRAD,14.45,0.0,4276501248.0,217450452.0,3.4341218,Technology,Sportradar Group AG,0.44,0.6969772727272725,forecast_icc,0.1593128291260813,0.1746173552462514,2026-06-25
SRBK,19.25,0.24,143117200.0,7434660.0,24.988,Financial Services,"SR Bancorp, Inc.",0.82,0.75,forecast_icc,0.21648020807219515,1.2980779674280938,2026-06-25
SRCE,81.19,1.72,1954153344.0,24068891.0,53.541,Financial Services,1st Source Corporation,6.80333,0.03282804156199992,forecast_icc,0.0723772332424889,0.6594531063735191,2026-06-25
SRE,93.43,2.63,61075881984.0,653707401.0,49.345,Utilities,DBA Sempra,5.11374,0.08312115985560475,forecast_icc,0.07232737223264996,0.5281494209251925,2026-06-25
SRG,2.64,0.0,148696976.0,56324607.0,5.324,Real Estate,Seritage Growth Properties,2.18,0.04,forecast_icc,0.25267864421668185,2.016666483304946,2026-06-25
SRI,7.06,0.0,199340816.0,28235245.0,5.531,Consumer Cyclical,"Stoneridge, Inc.",0.61,0.04,forecast_icc,0.06955679791035785,0.7834278158819216,2026-06-25
SRPT,16.02,0.0,1691331200.0,105576222.0,14.257,Healthcare,"Sarepta Therapeutics, Inc.",4.8301,0.01,forecast_icc,0.12992485849693092,0.8899499974067764,2026-06-25
SRV,48.59,6.0,226799120.0,4667609.0,,Financial Services,Cushing MLP & Infrastructure To,0.11,0.04,trailing_eps_fallback_icc,0.010000000000000002,,2026-06-25
SSB,100.77,2.4,9842008064.0,97668043.0,91.379,Financial Services,SouthState Bank Corporation,9.46592,0.10053116865555589,forecast_icc,0.10352063060380756,0.90680763958547,2026-06-25
SSBI,13.61,0.0,92160464.0,6771526.0,15.161,Financial Services,Summit State Bank,0.89,0.01,trailing_eps_fallback_icc,0.046931616833261525,1.113960382035403,2026-06-25
SSD,209.64,1.2,8624238592.0,41138325.0,50.044,Basic Materials,"Simpson Manufacturing Company, ",9.02333,0.09198377982407835,forecast_icc,0.05611645487479311,0.23871398203311672,2026-06-25
SSL,10.15,0.0,6506532352.0,634706335.0,14.747373,Basic Materials,Sasol Ltd.,2.52602,0.01,forecast_icc,0.11580344803076559,1.4385928727197934,2026-06-25
SSNC,63.02,1.08,15177360384.0,240834039.0,28.418,Technology,"SS&C Technologies Holdings, Inc",6.89422,0.08721943889228956,forecast_icc,0.10489457225126275,0.4509362331223933,2026-06-25
SSP,2.65,0.0,242583200.0,79608102.0,9.026,Communication Services,E.W. Scripps Company (The),0.01,0.01,forecast_icc,0.010000000000000002,2.96204654177206,2026-06-25
SSRM,28.46,0.0,5905195520.0,207491071.0,16.77,Basic Materials,SSR Mining Inc.,4.49071,0.030988418312471788,forecast_icc,0.0981776533194404,0.5892481034514502,2026-06-25
SSTI,8.39,0.0,108683536.0,12953937.0,5.627,Technology,"SoundThinking, Inc.",0.07333,0.04,forecast_icc,0.012973284396236212,0.6706793520133537,2026-06-25
SSTK,13.9,1.44,510658400.0,36738014.0,14.965,Communication Services,"Shutterstock, Inc.",1.6,0.01,forecast_icc,0.11178253206491251,1.0766186936511766,2026-06-25
SSYS,8.33,0.0,723160640.0,86814000.0,9.51,Technology,"Stratasys, Ltd.",0.12,0.5,forecast_icc,0.07850828026346257,1.1416566310909841,2026-06-25
ST,49.18,0.48,7152348160.0,145432046.0,19.68,Technology,Sensata Technologies Holding pl,3.71094,0.09122217012401168,forecast_icc,0.08256513664921411,0.4001626600459002,2026-06-25
STAA,31.21,0.0,1553898880.0,49788495.0,7.078,Healthcare,STAAR Surgical Company,0.73625,0.34125636672326,forecast_icc,0.07612345419421504,0.22678629359073868,2026-06-25
STAG,39.09,1.55,7630540800.0,191205055.0,18.825,Real Estate,"Stag Industrial, Inc.",1.11771,0.01790267600719342,forecast_icc,0.03303511188859909,0.47171429322217895,2026-06-25
STBA,49.05,1.48,1764666368.0,35976886.0,39.457,Financial Services,"S&T Bancorp, Inc.",3.72857,0.025672040487371817,forecast_icc,0.06816619504344612,0.804424007077807,2026-06-25
STC,64.56,2.1,1964372480.0,30427083.0,53.838,Financial Services,Stewart Information Services Co,6.02,0.23477242524916941,forecast_icc,0.15250515632753914,0.8339219324402265,2026-06-25
STE,210.6,2.52,20524587008.0,97457680.0,73.452,Healthcare,STERIS plc (Ireland),11.1575,0.09164239300918653,forecast_icc,0.06682728263266094,0.3487749355721409,2026-06-25
STEL,39.19,0.6,1995581952.0,50920698.0,32.758,Financial Services,"Stellar Bancorp, Inc.",2.16,0.08680555555555558,forecast_icc,0.0685368837008028,0.8358765839770433,2026-06-25
STEP,40.91,1.67,5156136960.0,81679353.0,-5.124,Financial Services,StepStone Group Inc.,2.4967,0.32750030039652334,forecast_icc,0.16002626390048136,,2026-06-25
STEW,17.79,0.8,1715694464.0,96441500.0,23.113,Financial Services,"SRH Total Return Fund, Inc.",1.8,0.01,trailing_eps_fallback_icc,0.07879198414328437,1.2992129054861834,2026-06-25
STEX,0.7401,0.0,157896544.0,104274817.0,1.627,Financial Services,Streamex Corp.,0.33,0.04,forecast_icc,0.1839965733147494,1.0744701749710242,2026-06-25
STG,4.48,0.0,60146672.0,5076094.0,10.366344,Consumer Defensive,Sunlands Technology Group,4.03,0.032,trailing_eps_fallback_icc,0.25777797148441584,0.8748702934110136,2026-06-25
STGW,6.79,0.0,1682931200.0,247854366.0,2.861,Communication Services,Stagwell Inc.,1.04625,0.12425328554360826,forecast_icc,0.13309979246209547,0.42135491999078756,2026-06-25
STKS,1.82,0.0,57447028.0,31564301.0,-2.575,Consumer Cyclical,"The ONE Group Hospitality, Inc.",0.58,0.04,forecast_icc,0.153503123870797,,2026-06-25
STLA,5.74,0.77,16631694336.0,2897507765.0,22.20528,Consumer Cyclical,Stellantis N.V.,0.851,0.75,forecast_icc,0.4,3.8685157341265364,2026-06-25
STLD,251.0,2.12,36197408768.0,144212781.0,63.449,Basic Materials,"Steel Dynamics, Inc.",16.47052,0.12165311113431754,forecast_icc,0.0835839056993054,0.2527848554109242,2026-06-25
STM,74.88,0.36,66552901632.0,888794130.0,19.991,Technology,STMicroelectronics N.V.,2.45794,0.01,forecast_icc,0.029755159860269983,0.2669738361082492,2026-06-25
STN,67.97,0.68,7753133568.0,114066995.0,20.898052,Industrials,Stantec Inc,6.20358,0.10734446883896087,forecast_icc,0.09793069766095491,0.3074599414657911,2026-06-25
STNE,10.79,0.0,2624432640.0,229177062.0,9.691889,Technology,StoneCo Ltd.,10.61947,0.18621739126340575,forecast_icc,0.36682413044908013,0.8463385999688366,2026-06-25
STNG,75.46,1.8,3755534848.0,49768554.0,74.424,Energy,Scorpio Tankers Inc.,12.51806,0.01,forecast_icc,0.097791401104417,0.9862709341835937,2026-06-25
STRA,76.61,2.4,1741375360.0,22612909.0,73.071,Consumer Defensive,"Strategic Education, Inc.",7.18667,0.1261585685720925,forecast_icc,0.11586977820668964,0.9488751888271808,2026-06-25
STRL,881.92,0.0,27062556672.0,30685954.0,38.772,Industrials,"Sterling Infrastructure, Inc.",18.92,0.42917547568710335,forecast_icc,0.086729335531189,0.04396317106723951,2026-06-25
STRR,10.85,0.0,40060348.0,3692198.0,16.455,Industrials,"Star Equity Holdings, Inc.",1.23,0.04,forecast_icc,0.08315604502448987,1.5165898731084413,2026-06-25
STRS,28.88,0.0,230541040.0,7982723.0,26.521,Real Estate,Stratus Properties Inc.,2.67,0.04,trailing_eps_fallback_icc,0.07277775832219968,0.9183171754712306,2026-06-25
STRT,80.78,0.0,337563392.0,4178799.0,58.867,Consumer Cyclical,STRATTEC SECURITY CORPORATION,6.19,0.01,forecast_icc,0.05278588697950248,0.7287323405406472,2026-06-25
STRW,13.36,0.68,179379504.0,13426610.0,0.913,Real Estate,"Strawberry Fields REIT, Inc.",0.675,0.1962962962962962,forecast_icc,0.11549404232481508,0.06833832548672897,2026-06-25
STT,169.51,3.36,46914781184.0,276767033.0,87.008,Financial Services,State Street Corporation,12.52583,0.10862593536715726,forecast_icc,0.09100678485269598,0.5132912357156354,2026-06-25
STUB,11.52,0.0,4325038080.0,350687301.0,4.184,Communication Services,"StubHub Holdings, Inc.",0.67088,0.12652039112807056,forecast_icc,0.0754043991645067,0.3392515025865391,2026-06-25
STVN,18.39,0.06,5020537344.0,49709718.0,6.43179,Healthcare,Stevanato Group S.p.A.,0.70464,0.18925976385104448,forecast_icc,0.07147564760779479,0.06368291782896855,2026-06-25
STWD,16.61,1.92,6317590016.0,370748570.0,18.338,Real Estate,"STARWOOD PROPERTY TRUST, INC. S",1.71019,0.11608651670282244,forecast_icc,0.16142449488661204,1.0761678518930977,2026-06-25
STX,1025.36,2.96,231989854208.0,226252116.0,4.88,Technology,Seagate Technology Holdings PLC,14.889,0.75,forecast_icc,0.1234677628277604,0.004759304366345541,2026-06-25
STZ,144.45,4.12,24775880704.0,171466896.0,46.781,Consumer Defensive,"Constellation Brands, Inc.",11.77497,0.052214145768524345,forecast_icc,0.08102691124557182,0.3237581322580782,2026-06-25
SU,54.36,1.73,64185311232.0,1180745189.0,27.201841,Energy,Suncor Energy  Inc.,9.90137,0.01,forecast_icc,0.10642454576592997,0.5004017628986754,2026-06-25
SUI,118.58,4.32,15161735168.0,123230757.0,54.793,Real Estate,"Sun Communities, Inc.",2.30741,0.20897023069155463,forecast_icc,0.05608018490858668,0.44534367560726146,2026-06-25
SUJA,9.8,0.0,233129264.0,23788700.0,,Consumer Defensive,"Suja Life, Inc.",0.045,0.75,forecast_icc,0.06055107576987051,,2026-06-25
SUN,64.72,3.75,12194021376.0,136894754.0,47.506,Energy,Sunoco LP,9.32961,0.01,forecast_icc,0.10270226742491617,0.5333205497182163,2026-06-25
SUNB,75.18,3.0,31071879168.0,413299803.0,18.059,Industrials,"Sunbelt Rentals Holdings, Inc.",3.99132,0.01,forecast_icc,0.050276728102714385,0.24021016244372262,2026-06-25
SUNC,65.1,3.96,3353769728.0,51517198.0,50.236,Energy,SunocoCorp LLC,5.8555,0.01,forecast_icc,0.079319891435847,0.7716743153595547,2026-06-25
SUNE,2.54,0.0,10472854.0,4123171.0,7.146,Technology,"SUNation Energy, Inc.",101.13,0.04,trailing_eps_fallback_icc,0.4,2.8133859181079006,2026-06-25
SUNS,8.59,1.2,116121384.0,13518205.0,13.501,Real Estate,"Sunrise Realty Trust, Inc.",1.21,0.04407438016528942,forecast_icc,0.16718946677838104,1.5717112509182631,2026-06-25
SUPN,44.75,0.0,2597277440.0,58039721.0,18.478,Healthcare,"Supernus Pharmaceuticals, Inc.",2.48667,0.7466451117357751,forecast_icc,0.2205008061249315,0.41291621300110326,2026-06-25
SUPV,9.44,0.0,892157440.0,75198595.0,8.398624,Financial Services,Grupo Supervielle S.A.,0.6645,0.75,forecast_icc,0.24407864816972114,0.707907255397971,2026-06-25
SURG,0.38,0.0,9546320.0,25121895.0,-0.984,Communication Services,"SurgePays, Inc.",0.05,0.04,forecast_icc,0.09140359399762021,,2026-06-25
SUZ,8.1,0.0,9999343616.0,1234486722.0,7.539384,Basic Materials,Suzano S.A.,1.694,0.01,forecast_icc,0.10404370213951009,0.930788039443573,2026-06-25
SVCC,10.53,0.0,227605136.0,15555000.0,-0.236,Financial Services,Stellar V Capital Corp.,0.26,0.01,trailing_eps_fallback_icc,0.023626785035675085,,2026-06-25
SVCO,11.95,0.0,399623520.0,33441301.0,2.38,Technology,"Silvaco Group, Inc.",0.055,0.75,forecast_icc,0.060642729181193844,0.19916319334757873,2026-06-25
SVM,10.61,0.03,2346958848.0,221202535.0,4.26,Basic Materials,Silvercorp Metals Inc.,1.13667,0.4926671769290998,forecast_icc,0.21925959854118504,0.40150801958160276,2026-06-25
SVV,10.41,0.0,1602995840.0,153986158.0,2.805,Consumer Cyclical,"Savers Value Village, Inc.",0.48311,0.21814907577984322,forecast_icc,0.0854577965697586,0.2694524604567907,2026-06-25
SW,46.84,1.81,24565897216.0,524464078.0,34.478,Consumer Cyclical,Smurfit WestRock plc,2.19903,0.4585840120416729,forecast_icc,0.1805179901133408,0.7360802791890995,2026-06-25
SWAG,2.24,0.0,42045148.0,18770157.0,1.648,Communication Services,"Stran & Company, Inc.",0.02,0.04,trailing_eps_fallback_icc,0.013207131394663837,0.7357143501076508,2026-06-25
SWBI,15.69,0.52,701767680.0,44727068.0,8.168,Industrials,"Smith & Wesson Brands, Inc.",0.47,,forecast_icc,0.010000000000000002,0.5205863732909444,2026-06-25
SWIM,6.34,0.0,744389504.0,117411589.0,3.476,Industrials,"Latham Group, Inc.",0.20772,0.3025707683419989,forecast_icc,0.08513046358688336,0.5482649623227358,2026-06-25
SWK,92.31,3.32,14350103552.0,155455564.0,57.75,Industrials,"Stanley Black & Decker, Inc.",5.38737,0.15111826364255676,forecast_icc,0.09966110839664238,0.6256093406203178,2026-06-25
SWKS,69.94,2.84,10519393280.0,150405963.0,38.336,Technology,"Skyworks Solutions, Inc.",5.0072,0.02606446716727917,forecast_icc,0.06942360244916956,0.5481269541020525,2026-06-25
SWMR,36.48,0.0,396082080.0,10857513.0,-20.522,Technology,"Swarmer, Inc",0.27,0.04,forecast_icc,0.011267293378082733,,2026-06-25
SWVL,1.44,0.0,14348656.0,9964344.0,0.594,Industrials,Swvl Holdings Corp,0.12,0.04,trailing_eps_fallback_icc,0.0678796890844228,0.41249998160106427,2026-06-25
SWX,89.05,2.58,6444982784.0,72374873.0,54.844,Utilities,"Southwest Gas Holdings, Inc.",4.22247,0.15798099216809103,forecast_icc,0.08721598318529511,0.615878687010004,2026-06-25
SXC,8.41,0.48,713615424.0,84853198.0,6.855,Basic Materials,"SunCoke Energy, Inc.",0.2,0.01,forecast_icc,0.026466556484086946,0.815101037235989,2026-06-25
SXI,338.14,1.36,4096539904.0,12114922.0,62.587,Industrials,Standex International Corporati,8.662,0.14984991918725465,forecast_icc,0.04812906316885701,0.18509196565463262,2026-06-25
SXT,121.82,1.64,5185750528.0,42568960.0,28.789,Basic Materials,Sensient Technologies Corporati,3.92791,0.20675371889885485,forecast_icc,0.07262433978610672,0.23632409288162348,2026-06-25
SYBT,75.845,1.28,2238579456.0,29515188.0,37.367,Financial Services,"Stock Yards Bancorp, Inc.",5.11,0.08688845401174161,forecast_icc,0.07847702176976734,0.4926758471940519,2026-06-25
SYF,78.52,1.2,26411790336.0,336370242.0,45.267,Financial Services,Synchrony Financial,9.2978,0.13643657639441575,forecast_icc,0.12613747678983966,0.576502825098528,2026-06-25
SYK,316.11,3.52,121184165888.0,383360762.0,59.941,Healthcare,Stryker Corporation,14.98346,0.11614874001065179,forecast_icc,0.06785796258987406,0.1896207088331946,2026-06-25
SYM,40.77,0.0,24610150400.0,127215411.0,5.402,Industrials,Symbotic Inc.,0.51496,0.40088550567034353,forecast_icc,0.05844326922106091,0.027924154832552343,2026-06-25
SYNA,125.62,0.0,4853665792.0,38637685.0,35.076,Technology,Synaptics Incorporated,4.61149,0.14347423500864132,forecast_icc,0.05879756437698058,0.27922306502721805,2026-06-25
SYY,80.85,2.2,38661062656.0,478182608.0,4.767,Consumer Defensive,Sysco Corporation,4.58632,0.08058748626349677,forecast_icc,0.07278114094281424,0.0589610407923496,2026-06-25
SZZL,10.365,0.0,324079008.0,23600000.0,-0.338,Financial Services,Sizzle Acquisition Corp. II,0.31,0.04,trailing_eps_fallback_icc,0.03306547477769228,,2026-06-25
T,22.42,1.11,155781758976.0,6948338835.0,15.745,Communication Services,AT&T Inc.,2.31342,0.10198321100362251,forecast_icc,0.12241262384147078,0.70227474433595,2026-06-25
TAC,13.81,0.2,4364166144.0,316014901.0,1.0991638,Utilities,TransAlta Corporation,0.278,0.75,forecast_icc,0.16535703490223586,0.07959186886533524,2026-06-25
TACH,10.41,0.0,359144992.0,27600000.0,-0.396,Financial Services,Titan Acquisition Corp.,0.32,0.04,trailing_eps_fallback_icc,0.03368185207176422,,2026-06-25
TACO,10.4,0.0,390195008.0,37518750.0,7.974,Financial Services,Berto Acquisition Corp.,0.35,0.04,trailing_eps_fallback_icc,0.03577357755127698,0.7667307535108189,2026-06-25
TAK,15.65,0.66,49450065920.0,3159748660.0,14.573556,Healthcare,Takeda Pharmaceutical Company L,50.77,0.75,forecast_icc,0.4,0.9312176472511153,2026-06-25
TAL,8.95,0.0,4964576256.0,407225695.0,6.82,Consumer Defensive,TAL Education Group,0.85369,0.21564033782754866,forecast_icc,0.12823566268353492,0.5594191924322816,2026-06-25
TALK,5.19,0.0,869390208.0,167512566.0,0.675,Healthcare,"Talkspace, Inc.",0.13667,0.6097168361747274,forecast_icc,0.131879295317326,0.1300578048953595,2026-06-25
TALO,13.72,0.0,2290222336.0,166925818.0,11.298,Energy,"Talos Energy, Inc.",0.57831,0.01,forecast_icc,0.034447835443255026,0.8234693471105855,2026-06-25
TAOP,1.46,0.0,14020674.0,9552783.0,2.035,Technology,Taoping Inc.,0.37,0.04,forecast_icc,0.1350621763271468,1.3865177526415635,2026-06-25
TAP,40.54,1.92,7603332096.0,175215417.0,53.545,Consumer Defensive,Molson Coors Beverage Company,4.75319,0.050191555565840984,forecast_icc,0.10770295178412892,1.2339207843099058,2026-06-25
TARS,64.34,0.0,2768161536.0,43023959.0,8.07,Healthcare,"Tarsus Pharmaceuticals, Inc.",2.86667,0.04,forecast_icc,0.043408275642656924,0.12542741621636347,2026-06-25
TASK,4.57,0.0,418512416.0,36545511.0,3.004,Technology,"TaskUs, Inc.",1.32966,0.14360061970729343,forecast_icc,0.1937601296989936,0.2623165068632038,2026-06-25
TATT,43.85,0.0,569310528.0,12983137.0,13.586,Industrials,TAT Technologies Ltd.,1.71,0.36257309941520477,forecast_icc,0.10704682546809619,0.309828978398938,2026-06-25
TAVI,10.68,0.0,170034496.0,15920833.0,-0.081,Financial Services,Tavia Acquisition Corp.,0.22,0.01,trailing_eps_fallback_icc,0.020604916600104543,,2026-06-25
TAYD,58.22,0.0,187416704.0,3219112.0,21.791,Industrials,"Taylor Devices, Inc.",3.13,0.23003194888178924,forecast_icc,0.09614748093225023,0.37428717982362986,2026-06-25
TBBK,61.91,0.0,2577588224.0,41634439.0,16.65,Financial Services,"The Bancorp, Inc.",5.91,0.3649187817258883,forecast_icc,0.17055026981719423,0.2689387710944166,2026-06-25
TBCH,12.25,0.0,243130896.0,19847421.0,5.705,Technology,Turtle Beach Corporation,0.68333,0.6683008209796144,forecast_icc,0.20238289361940198,0.4657143072635245,2026-06-25
TBI,6.53,0.0,198538720.0,30404091.0,8.43,Industrials,"TrueBlue, Inc.",0.62333,0.04,forecast_icc,0.0743382167441281,1.290964740429474,2026-06-25
TBLA,4.45,0.0,1216293376.0,243284708.0,3.497,Communication Services,Taboola.com Ltd.,0.63,0.01,forecast_icc,0.08096590701573006,0.699474847650572,2026-06-25
TBPH,17.39,0.0,896506688.0,51553005.0,5.641,Healthcare,"Theravance Biopharma, Inc.",0.21,0.75,forecast_icc,0.10743320593593675,0.324381853585235,2026-06-25
TBRG,26.18,0.0,392677376.0,14999136.0,12.145,Healthcare,"TruBridge, Inc.",2.95,0.01,forecast_icc,0.06940293365848704,0.46390374860811945,2026-06-25
TC,7.5,0.0,198172080.0,26411433.0,11.294881,Communication Services,Token Cat Limited,0.58,0.04,forecast_icc,0.06451057021305082,1.5053280602114738,2026-06-25
TCBI,103.59,0.8,4523872768.0,43670939.0,75.707,Financial Services,"Texas Capital Bancshares, Inc.",7.62606,0.09241993899864398,forecast_icc,0.08086355822919822,0.7308330601734995,2026-06-25
TCBK,53.55,1.44,1721666304.0,31910590.0,41.492,Financial Services,TriCo Bancshares,4.21833,0.030817882906268634,forecast_icc,0.07071111045817424,0.7690422918795766,2026-06-25
TCBS,17.97,0.24,51850492.0,2885392.0,20.084,Financial Services,"Texas Community Bancshares, Inc",1.09,0.409,trailing_eps_fallback_icc,0.15847140325676456,1.1176405602477213,2026-06-25
TCBX,40.35,0.0,669490048.0,16592071.0,39.274,Financial Services,"Third Coast Bancshares, Inc.",3.92,0.07227806122448976,forecast_icc,0.08624083821743833,0.9733333578305857,2026-06-25
TCI,41.66,0.0,359913952.0,8639316.0,98.029,Real Estate,Transcontinental Realty Investo,1.09,0.01,trailing_eps_fallback_icc,0.024660070616299337,2.353072181441857,2026-06-25
TCMD,28.0,0.0,631575296.0,22556260.0,9.593,Healthcare,"Tactile Systems Technology, Inc",1.095,0.3744292237442921,forecast_icc,0.10972900684418574,0.3426071341777117,2026-06-25
TCOM,40.49,0.3,25496764416.0,629705222.0,38.868977,Consumer Cyclical,Trip.com Group Limited,26.0148,0.18293740486184773,forecast_icc,0.30605471783456817,0.9599648563775589,2026-06-25
TCX,13.34,0.0,148729968.0,11149173.0,-16.286,Technology,Tucows Inc.,1.94,0.04,forecast_icc,0.09727145670355675,,2026-06-25
TD,120.49,3.24,199055622144.0,1652051000.0,51.518993,Financial Services,Toronto Dominion Bank (The),9.67651,0.11023912546982317,forecast_icc,0.09931994377255352,0.4275790002207103,2026-06-25
TDAC,10.72,0.0,206990384.0,19308802.0,-0.311,Financial Services,Translational Development Acqui,0.28,0.01,trailing_eps_fallback_icc,0.024629045413597228,,2026-06-25
TDAY,7.94,0.0,1168033152.0,146702111.0,1.062,Communication Services,"USA TODAY Co., Inc.",0.30606,0.010847546232764849,forecast_icc,0.03267221939274256,0.13338460609207092,2026-06-25
TDC,31.17,0.0,2933096960.0,94100000.0,5.9,Technology,Teradata Corporation,2.65025,0.08290161305537191,forecast_icc,0.08249477119844928,0.18928457107670932,2026-06-25
TDF,10.5,0.6,264408480.0,25181761.0,13.019,Financial Services,"Templeton Dragon Fund, Inc.",3.04,0.528,trailing_eps_fallback_icc,0.38921366865663265,1.239904811142971,2026-06-25
TDG,1332.56,0.0,74534862848.0,55933583.0,-164.367,Industrials,Transdigm Group Incorporated,40.07735,0.17170147227798238,forecast_icc,0.056343311221204284,,2026-06-25
TDS,37.24,0.16,4239774208.0,106308000.0,33.819,Communication Services,"Telephone and Data Systems, Inc",1.36498,0.01,forecast_icc,0.03201555277672177,0.8479768203731666,2026-06-25
TDW,65.76,0.0,3270287872.0,49730652.0,27.547,Energy,Tidewater Inc.,3.5112,0.75,forecast_icc,0.21759691935174252,0.41890204295874295,2026-06-25
TDY,627.19,0.0,29057171456.0,46329138.0,227.645,Technology,Teledyne Technologies Incorpora,24.16261,0.07819974746105651,forecast_icc,0.047213537849386644,0.3629601950754308,2026-06-25
TE,8.5,0.0,2373806848.0,279271380.0,0.848,Industrials,T1 Energy Inc.,0.19,0.04,forecast_icc,0.02699618117973636,0.09976470092313088,2026-06-25
TEAM,74.68,0.0,18951383040.0,159634245.0,5.992,Technology,Atlassian Corporation,5.50481,0.12906894152568382,forecast_icc,0.08812813118113982,0.05047274882371856,2026-06-25
TECH,70.7,0.32,11069410304.0,156568751.0,12.901,Healthcare,Bio-Techne Corp,1.91919,0.06940949046212208,forecast_icc,0.03648805962427683,0.1824752539817861,2026-06-25
TECK,59.0,0.36,28903763968.0,481984883.0,36.789326,Basic Materials,Teck Resources Ltd,4.70361,0.01,forecast_icc,0.055907796657211795,0.6134806182125704,2026-06-25
TEI,6.55,0.65,309346144.0,47228418.0,6.768,Financial Services,Templeton Emerging Markets Inco,2.0,0.75,trailing_eps_fallback_icc,0.4,1.0332824223727837,2026-06-25
TEL,200.07,2.98,58399596544.0,291895799.0,45.3,Technology,TE Connectivity plc,11.24082,0.12244747269327316,forecast_icc,0.07889489036248792,0.22642073708056332,2026-06-25
TEN,37.68,2.0,1135208064.0,30127603.0,62.482,Energy,Tsakos Energy Navigation Ltd,4.6,0.01,forecast_icc,0.09148864860086137,1.6582272011115664,2026-06-25
TENB,27.44,0.0,3025863168.0,110271973.0,2.166,Technology,"Tenable Holdings, Inc.",1.95763,0.10930563998304055,forecast_icc,0.08101583722797573,0.0789358540875038,2026-06-25
TEO,12.75,0.04,5491904512.0,125611604.0,2.3042204,Communication Services,Telecom Argentina SA,1.543,0.01,forecast_icc,0.07379068303560135,0.05270244953842374,2026-06-25
TER,471.96,0.52,73881632768.0,156542162.0,20.083,Technology,"Teradyne, Inc.",7.28114,0.3115803294539041,forecast_icc,0.054205847626546774,0.042552338404839296,2026-06-25
TEVA,33.62,0.0,39148036096.0,1164426972.0,7.066,Healthcare,Teva Pharmaceutical Industries ,2.27823,0.35265535086448674,forecast_icc,0.14098220373553538,0.2101725093942245,2026-06-25
TEX,74.58,0.68,8518272512.0,114216576.0,42.485,Industrials,Terex Corporation,4.87181,0.19195535129654084,forecast_icc,0.10266117261550034,0.5696567261171932,2026-06-25
TFC,50.67,2.08,63128702976.0,1245879275.0,47.595,Financial Services,Truist Financial Corporation,4.54003,0.1266841849062672,forecast_icc,0.11848101962893753,0.939313201415979,2026-06-25
TFII,145.79,1.86,11981900800.0,82186031.0,32.594,Industrials,TFI International Inc.,5.30306,0.34414281565737515,forecast_icc,0.10893269768950159,0.22356815826867804,2026-06-25
TFIN,76.77,0.0,1827605888.0,23806253.0,38.045,Financial Services,"Triumph Financial, Inc.",1.7675,0.528995756718529,forecast_icc,0.1083524585480421,0.4955712286395304,2026-06-25
TFPM,28.17,0.23,5820032000.0,206603912.0,10.403,Basic Materials,Triple Flag Precious Metals Cor,1.49928,0.01,forecast_icc,0.04191359871910802,0.369293587481306,2026-06-25
TFSL,17.51,1.13,4910366720.0,280432141.0,6.894,Financial Services,TFS Financial Corporation,0.335,0.10447761194029836,forecast_icc,0.037071625569138164,0.39371788102498384,2026-06-25
TFX,127.79,1.36,5657290240.0,44270211.0,69.683,Healthcare,Teleflex Incorporated,6.70364,0.5730931255258338,forecast_icc,0.18702896380037626,0.5452930612082226,2026-06-25
TG,8.07,0.0,281629088.0,34898277.0,6.358,Industrials,Tredegar Corporation,1.11,0.01,forecast_icc,0.07942877986401176,0.7878562784182292,2026-06-25
TGB,6.57,0.0,2402302976.0,365647317.0,1.5780469,Basic Materials,"Taseko Mines, Ltd.",0.59,0.7372881355932204,forecast_icc,0.2658914225871135,0.24018977658094,2026-06-25
TGEN,5.2,0.0,155573344.0,29917952.0,0.725,Industrials,Tecogen Inc.,0.21,0.04,forecast_icc,0.04029356488157196,0.13942308265868475,2026-06-25
TGLS,44.07,0.6,1955157376.0,44364816.0,16.572,Basic Materials,Tecnoglass Inc.,2.7625,0.29230769230769216,forecast_icc,0.12980178372472018,0.37603813369548417,2026-06-25
TGS,29.62,0.95,4459356672.0,69513693.0,16.541199,Energy,Transportadora de Gas del Sur S,2.87,0.01,forecast_icc,0.07217043397769599,0.25784881401339205,2026-06-25
TGT,139.57,4.64,63391457280.0,454191112.0,36.098,Consumer Defensive,Target Corporation,8.35346,0.06820048219540165,forecast_icc,0.07384695425905552,0.258637227545623,2026-06-25
TGTX,53.63,0.0,8209872896.0,153083580.0,4.114,Healthcare,"TG Therapeutics, Inc.",1.53517,0.75,forecast_icc,0.16521091370048457,0.07671079151869004,2026-06-25
TH,20.19,0.0,2010630528.0,99585466.0,3.763,Industrials,Target Hospitality Corp.,0.67492,0.04,forecast_icc,0.03561544019673757,0.1863793985714316,2026-06-25
THC,183.94,0.0,15844039680.0,86137000.0,55.896,Healthcare,Tenet Healthcare Corporation,17.85631,0.01,forecast_icc,0.06256212940240602,0.3038817024724846,2026-06-25
THFF,76.13,2.24,905329984.0,11891896.0,55.104,Financial Services,First Financial Corporation,7.335,0.0327198364008181,forecast_icc,0.08205223540353454,0.7238145745363936,2026-06-25
THG,207.56,3.8,7261857792.0,34986787.0,100.859,Financial Services,Hanover Insurance Group Inc,18.59625,0.01,forecast_icc,0.06424590910916328,0.4859269419900257,2026-06-25
THO,77.95,2.08,4057871872.0,52057373.0,82.198,Consumer Cyclical,"Thor Industries, Inc.",3.51919,0.33964633907234343,forecast_icc,0.13223851645575235,1.054496563920587,2026-06-25
THRM,36.14,0.0,1108315904.0,30667290.0,23.363,Consumer Cyclical,Gentherm Inc,2.71041,0.12590715057869484,forecast_icc,0.08819688313283625,0.6464581927266109,2026-06-25
THRY,3.7,0.0,164094208.0,44349786.0,5.083,Technology,"Thryv Holdings, Inc.",0.49,0.01,forecast_icc,0.0774440368770909,1.373783785458168,2026-06-25
TIC,8.19,0.0,1810338816.0,221042604.0,9.842,Industrials,"TIC Solutions, Inc.",0.29145,0.7221478812832391,forecast_icc,0.17656613905026386,1.2017094752322872,2026-06-25
TIGO,88.46,3.0,14820715520.0,167541444.0,21.784,Communication Services,Millicom International Cellular,4.74601,0.5041771930526906,forecast_icc,0.19745196158289946,0.2462582060340363,2026-06-25
TIGR,4.61,0.0,823810048.0,172193213.0,4.735,Financial Services,UP Fintech Holding Limited,0.51561,0.75,forecast_icc,0.29354627688356427,0.9897122103990167,2026-06-25
TILE,35.51,0.12,2061575296.0,58056192.0,10.931,Consumer Cyclical,"Interface, Inc.",2.1325,0.09378663540445498,forecast_icc,0.06979648850386211,0.3078287928572462,2026-06-25
TIMB,21.92,1.47,10471921664.0,477733664.0,9.91677,Communication Services,TIM S.A.,1.83321,0.1848506172233404,forecast_icc,0.15203046505961215,0.452407401349453,2026-06-25
TJX,155.19,1.92,171439079424.0,1104704446.0,9.414,Consumer Cyclical,"TJX Companies, Inc. (The)",5.20553,0.0970813730782456,forecast_icc,0.05030304220442605,0.06066112632886742,2026-06-25
TK,11.1,0.0,965831296.0,87011821.0,8.419,Energy,Teekay Corporation Ltd.,0.43,0.75,forecast_icc,0.18942682971024827,0.7584684033669997,2026-06-25
TKC,6.02,0.22,5240873472.0,870577022.0,111.665,Communication Services,Turkcell Iletisim Hizmetleri AS,28.93,0.75,forecast_icc,0.4,18.549004031675658,2026-06-25
TKLF,2.0,0.24,8465562.0,4232781.0,9.985,Consumer Cyclical,"Tokyo Lifestyle Co., Ltd.",0.06,0.04,trailing_eps_fallback_icc,0.039386396474875865,4.9925,2026-06-25
TKO,203.8,3.11,38951538688.0,74967673.0,45.035,Communication Services,"TKO Group Holdings, Inc.",4.49406,0.09653854198653322,forecast_icc,0.038206996678781316,0.0866761434149741,2026-06-25
TKR,144.01,1.44,10007904256.0,69494510.0,46.161,Industrials,Timken Company (The),6.14537,0.1738251724468991,forecast_icc,0.07630347222457845,0.32054024439599915,2026-06-25
TLF,2.34,0.0,19055950.0,8143569.0,6.515,Consumer Cyclical,"Tandy Leather Factory, Inc.",0.58,0.01,forecast_icc,0.11551867903346869,2.7841882475027484,2026-06-25
TLIH,4.6,0.0,13526001.0,2940435.0,4.38981,Industrials,Ten-League International Holdin,1.55,0.75,trailing_eps_fallback_icc,0.4,0.9543065217391303,2026-06-25
TLK,14.19,1.22,14005462016.0,986995290.0,1384.397,Communication Services,"PT Telekomunikasi Indonesia, Tb",1.5357,,forecast_icc,0.010000000000000002,97.56145973114964,2026-06-25
TLN,416.8,0.0,19920957440.0,47795005.0,23.637,Utilities,Talen Energy Corporation,21.555,0.39352818371607534,forecast_icc,0.13195690529160642,0.056710654424499386,2026-06-25
TLRY,4.46,0.0,538850112.0,120818409.0,3.018,Healthcare,"Tilray Brands, Inc.",0.27118,0.04,forecast_icc,0.0545176720496926,0.6766816044792805,2026-06-25
TLS,4.22,0.0,315736896.0,74819175.0,1.29,Technology,Telos Corporation,0.126,0.75,forecast_icc,0.16845471768695558,0.30568722557530936,2026-06-25
TLX,10.86,0.0,3679118592.0,338777049.0,1.226,Healthcare,Telix Pharmaceuticals Limited,0.1315,0.75,forecast_icc,0.1075900105406925,0.1128913492968481,2026-06-25
TLYS,4.21,0.0,128356248.0,23182312.0,2.551,Consumer Cyclical,"Tilly's, Inc.",0.02,0.04,forecast_icc,0.010000000000000002,0.4607339247872063,2026-06-25
TM,166.5,6.27,197153521664.0,1184105248.0,11.856926,Consumer Cyclical,Toyota Motor Corporation,17.54,0.44657924743443567,forecast_icc,0.23612236612442217,0.07121276953741226,2026-06-25
TMDE,0.73,0.0,17202450.0,23565000.0,0.916,Energy,TMD Energy Limited,0.08,0.04,trailing_eps_fallback_icc,0.08136094373731295,1.2547945205479452,2026-06-25
TMDX,77.75,0.0,2687110912.0,34560911.0,13.806,Healthcare,"TransMedics Group, Inc.",2.04648,0.6110101247019273,forecast_icc,0.13209657317330714,0.1775691264306101,2026-06-25
TME,8.16,0.24,13360154624.0,804799234.0,7.1053,Communication Services,Tencent Music Entertainment Gro,6.4916,0.10672099328362794,forecast_icc,0.3038058370249751,0.428014507187503,2026-06-25
TMHC,71.98,0.0,6622156800.0,91999956.0,66.037,Consumer Cyclical,Taylor Morrison Home Corporatio,5.27875,0.2137021075065122,forecast_icc,0.11046643967470701,0.9174354032770714,2026-06-25
TMO,505.75,1.88,187947565056.0,371621465.0,139.75,Healthcare,Thermo Fisher Scientific Inc,24.8554,0.09636215872607168,forecast_icc,0.061793180561262706,0.2763222801970111,2026-06-25
TMP,93.3,2.68,1341928448.0,14382941.0,66.058,Financial Services,Tompkins Financial Corporation,7.525,0.0830564784053156,forecast_icc,0.09137166613999292,0.7080171211766427,2026-06-25
TMUS,181.57,4.08,196495917056.0,1082204717.0,51.46,Communication Services,"T-Mobile US, Inc.",10.45959,0.2945010272869204,forecast_icc,0.13148953769767047,0.28341685451382004,2026-06-25
TNC,91.05,1.24,1551392256.0,17038903.0,31.178,Industrials,Tennant Company,5.11667,0.2527679135062453,forecast_icc,0.11252447448299904,0.3424272073548368,2026-06-25
TNDM,15.76,0.0,1080018432.0,68529089.0,1.933,Healthcare,"Tandem Diabetes Care, Inc.",0.07778,0.04,forecast_icc,0.010000000000000002,0.1226522854722909,2026-06-25
TNET,47.25,1.16,2170884352.0,45944643.0,1.799,Industrials,"TriNet Group, Inc.",4.53482,0.06610846737025944,forecast_icc,0.09295984633726817,0.038074074595844706,2026-06-25
TNK,70.28,1.0,2434770176.0,30017861.0,63.212,Energy,Teekay Tankers Ltd.,15.02888,0.01,forecast_icc,0.11036838190306397,0.7793298308957108,2026-06-25
TNL,76.24,2.4,4759245824.0,62424529.0,-15.557,Consumer Cyclical,Travel   Leisure Co.,7.36266,0.1514683551868481,forecast_icc,0.12639891530291059,,2026-06-25
TOL,162.08,1.04,15149779968.0,93471000.0,90.508,Consumer Cyclical,"Toll Brothers, Inc.",12.79544,0.10313596093608357,forecast_icc,0.08711656256754974,0.5584155866203535,2026-06-25
TOMZ,0.7252,0.0,16752456.0,23100465.0,0.663,Industrials,"TOMI Environmental Solutions, I",0.04,0.04,forecast_icc,0.050823545903337736,0.9142306235575249,2026-06-25
TOPS,0.81,0.0,4488752.0,5541670.0,19.279,Energy,"TOP Ships, Inc.",2.19,0.04,forecast_icc,0.4,23.80123827959308,2026-06-25
TORO,4.95,0.0,171068672.0,34559330.0,7.534,Energy,Toro Corp.,0.02,0.04,trailing_eps_fallback_icc,0.010000000000000002,1.5220203043371963,2026-06-25
TOST,25.77,0.0,14946599936.0,516000000.0,3.431,Technology,"Toast, Inc.",1.34976,0.25718646277856805,forecast_icc,0.10102071170979199,0.11844807565470922,2026-06-25
TOUR,4.56,1.2,49538732.0,10284640.0,13.858369,Consumer Cyclical,Tuniu Corporation,2.4,0.41666666666666674,forecast_icc,0.4,2.8771090901591907,2026-06-25
TOWN,36.13,1.09,3298598912.0,91298055.0,31.677,Financial Services,Towne Bank,3.1775,0.0962486231313926,forecast_icc,0.10125190074268697,0.8767505736189972,2026-06-25
TOYO,7.38,0.0,281720384.0,38173492.0,3.702,Technology,"TOYO Co., Ltd",2.37,0.5928270042194093,forecast_icc,0.378673471900682,0.5016259930413839,2026-06-25
TPB,83.9,0.31,1624936192.0,19367534.0,18.885,Consumer Defensive,"Turning Point Brands, Inc.",1.85667,0.540392207554385,forecast_icc,0.11230314363507488,0.22508937974962653,2026-06-25
TPC,81.56,0.24,4305670656.0,52614703.0,23.084,Industrials,Tutor Perini Corporation,5.06981,0.18801690793146086,forecast_icc,0.09558224406794691,0.28208330387729497,2026-06-25
TPCS,3.76,0.0,37692004.0,10024469.0,0.797,Industrials,TechPrecision Corporation,1.58,0.04,forecast_icc,0.17829219357263454,0.2119680819571175,2026-06-25
TPG,40.02,2.24,15380180992.0,153854054.0,7.069,Financial Services,TPG Inc.,2.88749,0.2735282200111515,forecast_icc,0.16614695037451976,0.07071401229229436,2026-06-25
TPL,391.04,2.4,26971762688.0,68974429.0,22.558,Energy,Texas Pacific Land Corporation,9.16854,0.09972362011836133,forecast_icc,0.037848275864142245,0.057687188908652466,2026-06-25
TPR,146.0,1.6,29498529792.0,202044714.0,3.373,Consumer Cyclical,"Tapestry, Inc.",6.97246,0.11019353284206734,forecast_icc,0.06664832150892464,0.023102738513660497,2026-06-25
TPVG,4.59,0.94,186349328.0,40598981.0,8.645,Financial Services,TriplePoint Venture Growth BDC ,0.935,0.01,forecast_icc,0.2082440499368433,1.8834422131374684,2026-06-25
TR,36.86,0.36,2770809856.0,43072874.0,12.646,Consumer Defensive,"Tootsie Roll Industries, Inc.",1.33,0.01,trailing_eps_fallback_icc,0.03257104104024092,0.19658496718007923,2026-06-25
TRAK,8.65,0.08,157201328.0,18173565.0,2.778,Technology,"ReposiTrak, Inc.",0.37,0.16216216216216206,forecast_icc,0.07335933734039232,0.32115608826154446,2026-06-25
TRC,18.46,0.0,498284192.0,26992645.0,17.654,Industrials,Tejon Ranch Co,0.11,,forecast_icc,0.010000000000000002,0.9563380947674134,2026-06-25
TREE,38.12,0.0,531889024.0,13953018.0,21.84,Financial Services,"LendingTree, Inc.",5.84398,0.16046085031091817,forecast_icc,0.14536927855021553,0.5729276209316927,2026-06-25
TREX,49.98,0.0,5192858624.0,103898729.0,9.584,Industrials,"Trex Company, Inc.",1.67775,0.10579645358366863,forecast_icc,0.04801213169113215,0.1917566971944584,2026-06-25
TRGP,273.45,4.25,58694377472.0,214643903.0,14.292,Energy,"Targa Resources, Inc.",11.34558,0.08710352401551957,forecast_icc,0.05697894687090799,0.052265494478401,2026-06-25
TRI,81.01,2.62,35364012032.0,436538837.0,27.058,Industrials,Thomson Reuters Corp,4.42441,0.14277383877172323,forecast_icc,0.09174170998837605,0.3340081391460262,2026-06-25
TRIN,16.9,2.55,1519101184.0,89887651.0,13.267,Financial Services,Trinity Capital Inc.,2.09143,0.01,forecast_icc,0.1269116696960716,0.7850296467262841,2026-06-25
TRIP,12.8,0.0,1489422976.0,116361169.0,5.363,Consumer Cyclical,"TripAdvisor, Inc.",1.3139,0.22734606895501952,forecast_icc,0.13681388139986883,0.4189843713992767,2026-06-25
TRLV,8.52,0.0,1638456192.0,169900759.0,6.072,Healthcare,Trulieve Cannabis Corp. Subordi,0.20667,0.75,forecast_icc,0.15286662669983742,0.6296399096204826,2026-06-25
TRMB,50.24,0.0,11711522816.0,233111519.0,24.33,Technology,Trimble Inc.,3.58773,0.1362839455588909,forecast_icc,0.08836629843098354,0.4842754735124276,2026-06-25
TRMD,27.7,2.8,2835569408.0,102367118.0,22.262,Energy,TORM plc,9.12,0.01,forecast_icc,0.18032096023034921,0.8036822426164361,2026-06-25
TRMK,46.34,1.0,2715781120.0,58605547.0,35.953,Financial Services,Trustmark Corporation,3.905,0.046947503201024476,forecast_icc,0.0781026861227544,0.7758523747639132,2026-06-25
TRN,36.38,1.24,2892410368.0,79505503.0,13.499,Industrials,"Trinity Industries, Inc.",2.325,0.021505376344086002,forecast_icc,0.06046601195823946,0.3710555033513834,2026-06-25
TRNO,65.35,2.08,6908631040.0,105717386.0,40.033,Real Estate,Terreno Realty Corporation,1.945,0.01,forecast_icc,0.032013003864139744,0.612593738069706,2026-06-25
TRNS,91.88,0.0,858223296.0,9340698.0,32.207,Industrials,"Transcat, Inc.",1.76,0.21732954545454541,forecast_icc,0.047494428428123237,0.3505333191118597,2026-06-25
TROW,106.34,5.2,22785110016.0,214266606.0,50.156,Financial Services,"T. Rowe Price Group, Inc.",9.53364,0.011017827398559277,forecast_icc,0.07515126023745766,0.4716569673347852,2026-06-25
TRP,70.19,2.57,73121619968.0,1041766896.0,17.302273,Energy,TC Energy Corporation,3.63925,0.060053582468915234,forecast_icc,0.06641941774935856,0.24650623502108965,2026-06-25
TRS,44.07,0.16,1578926080.0,35827685.0,18.751,Consumer Cyclical,TriMas Corporation,1.673,0.2970711297071129,forecast_icc,0.09414431809904156,0.42548218687666495,2026-06-25
TRST,54.26,1.52,948183296.0,17474811.0,38.323,Financial Services,TrustCo Bank Corp NY,2.87,0.213,forecast_icc,0.1076048984050989,0.7062845177489817,2026-06-25
TRT,12.07,0.0,122059064.0,10112599.0,3.836,Technology,Trio-Tech International,0.04,0.04,trailing_eps_fallback_icc,0.010000000000000002,0.3178127743466884,2026-06-25
TRTX,8.53,0.96,659438976.0,77308209.0,13.562,Real Estate,"TPG RE Finance Trust, Inc.",1.04,0.0923076923076922,forecast_icc,0.16673463227145657,1.5899180494572405,2026-06-25
TRU,67.0,0.5,12917600256.0,192800000.0,24.656,Financial Services,TransUnion,4.77826,0.16785817431449934,forecast_icc,0.10033159356647425,0.36799999270700456,2026-06-25
TRUP,23.97,0.0,1045582656.0,43620472.0,9.051,Financial Services,"Trupanion, Inc.",3.92,0.09948979591836737,forecast_icc,0.12836380093566635,0.37759701713338295,2026-06-25
TRV,318.29,5.0,67682680832.0,212644693.0,150.452,Financial Services,"The Travelers Companies, Inc.",28.15254,0.014415750763518975,forecast_icc,0.06518899821722066,0.47268841833626024,2026-06-25
TRVG,4.96,0.0,350677312.0,23205691.0,3.369675,Communication Services,trivago N.V.,0.03848,0.75,forecast_icc,0.08376618022721216,0.22298459051843367,2026-06-25
TRX,0.8206,0.0,267255360.0,325682864.0,0.261,Basic Materials,TRX Gold Corporation,0.005,0.75,forecast_icc,0.07243840501015017,0.31805995398558146,2026-06-25
TS,57.36,1.78,28956467200.0,504819878.0,16.931,Energy,Tenaris S.A.,3.8326,0.06771382351406374,forecast_icc,0.0778365777966542,0.29517086098189493,2026-06-25
TSBK,44.13,1.12,345447584.0,7827953.0,34.606,Financial Services,"Timberland Bancorp, Inc.",3.9,0.059,trailing_eps_fallback_icc,0.08633069621646927,0.7841830542893593,2026-06-25
TSCO,30.75,0.96,16126825472.0,524449616.0,4.783,Consumer Cyclical,Tractor Supply Company,2.1126,0.0848007194925684,forecast_icc,0.08486129932697739,0.15554471756907473,2026-06-25
TSEM,269.88,0.0,32112758784.0,112824944.0,26.421,Technology,Tower Semiconductor Ltd.,3.342,0.7169359664871335,forecast_icc,0.1038009723615905,0.09282752271378317,2026-06-25
TSI,4.465,0.34,215949248.0,48364891.0,5.112,Financial Services,"TCW Strategic Income Fund, Inc.",0.4,0.01,trailing_eps_fallback_icc,0.08567700631988165,1.144904763882299,2026-06-25
TSLA,375.12,0.0,1408847052800.0,3755723871.0,21.897,Consumer Cyclical,"Tesla, Inc.",2.05948,0.21392778759686903,forecast_icc,0.019307701926566723,0.05837332408783599,2026-06-25
TSLX,16.2,1.68,1539317632.0,95019600.0,16.976,Financial Services,"Sixth Street Specialty Lending,",1.7162,0.057545740589674876,forecast_icc,0.13535518899992327,1.0479011583231186,2026-06-25
TSM,434.99,3.8,2256064217088.0,5186474013.0,6.5373535,Technology,Taiwan Semiconductor Manufactur,15.80491,0.2630258571545172,forecast_icc,0.08776770870491923,0.01502874509720663,2026-06-25
TSN,57.8,2.04,20353079296.0,282120397.0,51.396,Consumer Defensive,"Tyson Foods, Inc.",4.06121,0.11385523033775646,forecast_icc,0.09739009739648241,0.71241602871668,2026-06-25
TSQ,6.44,0.8,115622424.0,16638496.0,-2.686,Communication Services,"Townsquare Media, Inc.",0.53,0.01,forecast_icc,0.08453496952980888,,2026-06-25
TSSI,11.65,0.0,327061568.0,28073956.0,2.804,Technology,"TSS, Inc.",0.24,0.04166666666666674,forecast_icc,0.025686085640969927,0.24068670955555377,2026-06-25
TT,503.46,4.2,111292588032.0,221055477.0,38.837,Industrials,Trane Technologies plc,14.89892,0.14271101529506836,forecast_icc,0.053597102349767556,0.07714019156226751,2026-06-25
TTAM,19.3,0.16,3558195456.0,184362465.0,5.609,Basic Materials,Titan America SA,1.05975,0.19504600141542827,forecast_icc,0.09329751398608666,0.2906217713367233,2026-06-25
TTAN,63.4,0.0,6048206336.0,82746425.0,16.123,Technology,"ServiceTitan, Inc.",1.3089,0.2491404996561999,forecast_icc,0.0550842309478648,0.22058119980697036,2026-06-25
TTC,97.05,1.56,9242027008.0,95229534.0,14.641,Industrials,Toro Company (The),4.606,0.09986973512809372,forecast_icc,0.06581191252589169,0.15086036927690397,2026-06-25
TTD,17.33,0.0,8146977792.0,426999732.0,5.209,Communication Services,"The Trade Desk, Inc.",1.84989,0.16167988366875852,forecast_icc,0.11988285938988583,0.2730143202516293,2026-06-25
TTE,78.28,4.22,174027046912.0,2223135446.0,53.611,Energy,TotalEnergies SE,11.42041,0.01,forecast_icc,0.10172277428081056,0.6848620171999692,2026-06-25
TTEC,2.055,0.0,99992976.0,48658381.0,1.958,Technology,"TTEC Holdings, Inc.",1.1625,0.07311827956989236,forecast_icc,0.22838112084834739,0.9527980245132418,2026-06-25
TTEK,28.44,0.29,7380882944.0,259524699.0,7.18,Industrials,"Tetra Tech, Inc.",1.54296,0.11196012858402038,forecast_icc,0.07249059515324688,0.25246130482732665,2026-06-25
TTGT,3.68,0.0,266061952.0,72299443.0,7.255,Technology,"TechTarget, Inc.",0.82,0.04,forecast_icc,0.1254725761135217,1.9714673782630896,2026-06-25
TTI,10.2,0.0,1507788672.0,147822418.0,2.12,Industrials,"Tetra Technologies, Inc.",0.265,0.5723396226415094,forecast_icc,0.12386124935494836,0.2078431360969928,2026-06-25
TTMI,210.57,0.0,21867706368.0,103850059.0,17.697,Technology,"TTM Technologies, Inc.",4.065,0.3284132841328413,forecast_icc,0.06499166190579667,0.08404331314839612,2026-06-25
TTWO,238.72,0.0,44322344960.0,185666663.0,18.885,Communication Services,"Take-Two Interactive Software, ",1.75939,0.75,forecast_icc,0.08126824137704192,0.07910941837394607,2026-06-25
TU,11.08,1.2,17299744768.0,1561348884.0,7.1378856,Communication Services,Telus Corporation,0.67769,0.070696040962682,forecast_icc,0.08869877520232705,0.6442135340802544,2026-06-25
TUYA,1.76,0.11,1079074688.0,542948046.0,1.634,Technology,Tuya Inc.,0.1175,0.1276595744680853,forecast_icc,0.11484711718293428,0.8221646907577169,2026-06-25
TV,2.72,0.09,1433603200.0,527060000.0,10.247148,Communication Services,Grupo Televisa S.A.B.,4.68699,0.3647692868984145,forecast_icc,0.4,3.767333823529411,2026-06-25
TVA,10.5,0.0,315000000.0,22500000.0,-0.47,Financial Services,Texas Ventures Acquisition III ,0.24,0.04,trailing_eps_fallback_icc,0.02743056762298679,,2026-06-25
TVAI,10.31,0.0,280389024.0,20487500.0,-1.269,Financial Services,Thayer Ventures Acquisition Cor,0.25,0.04,trailing_eps_fallback_icc,0.028605465459688992,,2026-06-25
TVTX,59.03,0.0,5489371136.0,92992905.0,1.068,Healthcare,"Travere Therapeutics, Inc.",1.86857,0.75,forecast_icc,0.17301980652463544,0.018092495493458288,2026-06-25
TW,91.5,0.56,19949379584.0,116035961.0,31.086,Financial Services,Tradeweb Markets Inc.,4.0536,0.12674659561870927,forecast_icc,0.06542304067494345,0.18081233396045043,2026-06-25
TWFG,21.39,0.0,278008224.0,12997112.0,4.88,Financial Services,"TWFG, Inc.",1.00841,0.09678602949197246,forecast_icc,0.0588945990246329,0.2281439938985402,2026-06-25
TWG,2.17,0.0,56231684.0,19579883.0,18.928,Consumer Defensive,Top Wealth Group Holding Limite,3.87,0.04,trailing_eps_fallback_icc,0.36936358205299846,6.590733178540412,2026-06-25
TWI,7.9,0.0,508538496.0,64371960.0,7.695,Industrials,"Titan International, Inc. (DE)",0.3725,0.04,forecast_icc,0.0452879455982441,0.9740506099266869,2026-06-25
TWIN,23.21,0.16,334753792.0,14422827.0,12.795,Industrials,"Twin Disc, Incorporated",1.86,0.04,trailing_eps_fallback_icc,0.06823661007084592,0.5512710412104906,2026-06-25
TWLO,190.88,0.0,28970594304.0,151773860.0,51.175,Technology,Twilio Inc.,5.71187,0.16067942722786044,forecast_icc,0.0541307929587983,0.2681003780591273,2026-06-25
TWLV,9.995,0.0,234257808.0,17745000.0,-1.118,Financial Services,Twelve Seas Investment Company ,0.06,0.04,trailing_eps_fallback_icc,0.010000000000000002,,2026-06-25
TWN,95.92,0.0,550776384.0,5742039.0,59.128,Financial Services,"Taiwan Fund, Inc. (The)",38.86,0.04,trailing_eps_fallback_icc,0.174846682623662,0.6164303551402813,2026-06-25
TWO,12.39,1.36,1301524096.0,105046333.0,10.758,Real Estate,Two Harbors Investment Corp,1.2725,0.01,forecast_icc,0.10541338564584868,0.8682808515701885,2026-06-25
TX,45.37,2.2,8906479616.0,196307678.0,60.845,Basic Materials,Ternium S.A. Ternium S.A.,4.81258,0.1808198513063679,forecast_icc,0.15317370052457713,1.341084377092454,2026-06-25
TXG,35.73,0.0,4536144896.0,116877317.0,6.236,Healthcare,"10x Genomics, Inc.",0.2,0.04,forecast_icc,0.010000000000000002,0.1606754117256487,2026-06-25
TXMD,2.03,0.0,23495954.0,11574362.0,2.33,Healthcare,"TherapeuticsMD, Inc.",0.35,0.04,forecast_icc,0.10788598781801861,1.147783293242743,2026-06-25
TXN,311.81,5.68,283776024576.0,910092791.0,18.437,Technology,Texas Instruments Incorporated,7.68139,0.16489593680310444,forecast_icc,0.055469033282567734,0.05912895852543456,2026-06-25
TXNM,57.49,1.69,6364560384.0,110707257.0,31.252,Utilities,"TXNM Energy, Inc.",3.00133,0.09807651940972839,forecast_icc,0.07512318769470619,0.543607568632976,2026-06-25
TXO,12.49,1.46,689978944.0,55242507.0,12.627,Energy,"TXO Partners, L.P.",0.89,0.04,forecast_icc,0.08842409364975323,1.0109687287631202,2026-06-25
TXRH,190.61,3.0,12528721920.0,65729615.0,23.045,Consumer Cyclical,"Texas Roadhouse, Inc.",6.41322,0.19250704014520004,forecast_icc,0.07262288807255868,0.12090131677812833,2026-06-25
TXT,89.06,0.08,15486552064.0,173888981.0,46.026,Industrials,Textron Inc.,6.51176,0.12054498323034024,forecast_icc,0.08573577569281687,0.5167976839796844,2026-06-25
TY,34.86,1.14,1855715840.0,53233385.0,36.348,Financial Services,Tri Continental Corporation,4.91,0.165,trailing_eps_fallback_icc,0.1579283607313015,1.0426850039605202,2026-06-25
TYGO,2.33,0.0,176872144.0,75910794.0,0.392,Technology,"Tigo Energy, Inc.",0.04,0.75,forecast_icc,0.1290594956689598,0.1682403490738485,2026-06-25
TYL,281.09,0.0,11564198912.0,41140555.0,83.828,Technology,"Tyler Technologies, Inc.",12.84547,0.14804207241930412,forecast_icc,0.0691187051936647,0.2982247599495459,2026-06-25
TZOO,10.86,0.0,111637640.0,10279709.0,-0.763,Communication Services,Travelzoo,0.605,0.6198347107438016,forecast_icc,0.1908119876704667,,2026-06-25
U,26.71,0.0,11659849728.0,436534997.0,7.479,Technology,Unity Software Inc.,1.031,0.2955480116391853,forecast_icc,0.09235736196156152,0.280007488837767,2026-06-25
UA,5.89,0.0,2511053568.0,203035386.0,3.318,Consumer Cyclical,"Under Armour, Inc.",0.38,0.04,forecast_icc,0.05686335490444783,0.2682823733165377,2026-06-25
UAA,6.08,0.0,2592055296.0,188839506.0,3.318,Consumer Cyclical,"Under Armour, Inc.",0.10839,0.75,forecast_icc,0.13153154337633566,0.24172689597899688,2026-06-25
UAL,134.605,0.0,43688706048.0,324569728.0,48.909,Industrials,"United Airlines Holdings, Inc.",9.50807,0.49422332818332215,forecast_icc,0.18006937119294653,0.3633520482229687,2026-06-25
UAMY,6.86,0.0,1016553344.0,148185622.0,0.922,Basic Materials,United States Antimony Corporat,0.095,0.75,forecast_icc,0.11554916151296724,0.13440233539185525,2026-06-25
UAN,109.55,12.28,1157903872.0,10569637.0,29.494,Basic Materials,"CVR Partners, LP",11.48,0.75,trailing_eps_fallback_icc,0.4,0.26922863047304846,2026-06-25
UBCP,15.77,0.77,91166848.0,5781030.0,12.249,Financial Services,"United Bancorp, Inc.",1.35,0.18518518518518512,forecast_icc,0.14095146511104872,0.776727922742267,2026-06-25
UBER,72.25,0.0,147072024576.0,2035599013.0,12.154,Technology,"Uber Technologies, Inc.",3.03368,0.4735074233274441,forecast_icc,0.1356771325360181,0.16822145799194577,2026-06-25
UBS,49.94,1.1,163693576192.0,3277805164.0,29.724,Financial Services,UBS Group AG Registered,3.30529,0.2379276856191137,forecast_icc,0.12390908223631619,0.5951942828865728,2026-06-25
UBSI,46.18,1.52,6363538944.0,137798590.0,39.382,Financial Services,"United Bankshares, Inc.",3.60667,0.05314043147834435,forecast_icc,0.08101324435945079,0.8527934093177446,2026-06-25
UCB,35.06,1.0,4198765056.0,119759409.0,30.536,Financial Services,"United Community Banks, Inc.",2.97,0.11111111111111094,forecast_icc,0.10338659171862286,0.8709640250049752,2026-06-25
UCFI,5.511,0.0,287867008.0,52234983.0,0.381,Consumer Defensive,CN Healthy Food Tech Group Corp,0.18,0.04,trailing_eps_fallback_icc,0.035073244517471916,0.06913445434844691,2026-06-25
UCL,0.9413,0.0,35856232.0,25884952.0,0.676,Communication Services,uCloudlink Group Inc.,0.48,0.04,forecast_icc,0.19745044244503462,0.4880107745844572,2026-06-25
UCTT,120.66,0.0,5408989184.0,44828352.0,14.016,Technology,"Ultra Clean Holdings, Inc.",2.3475,0.6773162939297124,forecast_icc,0.12451739726549216,0.11616110889823512,2026-06-25
UDR,39.1,1.73,14487160832.0,324915653.0,9.886,Real Estate,"UDR, Inc.",0.85761,0.01,forecast_icc,0.024691714121091717,0.22172157697475886,2026-06-25
UE,23.38,0.84,3103888384.0,126019994.0,10.22,Real Estate,Urban Edge Properties,0.52333,0.01,forecast_icc,0.025126895683868944,0.4149389988760627,2026-06-25
UEIC,4.26,0.0,53805088.0,12630302.0,11.031,Technology,Universal Electronics Inc.,0.35,0.75,forecast_icc,0.25985102924716885,2.5894365484914736,2026-06-25
UFCS,50.15,0.8,1286656768.0,25656166.0,37.057,Financial Services,"United Fire Group, Inc",4.545,0.01,forecast_icc,0.06404737748952549,0.7389232055568684,2026-06-25
UFG,0.8499,0.0,27592004.0,9815000.0,0.324,Industrials,Uni-Fuels Holdings Limited,0.02,,forecast_icc,0.010000000000000002,0.11525295516773627,2026-06-25
UFI,4.68,0.0,86988344.0,18587254.0,12.475,Consumer Cyclical,"Unifi, Inc. New",0.06,0.04,forecast_icc,0.01773673664583242,2.6655984352340356,2026-06-25
UFPI,92.07,1.44,5200135168.0,56480230.0,54.113,Basic Materials,"UFP Industries, Inc.",4.61,0.1930585683297179,forecast_icc,0.09187769251403177,0.5877375466694792,2026-06-25
UFPT,252.73,0.0,1955356544.0,7736939.0,56.725,Healthcare,"UFP Technologies, Inc.",10.385,0.1254212806933077,forecast_icc,0.05962938978476695,0.22444902241572984,2026-06-25
UG,7.1299,0.5,32757034.0,4594319.0,2.445,Consumer Defensive,"United-Guardian, Inc.",0.52,0.46,trailing_eps_fallback_icc,0.24675796206219347,0.3429220714854709,2026-06-25
UGI,35.16,1.5,7538082816.0,214393712.0,25.276,Utilities,UGI Corporation,2.8,0.19285714285714284,forecast_icc,0.13498843420118856,0.7188851060391428,2026-06-25
UGP,4.86,0.32,5197221376.0,1069387156.0,2.9898727,Energy,Ultrapar Participacoes S.A. (Ne,0.58393,0.01,forecast_icc,0.09594131882771828,0.6152001679627974,2026-06-25
UHAL,66.02,0.0,12542339072.0,19607788.0,39.595,Industrials,U-Haul Holding Company,0.99,0.75,forecast_icc,0.12044135001066766,0.061899966298407536,2026-06-25
UHAL-B,58.06,0.2,11153662976.0,170370092.0,39.595,Industrials,U-Haul Holding Company Series N,1.30075,0.04,forecast_icc,0.02760242969818505,0.6048061347429402,2026-06-25
UHS,144.46,0.8,8745081856.0,53287606.0,123.312,Healthcare,"Universal Health Services, Inc.",23.43311,0.078839727206504,forecast_icc,0.12218389332404123,0.7513939125182272,2026-06-25
UHT,41.74,3.0,579167488.0,13875598.0,10.652,Real Estate,Universal Health Realty Income ,1.28,0.059,trailing_eps_fallback_icc,0.0448380811808539,0.25519883791543213,2026-06-25
UI,541.1,3.2,32748498944.0,60522085.0,19.864,Technology,Ubiquiti Inc.,15.252,0.1299501704694468,forecast_icc,0.04851970621352508,0.03671040613176753,2026-06-25
UIS,3.5,0.0,255168096.0,72905170.0,-4.115,Technology,Unisys Corporation New,0.834,0.4364508393285371,forecast_icc,0.2834579880928235,,2026-06-25
UL,60.54,2.28,130369183744.0,2153438602.0,8.142524,Consumer Defensive,Unilever PLC,3.166,0.0596114971572963,forecast_icc,0.0670572763791003,0.13449823797119875,2026-06-25
ULBI,6.23,0.0,103771048.0,16656669.0,7.782,Industrials,Ultralife Corporation,0.9,0.04,forecast_icc,0.09687265326491479,1.2491171733950301,2026-06-25
ULCC,8.06,0.0,1852102144.0,229789335.0,0.966,Industrials,"Frontier Group Holdings, Inc.",0.24195,0.04,forecast_icc,0.033147755464810635,0.11985110990185215,2026-06-25
ULH,15.23,0.42,401610400.0,26369691.0,20.522,Industrials,"Universal Logistics Holdings, I",0.55,0.75,forecast_icc,0.22869518111892984,1.3474720741843336,2026-06-25
ULS,95.83,0.58,19315793920.0,77808115.0,6.556,Industrials,UL Solutions Inc.,2.29995,0.12131133285506213,forecast_icc,0.04178049607011769,0.026408958598995034,2026-06-25
ULTA,485.52,0.0,20872169472.0,42989311.0,63.475,Consumer Cyclical,"Ulta Beauty, Inc.",28.76437,0.1065088510542731,forecast_icc,0.07120250064865108,0.13073612301709275,2026-06-25
UMBF,143.41,1.72,10896109568.0,75978727.0,97.412,Financial Services,UMB Financial Corporation,12.91689,0.06293620213534368,forecast_icc,0.08353280984293321,0.6792552615531848,2026-06-25
UMC,27.73,0.48,69582520320.0,2509286774.0,5.0945535,Technology,United Microelectronics Corpora,0.6922,0.1778676683039584,forecast_icc,0.05811334398480125,0.18371992934712672,2026-06-25
UMH,15.12,0.9,1287712768.0,85166195.0,6.867,Real Estate,"UMH Properties, Inc.",0.14,0.23214285714285698,forecast_icc,0.033217115387408916,0.45416670207699616,2026-06-25
UNB,26.2,1.44,120888168.0,4614052.0,17.529,Financial Services,"Union Bankshares, Inc.",2.51,0.182,trailing_eps_fallback_icc,0.15110002167590564,0.6690457705339699,2026-06-25
UNCY,8.21,0.0,224896768.0,27393027.0,1.494,Healthcare,"Unicycive Therapeutics, Inc.",6.03875,0.04,forecast_icc,0.2383543480650271,0.18197319019720196,2026-06-25
UNF,262.41,1.45,4745397248.0,14532640.0,120.759,Industrials,Unifirst Corporation,7.09055,0.11268942465676135,forecast_icc,0.04382016922919851,0.36982089845052313,2026-06-25
UNFI,50.3,0.0,3044112640.0,60519140.0,26.326,Consumer Defensive,"United Natural Foods, Inc.",2.564,0.25347113884555394,forecast_icc,0.09859495597702572,0.5233797392070223,2026-06-25
UNH,415.53,9.28,377361235968.0,908144404.0,107.798,Healthcare,UnitedHealth Group Incorporated,18.38872,0.13822658673360633,forecast_icc,0.07529123164469798,0.25942291134188866,2026-06-25
UNIT,11.46,0.0,2782667264.0,242815652.0,1.591,Real Estate,Uniti Group Inc.,4.45,0.04,trailing_eps_fallback_icc,0.1709156810321243,0.13883072091654866,2026-06-25
UNM,88.92,1.84,14207302656.0,159776235.0,67.106,Financial Services,Unum Group,8.78261,0.10786542952493616,forecast_icc,0.10751799055649458,0.7546783710827706,2026-06-25
UNP,267.73,5.52,158954848256.0,593713213.0,32.708,Industrials,Union Pacific Corporation,12.61561,0.08806074379280893,forecast_icc,0.06422002036567831,0.12216784819000319,2026-06-25
UNTY,57.94,0.62,581769856.0,10040902.0,35.663,Financial Services,"Unity Bancorp, Inc.",5.8325,0.08444063437633953,forecast_icc,0.09637116930915346,0.6155160573084075,2026-06-25
UPBD,19.84,1.56,1156547584.0,58293726.0,12.266,Technology,"Upbound Group, Inc.",4.19857,0.13269756131254207,forecast_icc,0.20330746915083264,0.6182459355827076,2026-06-25
UPLD,4.31,0.0,12655539.0,2936320.0,-1.784,Technology,"Upland Software, Inc.",7.1,0.10563380281690149,forecast_icc,0.4,,2026-06-25
UPS,109.31,6.56,92914180096.0,746581816.0,19.113,Industrials,"United Parcel Service, Inc.",7.12627,0.12293808682522545,forecast_icc,0.11034381596501908,0.1535763242431314,2026-06-25
UPST,32.97,0.0,3155610624.0,95711569.0,7.66,Financial Services,"Upstart Holdings, Inc.",2.39095,0.4323344277379284,forecast_icc,0.16642056768117175,0.23233240912678585,2026-06-25
UPWK,7.86,0.0,970852544.0,123518137.0,4.61,Communication Services,Upwork Inc.,1.54608,0.13431387767773995,forecast_icc,0.15555925589652253,0.5865140026557937,2026-06-25
UPXI,0.76,0.0,57388984.0,75511828.0,-0.776,Communication Services,"Upexi, Inc.",0.53,0.04,trailing_eps_fallback_icc,0.23199593785634331,,2026-06-25
URBN,71.37,0.0,6111775744.0,85635083.0,30.497,Consumer Cyclical,"Urban Outfitters, Inc.",6.11384,0.08106198395770914,forecast_icc,0.08232593119055653,0.42730840195091424,2026-06-25
URG,1.3,0.0,516531360.0,397331853.0,0.209,Energy,Ur Energy Inc,0.0625,0.04,forecast_icc,0.04594704470625291,0.1607692459892464,2026-06-25
URGN,34.38,0.0,1675052160.0,48721701.0,-2.551,Healthcare,UroGen Pharma Ltd.,1.22875,0.04,forecast_icc,0.03720986904472019,,2026-06-25
URI,1139.51,7.88,71386374144.0,62646557.0,142.961,Industrials,"United Rentals, Inc.",47.12959,0.14254038704771244,forecast_icc,0.06636535947973454,0.12545831809878735,2026-06-25
UROY,2.73,0.0,400197568.0,146592507.0,1.8665245,Energy,Uranium Royalty Corp.,0.03,0.01,forecast_icc,0.012405769579491355,0.6837085672442705,2026-06-25
USA,5.71,0.68,1721859712.0,301551615.0,6.837,Financial Services,Liberty All-Star Equity Fund,0.01,0.01,forecast_icc,0.010000000000000002,1.1973730364828932,2026-06-25
USAC,26.39,2.1,3825820160.0,144972358.0,2.184,Energy,"USA Compression Partners, LP",1.32148,0.3529300481278568,forecast_icc,0.16447506630495912,0.08275862864186487,2026-06-25
USAR,20.66,0.0,5054659584.0,244659227.0,3.327,Basic Materials,"USA Rare Earth, Inc.",0.03333,0.04,forecast_icc,0.010000000000000002,0.16103581946558243,2026-06-25
USAS,4.79,0.0,1616829952.0,337542787.0,0.692,Basic Materials,Americas Gold and Silver Corpor,0.215,0.75,forecast_icc,0.20202645928941132,0.1444676407157504,2026-06-25
USB,61.21,2.08,95348760576.0,1557731728.0,37.537,Financial Services,U.S. Bancorp,5.10398,0.10849768220094913,forecast_icc,0.10430166906802218,0.6132494593606074,2026-06-25
USCB,19.89,0.5,363268960.0,18263900.0,12.228,Financial Services,"USCB Financial Holdings, Inc.",2.01,0.09353233830845786,forecast_icc,0.1059647283618318,0.6147813157501814,2026-06-25
USEA,2.65,0.4,25276070.0,9538139.0,6.213,Industrials,United Maritime Corporation,0.09,0.01,forecast_icc,0.035750661562734196,2.3445281488380116,2026-06-25
USEG,0.9854,0.0,51556552.0,52320429.0,0.703,,U.S. Energy Corp.,0.06,0.04,forecast_icc,0.05457290902789291,0.7134158542448688,2026-06-25
USFD,96.22,0.0,21189728256.0,220221656.0,19.533,Consumer Defensive,US Foods Holding Corp.,4.69273,0.16886545784649876,forecast_icc,0.07685823142251103,0.20300352862854576,2026-06-25
USIO,2.15,0.0,59331388.0,27595994.0,0.656,Technology,"Usio, Inc.",0.02,0.04,forecast_icc,0.013666707025149803,0.3051162744414474,2026-06-25
USLM,107.15,0.24,3073282304.0,28682056.0,22.053,Basic Materials,"United States Lime & Minerals, ",5.14,0.13618677042801552,forecast_icc,0.06954682880068253,0.2058142788069755,2026-06-25
USNA,19.68,0.0,363352096.0,18463011.0,29.45,Consumer Defensive,"USANA Health Sciences, Inc.",2.12,0.30660377358490565,forecast_icc,0.16369483406606522,1.4964429266702233,2026-06-25
USPH,66.32,1.82,1009310080.0,15218789.0,31.505,Healthcare,"U.S. Physical Therapy, Inc.",2.92528,0.16674984958704808,forecast_icc,0.08523909124754225,0.4750452382730588,2026-06-25
UTF,27.54,1.92,3079250176.0,111810099.0,25.602,Financial Services,Cohen & Steers Infrastructure F,3.96,0.04,trailing_eps_fallback_icc,0.1256335495770794,0.9296296146734393,2026-06-25
UTG,41.34,2.52,3779639808.0,91428150.0,38.853,Financial Services,53270,8.57,0.01,trailing_eps_fallback_icc,0.12668020907073496,0.9398403266976069,2026-06-25
UTHR,543.39,0.0,23065131008.0,42446733.0,139.982,Healthcare,United Therapeutics Corporation,27.31271,0.15772070951582617,forecast_icc,0.0757612628221721,0.2576087071322131,2026-06-25
UTI,40.02,0.0,2203556352.0,55061381.0,6.173,Consumer Defensive,Universal Technical Institute I,0.772,0.09844559585492219,forecast_icc,0.031787909513711576,0.15424788415531293,2026-06-25
UTL,52.42,1.85,943078336.0,17990811.0,34.008,Utilities,UNITIL Corporation,3.31,0.06042296072507547,forecast_icc,0.07454773649604174,0.6487599991778414,2026-06-25
UTMD,66.87,1.24,212915760.0,3184025.0,37.432,Healthcare,"Utah Medical Products, Inc.",3.38,0.01,trailing_eps_fallback_icc,0.042736266138028944,0.5597726715955644,2026-06-25
UTZ,7.22,0.25,639237568.0,88537061.0,8.023,Consumer Defensive,Utz Brands Inc,0.77661,0.07770953245515777,forecast_icc,0.10816306704667189,1.111218858155408,2026-06-25
UUUU,14.42,0.0,3603082240.0,249867000.0,2.959,Energy,Energy Fuels Inc,0.195,0.04,forecast_icc,0.01849940452342482,0.20520110387488685,2026-06-25
UVE,39.47,0.64,1101651840.0,27911118.0,19.674,Financial Services,UNIVERSAL INSURANCE HOLDINGS IN,4.75,0.01,forecast_icc,0.07752243293510203,0.4984545167482314,2026-06-25
UVSP,43.48,0.92,1210735488.0,27845802.0,33.502,Financial Services,Univest Financial Corporation,3.62667,0.03768195065997193,forecast_icc,0.0740193498198676,0.7705151685485245,2026-06-25
UVV,53.17,3.32,1325182208.0,24923496.0,59.5,Consumer Defensive,Universal Corporation,4.3,0.018604651162790642,forecast_icc,0.08003307488522726,1.1190521598068421,2026-06-25
UWMC,2.12,0.4,3425300992.0,339225520.0,0.734,Financial Services,UWM Holdings Corporation,0.40232,0.27721714058460933,forecast_icc,0.35283573519313494,0.07269186919968054,2026-06-25
UXIN,1.62,0.0,356368000.0,219844228.0,-0.13821168,Consumer Cyclical,Uxin Limited,0.05213086,0.04,forecast_icc,0.0347283814185331,,2026-06-25
V,330.52,2.68,628564295680.0,1659709932.0,18.642,Financial Services,Visa Inc.,13.14344,0.13088734760458443,forecast_icc,0.06259541290616946,0.04922378309584356,2026-06-25
VABK,45.49,1.44,246670128.0,5422513.0,34.393,Financial Services,Virginia National Bankshares Co,3.69,0.169,trailing_eps_fallback_icc,0.1214383598092813,0.7560562404581068,2026-06-25
VAC,98.73,3.2,3390690816.0,34343064.0,58.016,Consumer Cyclical,Marriott Vacations Worldwide Co,7.51254,0.12464758923080588,forecast_icc,0.10375750661030489,0.5876227910908406,2026-06-25
VAL,77.33,0.0,5355239936.0,69251780.0,45.803,Energy,Valaris Limited,3.50266,0.75,forecast_icc,0.20282209677224505,0.5923057262134968,2026-06-25
VALE,15.12,1.26,64371994624.0,4257407053.0,8.694283,Basic Materials,VALE S.A.,2.13875,0.01,forecast_icc,0.11298114483489341,0.5750187170862895,2026-06-25
VALN,5.21,0.0,494030208.0,94823458.0,0.9978236,Healthcare,Valneva SE,1.04,0.04,forecast_icc,0.11768811303808768,0.19152084770089364,2026-06-25
VALU,36.39,1.4,341601600.0,9387238.0,11.479,Financial Services,"Value Line, Inc.",2.34,0.148,trailing_eps_fallback_icc,0.10529947167919829,0.31544379476559825,2026-06-25
VBF,15.05,0.8,171947584.0,11425089.0,16.414,Financial Services,Invesco Bond Fund,1.02,0.75,trailing_eps_fallback_icc,0.31768920526099287,1.0906312638042068,2026-06-25
VBNK,19.04,0.07,613006080.0,32195697.0,12.288409,Financial Services,VersaBank,1.26733,0.4965873134858323,forecast_icc,0.17931503150843164,0.6453996227510059,2026-06-25
VC,111.5,1.5,2976383232.0,26694021.0,58.277,Consumer Cyclical,Visteon Corporation,8.517,0.14903721967829053,forecast_icc,0.10191953568556522,0.5226636963586415,2026-06-25
VCEL,42.9,0.0,2190827008.0,51068228.0,6.984,Healthcare,Vericel Corporation,0.452,0.75,forecast_icc,0.09972621702055451,0.16279720080573334,2026-06-25
VCIG,3.77,0.0,23970950.0,6358342.0,7068.588,Industrials,VCI Global Limited,725.02,0.01,trailing_eps_fallback_icc,0.4,1874.9569775539142,2026-06-25
VCTR,82.13,2.0,5135679488.0,62531106.0,37.728,Financial Services,"Victory Capital Holdings, Inc. ",7.18097,0.07964244384811514,forecast_icc,0.09260893537131698,0.45936931474801573,2026-06-25
VCV,10.64,0.78,522581504.0,49114802.0,9.781,Financial Services,Invesco California Value Munici,0.26,0.75,trailing_eps_fallback_icc,0.19658143697272024,0.9192668984358084,2026-06-25
VCYT,58.55,0.0,4671859712.0,79792647.0,16.502,Healthcare,"Veracyte, Inc.",1.821,0.04393190554640314,forecast_icc,0.03462903358106577,0.28184456339985237,2026-06-25
VECO,75.45,0.0,4604976128.0,61033485.0,14.479,Technology,Veeco Instruments Inc.,1.62011,0.75,forecast_icc,0.1441716659895954,0.191901934939846,2026-06-25
VEEV,158.08,0.0,25679036416.0,162443291.0,44.052,Healthcare,Veeva Systems Inc.,9.06251,0.10728043334572868,forecast_icc,0.06987521023928023,0.27866901776241476,2026-06-25
VEL,17.75,0.0,696781248.0,39255281.0,17.26,Financial Services,"Velocity Financial, Inc.",2.71,0.10701107011070121,forecast_icc,0.12625938508253232,0.9723943518927767,2026-06-25
VENU,3.05,0.0,176481472.0,57481545.0,2.777,Consumer Cyclical,Venu Holding Corporation,1.88,0.04,forecast_icc,0.21781800841978216,0.9044929683326758,2026-06-25
VEON,51.47,0.0,3563853312.0,69241367.0,21.201,Communication Services,VEON Ltd.,6.89242,0.2051427510221373,forecast_icc,0.14981815847187152,0.41190983277119797,2026-06-25
VERX,10.84,0.0,1754095488.0,79661290.0,1.549,Technology,"Vertex, Inc.",0.80183,0.2810446104535873,forecast_icc,0.12871108457088665,0.07034699026031586,2026-06-25
VET,9.42,0.39,1443144064.0,153200000.0,10.447673,Energy,Vermilion Energy Inc.,0.41,0.75,forecast_icc,0.2656767657641227,1.109094749115775,2026-06-25
VFC,16.96,0.36,6654205440.0,392347053.0,9.454,Consumer Cyclical,V.F. Corporation,1.12385,0.2334920140588157,forecast_icc,0.12218928008088403,0.5574292937763581,2026-06-25
VFF,1.84,0.0,224132480.0,121811130.0,2.592,Consumer Defensive,"Village Farms International, In",0.2,0.25,forecast_icc,0.14772908543689345,1.408695647145831,2026-06-25
VFL,10.34,0.6,126954552.0,12278003.0,11.309,Financial Services,3404,0.24,0.04,trailing_eps_fallback_icc,0.03202661527774149,1.093713724632733,2026-06-25
VG,10.83,0.07,26905597952.0,515753572.0,2.913,Energy,"Venture Global, Inc.",1.50498,0.01,forecast_icc,0.0819504507190717,0.05583931484876444,2026-06-25
VGI,7.37,0.96,83377504.0,11313094.0,,Financial Services,Virtus Global Multi-Sector Inco,0.74,0.04,trailing_eps_fallback_icc,0.12130088477801981,,2026-06-25
VGM,10.5,0.78,569435648.0,54231968.0,10.0,Financial Services,Invesco Trust for Investment Gr,0.31,0.75,trailing_eps_fallback_icc,0.21831028382942563,0.9523809791409477,2026-06-25
VGNT,42.31,0.0,2999511040.0,70893660.0,-0.677,Consumer Cyclical,Versigent PLC,6.92795,0.10076573878275674,forecast_icc,0.1289304397932386,,2026-06-25
VHC,11.79,0.0,49351196.0,4185852.0,5.348,Technology,VirnetX Holding Corp,1.83,0.04,forecast_icc,0.10123783258460628,0.45360474133190204,2026-06-25
VHI,13.26,0.32,375288384.0,28302293.0,35.902,Basic Materials,"Valhi, Inc.",3.24,0.01,forecast_icc,0.12315778349459106,2.707541630934146,2026-06-25
VIA,15.37,0.0,1308633344.0,77449688.0,7.738,Technology,"Via Transportation, Inc.",0.56761,0.04,forecast_icc,0.038007476496878634,0.4579630256953013,2026-06-25
VIAV,50.44,0.0,12442823680.0,246685647.0,3.619,Technology,Viavi Solutions Inc.,0.93715,0.3661420263565065,forecast_icc,0.06935961543556302,0.07174861425770843,2026-06-25
VICI,26.53,1.8,28566978560.0,1076780187.0,26.369,Real Estate,VICI Properties Inc.,2.895,0.013816925734024155,forecast_icc,0.0943036678764767,0.9939313914969031,2026-06-25
VICR,331.59,0.0,15114339328.0,33863689.0,16.549,Technology,Vicor Corporation,3.07,0.75,forecast_icc,0.09276246966842361,0.03707804734956656,2026-06-25
VIK,102.9,0.0,45909569536.0,318386000.0,2.33,Consumer Cyclical,Viking Holdings Ltd,3.29595,0.3180175670140628,forecast_icc,0.08699513035108108,0.016158709120944522,2026-06-25
VINP,9.61,0.64,629614720.0,51050387.0,6.0457635,Financial Services,Vinci Compass Investments Ltd.,5.03524,0.2270537253437772,forecast_icc,0.334981073451582,0.4902022722490899,2026-06-25
VIOT,0.81,0.0,54530600.0,33066880.0,3.349325,Consumer Cyclical,"Viomi Technology Co., Ltd",0.12,0.41666666666666674,forecast_icc,0.22552688287315503,2.031001453422482,2026-06-25
VIPS,12.92,0.62,6205095424.0,402468750.0,12.571719,Consumer Cyclical,Vipshop Holdings Limited,17.31761,0.06238851666020895,forecast_icc,0.36018442632704273,0.8154143789169309,2026-06-25
VIRC,6.67,0.1,104916056.0,15729543.0,6.511,Consumer Cyclical,Virco Manufacturing Corporation,0.01,0.75,forecast_icc,0.029923755921687376,0.9761618800558038,2026-06-25
VIRT,61.05,0.96,13136622592.0,87024431.0,19.937,Financial Services,"Virtu Financial, Inc.",6.43023,0.01,forecast_icc,0.0708346480734573,0.13207398390995811,2026-06-25
VISN,12.62,0.0,2846688768.0,225569631.0,20.374,Technology,"Vistance Networks, Inc.",1.21748,0.07099089923448432,forecast_icc,0.0854436454835702,1.6144215390370344,2026-06-25
VIST,65.03,0.0,7247098880.0,111442402.0,24.081,Energy,Vista Energy S.A.B. de C.V.,191.78471,0.01,forecast_icc,0.4,0.37030603928533673,2026-06-25
VITL,10.68,0.0,457621536.0,42848454.0,7.841,Consumer Defensive,"Vital Farms, Inc.",0.49667,0.04,forecast_icc,0.04482357353988646,0.7341759541098171,2026-06-25
VIV,13.37,0.94,21362628608.0,1597803176.0,8.467613,Communication Services,Telefonica Brasil S.A.,4.36925,0.22337929850660876,forecast_icc,0.2809107361929636,0.6333293150765283,2026-06-25
VIVS,1.07,0.0,3097135.0,2894519.0,1.703,Healthcare,"VivoSim Labs, Inc.",1.76,0.04,trailing_eps_fallback_icc,0.3550981707128359,1.5915889546306505,2026-06-25
VKI,9.34,0.67,414922720.0,44424272.0,9.157,Financial Services,9268,0.25,0.75,trailing_eps_fallback_icc,0.2068132571667537,0.9804068061252467,2026-06-25
VKQ,9.96,0.75,551141696.0,55335514.0,9.715,Financial Services,Invesco Municipal Trust,0.3,0.75,trailing_eps_fallback_icc,0.2207205116531853,0.9754016479094334,2026-06-25
VLGEA,41.7,1.0,617555776.0,10684446.0,34.765,Consumer Defensive,"Village Super Market, Inc.",3.67,0.01,trailing_eps_fallback_icc,0.06519454298129987,0.601475655520385,2026-06-25
VLO,255.06,4.8,75735670784.0,296932782.0,80.388,Energy,Valero Energy Corporation,29.28236,0.01,forecast_icc,0.07599044421168111,0.3151729196073717,2026-06-25
VLT,10.37,1.1,67521592.0,6511243.0,11.225,Financial Services,Invesco High Income Trust II,0.71,0.01,trailing_eps_fallback_icc,0.07036188779145058,1.0824493396867776,2026-06-25
VLTO,87.99,0.52,21610278912.0,245599266.0,12.235,Industrials,Veralto Corp,4.24962,0.09446021056000298,forecast_icc,0.06138528802266019,0.1390498952718931,2026-06-25
VLY,14.78,0.44,8190062592.0,554131478.0,13.39,Financial Services,Valley National Bancorp,1.28162,0.20334420499055894,forecast_icc,0.1355812657658303,0.9059540640956313,2026-06-25
VMC,312.97,2.08,40609386496.0,129754885.0,65.276,Basic Materials,Vulcan Materials Company (Holdi,9.2385,0.17274016344644694,forecast_icc,0.058623638437056536,0.2085695107483162,2026-06-25
VMD,11.69,0.0,448157184.0,38336802.0,3.723,Healthcare,"Viemed Healthcare, Inc.",0.455,0.34065934065934056,forecast_icc,0.10230325911650798,0.3184773533519882,2026-06-25
VMET,11.36,0.0,1233585152.0,108590241.0,3.462,Basic Materials,Versamet Royalties Corporation,0.31,0.75,trailing_eps_fallback_icc,0.16158190538074668,0.3047535176088112,2026-06-25
VMI,583.55,2.9,11328836608.0,19413651.0,83.582,Industrials,"Valmont Industries, Inc.",22.83531,0.12454089740844343,forecast_icc,0.059320903566197875,0.14323022160423413,2026-06-25
VMO,9.88,0.75,666313984.0,67440684.0,10.234,Financial Services,,0.28,0.75,trailing_eps_fallback_icc,0.21344915669715314,1.0358299189710538,2026-06-25
VNCE,7.87,0.0,101108200.0,12847294.0,3.9,Consumer Cyclical,Vince Holding Corp.,0.61,0.180327868852459,forecast_icc,0.10493503274306881,0.49555275041984725,2026-06-25
VNDA,5.85,0.0,351793024.0,60135562.0,5.536,Healthcare,Vanda Pharmaceuticals Inc.,0.2,0.04,forecast_icc,0.03614598106309719,0.9463248231778467,2026-06-25
VNET,7.7,0.0,2192125696.0,279561356.0,2.2780004,Technology,"VNET Group, Inc.",0.20002541,0.04,forecast_icc,0.030019951075316326,0.2905129399991041,2026-06-25
VNO,38.08,0.74,7798480384.0,188097756.0,25.708,Real Estate,Vornado Realty Trust,0.25,0.04,forecast_icc,0.010716150193067531,0.6200717156600339,2026-06-25
VNOM,43.55,2.31,15634220032.0,194215015.0,26.319,Energy,"Viper Energy, Inc.",2.67698,0.01,forecast_icc,0.060051514836563985,0.3269459537682551,2026-06-25
VNT,30.37,0.1,4276096000.0,140800000.0,8.933,Technology,Vontier Corporation,3.39529,0.09117630600037097,forecast_icc,0.10178808962283584,0.29413895291405995,2026-06-25
VNTG,0.77,0.0,24437874.0,11371120.0,0.394,Industrials,Vantage Corp,0.02,0.04,trailing_eps_fallback_icc,0.030017297485476283,0.18333105735793548,2026-06-25
VOD,13.86,0.55,31915063296.0,2302674128.0,12.640343,Communication Services,Vodafone Group Plc,1.054,0.3320683111954459,forecast_icc,0.17526910180268673,0.9120016628259018,2026-06-25
VOXR,4.8,0.06,330728384.0,68901746.0,1.938,Basic Materials,Vox Royalty Corp.,0.21,0.2857142857142858,forecast_icc,0.10547694011749564,0.40374999609347106,2026-06-25
VOYA,89.5,1.86,8114634752.0,90666315.0,50.407,Financial Services,"Voya Financial, Inc.",9.4896,0.1630563985837128,forecast_icc,0.13052146831400135,0.5632067344840859,2026-06-25
VPG,134.02,0.0,1782600064.0,12278113.0,25.165,Technology,"Vishay Precision Group, Inc.",1.00667,0.75,forecast_icc,0.08218669257996869,0.17333036157963472,2026-06-25
VPV,11.1,0.8,198464720.0,17879703.0,11.06,Financial Services,Invesco Pennsylvania Value Muni,0.28,0.75,trailing_eps_fallback_icc,0.20010340273926597,0.9963963125536872,2026-06-25
VREX,10.29,0.0,433687328.0,42146485.0,11.377,Healthcare,Varex Imaging Corporation,0.778,0.3676092544987146,forecast_icc,0.15291032084598982,1.1056365470862917,2026-06-25
VRME,0.61,0.0,8002630.0,13119065.0,0.791,Industrials,"VerifyMe, Inc.",0.04,0.04,forecast_icc,0.0575199933929543,1.2967212547624969,2026-06-25
VRNS,38.56,0.0,4528784384.0,114814150.0,3.95,Technology,"Varonis Systems, Inc.",0.11874,0.75,forecast_icc,0.04618950275094724,0.1001407561159794,2026-06-25
VRRM,4.19,0.0,636488896.0,151906653.0,1.908,Technology,Verra Mobility Corporation,1.22731,0.01,forecast_icc,0.12771682571664533,0.4553699141422256,2026-06-25
VRSK,177.04,2.0,23196104704.0,131021840.0,2.233,Industrials,"Verisk Analytics, Inc.",7.66633,0.13223537207503444,forecast_icc,0.06784657178818343,0.012612969826332442,2026-06-25
VRSN,250.85,3.24,22827350016.0,91000000.0,-24.296,Technology,"VeriSign, Inc.",9.47795,0.09270042572497217,forecast_icc,0.05382542547122078,,2026-06-25
VRT,325.57,0.25,125054304256.0,384108816.0,10.303,Industrials,"Vertiv Holdings, LLC",6.4906,0.3636859458293531,forecast_icc,0.07267703998107566,0.031646036934055585,2026-06-25
VRTS,135.69,9.6,906697152.0,6682122.0,139.51,Financial Services,"Virtus Investment Partners, Inc",24.38875,0.0329250166572701,forecast_icc,0.1366594107162319,1.028152386013009,2026-06-25
VRTX,480.18,0.0,121872285696.0,253805417.0,76.179,Healthcare,Vertex Pharmaceuticals Incorpor,19.14589,0.12146105508806326,forecast_icc,0.05758015430759189,0.1586467567357489,2026-06-25
VSAT,60.0,0.0,8194137600.0,136568953.0,34.127,Technology,"ViaSat, Inc.",0.3,0.34443333333333337,forecast_icc,0.026780466059143193,0.5687833041796857,2026-06-25
VSEC,223.69,0.4,6276104192.0,28057152.0,61.493,Industrials,VSE Corporation,4.36461,0.3138974616288741,forecast_icc,0.064236891144449,0.2749027733056475,2026-06-25
VSH,59.91,0.4,8154099712.0,124008679.0,15.252,Technology,"Vishay Intertechnology, Inc.",0.75391,0.75,forecast_icc,0.12191951936431883,0.23195453071594718,2026-06-25
VSNT,35.85,1.5,5072703488.0,141120240.0,71.389,Communication Services,"Versant Media Group, Inc.",4.2435,0.7055920820077766,forecast_icc,0.33780038386108335,1.9860086120137126,2026-06-25
VST,167.77,0.92,56569102336.0,337182468.0,9.232,Utilities,Vistra Corp.,9.95019,0.1335562436496187,forecast_icc,0.08036298044659851,0.05502771682829059,2026-06-25
VSTS,13.74,0.14,1815123712.0,132105082.0,6.565,Industrials,Vestis Corporation,0.4851,0.37590187590187596,forecast_icc,0.11229456864026266,0.4778020680333661,2026-06-25
VSXY,83.0,0.0,6597812736.0,79491720.0,,Consumer Cyclical,Victorias Secret & Co.,4.59443,0.1784813350078247,forecast_icc,0.08549755714948681,,2026-06-25
VTEX,3.68,0.0,627388928.0,90129389.0,1.35,Technology,VTEX,0.19676,0.41278715186013426,forecast_icc,0.13876897667120602,0.19393819323187036,2026-06-25
VTMX,33.53,0.83,3111201536.0,92788599.0,3.403,Real Estate,"Corporacion Inmobiliaria Vesta,",2.07257,0.03319067631008865,forecast_icc,0.06046044320980204,0.10149120805686052,2026-06-25
VTN,11.38,0.82,166787984.0,14656237.0,11.151,Financial Services,Invesco Trust for Investment Gr,0.3,0.75,trailing_eps_fallback_icc,0.20507299697744596,0.9798769363805009,2026-06-25
VTOL,41.39,0.5,1225384576.0,29605814.0,35.769,Energy,"Bristow Group, Inc.",3.90667,0.3464152334341011,forecast_icc,0.1734258878116045,0.8641942959840225,2026-06-25
VTR,87.43,2.0,42505818112.0,486169723.0,27.001,Real Estate,"Ventas, Inc.",0.535,0.5825607476635515,forecast_icc,0.06074358736017926,0.3088299266734274,2026-06-25
VTRS,16.07,0.48,18714361856.0,1164552654.0,12.588,Healthcare,Viatris Inc.,2.46432,0.08132060771328398,forecast_icc,0.12992938305438495,0.7833229324809737,2026-06-25
VTS,15.58,2.0,649879552.0,41712424.0,14.02,Energy,"Vitesse Energy, Inc.",0.21,0.75,forecast_icc,0.13922379651175532,0.899871649569919,2026-06-25
VTSI,3.13,0.0,35390552.0,11306885.0,4.033,Technology,"VirTra, Inc.",0.43,0.04,forecast_icc,0.09390052137907479,1.2884983315603555,2026-06-25
VVR,2.99,0.35,460235808.0,153925029.0,3.727,Financial Services,Invesco Senior Income Trust  (D,0.09,0.04,trailing_eps_fallback_icc,0.03949130374986953,1.2464883720716489,2026-06-25
VVV,39.72,0.0,5065733120.0,127536079.0,2.769,Consumer Cyclical,Valvoline Inc.,1.74868,0.18005581352791822,forecast_icc,0.07443550893008599,0.06971299008168041,2026-06-25
VVX,72.14,0.0,2258738176.0,31310484.0,35.245,Industrials,"V2X, Inc.",6.06747,0.11864253140106173,forecast_icc,0.09246224541693249,0.4885639337509475,2026-06-25
VYX,7.51,0.0,1034931840.0,137807175.0,6.7,Technology,NCR Voyix Corporation,0.905,0.0791933701657459,forecast_icc,0.10091045770677706,0.8921438464005513,2026-06-25
VZ,46.07,2.83,192368001024.0,4175558910.0,24.741,Communication Services,Verizon Communications Inc.,4.95567,0.06260505643031133,forecast_icc,0.11491572929917904,0.5370305999043015,2026-06-25
W,93.52,0.0,12344311808.0,111018505.0,-21.593,Consumer Cyclical,Wayfair Inc.,2.7869,0.33703039219204123,forecast_icc,0.08692798751674269,,2026-06-25
WAB,282.45,1.24,47925366784.0,169677346.0,65.35,Industrials,Westinghouse Air Brake Technolo,10.61696,0.14485219874615707,forecast_icc,0.06178193342926053,0.23136838182325384,2026-06-25
WABC,58.94,1.86,1384380032.0,23487955.0,37.353,Financial Services,Westamerica Bancorporation,4.445,0.01,forecast_icc,0.06100304676320356,0.633746198901401,2026-06-25
WAFD,38.01,1.08,2808500992.0,73888480.0,36.304,Financial Services,"WaFd, Inc.",3.235,0.05332302936630606,forecast_icc,0.08353969107937342,0.9551171196168123,2026-06-25
WAFDP,16.64,1.22,,,36.304,Financial Services,"WaFd, Inc. - Depositary Shares",2.738,0.264,trailing_eps_fallback_icc,0.23655201809015491,,2026-06-25
WAL,81.48,1.68,8896423936.0,109185360.0,68.061,Financial Services,Western Alliance Bancorporation,9.25664,0.2424659487675873,forecast_icc,0.16149131519488813,0.8353092029358976,2026-06-25
WASH,36.28,2.24,691699648.0,19065593.0,28.557,Financial Services,"Washington Trust Bancorp, Inc.",3.13159,0.09188942358354701,forecast_icc,0.11477856400787348,0.7871279693075686,2026-06-25
WAT,376.89,0.0,37005266944.0,98185855.0,155.777,Healthcare,Waters Corporation,14.50785,0.13441205967803627,forecast_icc,0.05886352884412449,0.41332218890573175,2026-06-25
WATT,23.99,0.0,131971408.0,5501101.0,5.68,Technology,Energous Corporation,0.81,0.04,forecast_icc,0.035850687096224784,0.23676532783525353,2026-06-25
WAY,18.96,0.0,3636772352.0,191812891.0,20.541,Healthcare,Waystar Holding Corp.,1.64192,0.12417779185343991,forecast_icc,0.09572488453059094,1.0833860942283693,2026-06-25
WB,7.21,0.61,1771299328.0,157850548.0,15.967,Communication Services,Weibo Corporation,1.42249,0.038165470407524715,forecast_icc,0.15305415869403005,1.4229100977313756,2026-06-25
WBD,26.98,0.0,67642548224.0,2507136702.0,12.995,Communication Services,"Warner Bros. Discovery, Inc. - ",0.038,0.04,forecast_icc,0.010000000000000002,0.4816530763240869,2026-06-25
WBI,30.36,0.1,1427407616.0,47016059.0,13.967,Energy,WaterBridge Infrastructure LLC,0.6125,0.75,forecast_icc,0.1453862761093795,0.4600460924351688,2026-06-25
WBS,75.52,1.6,12236240896.0,162026498.0,57.326,Financial Services,Webster Financial Corporation,6.56909,0.11661889241888912,forecast_icc,0.10318591395580456,0.759083700892513,2026-06-25
WBTN,11.04,0.0,1492991488.0,135234730.0,8.95,Communication Services,WEBTOON Entertainment Inc.,0.13,0.75,forecast_icc,0.10598112525145165,0.8106883684389766,2026-06-25
WCC,357.53,2.0,17413459968.0,48704892.0,103.407,Industrials,"WESCO International, Inc.",16.07773,0.17198261197320774,forecast_icc,0.0762428590357066,0.2892260800724976,2026-06-25
WCN,166.21,1.4,42230788096.0,254080912.0,32.257,Industrials,"Waste Connections, Inc.",5.50658,0.12353947459221537,forecast_icc,0.05397412240077937,0.19407376342948937,2026-06-25
WD,53.0,2.72,1819555712.0,34331241.0,51.964,Financial Services,"Walker & Dunlop, Inc",4.58,0.27292576419213965,forecast_icc,0.17403567215122273,0.9804528630580341,2026-06-25
WDAY,113.77,0.0,28098170880.0,201000000.0,30.12,Technology,"Workday, Inc.",10.73076,0.17794079822864362,forecast_icc,0.11657930780371661,0.21546313551353846,2026-06-25
WDC,675.39,0.6,232794882048.0,344682131.0,20.915,Technology,Western Digital Corporation,9.94013,0.75,forecast_icc,0.12080161712587156,0.030967290631323113,2026-06-25
WDFC,246.06,4.08,3310836224.0,13455402.0,19.968,Basic Materials,WD-40 Company,5.9875,0.07390396659707732,forecast_icc,0.03735312339642709,0.08115093860227136,2026-06-25
WDH,1.11,0.06,398825184.0,279111455.0,2.0680993,Financial Services,Waterdrop Inc.,1.13095,0.650532737963659,forecast_icc,0.4,1.4473263672022314,2026-06-25
WDI,13.42,1.78,696660608.0,51912116.0,,Financial Services,Western Asset Diversified Income Fund,1.38,0.04,trailing_eps_fallback_icc,0.12398843897485301,,2026-06-25
WDS,19.06,1.12,,,18.891,Energy,Woodside Energy Group Limited,1.42,0.01,trailing_eps_fallback_icc,0.07004295968502394,,2026-06-25
WEAV,5.45,0.0,433632672.0,79565635.0,1.049,Healthcare,"Weave Communications, Inc.",0.1675,0.4029850746268655,forecast_icc,0.1013870860709446,0.19247708142019335,2026-06-25
WEC,117.07,3.81,38132703232.0,325725678.0,41.829,Utilities,"WEC Energy Group, Inc.",5.59444,0.07495120155011059,forecast_icc,0.06592440385998943,0.357299069572084,2026-06-25
WELL,223.73,2.96,157934239744.0,705914450.0,60.487,Real Estate,Welltower Inc.,2.97,0.13131313131313127,forecast_icc,0.030956755588334023,0.27035712715850235,2026-06-25
WEN,7.33,0.56,1396223104.0,190480640.0,0.617,Consumer Cyclical,Wendy's Company (The),0.57288,0.11772098868873071,forecast_icc,0.1284230406450383,0.08417462405778954,2026-06-25
WENN,10.29,0.0,386067968.0,30015000.0,-0.371,Financial Services,Wen Acquisition Corp,0.33,0.04,trailing_eps_fallback_icc,0.03464965397583131,,2026-06-25
WERN,42.2,0.56,2529894912.0,59950115.0,22.764,Industrials,"Werner Enterprises, Inc.",0.97545,0.75,forecast_icc,0.17221756456482218,0.5394312670407078,2026-06-25
WES,42.78,3.72,17675438080.0,413170578.0,9.841,Energy,"Western Midstream Partners, LP",4.10074,0.01,forecast_icc,0.0939876764693276,0.23003739085249306,2026-06-25
WEST,9.73,0.0,949238912.0,97557962.0,-0.019,Consumer Defensive,Westrock Coffee Company,0.18,0.04,forecast_icc,0.023511037643842325,,2026-06-25
WETH,1.15,0.0,13721264.0,11931534.0,11.329,Technology,Wetouch Technology Inc.,0.71,0.524,trailing_eps_fallback_icc,0.4,9.851304419621984,2026-06-25
WEX,133.08,0.0,4613636608.0,34668143.0,36.726,Technology,WEX Inc.,19.30729,0.05152095400234846,forecast_icc,0.10190160108883017,0.27596933352103314,2026-06-25
WEYS,38.23,1.09,364416064.0,9532202.0,25.454,Consumer Cyclical,"Weyco Group, Inc.",1.45,0.123,forecast_icc,0.06764891907267068,0.6658122231077058,2026-06-25
WF,57.36,2.82,13914633216.0,242584261.0,29.345987,Financial Services,Woori Financial Group Inc.,13435.602,0.1643014581706126,forecast_icc,0.4,0.5116106518370055,2026-06-25
WFC,84.74,1.8,259320446976.0,3060189494.0,53.194,Financial Services,Wells Fargo & Company,6.99356,0.12644490073724968,forecast_icc,0.10332450771425497,0.6277319117797971,2026-06-25
WFCF,12.11,0.0,61025632.0,5039276.0,1.839,Industrials,"Where Food Comes From, Inc.",0.49,0.75,forecast_icc,0.1930945034620396,0.15185796951680894,2026-06-25
WFG,69.9,1.28,5473437184.0,76022344.0,72.002,Basic Materials,West Fraser Timber Co. Ltd,2.35196,0.04,forecast_icc,0.03947842745068089,1.0000591271402448,2026-06-25
WFRD,84.84,1.1,6102144512.0,71925332.0,24.451,Energy,Weatherford International plc,5.89469,0.2833719839380866,forecast_icc,0.13370241871241684,0.2882013510616774,2026-06-25
WGO,30.88,1.4,872847488.0,28265787.0,43.798,Consumer Cyclical,"Winnebago Industries, Inc.",2.24385,0.29481917240457256,forecast_icc,0.16487564917121766,1.4183290392032382,2026-06-25
WGS,68.67,0.0,2038676864.0,29688027.0,10.538,Healthcare,GeneDx Holdings Corp.,0.11,0.75,forecast_icc,0.029578317791245888,0.1534585662154255,2026-06-25
WH,86.12,1.68,6446984704.0,74860482.0,5.96,Consumer Cyclical,"Wyndham Hotels & Resorts, Inc.",4.79723,0.11951271879813974,forecast_icc,0.0797464796215969,0.06920575946817074,2026-06-25
WHD,53.52,0.56,3715274496.0,69418430.0,17.802,Energy,"Cactus, Inc. Class A Common Sto",2.97026,0.16682377973645401,forecast_icc,0.08782347736932683,0.33262330742734975,2026-06-25
WHG,18.29,0.6,173535120.0,9487978.0,14.922,Financial Services,Westwood Holdings Group Inc,0.83,0.75,trailing_eps_fallback_icc,0.25434015238480423,0.8158556476406621,2026-06-25
WHR,37.74,4.45,2446424576.0,64823121.0,58.185,Consumer Cyclical,Whirlpool Corporation,2.94907,0.5966016405171801,forecast_icc,0.31099832821956885,1.5417329160222597,2026-06-25
WILC,31.8,0.93,442223904.0,13906412.0,45.579,Consumer Defensive,"G. Willi-Food International,  L",2.2,0.036,trailing_eps_fallback_icc,0.06774341811308571,1.4333018790137586,2026-06-25
WIMI,1.46,0.0,26842180.0,17379276.0,16.906137,Communication Services,WiMi Hologram Cloud Inc.,0.17,0.75,forecast_icc,0.2981726437976929,10.946071482152792,2026-06-25
WINA,428.89,4.08,1534427392.0,3577671.0,-12.916,Consumer Cyclical,Winmark Corporation,11.88,0.08417508417508412,forecast_icc,0.040534453557237504,,2026-06-25
WING,165.42,1.2,4504808448.0,27232553.0,-29.346,Consumer Cyclical,Wingstop Inc.,4.5592,0.22361379189331476,forecast_icc,0.06592238880144174,,2026-06-25
WIT,2.19,0.19,22976700416.0,10491644317.0,0.89487636,Technology,Wipro Limited,0.14681,0.07288331857502905,forecast_icc,0.097031812620681,0.4086193538160831,2026-06-25
WIX,41.72,0.0,1745961728.0,41849511.0,-2.448,Technology,Wix.com Ltd.,5.02495,0.47232111762306106,forecast_icc,0.22207546964290048,,2026-06-25
WK,46.31,0.0,2598886400.0,52549753.0,-0.097,Technology,Workiva Inc.,2.9107,0.20337032328993043,forecast_icc,0.09857343587821635,,2026-06-25
WKC,32.19,0.83,1653131904.0,51355451.0,23.418,Energy,World Kinect Corporation,2.79333,0.01,forecast_icc,0.06513946638719126,0.7274930382796604,2026-06-25
WKEY,7.36,0.0,83744536.0,8176574.0,5.487,Technology,WISeKey International Holding L,1.557,0.01,forecast_icc,0.10479006320604689,0.5357347915570277,2026-06-25
WLDN,78.93,0.0,1192680192.0,15110606.0,20.651,Industrials,"Willdan Group, Inc.",4.935,0.07396149949341435,forecast_icc,0.06515982441251011,0.2616368801956258,2026-06-25
WLFC,222.52,1.6,1772731392.0,7966616.0,89.666,Industrials,Willis Lease Finance Corporatio,14.18,0.2672778561354019,forecast_icc,0.11989188493396574,0.4029570376423954,2026-06-25
WLK,76.54,2.12,9806530560.0,128122944.0,68.735,Basic Materials,Westlake Corporation,3.95584,0.01,forecast_icc,0.04583336311997194,0.8980271363004859,2026-06-25
WLKP,22.53,1.89,794089728.0,35245879.0,14.217,Basic Materials,Westlake Chemical Partners LP,1.88303,0.01,forecast_icc,0.08584638922343812,0.6310252406929511,2026-06-25
WLTH,8.07,0.0,1205345024.0,149361216.0,4.08,Technology,Wealthfront Corporation,0.68,0.1691176470588236,forecast_icc,0.10692873974197578,0.5055762036148747,2026-06-25
WLY,45.56,1.42,2312641792.0,42001047.0,14.535,Communication Services,"John Wiley & Sons, Inc.",4.8,0.10416666666666674,forecast_icc,0.11511800264982652,0.26397742194957274,2026-06-25
WLYB,44.92,1.42,2280155136.0,8759308.0,14.535,Communication Services,"John Wiley & Sons, Inc.",4.16,0.75,trailing_eps_fallback_icc,0.3141989616204667,0.05583678924730848,2026-06-25
WM,223.08,3.54,89583517696.0,401575752.0,24.911,Industrials,"Waste Management, Inc.",8.20434,0.127137588154562,forecast_icc,0.06175768065511378,0.11166846106690309,2026-06-25
WMB,77.53,2.1,94819057664.0,1222998265.0,10.452,Energy,"Williams Companies, Inc. (The)",2.38226,0.07790081687137418,forecast_icc,0.048186049834048617,0.13481232761326253,2026-06-25
WMG,26.29,0.76,13713272832.0,146235215.0,1.415,Communication Services,Warner Music Group Corp.,1.8398,0.06452875312533957,forecast_icc,0.07809618759774051,0.015089237395039964,2026-06-25
WMK,78.01,1.36,1930326016.0,24744597.0,55.389,Consumer Defensive,"Weis Markets, Inc.",4.05,0.549,trailing_eps_fallback_icc,0.18803663556143346,0.7100243543694745,2026-06-25
WMS,155.26,0.8,11892249600.0,76595708.0,25.583,Industrials,"Advanced Drainage Systems, Inc.",6.42851,0.1461333963857876,forecast_icc,0.06646947284668447,0.16477521610074514,2026-06-25
WMT,115.78,0.99,921386352640.0,7958079155.0,11.848,Consumer Defensive,Walmart Inc.,2.90778,0.1304913026432537,forecast_icc,0.045679906705237694,0.10233201474960367,2026-06-25
WNC,13.94,0.32,566995072.0,40673967.0,9.085,Industrials,Wabash National Corporation,1.57,0.04,forecast_icc,0.09091259351493253,0.6517216964365433,2026-06-25
WNEB,14.06,0.28,282960384.0,20125203.0,12.35,Financial Services,"Western New England Bancorp, In",0.98667,0.12499619933716444,forecast_icc,0.09324083710705178,0.8783782858097902,2026-06-25
WOOF,2.57,0.0,733902656.0,247774472.0,4.136,Consumer Cyclical,Petco Health and Wellness Compa,0.22265,0.24769818100157193,forecast_icc,0.1306220380036373,1.3963639561920322,2026-06-25
WOR,55.94,0.8,2771635968.0,49252994.0,20.428,Industrials,"Worthington Enterprises, Inc.",3.768,0.08103237791932072,forecast_icc,0.07570385878013988,0.363013098779356,2026-06-25
WPC,73.35,3.76,16337912832.0,222739105.0,37.045,Real Estate,W. P. Carey Inc. REIT,3.01683,0.1477975225650765,forecast_icc,0.08453675394545529,0.5050443241785194,2026-06-25
WPM,113.08,0.78,51352465408.0,454125089.0,19.141,Basic Materials,Wheaton Precious Metals Corp,5.34053,0.056614231171812524,forecast_icc,0.051476215566860106,0.16926954255237847,2026-06-25
WPP,16.61,1.0,3582858752.0,215704907.0,3.118703,Communication Services,WPP plc,3.23282,0.02732598783724427,forecast_icc,0.1338085601594513,0.1877605529941977,2026-06-25
WRB,69.29,0.4,25795055616.0,372276732.0,26.132,Financial Services,W.R. Berkley Corporation,4.67336,0.030577571597309117,forecast_icc,0.057284948594296003,0.37713954586668025,2026-06-25
WRBY,27.5,0.0,3374668800.0,107094174.0,3.062,Healthcare,Warby Parker Inc.,0.47645,0.39368244306852773,forecast_icc,0.0706141276253793,0.09717171675869347,2026-06-25
WRLD,201.84,0.0,936602752.0,4640323.0,73.903,Financial Services,World Acceptance Corporation,10.99,0.2848043676069152,forecast_icc,0.10981919795501172,0.36614646917992405,2026-06-25
WRN,2.17,0.0,489624608.0,225633450.0,0.8752738,Basic Materials,Western Copper and Gold Corpora,0.01,0.04,trailing_eps_fallback_icc,0.010000000000000002,0.4033519638551541,2026-06-25
WSBC,38.545,1.52,3707279616.0,96180560.0,40.011,Financial Services,"WesBanco, Inc.",3.59,0.10341225626740957,forecast_icc,0.11159806124817584,1.0380334867517045,2026-06-25
WSBF,20.18,0.64,364311200.0,18053082.0,19.946,Financial Services,"Waterstone Financial, Inc.",1.01,0.75,forecast_icc,0.26012263509658295,0.9884043465366973,2026-06-25
WSBK,12.87,0.0,115324760.0,8960743.0,12.818,Financial Services,"Winchester Bancorp, Inc.",0.25,0.75,trailing_eps_fallback_icc,0.13726989498981534,0.9959596167726688,2026-06-25
WSC,29.07,0.28,5261515264.0,180994679.0,4.726,Industrials,WillScot Holdings Corporation,1.10631,0.23238513617340528,forecast_icc,0.08387027465071617,0.16257310110010165,2026-06-25
WSE,11.06,0.0,11062926336.0,1000264562.0,1.8474264,Technology,Wise Group plc,0.5,0.2424599999999999,forecast_icc,0.08946926908194797,0.16703674079523737,2026-06-25
WSFS,77.87,0.71,4052670208.0,52044046.0,51.274,Financial Services,WSFS Financial Corporation,6.26333,0.05987230434928392,forecast_icc,0.07578179287643583,0.658456345482134,2026-06-25
WSM,240.06,3.04,28266250240.0,117746611.0,17.534,Consumer Cyclical,"Williams-Sonoma, Inc.",9.38478,0.09236870763086635,forecast_icc,0.054933000644898144,0.07304007640717752,2026-06-25
WSO,412.19,13.2,16977396736.0,35534537.0,67.936,Industrials,"Watsco, Inc.",12.6725,0.08364568948510565,forecast_icc,0.05092286056421769,0.1421934318418228,2026-06-25
WSO-B,350.0,13.2,14230137856.0,5653741.0,67.936,Industrials,"Watsco, Inc.",12.18,0.01,trailing_eps_fallback_icc,0.0364828745606226,0.026991484725079534,2026-06-25
WSR,18.94,0.57,985411008.0,51393977.0,8.967,Real Estate,Whitestone REIT,0.39,0.14871794871794863,forecast_icc,0.047241269869430294,0.4676726645203054,2026-06-25
WST,346.56,0.88,24483629056.0,70647595.0,42.178,Healthcare,"West Pharmaceutical Services, I",8.61042,0.10993191969729699,forecast_icc,0.03984462705503537,0.12170476260257551,2026-06-25
WTBA,25.89,1.0,440857504.0,17028101.0,15.9,Financial Services,West Bancorporation,2.59,0.10038610038610041,forecast_icc,0.11430093499392269,0.6141367753604122,2026-06-25
WTFC,161.88,2.1,10918444032.0,67447756.0,102.034,Financial Services,Wintrust Financial Corporation,13.03601,0.06459721954800601,forecast_icc,0.07877152864130232,0.6303063252908746,2026-06-25
WTG,10.405,0.0,75993696.0,7303575.0,0.5,Financial Services,Wintergreen Acquisition Corp.,0.36,0.04,trailing_eps_fallback_icc,0.03643009358404123,0.048053821464348834,2026-06-25
WTI,3.19,0.04,474600864.0,148777698.0,-1.491,Energy,"W&T Offshore, Inc.",0.00796,0.01,forecast_icc,0.010000000000000002,,2026-06-25
WTM,2019.7,1.0,5002130432.0,2476670.0,2197.768,Financial Services,White Mountains Insurance Group,90.0,0.04,forecast_icc,0.04353500405376312,1.0881655619650985,2026-06-25
WTRG,37.93,1.37,10758199296.0,283632983.0,24.327,Utilities,"Essential Utilities, Inc.",2.24537,0.06324570115393002,forecast_icc,0.07293562778465945,0.641365658656878,2026-06-25
WTS,375.09,2.19,12524589056.0,27474600.0,60.814,Industrials,"Watts Water Technologies, Inc.",11.94449,0.08958607692752052,forecast_icc,0.044871886260607785,0.13340480210003947,2026-06-25
WTTR,19.18,0.28,2696229632.0,124353951.0,7.681,Energy,"Select Water Solutions, Inc.",0.49351,0.3269437296103421,forecast_icc,0.08835562036555233,0.3542586604251815,2026-06-25
WTW,257.69,3.84,24338298880.0,94447976.0,84.612,Financial Services,Willis Towers Watson Public Lim,19.50221,0.13774746554364858,forecast_icc,0.09877811121826252,0.32834801580479234,2026-06-25
WU,7.26,0.94,2268279040.0,312435104.0,3.034,Financial Services,Western Union Company (The),1.75155,0.09537266992092719,forecast_icc,0.22685340970073387,0.4179063020112375,2026-06-25
WULF,26.06,0.0,12913580032.0,495532645.0,0.334,Financial Services,TeraWulf Inc.,0.185,0.04,forecast_icc,0.010870824254537084,0.012816577821167291,2026-06-25
WW,16.28,0.0,162779824.0,9998760.0,31.833,Healthcare,"WW International, Inc.",11.2,0.04,trailing_eps_fallback_icc,0.23039855185452807,1.955343845807328,2026-06-25
WWD,436.44,1.28,26004342784.0,59582861.0,42.378,Industrials,"Woodward, Inc.",9.40443,0.14436387957590213,forecast_icc,0.04122424328072734,0.09709926162839187,2026-06-25
WWW,16.97,0.4,1391362560.0,81989541.0,5.07,Consumer Cyclical,"Wolverine World Wide, Inc.",1.55157,0.13248516019257917,forecast_icc,0.11246341865718879,0.2987625115268302,2026-06-25
WY,25.76,0.84,18574057472.0,721042609.0,13.091,Real Estate,Weyerhaeuser Company,0.32324,0.75,forecast_icc,0.13331853788640624,0.5081909975054372,2026-06-25
WYFI,36.82,0.0,1421775360.0,38614216.0,12.582,Technology,"WhiteFiber, Inc.",0.535,0.04,forecast_icc,0.019567324897546763,0.34171647602051564,2026-06-25
WYHG,3.95,0.0,49701792.0,12582732.0,3.7063942,Consumer Defensive,Wing Yip Food Holdings Group Li,0.64,0.01,trailing_eps_fallback_icc,0.08845557140234417,0.9383276342421296,2026-06-25
WYNN,99.38,1.0,10314324992.0,103786729.0,-2.688,Consumer Cyclical,"Wynn Resorts, Limited",4.72101,0.09902965678954301,forecast_icc,0.06332601565850751,,2026-06-25
XBIT,2.33,0.0,71036416.0,30487731.0,4.603,Healthcare,XBiotech Inc.,0.13,0.04,forecast_icc,0.05124840374136912,1.9755364036524588,2026-06-25
XBP,2.31,0.0,27184194.0,11768050.0,5.316,Technology,"XBP Global Holdings, Inc.",2.17,0.04,forecast_icc,0.26951991511811746,2.3012988282823468,2026-06-25
XEL,81.75,2.37,51034038272.0,624269560.0,37.859,Utilities,Xcel Energy Inc.,4.11196,0.1022602359945135,forecast_icc,0.07446553592353766,0.4631070178314107,2026-06-25
XERS,7.4,0.0,1277551232.0,172642055.0,0.082,Healthcare,"Xeris Biopharma Holdings, Inc.",0.1425,0.75,forecast_icc,0.13668103798866038,0.011081080864238875,2026-06-25
XHLD,1.21,0.0,5417706.0,4477443.0,1.076,Communication Services,"TEN Holdings, Inc.",1.65,0.04,forecast_icc,0.3240020695427034,0.889256203271274,2026-06-25
XHR,20.4,0.56,1994100736.0,92245835.0,12.308,Real Estate,"Xenia Hotels & Resorts, Inc.",0.445,0.2359550561797754,forecast_icc,0.0671556362273171,0.5693602718674289,2026-06-25
XIFR,11.57,0.0,1090736128.0,94272795.0,33.936,Utilities,"XPLR Infrastructure, LP",1.175,0.01,forecast_icc,0.064574947909675,2.933103148408778,2026-06-25
XMTR,92.53,0.0,5111899136.0,53770546.0,5.398,Industrials,"Xometry, Inc.",0.70962,0.75,forecast_icc,0.08320009276759818,0.05677995586100703,2026-06-25
XNET,5.03,0.0,320178560.0,63653784.0,21.852,Technology,Xunlei Limited,13.51,0.04,trailing_eps_fallback_icc,0.4,4.344333636730704,2026-06-25
XOM,137.55,4.12,570137509888.0,4144947162.0,62.069,Energy,Exxon Mobil Corporation,11.36124,0.01,forecast_icc,0.06431916417021488,0.4512467973712476,2026-06-25
XOMA,42.2,0.0,746042944.0,17678742.0,7.794,Healthcare,XOMA Royalty Corporation,0.78667,0.01,forecast_icc,0.019071833294289298,0.18469193530500036,2026-06-25
XP,15.78,0.2,8153169920.0,414924961.0,9.08312,Financial Services,XP Inc.,10.86391,0.12687236915622457,forecast_icc,0.28811192026952337,0.4622512775691445,2026-06-25
XPEL,47.9,0.0,1320171136.0,27560985.0,10.154,Consumer Cyclical,"XPEL, Inc.",2.01333,0.3625833817605659,forecast_icc,0.11157525548657243,0.21198330584467498,2026-06-25
XPER,7.7,0.0,371690208.0,48271456.0,8.485,Technology,Xperi Inc.,0.92675,0.4046398705152414,forecast_icc,0.20206711484908724,1.1019480614350754,2026-06-25
XPEV,12.19,0.0,11660610560.0,782217711.0,4.6544256,Consumer Cyclical,XPeng Inc.,0.5756361,0.04,forecast_icc,0.04533807793575152,0.3122284309314761,2026-06-25
XPO,203.02,0.0,23836575744.0,117409981.0,15.912,Industrials,"XPO, Inc.",4.92242,0.22315852771604217,forecast_icc,0.057012785818288836,0.07837651002125418,2026-06-25
XPOF,6.99,0.0,343246208.0,41877000.0,-7.632,Consumer Cyclical,"Xponential Fitness, Inc.",0.46585,0.6487925297842654,forecast_icc,0.21369537504261726,,2026-06-25
XPRO,13.96,0.0,1583009152.0,113396074.0,13.509,Energy,Expro Group Holdings N.V.,0.9436,0.23039423484527344,forecast_icc,0.10974698344088629,0.9676934348298702,2026-06-25
XRAY,10.78,0.64,2159521536.0,200326683.0,6.708,Healthcare,DENTSPLY SIRONA Inc.,1.41999,0.08888090761202538,forecast_icc,0.13768280930229093,0.622263481591878,2026-06-25
XRPN,10.4,0.0,410488000.0,23710000.0,-0.413,Financial Services,Armada Acquisition Corp. II,0.13,0.04,trailing_eps_fallback_icc,0.017383580658960604,,2026-06-25
XRTX,2.159,0.0,3736289.0,1730565.0,0.922,Healthcare,XORTX Therapeutics Inc.,0.8018253,0.04,forecast_icc,0.1668615818382807,0.42704965542012413,2026-06-25
XRX,3.22,0.1,421110336.0,130779611.0,2.286,Industrials,Xerox Holdings Corporation,0.92553,0.04,forecast_icc,0.15753053372100323,0.7099379074514096,2026-06-25
XTNT,0.4215,0.0,59120836.0,140262960.0,0.347,Healthcare,"Xtant Medical Holdings, Inc.",0.01,0.04,trailing_eps_fallback_icc,0.028167322088668817,0.8232503193967013,2026-06-25
XYF,4.78,0.56,184107312.0,22249506.0,29.539345,Financial Services,X Financial,0.37,0.01,forecast_icc,0.07952378075695654,3.5698518797209426,2026-06-25
XYL,117.0,1.72,27810138112.0,237693493.0,47.13,Industrials,Xylem Inc.,5.52994,0.10181846457646926,forecast_icc,0.06558960454972607,0.4028205210622868,2026-06-25
XYZ,74.08,0.0,44091006976.0,535195000.0,36.879,Technology,"Block, Inc.",3.89855,0.27893447563837825,forecast_icc,0.10637708391218059,0.4476526566005549,2026-06-25
XZO,14.71,0.0,1337410176.0,90918430.0,2.795,Financial Services,"Exzeo Group, Inc.",1.0,0.1499999999999999,forecast_icc,0.08933061602228926,0.19000678805213458,2026-06-25
YALA,5.07,0.0,769772992.0,127094974.0,5.463,Technology,Yalla Group Limited,0.9,0.01,forecast_icc,0.09381270576052911,0.9019799995295237,2026-06-25
YB,14.575,1.26,671618880.0,32391451.0,12.282778,Technology,Yuanbao Inc.,30.06452,0.112452818139122,forecast_icc,0.4,0.5923850766834875,2026-06-25
YCBD,0.703,0.0,7380037.0,10497919.0,0.884,Healthcare,"cbdMD, Inc.",2.46,0.04,trailing_eps_fallback_icc,0.4,1.257468004022202,2026-06-25
YDDL,2.08,0.0,116549328.0,45829373.0,0.77,Industrials,One and One Green Technologies.,0.2,0.25,forecast_icc,0.1386590385888754,0.3027783841876806,2026-06-25
YELP,22.92,0.0,1260386944.0,54990704.0,11.287,Communication Services,Yelp Inc.,1.88361,0.3801636219811957,forecast_icc,0.16267745892449792,0.4924520037300546,2026-06-25
YETI,50.01,0.0,3788673536.0,75758323.0,8.671,Consumer Cyclical,"YETI Holdings, Inc.",2.87831,0.14962252154910338,forecast_icc,0.08051705598150632,0.17338533196147093,2026-06-25
YEXT,4.15,0.0,416029664.0,100248116.0,1.297,Technology,"Yext, Inc.",0.68,0.01,forecast_icc,0.08910179918771483,0.31253013355316894,2026-06-25
YHC,0.9501,0.0,20300036.0,21366209.0,1.938,Consumer Defensive,LQR House Inc.,0.3,0.04,trailing_eps_fallback_icc,0.15272569160851857,2.0397852024498873,2026-06-25
YHNA,10.86,0.0,46544016.0,4285821.0,-0.511,Financial Services,YHN Acquisition I Limited,0.13,0.01,trailing_eps_fallback_icc,0.013330106345571163,,2026-06-25
YI,4.0,0.0,35187856.0,5196964.0,-11.7835455,Healthcare,"111, Inc.",0.14,0.04,forecast_icc,0.03670582847985526,,2026-06-25
YJ,1.5512,0.0,7640498.0,2550640.0,28.063757,Consumer Cyclical,Yunji Inc. - American Depositor,0.1,0.04,forecast_icc,0.05683224602464039,9.368570105571651,2026-06-25
YMM,7.54,0.17,7886042112.0,932510215.0,5.6773705,Technology,Full Truck Alliance Co. Ltd.,4.922,0.17662738724095894,forecast_icc,0.3127502616700849,0.6713387920581343,2026-06-25
YORW,30.34,0.91,491791360.0,16209339.0,16.757,Utilities,The York Water Company,1.6,0.09375,forecast_icc,0.07458458580443128,0.5523071686802307,2026-06-25
YOU,53.18,0.6,7108107264.0,100612468.0,1.807,Technology,"Clear Secure, Inc.",2.015,0.32258064516129026,forecast_icc,0.1051315857495333,0.025577375653401506,2026-06-25
YOUL,0.42,0.0,34026848.0,69855502.0,1.4246725,Consumer Defensive,Youlife Group Inc.,0.09,0.04,trailing_eps_fallback_icc,0.12266400614249673,2.924784942557565,2026-06-25
YPF,45.76,0.0,17943726080.0,392075056.0,28.833061,Energy,YPF Sociedad Anonima,5.21589,0.06888757239895771,forecast_icc,0.09402555748773678,0.6300098405328765,2026-06-25
YRD,1.1,0.44,96237312.0,87488461.0,15.630438,Financial Services,Yiren Digital Ltd.,0.42,0.04,forecast_icc,0.4,14.209488367421546,2026-06-25
YSG,3.12,0.0,292673056.0,63776824.0,4.651773,Consumer Defensive,Yatsen Holding Limited,1.56,0.75,forecast_icc,0.4,1.0136748218768454,2026-06-25
YSS,24.39,0.0,3163247616.0,129694458.0,17.356,Industrials,York Space Systems Inc.,0.53376,0.04,forecast_icc,0.026588259822972415,0.7116031643120032,2026-06-25
YSWY,19.61,0.0,1239249024.0,31185562.0,,Consumer Defensive,"Yesway, Inc.",1.51032,0.01,forecast_icc,0.052982349209738655,,2026-06-25
YSXT,1.05,0.0,29276624.0,26705175.0,1.316,Industrials,"YSX Tech. Co., Ltd",0.21,0.305,trailing_eps_fallback_icc,0.21854591728894646,1.2004119839773877,2026-06-25
YTRA,0.9423,0.0,58550104.0,62135307.0,0.87685436,Consumer Cyclical,"Yatra Online, Inc.",8.68,,forecast_icc,0.010000000000000002,0.9305468501454502,2026-06-25
YUM,151.14,3.0,41657389056.0,275621202.0,-26.444,Consumer Cyclical,"Yum! Brands, Inc.",6.72569,0.1048174982789869,forecast_icc,0.06587727984923164,,2026-06-25
YUMC,40.18,1.16,13876993024.0,345370662.0,15.195,Consumer Cyclical,"Yum China Holdings, Inc.",2.90771,0.122938669949892,forecast_icc,0.09864233665568312,0.3781732252811429,2026-06-25
YYAI,6.4,0.0,6742790.0,1053561.0,4.455,Technology,AiRWA Inc.,241.2,0.04,trailing_eps_fallback_icc,0.4,0.6960937912941082,2026-06-25
Z,29.41,0.0,6729061376.0,180224115.0,20.312,Communication Services,"Zillow Group, Inc.",2.30512,0.30899042132296795,forecast_icc,0.1401416597286912,0.5440152822704764,2026-06-25
ZBH,90.96,0.96,17597347840.0,193462482.0,65.529,Healthcare,"Zimmer Biomet Holdings, Inc.",8.47785,0.0603643612472502,forecast_icc,0.08389895421384616,0.7204155477430171,2026-06-25
ZBRA,243.39,0.0,11593491456.0,47633392.0,71.719,Technology,Zebra Technologies Corporation,18.54174,0.11663899936036204,forecast_icc,0.08647247110406642,0.2946669908554595,2026-06-25
ZD,48.55,0.0,1788358656.0,36835400.0,45.694,Communication Services,"Ziff Davis, Inc.",5.12348,0.08651541530366091,forecast_icc,0.09552813439628072,0.9411740547417353,2026-06-25
ZDGE,3.01,0.08,39336580.0,12543856.0,1.882,Communication Services,"Zedge, Inc.",0.31,0.01,forecast_icc,0.07322132460706979,0.6001420812892224,2026-06-25
ZEPP,4.62,0.0,67752208.0,8460126.0,12.234,Technology,Zepp Health Corporation,0.01,0.75,forecast_icc,0.036267548830672985,1.5276429291278595,2026-06-25
ZETA,17.88,0.0,4456726016.0,225619195.0,3.286,Technology,Zeta Global Holdings Corp.,0.91675,0.2563076083992366,forecast_icc,0.0995850538750539,0.16635186280430303,2026-06-25
ZG,29.14,0.0,6667284480.0,42360248.0,20.312,Communication Services,"Zillow Group, Inc.",2.31522,0.3154689403166868,forecast_icc,0.1428506698712767,0.12905124416950034,2026-06-25
ZGN,12.9,0.14,3460301568.0,268240430.0,4.4061465,Consumer Cyclical,Ermenegildo Zegna N.V.,0.41277,0.29188167744748883,forecast_icc,0.088973401660014,0.34156174211316453,2026-06-25
ZH,2.95,0.0,255706224.0,81602153.0,7.0276217,Communication Services,Zhihu Inc.,0.34897,0.75,forecast_icc,0.3000065498430585,2.2426871439371774,2026-06-25
ZIM,25.8,1.99,3109407232.0,120519666.0,33.378,Industrials,ZIM Integrated Shipping Service,7.89,0.01,forecast_icc,0.16260815397377743,1.2937209929754225,2026-06-25
ZION,69.33,1.8,10197876736.0,147091817.0,48.181,Financial Services,Zions Bancorporation N.A.,6.60768,0.024819603854908223,forecast_icc,0.07681968768589342,0.6949516079027257,2026-06-25
ZIP,3.97,0.0,323644544.0,68493064.0,-1.027,Communication Services,"ZipRecruiter, Inc.",0.4226,0.016848083293894867,forecast_icc,0.07023355983773405,,2026-06-25
ZJK,1.975,0.0,127036440.0,55322249.0,0.681,Industrials,"ZJK Industrial Co., Ltd.",0.28,0.3928571428571428,forecast_icc,0.21383291682040956,0.29656413206320964,2026-06-25
ZJYL,2.32,0.0,18159464.0,6827355.0,3.787,Healthcare,JIN MEDICAL INTERNATIONAL LTD.,0.2,0.01,trailing_eps_fallback_icc,0.05749335084430951,1.4237861527741127,2026-06-25
ZKH,2.57,0.0,409340512.0,129693749.0,2.664304,Consumer Cyclical,ZKH Group Limited,0.65499,0.75,forecast_icc,0.4,0.8441470221146741,2026-06-25
ZM,82.88,0.0,24303085568.0,264645644.0,33.189,Technology,"Zoom Communications, Inc.",6.07716,0.0364413640582113,forecast_icc,0.06103336101454668,0.3614077831450772,2026-06-25
ZOOZ,5.57,0.0,45123296.0,8101130.0,0.736,Consumer Cyclical,ZOOZ Strategy Ltd.,1.04,0.75,forecast_icc,0.35684669044600936,0.13213643967851993,2026-06-25
ZS,123.8,0.0,20019638272.0,161709525.0,14.635,Technology,"Zscaler, Inc.",4.12727,0.11397122068582877,forecast_icc,0.04934687129436818,0.11821486813200897,2026-06-25
ZTG,1.64,0.0,19366496.0,5441159.0,,Industrials,Zenta Group Company Limited,0.1,0.01,trailing_eps_fallback_icc,0.044517967463388625,,2026-06-25
ZTO,21.8,0.69,16605788160.0,555633419.0,12.358908,Industrials,ZTO Express (Cayman) Inc.,13.80517,0.11299534884394768,forecast_icc,0.2789086052229629,0.4135318505199124,2026-06-25
ZTS,77.82,2.12,32624332800.0,419228118.0,7.839,Healthcare,Zoetis Inc.,6.89611,0.07659100565391208,forecast_icc,0.09351601405299667,0.10073245749264795,2026-06-25
ZUMZ,18.2,0.0,307074336.0,16872215.0,21.233,Consumer Cyclical,Zumiez Inc.,0.86,0.7441860465116279,forecast_icc,0.20524201889058735,1.1666482642658877,2026-06-25
ZVRA,13.23,0.0,782092544.0,59115084.0,3.481,Healthcare,"Zevra Therapeutics, Inc.",1.22333,0.01,forecast_icc,0.06044524491286009,0.26311414036955705,2026-06-25
ZYME,23.77,0.0,1748852736.0,73023061.0,2.192,Healthcare,Zymeworks Inc.,1.26433,0.01,forecast_icc,0.04008973226848901,0.09152660279338695,2026-06-25
