ticker,price,dividend,mktcap,shares,bvps,sector,name,FE1,g2,icc_method,ICC,bm,date
MMM,158.23,3.12,82527584256.0,521567261.0,6.256,Industrials,3M Company,8.6933,0.08885003393417912,forecast_icc,0.0706910432566431,0.039537383945402176,2026-06-15
AOS,60.02,1.42,8272474112.0,111965465.0,13.625,Industrials,A.O. Smith Corporation,3.76959,0.10668534243777184,forecast_icc,0.08381602928606002,0.1844103033712824,2026-06-15
AAON,131.26,0.4,10751730688.0,81911710.0,11.413,Industrials,"AAON, Inc.",2.26,0.45663716814159305,forecast_icc,0.08316701313327746,0.08694956871207674,2026-06-15
ABT,88.67,2.52,154446561280.0,1741813154.0,29.889,Healthcare,Abbott Laboratories,5.48325,0.1050599553184699,forecast_icc,0.08474520261762308,0.33708133692613085,2026-06-15
ABBV,221.59,6.92,391503609856.0,1766792821.0,-3.767,Healthcare,AbbVie Inc.,14.25584,0.14027514337983593,forecast_icc,0.09889830181828463,,2026-06-15
ACHC,24.99,0.0,2298255872.0,91967027.0,21.576,Healthcare,"Acadia Healthcare Company, Inc.",1.50721,0.1604952196442433,forecast_icc,0.08561065369428633,0.863385404004311,2026-06-15
ACN,165.36,6.52,101768355840.0,613939268.0,50.762,Technology,Accenture plc,13.85417,0.07239408784503154,forecast_icc,0.09442429117176479,0.30623256969202894,2026-06-15
AYI,302.53,0.74,9171248128.0,30315168.0,93.756,Industrials,Acuity Inc.,19.51632,0.09025472015215974,forecast_icc,0.07182992674140054,0.30990644363122394,2026-06-15
ADBE,206.36,0.0,83410714624.0,404200000.0,28.652,Technology,Adobe Inc.,24.33014,0.12498325122666776,forecast_icc,0.11489226161637645,0.13884473298431285,2026-06-15
ADT,6.7,0.22,5095693824.0,705806827.0,4.767,Industrials,ADT Inc.,0.91384,0.05974787709008145,forecast_icc,0.11453382289523961,0.6602792986623915,2026-06-15
WMS,136.79,0.8,10477527040.0,76595708.0,25.583,Industrials,"Advanced Drainage Systems, Inc.",6.26119,0.16964187319024004,forecast_icc,0.076668675186637,0.18702390270939354,2026-06-15
AMD,547.26,0.0,892362489856.0,1630600639.0,39.547,Technology,"Advanced Micro Devices, Inc.",7.3672,0.75,forecast_icc,0.11384076087442663,0.0722636419656534,2026-06-15
ACM,69.59,1.19,8943909888.0,128522920.0,17.711,Industrials,AECOM,5.99369,0.12113072247647105,forecast_icc,0.10212923209285918,0.25450496087556285,2026-06-15
AES,14.68,0.7,10469154816.0,713157713.0,6.198,Utilities,The AES Corporation,2.02,0.17799009900990104,forecast_icc,0.17007760434966512,0.4222071010372955,2026-06-15
AMG,352.93,0.04,9321616384.0,26412085.0,116.596,Financial Services,"Affiliated Managers Group, Inc.",34.86718,0.12570101740375916,forecast_icc,0.1040148765102897,0.33036582238525214,2026-06-15
AFRM,71.9,0.0,24079206400.0,294357801.0,11.299,Financial Services,"Affirm Holdings, Inc.",3.10274,0.21728536712712,forecast_icc,0.08154831847198482,0.138125349243196,2026-06-15
AFL,116.96,2.44,59530874880.0,508984904.0,58.686,Financial Services,AFLAC Incorporated,7.042,0.07976285146265272,forecast_icc,0.07266256631021106,0.5017612816266409,2026-06-15
AGCO,112.54,1.2,8148855808.0,72408527.0,59.341,Industrials,AGCO Corporation,5.98687,0.3512235942988575,forecast_icc,0.1321859840698998,0.5272880637412549,2026-06-15
A,130.59,1.02,36882784256.0,282431944.0,25.236,Healthcare,"Agilent Technologies, Inc.",6.05878,0.09037793087057122,forecast_icc,0.05942675431216993,0.19324605456337055,2026-06-15
ADC,74.47,3.2,8969947136.0,120102859.0,50.567,Real Estate,Agree Realty Corporation,1.90286,0.0265862964169723,forecast_icc,0.03196091208071883,0.6770654474292992,2026-06-15
AGNC,10.46,1.44,12007340032.0,1147929272.0,8.898,Real Estate,AGNC Investment Corp.,1.56681,0.01,forecast_icc,0.14588542457680453,0.8506692269090894,2026-06-15
APD,282.96,7.24,63009726464.0,222680686.0,70.28,Basic Materials,"Air Products and Chemicals, Inc",13.21001,0.07755860896395994,forecast_icc,0.06293267428835936,0.24837433028726882,2026-06-15
ABNB,138.96,0.0,82473443328.0,417930233.0,12.834,Consumer Cyclical,"Airbnb, Inc.",5.08326,0.1888925610730121,forecast_icc,0.06779201206583468,0.06503568171623798,2026-06-15
AKAM,134.2,0.0,19510728704.0,145385451.0,33.726,Technology,"Akamai Technologies, Inc.",6.71495,0.06341074766007182,forecast_icc,0.05330269964893464,0.25131146021320844,2026-06-15
ALK,49.08,0.0,5468934144.0,111428978.0,33.504,Industrials,"Alaska Air Group, Inc.",6.32411,0.04,forecast_icc,0.09020990417648045,0.6826405988098876,2026-06-15
ALB,168.9,1.62,19919161344.0,117934651.0,64.597,Basic Materials,Albemarle Corporation,12.00105,0.01,forecast_icc,0.05233435824373385,0.38245709842305897,2026-06-15
ACI,14.86,0.68,7348787712.0,494534842.0,3.676,Consumer Defensive,"Albertsons Companies, Inc.",2.28733,0.07677510459793746,forecast_icc,0.13579770043002937,0.24737550606115538,2026-06-15
AA,64.16,0.4,16931175424.0,263889875.0,25.867,Basic Materials,Alcoa Corporation,7.66347,0.01,forecast_icc,0.07405857249624376,0.4031639402276268,2026-06-15
ARE,52.38,2.88,9128235008.0,174269480.0,92.167,Real Estate,Alexandria Real Estate Equities,1.84767,0.01,forecast_icc,0.036895620013773445,1.759583878929862,2026-06-15
ALGN,178.26,0.0,12766647296.0,71618127.0,57.939,Healthcare,"Align Technology, Inc.",11.3616,0.08900330939304335,forecast_icc,0.07005343209225245,0.3250252446116453,2026-06-15
ALLE,133.7,2.12,11489625088.0,85935861.0,24.451,Industrials,Allegion plc,8.77711,0.08746842639547636,forecast_icc,0.07698745254846928,0.1828795736342655,2026-06-15
ALGM,55.0,0.0,10242232320.0,186222406.0,5.151,Technology,"Allegro MicroSystems, Inc.",1.04542,0.40862045876298514,forecast_icc,0.07728363913500169,0.09365454554598504,2026-06-15
LNT,73.55,2.09,18996277248.0,258277037.0,28.737,Utilities,Alliant Energy Corporation,3.4259,0.0757552759858724,forecast_icc,0.06344575677100928,0.39071377593472567,2026-06-15
ALSN,119.47,1.16,9908362240.0,82935981.0,22.919,Consumer Cyclical,"Allison Transmission Holdings, ",9.92868,0.1426584399940376,forecast_icc,0.10313363947630882,0.19183894396446693,2026-06-15
ALL,221.81,4.32,57098534912.0,257420930.0,114.752,Financial Services,Allstate Corporation (The),29.89586,0.01,forecast_icc,0.08450644897453741,0.5173436867493403,2026-06-15
ALLY,45.44,1.2,13928408064.0,306523062.0,43.216,Financial Services,Ally Financial Inc.,5.31992,0.21908412156573798,forecast_icc,0.15963259527454293,0.9510563293755033,2026-06-15
ALNY,287.8,0.0,38424915968.0,133512573.0,8.059,Healthcare,"Alnylam Pharmaceuticals, Inc.",9.50498,0.4482187232377133,forecast_icc,0.1146731813961418,0.028002086633138423,2026-06-15
GOOGL,369.35,0.88,4504199102464.0,5863336837.0,39.514,Communication Services,Alphabet Inc.,14.22039,0.01673723435151908,forecast_icc,0.03454928232530778,0.05143731138583028,2026-06-15
GOOG,367.11,0.88,4476882124800.0,5495819345.0,39.514,Communication Services,Alphabet Inc.,14.20063,0.019716026683323173,forecast_icc,0.035366361231775056,0.048507376237437005,2026-06-15
MO,69.59,4.24,116207722496.0,1669891235.0,-1.922,Consumer Defensive,"Altria Group, Inc.",5.67869,0.03431777399364999,forecast_icc,0.08744333147273087,,2026-06-15
AMZN,246.02,0.0,2646464266240.0,10757109436.0,41.093,Consumer Cyclical,"Amazon.com, Inc.",8.64727,0.14141688648556117,forecast_icc,0.05666289137104441,0.1670311228806369,2026-06-15
AMCR,41.11,2.6,19007031296.0,462345690.0,25.211,Consumer Cyclical,Amcor plc,3.97591,0.0783870862268008,forecast_icc,0.11651110263515707,0.6132571156992322,2026-06-15
DOX,55.9,2.28,5934567936.0,106164000.0,31.859,Technology,Amdocs Limited,7.41,0.0923076923076922,forecast_icc,0.1298986990850236,0.5699284113814886,2026-06-15
AMTM,22.42,0.0,5477572096.0,244316319.0,18.882,Industrials,"Amentum Holdings, Inc.",2.42629,0.14366790449616507,forecast_icc,0.11523712188652058,0.842194434780106,2026-06-15
AS,35.89,0.0,20881592320.0,581822024.0,11.939,Consumer Cyclical,"Amer Sports, Inc.",1.25372,0.2516431101043295,forecast_icc,0.07823560135954677,0.33265533768145134,2026-06-15
AEE,109.57,3.0,30323675136.0,276751616.0,48.992,Utilities,Ameren Corporation,5.3707,0.08846146684789691,forecast_icc,0.06872876984587037,0.4471296803656668,2026-06-15
AAL,15.46,0.0,10225014784.0,661385137.0,-6.164,Industrials,"American Airlines Group, Inc.",2.22856,0.04,forecast_icc,0.09674331566608796,,2026-06-15
AEP,129.31,3.8,70358220800.0,544105032.0,58.473,Utilities,American Electric Power Company,6.3566,0.07840984173929444,forecast_icc,0.06681590668994844,0.45219241155307893,2026-06-15
AXP,335.38,3.8,228838653952.0,682326443.0,49.846,Financial Services,American Express Company,17.67543,0.13935898589171547,forecast_icc,0.07862933727836277,0.14862543233151518,2026-06-15
AFG,133.8,3.52,11116917760.0,83086083.0,56.303,Financial Services,"American Financial Group, Inc.",11.61857,0.038484942639240405,forecast_icc,0.07810744023529995,0.4207997065500465,2026-06-15
AMH,32.62,1.32,13398095872.0,359960517.0,19.043,Real Estate,American Homes 4 Rent,0.71351,0.01,forecast_icc,0.024633171232433762,0.5116195757007791,2026-06-15
AIG,74.88,2.0,39701839872.0,530206221.0,75.82,Financial Services,"American International Group, I",8.02996,0.10842395229864166,forecast_icc,0.115569440128939,1.0125534687013709,2026-06-15
AMT,185.76,6.98,86544293888.0,465893069.0,7.559,Real Estate,American Tower Corporation (REI,6.57159,0.050905488626040274,forecast_icc,0.04896564067399789,0.04069229235527113,2026-06-15
AWK,126.87,3.58,24775241728.0,195280521.0,56.519,Utilities,"American Water Works Company, I",6.0817,0.07844846013450191,forecast_icc,0.065305370296317,0.44548747041791126,2026-06-15
COLD,14.55,0.92,4171083264.0,285306052.0,9.884,Real Estate,"Americold Realty Trust, Inc.",0.025,0.04,forecast_icc,0.010000000000000002,0.6760749760875547,2026-06-15
AMP,459.88,6.8,41341874176.0,89897084.0,68.961,Financial Services,"Ameriprise Financial, Inc.",44.16615,0.07867156181827029,forecast_icc,0.09342612895049529,0.14995432435723738,2026-06-15
AME,230.45,1.36,52819832832.0,229203002.0,47.64,Industrials,"AMETEK, Inc.",8.13921,0.08257926752104927,forecast_icc,0.04691477918441833,0.2067259669300727,2026-06-15
AMGN,350.53,10.08,189183950848.0,539708274.0,17.028,Healthcare,Amgen Inc.,22.40688,0.047763008504530635,forecast_icc,0.06827541834228348,0.04857786534469742,2026-06-15
AMKR,85.44,0.33,21178228736.0,247872518.0,18.293,Technology,"Amkor Technology, Inc.",2.08195,0.17771800475515742,forecast_icc,0.05115300294593077,0.21410345635120448,2026-06-15
APH,158.59,1.0,195102883840.0,1230234445.0,11.37,Technology,Amphenol Corporation,4.81625,0.18058447962626523,forecast_icc,0.06113007418153493,0.07169430489362263,2026-06-15
ADI,427.58,4.4,208268673024.0,487087040.0,69.273,Technology,"Analog Devices, Inc.",12.33983,0.19720693072757078,forecast_icc,0.06423085588594246,0.16201179002101634,2026-06-15
AU,92.29,4.6,46664052736.0,505624114.0,16.881,Basic Materials,AngloGold Ashanti PLC,9.38309,0.11411912280496095,forecast_icc,0.12635702810898508,0.182912545481699,2026-06-15
NLY,22.24,3.0,16296943616.0,732776229.0,19.816,Real Estate,Annaly Capital Management Inc.,3.00536,0.01,forecast_icc,0.13837138269833915,0.891007178769882,2026-06-15
AM,21.33,0.9,10131322880.0,474980000.0,4.076,Energy,Antero Midstream Corporation,1.3006,0.14520990312163629,forecast_icc,0.10372385358028524,0.1910923679889669,2026-06-15
AR,34.03,0.0,10543718400.0,309836000.0,26.025,Energy,Antero Resources Corporation,4.51291,0.03606098947242464,forecast_icc,0.09021062571075877,0.7647664319259513,2026-06-15
AON,329.51,3.28,70375743488.0,213576949.0,46.039,Financial Services,Aon plc,19.12902,0.11991100432745627,forecast_icc,0.0776641541867088,0.13971957762247492,2026-06-15
APA,34.77,1.0,12290160640.0,353470227.0,18.266,Energy,APA Corporation,6.5222,0.01,forecast_icc,0.10713332139928886,0.5253378987877899,2026-06-15
APG,41.66,0.0,18048278528.0,433227989.0,8.047,Industrials,APi Group Corporation,1.13524,0.7130650787498678,forecast_icc,0.15426576218913512,0.19315890000669875,2026-06-15
APO,136.11,2.25,78469799936.0,576517513.0,32.182,Financial Services,"Apollo Global Management, Inc. ",8.88093,0.19489287720993187,forecast_icc,0.10749939019545318,0.2364411100639766,2026-06-15
APPF,158.21,0.0,5594073600.0,24028908.0,13.299,Technology,"AppFolio, Inc.",6.8052,0.20864339034855695,forecast_icc,0.07951619240167929,0.05712482000451335,2026-06-15
AAPL,296.42,1.08,4353626210304.0,14687356000.0,7.26,Technology,Apple Inc.,8.75697,0.10391379666711198,forecast_icc,0.04449716240072095,0.024492273660892527,2026-06-15
AIT,316.18,2.04,11685867520.0,36959541.0,50.197,Industrials,Applied Industrial Technologies,10.70143,0.10158829240578116,forecast_icc,0.04955643177591429,0.15876083452099585,2026-06-15
AMAT,585.78,2.12,465085562880.0,793959430.0,30.114,Technology,"Applied Materials, Inc.",12.26975,0.325229120397726,forecast_icc,0.07038203020315204,0.051408377690685285,2026-06-15
APP,520.86,0.0,174977449984.0,305732000.0,7.028,Communication Services,Applovin Corporation,16.10798,0.3056100144152154,forecast_icc,0.0827905836206474,0.01227977945841865,2026-06-15
ATR,118.08,1.89,7535903232.0,63820316.0,41.15,Healthcare,"AptarGroup, Inc.",5.51143,0.13808938877931864,forecast_icc,0.07471312057270574,0.34849253268649194,2026-06-15
APTV,66.62,0.0,14098160640.0,211620527.0,43.48,Consumer Cyclical,Aptiv PLC,6.15308,0.10860414621620373,forecast_icc,0.09479698788714183,0.6526568074315827,2026-06-15
ARMK,54.2,0.48,14252083200.0,262953564.0,12.482,Industrials,Aramark,2.24796,0.1939135927685547,forecast_icc,0.07898619075422142,0.23029520244787793,2026-06-15
ACGL,91.5,0.0,31969148928.0,349389588.0,66.454,Financial Services,Arch Capital Group Ltd.,9.27573,0.06638399349700785,forecast_icc,0.0865985976956321,0.7262731871043444,2026-06-15
ADM,79.27,2.08,38204690432.0,481956527.0,47.311,Consumer Defensive,Archer-Daniels-Midland Company,4.69254,0.10637309431565845,forecast_icc,0.08199973711452482,0.5968336607642899,2026-06-15
ARES,135.36,5.4,44648038400.0,222028421.0,11.379,Financial Services,Ares Management Corporation,5.94071,0.2322416007514252,forecast_icc,0.11127800985056246,0.05658616801760769,2026-06-15
ANET,169.09,0.0,212912947200.0,1259169438.0,10.711,Technology,"Arista Networks, Inc.",3.62941,0.2259981649910041,forecast_icc,0.05286365104122692,0.06334496810919163,2026-06-15
AWI,156.66,1.33,6686066688.0,42678835.0,20.954,Industrials,Armstrong World Industries Inc,8.3074,0.12892120278306085,forecast_icc,0.0750369753365957,0.13375461991652812,2026-06-15
ARW,229.27,0.0,11723480064.0,51133946.0,131.972,Technology,"Arrow Electronics, Inc.",19.8975,0.07174268124136196,forecast_icc,0.08012638873601455,0.5756182536817082,2026-06-15
AJG,215.74,2.8,55432667136.0,256942000.0,92.546,Financial Services,Arthur J. Gallagher & Co.,13.26573,0.1205459480933202,forecast_icc,0.0819626719983616,0.42897005611619,2026-06-15
ASH,65.44,1.67,2996352256.0,45787777.0,40.753,Basic Materials,Ashland Inc.,3.61093,0.21114505127487915,forecast_icc,0.10784574209161224,0.6227536406457146,2026-06-15
AIZ,259.46,3.52,12855628800.0,49547637.0,118.165,Financial Services,"Assurant, Inc.",21.04465,0.06767230626311194,forecast_icc,0.08035439082480156,0.4554266941890077,2026-06-15
AGO,75.94,1.52,3362810368.0,44282464.0,124.346,Financial Services,Assured Guaranty Ltd.,7.26239,0.05498878468382995,forecast_icc,0.08688975421339354,1.6374242570861495,2026-06-15
ALAB,389.2,0.0,66711969792.0,171407939.0,8.722,Technology,"Astera Labs, Inc.",2.99772,0.40329650534406136,forecast_icc,0.04158636915646541,0.022410071964885685,2026-06-15
T,23.29,1.11,161826816000.0,6948338835.0,15.745,Communication Services,AT&T Inc.,2.31244,0.10206535088477975,forecast_icc,0.11914434316879252,0.6760412004712185,2026-06-15
ATI,195.81,0.0,26722275328.0,136470427.0,12.974,Industrials,ATI Inc.,4.4261,0.2213867739093105,forecast_icc,0.05404140944618818,0.0662581048269783,2026-06-15
TEAM,91.55,0.0,23232448512.0,159634245.0,5.992,Technology,Atlassian Corporation,5.50513,0.13158090726286198,forecast_icc,0.07823754552813564,0.04117208720148179,2026-06-15
ATO,169.6,4.0,28309602304.0,166919822.0,89.317,Utilities,Atmos Energy Corporation,8.40884,0.06685226499731245,forecast_icc,0.061620308186674966,0.5266332455496016,2026-06-15
ADSK,198.6,0.0,41933447168.0,211145251.0,15.114,Technology,"Autodesk, Inc.",12.61382,0.1302436533896949,forecast_icc,0.08064166646562232,0.07610271845357106,2026-06-15
ADP,223.22,6.8,89228681216.0,399734282.0,15.851,Technology,"Automatic Data Processing, Inc.",11.07361,0.1011260103976932,forecast_icc,0.07418990354986577,0.07101066627493571,2026-06-15
AN,193.39,0.0,6471118848.0,33461495.0,65.665,Consumer Cyclical,"AutoNation, Inc.",21.36509,0.13641927087599437,forecast_icc,0.11431272385829827,0.33954701200613774,2026-06-15
AZO,3105.48,0.0,50833600512.0,16369000.0,-170.111,Consumer Cyclical,"AutoZone, Inc.",151.02615,0.16034448338913476,forecast_icc,0.07477972913812014,,2026-06-15
AVB,184.48,7.12,26172557312.0,141872069.0,82.716,Real Estate,"AvalonBay Communities, Inc.",4.52258,0.07721256450963843,forecast_icc,0.04014221108135685,0.4483738413297318,2026-06-15
AVTR,9.71,0.0,6629554688.0,682755402.0,8.264,Healthcare,"Avantor, Inc.",0.7889,0.07817213842058557,forecast_icc,0.07873399966144276,0.8510813934970589,2026-06-15
AVY,159.82,4.0,12224693248.0,76490385.0,30.008,Consumer Cyclical,Avery Dennison Corporation,10.02696,0.11360671629287444,forecast_icc,0.08644760849306021,0.18776123265551242,2026-06-15
CAR,190.07,0.0,6714220032.0,35324986.0,-96.742,Industrials,"Avis Budget Group, Inc.",3.41654,0.75,forecast_icc,0.13207692205404775,,2026-06-15
AVT,91.78,1.4,7528169984.0,82024081.0,60.376,Technology,"Avnet, Inc.",5.13,0.5384990253411306,forecast_icc,0.188432744870907,0.6578339656226337,2026-06-15
AXTA,33.77,0.0,7227414016.0,214018768.0,11.313,Basic Materials,Axalta Coating Systems Ltd.,2.58922,0.08500629533218507,forecast_icc,0.07783432916030306,0.33500147037709155,2026-06-15
AXS,101.31,1.76,7468900352.0,73723236.0,78.86,Financial Services,Axis Capital Holdings Limited,13.23913,0.0962842724559696,forecast_icc,0.11941246737707167,0.7784029933406722,2026-06-15
AXON,443.21,0.0,35723649024.0,80602077.0,43.863,Industrials,"Axon Enterprise, Inc.",7.68883,0.375158509161992,forecast_icc,0.06777464150503379,0.09896662295264969,2026-06-15
BKR,62.46,0.92,61964607488.0,992068697.0,19.474,Energy,Baker Hughes Company,2.3051,0.2072448049976141,forecast_icc,0.07962328383480799,0.3117835582048898,2026-06-15
BALL,57.35,0.8,15269236736.0,266246511.0,21.039,Consumer Cyclical,Ball Corporation,3.99842,0.13045653032948024,forecast_icc,0.0916894753972054,0.36685267520427556,2026-06-15
BAC,55.87,1.12,396486508544.0,7096590651.0,38.664,Financial Services,Bank of America Corporation,4.47275,0.12891397909563462,forecast_icc,0.10177552978152138,0.6920351008609779,2026-06-15
OZK,51.13,1.82,5581650944.0,109165875.0,53.19,Financial Services,Bank OZK,5.93428,0.08116401652770011,forecast_icc,0.11451768359521519,1.04028950385938,2026-06-15
BBWI,19.46,0.8,3922392576.0,201561812.0,-5.637,Consumer Cyclical,"Bath & Body Works, Inc.",2.64282,0.08476173178650082,forecast_icc,0.12856258519971242,,2026-06-15
BAX,20.81,0.2,10747719680.0,516469008.0,11.701,Healthcare,Baxter International Inc.,1.91624,0.05043209618836886,forecast_icc,0.07946960704118766,0.5622777707771404,2026-06-15
BDX,145.52,4.2,40096641024.0,275540427.0,87.584,Healthcare,"Becton, Dickinson and Company",12.53737,0.067999907476608,forecast_icc,0.08966707745906499,0.6018691875941214,2026-06-15
BRBR,8.86,0.0,1030221696.0,116277850.0,-4.281,Consumer Defensive,"BellRing Brands, Inc.",1.24969,0.09255895462074593,forecast_icc,0.1156282028395682,,2026-06-15
BSY,30.53,0.28,9274912768.0,292281547.0,3.918,Technology,"Bentley Systems, Incorporated",1.37962,0.14585900465345536,forecast_icc,0.07203553863602302,0.12346844976235147,2026-06-15
BRK-B,495.52,0.0,1068764168192.0,1398308677.0,505559.44,Financial Services,Berkshire Hathaway Inc. New,20.75045,0.034852256216130195,forecast_icc,0.04016325466106008,661.4444727195079,2026-06-15
BBY,77.41,3.84,16315483136.0,210767126.0,14.632,Consumer Cyclical,"Best Buy Co., Inc.",6.5504,0.07965009770395715,forecast_icc,0.10253273558826603,0.18901950753927094,2026-06-15
BILL,33.54,0.0,3340474368.0,99596727.0,38.187,Technology,"BILL Holdings, Inc.",2.64181,0.2638077681589517,forecast_icc,0.1284444673775874,1.1385509346764129,2026-06-15
BIO,289.28,0.0,7741595136.0,21700560.0,255.374,Healthcare,"Bio-Rad Laboratories, Inc.",9.00237,0.07992784122403296,forecast_icc,0.04060679559609859,0.7158419824448954,2026-06-15
TECH,56.17,0.32,8794466304.0,156568751.0,12.901,Healthcare,Bio-Techne Corp,1.91985,0.07062010052868706,forecast_icc,0.04326950506283189,0.2296777754134198,2026-06-15
BIIB,198.64,0.0,29326637056.0,147637117.0,126.367,Healthcare,Biogen Inc.,13.26061,0.2579919023333015,forecast_icc,0.11599316242485347,0.6361608911486847,2026-06-15
BMRN,55.65,0.0,10756279296.0,193284438.0,32.142,Healthcare,BioMarin Pharmaceutical Inc.,4.93703,0.30921626970060934,forecast_icc,0.1493310424321722,0.5775741067365457,2026-06-15
BIRK,47.93,0.0,8814616576.0,183906056.0,18.147018,Consumer Cyclical,Birkenstock Holding plc,1.99175,0.20983557173340017,forecast_icc,0.07807590612661275,0.37861505146211,2026-06-15
BJ,90.21,0.0,11519273984.0,127693987.0,16.651,Consumer Defensive,"BJ's Wholesale Club Holdings, I",4.51706,0.08138700836384727,forecast_icc,0.0577088462496079,0.18458043280247408,2026-06-15
BLK,1042.87,22.92,169829826560.0,155233989.0,364.87,Financial Services,"BlackRock, Inc.",53.16646,0.14200889056747434,forecast_icc,0.08275301382045452,0.3335116493593032,2026-06-15
BX,124.63,4.97,152330518528.0,742180737.0,10.657,Financial Services,Blackstone Inc.,5.93656,0.2692704192326869,forecast_icc,0.12658071653057756,0.05192275448570184,2026-06-15
HRB,36.2,1.68,4588719616.0,126760207.0,-0.192,Consumer Cyclical,"H&R Block, Inc.",5.16,0.12839147286821695,forecast_icc,0.15237619789875112,,2026-06-15
XYZ,74.35,0.0,44251705344.0,535195000.0,36.879,Technology,"Block, Inc.",3.89644,0.2775738879592653,forecast_icc,0.10580936820567344,0.4460270231749648,2026-06-15
OWL,9.61,0.92,14982473728.0,675802413.0,3.107,Financial Services,Blue Owl Capital Inc.,0.88386,0.11043604190708933,forecast_icc,0.14477597308251544,0.1401449543853991,2026-06-15
BNY,142.5,2.12,97809014784.0,686379045.0,57.478,Financial Services,The Bank of New York Mellon Cor,8.79625,0.09887736251243417,forecast_icc,0.07692919600673609,0.40335438237093535,2026-06-15
BA,228.95,0.0,180481818624.0,788302331.0,7.591,Industrials,Boeing Company (The),4.18143,0.04,forecast_icc,0.023287354857095433,0.03315571086463589,2026-06-15
BOKF,132.05,2.52,8023356928.0,60759992.0,98.308,Financial Services,BOK Financial Corporation,10.12938,0.04412905824443358,forecast_icc,0.07172959371805046,0.7444755788802919,2026-06-15
BKNG,174.64,1.61,135324778496.0,774878436.0,-11.185,Consumer Cyclical,Booking Holdings Inc. Common St,10.4546,0.17686951198515488,forecast_icc,0.09382509140096762,,2026-06-15
BAH,74.55,2.36,8941082624.0,119934041.0,9.182,Industrials,Booz Allen Hamilton Holding Cor,6.26083,0.09569497973910801,forecast_icc,0.09919780810313028,0.12316566245635895,2026-06-15
BWA,73.52,0.68,15080049664.0,205114941.0,26.712,Consumer Cyclical,BorgWarner Inc.,5.19585,0.12783086501727325,forecast_icc,0.08953372774258661,0.36332972543663894,2026-06-15
SAM,182.66,0.0,1902119296.0,8345442.0,66.968,Consumer Defensive,"Boston Beer Company, Inc. (The)",9.55101,0.1607149400953407,forecast_icc,0.07838636457498174,0.29381835357607355,2026-06-15
BSX,46.76,0.0,69501968384.0,1486355179.0,17.402,Healthcare,Boston Scientific Corporation,3.36454,0.10706366992218852,forecast_icc,0.08083745595835279,0.3721556874770829,2026-06-15
BYD,87.67,0.76,6516525056.0,74330156.0,33.894,Consumer Cyclical,Boyd Gaming Corporation,7.20008,0.08638515127609692,forecast_icc,0.08504439732530142,0.3866088576064549,2026-06-15
BFAM,63.81,0.0,3356832000.0,52606675.0,21.669,Consumer Cyclical,Bright Horizons Family Solution,5.01465,0.1451188019104026,forecast_icc,0.09610235842915649,0.33958626483988474,2026-06-15
BHF,62.93,0.0,3615063296.0,57445785.0,96.853,Financial Services,"Brighthouse Financial, Inc.",19.639,0.01,forecast_icc,0.13259604496567856,1.5390592526446871,2026-06-15
BMY,56.24,2.52,114846089216.0,2042071247.0,9.828,Healthcare,Bristol-Myers Squibb Company,6.31037,0.01,forecast_icc,0.08387596239642459,0.17475106337987503,2026-06-15
BRX,32.03,1.21,9827976192.0,306836617.0,9.897,Real Estate,Brixmor Property Group Inc.,1.13202,0.01,forecast_icc,0.03695481250049448,0.30899159085478173,2026-06-15
AVGO,393.94,2.6,1874201149440.0,4757580198.0,18.43,Technology,Broadcom Inc.,11.61807,0.6655485807883756,forecast_icc,0.16002536157663466,0.04678377402304919,2026-06-15
BR,142.78,3.9,16513691648.0,115658297.0,24.363,Technology,"Broadridge Financial Solutions,",9.53945,0.09096226721666345,forecast_icc,0.08371836324114124,0.17063314187244535,2026-06-15
BAM,48.19,2.01,76949135360.0,1596765155.0,4.742,Financial Services,Brookfield Asset Management Inc,1.83789,0.18688822508419967,forecast_icc,0.09020415841415363,0.09840085050450137,2026-06-15
BRO,59.28,0.65,20092827648.0,338947841.0,37.579,Financial Services,"Brown & Brown, Inc.",4.49715,0.08246556152229734,forecast_icc,0.08066451826953455,0.6339237632492631,2026-06-15
BF-A,27.15,0.92,12453803008.0,168441239.0,8.764,Consumer Defensive,Brown Forman Inc,1.53,0.01,trailing_eps_fallback_icc,0.050562832755231726,0.11853560054287957,2026-06-15
BF-B,26.94,0.92,12357475328.0,290262390.0,8.764,Consumer Defensive,Brown Forman Inc,1.70019,0.01,forecast_icc,0.05478762028610615,0.20585593079810033,2026-06-15
BRKR,56.63,0.2,8620537856.0,152225624.0,16.089,Healthcare,Bruker Corporation,2.11873,0.14994831809621822,forecast_icc,0.06230580280708742,0.2841073382481994,2026-06-15
BC,82.13,1.76,5336350720.0,64974438.0,24.633,Consumer Cyclical,Brunswick Corporation,4.26404,0.2508208178159681,forecast_icc,0.11255852622854345,0.29992693794571285,2026-06-15
BLDR,77.81,0.0,8369233408.0,107559876.0,37.242,Industrials,"Builders FirstSource, Inc.",4.28345,0.3726832343087929,forecast_icc,0.13133111510437756,0.47862745686635766,2026-06-15
BLSH,28.6,0.0,4337142784.0,151648346.0,17.528,Technology,Bullish,0.64548,0.75,forecast_icc,0.14768374391267702,0.6128671203756246,2026-06-15
BG,123.0,2.88,23864227840.0,194018115.0,82.7,Consumer Defensive,Bunge Limited,9.43066,0.15431899782199765,forecast_icc,0.10883840720184634,0.6723577321703949,2026-06-15
BURL,336.6,0.0,21186347008.0,62942206.0,29.526,Consumer Cyclical,"Burlington Stores, Inc.",11.80565,0.1667709952438028,forecast_icc,0.061575046237007824,0.08771835813197307,2026-06-15
BWXT,193.94,1.04,17767745536.0,91614649.0,13.976,Industrials,"BWX Technologies, Inc.",4.7125,0.10218779840848802,forecast_icc,0.03888571720607015,0.07206352273729456,2026-06-15
BXP,65.98,3.08,11764987904.0,159477391.0,32.469,Real Estate,"BXP, Inc.",1.9781,0.07435923360800767,forecast_icc,0.04757831213679842,0.4401255190936914,2026-06-15
CHRW,190.25,2.52,22425346048.0,117873042.0,14.423,Industrials,"C.H. Robinson Worldwide, Inc.",6.15581,0.19360734005760416,forecast_icc,0.06983695129586645,0.0758107759464261,2026-06-15
CACI,507.56,0.0,11212661760.0,22091305.0,193.749,Technology,"CACI International, Inc.",28.19613,0.10781621449468415,forecast_icc,0.06857139045223093,0.38172633261033995,2026-06-15
CDNS,394.5,0.0,108809412608.0,275816000.0,23.789,Technology,"Cadence Design Systems, Inc.",4.49288,0.75,forecast_icc,0.1040775943272948,0.06030164731830918,2026-06-15
CZR,29.5,0.0,6008960000.0,203693576.0,16.745,Consumer Cyclical,"Caesars Entertainment, Inc.",0.37,0.75,forecast_icc,0.10964100912957331,0.5676271651200874,2026-06-15
CPT,113.5,4.24,11246782464.0,99090596.0,38.749,Real Estate,Camden Property Trust,1.26258,0.2645060115002613,forecast_icc,0.04223190370925345,0.3414008865819564,2026-06-15
CPB,22.31,1.56,6652981248.0,298206243.0,13.517,Consumer Defensive,The Campbell's Company,2.17361,0.01,forecast_icc,0.08697085086759448,0.6058718094001457,2026-06-15
COF,194.62,3.2,121110618112.0,622292783.0,173.505,Financial Services,Capital One Financial Corporati,19.69771,0.23309257776665415,forecast_icc,0.14730930098926576,0.8915065499423532,2026-06-15
CAH,226.4,2.05,53024202752.0,234205855.0,-12.051,Healthcare,"Cardinal Health, Inc.",10.76813,0.1141024486145692,forecast_icc,0.0666747561903541,,2026-06-15
CAI,18.18,0.0,5139135488.0,282680695.0,2.1,Healthcare,"Caris Life Sciences, Inc.",0.13285,0.75,forecast_icc,0.08085764615463897,0.11551154097535246,2026-06-15
CSL,353.55,4.4,14306426880.0,40465076.0,40.914,Industrials,Carlisle Companies Incorporated,20.94163,0.11950359164974267,forecast_icc,0.0795993935590874,0.11572338315854867,2026-06-15
CG,46.24,1.4,16645218304.0,359974427.0,15.016,Financial Services,The Carlyle Group Inc.,4.08746,0.27803819486918524,forecast_icc,0.16115252866922353,0.32474046883080154,2026-06-15
KMX,52.21,0.0,7404459520.0,141820715.0,41.53,Consumer Cyclical,CarMax Inc,2.35067,0.18366678436360706,forecast_icc,0.07629980223515387,0.7954414873956931,2026-06-15
CCL,30.12,0.3,41720406016.0,1239000212.0,9.409,Consumer Cyclical,Carnival Corporation Ltd.,2.21894,0.1728708302162294,forecast_icc,0.10488447574232163,0.2794256841660934,2026-06-15
CRS,563.6,0.8,28002809856.0,49685612.0,41.614,Industrials,Carpenter Technology Corporatio,10.57363,0.19834815479641343,forecast_icc,0.04456175617479312,0.07383605675288987,2026-06-15
CARR,71.13,0.96,59079184384.0,830580423.0,16.18,Industrials,Carrier Global Corporation,2.79555,0.1450412262345515,forecast_icc,0.06759284921768349,0.2274708323119561,2026-06-15
CVNA,68.9,0.0,75571978240.0,716288385.0,5.203,Consumer Cyclical,Carvana Co.,1.57214,0.3367766229470657,forecast_icc,0.0737889225297178,0.04931521648565753,2026-06-15
CASY,872.39,2.36,32336822272.0,36959030.0,106.969,Consumer Cyclical,"Caseys General Stores, Inc.",21.12043,0.10603003821418411,forecast_icc,0.03868893226179253,0.12225909048253186,2026-06-15
CAT,933.93,6.52,430160642048.0,460591983.0,40.511,Industrials,"Caterpillar, Inc.",24.59182,0.2239451980373961,forecast_icc,0.06393361839571565,0.04337691550411743,2026-06-15
CAVA,89.52,0.0,10426738688.0,116473856.0,6.958,Consumer Cyclical,"CAVA Group, Inc.",0.55266,0.35982339955849874,forecast_icc,0.032305128650719384,0.07772565461726856,2026-06-15
CBOE,292.91,2.88,30654140416.0,104653784.0,51.336,Financial Services,"Cboe Global Markets, Inc.",13.74842,0.07037245007062642,forecast_icc,0.0556374613078926,0.175262022764788,2026-06-15
CBRE,134.16,0.0,39284273152.0,292816579.0,29.094,Real Estate,CBRE Group Inc,7.67523,0.15612691736925144,forecast_icc,0.08180103249048754,0.21686046007426968,2026-06-15
CCC,4.63,0.0,2717534720.0,586940536.0,2.934,Technology,CCC Intelligent Solutions Holdi,0.44,0.14843181818181828,forecast_icc,0.10840438054943446,0.6336932955999178,2026-06-15
CDW,131.3,2.52,16774028288.0,127753451.0,19.964,Technology,CDW Corporation,10.66005,0.09188699865385264,forecast_icc,0.09049023079402507,0.15204874177949163,2026-06-15
CE,53.77,0.12,5896554496.0,109662539.0,37.05,Basic Materials,Celanese Corporation,6.13749,0.07970848017674981,forecast_icc,0.09870561603131034,0.689045962808651,2026-06-15
CELH,28.74,0.0,7347103744.0,255640360.0,4.875,Consumer Defensive,"Celsius Holdings, Inc.",1.63056,0.24781056814836622,forecast_icc,0.1034830698175494,0.1696242217918517,2026-06-15
COR,281.43,2.4,54755315712.0,194561060.0,17.463,Healthcare,"Cencora, Inc.",17.76274,0.11388445701507766,forecast_icc,0.07954272290123121,0.062050957913395585,2026-06-15
CNC,63.4,0.0,31306729472.0,493797000.0,43.395,Healthcare,Centene Corporation,3.51741,0.26662231585172047,forecast_icc,0.10664499924367743,0.6844637295685896,2026-06-15
CNP,43.07,0.92,28175079424.0,654169480.0,17.502,Utilities,"CenterPoint Energy, Inc (Holdin",1.9086,0.09082049669915104,forecast_icc,0.06271151653922521,0.40636173785573493,2026-06-15
CBC,28.05,0.48,6725496832.0,239768162.0,15.84,Financial Services,"Central Bancompany, Inc.",1.912,0.06589958158995812,forecast_icc,0.07273106985835837,0.56470589176541,2026-06-15
CERT,5.21,0.0,810491584.0,155564608.0,6.633,Healthcare,"Certara, Inc.",0.38382,0.07769266843833056,forecast_icc,0.07376189747181455,1.2731286360451584,2026-06-15
CF,106.9,2.0,16422970368.0,153629274.0,34.776,Basic Materials,"CF Industries Holdings, Inc.",18.22706,0.01,forecast_icc,0.09762434056173672,0.32531335762707264,2026-06-15
CRL,188.47,0.0,9078171648.0,48167730.0,61.05,Healthcare,Charles River Laboratories Inte,11.09224,0.10975240348207382,forecast_icc,0.07171333436947103,0.3239242471415319,2026-06-15
SCHW,90.95,1.28,158174363648.0,1739135507.0,24.435,Financial Services,Charles Schwab Corporation (The,6.1536,0.1782338793551741,forecast_icc,0.10359431408300501,0.2686641193519499,2026-06-15
CHTR,143.71,0.0,22516248576.0,141178369.0,133.228,Communication Services,"Charter Communications, Inc.",42.07815,0.08710221338152935,forecast_icc,0.1695906983082297,0.8353483788227654,2026-06-15
CHE,423.49,2.4,5621450240.0,13274104.0,64.148,Healthcare,Chemed Corp,24.3525,0.10502001847859566,forecast_icc,0.07158924630511734,0.15147465280987704,2026-06-15
LNG,235.25,2.22,49297076224.0,209551868.0,17.872,Energy,"Cheniere Energy, Inc.",17.91486,0.08893287471964606,forecast_icc,0.08221942573097352,0.0759702455350225,2026-06-15
CVX,180.4,7.12,359284211712.0,1991597732.0,92.906,Energy,Chevron Corporation,14.5437,0.01,forecast_icc,0.06641455522516637,0.51500002743653,2026-06-15
CHWY,19.34,0.0,7918263808.0,232945978.0,1.035,Consumer Cyclical,"Chewy, Inc.",1.52462,0.2090094580944759,forecast_icc,0.11375656901000675,0.03044847874181865,2026-06-15
CMG,32.73,0.0,41983881216.0,1282734000.0,1.871,Consumer Cyclical,"Chipotle Mexican Grill, Inc.",1.13404,0.19620119219780618,forecast_icc,0.06685655682769936,0.05716468426662195,2026-06-15
CHH,112.0,1.15,5095495168.0,45495493.0,3.038,Consumer Cyclical,"Choice Hotels International, In",7.09858,0.07980469333303275,forecast_icc,0.07097679905763277,0.027125000255519817,2026-06-15
CHRD,127.6,5.2,7183775744.0,56299183.0,142.959,Energy,Chord Energy Corporation,21.52152,0.01,forecast_icc,0.10508180596186512,1.1203683396185091,2026-06-15
CB,326.95,4.08,126810865664.0,387860106.0,189.933,Financial Services,Chubb Limited,27.09449,0.07966232248697058,forecast_icc,0.08489925047720381,0.5809236702798666,2026-06-15
CHD,98.32,1.23,23296294912.0,236943602.0,17.671,Consumer Defensive,"Church & Dwight Company, Inc.",3.7511,0.09026152328650272,forecast_icc,0.05348663083783496,0.17972945512400973,2026-06-15
CHDN,92.3,0.44,6433025024.0,69696908.0,15.725,Consumer Cyclical,"Churchill Downs, Incorporated",6.86918,0.058145222573873445,forecast_icc,0.07005105407842926,0.17036835302383552,2026-06-15
CIEN,463.41,0.0,65597042688.0,141552922.0,20.426,Technology,Ciena Corporation,6.53503,0.4719458059106081,forecast_icc,0.07328843674998614,0.04407759658502,2026-06-15
CI,293.83,6.24,77727555584.0,264532404.0,159.524,Healthcare,The Cigna Group,30.4027,0.10083282076920819,forecast_icc,0.10814500808329824,0.5429125732648487,2026-06-15
CINF,169.34,3.76,26194651136.0,154686742.0,101.643,Financial Services,Cincinnati Financial Corporatio,8.76736,0.047405376304839875,forecast_icc,0.0571958050163327,0.6002303460914472,2026-06-15
CTAS,174.74,1.8,69919924224.0,400136881.0,11.971,Industrials,Cintas Corporation,4.88692,0.11027804834128663,forecast_icc,0.04607100552706156,0.06850749132829896,2026-06-15
CRCL,83.37,0.0,22284025856.0,229857799.0,13.839,Financial Services,"Circle Internet Group, Inc.",0.82058,0.75,forecast_icc,0.09601756749807955,0.14274808784178966,2026-06-15
CRUS,165.94,0.0,8372124672.0,50452718.0,42.059,Technology,"Cirrus Logic, Inc.",8.904,0.05417003593890368,forecast_icc,0.05361572303705897,0.253459062005951,2026-06-15
CSCO,120.17,1.68,473642205184.0,3941434665.0,12.401,Technology,"Cisco Systems, Inc.",4.27693,0.11676599804065058,forecast_icc,0.05736599007795737,0.10319547275496074,2026-06-15
C,141.21,2.4,240844537856.0,1705576955.0,112.225,Financial Services,"Citigroup, Inc.",10.84418,0.15539395325418792,forecast_icc,0.10589147182840575,0.7947382800490054,2026-06-15
CFG,66.65,1.84,28185081856.0,422881942.0,56.478,Financial Services,"Citizens Financial Group, Inc.",5.20315,0.2325053092837992,forecast_icc,0.13650294276800146,0.8473818327829944,2026-06-15
CLVT,2.12,0.0,1355138944.0,639216510.0,7.492,Technology,Clarivate Plc,0.7317,0.06899002323356562,forecast_icc,0.17572069210849628,3.5339624133184087,2026-06-15
CLH,284.03,0.0,15009858560.0,52846032.0,52.533,Industrials,"Clean Harbors, Inc.",8.49,0.10247349823321539,forecast_icc,0.04350226559300474,0.18495581340481335,2026-06-15
CWEN,38.61,1.83,9270136832.0,121168025.0,14.582,Utilities,"Clearway Energy, Inc.",2.31517,0.04,forecast_icc,0.06996478000350537,0.19059828054002992,2026-06-15
CLF,13.63,0.0,7774751744.0,570414657.0,10.207,Basic Materials,Cleveland-Cliffs Inc.,0.50267,0.04,forecast_icc,0.03797421046582483,0.7488628056184787,2026-06-15
CLX,95.98,4.96,11606031360.0,120921351.0,-0.554,Consumer Defensive,Clorox Company (The),5.5631,0.13161007352015952,forecast_icc,0.10225852181984318,,2026-06-15
NET,235.71,0.0,83662807040.0,321184834.0,4.32,Technology,"Cloudflare, Inc.",1.19755,0.31416642311385745,forecast_icc,0.024916912513076248,0.01658465131604554,2026-06-15
CME,266.08,5.2,96140754944.0,361319613.0,73.573,Financial Services,CME Group Inc.,12.2752,0.05227531934306584,forecast_icc,0.053368107869171025,0.2765046717464748,2026-06-15
CMS,73.65,2.28,22751930368.0,308919602.0,29.919,Utilities,CMS Energy Corporation,3.88379,0.07428568485937714,forecast_icc,0.06922639948827666,0.4062321492174321,2026-06-15
CNA,44.92,1.92,12152270848.0,270531425.0,40.133,Financial Services,CNA Financial Corporation,4.05,0.18518518518518512,forecast_icc,0.1402860078994651,0.893432825463388,2026-06-15
CNH,10.67,0.1,13230272512.0,1239950537.0,6.268,Industrials,CNH Industrial N.V.,0.40709,0.75,forecast_icc,0.2026359118582864,0.587441412024333,2026-06-15
KO,80.91,2.12,348113862656.0,4302482418.0,7.816,Consumer Defensive,Coca-Cola Company (The),3.26737,0.06614188169689994,forecast_icc,0.054474319613952035,0.09660115894987725,2026-06-15
COKE,185.43,1.0,12343016448.0,56517334.0,47.819,Consumer Defensive,"Coca-Cola Consolidated, Inc.",38.94,0.75,forecast_icc,0.3785187379408862,0.21895801613258936,2026-06-15
CGNX,65.9,0.34,10967042048.0,166419451.0,8.881,Technology,Cognex Corporation,1.47233,0.19660673897835412,forecast_icc,0.05182304795248009,0.1347647923535161,2026-06-15
CTSH,50.82,1.32,24037859328.0,473000000.0,31.789,Technology,Cognizant Technology Solutions ,5.68484,0.08460924142104242,forecast_icc,0.10917299732775623,0.6255214657357363,2026-06-15
COHR,413.84,0.0,80963379200.0,195639321.0,54.601,Technology,Coherent Corp.,5.45203,0.4997698105109474,forecast_icc,0.07428871640210566,0.13193745952146474,2026-06-15
COIN,169.62,0.0,44688216064.0,222426875.0,51.177,Financial Services,"Coinbase Global, Inc.",1.21974,0.75,forecast_icc,0.0800882751544213,0.2547235308201315,2026-06-15
CL,90.58,2.12,72481153024.0,800189310.0,0.181,Consumer Defensive,Colgate-Palmolive Company,3.81262,0.06036531309178472,forecast_icc,0.05347849764553547,0.0019982334588695408,2026-06-15
COLB,30.95,1.48,8959727616.0,289490366.0,26.47,Financial Services,"Columbia Banking System, Inc.",3.05944,0.10595403080302268,forecast_icc,0.12044274326585935,0.8552503286300795,2026-06-15
COLM,66.87,1.2,3419784960.0,51140792.0,30.933,Consumer Cyclical,Columbia Sportswear Company,3.84592,0.09779974622457055,forecast_icc,0.07455813627821206,0.46258409152603563,2026-06-15
CMCSA,23.97,1.32,85626314752.0,3562784182.0,24.679,Communication Services,Comcast Corporation,3.5139,0.07691169355986216,forecast_icc,0.13722624893994684,1.0268566512787387,2026-06-15
FIX,1952.02,2.6,68679811072.0,35183967.0,18.355,Industrials,"Comfort Systems USA, Inc.",43.14652,0.23864821542965675,forecast_icc,0.056656788012602655,0.009403079365025891,2026-06-15
CBSH,54.72,1.1,7976925696.0,145777158.0,29.417,Financial Services,"Commerce Bancshares, Inc.",4.156,0.05480028873917231,forecast_icc,0.07531045302616624,0.5375914005362198,2026-06-15
CAG,13.61,1.4,6511529472.0,478437156.0,17.064,Consumer Defensive,"ConAgra Brands, Inc.",1.6969,0.01,forecast_icc,0.11569440676986184,1.2537840249498913,2026-06-15
CNXC,26.19,1.44,1597716352.0,61004826.0,45.845,Technology,Concentrix Corporation,11.71,0.09628522630230574,forecast_icc,0.24129938855150723,1.7504773262594735,2026-06-15
COP,112.26,3.36,136765685760.0,1218294007.0,52.977,Energy,ConocoPhillips,9.89886,0.01,forecast_icc,0.067168454872791,0.4719134134427419,2026-06-15
ED,107.72,3.48,39698018304.0,368529705.0,69.554,Utilities,"Consolidated Edison, Inc.",6.11263,0.06164286076533321,forecast_icc,0.06902112279406813,0.6456925609051681,2026-06-15
STZ,148.13,4.12,25407070208.0,171466896.0,46.781,Consumer Defensive,"Constellation Brands, Inc.",11.80174,0.05246175563942268,forecast_icc,0.07971833312012688,0.3157149878402855,2026-06-15
CEG,262.35,1.71,93685719040.0,357102017.0,92.403,Utilities,Constellation Energy Corporatio,11.75059,0.1585341672205396,forecast_icc,0.07339299875201444,0.3522126746207978,2026-06-15
COO,67.76,0.0,13215275008.0,195030630.0,42.272,Healthcare,"The Cooper Companies, Inc.",4.62704,0.08058067360558785,forecast_icc,0.07097371381975753,0.6238489010912909,2026-06-15
CPRT,30.3,0.0,28052086784.0,925811482.0,9.477,Industrials,"Copart, Inc.",1.58448,0.06399575886095121,forecast_icc,0.055145815921434374,0.3127722897220736,2026-06-15
CORT,83.12,0.0,8923064320.0,107351594.0,5.944,Healthcare,Corcept Therapeutics Incorporat,0.4875,0.75,forecast_icc,0.07074944268535044,0.07151106972363502,2026-06-15
CNM,47.61,0.0,9214441472.0,187192831.0,10.859,Industrials,"Core & Main, Inc.",2.812,0.09530583214793742,forecast_icc,0.06821185061654,0.22060229673234827,2026-06-15
GLW,187.88,1.12,161696645120.0,860637825.0,13.023,Technology,Corning Incorporated,3.19182,0.3117625680646152,forecast_icc,0.060927260270596584,0.06931551601863563,2026-06-15
CPAY,353.47,0.0,23103477760.0,65361919.0,53.076,Technology,"Corpay, Inc.",26.77128,0.14324156334698968,forecast_icc,0.09349210258447249,0.15015701310779628,2026-06-15
CTVA,75.71,0.72,50636357632.0,668820000.0,36.359,Basic Materials,"Corteva, Inc.",3.73709,0.01,forecast_icc,0.03989006882267296,0.4802404342889052,2026-06-15
CSGP,32.04,0.0,13083717632.0,408355715.0,19.437,Real Estate,"CoStar Group, Inc.",1.36213,0.3203218488690507,forecast_icc,0.10307836313291252,0.6066479158066105,2026-06-15
COST,979.45,5.88,434365333504.0,443478804.0,37.278,Consumer Defensive,Costco Wholesale Corporation,20.57958,0.10123433034104679,forecast_icc,0.03542473398627678,0.03806013413213547,2026-06-15
COTY,2.05,0.0,1804956160.0,880466438.0,3.513,Consumer Defensive,Coty Inc.,0.23571,0.5577616562725383,forecast_icc,0.24221936903738917,1.713658572568322,2026-06-15
CPNG,17.13,0.0,30749448192.0,1637261211.0,2.173,Consumer Cyclical,"Coupang, Inc.",0.29164,0.04,forecast_icc,0.022092189993505262,0.11570186851120845,2026-06-15
CUZ,28.69,1.28,4721379328.0,164540333.0,27.414,Real Estate,Cousins Properties Incorporated,0.09,0.75,forecast_icc,0.05192685720022554,0.9553794295051399,2026-06-15
CR,206.57,1.02,11928526848.0,57745686.0,36.314,Industrials,Crane Company,6.78386,0.11864926457798353,forecast_icc,0.051400171868632175,0.17579512274439743,2026-06-15
CXT,42.52,0.72,2446701568.0,57542367.0,21.536,Industrials,"Crane NXT, Co.",4.23242,0.11832001549940685,forecast_icc,0.10972988505419534,0.5064910375338428,2026-06-15
CACC,572.79,0.0,5991424000.0,10460071.0,145.264,Financial Services,Credit Acceptance Corporation,47.735,0.14664292447889382,forecast_icc,0.09993524751366512,0.2536077823475688,2026-06-15
CRH,109.59,1.56,73228058624.0,668200216.0,34.524,Basic Materials,CRH PLC,5.94846,0.13169627096761172,forecast_icc,0.07938717387139752,0.3150287566086494,2026-06-15
CROX,126.27,0.0,6274311680.0,49689648.0,28.296,Consumer Cyclical,"Crocs, Inc.",13.66603,0.0628097552837219,forecast_icc,0.08897218130902196,0.22409123924937055,2026-06-15
CRWD,692.91,0.0,176390504448.0,254564820.0,18.205,Technology,"CrowdStrike Holdings, Inc.",4.92878,0.2680277878095594,forecast_icc,0.02781679237229223,0.026273254122169645,2026-06-15
CCI,88.74,4.25,38730747904.0,436451983.0,-4.404,Real Estate,Crown Castle Inc.,2.39917,0.23432270326821358,forecast_icc,0.07925054682453314,,2026-06-15
CCK,100.08,1.22,11183601664.0,111746617.0,26.399,Consumer Cyclical,"Crown Holdings, Inc.",8.10868,0.08969277366969708,forecast_icc,0.08676558813093094,0.2637789712842727,2026-06-15
CSX,47.39,0.56,88057200640.0,1858138856.0,7.307,Industrials,CSX Corporation,1.91067,0.13438218007295855,forecast_icc,0.06549879171409892,0.1541886469489294,2026-06-15
CUBE,41.32,2.12,9404776448.0,226413630.0,11.698,Real Estate,CubeSmart,1.4405,0.031232211037834245,forecast_icc,0.0427752033353318,0.28162143548911717,2026-06-15
CMI,679.71,8.0,93792559104.0,137989067.0,89.507,Industrials,Cummins Inc.,28.2034,0.146987951807229,forecast_icc,0.06963241184999258,0.13168408600807932,2026-06-15
CW,762.59,1.04,28170962944.0,36941164.0,71.231,Industrials,Curtiss-Wright Corporation,15.21035,0.12080984329749156,forecast_icc,0.03566598658600714,0.09340667758197595,2026-06-15
CVS,100.68,2.66,128460357632.0,1275927307.0,60.845,Healthcare,CVS Health Corporation,7.42769,0.1274151182938439,forecast_icc,0.09987468727729609,0.6043405018131142,2026-06-15
DHI,155.09,1.8,43980361728.0,283579613.0,82.915,Consumer Cyclical,"D.R. Horton, Inc.",10.57878,0.13944519122242838,forecast_icc,0.09196775876340035,0.5346250619154298,2026-06-15
DHR,181.1,1.6,128177266688.0,707770627.0,74.818,Healthcare,Danaher Corporation,8.52333,0.08528004899493502,forecast_icc,0.05911717962303242,0.41313084713986625,2026-06-15
DRI,208.76,6.0,23910326272.0,114535003.0,18.344,Consumer Cyclical,"Darden Restaurants, Inc.",10.62099,0.07119204518599487,forecast_icc,0.06589624246150938,0.08787124320810272,2026-06-15
DAR,56.12,0.0,8919003136.0,158927363.0,30.683,Consumer Defensive,Darling Ingredients Inc.,4.72395,0.051139406640629215,forecast_icc,0.07205849904113404,0.5467391595868366,2026-06-15
DDOG,233.09,0.0,82970763264.0,330825798.0,11.208,Technology,"Datadog, Inc.",2.42099,0.17631216981482778,forecast_icc,0.02732939231264997,0.04468918204580156,2026-06-15
DVA,209.75,0.0,13462803456.0,64185000.0,-11.415,Healthcare,DaVita Inc.,14.79799,0.16108201181376658,forecast_icc,0.09429368966436155,,2026-06-15
DECK,112.5,0.0,15624108032.0,138880957.0,17.857,Consumer Cyclical,Deckers Outdoor Corporation,7.48498,0.11255474296524515,forecast_icc,0.07836548321808345,0.15872888513505382,2026-06-15
DE,575.47,6.48,155340898304.0,269937425.0,101.527,Industrials,Deere & Company,18.10259,0.26128250156469335,forecast_icc,0.08185708016176807,0.1764244783388722,2026-06-15
DAL,84.07,0.75,55233515520.0,656994340.0,31.183,Industrials,"Delta Air Lines, Inc.",5.55699,0.4419658844086458,forecast_icc,0.1695715381876285,0.37091708379130167,2026-06-15
DELL,409.07,2.52,265121529856.0,324873640.0,-2.163,Technology,Dell Technologies Inc.,18.35084,0.01,forecast_icc,0.036945376074822636,,2026-06-15
XRAY,10.14,0.64,2031312640.0,200326683.0,6.708,Healthcare,DENTSPLY SIRONA Inc.,1.41999,0.08888090761202538,forecast_icc,0.14374495460833503,0.661538437315095,2026-06-15
DVN,43.53,1.04,50207637504.0,1153403107.0,24.844,Energy,Devon Energy Corporation,5.54073,0.01,forecast_icc,0.0829449794200548,0.5707328250213938,2026-06-15
DXCM,74.22,0.0,28639494144.0,385872977.0,7.662,Healthcare,"DexCom, Inc.",2.59379,0.18845010582969346,forecast_icc,0.0657017779262376,0.10323362329335702,2026-06-15
FANG,189.96,4.4,53438279680.0,281313297.0,129.653,Energy,"Diamondback Energy, Inc.",20.35608,0.01,forecast_icc,0.07401190424411427,0.6825278267629478,2026-06-15
DKS,220.04,5.0,19694137344.0,65931904.0,63.266,Consumer Cyclical,Dick's Sporting Goods Inc,14.31595,0.13973994041610927,forecast_icc,0.09491700757579602,0.21180150039599518,2026-06-15
DLR,184.9,4.88,66138554368.0,351406070.0,64.877,Real Estate,"Digital Realty Trust, Inc.",2.96922,0.01,forecast_icc,0.018812793371420874,0.34470320407275945,2026-06-15
DDS,565.78,1.2,8835815424.0,11630836.0,129.681,Consumer Cyclical,"Dillard's, Inc.",33.84,0.01,forecast_icc,0.04435090073859704,0.17070280114941436,2026-06-15
DOCU,44.195,0.0,8438796800.0,190944608.0,9.426,Technology,"DocuSign, Inc.",4.52524,0.12629827368272184,forecast_icc,0.10634339893692746,0.21328204928550953,2026-06-15
DLB,53.44,1.41,5055323136.0,60346214.0,27.677,Industrials,Dolby Laboratories,4.32,0.06558564814814805,forecast_icc,0.08450753686384871,0.33038484780214056,2026-06-15
DG,116.39,2.36,25674078208.0,220586647.0,40.09,Consumer Defensive,Dollar General Corporation,7.37304,0.08288575675705001,forecast_icc,0.07570899072210013,0.34444542104239745,2026-06-15
DLTR,112.88,0.0,21692667904.0,192174588.0,18.134,Consumer Defensive,"Dollar Tree, Inc.",6.9394,0.10149292446032798,forecast_icc,0.07164681740343881,0.1606484732175062,2026-06-15
D,68.15,2.67,59938779136.0,879512484.0,32.032,Utilities,"Dominion Energy, Inc.",3.58897,0.06281746573529445,forecast_icc,0.06900242742253482,0.47002198399078177,2026-06-15
DPZ,316.52,7.96,10528047104.0,33261870.0,-116.609,Consumer Cyclical,Domino's Pizza Inc,19.19724,0.09405935436552326,forecast_icc,0.07902585866816769,,2026-06-15
DCI,86.43,1.22,10018192384.0,115911056.0,14.627,Industrials,"Donaldson Company, Inc.",3.95167,0.1096574359701088,forecast_icc,0.06590361380067764,0.16923522239598468,2026-06-15
DASH,168.09,0.0,73239961600.0,411336610.0,23.392,Consumer Cyclical,"DoorDash, Inc.",2.55595,0.7226588939533245,forecast_icc,0.11681079090164814,0.13137617457625755,2026-06-15
DV,10.25,0.0,1573008000.0,153464189.0,6.934,Communication Services,"DoubleVerify Holdings, Inc.",1.10081,0.1479274352522233,forecast_icc,0.11605820611728446,0.6764877778917844,2026-06-15
DOV,220.67,2.08,29715732480.0,134661414.0,55.62,Industrials,Dover Corporation,10.63251,0.08773939549551324,forecast_icc,0.06088630356266811,0.25205058807555936,2026-06-15
DOW,33.23,1.4,23950237696.0,720741438.0,21.157,Basic Materials,Dow Inc.,3.00746,0.01,forecast_icc,0.07249469762338259,0.6366837272062955,2026-06-15
DOCS,20.68,0.0,3781794048.0,131975436.0,5.194,Healthcare,"Doximity, Inc.",1.43248,0.11433318440746132,forecast_icc,0.0808725158543018,0.18125799709968765,2026-06-15
DKNG,28.79,0.0,14283549696.0,496128817.0,1.22,Consumer Cyclical,DraftKings Inc.,1.07143,0.5965298712935048,forecast_icc,0.15352401896354906,0.04237582181056179,2026-06-15
DBX,27.23,0.0,6352776704.0,158037382.0,-8.735,Technology,"Dropbox, Inc.",3.06648,0.11056651274425411,forecast_icc,0.10727800759485195,,2026-06-15
DTM,140.69,3.52,14352366592.0,102014118.0,46.592,Energy,"DT Midstream, Inc.",4.78992,0.04176896482613479,forecast_icc,0.04202517048114429,0.3311678081373244,2026-06-15
DTE,148.04,4.59,30796511232.0,208028313.0,59.237,Utilities,DTE Energy Company,7.71231,0.08290771506850736,forecast_icc,0.07129124806478082,0.4001418564703024,2026-06-15
DUK,125.28,4.26,97667817472.0,779596217.0,68.746,Utilities,Duke Energy Corporation (Holdin,6.70442,0.06948401203981858,forecast_icc,0.06964682503675873,0.5487388058942413,2026-06-15
DUOL,127.06,0.0,5920121344.0,40237065.0,29.711,Technology,"Duolingo, Inc.",6.686,0.17334729285073291,forecast_icc,0.08166960940126111,0.20193563083408986,2026-06-15
DD,48.54,0.8,19661524992.0,405058202.0,34.255,Basic Materials,"DuPont de Nemours, Inc.",2.3883,0.09597203031444956,forecast_icc,0.06650514477821645,0.7057066384807716,2026-06-15
BROS,66.51,0.0,11618193408.0,137192622.0,5.471,Consumer Cyclical,Dutch Bros Inc.,0.94015,0.3271924692868158,forecast_icc,0.05255043820089865,0.0646039197837048,2026-06-15
DXC,8.81,0.0,1427927168.0,162080263.0,17.772,Technology,DXC Technology Company,2.56808,0.19804289585994206,forecast_icc,0.2164042326120671,2.017253049446847,2026-06-15
DT,41.19,0.0,12005885952.0,291475733.0,8.863,Technology,"Dynatrace, Inc.",1.94729,0.1606078190716329,forecast_icc,0.07349680458721741,0.21517357668624637,2026-06-15
ELF,63.99,0.0,3803599360.0,59440526.0,4.452,Consumer Defensive,"e.l.f. Beauty, Inc.",3.29571,0.10667504118991045,forecast_icc,0.06493193191791832,0.06957336898700078,2026-06-15
EXP,217.96,1.0,6745458688.0,30948147.0,47.229,Basic Materials,Eagle Materials Inc,13.01287,0.12849125519581772,forecast_icc,0.07900657955933402,0.2166865297482643,2026-06-15
EWBC,131.32,3.2,17990348800.0,136996262.0,65.699,Financial Services,"East West Bancorp, Inc.",10.65411,0.0606770532686447,forecast_icc,0.08217447346416973,0.5002969935267737,2026-06-15
EGP,204.65,6.2,11001007104.0,53755229.0,66.64,Real Estate,"EastGroup Properties, Inc.",5.39033,0.023017143662818595,forecast_icc,0.0320034100589546,0.3256291380138718,2026-06-15
EMN,75.28,3.36,8608265216.0,114349960.0,52.573,Basic Materials,Eastman Chemical Company,6.36912,0.10080827492652067,forecast_icc,0.10783454666025633,0.6983660814615867,2026-06-15
ETN,407.06,4.4,158061395968.0,388300000.0,50.788,Industrials,"Eaton Corporation, PLC",13.34023,0.1785164123856935,forecast_icc,0.06596289685098011,0.12476784909575625,2026-06-15
EBAY,109.18,1.24,48475918336.0,444000000.0,9.892,Consumer Cyclical,eBay Inc.,6.13017,0.10323367867449029,forecast_icc,0.07225265413427773,0.09060267759256256,2026-06-15
ECL,268.58,2.92,75588485120.0,281437502.0,35.546,Basic Materials,Ecolab Inc.,8.37882,0.14615900568337792,forecast_icc,0.05729833747577151,0.1323479023320847,2026-06-15
EIX,72.14,3.51,27759036416.0,384793941.0,44.795,Utilities,Edison International,6.12006,0.06421669068603908,forecast_icc,0.09626310584917397,0.6209453501476685,2026-06-15
EW,86.28,0.0,49680023552.0,575800000.0,17.899,Healthcare,Edwards Lifesciences Corporatio,3.00742,0.11978373489569116,forecast_icc,0.05208806964252488,0.20745248216745452,2026-06-15
ELAN,24.29,0.0,12131630080.0,499449583.0,13.016,Healthcare,Elanco Animal Health Incorporat,1.05786,0.12041290908059676,forecast_icc,0.060939064053945224,0.5358583907899704,2026-06-15
ESTC,62.3,0.0,6476186624.0,103951633.0,12.186,Technology,Elastic N.V.,3.2607,0.18038151317201834,forecast_icc,0.08304485198520861,0.1956019295434683,2026-06-15
EA,203.12,0.76,50932641792.0,250751484.0,26.979,Communication Services,Electronic Arts Inc.,5.59366,0.074820421691701,forecast_icc,0.03750041961373485,0.13282296085216186,2026-06-15
ESI,45.08,0.32,10981813248.0,243607198.0,11.227,Basic Materials,Element Solutions Inc.,1.76991,0.16034713629506592,forecast_icc,0.06812039441640255,0.24904612291090383,2026-06-15
ELV,401.89,6.88,87275397120.0,217162380.0,201.97,Healthcare,"Elevance Health, Inc.",26.90551,0.08704499561613965,forecast_icc,0.078313635042489,0.5025504017849836,2026-06-15
EME,842.3,1.3,37509779456.0,44440278.0,87.006,Industrials,"EMCOR Group, Inc.",29.29825,0.11501437799185954,forecast_icc,0.051594410653536635,0.10308167319948106,2026-06-15
EMR,146.52,2.22,82065850368.0,560100000.0,36.249,Industrials,Emerson Electric Company,6.50656,0.10107491516254363,forecast_icc,0.06296690569954733,0.24739967731957835,2026-06-15
EHC,99.36,0.76,9856420864.0,99199080.0,25.369,Healthcare,Encompass Health Corporation,6.00837,0.0881187410229396,forecast_icc,0.0701693262433053,0.25532406694519977,2026-06-15
ENPH,52.395,0.0,6905568256.0,131798220.0,8.365,Technology,"Enphase Energy, Inc.",2.07935,0.16346935340370794,forecast_icc,0.06616699449486185,0.1596526266092706,2026-06-15
ENTG,162.89,0.4,24808146944.0,152300000.0,26.587,Technology,"Entegris, Inc.",3.63934,0.2703786950381113,forecast_icc,0.0630062946107885,0.16322057867281875,2026-06-15
ETR,111.08,2.56,50862071808.0,457886847.0,37.889,Utilities,Entergy Corporation,4.3998,0.15061366425746625,forecast_icc,0.07379568265259484,0.34109650136694253,2026-06-15
NVST,24.68,0.0,4016125184.0,162727923.0,18.904,Healthcare,Envista Holdings Corporation,1.43227,0.09760729471398566,forecast_icc,0.06800173033635193,0.7659643351376171,2026-06-15
EOG,131.98,4.08,70296313856.0,532628530.0,57.788,Energy,"EOG Resources, Inc.",17.24233,0.01,forecast_icc,0.08676561267184091,0.43785421743010605,2026-06-15
EPAM,92.72,0.0,4844105728.0,52244451.0,65.036,Technology,"EPAM Systems, Inc.",13.05906,0.08020791695573792,forecast_icc,0.11103886011708786,0.7014236075806808,2026-06-15
EPR,58.36,3.59,4464987136.0,76507666.0,30.273,Real Estate,EPR Properties,3.025,0.01,forecast_icc,0.05329582091605804,0.5187286104687223,2026-06-15
EQT,50.75,0.66,31743008768.0,625478000.0,40.159,Energy,EQT Corporation,4.73488,0.01,forecast_icc,0.06446112262372294,0.7913103381467081,2026-06-15
EFX,165.13,2.24,19920392192.0,119072409.0,38.061,Industrials,"Equifax, Inc.",8.60435,0.19428196203083337,forecast_icc,0.09314520603319199,0.22750631188722534,2026-06-15
EQIX,1064.38,19.7,104973680640.0,98624248.0,144.976,Real Estate,"Equinix, Inc.",17.74667,0.08320772291365075,forecast_icc,0.030394294674621514,0.13620698913170928,2026-06-15
EQH,45.2,1.11,12724676608.0,281519390.0,-2.824,Financial Services,"Equitable Holdings, Inc.",7.07471,0.24377819020143576,forecast_icc,0.19014557810579935,,2026-06-15
ELS,64.22,2.17,12868651008.0,193937553.0,9.084,Real Estate,"Equity Lifestyle Properties, In",2.00591,0.08018305906047618,forecast_icc,0.05081152470507033,0.13690080882268027,2026-06-15
EQR,66.18,2.81,25570363392.0,374712144.0,28.435,Real Estate,Equity Residential,1.6884,0.01,forecast_icc,0.02810158333270072,0.4166909813246349,2026-06-15
ESAB,96.72,0.42,5888479232.0,60881712.0,35.984,Industrials,ESAB Corporation,5.78,0.22318339100346019,forecast_icc,0.10296701712785611,0.3720430077604119,2026-06-15
WTRG,37.56,1.37,10653255680.0,283632983.0,24.327,Utilities,"Essential Utilities, Inc.",2.24537,0.06324570115393002,forecast_icc,0.07351939814073682,0.6476836550909666,2026-06-15
ESS,281.39,10.36,19395141632.0,64261739.0,84.522,Real Estate,"Essex Property Trust, Inc.",5.89606,0.021697540391379944,forecast_icc,0.026182638194666485,0.2800459417525743,2026-06-15
EL,90.0,1.4,32561541120.0,247287571.0,11.037,Consumer Defensive,"Estee Lauder Companies, Inc. (T",2.41921,0.3162230645541313,forecast_icc,0.08896248407577156,0.08382013956491137,2026-06-15
ETSY,72.19,0.0,6850558976.0,94896231.0,-11.981,Consumer Cyclical,"Etsy, Inc.",3.53534,0.13560789061306688,forecast_icc,0.0694479048771599,,2026-06-15
EEFT,66.9,0.0,2547224064.0,38075094.0,31.816,Technology,"Euronet Worldwide, Inc.",10.9725,0.1103084985190248,forecast_icc,0.13259197194586958,0.4755754343815747,2026-06-15
EVR,365.53,3.56,14139608064.0,38682484.0,46.077,Financial Services,Evercore Inc.,19.2162,0.19733818340774967,forecast_icc,0.09230491448428413,0.12605531972318182,2026-06-15
EG,338.6,8.0,13398943744.0,39571602.0,384.196,Financial Services,"Everest Group, Ltd.",52.11839,0.1630052271376763,forecast_icc,0.1588366633339201,1.1346604249159538,2026-06-15
EVRG,83.44,2.78,19234007040.0,230513025.0,44.061,Utilities,"Evergy, Inc.",4.24892,0.07131929996328479,forecast_icc,0.06781204572634503,0.5280560817827901,2026-06-15
P,74.7,0.0,24830646272.0,332404932.0,4.376,Technology,"Everpure, Inc.",2.43529,0.2352779340448159,forecast_icc,0.07175228833493941,0.05858099569773454,2026-06-15
ES,69.26,3.15,26047303680.0,376080025.0,43.968,Utilities,Eversource Energy (D/B/A),4.67043,0.06052975850189379,forecast_icc,0.08198934405133718,0.6348252679948791,2026-06-15
ECG,155.95,0.0,7959938560.0,51041606.0,13.459,Industrials,"Everus Construction Group, Inc.",4.61833,0.1057395205626277,forecast_icc,0.04379367467961523,0.08630330120965155,2026-06-15
EXEL,53.0,0.0,13321820160.0,251355083.0,7.63,Healthcare,"Exelixis, Inc.",3.56909,0.1342330958311504,forecast_icc,0.08469636626668431,0.14396225592719605,2026-06-15
EXC,46.18,1.68,47251750912.0,1023208142.0,28.65,Utilities,Exelon Corporation,2.85569,0.06364136163239009,forecast_icc,0.0751318870845793,0.6203984551365105,2026-06-15
EXLS,28.41,0.0,4340562944.0,152782931.0,5.09,Technology,"ExlService Holdings, Inc.",2.23501,0.12282719092979444,forecast_icc,0.08994655701977847,0.1791622719963026,2026-06-15
EXE,87.9,3.19,21028216832.0,239228849.0,81.413,Energy,Expand Energy Corporation,9.05147,0.05840598267463748,forecast_icc,0.09886723898151828,0.9262001832698717,2026-06-15
EXPE,236.98,1.76,28442832896.0,114498625.0,4.8,Consumer Cyclical,"Expedia Group, Inc.",19.77178,0.16821651869482657,forecast_icc,0.10974078737981852,0.01932273771777814,2026-06-15
EXPD,163.23,1.62,21349036032.0,130791133.0,17.303,Industrials,Expeditors International of Was,6.79106,0.01979956000977756,forecast_icc,0.03849611631872507,0.1060038013382374,2026-06-15
EXR,146.65,6.48,32364761088.0,211260936.0,63.128,Real Estate,Extra Space Storage Inc,4.57257,0.04802769558475872,forecast_icc,0.04278915421745022,0.4120679380745627,2026-06-15
XOM,140.92,4.12,584105984000.0,4144947162.0,62.069,Energy,Exxon Mobil Corporation,11.30079,0.01,forecast_icc,0.06283285241848,0.440455555062723,2026-06-15
FFIV,396.81,0.0,22387722240.0,56419247.0,62.198,Technology,"F5, Inc.",16.49187,0.07263275783764978,forecast_icc,0.04865792358844995,0.1567450358409485,2026-06-15
FDS,235.86,4.64,8592646144.0,36431127.0,58.108,Financial Services,FactSet Research Systems Inc.,17.70667,0.0950500574077453,forecast_icc,0.08757347638355328,0.2463664734051918,2026-06-15
FICO,1181.62,0.0,27402838016.0,23190906.0,-90.219,Technology,Fair Isaac Corporation,43.06608,0.26389422951891617,forecast_icc,0.0828125057970118,,2026-06-15
FAST,46.1,0.92,52924416000.0,1148035061.0,3.475,Industrials,Fastenal Company,1.23932,0.10609043669108864,forecast_icc,0.047355913262434005,0.07537960998898882,2026-06-15
FRT,124.71,4.52,10839593984.0,86389197.0,36.479,Real Estate,Federal Realty Investment Trust,4.0209,0.01,forecast_icc,0.03423353834669701,0.2907296640459665,2026-06-15
FDX,338.75,4.88,80828039168.0,238606756.0,124.703,Industrials,FedEx Corporation,19.83153,0.01,forecast_icc,0.046572316405430025,0.36812693465967516,2026-06-15
FDXF,167.16,0.0,24891154432.0,148906159.0,95720.0,Industrials,"FedEx Freight Holding Company, ",4.6825,0.11852642819006931,forecast_icc,0.04426306596300522,572.6250093549698,2026-06-15
FERG,235.56,3.56,45683994624.0,193937826.0,30.258,Industrials,Ferguson Enterprises Inc.,11.28748,0.11048790341156756,forecast_icc,0.06854501866501395,0.12845134904260688,2026-06-15
FRMI,7.48,0.0,4772863488.0,638083359.0,1.702,Real Estate,Fermi Inc.,0.36497,0.04,forecast_icc,0.04645345792076934,0.22754010873105446,2026-06-15
FNF,48.06,2.08,12935711744.0,269157540.0,27.395,Financial Services,"Fidelity National Financial, In",5.32428,0.12411443425214297,forecast_icc,0.13191795797274286,0.570016629484659,2026-06-15
FIS,38.97,1.68,20142780416.0,516879151.0,30.903,Technology,Fidelity National Information S,6.2749,0.09153930739932115,forecast_icc,0.1440161892931996,0.7929946151160485,2026-06-15
FITB,53.0,1.6,48034512896.0,906311548.0,35.243,Financial Services,Fifth Third Bancorp,3.05362,0.598758195191281,forecast_icc,0.22561736983664782,0.6649622523563438,2026-06-15
FIGR,28.99,0.0,6409713664.0,182622749.0,5.889,Financial Services,"Figure Technology Solutions, In",1.1875,0.1684210526315788,forecast_icc,0.06860870865338556,0.1677868037852182,2026-06-15
FAF,66.32,2.2,6758007808.0,101900000.0,53.767,Financial Services,First American Corporation (New,6.87163,0.05687296900444294,forecast_icc,0.0972652528280808,0.810720770922199,2026-06-15
FCNCA,2068.75,8.4,23970551808.0,10581789.0,1735.175,Financial Services,"First Citizens BancShares, Inc.",175.68694,0.12788116179836706,forecast_icc,0.09744397759204448,0.7659922005611511,2026-06-15
FHB,28.2,1.04,3430501120.0,121648973.0,22.752,Financial Services,"First Hawaiian, Inc.",2.32193,0.05834370545193002,forecast_icc,0.0872035012245872,0.8068084914940941,2026-06-15
FHN,24.73,0.68,11737298944.0,474617813.0,17.718,Financial Services,First Horizon Corporation,2.14984,0.09270457336359894,forecast_icc,0.09815325056496274,0.7164577174744916,2026-06-15
FR,63.37,1.89,8682732544.0,132570424.0,20.803,Real Estate,"First Industrial Realty Trust, ",2.1515,0.01,forecast_icc,0.03489764386069312,0.3176261063549351,2026-06-15
FSLR,273.51,0.0,29389570048.0,107453363.0,91.934,Technology,"First Solar, Inc.",17.3841,0.337999091123498,forecast_icc,0.13279405778372533,0.3361266414550441,2026-06-15
FE,47.34,1.86,27382931456.0,578431175.0,21.876,Utilities,FirstEnergy Corp.,2.73368,0.07798279242632633,forecast_icc,0.07799663216340436,0.4621039352427469,2026-06-15
FISV,47.91,0.0,25548197888.0,533253986.0,49.158,,"Fiserv, Inc.",8.12066,0.10142894789339785,forecast_icc,0.13167232357174624,1.026048864922116,2026-06-15
FIVE,193.92,0.0,10722874368.0,55295351.0,41.819,Consumer Cyclical,"Five Below, Inc.",9.03996,0.0767569768007823,forecast_icc,0.05381300519953193,0.2156507857976799,2026-06-15
FLEX,149.22,0.0,54670913536.0,366377923.0,14.067,Technology,Flex Ltd.,4.5412,0.529738835550075,forecast_icc,0.12581996929389117,0.09427020529750746,2026-06-15
FND,53.13,0.0,5743042560.0,108094150.0,22.728,Consumer Cyclical,"Floor & Decor Holdings, Inc.",1.90276,0.14007546931825354,forecast_icc,0.05713306351126202,0.4277808871400738,2026-06-15
FLO,7.7,0.5,1632347904.0,211993230.0,6.242,Consumer Defensive,"Flowers Foods, Inc.",0.83465,0.01,forecast_icc,0.09016676672392651,0.8106493342610376,2026-06-15
FLS,79.99,0.88,10223283200.0,127807021.0,17.341,Industrials,Flowserve Corporation,4.06062,0.13624027857814802,forecast_icc,0.07590454101900285,0.21678960738963,2026-06-15
FLUT,108.98,0.0,18897184768.0,173400475.0,51.972,Consumer Cyclical,Flutter Entertainment plc,5.75564,0.01,forecast_icc,0.03989326674748449,0.4768948177910942,2026-06-15
FMC,11.51,0.32,1439271424.0,125045301.0,14.572,Basic Materials,FMC Corporation,1.72092,0.2888106361713503,forecast_icc,0.20442797817664438,1.2660295311831329,2026-06-15
FNB,18.29,0.52,6510580736.0,355963949.0,19.122,Financial Services,F.N.B. Corporation,1.73143,0.1328381742259288,forecast_icc,0.11719356326209185,1.0454893209664669,2026-06-15
F,14.77,0.6,58853912576.0,3913840554.0,9.399,Consumer Cyclical,Ford Motor Company,1.63771,0.12365437104249222,forecast_icc,0.13035342822893237,0.6250423422494261,2026-06-15
FTNT,149.49,0.0,109523607552.0,732648391.0,1.348,Technology,"Fortinet, Inc.",3.15682,0.08524084363378326,forecast_icc,0.03207296793872001,0.009017325608080424,2026-06-15
FTV,60.28,0.24,18377021440.0,304861021.0,19.905,Technology,Fortive Corporation,2.99642,0.07467577976385154,forecast_icc,0.05705870544260805,0.3302090408294697,2026-06-15
FBIN,43.01,1.04,5130809856.0,119293417.0,19.757,Industrials,"Fortune Brands Innovations, Inc",3.13804,0.16480669462467,forecast_icc,0.10955579262860649,0.459358289591038,2026-06-15
FOXA,54.76,0.56,23009400832.0,199481198.0,26.068,Communication Services,Fox Corporation,4.98688,0.15104634561088282,forecast_icc,0.11142730124552569,0.22599788266681278,2026-06-15
FOX,49.955,0.56,20990406656.0,220705117.0,26.068,Communication Services,Fox Corporation,5.67,0.01,forecast_icc,0.07304781992854834,0.27409383173200397,2026-06-15
BEN,32.51,1.32,16893403136.0,519637162.0,23.332,Financial Services,"Franklin Resources, Inc.",2.74985,0.08378638834845531,forecast_icc,0.09964305492328884,0.7176869080894229,2026-06-15
FRHC,138.9,0.0,8513539072.0,61292581.0,24.298,Financial Services,Freedom Holding Corp.,4.5,0.04,forecast_icc,0.03488447971535724,0.17493161428436796,2026-06-15
FCX,70.13,0.6,100816068608.0,1437559865.0,13.573,Basic Materials,"Freeport-McMoRan, Inc.",2.7037,0.4298368901875209,forecast_icc,0.12839953294131423,0.19354057658717982,2026-06-15
FRPT,54.49,0.0,2677790720.0,49142791.0,25.682,Consumer Defensive,"Freshpet, Inc.",1.57642,0.20778092132807258,forecast_icc,0.06138851521673938,0.47131583100788393,2026-06-15
CFR,145.04,4.12,9108083712.0,62797048.0,69.832,Financial Services,"Cullen/Frost Bankers, Inc.",10.61925,0.036642889092920905,forecast_icc,0.07018936489069671,0.4814671883349506,2026-06-15
FTAI,263.52,1.5,27032664064.0,102582972.0,4.207,Industrials,FTAI Aviation Ltd.,7.372,0.5659251220835595,forecast_icc,0.13425204917352396,0.01596463308914961,2026-06-15
FCN,156.6,0.0,4720557568.0,30144043.0,56.194,Industrials,"FTI Consulting, Inc.",9.25667,0.20417709608314882,forecast_icc,0.09528010674366694,0.358837770314424,2026-06-15
GME,21.74,0.0,9754548224.0,448691257.0,13.02,Consumer Cyclical,GameStop Corporation,1.09,0.11009174311926584,forecast_icc,0.06457176076706214,0.5988960259344963,2026-06-15
GLPI,46.74,3.28,13237789696.0,283221841.0,16.365,Real Estate,"Gaming and Leisure Properties, ",3.19976,0.039865489911743435,forecast_icc,0.08514458624837473,0.35012834728485775,2026-06-15
GAP,22.1,0.7,7955534848.0,359978933.0,10.125,Consumer Cyclical,"Gap, Inc. (The)",2.65685,0.01,forecast_icc,0.08264610751116341,0.4581447716920365,2026-06-15
GRMN,238.17,4.2,45932564480.0,192856206.0,48.061,Technology,Garmin Ltd.,9.57996,0.07766107582912674,forecast_icc,0.054243523337686284,0.20179282871527576,2026-06-15
IT,142.77,0.0,9558721536.0,66951889.0,0.934,Technology,"Gartner, Inc.",13.71449,0.11985936042827694,forecast_icc,0.10049957305597979,0.006541990379203783,2026-06-15
GTES,27.35,0.0,6946898432.0,253999928.0,13.263,Industrials,Gates Industrial Corporation pl,1.63234,0.1427643750689196,forecast_icc,0.08065811490994226,0.4849359866190138,2026-06-15
GLIBA,21.44,0.0,855563072.0,3650938.0,42.902,Communication Services,Liberty Capital Corporation - S,4.16,0.12259615384615374,forecast_icc,0.14999219863816882,0.18307538883118135,2026-06-15
GE,342.26,1.88,357603409920.0,1043337235.0,17.307,Industrials,GE Aerospace,7.56059,0.23515096044091788,forecast_icc,0.05814574393175345,0.050494589887117025,2026-06-15
GEHC,64.76,0.14,29458792448.0,454891786.0,23.452,Healthcare,GE HealthCare Technologies Inc.,4.87224,0.10049176559446993,forecast_icc,0.0821304915931772,0.3621371169270815,2026-06-15
GEV,979.07,2.0,263095697408.0,268719995.0,51.809,Industrials,GE Vernova Inc.,31.00755,0.01,forecast_icc,0.028603893926120477,0.052916540856101695,2026-06-15
GEN,24.41,0.5,14705410048.0,602433854.0,4.366,Technology,Gen Digital Inc.,2.89561,0.13508034576479577,forecast_icc,0.12838414343171312,0.17886112648193186,2026-06-15
GNRC,270.1,0.0,15900430336.0,58868681.0,45.523,Industrials,Generac Holdlings Inc.,9.002,0.2345645412130637,forecast_icc,0.0726303599224025,0.16854128526921147,2026-06-15
GD,359.53,6.36,97227759616.0,270430187.0,96.581,Industrials,General Dynamics Corporation,16.66199,0.09400617813358436,forecast_icc,0.06394034219889361,0.26863128384117263,2026-06-15
GIS,34.27,2.44,18289256448.0,533681218.0,10.354,Consumer Defensive,"General Mills, Inc.",3.40744,0.01,forecast_icc,0.08852879221641963,0.30213012469275424,2026-06-15
GM,84.07,0.72,75802992640.0,901665195.0,69.467,Consumer Cyclical,General Motors Company,12.88204,0.09267088132003942,forecast_icc,0.12488223524747166,0.8262995156211421,2026-06-15
G,31.0,0.75,5254702080.0,169506510.0,14.603,Technology,Genpact Limited,4.07338,0.09944812416224358,forecast_icc,0.12408894570030948,0.4710644919245355,2026-06-15
GNTX,26.04,0.48,5545266176.0,212951848.0,11.75,Consumer Cyclical,Gentex Corporation,1.99325,0.1119478239056817,forecast_icc,0.09328763674971308,0.4512288742476408,2026-06-15
GPC,104.64,4.25,14557737984.0,137624545.0,32.519,Consumer Cyclical,Genuine Parts Company,7.6908,0.0887137879024289,forecast_icc,0.09395515109146524,0.3074249985659722,2026-06-15
GILD,124.3,3.28,154327138304.0,1241569874.0,18.933,Healthcare,"Gilead Sciences, Inc.",9.66738,0.548,forecast_icc,0.23049083927903913,0.15231697213316844,2026-06-15
GTLB,28.31,0.0,4781558784.0,167800000.0,5.834,Technology,GitLab Inc.,0.81241,0.26690956536724064,forecast_icc,0.07189001777221826,0.20473348634251567,2026-06-15
GPN,67.48,1.0,18458718208.0,273543507.0,87.025,Industrials,Global Payments Inc.,13.85757,0.16801863530186023,forecast_icc,0.17949480815394903,1.289641210642561,2026-06-15
GFS,83.98,0.48,46056013824.0,548416440.0,21.321,Technology,GlobalFoundries Inc.,1.91348,0.3160890105984906,forecast_icc,0.07395135436865721,0.25388187006203383,2026-06-15
GLOB,36.87,0.0,1592030208.0,43179556.0,49.266,Technology,Globant S.A.,6.23812,0.058528851641199475,forecast_icc,0.11466089545411648,1.336208317660264,2026-06-15
GL,167.39,1.32,12996956160.0,77644761.0,78.121,Financial Services,Globe Life Inc.,15.64742,0.06404825843493689,forecast_icc,0.0843318912390999,0.46670053352561275,2026-06-15
GMED,77.32,0.0,10495774720.0,113314529.0,34.882,Healthcare,"Globus Medical, Inc.",4.74385,0.08594074433213517,forecast_icc,0.06750459764872793,0.3765932011713376,2026-06-15
GDDY,77.49,0.0,10260439040.0,132409847.0,1.789,Technology,GoDaddy Inc.,7.11744,0.26189613119323796,forecast_icc,0.13872171000072353,0.023086849925186045,2026-06-15
GS,1076.17,18.0,317478141952.0,295007421.0,356.271,Financial Services,"Goldman Sachs Group, Inc. (The)",59.48599,0.10230845952130907,forecast_icc,0.07346631086092692,0.3310545672242898,2026-06-15
GGG,75.15,1.18,12472508416.0,165968177.0,16.53,Industrials,Graco Inc.,3.1,0.09061612903225802,forecast_icc,0.057665060075745234,0.21996008134904435,2026-06-15
LOPE,143.075,0.0,3793532928.0,26514296.0,26.36,Consumer Defensive,"Grand Canyon Education, Inc.",10.07333,0.10820652157727384,forecast_icc,0.08004354353650978,0.1842390341207551,2026-06-15
GPK,10.97,0.44,3245884672.0,295887387.0,10.974,Consumer Cyclical,Graphic Packaging Holding Compa,0.84814,0.3814582498172472,forecast_icc,0.19269476462675839,1.0003646195282936,2026-06-15
GWRE,120.03,0.0,9993262080.0,83256364.0,15.82,Technology,"Guidewire Software, Inc.",3.47741,0.183317469035863,forecast_icc,0.05700314867506873,0.13180037388552107,2026-06-15
GXO,50.32,0.0,5789244928.0,115048589.0,25.803,Industrials,"GXO Logistics, Inc.",3.0572,0.14910048410310095,forecast_icc,0.08314949437303654,0.5127782256385819,2026-06-15
HAL,38.18,0.68,31895486464.0,835397735.0,12.91,Energy,Halliburton Company,2.37123,0.23256284712997033,forecast_icc,0.11578522908305089,0.33813513930953415,2026-06-15
HALO,71.28,0.0,8454734336.0,118613000.0,1.853,Healthcare,"Halozyme Therapeutics, Inc.",8.14108,0.21515450038569828,forecast_icc,0.14094577329180302,0.025996072764124755,2026-06-15
HLNE,81.99,2.4,4553217536.0,43697364.0,20.945,Financial Services,Hamilton Lane Incorporated,6.10099,0.21258680968170718,forecast_icc,0.12838522231465943,0.2010097874181604,2026-06-15
THG,198.27,3.8,6936830464.0,34986787.0,100.859,Financial Services,Hanover Insurance Group Inc,18.59625,0.01,forecast_icc,0.06653726887615419,0.5086951985270546,2026-06-15
HOG,26.07,0.74,2744344576.0,105268302.0,29.108,Consumer Cyclical,"Harley-Davidson, Inc.",0.37988,0.75,forecast_icc,0.14588343182903507,1.1165324359822664,2026-06-15
HIG,129.82,2.4,35587665920.0,274130820.0,67.497,Financial Services,"The Hartford Insurance Group, I",12.8643,0.1000831759209595,forecast_icc,0.10407037434975963,0.5199275501555568,2026-06-15
HAS,84.99,2.8,12025292800.0,141490692.0,4.579,Consumer Cyclical,"Hasbro, Inc.",6.0107,0.06710200143078193,forecast_icc,0.0811371476777526,0.053876931684191505,2026-06-15
HAYW,14.57,0.0,3161150720.0,216962992.0,7.405,Industrials,"Hayward Holdings, Inc.",0.85709,0.11525044044382726,forecast_icc,0.0730733012900425,0.5082361133859508,2026-06-15
HCA,389.97,3.12,86510870528.0,221839800.0,-28.324,Healthcare,"HCA Healthcare, Inc.",30.14331,0.09834089222451015,forecast_icc,0.08522655526569292,,2026-06-15
DOC,20.43,1.22,14084844544.0,689419702.0,11.257,Real Estate,"Healthpeak Properties, Inc.",0.15,0.01,forecast_icc,0.010000000000000002,0.5510034250764961,2026-06-15
HEI-A,248.73,0.24,34737451008.0,84488320.0,34.218,Industrials,Heico Corporation,4.31,0.482,forecast_icc,0.08567803770019192,0.08322491287844352,2026-06-15
HEI,336.18,0.24,46950653952.0,55170957.0,32.298,Industrials,Heico Corporation,6.06655,0.1288755552991403,forecast_icc,0.03418742768143726,0.037952859421462745,2026-06-15
JKHY,130.35,2.38,9261469696.0,71050780.0,29.979,Technology,"Jack Henry & Associates, Inc.",6.55,0.08278167938931302,forecast_icc,0.06458587933792603,0.22998847953256854,2026-06-15
HSY,181.11,5.81,36736962560.0,148229858.0,23.338,Consumer Defensive,The Hershey Company,8.43865,0.177712074798694,forecast_icc,0.09359465758359714,0.09416642490118814,2026-06-15
HPE,49.02,0.57,64912457728.0,1324203521.0,19.113,Technology,Hewlett Packard Enterprise Comp,3.41271,0.17146490618892307,forecast_icc,0.10206070426233926,0.38990207400444404,2026-06-15
HXL,98.63,0.7,7439383040.0,75427184.0,16.793,Industrials,Hexcel Corporation,2.28972,0.38714340618066845,forecast_icc,0.0891914487056652,0.1702626002857355,2026-06-15
DINO,67.25,2.0,12123523072.0,180275437.0,53.161,Energy,HF Sinclair Corporation,9.13147,0.01,forecast_icc,0.08844200456258744,0.7904981455836834,2026-06-15
HIW,29.47,2.0,3309974528.0,110272697.0,21.243,Real Estate,"Highwoods Properties, Inc.",0.76,0.01,forecast_icc,0.028360557437243902,0.7077162928460456,2026-06-15
HLT,347.11,0.6,79019024384.0,227648372.0,-25.862,Consumer Cyclical,Hilton Worldwide Holdings Inc.,9.03125,0.15344055363321796,forecast_icc,0.048440876593877163,,2026-06-15
HD,329.82,9.32,328869019648.0,997116682.0,13.916,Consumer Cyclical,"Home Depot, Inc. (The)",14.96387,0.07639935391045216,forecast_icc,0.06250196708742906,0.04219271174148247,2026-06-15
HON,227.41,4.76,144099065856.0,633653119.0,21.447,Industrials,Honeywell International Inc.,10.5202,0.08801543696887881,forecast_icc,0.0635690662610714,0.09430983027172164,2026-06-15
HRL,24.58,1.17,13526740992.0,550314959.0,14.445,Consumer Defensive,Hormel Foods Corporation,1.48811,0.04877999610243866,forecast_icc,0.07372792274261386,0.5876729352218973,2026-06-15
HST,24.81,0.8,17212340224.0,684879281.0,9.968,Real Estate,"Host Hotels & Resorts, Inc.",1.355,0.01,forecast_icc,0.0489827985229688,0.3966268725904543,2026-06-15
HLI,139.83,2.8,9656573952.0,54276657.0,33.71,Financial Services,"Houlihan Lokey, Inc.",8.21295,0.14970747417188712,forecast_icc,0.09099926335198008,0.1894736286973759,2026-06-15
HHH,67.09,0.0,4000213504.0,59624589.0,63.973,Real Estate,Howard Hughes Holdings Inc.,3.01008,0.5198798703024505,forecast_icc,0.15064032692661,0.9535400618699077,2026-06-15
HWM,270.44,0.48,108205072384.0,400107483.0,13.771,Industrials,Howmet Aerospace Inc.,5.03724,0.19441996013690055,forecast_icc,0.043888096500046866,0.05092071958363878,2026-06-15
HPQ,24.6,1.2,22497257472.0,914522690.0,-0.157,Technology,HP Inc.,3.01598,0.01,forecast_icc,0.09001551177062148,,2026-06-15
HUBB,489.73,5.68,25878204416.0,52841777.0,71.319,Industrials,Hubbell Inc,19.78804,0.10032373090007907,forecast_icc,0.05765390477465926,0.14562921883146315,2026-06-15
HUBS,186.06,0.0,9524543488.0,51190708.0,38.434,Technology,"HubSpot, Inc.",13.1155,0.19048530364835492,forecast_icc,0.10196835985846542,0.2065677660825228,2026-06-15
HUM,380.26,3.54,45654589440.0,120061500.0,154.754,Healthcare,Humana Inc.,8.84446,0.75,forecast_icc,0.16557966598946516,0.40696888525124364,2026-06-15
HBAN,17.21,0.62,34886918144.0,2027130587.0,14.629,Financial Services,Huntington Bancshares Incorpora,1.45916,0.29462156309109355,forecast_icc,0.16787335991956576,0.8500290348037858,2026-06-15
HII,299.66,5.52,11807811584.0,39404029.0,130.708,Industrials,"Huntington Ingalls Industries, ",17.39514,0.170938549502907,forecast_icc,0.09539141526371842,0.4361876699922111,2026-06-15
HUN,15.89,0.51,2786297600.0,175349112.0,15.466,Basic Materials,Huntsman Corporation,0.21323,0.04,forecast_icc,0.020229809640823722,0.9733164778206032,2026-06-15
H,198.95,0.6,18733451264.0,41030133.0,34.289,Consumer Cyclical,Hyatt Hotels Corporation,3.60007,0.3567069529203599,forecast_icc,0.0688502153307041,0.07510000216247394,2026-06-15
IBM,268.71,6.76,252556574720.0,939885280.0,35.083,Technology,International Business Machines,12.45177,0.08049136789388167,forecast_icc,0.06326861081627111,0.13056082707328856,2026-06-15
IDA,142.94,3.5,7920053248.0,55408235.0,65.727,Utilities,"IDACORP, Inc.",6.38486,0.08812722596893274,forecast_icc,0.06356727068674262,0.45982229510447353,2026-06-15
IEX,222.04,2.92,16434302976.0,74015052.0,54.506,Industrials,IDEX Corporation,8.49533,0.08649457996334475,forecast_icc,0.05294855886079762,0.24547827980313364,2026-06-15
IDXX,570.0,0.0,44963311616.0,78882997.0,19.638,Healthcare,"IDEXX Laboratories, Inc.",14.62513,0.12928432089150665,forecast_icc,0.043272059679786534,0.0344526290304373,2026-06-15
ITW,262.51,6.44,75524128768.0,287700000.0,11.223,Industrials,Illinois Tool Works Inc.,11.3274,0.0716837049984993,forecast_icc,0.057829826854292554,0.042752656040808044,2026-06-15
ILMN,166.89,0.0,25250457600.0,151300000.0,17.605,Healthcare,"Illumina, Inc.",5.2265,0.13358844350904042,forecast_icc,0.05081815577022433,0.1054886427087959,2026-06-15
INCY,101.98,0.0,20373784576.0,199782155.0,28.121,Healthcare,Incyte Corporation,7.69657,0.19066415299282657,forecast_icc,0.10610739120703327,0.275750141550677,2026-06-15
IR,76.77,0.08,30042927104.0,391336834.0,26.004,Industrials,Ingersoll Rand Inc.,3.50262,0.09749844402190377,forecast_icc,0.05808864345507947,0.3387260833842351,2026-06-15
INGM,30.09,0.32,6934078464.0,230444611.0,18.149,Technology,Ingram Micro Holding Corporatio,3.27822,0.12423815363215396,forecast_icc,0.11436966625472433,0.6031571847293997,2026-06-15
INGR,101.51,3.28,6401125376.0,63059061.0,69.571,Consumer Defensive,Ingredion Incorporated,10.82276,0.07242607246210753,forecast_icc,0.1045730588877124,0.6853610381199008,2026-06-15
INSM,97.46,0.0,21124694016.0,216752451.0,3.255,Healthcare,Insmed Incorporated,0.33273,0.04,forecast_icc,0.010000000000000002,0.03339831703458648,2026-06-15
INSP,41.13,0.0,1185084928.0,28813153.0,27.51,Healthcare,"Inspire Medical Systems, Inc.",0.90038,0.4497656545014328,forecast_icc,0.09137191360717722,0.6688548814536945,2026-06-15
PODD,148.14,0.0,10260868096.0,69264674.0,18.806,Healthcare,Insulet Corporation,6.48119,0.24824453533996071,forecast_icc,0.08899021152129116,0.12694749090009158,2026-06-15
INTC,127.86,0.0,642624323584.0,5026000000.0,22.177,Technology,Intel Corporation,1.09064,0.41350033008141995,forecast_icc,0.04593969799536812,0.17344753055465448,2026-06-15
IBKR,92.76,0.35,157341581312.0,445484364.0,12.537,Financial Services,"Interactive Brokers Group, Inc.",2.51267,0.1449653157796289,forecast_icc,0.04910338647150525,0.03549625868061646,2026-06-15
ICE,140.1,2.08,79228305408.0,565512495.0,52.081,Financial Services,Intercontinental Exchange Inc.,8.14015,0.08207588312254699,forecast_icc,0.06939183542516003,0.3717415903372467,2026-06-15
IFF,78.36,1.6,20005580800.0,255303473.0,55.329,Basic Materials,International Flavors & Fragran,4.49797,0.07032505774827325,forecast_icc,0.06758717536264525,0.7060872662900645,2026-06-15
IP,36.39,1.85,19269122048.0,529516974.0,27.971,Consumer Cyclical,International Paper Company,1.38335,0.75,forecast_icc,0.2504528760819186,0.768645257571104,2026-06-15
INTU,281.77,4.8,77074513920.0,273537000.0,75.215,Technology,Intuit Inc.,23.83308,0.14702967472101802,forecast_icc,0.10909607950710787,0.26693759595234046,2026-06-15
ISRG,416.55,0.0,147526533120.0,354162842.0,49.307,Healthcare,"Intuitive Surgical, Inc.",10.41917,0.13116495843718834,forecast_icc,0.04277407260214072,0.11836994255324639,2026-06-15
IVZ,29.1,0.86,12899932160.0,443296629.0,21.982,Financial Services,Invesco Ltd,2.59518,0.15073713576707592,forecast_icc,0.12010130513636719,0.7553951740067135,2026-06-15
INVH,29.17,1.2,17328203776.0,594041956.0,15.305,Real Estate,Invitation Homes Inc.,0.61746,0.07576199267968775,forecast_icc,0.03554294701975194,0.5246828958216887,2026-06-15
IPGP,120.01,0.0,5093658624.0,42443616.0,49.85,Technology,IPG Photonics Corporation,1.61857,0.4280692215968416,forecast_icc,0.06491587445785424,0.41538202965366217,2026-06-15
IQV,178.39,0.0,29773291520.0,166900000.0,37.274,Healthcare,"IQVIA Holdings, Inc.",12.81283,0.10801438870257396,forecast_icc,0.08100706985607664,0.2089466861875539,2026-06-15
IRDM,45.39,0.6,4798982144.0,105727744.0,4.43,Communication Services,Iridium Communications Inc,1.14843,0.20463589422080575,forecast_icc,0.06186316442564764,0.09759859317367778,2026-06-15
IRM,126.28,3.46,37571416064.0,297524681.0,-4.084,Real Estate,Iron Mountain Incorporated (Del,2.43322,0.09883611017499438,forecast_icc,0.036437525291426895,,2026-06-15
ITT,195.18,1.54,17534937088.0,89402646.0,52.998,Industrials,ITT Inc.,7.93643,0.1695119846076889,forecast_icc,0.07207832215656496,0.2702126280196666,2026-06-15
JBL,385.63,0.32,40684978176.0,105502622.0,12.701,Technology,Jabil Inc.,12.3843,0.19194706200592693,forecast_icc,0.06315110905549651,0.032935713919405696,2026-06-15
J,124.57,1.44,14709335040.0,118080879.0,27.86,Industrials,Jacobs Solutions Inc.,7.2455,0.141919812297288,forecast_icc,0.08428014009646267,0.22364935464411043,2026-06-15
JHX,25.17,0.0,14606517248.0,580314579.0,11.075,Basic Materials,James Hardie Industries plc.,1.35699,0.2644971591537153,forecast_icc,0.10443053103215896,0.44000796721785373,2026-06-15
JHG,51.84,1.6,7987279872.0,154075608.0,33.614,Financial Services,Janus Henderson Group plc,4.375,0.0798902857142858,forecast_icc,0.09363559648310424,0.6484181811967937,2026-06-15
JAZZ,230.59,0.0,14485116928.0,62817628.0,72.285,Healthcare,Jazz Pharmaceuticals plc,25.38864,0.01,forecast_icc,0.06830473764016773,0.31347846638383725,2026-06-15
JBHT,283.16,1.8,26701762560.0,94299203.0,38.117,Industrials,"J.B. Hunt Transport Services, I",7.36294,0.2467574094043956,forecast_icc,0.06735464925230075,0.13461293847828298,2026-06-15
JEF,61.95,1.6,12664581120.0,204432307.0,51.906,Financial Services,Jefferies Financial Group Inc.,3.67,0.23705722070844693,forecast_icc,0.11946434431757019,0.8378692691528987,2026-06-15
JNJ,235.66,5.36,567284727808.0,2407216971.0,33.735,Healthcare,Johnson & Johnson,11.57426,0.09876052551091807,forecast_icc,0.0697178299621313,0.1431511559115514,2026-06-15
JCI,146.06,1.6,89113477120.0,610115603.0,22.156,Industrials,Johnson Controls International ,4.8877,0.17815741555332765,forecast_icc,0.06684222992668698,0.1516910992247005,2026-06-15
JLL,298.24,0.0,13836420096.0,46393575.0,157.804,Real Estate,Jones Lang LaSalle Incorporated,23.00076,0.13593942113217117,forecast_icc,0.09249881539428928,0.5291174782570002,2026-06-15
JPM,319.4,6.0,855835869184.0,2679511418.0,128.379,Financial Services,JP Morgan Chase & Co.,22.30846,0.05573132345307563,forecast_icc,0.07123362659444454,0.40193804526959526,2026-06-15
KRMN,48.27,0.0,6397044224.0,132526299.0,3.061,Industrials,Karman Holdings Inc.,0.57196,0.6108469123714946,forecast_icc,0.08549980513157773,0.06341413112591293,2026-06-15
KBR,34.82,0.66,4414826496.0,126789957.0,12.493,Industrials,"KBR, Inc.",3.96134,0.04722139478055398,forecast_icc,0.09291993455054481,0.3587880371371677,2026-06-15
KMPR,25.56,1.28,1504825344.0,58874232.0,45.045,Financial Services,Kemper Corporation,1.97549,0.75,forecast_icc,0.32385597641132946,1.7623239740172798,2026-06-15
KVUE,18.25,0.83,35040157696.0,1920008668.0,5.525,Consumer Defensive,Kenvue Inc.,1.1885,0.0405300799326882,forecast_icc,0.07296048644340158,0.30273973030409507,2026-06-15
KDP,31.77,0.92,43224977408.0,1360559471.0,18.568,Consumer Defensive,Keurig Dr Pepper Inc.,2.28507,0.10465324913459972,forecast_icc,0.09255676168198967,0.5844506989343712,2026-06-15
KEY,22.42,0.82,24199446528.0,1079368644.0,16.083,Financial Services,KeyCorp,1.8215,0.17946747186384848,forecast_icc,0.1278987882338044,0.7173505344994641,2026-06-15
KEYS,356.94,0.0,60999389184.0,170895368.0,37.023,Technology,Keysight Technologies Inc.,10.19471,0.16299139455658862,forecast_icc,0.05280595081143877,0.10372332074308006,2026-06-15
KRC,38.37,2.16,4505112576.0,116278807.0,45.28,Real Estate,Kilroy Realty Corporation,0.7,0.01,forecast_icc,0.02104419998532661,1.1686954081921703,2026-06-15
KMB,103.14,5.12,34236327936.0,331940357.0,5.411,Consumer Defensive,Kimberly-Clark Corporation,7.5387,0.01,forecast_icc,0.0658121033539173,0.05246267283934804,2026-06-15
KIM,25.35,1.04,17095780352.0,674389792.0,15.405,Real Estate,Kimco Realty Corporation (HC),0.815,0.060122699386503164,forecast_icc,0.047130681053975484,0.6076923388024587,2026-06-15
KMI,31.46,1.18,69993021440.0,2224825757.0,14.079,Energy,"Kinder Morgan, Inc.",1.48565,0.01409484064214328,forecast_icc,0.04739316198633936,0.4475206411778386,2026-06-15
KNSL,311.83,1.0,7191678976.0,23062819.0,85.31,Financial Services,"Kinsale Capital Group, Inc.",20.72723,0.047984704178995585,forecast_icc,0.06144606619021306,0.2735785475764262,2026-06-15
KEX,142.0,0.0,7593024000.0,53472000.0,63.806,Industrials,Kirby Corporation,7.01368,0.18042739332276359,forecast_icc,0.0801218109334999,0.4493380281690141,2026-06-15
KKR,98.08,0.75,91453865984.0,897872941.0,31.428,Financial Services,KKR & Co. Inc.,6.03712,0.22495825824234084,forecast_icc,0.10704894420557193,0.30855284777884456,2026-06-15
KLAC,256.42,0.92,334955118592.0,1306275210.0,4.461,Technology,KLA Corporation,3.71364,0.35909242683728104,forecast_icc,0.06041236573252873,0.01739723738602745,2026-06-15
KNX,79.25,0.8,12877649920.0,162494000.0,43.414,Industrials,Knight-Swift Transportation Hol,1.90648,0.75,forecast_icc,0.16929599684112323,0.5478107076853973,2026-06-15
KHC,23.99,1.6,28446806016.0,1185777638.0,35.348,Consumer Defensive,The Kraft Heinz Company,2.05482,0.01710612121743038,forecast_icc,0.08373371592456824,1.4734472448136655,2026-06-15
KR,64.06,1.4,39496876032.0,616560677.0,9.252,Consumer Defensive,Kroger Company (The),5.24242,0.07062768721315726,forecast_icc,0.08502082298965508,0.14442710301904213,2026-06-15
KD,11.57,0.0,2544453376.0,219918196.0,5.276,Technology,"Kyndryl Holdings, Inc.",1.87975,0.3792791594626943,forecast_icc,0.22279972845009277,0.45600694162454164,2026-06-15
LHX,304.17,5.0,56665333760.0,186294951.0,102.781,Industrials,"L3Harris Technologies, Inc.",11.70485,0.16471718988282635,forecast_icc,0.07261707136124784,0.33790644276143417,2026-06-15
LH,265.03,2.88,21732460544.0,82000000.0,106.058,Healthcare,Labcorp Holdings Inc.,17.99504,0.08027545368056965,forecast_icc,0.07455111494026123,0.40017355523974674,2026-06-15
LRCX,388.92,1.04,486372081664.0,1250571000.0,8.464,Technology,Lam Research Corporation,5.675,0.40384317180616747,forecast_icc,0.06682070171934684,0.02176283002878506,2026-06-15
LAMR,154.48,6.4,15675873280.0,87055016.0,9.557,Real Estate,Lamar Advertising Company,6.056,0.05515191545574627,forecast_icc,0.05512264537617398,0.05307422259999285,2026-06-15
LW,45.42,1.52,6271266304.0,138072803.0,13.147,Consumer Defensive,"Lamb Weston Holdings, Inc.",2.81358,0.06792058516196442,forecast_icc,0.07540669705920522,0.28945400387210224,2026-06-15
LSTR,219.27,1.6,7439438336.0,33928210.0,23.549,Industrials,"Landstar System, Inc.",5.67088,0.2501163840532685,forecast_icc,0.06828904069670064,0.10739727667661388,2026-06-15
LVS,49.74,1.1,32959580160.0,662637325.0,1.807,Consumer Cyclical,Las Vegas Sands Corp.,3.36248,0.09252694439818221,forecast_icc,0.08252284214683592,0.03632891075864359,2026-06-15
LSCC,148.97,0.0,20410060800.0,137007857.0,5.409,Technology,Lattice Semiconductor Corporati,1.81985,0.269994779789543,forecast_icc,0.0402649830539155,0.036309323415293304,2026-06-15
LAZ,44.06,2.0,4337164800.0,98437685.0,9.303,Financial Services,"Lazard, Inc.",2.8498,0.5399782440873042,forecast_icc,0.23580042198483675,0.21114387526962317,2026-06-15
LEA,144.44,3.08,7235736576.0,50095099.0,101.231,Consumer Cyclical,Lear Corporation,14.8092,0.1700334926937308,forecast_icc,0.13087476861999675,0.7008515185156734,2026-06-15
LDOS,114.6,1.72,14415013888.0,125785466.0,39.854,Technology,"Leidos Holdings, Inc.",12.3319,0.06647718518638657,forecast_icc,0.09560672841054008,0.34776615554544793,2026-06-15
LEN,89.75,2.0,22105272320.0,215244398.0,88.833,Consumer Cyclical,Lennar Corporation,5.58911,0.3105700191980476,forecast_icc,0.14085394731770895,0.8649884665856041,2026-06-15
LEN-B,87.93,2.0,21657010176.0,31053898.0,88.833,Consumer Cyclical,Lennar Corporation,16.2,0.01,forecast_icc,0.10380127794412874,0.12737727408426186,2026-06-15
LII,524.17,5.44,18241097728.0,34799968.0,34.872,Industrials,"Lennox International, Inc.",24.32438,0.09787752041367548,forecast_icc,0.062185489320756626,0.06652804026334527,2026-06-15
DRS,46.68,0.36,12452454400.0,266762087.0,10.415,Industrials,"Leonardo DRS, Inc.",1.30005,0.10708818891581107,forecast_icc,0.04446952352293501,0.22311482113156741,2026-06-15
LBRDA,33.55,0.0,4826545152.0,18254690.0,41.102,Communication Services,Liberty Broadband Corporation,5.92,0.01,forecast_icc,0.09345336115117783,0.1554536930145764,2026-06-15
LBRDK,33.64,0.0,,,41.102,Communication Services,Liberty Broadband Corporation,5.44,0.2242647058823528,forecast_icc,0.17137915559894673,,2026-06-15
FWONA,83.26,0.0,20865431552.0,23991058.0,29.64,Communication Services,Liberty Media Corporation - Ser,1.85012,0.3305947722309903,forecast_icc,0.07151846111768168,0.0340800504100688,2026-06-15
FWONK,90.04,0.0,22564538368.0,224233462.0,29.64,Communication Services,Liberty Media Corporation - Ser,1.77814,0.1959407020819508,forecast_icc,0.04530965985267822,0.2945453483376133,2026-06-15
LLYVA,96.85,0.0,8910628864.0,25573685.0,-3.453,Communication Services,"Liberty Live Holdings, Inc. - S",1.86,0.04,forecast_icc,0.024172301998589954,,2026-06-15
LLY,1129.35,6.92,1007088107520.0,891741406.0,34.917,Healthcare,Eli Lilly and Company,36.20837,0.22871921602657053,forecast_icc,0.07296257606544831,0.030917786081277546,2026-06-15
LECO,267.86,3.16,14675274752.0,54787110.0,27.584,Industrials,"Lincoln Electric Holdings, Inc.",10.9246,0.10391227138751069,forecast_icc,0.058926857009535066,0.10297917195956019,2026-06-15
LNC,37.57,1.8,7183879680.0,191213197.0,48.251,Financial Services,Lincoln National Corporation,7.72748,0.07945280997168558,forecast_icc,0.15899044771271031,1.2842960043071046,2026-06-15
LIN,521.48,6.4,241104863232.0,462347310.0,83.368,Basic Materials,Linde plc,17.95,0.098050139275766,forecast_icc,0.051394342139192487,0.15986807575503195,2026-06-15
LAD,308.52,2.28,7036051456.0,22805820.0,280.009,Consumer Cyclical,"Lithia Motors, Inc.",34.54789,0.18219289224320212,forecast_icc,0.13328748869099794,0.9075878555342959,2026-06-15
LFUS,476.9,3.0,12060277760.0,25288904.0,99.913,Technology,"Littelfuse, Inc.",14.76,0.1697154471544715,forecast_icc,0.059752156963319744,0.20950514703170484,2026-06-15
LYV,175.85,0.0,40922546176.0,232712799.0,-0.604,Communication Services,"Live Nation Entertainment, Inc.",2.20896,0.04,forecast_icc,0.01745172567860187,,2026-06-15
LKQ,26.14,1.2,6660232192.0,254790835.0,25.337,Consumer Cyclical,LKQ Corporation,2.96921,0.11955368599728566,forecast_icc,0.1332391008954078,0.9692808299009824,2026-06-15
LOAR,68.7,0.0,6432001024.0,93624471.0,12.603,Industrials,Loar Holdings Inc.,1.30229,0.21208793740257548,forecast_icc,0.04636093498788714,0.18344978547270208,2026-06-15
LMT,530.36,13.8,122281713664.0,230563608.0,32.561,Industrials,Lockheed Martin Corporation,29.89073,0.07416847965907825,forecast_icc,0.07008907544390147,0.06139414811209167,2026-06-15
L,108.28,0.25,22280654848.0,205768873.0,90.898,Financial Services,Loews Corporation,2.9,0.01,forecast_icc,0.025404034150483097,0.8394716917233221,2026-06-15
LPX,77.23,1.2,5395664896.0,69864880.0,24.714,Industrials,Louisiana-Pacific Corporation,1.94555,0.75,forecast_icc,0.18215833777678714,0.3200051666663029,2026-06-15
LOW,220.19,5.0,123462090752.0,560707041.0,-16.524,Consumer Cyclical,"Lowe's Companies, Inc.",12.49718,0.0784673022233815,forecast_icc,0.07035648526377064,,2026-06-15
LPLA,295.32,1.2,23620540416.0,79982861.0,70.905,Financial Services,LPL Financial Holdings Inc.,23.19955,0.22649275524740786,forecast_icc,0.12055756239639437,0.24009547026974337,2026-06-15
LULU,116.21,0.0,13196100608.0,108437957.0,42.592,Consumer Cyclical,lululemon athletica inc.,11.04375,0.051606564799094645,forecast_icc,0.0781933579513675,0.34999653319890783,2026-06-15
LITE,957.24,0.0,74473267200.0,77800000.0,11.857,Technology,Lumentum Holdings Inc.,8.22502,0.75,forecast_icc,0.08889017175198377,0.012386654093242199,2026-06-15
LYFT,14.24,0.0,5406679040.0,379682532.0,7.91,Technology,"Lyft, Inc.",0.57825,0.6292088197146561,forecast_icc,0.1671552603386558,0.5554775502486643,2026-06-15
LYB,63.3,4.12,20432275456.0,322784773.0,31.106,Basic Materials,LyondellBasell Industries NV,9.47456,0.01,forecast_icc,0.10794505973787694,0.49140601939122563,2026-06-15
MTB,225.94,6.0,33087797248.0,146445060.0,173.831,Financial Services,M&T Bank Corporation,18.74155,0.11447559033270993,forecast_icc,0.10235102851495936,0.7693679646927458,2026-06-15
MTSI,384.77,0.0,29356324864.0,76295774.0,18.039,Technology,MACOM Technology Solutions Hold,5.02551,0.3620229588638766,forecast_icc,0.05441417646494327,0.04688255337008387,2026-06-15
M,24.68,0.77,6491776512.0,263037954.0,18.389,Consumer Cyclical,Macy's Inc,2.1593,0.055314222201639396,forecast_icc,0.08680390701361207,0.7450972668521217,2026-06-15
MANH,143.89,0.0,8513194496.0,59164602.0,3.468,Technology,"Manhattan Associates, Inc.",5.35961,0.11065357367420403,forecast_icc,0.052722902406907024,0.02410174463092638,2026-06-15
MAN,33.35,1.44,1551019904.0,46507342.0,44.41,Industrials,ManpowerGroup,3.6844,0.2999511453696666,forecast_icc,0.19490632733147406,1.3316341414403923,2026-06-15
CART,42.18,0.0,9913556992.0,235029814.0,10.118,Consumer Cyclical,Maplebear Inc.,2.42925,0.22501183492847576,forecast_icc,0.09886633991529814,0.23987673243529178,2026-06-15
MPC,250.86,3.91,73235226624.0,291936635.0,57.177,Energy,Marathon Petroleum Corporation,29.77995,0.01,forecast_icc,0.07663263352160066,0.2279239342713364,2026-06-15
MKL,1854.05,0.0,23201044480.0,12513710.0,1440.231,Financial Services,Markel Group Inc.,111.566,0.09119265726117276,forecast_icc,0.06799761743973479,0.7768026600072273,2026-06-15
MKTX,121.0,3.12,4300273664.0,35539453.0,33.492,Financial Services,"MarketAxess Holdings, Inc.",7.95344,0.1006646180772095,forecast_icc,0.08522896921879008,0.27679339802035446,2026-06-15
MAR,400.63,2.92,105641574400.0,263688623.0,-15.459,Consumer Cyclical,Marriott International,11.59597,0.12801947573165506,forecast_icc,0.04957142424605154,,2026-06-15
MRSH,166.19,3.6,80069427200.0,481794501.0,30.215,Financial Services,Marsh,10.39805,0.08848486014204604,forecast_icc,0.0773608988354072,0.18180997862458795,2026-06-15
MLM,588.89,3.32,35360432128.0,60045900.0,188.106,Basic Materials,"Martin Marietta Materials, Inc.",19.46267,0.17713345599550334,forecast_icc,0.0636193947880136,0.3194246615684345,2026-06-15
MRVL,308.88,0.24,270208221184.0,874800000.0,20.804,Technology,"Marvell Technology, Inc.",4.04749,0.525051328107049,forecast_icc,0.07859386832123286,0.06735301805494306,2026-06-15
MAS,74.33,1.28,14994920448.0,201734437.0,-1.2,Industrials,Masco Corporation,4.27076,0.10080875535033584,forecast_icc,0.07505099820213665,,2026-06-15
MASI,179.95,0.0,9423817728.0,52369086.0,15.065,Healthcare,Masimo Corporation,6.04,0.10872019867549665,forecast_icc,0.04857355180840532,0.08371769312196103,2026-06-15
MTZ,371.85,0.0,29383051264.0,79018556.0,42.434,Industrials,"MasTec, Inc.",8.83513,0.3266595964066177,forecast_icc,0.07391174460715388,0.11411590223143954,2026-06-15
MA,490.64,3.48,433521590272.0,877036230.0,7.576,Financial Services,Mastercard Incorporated,19.6598,0.1586791320359311,forecast_icc,0.06864700891577,0.015326633384766732,2026-06-15
MTDR,51.38,1.5,6380277248.0,124178227.0,44.965,Energy,Matador Resources Company,7.81578,0.13840589167044093,forecast_icc,0.15166999944492277,0.8751459787747142,2026-06-15
MTCH,35.94,0.8,8383598592.0,233266526.0,-0.933,Communication Services,"Match Group, Inc.",3.842,0.10307131702238426,forecast_icc,0.11137675938236058,,2026-06-15
MAT,14.35,0.0,4169665024.0,290569000.0,7.249,Consumer Cyclical,"Mattel, Inc.",1.33122,0.19276302940160162,forecast_icc,0.11977610995000673,0.5051568096900438,2026-06-15
MKC,47.87,1.92,12869523456.0,253986983.0,25.976,Consumer Defensive,"McCormick & Company, Incorporat",3.09304,0.0781237876005485,forecast_icc,0.08367552768321865,0.5126503629263831,2026-06-15
MCD,286.12,7.44,203289935872.0,710505859.0,-1.81,Consumer Cyclical,McDonald's Corporation,12.98436,0.09507515195204075,forecast_icc,0.06670729298054934,,2026-06-15
MCK,779.78,3.28,93732716544.0,120204051.0,-18.1,Healthcare,McKesson Corporation,44.26476,0.1373331742903383,forecast_icc,0.07860139475947714,,2026-06-15
MDU,21.05,0.56,4399576576.0,209006024.0,13.893,Utilities,"MDU Resources Group, Inc.",0.97035,0.08077497810068524,forecast_icc,0.06370351574653588,0.6600000343833088,2026-06-15
MPT,4.88,0.36,2918727936.0,598100000.0,7.603,Real Estate,"Medical Properties Trust, Inc.",0.11,0.3333636363636363,forecast_icc,0.09000195978259809,1.5579918374413366,2026-06-15
MDLN,37.33,0.0,66513481728.0,845606187.0,13.324,Healthcare,Medline Inc.,1.50965,0.10514357632563853,forecast_icc,0.05468729124215688,0.16939207725830147,2026-06-15
MEDP,467.5,0.0,13351654400.0,28559689.0,20.95,Healthcare,"Medpace Holdings, Inc.",17.06482,0.08772492179817881,forecast_icc,0.04732935560390904,0.04481283492104169,2026-06-15
MDT,80.38,2.88,103198670848.0,1283884964.0,38.169,Healthcare,Medtronic plc.,5.94778,0.0772590781770679,forecast_icc,0.0881102080591104,0.47485694135629175,2026-06-15
MRK,114.9,3.4,283782840320.0,2469824415.0,18.576,Healthcare,"Merck & Company, Inc.",2.73657,0.75,forecast_icc,0.19377455032862823,0.16167100971047185,2026-06-15
META,593.48,2.1,1506503426048.0,2196045588.0,96.013,Communication Services,"Meta Platforms, Inc.",32.83473,0.06361800447270305,forecast_icc,0.058370172282898314,0.13995914074604035,2026-06-15
MET,87.66,2.37,56403673088.0,643436779.0,42.296,Financial Services,"MetLife, Inc.",9.89886,0.11091378199105728,forecast_icc,0.11986069707664393,0.4825005272639594,2026-06-15
MTD,1154.47,0.0,23329067008.0,20207601.0,-2.073,Healthcare,"Mettler-Toledo International, I",46.65132,0.09911831004996219,forecast_icc,0.05337531892964138,,2026-06-15
MTG,25.84,0.6,5464908800.0,211490268.0,23.627,Financial Services,MGIC Investment Corporation,3.06167,0.0791496144261139,forecast_icc,0.10940566340943614,0.9143575391479541,2026-06-15
MGM,48.62,0.0,12439486464.0,255851235.0,9.511,Consumer Cyclical,MGM Resorts International,1.9583,0.18658530357963543,forecast_icc,0.07167102545420112,0.19561909594317156,2026-06-15
MCHP,100.32,1.82,54381395968.0,542079281.0,11.866,Technology,Microchip Technology Incorporat,3.15708,0.29590634383671,forecast_icc,0.09428659029856046,0.11828149376913766,2026-06-15
MU,1087.99,0.6,1226963288064.0,1127734051.0,64.237,Technology,"Micron Technology, Inc.",60.14048,0.75,forecast_icc,0.22157505869474636,0.05904190690855317,2026-06-15
MSFT,399.76,3.64,2969591349248.0,7428434704.0,55.777,Technology,Microsoft Corporation,16.83996,0.14880914206447038,forecast_icc,0.06953439251381219,0.13952620201090352,2026-06-15
MSTR,131.14,0.0,46334529536.0,333680884.0,105.951,Technology,Strategy Inc,22.33125,0.01,forecast_icc,0.09134359508799628,0.7630124594923436,2026-06-15
MAA,137.33,6.12,16387127296.0,116384802.0,47.619,Real Estate,Mid-America Apartment Communiti,3.39003,0.01,forecast_icc,0.02732373874624993,0.3382000875645117,2026-06-15
MIDD,163.52,0.0,7393474560.0,45214496.0,50.94,Industrials,The Middleby Corporation,9.5994,0.13291455715982248,forecast_icc,0.07738342753093475,0.3115215190839853,2026-06-15
TIGO,89.45,3.0,14986580992.0,167541444.0,21.784,Communication Services,Millicom International Cellular,5.22351,0.25173494451049194,forecast_icc,0.12831430943563749,0.24353271890661796,2026-06-15
MRP,29.07,3.04,4827013120.0,154228116.0,35.262,Real Estate,"Millrose Properties, Inc.",3.105,0.040257648953301084,forecast_icc,0.12720417239112114,1.1266577676905092,2026-06-15
MKSI,375.32,1.0,25350662144.0,67544129.0,41.768,Technology,MKS Inc.,11.69842,0.27758022023486917,forecast_icc,0.07939294530380703,0.11128637051161673,2026-06-15
MHK,111.43,0.0,6792008704.0,60953145.0,137.08,Consumer Cyclical,"Mohawk Industries, Inc.",8.57814,0.15448803586791549,forecast_icc,0.09749432316928738,1.230189400623006,2026-06-15
MOH,201.87,0.0,10517427200.0,52100000.0,78.462,Healthcare,Molina Healthcare Inc,5.15801,0.5651695130486369,forecast_icc,0.12143848024921111,0.38867587312608165,2026-06-15
TAP,40.89,1.92,7668975104.0,175215417.0,53.618,Consumer Defensive,Molson Coors Beverage Company,4.75319,0.050191555565840984,forecast_icc,0.10702120330806897,1.2250268257887411,2026-06-15
MDLZ,61.5,2.0,78944460800.0,1283649766.0,20.06,Consumer Defensive,"Mondelez International, Inc.",3.05459,0.10858740452892213,forecast_icc,0.0773420400354462,0.3261788609994534,2026-06-15
MDB,354.18,0.0,28487378944.0,80431927.0,36.458,Technology,"MongoDB, Inc.",6.13317,0.19649218919416866,forecast_icc,0.04121889813039881,0.10293636351488974,2026-06-15
MPWR,1652.29,8.0,81177010176.0,49130000.0,74.852,Technology,"Monolithic Power Systems, Inc.",24.02205,0.255465707547857,forecast_icc,0.0460934551688892,0.045301973453159367,2026-06-15
MNST,93.23,0.0,91179704320.0,978008110.0,8.924,Consumer Defensive,Monster Beverage Corporation,2.2619,0.12971395729254165,forecast_icc,0.041579797016824405,0.09572025308405825,2026-06-15
MCO,454.06,4.12,79313584128.0,174676438.0,17.14,Financial Services,Moody's Corporation,16.69877,0.11364609489201905,forecast_icc,0.05606995236874035,0.03774831487237061,2026-06-15
MS,217.98,4.0,343816536064.0,1577284817.0,66.178,Financial Services,Morgan Stanley,11.85027,0.07137643277326156,forecast_icc,0.06479073789430803,0.3035966676134385,2026-06-15
MORN,173.13,2.0,6583790592.0,38028018.0,26.788,Financial Services,"Morningstar, Inc.",11.89692,0.13777011192812916,forecast_icc,0.09187169086532598,0.1547276651571849,2026-06-15
MOS,22.52,0.88,7157906944.0,317846644.0,37.137,Basic Materials,Mosaic Company (The),0.82403,0.75,forecast_icc,0.24535555848470414,1.6490673755017735,2026-06-15
MSI,411.72,4.84,68343701504.0,165995582.0,15.307,Technology,"Motorola Solutions, Inc.",16.97031,0.09127175637922935,forecast_icc,0.05636941332262568,0.037178179082461425,2026-06-15
MP,58.26,0.0,10371572736.0,178022198.0,11.072,Basic Materials,MP Materials Corp.,0.28538,0.75,forecast_icc,0.06313839630064122,0.19004463705050179,2026-06-15
MSA,162.48,2.16,6272392192.0,38604089.0,34.901,Industrials,MSA Safety Incorporated,8.8775,0.09273669388904549,forecast_icc,0.06898106363055956,0.21480182822550778,2026-06-15
MSM,114.22,3.48,6377395200.0,55834311.0,24.78,Industrials,"MSC Industrial Direct Company, ",4.33,0.14318706697459582,forecast_icc,0.07377663838037851,0.21694973938262446,2026-06-15
MSCI,611.17,8.2,44448919552.0,72727592.0,-38.053,Financial Services,MSCI Inc.,19.66402,0.14450707434186905,forecast_icc,0.059227898699023965,,2026-06-15
MLI,137.75,1.4,15231101952.0,110570613.0,30.159,Industrials,"Mueller Industries, Inc.",8.4,0.04166666666666652,forecast_icc,0.05808703141785376,0.21894010873120837,2026-06-15
MUSA,586.83,2.43,10839151616.0,18470685.0,35.662,Consumer Cyclical,Murphy USA Inc.,32.12857,0.01,forecast_icc,0.041905936600493576,0.06077058351113667,2026-06-15
NDAQ,91.04,1.12,51486834688.0,565540798.0,21.307,Financial Services,"Nasdaq, Inc.",3.94208,0.12544646481045563,forecast_icc,0.06666076016310471,0.23403998043395896,2026-06-15
NFG,76.84,2.14,7302516736.0,95035362.0,40.246,Energy,National Fuel Gas Company,7.4278,0.06980936481865418,forecast_icc,0.09609196531383823,0.523763699191062,2026-06-15
NSA,44.91,2.28,6604457472.0,77212533.0,7.381,Real Estate,National Storage Affiliates Tru,0.33023,0.13136298943160818,forecast_icc,0.019108788036737386,0.08629107061240837,2026-06-15
NCNO,14.74,0.0,1614810496.0,109552950.0,8.919,Technology,"nCino, Inc.",1.26544,0.2067423188772286,forecast_icc,0.11863519296138414,0.6050881905154524,2026-06-15
NTAP,161.82,2.08,31703762944.0,195919927.0,6.893,Technology,"NetApp, Inc.",8.89934,0.10792710470664102,forecast_icc,0.07314684285783687,0.04259671191701805,2026-06-15
NFLX,81.67,0.0,343895900160.0,4210798528.0,7.389,Communication Services,"Netflix, Inc.",3.59382,0.06531211913785318,forecast_icc,0.049029996343280424,0.09047386231971996,2026-06-15
NBIX,159.51,0.0,16038727680.0,100549983.0,33.871,Healthcare,"Neurocrine Biosciences, Inc.",10.26516,0.2377809990297277,forecast_icc,0.10860027535616024,0.2123440550985775,2026-06-15
NYT,73.8,0.92,11945467904.0,161081975.0,12.428,Communication Services,New York Times Company (The),2.86563,0.11581746422252692,forecast_icc,0.059970439116051044,0.16758881287769772,2026-06-15
NWL,4.76,0.28,2022656256.0,424927772.0,5.512,Consumer Defensive,Newell Brands Inc.,0.5757,0.15751259336459955,forecast_icc,0.1598526307785243,1.1579831581941327,2026-06-15
NEU,815.1,11.75,7497305088.0,9198019.0,188.361,Basic Materials,NewMarket Corp,25.82,0.01,forecast_icc,0.030565666102952943,0.23108944300960532,2026-06-15
NEM,105.8,1.04,112947085312.0,1067552764.0,32.55,Basic Materials,Newmont Corporation,10.2975,0.10658412235979609,forecast_icc,0.10134744362286552,0.3076559467843844,2026-06-15
NWSA,25.7,0.2,13995783168.0,362916810.0,15.601,Communication Services,News Corporation,1.08168,0.19368020116855256,forecast_icc,0.07908870485529718,0.40454078809646793,2026-06-15
NWS,29.25,0.2,15929052160.0,181666182.0,15.601,Communication Services,News Corporation,1.08168,0.19368020116855256,forecast_icc,0.07253866576526169,0.17792484304238726,2026-06-15
NXST,172.29,7.44,5261557760.0,30538965.0,70.994,Communication Services,"Nexstar Media Group, Inc.",34.19179,0.01,forecast_icc,0.11633930239816792,0.41206110055323236,2026-06-15
NEE,86.12,2.49,179612336128.0,2085605358.0,26.481,Utilities,"NextEra Energy, Inc.",4.02254,0.09331666061742094,forecast_icc,0.06867928139909296,0.3074895448486308,2026-06-15
NIQ,8.53,0.0,2517512960.0,295136342.0,3.104,,NIQ Global Intelligence plc,0.9793,0.23480036760951717,forecast_icc,0.14730758675632372,0.3638921507550055,2026-06-15
NKE,45.2,1.64,66936094720.0,1199499281.0,9.52,Consumer Cyclical,"Nike, Inc.",1.50016,0.22956884598976113,forecast_icc,0.0917172124769024,0.17059903483894195,2026-06-15
NI,47.47,1.2,22758981632.0,479439245.0,20.148,Utilities,NiSource Inc,2.05603,0.09103952763335177,forecast_icc,0.06340580847958266,0.42443647367235593,2026-06-15
NNN,45.93,2.4,8738099200.0,190248177.0,23.103,Real Estate,"NNN REIT, Inc.",2.03695,0.03056039667149424,forecast_icc,0.05361748770703845,0.503004547399851,2026-06-15
NDSN,292.24,3.28,16283012096.0,55717948.0,57.472,Industrials,Nordson Corporation,11.46509,0.08425577121505357,forecast_icc,0.05269848119039888,0.19666029163256846,2026-06-15
NSC,310.28,5.4,69687025664.0,224594001.0,70.367,Industrials,Norfolk Southern Corporation,12.15855,0.1140604759613606,forecast_icc,0.06190705300211474,0.22678548722350303,2026-06-15
NTRS,172.72,3.2,31961364480.0,185047258.0,65.402,Financial Services,Northern Trust Corporation,11.22569,0.04797656090627833,forecast_icc,0.0654343888387065,0.37865907681410726,2026-06-15
NOC,544.73,9.4,77369892864.0,142033476.0,120.5,Industrials,Northrop Grumman Corporation,27.94252,0.07858883164439012,forecast_icc,0.06394092757993541,0.22121051515587117,2026-06-15
NCLH,20.14,0.0,9246478336.0,459110140.0,5.296,Consumer Cyclical,Norwegian Cruise Line Holdings ,1.65067,0.22237636838374697,forecast_icc,0.11990787357486588,0.2629592816946822,2026-06-15
NOV,20.52,0.35,7364391936.0,358888480.0,17.243,Energy,NOV Inc.,0.78999,0.6058431119381258,forecast_icc,0.1799745478849829,0.8403021070061635,2026-06-15
NRG,130.4,1.9,27512633344.0,210986470.0,19.853,Utilities,"NRG Energy, Inc.",9.24395,0.25820239183465943,forecast_icc,0.12911801699920622,0.15224694548635354,2026-06-15
NU,12.43,0.0,60431441920.0,3839140553.0,2.589,Financial Services,Nu Holdings Ltd.,0.8208,0.3174585769980507,forecast_icc,0.13029005047643805,0.16447621595518266,2026-06-15
NUE,259.32,2.24,59057782784.0,227740950.0,94.199,Basic Materials,Nucor Corporation,15.42788,0.07316494554015196,forecast_icc,0.06569713855370854,0.3632538970775933,2026-06-15
NTNX,49.4,0.0,13353833472.0,270320509.0,-2.722,Technology,"Nutanix, Inc.",1.92422,0.13813909012482983,forecast_icc,0.06011379011097795,,2026-06-15
NVT,169.0,0.84,27330756608.0,161720452.0,23.476,Industrials,nVent Electric plc,4.5937,0.22308596556153004,forecast_icc,0.06405207945573321,0.13891124148537878,2026-06-15
NVDA,212.45,1.0,5145751453696.0,24221000000.0,8.07,Technology,NVIDIA Corporation,8.96014,0.4204186541728141,forecast_icc,0.12851366357196803,0.03798540830408859,2026-06-15
NVR,6335.0,0.0,17100014592.0,2699292.0,1279.01,Consumer Cyclical,"NVR, Inc.",363.8761,0.1556054382247145,forecast_icc,0.08187785418346316,0.20189581958223396,2026-06-15
ORLY,90.26,0.0,74799824896.0,828715079.0,-1.282,Consumer Cyclical,"O'Reilly Automotive, Inc.",3.25615,0.11100225726701773,forecast_icc,0.051609970046549436,,2026-06-15
OXY,54.46,1.04,54167805952.0,994634701.0,30.917,Energy,Occidental Petroleum Corporatio,5.66358,0.01,forecast_icc,0.07127947958343764,0.5677010635813209,2026-06-15
OGE,47.93,1.7,9891521536.0,206374321.0,23.933,Utilities,OGE Energy Corp,2.42816,0.07283704533473911,forecast_icc,0.06894899839357727,0.4993323430088117,2026-06-15
OKTA,118.12,0.0,20530126848.0,166119894.0,39.345,Technology,"Okta, Inc.",3.84291,0.1136274333773104,forecast_icc,0.04842161766088894,0.3183607815879969,2026-06-15
ODFL,237.42,1.16,49375830016.0,207968283.0,21.138,Industrials,"Old Dominion Freight Line, Inc.",5.40749,0.1676027140133407,forecast_icc,0.04749597791503779,0.08903209454159021,2026-06-15
ORI,38.56,1.26,9391443968.0,243554044.0,24.337,Financial Services,Old Republic International Corp,3.06667,0.08695425331059425,forecast_icc,0.09373786374487186,0.6311462634526364,2026-06-15
OLN,25.3,0.8,2881613568.0,113897769.0,15.227,Basic Materials,Olin Corporation,0.30866,0.75,forecast_icc,0.1310494331379689,0.6018577049408868,2026-06-15
OLLI,85.0,0.0,5138529792.0,60453292.0,30.906,Consumer Defensive,Ollie's Bargain Outlet Holdings,4.49551,0.13883408111649187,forecast_icc,0.07377669932843534,0.36360000198126713,2026-06-15
OHI,45.21,2.68,14096314368.0,297802000.0,17.433,Real Estate,"Omega Healthcare Investors, Inc",1.97894,0.030834689278098626,forecast_icc,0.053046116558158496,0.3682935929540132,2026-06-15
OMC,76.51,3.2,21805826048.0,285006196.0,33.112,Communication Services,Omnicom Group Inc.,10.84052,0.14200518056329403,forecast_icc,0.15476802379733734,0.43277998921841165,2026-06-15
ONON,38.69,0.0,12896526336.0,300830569.0,6.7291346,Consumer Cyclical,On Holding AG,1.40706,0.22604579762057053,forecast_icc,0.07502438909646758,0.15696702645771943,2026-06-15
ON,125.9,0.0,48950325248.0,388803191.0,18.633,Technology,ON Semiconductor Corporation,3.08965,0.3805123557684529,forecast_icc,0.08501786064435402,0.14799840085228028,2026-06-15
OMF,57.67,4.2,6662669824.0,115530952.0,29.206,Financial Services,"OneMain Holdings, Inc.",7.29662,0.19114329648522177,forecast_icc,0.1859527002493061,0.5064331676706542,2026-06-15
OKE,87.45,4.28,55096369152.0,630032852.0,35.486,Energy,"ONEOK, Inc.",5.71663,0.07740749357576049,forecast_icc,0.08817265998530888,0.4057861911806293,2026-06-15
ONTO,335.96,0.0,16711848960.0,49743567.0,42.265,Technology,Onto Innovation Inc.,7.16289,0.3488326639107959,forecast_icc,0.07271538366155797,0.12580366566782328,2026-06-15
ORCL,192.64,2.0,554041540608.0,2876046000.0,11.666,Technology,Oracle Corporation,8.05266,0.3504332729806052,forecast_icc,0.1166114445190212,0.060558550536085075,2026-06-15
OGN,13.44,0.08,3529355520.0,262600862.0,3.438,Healthcare,Organon & Co.,3.44351,0.0632929772238211,forecast_icc,0.14972396249692654,0.25580357615998967,2026-06-15
OSK,136.65,2.28,8520305664.0,62351309.0,71.454,Industrials,Oshkosh Corporation (Holding Co,10.98074,0.27835373572272903,forecast_icc,0.1447904818401754,0.5228979580052304,2026-06-15
OTIS,71.81,1.7,27554650112.0,383716076.0,-14.726,Industrials,Otis Worldwide Corporation,4.19862,0.12372874896989972,forecast_icc,0.08523541062772855,,2026-06-15
OVV,54.31,1.2,15262119936.0,281018601.0,40.884,Energy,Ovintiv Inc. (DE),8.07383,0.01,forecast_icc,0.09080508298295908,0.7527895555442188,2026-06-15
OC,123.4,2.96,9937195008.0,80528319.0,48.042,Industrials,Owens Corning Inc,9.51156,0.25070756006375405,forecast_icc,0.1387713127366063,0.38931926950044216,2026-06-15
PCAR,120.69,1.4,63517487104.0,526286229.0,37.542,Industrials,PACCAR Inc.,5.6901,0.1817173687632907,forecast_icc,0.08381165780022368,0.31106138655591986,2026-06-15
PKG,229.96,6.0,20489125888.0,89098647.0,51.812,Consumer Cyclical,Packaging Corporation of Americ,10.3847,0.17997245948366336,forecast_icc,0.08912988795729071,0.22530873808861238,2026-06-15
PLTR,134.71,0.0,322941911040.0,2296071334.0,3.525,Technology,Palantir Technologies Inc.,1.47261,0.41269582577871944,forecast_icc,0.054508803301627384,0.025062251679521117,2026-06-15
PANW,284.54,0.0,231900102656.0,815000000.0,34.032,Technology,"Palo Alto Networks, Inc.",3.77117,0.01,forecast_icc,0.01450462731292362,0.11960356930563168,2026-06-15
PK,14.4,1.0,2899610368.0,201361835.0,15.344,Real Estate,Park Hotels & Resorts Inc.,0.46,0.10869565217391308,forecast_icc,0.05888112876729712,1.0655555761345656,2026-06-15
PH,918.86,8.0,115855736832.0,126086389.0,115.865,Industrials,Parker-Hannifin Corporation,31.27399,0.09026734356569133,forecast_icc,0.04814374968282924,0.1260964701529559,2026-06-15
PSN,55.49,0.0,5936238080.0,106978521.0,24.77,Technology,Parsons Corporation,3.31354,0.11227569306542229,forecast_icc,0.0730340445934764,0.4463867401305441,2026-06-15
PAYX,100.9,4.76,36151549952.0,358290881.0,11.202,Technology,"Paychex, Inc.",5.49688,0.0733343278368821,forecast_icc,0.07746276137353958,0.11102081250433242,2026-06-15
PAYC,134.69,1.5,6280203776.0,46627098.0,17.827,Technology,"Paycom Software, Inc.",10.9202,0.12641160418307362,forecast_icc,0.09753492171799183,0.13235578106916512,2026-06-15
PCTY,106.93,0.0,5725466112.0,53544058.0,21.326,Technology,Paylocity Holding Corporation,8.08384,0.0761185278283587,forecast_icc,0.07455649391198549,0.19943888559828052,2026-06-15
PYPL,42.49,0.56,37480660992.0,882105493.0,22.448,Financial Services,"PayPal Holdings, Inc.",5.30747,0.08491428119235711,forecast_icc,0.11050155006362672,0.5283125639403878,2026-06-15
PEGA,32.72,0.12,5468037120.0,167116051.0,4.183,Technology,Pegasystems Inc.,2.71408,0.1206523020692094,forecast_icc,0.09381728013242349,0.127842299895177,2026-06-15
PENN,21.84,0.0,2923139072.0,133744451.0,14.388,Consumer Cyclical,"PENN Entertainment, Inc.",0.98134,0.684482442374712,forecast_icc,0.18750662108631377,0.6583043480279545,2026-06-15
PAG,180.07,5.68,11839468544.0,65749255.0,86.141,Consumer Cyclical,"Penske Automotive Group, Inc.",13.38014,0.05791120272284145,forecast_icc,0.07975837500742033,0.4783750684337305,2026-06-15
PNR,74.21,1.06,11992747008.0,161605541.0,23.577,Industrials,Pentair plc.,5.34958,0.08618059735530648,forecast_icc,0.08054628549810905,0.3177065135798619,2026-06-15
PEN,318.21,0.0,12515651584.0,39331425.0,37.478,Healthcare,"Penumbra, Inc.",4.89442,0.2853984741808018,forecast_icc,0.049756181132464605,0.11777757923801917,2026-06-15
PPLI,42.64,0.0,3171882752.0,68597997.0,61.015,Communication Services,People Incorporated,1.32918,0.75,forecast_icc,0.17181220843868567,1.319565417200831,2026-06-15
PEP,146.25,5.92,199915110400.0,1366768315.0,15.631,Consumer Defensive,"Pepsico, Inc.",8.64983,0.05337214719826866,forecast_icc,0.0713676252558485,0.10686513635221942,2026-06-15
PFGC,104.1,0.0,16353053696.0,157089851.0,30.267,Consumer Defensive,Performance Food Group Company,4.61768,0.24891937076627224,forecast_icc,0.08987482635390037,0.2907492758603243,2026-06-15
PR,18.9,0.62,16283032576.0,837288124.0,13.532,Energy,Permian Resources Corporation,1.95162,0.09008925917955346,forecast_icc,0.10955522389706912,0.695827564127573,2026-06-15
PRGO,10.7,1.16,1480535168.0,138367770.0,18.094,Healthcare,Perrigo Company plc,2.108,0.12049335863377619,forecast_icc,0.21067594125664935,1.691028004260146,2026-06-15
PFE,26.0,1.72,148185546752.0,5699444169.0,15.81,Healthcare,"Pfizer, Inc.",2.9589,0.01,forecast_icc,0.09320471901361882,0.6080769298148427,2026-06-15
PCG,16.58,0.2,36512882688.0,2202224728.0,14.381,Utilities,Pacific Gas & Electric Co.,1.64683,0.09454527789753642,forecast_icc,0.09955008515058938,0.8673704041389327,2026-06-15
PM,181.81,5.88,283361574912.0,1558558846.0,-5.954,Consumer Defensive,Philip Morris International Inc,8.41847,0.0843609349442358,forecast_icc,0.06725169488793603,,2026-06-15
PSX,173.26,5.08,69465997312.0,400935020.0,71.154,Energy,Phillips 66,17.84999,0.01,forecast_icc,0.07414755304515175,0.4106776195114364,2026-06-15
PPC,29.04,0.0,6909253120.0,237921941.0,15.647,Consumer Defensive,Pilgrim's Pride Corporation,3.47571,0.08631330001639959,forecast_icc,0.10295912609948943,0.5388085435820594,2026-06-15
PNFP,96.08,1.48,14518342656.0,151106812.0,91.906,Financial Services,"Pinnacle Financial Partners, In",10.25784,0.1520047105433504,forecast_icc,0.12450466134535632,0.9565570253249711,2026-06-15
PNW,103.27,3.64,12514998272.0,121187166.0,58.325,Utilities,Pinnacle West Capital Corporati,4.69851,0.20026561612085536,forecast_icc,0.10071625975953138,0.5647816566434442,2026-06-15
PINS,21.33,0.0,11948155904.0,481750308.0,4.969,Communication Services,"Pinterest, Inc.",1.89834,0.17889313821549369,forecast_icc,0.11311379017424328,0.20035035529211656,2026-06-15
PLNT,49.98,0.0,3970550016.0,79126649.0,-6.094,Consumer Cyclical,"Planet Fitness, Inc.",3.19882,0.12732507612181987,forecast_icc,0.08027798561381022,,2026-06-15
PNC,230.56,6.8,92584738816.0,401564632.0,158.258,Financial Services,"PNC Financial Services Group, I",18.35026,0.14696631001413607,forecast_icc,0.11199216480194563,0.6864070293199714,2026-06-15
POOL,191.03,5.2,6961707008.0,36443003.0,31.096,Industrials,Pool Corporation,11.07902,0.08653653481986678,forecast_icc,0.07557294170619239,0.16278071168260233,2026-06-15
BPOP,159.31,3.0,10281501696.0,64537709.0,97.27,Financial Services,"Popular, Inc.",14.786,0.11456783443798191,forecast_icc,0.10519133811537026,0.6105706286925267,2026-06-15
POST,92.36,0.0,4185993984.0,45322586.0,70.479,Consumer Defensive,"Post Holdings, Inc.",7.71787,0.13531971904165263,forecast_icc,0.09687913376919474,0.7630900930348781,2026-06-15
PPG,121.53,2.84,27089037312.0,222900000.0,36.357,Basic Materials,"PPG Industries, Inc.",7.86792,0.10143722864492766,forecast_icc,0.0836245991087344,0.2991606976158607,2026-06-15
PPL,36.17,1.14,27212511232.0,752350362.0,19.967,Utilities,PPL Corporation,1.94989,0.08564072845134874,forecast_icc,0.07383774912204288,0.5520320983970407,2026-06-15
TROW,108.61,5.2,23271495680.0,214266606.0,50.156,Financial Services,"T. Rowe Price Group, Inc.",9.56749,0.010898365192960835,forecast_icc,0.07388741564944332,0.46179910558013604,2026-06-15
PRI,280.64,4.48,8751480832.0,31184008.0,80.394,Financial Services,"Primerica, Inc.",24.50143,0.08100833298301358,forecast_icc,0.08948633654893168,0.2864666205958046,2026-06-15
PRMB,24.6,0.48,8926567424.0,362868562.0,8.148,Consumer Defensive,Primo Brands Corporation,1.28304,0.1520997007108118,forecast_icc,0.0853417319618783,0.33121948255571704,2026-06-15
PFG,110.59,3.28,23888807936.0,216012384.0,54.587,Financial Services,Principal Financial Group Inc,9.31571,0.09618912568124172,forecast_icc,0.09859607957622474,0.49359800777829826,2026-06-15
PCOR,42.4,0.0,6397745152.0,150890216.0,7.963,Technology,"Procore Technologies, Inc.",1.67784,0.26366638058456093,forecast_icc,0.0869958000885448,0.18780660396145768,2026-06-15
PG,150.46,4.26,350361026560.0,2328598978.0,23.081,Consumer Defensive,Procter & Gamble Company (The),6.89612,0.027615528732098715,forecast_icc,0.048535929437692915,0.1534028871273838,2026-06-15
PGR,203.5,13.9,118742253568.0,583500000.0,54.861,Financial Services,Progressive Corporation (The),16.34695,0.01,forecast_icc,0.07722076374297185,0.2695872154865923,2026-06-15
PLD,148.5,4.28,139151032320.0,932338000.0,57.321,Real Estate,"Prologis, Inc.",2.8744,0.16540843306429176,forecast_icc,0.047771745122754505,0.3840614446546134,2026-06-15
PB,71.16,2.38,7176819712.0,100854689.0,81.399,Financial Services,"Prosperity Bancshares, Inc.",6.24487,0.15542677429634244,forecast_icc,0.12284281093051541,1.1438870083617059,2026-06-15
PRU,108.69,5.6,37750767616.0,347325107.0,92.061,Financial Services,"Prudential Financial, Inc.",13.74113,0.05784677097152846,forecast_icc,0.11752603935308181,0.8470052053186574,2026-06-15
PTC,114.85,0.0,13265840128.0,115505791.0,33.419,Technology,PTC Inc.,8.0424,0.07487565900726145,forecast_icc,0.07055092922276274,0.29097953783428854,2026-06-15
PSA,320.98,12.0,56346673152.0,175545748.0,27.91,Real Estate,Public Storage,9.82782,0.06629038789884234,forecast_icc,0.04654934923259765,0.0869524597035787,2026-06-15
PEG,80.15,2.68,39940460544.0,498321402.0,34.745,Utilities,Public Service Enterprise Group,4.37631,0.07327634468307775,forecast_icc,0.07145658744570293,0.43349968619956225,2026-06-15
PHM,122.84,1.04,23399342080.0,190486353.0,67.904,Consumer Cyclical,"PulteGroup, Inc.",10.02456,0.11367980240529252,forecast_icc,0.09290898261531191,0.5527841453785012,2026-06-15
PVH,83.26,0.15,3838959872.0,46108092.0,104.619,Consumer Cyclical,PVH Corp.,12.05479,0.05661152122932034,forecast_icc,0.1044754964638207,1.2565337064685005,2026-06-15
QGEN,37.01,0.35,7633312256.0,206250000.0,16.154,Healthcare,Qiagen N.V.,2.44254,0.08006828956741763,forecast_icc,0.07262662778843884,0.43647664189043756,2026-06-15
Q,161.02,0.32,33707798528.0,209339207.0,34.301,Technology,"Qnity Electronics, Inc.",4.08296,0.16518898054352715,forecast_icc,0.049662031909599155,0.21302323061360265,2026-06-15
QRVO,101.28,0.0,8914024448.0,88013673.0,38.116,Technology,"Qorvo, Inc.",6.90074,0.13344945614528303,forecast_icc,0.08510628275800214,0.3763428269282664,2026-06-15
QCOM,220.81,3.68,232733736960.0,1054000000.0,25.758,Technology,QUALCOMM Incorporated,10.79628,0.01,forecast_icc,0.04123205207119812,0.1166523270524638,2026-06-15
PWR,724.35,0.44,108696059904.0,150060149.0,60.274,Industrials,"Quanta Services, Inc.",14.02507,0.1736312189529181,forecast_icc,0.041591812071724465,0.08321116173681246,2026-06-15
DGX,202.18,3.44,22380603392.0,110696429.0,66.36,Healthcare,Quest Diagnostics Incorporated,10.76897,0.08373409898996842,forecast_icc,0.06685532891469459,0.32822238524032726,2026-06-15
QXO,16.69,0.0,12105347072.0,725305345.0,12.814,Industrials,"QXO, Inc.",0.34317,0.75,forecast_icc,0.14115847695231515,0.767765074024802,2026-06-15
RAL,68.77,0.2,7697642496.0,111933148.0,13.99,Technology,Ralliant Corporation,2.65117,0.15708913423130166,forecast_icc,0.0648066494042735,0.20343173138187787,2026-06-15
RL,412.36,3.74,24542158848.0,37635070.0,47.663,Consumer Cyclical,Ralph Lauren Corporation,18.4154,0.10655918416108245,forecast_icc,0.06219685998068025,0.07309056845894309,2026-06-15
RRC,37.46,0.4,8826409984.0,235622250.0,19.534,Energy,Range Resources Corporation,4.31078,0.08085775660089367,forecast_icc,0.1029599389568806,0.5214628642724966,2026-06-15
RJF,154.71,2.16,30150356992.0,194883034.0,64.564,Financial Services,"Raymond James Financial, Inc.",11.86332,0.12728983117710735,forecast_icc,0.09596928349150058,0.4173226940733929,2026-06-15
RYN,21.54,1.04,6514344960.0,300747223.0,17.666,Real Estate,Rayonier Inc. REIT,0.47068,0.40110053539559787,forecast_icc,0.10294473378124419,0.81558475551132,2026-06-15
RBA,110.41,1.24,20569382912.0,186300000.0,30.16,Industrials,"RB Global, Inc.",4.41055,0.10593690129348965,forecast_icc,0.05836358028300505,0.27316366388036056,2026-06-15
RBC,616.95,0.0,19517435904.0,31635359.0,106.549,Industrials,RBC Bearings Incorporated,14.36098,0.1411762985534415,forecast_icc,0.04213372302544449,0.17270280187779116,2026-06-15
O,62.14,3.25,57945088000.0,932492530.0,41.982,Real Estate,Realty Income Corporation,1.57128,0.09549539229163484,forecast_icc,0.04513693574165206,0.6756034505368255,2026-06-15
RDDT,181.88,0.0,35013545984.0,141965642.0,16.526,Communication Services,"Reddit, Inc.",4.96733,0.30274815645427244,forecast_icc,0.07617676455282274,0.06700618671311094,2026-06-15
RRX,218.85,1.4,14568751104.0,66569573.0,102.186,Industrials,Regal Rexnord Corporation,10.62057,0.2733572680185714,forecast_icc,0.10436079182546842,0.4669225479945436,2026-06-15
REG,79.26,3.02,14816466944.0,183096790.0,36.519,Real Estate,Regency Centers Corporation,2.44994,0.03309468803317639,forecast_icc,0.038826244626794584,0.4512892108005367,2026-06-15
REGN,614.98,3.76,64473907200.0,103021886.0,308.325,Healthcare,"Regeneron Pharmaceuticals, Inc.",46.24604,0.04012905753660201,forecast_icc,0.06518059464726356,0.4926678772920714,2026-06-15
RF,28.6,1.06,24406654976.0,853379538.0,20.414,Financial Services,Regions Financial Corporation,2.61292,0.09217274160709099,forecast_icc,0.10525021547115843,0.7137762182430419,2026-06-15
RGA,210.39,3.72,13783314432.0,65513163.0,202.933,Financial Services,"Reinsurance Group of America, I",27.07141,0.07207640828460726,forecast_icc,0.10942475954123734,0.9645562954156512,2026-06-15
RS,405.92,5.0,20721616896.0,51048522.0,139.531,Basic Materials,"Reliance, Inc.",19.80192,0.06493562240429207,forecast_icc,0.056541639511698966,0.34374013181167157,2026-06-15
RNR,297.38,1.64,12678213632.0,42633041.0,250.484,Financial Services,RenaissanceRe Holdings Ltd.,40.75256,0.01,forecast_icc,0.08091043309848567,0.8423027842731968,2026-06-15
RGEN,130.87,0.0,7382080512.0,56407740.0,37.331,Healthcare,Repligen Corporation,2.00157,0.271866584730986,forecast_icc,0.04767875441957592,0.285252556988097,2026-06-15
RSG,208.09,2.5,64021819392.0,307664087.0,38.896,Industrials,"Republic Services, Inc.",7.28882,0.10594719035454281,forecast_icc,0.053647855687356194,0.18691912291151402,2026-06-15
RMD,192.74,2.4,27958167552.0,145056384.0,44.759,Healthcare,ResMed Inc.,11.11622,0.09220040625320469,forecast_icc,0.07094202695056462,0.2322247579130611,2026-06-15
QSR,75.65,2.6,34521886720.0,346983973.0,10.777,Consumer Cyclical,Restaurant Brands International,4.05554,0.09499598080650196,forecast_icc,0.07767596077260597,0.10832102855069561,2026-06-15
RVTY,100.55,0.28,11217336320.0,111559773.0,64.345,Healthcare,"Revvity, Inc.",5.24516,0.10975451654477641,forecast_icc,0.06726087483133136,0.6399303175822939,2026-06-15
REXR,34.8,1.73,8051483136.0,225718119.0,36.115,Real Estate,"Rexford Industrial Realty, Inc.",0.98361,0.01,forecast_icc,0.030650188477120706,1.0124606522786364,2026-06-15
REYN,23.43,0.92,4938279936.0,210767377.0,10.75,Consumer Cyclical,Reynolds Consumer Products Inc.,1.60098,0.055778335769341325,forecast_icc,0.0782088551479746,0.4588134597702158,2026-06-15
RH,148.12,0.0,2799611392.0,18900969.0,3.22,Consumer Cyclical,RH,4.75204,0.75,forecast_icc,0.17407986643917484,0.021739131493004014,2026-06-15
RNG,38.32,0.3,3213461760.0,74079066.0,-7.225,Technology,"Ringcentral, Inc.",4.93436,0.09073922453975802,forecast_icc,0.11228483568255554,,2026-06-15
RITM,9.19,1.0,5130837504.0,558306597.0,12.506,Real Estate,Rithm Capital Corp.,2.26768,0.040931701121851516,forecast_icc,0.18420524370006996,1.3608270183257005,2026-06-15
RLI,53.59,0.72,4926974976.0,91938331.0,19.354,Financial Services,RLI Corp.,2.73,0.017267399267399286,forecast_icc,0.04451618109800616,0.3611494815463012,2026-06-15
RHI,32.07,2.36,3280555520.0,102293589.0,12.247,Industrials,Robert Half Inc.,1.31552,0.5701395645828264,forecast_icc,0.20777761519451066,0.3818833660474065,2026-06-15
HOOD,98.12,0.0,88357560320.0,791184698.0,10.34,Financial Services,"Robinhood Markets, Inc.",1.85172,0.34791977188775824,forecast_icc,0.06713394516296031,0.09258799980094334,2026-06-15
RKT,13.91,0.0,39357366272.0,980550267.0,8.215,Financial Services,"Rocket Companies, Inc.",0.74707,0.45962225761976794,forecast_icc,0.1500979003173003,0.20466868610402222,2026-06-15
ROK,463.57,5.52,51583266816.0,111273953.0,31.652,Industrials,"Rockwell Automation, Inc.",12.98299,0.11851507241398185,forecast_icc,0.04827618964302982,0.06827879228586467,2026-06-15
ROKU,140.9,0.0,20810047488.0,131191687.0,18.099,Communication Services,"Roku, Inc.",2.4467,0.45564638083949816,forecast_icc,0.08057570928002847,0.114100573022825,2026-06-15
ROL,46.9,0.73,22580645888.0,481463663.0,2.856,Consumer Cyclical,"Rollins, Inc.",1.24591,0.12005682593445743,forecast_icc,0.04813874029425705,0.0608955221364481,2026-06-15
ROP,332.45,3.64,33549977600.0,100917359.0,183.77,Technology,"Roper Technologies, Inc.",21.93712,0.08604365568497596,forecast_icc,0.07489893629370659,0.5527748269921349,2026-06-15
ROST,236.77,1.78,75951341568.0,320781076.0,19.64,Consumer Cyclical,"Ross Stores, Inc.",7.7962,0.09993201816269481,forecast_icc,0.04861088870801322,0.08294969124408977,2026-06-15
RCL,313.67,5.0,84124721152.0,268194978.0,36.578,Consumer Cyclical,Royal Caribbean Cruises Ltd.,17.31843,0.15518265801230235,forecast_icc,0.08724368585026132,0.11661299759387998,2026-06-15
RGLD,215.52,1.9,18290450432.0,84866602.0,84.7,Basic Materials,"Royal Gold, Inc.",11.36036,0.18253646891471753,forecast_icc,0.08827552843332295,0.3930029616342256,2026-06-15
RPRX,54.27,0.94,31250413568.0,443274104.0,15.528,Healthcare,Royalty Pharma plc,5.11745,0.09702879363745631,forecast_icc,0.09964310927427011,0.22025821424521125,2026-06-15
RPM,108.85,2.16,13941038080.0,127626527.0,24.608,Basic Materials,RPM International Inc.,5.481,0.0787064404305784,forecast_icc,0.06416464601097316,0.2252797502161331,2026-06-15
RTX,183.64,2.77,247304929280.0,1346683428.0,49.217,Industrials,RTX Corporation,6.91127,0.096749222646489,forecast_icc,0.05538420879788453,0.2680080759766569,2026-06-15
RBRK,69.79,0.0,14364775424.0,160956763.0,-2.339,Technology,"Rubrik, Inc.",0.31401,0.75,forecast_icc,0.059752046431736816,,2026-06-15
RYAN,35.34,0.52,9328948224.0,129468136.0,4.937,Financial Services,"Ryan Specialty Holdings, Inc.",2.05099,0.14312600256461505,forecast_icc,0.08597165344399718,0.06851621126887712,2026-06-15
R,277.23,3.64,10726310912.0,38691018.0,77.428,Industrials,"Ryder System, Inc.",14.60184,0.20183963116977055,forecast_icc,0.09540824206033405,0.27929156317411064,2026-06-15
SPGI,424.07,3.88,125524721664.0,296000000.0,105.314,Financial Services,S&P Global Inc.,19.61634,0.13193286821088956,forecast_icc,0.06977709763386863,0.24834107247369644,2026-06-15
SAIA,474.19,0.0,12614365184.0,26601922.0,98.728,Industrials,"Saia, Inc.",11.30438,0.2705544222681828,forecast_icc,0.0643737553574989,0.20820346619957186,2026-06-15
SAIL,14.21,0.0,8059670016.0,567182997.0,12.143,Technology,"SailPoint, Inc.",0.3235,0.22290571870170006,forecast_icc,0.05455714372837843,0.8545390963771934,2026-06-15
SAIC,109.39,1.48,4624661504.0,42276819.0,33.093,Technology,Science Applications Internatio,10.15186,0.0843746860181287,forecast_icc,0.09293263664399498,0.3025230646517389,2026-06-15
CRM,164.55,1.76,134766452736.0,819000000.0,41.801,Technology,"Salesforce, Inc.",14.14807,0.09842685256716988,forecast_icc,0.09207237341115604,0.2540322038976903,2026-06-15
SLM,21.92,0.52,4133958400.0,188592995.0,11.042,Financial Services,SLM Corporation,3.15014,0.07699340346778238,forecast_icc,0.12103353548019505,0.5037408820538688,2026-06-15
IOT,33.54,0.0,19544096768.0,372784485.0,2.446,Technology,Samsara Inc.,0.70781,0.26388437575055446,forecast_icc,0.058287053891030616,0.04665505196448688,2026-06-15
SNDK,2107.86,0.0,312152489984.0,148089758.0,93.088,Technology,Sandisk Corporation,65.44962,0.75,forecast_icc,0.1715050932311054,0.044162323976369995,2026-06-15
SRPT,15.77,0.0,1664937088.0,105576222.0,14.257,Healthcare,"Sarepta Therapeutics, Inc.",4.8301,0.01,forecast_icc,0.13113866651121875,0.9040583022041491,2026-06-15
SBAC,195.82,5.0,20769261568.0,106063017.0,-44.8,Real Estate,SBA Communications Corporation,7.72397,0.04935803738233058,forecast_icc,0.04893642942133612,,2026-06-15
HSIC,81.09,0.0,9237510144.0,113916757.0,28.543,Healthcare,"Henry Schein, Inc.",5.34785,0.10614920014585305,forecast_icc,0.07623228448112684,0.3519916021053519,2026-06-15
SLB,53.71,1.18,80299548672.0,1495057661.0,17.509,Energy,SLB Limited,2.60331,0.2848604276862916,forecast_icc,0.11800909566400197,0.3259914285866561,2026-06-15
SNDR,37.69,0.4,6600434688.0,92094808.0,17.247,Industrials,"Schneider National, Inc.",0.91958,0.6910872354770659,forecast_icc,0.15851067388741924,0.24064462852177532,2026-06-15
SMG,63.17,2.64,3675352832.0,58181937.0,-8.631,Basic Materials,Scotts Miracle-Gro Company (The,4.3365,0.08280410469272437,forecast_icc,0.08901600516695665,,2026-06-15
SEB,5198.05,9.0,4978665984.0,957794.0,5571.135,Industrials,Seaboard Corporation,592.06,0.75,trailing_eps_fallback_icc,0.29772403895359756,1.0717729796171038,2026-06-15
SEIC,89.57,1.04,10772850688.0,120272976.0,20.353,Financial Services,SEI Investments Company,5.88218,0.12480576928961717,forecast_icc,0.08587772128517071,0.22723009456120669,2026-06-15
SRE,91.93,2.63,60095320064.0,653707401.0,48.403,Utilities,DBA Sempra,5.11433,0.0826520775937416,forecast_icc,0.0731086595497199,0.5265201898734495,2026-06-15
ST,51.37,0.48,7470843904.0,145432046.0,19.68,Technology,Sensata Technologies Holding pl,3.71171,0.089958536631364,forecast_icc,0.07983733627691303,0.38310299372572726,2026-06-15
S,15.19,0.0,5207188480.0,336745012.0,4.255,Technology,"SentinelOne, Inc.",0.49454,0.04,forecast_icc,0.034998419964367825,0.27516769011979375,2026-06-15
SCI,73.96,1.44,10204334080.0,137970998.0,11.469,Consumer Cyclical,Service Corporation Internation,4.12752,0.10330658603713605,forecast_icc,0.07533543905114504,0.15507032243911012,2026-06-15
NOW,104.15,0.0,107410735104.0,1031308000.0,11.372,Technology,"ServiceNow, Inc.",4.12299,0.21918559103951285,forecast_icc,0.07768550389463685,0.10918866316895028,2026-06-15
SN,133.09,0.0,18834948096.0,141520379.0,19.498,Consumer Cyclical,"SharkNinja, Inc.",6.13646,0.14397388722488214,forecast_icc,0.06861435354171175,0.14650236016992313,2026-06-15
SHW,320.24,3.2,78982586368.0,246635621.0,18.071,Basic Materials,Sherwin-Williams Company (The),11.73183,0.12877786330009888,forecast_icc,0.05955754008727687,0.05642955633694906,2026-06-15
FOUR,39.94,0.0,3959250176.0,79328924.0,8.169,Technology,"Shift4 Payments, Inc.",5.59263,0.20905727716655664,forecast_icc,0.15456905408867094,0.16367694673204708,2026-06-15
SLGN,40.74,0.84,4305393664.0,105679758.0,21.959,Consumer Cyclical,Silgan Holdings Inc.,3.80737,0.07260129695826767,forecast_icc,0.09221201506021981,0.5390033959788909,2026-06-15
SPG,215.66,8.8,81946402816.0,324281912.0,14.858,Real Estate,"Simon Property Group, Inc.",6.44225,0.04107571112577135,forecast_icc,0.039478664762319815,0.058796731557754875,2026-06-15
SSD,193.64,1.2,7966025216.0,41138325.0,50.044,Basic Materials,"Simpson Manufacturing Company, ",9.02333,0.09198377982407835,forecast_icc,0.05942481368462926,0.2584383403864937,2026-06-15
SIRI,27.46,1.08,9243583488.0,336619936.0,34.914,Communication Services,SiriusXM Holdings Inc.,3.11901,0.0796695105177605,forecast_icc,0.11437969031442219,1.2714493746674536,2026-06-15
SITE,107.26,0.0,4752500736.0,44308229.0,36.594,Industrials,"SiteOne Landscape Supply, Inc.",4.43444,0.21685940051054908,forecast_icc,0.0793205941342624,0.3411709796789393,2026-06-15
SWKS,76.26,2.84,11469959168.0,150405963.0,38.336,Technology,"Skyworks Solutions, Inc.",5.01067,0.027006368409813408,forecast_icc,0.06492469219071462,0.5027012662481346,2026-06-15
SFD,25.93,1.25,10202865664.0,393477263.0,17.444,Consumer Defensive,"Smithfield Foods, Inc.",2.67019,0.01,forecast_icc,0.08086618575979754,0.6727342691564031,2026-06-15
SJM,115.94,4.4,12364806144.0,106648319.0,49.074,Consumer Defensive,The J.M. Smucker Company,9.02298,0.01,forecast_icc,0.06439335925029852,0.42327065589666557,2026-06-15
SW,44.51,1.81,23343894528.0,524464078.0,34.478,Consumer Cyclical,Smurfit WestRock plc,2.2225,0.42309561304836896,forecast_icc,0.1761727047817011,0.7746124991952329,2026-06-15
SNA,386.63,9.76,20028174336.0,51801916.0,115.031,Industrials,Snap-On Incorporated,19.84989,0.07215707492585599,forecast_icc,0.06519430659642034,0.2975221854687574,2026-06-15
SNOW,240.78,0.0,83454345216.0,346600000.0,5.596,Technology,Snowflake Inc.,1.93089,0.39005847044627084,forecast_icc,0.04138468007421345,0.02324113375978105,2026-06-15
SOFI,17.13,0.0,21973356544.0,1282741200.0,8.437,Financial Services,"SoFi Technologies, Inc.",0.57966,0.3460304316323364,forecast_icc,0.0954951857494829,0.49252773388211213,2026-06-15
SOLS,86.66,0.3,13761978368.0,158804273.0,9.358,Basic Materials,Solstice Advanced Materials Inc,2.62912,0.1979331487341771,forecast_icc,0.0631332327108125,0.1079852290851966,2026-06-15
SOLV,76.9,0.0,13317136384.0,173174712.0,28.635,Healthcare,Solventum Corporation,6.55305,0.07530539214564214,forecast_icc,0.08029232326887603,0.37236668117913596,2026-06-15
SGI,74.26,0.68,15619895296.0,210340624.0,14.966,Consumer Cyclical,Somnigroup International Inc.,3.15424,0.23821269148828228,forecast_icc,0.09050642625788285,0.20153513958509955,2026-06-15
SON,50.35,2.13,4978038272.0,98868689.0,36.639,Consumer Cyclical,Sonoco Products Company,5.82302,0.10128077870246033,forecast_icc,0.12542313417747952,0.7276862286588303,2026-06-15
SHC,16.23,0.0,4628260352.0,285166994.0,2.183,Healthcare,Sotera Health Company,0.97285,0.09249113429614009,forecast_icc,0.06815768958849933,0.13450400378470323,2026-06-15
SO,93.82,3.04,105763389440.0,1127301098.0,32.93,Utilities,Southern Company (The),4.56612,0.07685299554107217,forecast_icc,0.06718290363432289,0.3509912584467565,2026-06-15
SCCO,193.22,4.0,161208418304.0,834325691.0,14.128,Basic Materials,Southern Copper Corporation,7.28969,0.01,forecast_icc,0.035519912038580764,0.07311872101008962,2026-06-15
SSB,97.6,2.4,9532400640.0,97668043.0,91.379,Financial Services,SouthState Bank Corporation,9.48484,0.10209871753239907,forecast_icc,0.10639869308876804,0.9362602809460808,2026-06-15
LUV,46.08,0.72,22522693632.0,488773713.0,14.066,Industrials,Southwest Airlines Company,2.69747,0.6785580562527109,forecast_icc,0.22965335630152361,0.3052517234124228,2026-06-15
SPOT,479.85,0.0,98666790912.0,205620061.0,47.741013,Communication Services,Spotify Technology S.A.,12.7971,0.23869001570668358,forecast_icc,0.06355790505447245,0.09949153017469725,2026-06-15
SFM,85.39,0.0,8030443008.0,94044301.0,15.168,Consumer Defensive,"Sprouts Farmers Market, Inc.",5.56427,0.06212495080217173,forecast_icc,0.06370976191109834,0.177632038001757,2026-06-15
SSNC,67.42,1.08,16237030400.0,240834039.0,28.418,Technology,"SS&C Technologies Holdings, Inc",6.89179,0.08760278534314003,forecast_icc,0.1005479965530095,0.4215069844484617,2026-06-15
STAG,38.52,1.55,7519273984.0,191205055.0,18.825,Real Estate,"Stag Industrial, Inc.",1.11771,0.01790267600719342,forecast_icc,0.03343975871246091,0.47869450801155966,2026-06-15
SARO,26.98,0.0,8970093568.0,332471972.0,8.095,Industrials,"StandardAero, Inc.",1.17617,0.2580239251128664,forecast_icc,0.090931576140583,0.3000370724048171,2026-06-15
SWK,84.8,3.32,13182632960.0,155455564.0,57.75,Industrials,"Stanley Black & Decker, Inc.",5.37176,0.1605414240397931,forecast_icc,0.108848179969811,0.6810140924230056,2026-06-15
SBUX,101.59,2.48,115782115328.0,1139700000.0,-7.429,Consumer Cyclical,Starbucks Corporation,2.38156,0.26430994810124453,forecast_icc,0.07728848671651034,,2026-06-15
STWD,16.82,1.92,6397463040.0,370748570.0,18.338,Real Estate,"STARWOOD PROPERTY TRUST, INC. S",1.71894,0.11196435012275008,forecast_icc,0.15855108710115629,1.0627317788552633,2026-06-15
STT,167.37,3.36,46322499584.0,276767033.0,87.008,Financial Services,State Street Corporation,12.47968,0.10700194235749638,forecast_icc,0.09110030977967243,0.5198542009503664,2026-06-15
STLD,272.19,2.12,39253278720.0,144212781.0,61.799,Basic Materials,"Steel Dynamics, Inc.",15.77052,0.13486619337853156,forecast_icc,0.08054086923191461,0.22704359848743355,2026-06-15
STE,205.93,2.52,20069459968.0,97457680.0,73.452,Healthcare,STERIS plc (Ireland),11.16125,0.08466793593907473,forecast_icc,0.06606819265844352,0.35668431152476937,2026-06-15
SF,73.18,1.29,11225942016.0,153401769.0,34.704,Financial Services,Stifel Financial Corporation,6.30548,0.11043727043777785,forecast_icc,0.09900678476268912,0.47422790744762033,2026-06-15
SYK,307.94,3.52,118052118528.0,383360762.0,58.614,Healthcare,Stryker Corporation,14.98346,0.11614874001065179,forecast_icc,0.06913237248610404,0.1903422656370069,2026-06-15
SUI,124.41,4.32,15907163136.0,123230757.0,54.793,Real Estate,"Sun Communities, Inc.",2.30741,0.22341499776806018,forecast_icc,0.05654563581800243,0.4244743585372506,2026-06-15
SMCI,30.85,0.0,18553761792.0,601418482.0,12.597,Technology,"Super Micro Computer, Inc.",2.59648,0.22150372812422958,forecast_icc,0.12142136868985764,0.40833059638723207,2026-06-15
SYF,74.61,1.2,25096583168.0,336370242.0,45.267,Financial Services,Synchrony Financial,9.27657,0.1306021514417508,forecast_icc,0.12780970066595942,0.6067149317772021,2026-06-15
SNPS,454.38,0.0,87004381184.0,191479325.0,159.201,Technology,"Synopsys, Inc.",14.78894,0.16630603680858802,forecast_icc,0.0584439335570891,0.35036971247294973,2026-06-15
SYY,79.69,2.2,38106370048.0,478182608.0,4.767,Consumer Defensive,Sysco Corporation,4.58632,0.07968916255298386,forecast_icc,0.07332542651706273,0.05981930290039889,2026-06-15
TMUS,188.86,4.08,204385173504.0,1082204717.0,51.46,Communication Services,"T-Mobile US, Inc.",10.46377,0.29439580571820656,forecast_icc,0.12836743192945377,0.27247697952870387,2026-06-15
TTWO,216.23,0.0,40146698240.0,185666663.0,18.885,Communication Services,"Take-Two Interactive Software, ",1.7245,0.75,forecast_icc,0.08513170789661301,0.08733756658627277,2026-06-15
TLN,386.21,0.0,17647867904.0,45395007.0,23.637,Utilities,Talen Energy Corporation,23.79,0.49432534678436313,forecast_icc,0.1689410769728822,0.06080064664444805,2026-06-15
TPR,150.99,1.6,30506733568.0,202044714.0,3.373,Consumer Cyclical,"Tapestry, Inc.",6.97257,0.11023338596815813,forecast_icc,0.06507218910525736,0.022339226151594782,2026-06-15
TRGP,262.33,4.25,56307531776.0,214643903.0,14.292,Energy,"Targa Resources, Inc.",11.35174,0.08402148040740887,forecast_icc,0.058088320662457504,0.054481000408253454,2026-06-15
TGT,133.17,4.64,60484628480.0,454191112.0,36.098,Consumer Defensive,Target Corporation,8.33929,0.06738343432114724,forecast_icc,0.07630393467662,0.27106706568260297,2026-06-15
SNX,284.65,1.92,22950301696.0,80391093.0,110.043,Technology,TD SYNNEX Corporation,17.01935,0.11726241013904781,forecast_icc,0.07705678173000657,0.38546234224628295,2026-06-15
FTI,68.51,0.2,27315066880.0,398701897.0,8.435,Energy,TechnipFMC plc,2.96054,0.17247529166976294,forecast_icc,0.07323482558783243,0.12312071268100809,2026-06-15
TDY,628.34,0.0,29110450176.0,46329138.0,227.645,Technology,Teledyne Technologies Incorpora,24.16271,0.07835420778546776,forecast_icc,0.04718313808003727,0.3622958956747808,2026-06-15
TFX,130.09,1.36,5759111680.0,44270211.0,69.683,Healthcare,Teleflex Incorporated,6.70364,0.5730931255258338,forecast_icc,0.18540217964458472,0.5356522471731266,2026-06-15
THC,179.11,0.0,15427997696.0,86137000.0,48.533,Healthcare,Tenet Healthcare Corporation,17.80731,0.01,forecast_icc,0.0636208519426244,0.2709675684022088,2026-06-15
TDC,33.62,0.0,3163641856.0,94100000.0,2.486,Technology,Teradata Corporation,2.65025,0.08290161305537191,forecast_icc,0.07861363942307908,0.07394408426994842,2026-06-15
TER,432.41,0.52,67690397696.0,156542162.0,17.911,Technology,"Teradyne, Inc.",7.24184,0.3122783712426678,forecast_icc,0.05747859942359551,0.04142133535947131,2026-06-15
TSLA,411.15,0.0,1544165785600.0,3755723871.0,21.897,Consumer Cyclical,"Tesla, Inc.",2.05937,0.21393921441994412,forecast_icc,0.017966930814382498,0.05325793795601567,2026-06-15
TTEK,28.0,0.29,7266691584.0,259524699.0,7.18,Industrials,"Tetra Tech, Inc.",1.54296,0.11196012858402038,forecast_icc,0.07327741180310843,0.25642857100511285,2026-06-15
TXN,313.34,5.68,285168467968.0,910092791.0,18.437,Technology,Texas Instruments Incorporated,7.68535,0.163767427638299,forecast_icc,0.055043968214310346,0.058840238919928164,2026-06-15
TPL,362.78,2.4,25022543872.0,68974429.0,22.558,Energy,Texas Pacific Land Corporation,9.16854,0.09972362011836133,forecast_icc,0.039815256333716284,0.06218093481386863,2026-06-15
TXRH,167.54,3.0,11012339712.0,65729615.0,23.045,Consumer Cyclical,"Texas Roadhouse, Inc.",6.40878,0.1932754752074497,forecast_icc,0.07983217917907404,0.13754924178595845,2026-06-15
TXT,93.75,0.08,16302091264.0,173888981.0,46.026,Industrials,Textron Inc.,6.51176,0.12054498323034024,forecast_icc,0.08302824788999319,0.4909440212238282,2026-06-15
TMO,473.72,1.88,176044523520.0,371621465.0,141.956,Healthcare,Thermo Fisher Scientific Inc,24.85496,0.09632363117864617,forecast_icc,0.0646526198491881,0.29966224243009043,2026-06-15
TFSL,16.51,1.13,4629934592.0,280432141.0,6.894,Financial Services,TFS Financial Corporation,0.335,0.10447761194029836,forecast_icc,0.038790628178471454,0.41756511709571903,2026-06-15
THO,75.98,2.08,3955319296.0,52057373.0,82.198,Consumer Cyclical,"Thor Industries, Inc.",3.51919,0.33964633907234343,forecast_icc,0.13439268281055583,1.0818372995023053,2026-06-15
TKR,139.12,1.44,9668076544.0,69494510.0,46.161,Industrials,Timken Company (The),6.14037,0.18170240555536554,forecast_icc,0.07992743298019406,0.33180706229522383,2026-06-15
TJX,167.33,1.92,184850186240.0,1104704446.0,9.204,Consumer Cyclical,"TJX Companies, Inc. (The)",5.20553,0.0970813730782456,forecast_icc,0.04740251623941383,0.05500508237401926,2026-06-15
TKO,201.19,3.11,38452699136.0,74967673.0,45.035,Communication Services,"TKO Group Holdings, Inc.",4.49406,0.09653854198653322,forecast_icc,0.03856986020763509,0.08780057653727041,2026-06-15
TOST,25.05,0.0,14528999424.0,516000000.0,3.431,Technology,"Toast, Inc.",1.34499,0.2606116030602459,forecast_icc,0.10327306918995804,0.12185257555145458,2026-06-15
TOL,148.71,1.01,13900072960.0,93471000.0,90.508,Consumer Cyclical,"Toll Brothers, Inc.",12.783,0.10595400140812017,forecast_icc,0.09274846839728174,0.60862078151279,2026-06-15
BLD,412.04,0.0,11596685312.0,28144562.0,85.79,Industrials,TopBuild Corp.,18.20098,0.14966666630038583,forecast_icc,0.06795064705453624,0.20820794123657946,2026-06-15
TTC,88.84,1.56,8460191744.0,95229534.0,14.641,Industrials,Toro Company (The),4.606,0.09986973512809372,forecast_icc,0.07025392856206614,0.16480189214184315,2026-06-15
TPG,43.49,2.24,16713744384.0,153854054.0,7.421,Financial Services,TPG Inc.,2.88749,0.2735282200111515,forecast_icc,0.15717392118778928,0.06831209742725236,2026-06-15
TSCO,30.88,0.96,16195003392.0,524449616.0,4.898,Consumer Cyclical,Tractor Supply Company,2.12714,0.08550448019406343,forecast_icc,0.08516254818752952,0.15861399698359505,2026-06-15
TTD,19.27,0.0,9058988032.0,426999732.0,5.209,Communication Services,"The Trade Desk, Inc.",1.84989,0.16167988366875852,forecast_icc,0.11295632840333072,0.24552870542836366,2026-06-15
TW,101.73,0.56,22179786752.0,116035961.0,30.634,Financial Services,Tradeweb Markets Inc.,4.0536,0.12674659561870927,forecast_icc,0.060737995707285636,0.160265094927185,2026-06-15
TT,472.54,4.2,104457551872.0,221055477.0,38.837,Industrials,Trane Technologies plc,14.89892,0.14271101529506836,forecast_icc,0.056189566943768976,0.08218775384252766,2026-06-15
TDG,1277.35,0.0,71446765568.0,55933583.0,-164.367,Industrials,Transdigm Group Incorporated,40.05414,0.1722665871742597,forecast_icc,0.05808684093650718,,2026-06-15
TRU,67.31,0.5,12977367040.0,192800000.0,23.073,Financial Services,TransUnion,4.77826,0.16785817431449934,forecast_icc,0.10004893120813374,0.34278712979979026,2026-06-15
TNL,74.33,2.4,4640015360.0,62424529.0,-15.557,Consumer Cyclical,Travel   Leisure Co.,7.36266,0.1514683551868481,forecast_icc,0.1284713931349134,,2026-06-15
TRV,306.47,5.0,65169219584.0,212644693.0,150.452,Financial Services,"The Travelers Companies, Inc.",28.15254,0.014415750763518975,forecast_icc,0.0670653554532025,0.4909191725090215,2026-06-15
TREX,46.37,0.0,4817783808.0,103898729.0,9.584,Industrials,"Trex Company, Inc.",1.67884,0.10522146243835029,forecast_icc,0.0505807653443594,0.20668536788274247,2026-06-15
TRMB,50.21,0.0,11704528896.0,233111519.0,24.33,Technology,Trimble Inc.,3.58773,0.1362839455588909,forecast_icc,0.08839858877932927,0.4845648473052392,2026-06-15
TFC,48.48,2.08,60400226304.0,1245879275.0,47.595,Financial Services,Truist Financial Corporation,4.54276,0.1274753673977933,forecast_icc,0.12248034813137865,0.9817450649137389,2026-06-15
TWLO,202.0,0.0,30658318336.0,151773860.0,51.175,Technology,Twilio Inc.,5.71469,0.15858777991457096,forecast_icc,0.05167123677901092,0.253341595594945,2026-06-15
TYL,289.84,0.0,11924178944.0,41140555.0,83.828,Technology,"Tyler Technologies, Inc.",12.83923,0.14651813231790367,forecast_icc,0.06738648005020464,0.2892216278149138,2026-06-15
TSN,57.3,2.04,20177014784.0,282120397.0,51.396,Consumer Defensive,"Tyson Foods, Inc.",4.08124,0.11172829826229269,forecast_icc,0.09757479890458043,0.7186325667813913,2026-06-15
UHAL,62.08,0.0,11793827840.0,19607788.0,39.595,Industrials,U-Haul Holding Company,0.99,0.75,forecast_icc,0.12431433373588663,0.0658285313634017,2026-06-15
UHAL-B,55.05,0.2,10575423488.0,170370092.0,39.595,Industrials,U-Haul Holding Company Series N,1.30075,0.04,forecast_icc,0.02869267542839342,0.6378755234146893,2026-06-15
USB,57.79,2.06,90021314560.0,1557731728.0,37.537,Financial Services,U.S. Bancorp,5.09906,0.10956137013488765,forecast_icc,0.10872393162416283,0.6495414575951733,2026-06-15
UBER,72.85,0.0,148293386240.0,2035599013.0,12.154,Technology,"Uber Technologies, Inc.",2.94506,0.512193299966724,forecast_icc,0.14144455492778463,0.16683596639948167,2026-06-15
UI,574.74,3.2,34784460800.0,60522085.0,16.786,Technology,Ubiquiti Inc.,15.252,0.1299501704694468,forecast_icc,0.04635254138284994,0.02920625174129478,2026-06-15
UDR,38.9,1.73,14413059072.0,324915653.0,9.886,Real Estate,"UDR, Inc.",0.85761,0.01,forecast_icc,0.024800977924411424,0.22286151257078535,2026-06-15
UGI,34.36,1.5,7366567936.0,214393712.0,25.276,Utilities,UGI Corporation,2.8,0.19285714285714284,forecast_icc,0.13707993711222943,0.7356228180601686,2026-06-15
PATH,10.79,0.0,5590517760.0,453429560.0,3.656,Technology,"UiPath, Inc.",0.78515,0.15521874800993452,forecast_icc,0.09447784703297535,0.29652682318998663,2026-06-15
ULTA,471.65,0.0,20275908608.0,42989311.0,63.475,Consumer Cyclical,"Ulta Beauty, Inc.",28.76437,0.1065088510542731,forecast_icc,0.07256251094158525,0.1345807267373633,2026-06-15
RARE,25.38,0.0,2499656448.0,98489224.0,-2.408,Healthcare,Ultragenyx Pharmaceutical Inc.,0.96525,0.04,forecast_icc,0.03873346951468226,,2026-06-15
UAA,6.02,0.0,2566475776.0,188839506.0,3.318,Consumer Cyclical,"Under Armour, Inc.",0.10804,0.75,forecast_icc,0.13197269149041968,0.24413613670827025,2026-06-15
UA,5.85,0.0,2494000640.0,203035386.0,3.318,Consumer Cyclical,"Under Armour, Inc.",0.38,0.04,forecast_icc,0.057137836225158195,0.2701167754102902,2026-06-15
UNP,267.32,5.52,158711414784.0,593713213.0,32.708,Industrials,Union Pacific Corporation,12.58675,0.08856217848133952,forecast_icc,0.06433394691237507,0.12235523070116117,2026-06-15
UAL,119.97,0.0,38938632192.0,324569728.0,48.58,Industrials,"United Airlines Holdings, Inc.",9.27295,0.5332132708577098,forecast_icc,0.1977984905852198,0.40493454696848535,2026-06-15
UPS,108.83,6.56,92506185728.0,746581816.0,19.113,Industrials,"United Parcel Service, Inc.",7.12627,0.12293808682522545,forecast_icc,0.11073575846862094,0.1542536657079884,2026-06-15
URI,1084.01,7.88,67909492736.0,62646557.0,142.961,Industrials,"United Rentals, Inc.",47.20653,0.1440133388325724,forecast_icc,0.06911081899685134,0.13188162765541114,2026-06-15
UTHR,549.57,0.0,23327451136.0,42446733.0,139.982,Healthcare,United Therapeutics Corporation,27.31271,0.15772070951582617,forecast_icc,0.07521725834206505,0.2547118647538982,2026-06-15
UWMC,2.35,0.4,3796913920.0,339225520.0,0.734,Financial Services,UWM Holdings Corporation,0.40232,0.27721714058460933,forecast_icc,0.3285225881496069,0.06557734437129405,2026-06-15
UNH,411.04,9.28,373283684352.0,908144404.0,107.798,Healthcare,UnitedHealth Group Incorporated,18.38872,0.1366555149026143,forecast_icc,0.07549720710481467,0.2622567086807835,2026-06-15
U,28.49,0.0,12436882432.0,436534997.0,7.479,Technology,Unity Software Inc.,1.031,0.2955480116391853,forecast_icc,0.08890033528606234,0.26251315475674025,2026-06-15
OLED,92.97,2.0,4346430464.0,46750891.0,36.448,Technology,Universal Display Corporation,4.30683,0.15243694318094758,forecast_icc,0.08067541092645414,0.3920404316326824,2026-06-15
UHS,145.97,0.8,8836491264.0,53287606.0,123.312,Healthcare,"Universal Health Services, Inc.",23.39235,0.08358031578699876,forecast_icc,0.12317821528264783,0.7436210906293043,2026-06-15
UNM,91.82,1.84,14670654464.0,159776235.0,67.106,Financial Services,Unum Group,8.77415,0.11042437159155005,forecast_icc,0.10610756275859978,0.7308429253937065,2026-06-15
USFD,93.44,0.0,20577513472.0,220221656.0,19.533,Consumer Defensive,US Foods Holding Corp.,4.71491,0.17008596134390697,forecast_icc,0.07880793988514456,0.20904321664039782,2026-06-15
MTN,134.4,8.88,4789146112.0,35633526.0,15.484,Consumer Cyclical,"Vail Resorts, Inc.",4.40762,0.42774785485137135,forecast_icc,0.14325026152779652,0.1152083280987189,2026-06-15
VLO,247.16,4.8,73389907968.0,296932782.0,79.364,Energy,Valero Energy Corporation,29.65568,0.01,forecast_icc,0.07840393640825088,0.3211037316046686,2026-06-15
VMI,540.62,2.9,10495408128.0,19413651.0,83.582,Industrials,"Valmont Industries, Inc.",22.83531,0.1144687766445911,forecast_icc,0.06034452868483575,0.1546039713837415,2026-06-15
VVV,38.14,0.0,4864225792.0,127536079.0,2.769,Consumer Cyclical,Valvoline Inc.,1.74868,0.18005581352791822,forecast_icc,0.07637918118325696,0.07260094778737607,2026-06-15
VEEV,162.17,0.0,26343428096.0,162443291.0,44.052,Healthcare,Veeva Systems Inc.,9.06244,0.10730774493403539,forecast_icc,0.06871479015883727,0.27164087487226324,2026-06-15
VTR,83.46,2.0,40575725568.0,486169723.0,27.001,Real Estate,"Ventas, Inc.",0.535,0.5825607476635515,forecast_icc,0.06288794550657778,0.3235202453428374,2026-06-15
VLTO,82.68,0.52,20306147328.0,245599266.0,12.235,Industrials,Veralto Corp,4.24962,0.09446021056000298,forecast_icc,0.06414146043363386,0.1479801643794121,2026-06-15
VRSN,272.96,3.24,24839358464.0,91000000.0,-24.296,Technology,"VeriSign, Inc.",9.47795,0.09281964981878987,forecast_icc,0.050432607491667,,2026-06-15
VRSK,180.46,2.0,23644203008.0,131021840.0,2.233,Industrials,"Verisk Analytics, Inc.",7.64958,0.13174056614872964,forecast_icc,0.06671638324033047,0.012373932359699693,2026-06-15
VZ,47.07,2.83,196543561728.0,4175558910.0,24.77,Communication Services,Verizon Communications Inc.,4.94823,0.06419265070540381,forecast_icc,0.11362522831123634,0.5262375083231503,2026-06-15
VSNT,38.94,1.5,5509932544.0,141120240.0,71.389,Communication Services,"Versant Media Group, Inc.",4.2435,0.7055920820077766,forecast_icc,0.3253072684272772,1.8284130945179133,2026-06-15
VGNT,46.94,0.0,3327748608.0,70893660.0,,Consumer Cyclical,Versigent PLC,6.92795,0.10076573878275674,forecast_icc,0.12164802454541734,,2026-06-15
VRTX,450.46,0.0,114329190400.0,253805417.0,76.179,Healthcare,Vertex Pharmaceuticals Incorpor,19.14589,0.12146105508806326,forecast_icc,0.06016182092641997,0.16911379144728905,2026-06-15
VRT,311.93,0.25,119815053312.0,384108816.0,10.303,Industrials,"Vertiv Holdings, LLC",6.4906,0.3636859458293531,forecast_icc,0.07466866952350004,0.03302984910370726,2026-06-15
VFC,17.97,0.36,7040101376.0,391769705.0,9.454,Consumer Cyclical,V.F. Corporation,1.12385,0.2334920140588157,forecast_icc,0.11788382943004422,0.5260990706321897,2026-06-15
VTRS,16.32,0.48,19005499392.0,1164552654.0,12.779,Healthcare,Viatris Inc.,2.46432,0.08132060771328398,forecast_icc,0.12866830858297285,0.7830269575410481,2026-06-15
VICI,27.99,1.8,30139076608.0,1076780187.0,26.369,Real Estate,VICI Properties Inc.,2.895,0.013816925734024155,forecast_icc,0.09001118768387417,0.9420864852729531,2026-06-15
VIK,94.83,0.0,42309079040.0,318386000.0,2.33,Consumer Cyclical,Viking Holdings Ltd,3.29595,0.3180175670140628,forecast_icc,0.09131090887483764,0.017533810634323844,2026-06-15
VNOM,43.69,2.31,15684478976.0,194215015.0,26.319,Energy,"Viper Energy, Inc.",2.67698,0.01,forecast_icc,0.0598662858510685,0.32589829650105423,2026-06-15
VIRT,57.7,0.96,12415776768.0,87024431.0,19.937,Financial Services,"Virtu Financial, Inc.",6.43023,0.01,forecast_icc,0.07383302013019916,0.13974204862628858,2026-06-15
V,323.82,2.68,615822655488.0,1659709932.0,18.642,Financial Services,Visa Inc.,13.14344,0.13088734760458443,forecast_icc,0.06351613480334081,0.05024224470570311,2026-06-15
VST,153.52,0.92,51764252672.0,337182468.0,7.753,Utilities,Vistra Corp.,9.69519,0.13930412916095491,forecast_icc,0.08528236244955101,0.05050156313409009,2026-06-15
VNT,29.54,0.1,4159232256.0,140800000.0,8.75,Technology,Vontier Corporation,3.39529,0.09117630600037097,forecast_icc,0.10350346325141968,0.2962085125741052,2026-06-15
VNO,38.33,0.74,7849678336.0,188097756.0,25.708,Real Estate,Vornado Realty Trust,0.25,0.04,forecast_icc,0.01065221016783216,0.6160274223048112,2026-06-15
VOYA,91.17,1.86,8266047488.0,90666315.0,52.78,Financial Services,"Voya Financial, Inc.",9.4896,0.1630563985837128,forecast_icc,0.12908145081956046,0.5789185354484138,2026-06-15
VMC,292.99,2.08,38016884736.0,129754885.0,65.276,Basic Materials,Vulcan Materials Company (Holdi,9.25565,0.16652531156644867,forecast_icc,0.06029239232166039,0.2227925810354331,2026-06-15
WPC,75.47,3.76,16810120192.0,222739105.0,37.045,Real Estate,W. P. Carey Inc. REIT,3.01683,0.1477975225650765,forecast_icc,0.08257699476448377,0.49085729610974815,2026-06-15
WRB,68.03,0.4,25325985792.0,372276732.0,26.132,Financial Services,W.R. Berkley Corporation,4.67336,0.030577571597309117,forecast_icc,0.05805812267241657,0.3841246552265301,2026-06-15
GWW,1313.92,9.27,62034264064.0,47213119.0,83.215,Industrials,"W.W. Grainger, Inc.",45.5791,0.10657340754863531,forecast_icc,0.05166836664541685,0.06333338126703113,2026-06-15
WAB,268.89,1.24,45624545280.0,169677346.0,65.311,Industrials,Westinghouse Air Brake Technolo,10.61696,0.14485219874615707,forecast_icc,0.06392855431312727,0.24289112530539178,2026-06-15
WMT,120.82,0.99,961495105536.0,7958079155.0,12.501,Consumer Defensive,Walmart Inc.,2.90912,0.13025932240677585,forecast_icc,0.04415014595718059,0.10346797081322236,2026-06-15
DIS,101.69,1.5,176585850880.0,1736511424.0,62.297,Communication Services,Walt Disney Company (The),6.83117,0.09744158028566119,forecast_icc,0.08057981944698367,0.6126167619989101,2026-06-15
WM,216.94,3.54,87117840384.0,401575752.0,24.911,Industrials,"Waste Management, Inc.",8.20434,0.127137588154562,forecast_icc,0.06307902206975247,0.114828989263022,2026-06-15
WAT,357.76,0.0,35126972416.0,98185855.0,43.011,Healthcare,Waters Corporation,14.50767,0.13442613458949637,forecast_icc,0.06099396572138954,0.12022305137465908,2026-06-15
WSO,384.81,13.2,15849661440.0,35534537.0,67.936,Industrials,"Watsco, Inc.",12.9095,0.09484333242960608,forecast_icc,0.05793377449143566,0.15231078056592232,2026-06-15
W,82.99,0.0,10954388480.0,111018505.0,-21.344,Consumer Cyclical,Wayfair Inc.,2.77172,0.346084741604491,forecast_icc,0.09478419458927567,,2026-06-15
WFRD,100.1,1.1,7199725056.0,71925332.0,24.451,Energy,Weatherford International plc,5.9768,0.2576763485477178,forecast_icc,0.11576997226798869,0.24426575724116098,2026-06-15
WBS,74.38,1.6,12051530752.0,162026498.0,57.118,Financial Services,Webster Financial Corporation,6.5614,0.11683939403176158,forecast_icc,0.10422386251280602,0.7679214950539089,2026-06-15
WEC,114.0,3.81,37132726272.0,325725678.0,41.829,Utilities,"WEC Energy Group, Inc.",5.59444,0.07495120155011059,forecast_icc,0.06739057090896772,0.36692106271054464,2026-06-15
WFC,83.14,1.8,254424154112.0,3060189494.0,53.194,Financial Services,Wells Fargo & Company,6.98347,0.12735932136888972,forecast_icc,0.10483044804056119,0.639812365740153,2026-06-15
WELL,212.82,2.96,150232711168.0,705914450.0,60.487,Real Estate,Welltower Inc.,2.97,0.13131313131313127,forecast_icc,0.03219661687857156,0.28421671289285055,2026-06-15
WEN,6.91,0.56,1316221184.0,190480640.0,0.617,Consumer Cyclical,Wendy's Company (The),0.57408,0.11677814938684494,forecast_icc,0.13446087666349638,0.08929088538359219,2026-06-15
WCC,347.79,2.0,16939074560.0,48704892.0,103.407,Industrials,"WESCO International, Inc.",16.0705,0.17028717214772415,forecast_icc,0.07722548809212604,0.29732596956253077,2026-06-15
WST,331.43,0.88,23414730752.0,70647595.0,42.178,Healthcare,"West Pharmaceutical Services, I",8.61042,0.10993191969729699,forecast_icc,0.04120403565379861,0.12726066737519406,2026-06-15
WAL,81.81,1.68,8932454400.0,109185360.0,68.061,Financial Services,Western Alliance Bancorporation,9.31464,0.23544441867855337,forecast_icc,0.15930283640473364,0.8319398514880749,2026-06-15
WDC,653.53,0.6,225260126208.0,344682131.0,20.915,Technology,Western Digital Corporation,9.94013,0.75,forecast_icc,0.12289680417399329,0.03200311964314692,2026-06-15
WU,7.49,0.94,2340138752.0,312435104.0,3.034,Financial Services,Western Union Company (The),1.75155,0.09537266992092719,forecast_icc,0.2218128834147438,0.40507346187308463,2026-06-15
WLK,87.45,2.12,11204350976.0,128122944.0,68.735,Basic Materials,Westlake Corporation,3.76148,0.018886183098142162,forecast_icc,0.042424770007327584,0.785992028873766,2026-06-15
WEX,131.66,0.0,4564407808.0,34668143.0,36.726,Technology,WEX Inc.,19.29514,0.052479018032520086,forecast_icc,0.10291325707731802,0.27894576325683124,2026-06-15
WY,24.65,0.84,17773701120.0,721042609.0,13.091,Real Estate,Weyerhaeuser Company,0.32324,0.75,forecast_icc,0.13693077164446,0.5310750265625598,2026-06-15
WHR,41.86,4.45,2713495808.0,64823121.0,58.185,Consumer Cyclical,Whirlpool Corporation,2.86911,0.7053302243552879,forecast_icc,0.3267547726433737,1.3899904633222857,2026-06-15
WTM,2030.64,1.0,5029224960.0,2476670.0,2197.768,Financial Services,White Mountains Insurance Group,90.0,0.04,forecast_icc,0.043358065074259655,1.0823031611932508,2026-06-15
WMB,71.49,2.1,87432142848.0,1222998265.0,10.452,Energy,"Williams Companies, Inc. (The)",2.38226,0.07790081687137418,forecast_icc,0.05177770566980422,0.14620227126312968,2026-06-15
WSM,223.29,3.04,26291640320.0,117746611.0,17.534,Consumer Cyclical,"Williams-Sonoma, Inc.",9.44228,0.08353914520645445,forecast_icc,0.05615969247516006,0.0785256854325474,2026-06-15
WTW,257.85,3.84,24353411072.0,94447976.0,84.612,Financial Services,Willis Towers Watson Public Lim,19.50571,0.13754331423977906,forecast_icc,0.0986884785794161,0.32814426372082384,2026-06-15
WSC,28.3,0.28,5122148864.0,180994679.0,4.726,Industrials,WillScot Holdings Corporation,1.10631,0.23238513617340528,forecast_icc,0.08536122550852421,0.16699648441806786,2026-06-15
WING,166.22,1.2,4526595072.0,27232553.0,-29.346,Consumer Cyclical,Wingstop Inc.,4.56742,0.22399297634112902,forecast_icc,0.06584913252041791,,2026-06-15
WTFC,156.7,2.1,10569063424.0,67447756.0,102.034,Financial Services,Wintrust Financial Corporation,13.02518,0.06445822629706455,forecast_icc,0.08046777284361528,0.6511423065242077,2026-06-15
WWD,402.5,1.28,23982100480.0,59582861.0,42.378,Industrials,"Woodward, Inc.",9.40443,0.14436387957590213,forecast_icc,0.043842850717821485,0.10528696123026168,2026-06-15
WDAY,129.6,0.0,32007763968.0,201000000.0,30.12,Technology,"Workday, Inc.",10.73076,0.17794079822864362,forecast_icc,0.10831417147573152,0.18914535879646738,2026-06-15
WH,81.35,1.68,6089900032.0,74860482.0,6.207,Consumer Cyclical,"Wyndham Hotels & Resorts, Inc.",4.79723,0.11963570643892418,forecast_icc,0.0830780545055122,0.07629994077610501,2026-06-15
WYNN,105.96,1.0,10997241856.0,103786729.0,-2.688,Consumer Cyclical,"Wynn Resorts, Limited",4.72101,0.09902965678954301,forecast_icc,0.06044797233122623,,2026-06-15
XEL,79.35,2.37,49535791104.0,624269560.0,37.859,Utilities,Xcel Energy Inc.,4.11196,0.1021337756203855,forecast_icc,0.0761730080335955,0.4771140370488914,2026-06-15
XP,15.81,0.2,8168670720.0,414924961.0,9.08312,Financial Services,XP Inc.,10.86391,0.12687236915622457,forecast_icc,0.2878521022736852,0.4613741134810144,2026-06-15
XPO,220.74,0.0,25917079552.0,117409981.0,15.912,Industrials,"XPO, Inc.",4.91152,0.2200805453301624,forecast_icc,0.05324193735045066,0.07208480469119179,2026-06-15
XYL,110.97,1.72,26376847360.0,237693493.0,47.13,Industrials,Xylem Inc.,5.52994,0.10181846457646926,forecast_icc,0.06818903017333267,0.4247093738002357,2026-06-15
YETI,49.88,0.0,3778824960.0,75758323.0,8.671,Consumer Cyclical,"YETI Holdings, Inc.",2.87713,0.14968388637287844,forecast_icc,0.08064276623265984,0.17383721809993546,2026-06-15
YUM,154.67,3.0,42630332416.0,275621202.0,-26.444,Consumer Cyclical,"Yum! Brands, Inc.",6.76749,0.10744899512226835,forecast_icc,0.06564782486601517,,2026-06-15
ZBRA,240.05,0.0,11434395648.0,47633392.0,71.719,Technology,Zebra Technologies Corporation,18.541,0.11685561728062122,forecast_icc,0.08727225738254318,0.2987669262122772,2026-06-15
ZG,32.68,0.0,7477243392.0,42360248.0,20.312,Communication Services,"Zillow Group, Inc.",2.31522,0.3154689403166868,forecast_icc,0.13465423750162653,0.11507200077191229,2026-06-15
Z,32.36,0.0,7404026880.0,180224115.0,20.312,Communication Services,"Zillow Group, Inc.",2.30512,0.30899042132296795,forecast_icc,0.1333682110273997,0.4944217900894493,2026-06-15
ZBH,88.26,0.96,17074999296.0,193462482.0,65.529,Healthcare,"Zimmer Biomet Holdings, Inc.",8.47785,0.0603643612472502,forecast_icc,0.08560412835311226,0.742454085251284,2026-06-15
ZION,66.27,1.8,9747774464.0,147091817.0,48.181,Financial Services,Zions Bancorporation N.A.,6.54809,0.030124815022395834,forecast_icc,0.08137453290723762,0.7270409118563906,2026-06-15
ZTS,79.95,2.12,33517287424.0,419228118.0,7.839,Healthcare,Zoetis Inc.,6.89611,0.07659100565391208,forecast_icc,0.09175383602491624,0.09804878227254242,2026-06-15
ZM,94.25,0.0,27637137408.0,264645644.0,33.189,Technology,"Zoom Communications, Inc.",6.07716,0.0364413640582113,forecast_icc,0.05575379013166615,0.3178087567120294,2026-06-15
GTM,2.84,0.0,836999232.0,294718034.0,4.977,Technology,ZoomInfo Technologies Inc.,1.10577,0.01,forecast_icc,0.15077769131335728,1.752464756404938,2026-06-15
ZS,130.42,0.0,21090154496.0,161709525.0,14.635,Technology,"Zscaler, Inc.",4.12727,0.11397122068582877,forecast_icc,0.04752623949985493,0.11221439363205507,2026-06-15
