ticker,price,dividend,mktcap,shares,bvps,sector,name,FE1,g2,icc_method,ICC,bm,date
MMM,150.93,3.12,78720139264.0,521567261.0,6.256,Industrials,3M Company,8.69644,0.08725179498737412,forecast_icc,0.07276624089127492,0.04144968257580546,2026-06-01
AOS,55.78,1.42,7688080384.0,111965465.0,13.625,Industrials,A.O. Smith Corporation,3.77344,0.10759413161465403,forecast_icc,0.08865864036321358,0.19842787593634506,2026-06-01
AAON,138.66,0.4,11357878272.0,81911710.0,11.413,Industrials,"AAON, Inc.",2.26,0.45663716814159305,forecast_icc,0.08036389481727657,0.08230924155391406,2026-06-01
ABT,87.78,2.52,152896356352.0,1741813154.0,29.889,Healthcare,Abbott Laboratories,5.48325,0.10551588929922939,forecast_icc,0.08551656616334402,0.340498979845212,2026-06-01
ABBV,212.93,6.92,376203182080.0,1766792821.0,-3.767,Healthcare,AbbVie Inc.,14.23738,0.13994077562023333,forecast_icc,0.10155735267692759,,2026-06-01
ACHC,23.31,0.0,2143751296.0,91967027.0,21.576,Healthcare,"Acadia Healthcare Company, Inc.",1.50106,0.15551010619162464,forecast_icc,0.08783157822255394,0.9256113702435751,2026-06-01
ACN,196.59,6.52,120988393472.0,613939268.0,50.762,Technology,Accenture plc,13.87302,0.07429312435215962,forecast_icc,0.0835614665626806,0.2575849156095157,2026-06-01
AYI,307.0,0.74,9306756096.0,30315168.0,93.756,Industrials,Acuity Inc.,19.51632,0.09025472015215974,forecast_icc,0.07113193797019723,0.3053941525586532,2026-06-01
ADBE,274.03,0.0,110762926080.0,404200000.0,28.16,Technology,Adobe Inc.,23.55117,0.12037193905865395,forecast_icc,0.0941832326591946,0.10276247118804899,2026-06-01
ADT,6.74,0.22,5126115840.0,705806827.0,4.767,Industrials,ADT Inc.,0.91384,0.05974787709008145,forecast_icc,0.11407643365087938,0.6563607318536524,2026-06-01
WMS,135.65,0.8,10390207488.0,76595708.0,25.583,Industrials,"Advanced Drainage Systems, Inc.",6.31601,0.16094654694973576,forecast_icc,0.07548673559201735,0.18859565605664255,2026-06-01
AMD,510.13,0.0,831818301440.0,1630600639.0,39.547,Technology,"Advanced Micro Devices, Inc.",7.36568,0.75,forecast_icc,0.11809961090163446,0.0775233766303282,2026-06-01
ACM,72.25,1.14,9285780480.0,128522920.0,17.711,Industrials,AECOM,5.99369,0.12113072247647105,forecast_icc,0.09936425938898288,0.24513496103237623,2026-06-01
AES,14.7,0.7,10483418112.0,713157713.0,6.198,Utilities,The AES Corporation,2.02,0.18256930693069306,forecast_icc,0.17170228811326255,0.421632663884159,2026-06-01
AMG,302.45,0.04,7988335104.0,26412085.0,116.596,Financial Services,"Affiliated Managers Group, Inc.",34.86718,0.12570101740375916,forecast_icc,0.11372084619399525,0.3855050423608269,2026-06-01
AFRM,72.91,0.0,24417456128.0,294357801.0,11.299,Financial Services,"Affirm Holdings, Inc.",3.10274,0.21728536712712,forecast_icc,0.080848465205266,0.13621192871459964,2026-06-01
AFL,112.11,2.44,57062297600.0,508984904.0,58.686,Financial Services,AFLAC Incorporated,7.042,0.07976285146265272,forecast_icc,0.07497351421620035,0.5234680223627027,2026-06-01
AGCO,112.03,1.2,8111927296.0,72408527.0,59.341,Industrials,AGCO Corporation,5.98063,0.356343729673964,forecast_icc,0.13374653248090118,0.5296884752438245,2026-06-01
A,135.98,1.02,38376022016.0,282218158.0,25.236,Healthcare,"Agilent Technologies, Inc.",6.05542,0.08994586667811655,forecast_icc,0.05758041454161586,0.18558613063955984,2026-06-01
ADC,72.47,3.2,8729046016.0,120102859.0,50.567,Real Estate,Agree Realty Corporation,1.90286,0.028336293789348543,forecast_icc,0.033052533408174045,0.6957508598214498,2026-06-01
AGNC,10.23,1.44,11743314944.0,1147929272.0,8.898,Real Estate,AGNC Investment Corp.,1.56958,0.01,forecast_icc,0.14917208394256665,0.869794833142474,2026-06-01
APD,278.89,7.24,62103420928.0,222680686.0,70.28,Basic Materials,"Air Products and Chemicals, Inc",13.21001,0.07755860896395994,forecast_icc,0.06366862632152653,0.25199897812753225,2026-06-01
ABNB,137.87,0.0,81826521088.0,417930233.0,12.834,Consumer Cyclical,"Airbnb, Inc.",5.08308,0.18560400387166842,forecast_icc,0.06747499829902726,0.06554985521813414,2026-06-01
AKAM,154.01,0.0,22390812672.0,145385451.0,33.726,Technology,"Akamai Technologies, Inc.",6.72335,0.06802709958577191,forecast_icc,0.0493696507934992,0.2189857863693175,2026-06-01
ALK,44.52,0.0,4960818176.0,111428978.0,33.504,Industrials,"Alaska Air Group, Inc.",6.32411,0.04,forecast_icc,0.09586977279958891,0.7525606354559526,2026-06-01
ALB,171.13,1.62,20182157312.0,117934651.0,64.597,Basic Materials,Albemarle Corporation,11.79584,0.01,forecast_icc,0.05116085849805918,0.37747325684144384,2026-06-01
ACI,15.47,0.68,7650454016.0,494534842.0,3.676,Consumer Defensive,"Albertsons Companies, Inc.",2.28733,0.07677510459793746,forecast_icc,0.13220402983718105,0.23762120200841164,2026-06-01
AA,77.76,0.4,20520077312.0,263889875.0,25.867,Basic Materials,Alcoa Corporation,7.1701,0.01,forecast_icc,0.061716453065206636,0.33265173872581755,2026-06-01
ARE,48.63,4.08,8474724864.0,174269480.0,92.167,Real Estate,Alexandria Real Estate Equities,1.84767,0.01,forecast_icc,0.03923792479560284,1.8952703976727001,2026-06-01
ALGN,169.77,0.0,12158609408.0,71618127.0,57.939,Healthcare,"Align Technology, Inc.",11.36354,0.08927411704451238,forecast_icc,0.07241887678116654,0.34127937834097744,2026-06-01
ALLE,130.2,2.12,11188849664.0,85935861.0,24.451,Industrials,Allegion plc,8.76865,0.08851761673689795,forecast_icc,0.07870359738900354,0.18779568949537725,2026-06-01
ALGM,47.13,0.0,8776662016.0,186222406.0,5.151,Technology,"Allegro MicroSystems, Inc.",1.04542,0.40862045876298514,forecast_icc,0.0848619827438678,0.10929344340220745,2026-06-01
LNT,69.57,2.09,17968332800.0,258277037.0,28.737,Utilities,Alliant Energy Corporation,3.4259,0.0757552759858724,forecast_icc,0.06638636713318202,0.41306599198056926,2026-06-01
ALSN,111.67,1.16,9261461504.0,82935981.0,22.919,Consumer Cyclical,"Allison Transmission Holdings, ",9.92868,0.1426584399940376,forecast_icc,0.10748473040002027,0.20523863838531808,2026-06-01
ALL,207.21,4.32,53340192768.0,257420930.0,114.752,Financial Services,Allstate Corporation (The),29.80733,0.01,forecast_icc,0.08853207062854807,0.5537956468931522,2026-06-01
ALLY,42.05,1.2,12889294848.0,306523062.0,43.216,Financial Services,Ally Financial Inc.,5.32716,0.21759061113238576,forecast_icc,0.16639849636677806,1.0277288869256844,2026-06-01
ALNY,295.63,0.0,39470321664.0,133512573.0,8.059,Healthcare,"Alnylam Pharmaceuticals, Inc.",9.50989,0.4614070194292468,forecast_icc,0.11569990350046477,0.027260427086622283,2026-06-01
GOOGL,376.37,0.88,4559889498112.0,5823665113.0,39.514,Communication Services,Alphabet Inc.,14.23562,0.015571503032533851,forecast_icc,0.03385208513487359,0.05046532451507006,2026-06-01
GOOG,372.58,0.88,4513971830784.0,5456000000.0,39.514,Communication Services,Alphabet Inc.,14.23696,0.018137298973938343,forecast_icc,0.0347072581436878,0.04776024133109311,2026-06-01
MO,68.65,4.24,114638036992.0,1669891235.0,-1.922,Consumer Defensive,"Altria Group, Inc.",5.67869,0.03431777399364999,forecast_icc,0.08848338736733796,,2026-06-01
AMZN,261.26,0.0,2810402570240.0,10757109436.0,41.093,Consumer Cyclical,"Amazon.com, Inc.",8.64623,0.1407492051449013,forecast_icc,0.054213228535749086,0.15728775042210374,2026-06-01
AMCR,37.73,2.6,17444302848.0,462345690.0,25.211,Consumer Cyclical,Amcor plc,3.97591,0.0783870862268008,forecast_icc,0.12455142099010363,0.6681950716033568,2026-06-01
DOX,65.26,2.28,6928262656.0,106164000.0,31.821,Technology,Amdocs Limited,7.434,0.088781275221953,forecast_icc,0.1160065995745948,0.4876034312980873,2026-06-01
AMTM,24.07,0.0,5880693760.0,244316319.0,18.882,Industrials,"Amentum Holdings, Inc.",2.42243,0.14257171517856038,forecast_icc,0.11024464178682913,0.7844619909876077,2026-06-01
AS,35.82,0.0,20840863744.0,581822024.0,11.939,Consumer Cyclical,"Amer Sports, Inc.",1.25372,0.2516431101043295,forecast_icc,0.07833063216850078,0.33330543445138316,2026-06-01
AEE,105.09,3.0,29083826176.0,276751616.0,48.992,Utilities,Ameren Corporation,5.37083,0.08565901359752592,forecast_icc,0.07022143378684709,0.466190902428807,2026-06-01
AAL,14.34,0.0,9484263424.0,661385137.0,-6.164,Industrials,"American Airlines Group, Inc.",2.22859,0.04,forecast_icc,0.10131521441764602,,2026-06-01
AEP,123.79,3.8,67354763264.0,544105032.0,58.473,Utilities,American Electric Power Company,6.3566,0.07840984173929444,forecast_icc,0.06920634503324985,0.4723564005627027,2026-06-01
AXP,313.54,3.8,213936652288.0,682326443.0,49.846,Financial Services,American Express Company,17.65009,0.1399171335670244,forecast_icc,0.08236800575823577,0.1589781064349474,2026-06-01
AFG,128.27,3.52,10657452032.0,83086083.0,56.303,Financial Services,"American Financial Group, Inc.",11.61857,0.03873110029891791,forecast_icc,0.08070149128073367,0.43894128888432987,2026-06-01
AMH,32.28,1.32,13258446848.0,359960517.0,19.043,Real Estate,American Homes 4 Rent,0.64684,0.03498546781275125,forecast_icc,0.027546583390012827,0.5170083799268703,2026-06-01
AIG,73.45,2.0,38943645696.0,530206221.0,75.82,Financial Services,"American International Group, I",8.03014,0.10838291735885064,forecast_icc,0.11700742336681336,1.032266880970239,2026-06-01
AMT,187.53,6.98,87368925184.0,465893069.0,7.559,Real Estate,American Tower Corporation (REI,6.57159,0.050905488626040274,forecast_icc,0.04853461136316228,0.040308218295627286,2026-06-01
AWK,121.13,3.58,23654330368.0,195280521.0,56.519,Utilities,"American Water Works Company, I",6.0827,0.07827116247718946,forecast_icc,0.06774302660255949,0.46659785310727425,2026-06-01
COLD,15.34,0.92,4397554176.0,285306052.0,9.884,Real Estate,"Americold Realty Trust, Inc.",0.025,0.04,forecast_icc,0.010000000000000002,0.6412575957240464,2026-06-01
AMP,447.15,6.8,40197480448.0,89897084.0,68.961,Financial Services,"Ameriprise Financial, Inc.",44.16615,0.07867156181827029,forecast_icc,0.09516639900512824,0.15422341750358254,2026-06-01
AME,223.36,1.36,51194785792.0,229203002.0,47.64,Industrials,"AMETEK, Inc.",8.13921,0.08257926752104927,forecast_icc,0.048042728492556,0.21328795201222045,2026-06-01
AMGN,329.13,10.08,177634197504.0,539708274.0,17.028,Healthcare,Amgen Inc.,22.40688,0.047763008504530635,forecast_icc,0.07176165022089631,0.051736392084441134,2026-06-01
AMKR,72.75,0.33,18032726016.0,247872518.0,18.293,Technology,"Amkor Technology, Inc.",2.08195,0.17771800475515742,forecast_icc,0.057438240671017105,0.251450167198836,2026-06-01
APH,146.34,1.0,180032503808.0,1230234445.0,11.37,Technology,Amphenol Corporation,4.81611,0.17002103357273812,forecast_icc,0.06254255189854574,0.07769577906091663,2026-06-01
ADI,402.69,4.4,196145086464.0,487087040.0,69.273,Technology,"Analog Devices, Inc.",12.33983,0.19720693072757078,forecast_icc,0.0670638835771677,0.17202562210556785,2026-06-01
AU,92.08,4.6,46557872128.0,505624114.0,16.881,Basic Materials,AngloGold Ashanti PLC,9.94689,0.09429982637789314,forecast_icc,0.1224237575800885,0.18332969868055393,2026-06-01
NLY,21.51,2.8,15762017280.0,732776229.0,19.816,Real Estate,Annaly Capital Management Inc.,3.00312,0.01,forecast_icc,0.13735289994568667,0.9212458973946765,2026-06-01
AM,20.83,0.9,9893833728.0,474980000.0,4.076,Energy,Antero Midstream Corporation,1.3006,0.14520990312163629,forecast_icc,0.10557817481379239,0.19567930220223728,2026-06-01
AR,36.76,0.0,11389571072.0,309836000.0,26.025,Energy,Antero Resources Corporation,4.51291,0.03606098947242464,forecast_icc,0.08589974799479638,0.7079706381413412,2026-06-01
AON,320.41,3.28,68432187392.0,213576949.0,46.039,Financial Services,Aon plc,19.12902,0.11991100432745627,forecast_icc,0.07914736890620391,0.1436877809952996,2026-06-01
APA,37.75,1.0,13343501312.0,353470227.0,18.266,Energy,APA Corporation,6.47664,0.01,forecast_icc,0.10076317830921966,0.48386754086617345,2026-06-01
APG,40.59,0.0,17584723968.0,433227989.0,8.047,Industrials,APi Group Corporation,1.14024,0.6959850557777312,forecast_icc,0.15314835097943702,0.19825080187934857,2026-06-01
APO,128.22,2.25,73921077248.0,576517513.0,32.182,Financial Services,"Apollo Global Management, Inc. ",8.88093,0.19489287720993187,forecast_icc,0.11160056514214334,0.25099047922584194,2026-06-01
APPF,179.3,0.0,6339784704.0,24028908.0,13.299,Technology,"AppFolio, Inc.",6.8052,0.20864339034855695,forecast_icc,0.07349038915690242,0.05040556776169035,2026-06-01
AAPL,306.31,1.08,4498883870720.0,14687356000.0,7.26,Technology,Apple Inc.,8.75324,0.10303956020856275,forecast_icc,0.04322774623204695,0.02370147966120649,2026-06-01
AIT,300.98,2.04,11124082688.0,36959541.0,50.197,Industrials,Applied Industrial Technologies,10.70143,0.10158829240578116,forecast_icc,0.051424197271108155,0.16677852292291412,2026-06-01
AMAT,458.17,2.12,363768414208.0,793959430.0,30.114,Technology,"Applied Materials, Inc.",12.25935,0.31896715568117395,forecast_icc,0.08128582569718013,0.06572669132661102,2026-06-01
APP,613.7,0.0,206166081536.0,305732000.0,7.028,Communication Services,Applovin Corporation,16.10798,0.3056100144152154,forecast_icc,0.07482251019788794,0.010422104741922858,2026-06-01
ATR,112.38,1.89,7172126720.0,63820316.0,41.15,Healthcare,"AptarGroup, Inc.",5.51143,0.13808938877931864,forecast_icc,0.077390914666979,0.3661683773763551,2026-06-01
APTV,68.6,0.0,14517168128.0,211620527.0,43.48,Consumer Cyclical,Aptiv PLC,6.1488,0.1083040593286495,forecast_icc,0.09300203810038166,0.6338192430390787,2026-06-01
ARMK,54.39,0.48,14302044160.0,262953564.0,12.482,Industrials,Aramark,2.2491,0.1939975990396159,forecast_icc,0.07884547466803535,0.22949071818891656,2026-06-01
ACGL,88.74,0.0,31004831744.0,349389588.0,66.454,Financial Services,Arch Capital Group Ltd.,9.27273,0.06780743103703024,forecast_icc,0.08874160526361238,0.7488618507160635,2026-06-01
ADM,82.62,2.08,39819247616.0,481956527.0,47.311,Consumer Defensive,Archer-Daniels-Midland Company,4.69254,0.10637309431565845,forecast_icc,0.07953159225910544,0.572633754127862,2026-06-01
ARES,128.74,5.4,42464456704.0,222028421.0,11.379,Financial Services,Ares Management Corporation,5.94071,0.2322416007514252,forecast_icc,0.11546593756916879,0.059495907840521514,2026-06-01
ANET,170.68,0.0,214915022848.0,1259169438.0,10.711,Technology,"Arista Networks, Inc.",3.62944,0.2259549682595663,forecast_icc,0.052513339092379444,0.06275486781562377,2026-06-01
AWI,155.17,1.33,6622474752.0,42678835.0,20.954,Industrials,Armstrong World Industries Inc,8.31488,0.12988882581588657,forecast_icc,0.0758110694985269,0.13503899102369882,2026-06-01
ARW,217.51,0.0,11122144256.0,51133946.0,131.972,Technology,"Arrow Electronics, Inc.",19.8925,0.07100666080180984,forecast_icc,0.08261254527912432,0.6067399384674912,2026-06-01
AJG,206.1,2.8,52955746304.0,256942000.0,92.546,Financial Services,Arthur J. Gallagher & Co.,13.25869,0.1200299577107542,forecast_icc,0.08436219324949812,0.4490344484145975,2026-06-01
ASH,58.01,1.67,2656148736.0,45787777.0,40.753,Basic Materials,Ashland Inc.,3.62403,0.20904904208850383,forecast_icc,0.11642626435243286,0.7025168623994557,2026-06-01
AIZ,248.77,3.52,12325965824.0,49547637.0,118.165,Financial Services,"Assurant, Inc.",21.04465,0.06767230626311194,forecast_icc,0.08270685337722855,0.47499697871180796,2026-06-01
AGO,74.04,1.52,3278673664.0,44282464.0,124.346,Financial Services,Assured Guaranty Ltd.,7.26239,0.05498878468382995,forecast_icc,0.08843247915619667,1.6794435289501264,2026-06-01
ALAB,320.09,0.0,54865965056.0,171407939.0,8.722,Technology,"Astera Labs, Inc.",3.00371,0.40049805074391354,forecast_icc,0.04759461814212025,0.027248587397161045,2026-06-01
T,24.55,1.11,170581704704.0,6948338835.0,15.706,Communication Services,AT&T Inc.,2.31546,0.10266642481407584,forecast_icc,0.11504249458693064,0.6397556521778093,2026-06-01
ATI,178.98,0.0,24425478144.0,136470427.0,12.974,Industrials,ATI Inc.,4.4261,0.2213867739093105,forecast_icc,0.05748380063957756,0.07248854288377284,2026-06-01
TEAM,115.95,0.0,29424381952.0,159634245.0,5.992,Technology,Atlassian Corporation,5.50363,0.12755217919809292,forecast_icc,0.06620897071152065,0.03250801996794308,2026-06-01
ATO,167.15,4.0,27900647424.0,166919822.0,89.317,Utilities,Atmos Energy Corporation,8.40634,0.06706961650373411,forecast_icc,0.062387701058916514,0.5343523938713172,2026-06-01
ADSK,248.16,0.0,52397805568.0,211145251.0,14.363,Technology,"Autodesk, Inc.",12.59369,0.1313165561483569,forecast_icc,0.07007968745421161,0.05787798185894059,2026-06-01
ADP,233.74,6.8,93433888768.0,399734282.0,15.851,Technology,"Automatic Data Processing, Inc.",11.07361,0.1011260103976932,forecast_icc,0.07154338249922282,0.0678146675422555,2026-06-01
AN,189.02,0.0,6324892160.0,33461495.0,65.665,Consumer Cyclical,"AutoNation, Inc.",21.36509,0.13641927087599437,forecast_icc,0.11580270874430376,0.3473970802333806,2026-06-01
AZO,3020.95,0.0,49449930752.0,16369000.0,-170.111,Consumer Cyclical,"AutoZone, Inc.",151.06026,0.16119884872434342,forecast_icc,0.07631386524690151,,2026-06-01
AVB,182.87,7.12,25944143872.0,141872069.0,82.716,Real Estate,"AvalonBay Communities, Inc.",4.52258,0.07721256450963843,forecast_icc,0.04046709708029905,0.45232134532174706,2026-06-01
AVTR,9.19,0.0,6274521600.0,682755402.0,8.264,Healthcare,"Avantor, Inc.",0.7889,0.07975662314615284,forecast_icc,0.08203632548243067,0.8992383805209945,2026-06-01
AVY,155.48,4.0,11892724736.0,76490385.0,30.008,Consumer Cyclical,Avery Dennison Corporation,10.01966,0.11441805410562833,forecast_icc,0.08837570669764372,0.193002320665164,2026-06-01
CAR,169.36,0.0,5982639104.0,35324986.0,-96.742,Industrials,"Avis Budget Group, Inc.",3.41654,0.75,forecast_icc,0.13984708897375325,,2026-06-01
AVT,86.95,1.4,7131993600.0,82024081.0,60.376,Technology,"Avnet, Inc.",5.13,0.5384990253411306,forecast_icc,0.1936238196479928,0.6943761018596538,2026-06-01
AXTA,30.39,0.0,6504030208.0,214018768.0,11.313,Basic Materials,Axalta Coating Systems Ltd.,2.58983,0.08644968974797562,forecast_icc,0.08368679499995901,0.3722606207157395,2026-06-01
AXS,95.9,1.76,7070057984.0,73723236.0,78.86,Financial Services,Axis Capital Holdings Limited,13.23913,0.0962842724559696,forecast_icc,0.12348557035581342,0.8223149518882362,2026-06-01
AXON,476.88,0.0,38437519360.0,80602077.0,43.863,Industrials,"Axon Enterprise, Inc.",7.68883,0.375158509161992,forecast_icc,0.06464295950766669,0.09197911213620524,2026-06-01
BKR,62.97,0.92,62470565888.0,992068697.0,19.474,Energy,Baker Hughes Company,2.29603,0.21201378030774864,forecast_icc,0.08007318960168985,0.3092583768172508,2026-06-01
BALL,53.7,0.8,14297438208.0,266246511.0,21.039,Consumer Cyclical,Ball Corporation,3.99842,0.13045653032948024,forecast_icc,0.0957144471457484,0.39178769395168284,2026-06-01
BAC,51.51,1.12,365545390080.0,7096590651.0,38.664,Financial Services,Bank of America Corporation,4.46997,0.12830063736445663,forecast_icc,0.10707929693011098,0.7506115201458705,2026-06-01
OZK,47.66,1.82,5202845696.0,109165875.0,53.19,Financial Services,Bank OZK,5.93428,0.08116401652770011,forecast_icc,0.1201043818700459,1.1160301939598403,2026-06-01
BBWI,18.63,0.8,3755096320.0,201561812.0,-5.637,Consumer Cyclical,"Bath & Body Works, Inc.",2.64271,0.08493553965437006,forecast_icc,0.13241567114754782,,2026-06-01
BAX,18.4,0.2,9503029248.0,516469008.0,11.701,Healthcare,Baxter International Inc.,1.91624,0.05229511960923472,forecast_icc,0.08701961450241369,0.6359239464489544,2026-06-01
BDX,145.33,4.2,40044290048.0,275540427.0,87.584,Healthcare,"Becton, Dickinson and Company",12.53737,0.06862603560395852,forecast_icc,0.08997484423336732,0.6026560273497298,2026-06-01
BRBR,9.06,0.0,1053477376.0,116277850.0,-4.281,Consumer Defensive,"BellRing Brands, Inc.",1.24969,0.09255895462074593,forecast_icc,0.11415316143621446,,2026-06-01
BSY,35.24,0.28,10705795072.0,292281547.0,3.918,Technology,"Bentley Systems, Incorporated",1.37962,0.14585900465345536,forecast_icc,0.06518367668000369,0.10696628260156558,2026-06-01
BRK-B,470.29,0.0,1014346743808.0,1398308677.0,505559.44,Financial Services,Berkshire Hathaway Inc. New,20.38567,0.04519449201326209,forecast_icc,0.04378352894575521,696.9294829471759,2026-06-01
BBY,74.98,3.84,15797925888.0,210695187.0,14.653,Consumer Cyclical,"Best Buy Co., Inc.",6.54866,0.07967126099079813,forecast_icc,0.10506687386631886,0.19542543730098805,2026-06-01
BILL,39.51,0.0,3935066624.0,99596727.0,38.187,Technology,"BILL Holdings, Inc.",2.64116,0.25496372805888323,forecast_icc,0.11531133484620207,0.9665148210585925,2026-06-01
BIO,305.46,0.0,8174597632.0,21700560.0,255.374,Healthcare,"Bio-Rad Laboratories, Inc.",9.00237,0.07992784122403296,forecast_icc,0.03913047630938482,0.6779243528447713,2026-06-01
TECH,50.79,0.32,7952126976.0,156568751.0,12.901,Healthcare,Bio-Techne Corp,1.91984,0.07397491457621452,forecast_icc,0.047502461344668456,0.2540066906309671,2026-06-01
BIIB,192.23,0.0,28380282880.0,147637117.0,126.367,Healthcare,Biogen Inc.,13.34321,0.24362203697611018,forecast_icc,0.11480491834285711,0.657373981888196,2026-06-01
BMRN,55.03,0.0,10636441600.0,193284438.0,32.142,Healthcare,BioMarin Pharmaceutical Inc.,4.93273,0.30563197255880614,forecast_icc,0.1491189295958919,0.5840814663238504,2026-06-01
BIRK,44.9,0.0,8257381888.0,183906056.0,18.305912,Consumer Cyclical,Birkenstock Holding plc,1.9908,0.2084036568213783,forecast_icc,0.08097531806951175,0.40770405475560245,2026-06-01
BJ,88.04,0.0,11242178560.0,127693987.0,16.651,Consumer Defensive,"BJ's Wholesale Club Holdings, I",4.51836,0.08054249772041167,forecast_icc,0.05849871746555413,0.1891299418692919,2026-06-01
BLK,1020.73,22.92,158451974144.0,155233989.0,364.87,Financial Services,"BlackRock, Inc.",53.11913,0.14168341989034827,forecast_icc,0.0839037334370493,0.3574598920109116,2026-06-01
BX,116.94,4.97,142931329024.0,742180737.0,10.657,Financial Services,Blackstone Inc.,5.93656,0.2692704192326869,forecast_icc,0.13232864339007155,0.05533720401411021,2026-06-01
HRB,39.57,1.68,5015901184.0,126760207.0,-0.192,Consumer Cyclical,"H&R Block, Inc.",5.16,0.12839147286821695,forecast_icc,0.14395715398730868,,2026-06-01
XYZ,76.1,0.0,45293273088.0,535195000.0,36.879,Technology,"Block, Inc.",3.89538,0.2784760408483897,forecast_icc,0.10461846376291609,0.4357701499437284,2026-06-01
OWL,10.47,0.92,16323257344.0,675802413.0,3.107,Financial Services,Blue Owl Capital Inc.,0.88433,0.11163253536575724,forecast_icc,0.13548769311961906,0.12863352288952312,2026-06-01
BNY,142.59,2.12,97870782464.0,686379000.0,57.478,Financial Services,The Bank of New York Mellon Cor,8.79625,0.09887736251243417,forecast_icc,0.07689516079461411,0.4030997931023142,2026-06-01
BA,224.3,0.0,176816209920.0,788302331.0,7.591,Industrials,Boeing Company (The),4.18143,0.04,forecast_icc,0.02364563832646993,0.033843067880079805,2026-06-01
BOKF,124.82,2.52,7584061952.0,60759992.0,98.308,Financial Services,BOK Financial Corporation,10.12938,0.04412905824443358,forecast_icc,0.07475935626734098,0.7875981672276298,2026-06-01
BKNG,169.25,1.61,131148177408.0,774878436.0,-11.185,Consumer Cyclical,Booking Holdings Inc. Common St,10.4546,0.17686951198515488,forecast_icc,0.09569516401528244,,2026-06-01
BAH,84.05,2.36,10064662528.0,119746130.0,9.182,Industrials,Booz Allen Hamilton Holding Cor,6.26083,0.09569497973910801,forecast_icc,0.09109999797283497,0.10924449405046163,2026-06-01
BWA,71.06,0.68,14575467520.0,205114941.0,26.712,Consumer Cyclical,BorgWarner Inc.,5.19951,0.12758702262328558,forecast_icc,0.09147978738710127,0.3759076884822971,2026-06-01
SAM,167.36,0.0,1742793600.0,8345442.0,66.968,Consumer Defensive,"Boston Beer Company, Inc. (The)",9.55101,0.1607149400953407,forecast_icc,0.0827920708018054,0.3206791440225624,2026-06-01
BSX,47.98,0.0,71315324928.0,1486355179.0,17.402,Healthcare,Boston Scientific Corporation,3.37082,0.10883405224841436,forecast_icc,0.08010508494062882,0.3626927711690563,2026-06-01
BYD,86.84,0.76,6454830592.0,74330156.0,33.894,Consumer Cyclical,Boyd Gaming Corporation,7.20008,0.08638515127609692,forecast_icc,0.08557637717920191,0.39030401674467363,2026-06-01
BFAM,65.51,0.0,3446263552.0,52606675.0,21.669,Consumer Cyclical,Bright Horizons Family Solution,5.01465,0.1451188019104026,forecast_icc,0.09460543571819857,0.3307739014659666,2026-06-01
BHF,62.66,0.0,3599552768.0,57445785.0,96.853,Financial Services,"Brighthouse Financial, Inc.",19.67329,0.01,forecast_icc,0.133068842905684,1.5456910825331176,2026-06-01
BMY,54.95,2.52,112211820544.0,2042071247.0,9.828,Healthcare,Bristol-Myers Squibb Company,6.30894,0.01,forecast_icc,0.08545114265334053,0.17885349438427875,2026-06-01
BRX,30.07,1.21,9226576896.0,306836617.0,9.897,Real Estate,Brixmor Property Group Inc.,1.09314,0.01,forecast_icc,0.03782952962915617,0.32913203159511173,2026-06-01
AVGO,459.97,2.6,2177805320192.0,4734668184.0,16.865,Technology,Broadcom Inc.,11.36382,0.6319705873553083,forecast_icc,0.1395667378022053,0.03666543477638315,2026-06-01
BR,159.96,3.9,18500702208.0,115658297.0,24.363,Technology,"Broadridge Financial Solutions,",9.54077,0.09072747797085556,forecast_icc,0.07691524885015377,0.1523068183105258,2026-06-01
BAM,48.14,2.01,76869296128.0,1596765155.0,4.742,Financial Services,Brookfield Asset Management Inc,1.83789,0.18688822508419967,forecast_icc,0.09027859083568834,0.09850305318786333,2026-06-01
BRO,56.98,0.65,19313248256.0,338947841.0,37.579,Financial Services,"Brown & Brown, Inc.",4.49557,0.08210527252384026,forecast_icc,0.08271403227987742,0.6595121000933609,2026-06-01
BF-A,25.88,0.92,11871249408.0,168441239.0,8.899,Consumer Defensive,Brown Forman Inc,1.72,0.013,trailing_eps_fallback_icc,0.05872198533361407,0.12626797183208502,2026-06-01
BF-B,25.16,0.92,11540982784.0,290262390.0,8.899,Consumer Defensive,Brown Forman Inc,1.74655,0.01,forecast_icc,0.05924188727890127,0.22381499539112384,2026-06-01
BRKR,58.44,0.2,8896065536.0,152225624.0,16.089,Healthcare,Bruker Corporation,2.11762,0.14153153068066993,forecast_icc,0.05921173908616917,0.2753080060645812,2026-06-01
BC,82.47,1.76,5358441984.0,64974438.0,24.633,Consumer Cyclical,Brunswick Corporation,4.26404,0.2508208178159681,forecast_icc,0.11226020235251932,0.298690428306035,2026-06-01
BLDR,75.62,0.0,8133677568.0,107559876.0,37.242,Industrials,"Builders FirstSource, Inc.",4.28345,0.3726832343087929,forecast_icc,0.1332900451766973,0.4924887750347568,2026-06-01
BLSH,32.12,0.0,4870944768.0,151648346.0,17.528,Technology,Bullish,0.64548,0.75,forecast_icc,0.139583717138419,0.5457036232786945,2026-06-01
BG,129.97,2.88,25216534528.0,194018115.0,82.7,Consumer Defensive,Bunge Limited,9.43066,0.15431899782199765,forecast_icc,0.10498414919314902,0.6363006817088043,2026-06-01
BURL,314.01,0.0,19764484096.0,62942206.0,29.526,Consumer Cyclical,"Burlington Stores, Inc.",11.78355,0.16765406010922002,forecast_icc,0.06460452227025393,0.09402884311724156,2026-06-01
BWXT,188.39,1.04,17259284480.0,91614649.0,13.976,Industrials,"BWX Technologies, Inc.",4.7125,0.10218779840848802,forecast_icc,0.03964681007771213,0.07418652470255824,2026-06-01
BXP,59.13,3.08,10543554560.0,159477391.0,32.469,Real Estate,"BXP, Inc.",1.9781,0.07435923360800767,forecast_icc,0.052567980567244474,0.4911124971101777,2026-06-01
CHRW,179.89,2.52,21204180992.0,117873042.0,14.423,Industrials,"C.H. Robinson Worldwide, Inc.",6.15581,0.19360734005760416,forecast_icc,0.07270015205209057,0.08017677671245187,2026-06-01
CACI,524.92,0.0,11596167168.0,22091305.0,193.749,Technology,"CACI International, Inc.",28.16387,0.10554195854475967,forecast_icc,0.06645678845565872,0.36910197916569043,2026-06-01
CDNS,414.16,0.0,114231959552.0,275816000.0,23.789,Technology,"Cadence Design Systems, Inc.",4.49288,0.75,forecast_icc,0.10134407714510926,0.057439151440041296,2026-06-01
CZR,29.15,0.0,5937667584.0,203693576.0,16.745,Consumer Cyclical,"Caesars Entertainment, Inc.",0.37,0.75,forecast_icc,0.11034229448301766,0.5744425537244762,2026-06-01
CPT,106.08,4.24,10511529984.0,99090596.0,38.749,Real Estate,Camden Property Trust,0.99129,0.23401829938766672,forecast_icc,0.03364663209417451,0.36528093533943157,2026-06-01
CPB,21.08,1.56,6284928000.0,298146488.0,13.44,Consumer Defensive,The Campbell's Company,2.17436,0.01,forecast_icc,0.09160437509089514,0.6375711541516466,2026-06-01
COF,184.56,3.2,114850357248.0,622292783.0,173.505,Financial Services,Capital One Financial Corporati,19.70044,0.23291002637504543,forecast_icc,0.15167882572764257,0.9401007702681324,2026-06-01
CAH,195.15,2.05,45705273344.0,234205855.0,-12.051,Healthcare,"Cardinal Health, Inc.",10.76846,0.11227139256681085,forecast_icc,0.07348182868137834,,2026-06-01
CAI,16.45,0.0,4650097664.0,282680695.0,2.1,Healthcare,"Caris Life Sciences, Inc.",0.14607,0.75,forecast_icc,0.09058228607953722,0.1276595681195568,2026-06-01
CSL,338.75,4.4,13707544576.0,40465076.0,40.914,Industrials,Carlisle Companies Incorporated,20.95163,0.11912820148122116,forecast_icc,0.08186886763517187,0.12077933507965416,2026-06-01
CG,45.1,1.4,16234846208.0,359974427.0,15.016,Financial Services,The Carlyle Group Inc.,4.08746,0.27803819486918524,forecast_icc,0.1635050821013317,0.33294901143987476,2026-06-01
KMX,45.02,0.0,6384769024.0,141820715.0,41.53,Consumer Cyclical,CarMax Inc,2.33817,0.1880530500348565,forecast_icc,0.08443958612347197,0.9224788354614721,2026-06-01
CCL,27.51,0.3,38105190400.0,1239000212.0,9.409,Consumer Cyclical,Carnival Corporation Ltd.,2.21587,0.17399486431965783,forecast_icc,0.11105407415454793,0.30593609091920454,2026-06-01
CRS,486.93,0.8,24193415168.0,49685612.0,41.614,Industrials,Carpenter Technology Corporatio,10.5697,0.19508784544499846,forecast_icc,0.04904431278532051,0.08546197564132174,2026-06-01
CARR,65.11,0.96,54079090688.0,830580423.0,16.18,Industrials,Carrier Global Corporation,2.79497,0.14529672948189054,forecast_icc,0.07209769426786006,0.24850253717601856,2026-06-01
CVNA,71.0,0.0,77875339264.0,716288385.0,5.203,Consumer Cyclical,Carvana Co.,1.53923,0.3321141090025532,forecast_icc,0.07066152647571544,0.04785659365824217,2026-06-01
CASY,745.58,2.28,27636363264.0,36959030.0,104.17,Consumer Cyclical,"Caseys General Stores, Inc.",18.11096,0.12102450670754061,forecast_icc,0.04114748123482148,0.13931001406813756,2026-06-01
CAT,865.36,6.04,398577860608.0,460591983.0,40.511,Industrials,"Caterpillar, Inc.",24.37516,0.22308612538338202,forecast_icc,0.06659887346858998,0.04681404480130949,2026-06-01
CAVA,74.67,0.0,8697102336.0,116473856.0,6.958,Consumer Cyclical,"CAVA Group, Inc.",0.55033,0.36387258553958546,forecast_icc,0.03671867484730888,0.09318334529575438,2026-06-01
CBOE,300.99,2.88,31499741184.0,104653784.0,51.336,Financial Services,"Cboe Global Markets, Inc.",13.7707,0.05765284262964121,forecast_icc,0.0513781113981641,0.17055716820152525,2026-06-01
CBRE,124.64,0.0,36496658432.0,292816579.0,29.094,Real Estate,CBRE Group Inc,7.6752,0.1561653116531163,forecast_icc,0.08562214332017393,0.2334242617114893,2026-06-01
CCC,5.14,0.0,3016874240.0,586940536.0,2.934,Technology,CCC Intelligent Solutions Holdi,0.44,0.14843181818181828,forecast_icc,0.10203245786436602,0.5708171423890709,2026-06-01
CDW,140.98,2.52,18010681344.0,127753451.0,19.964,Technology,CDW Corporation,10.70517,0.0855194265948136,forecast_icc,0.08441868446315726,0.14160874022756792,2026-06-01
CE,55.28,0.12,6062145024.0,109662539.0,37.05,Basic Materials,Celanese Corporation,6.13749,0.07970848017674981,forecast_icc,0.09705084876507108,0.6702243271753836,2026-06-01
CELH,30.88,0.0,7894173696.0,255640360.0,4.875,Consumer Defensive,"Celsius Holdings, Inc.",1.62439,0.24975529275605002,forecast_icc,0.09953491688024133,0.15786918339933118,2026-06-01
COR,264.69,2.4,51498364928.0,194561060.0,17.463,Healthcare,"Cencora, Inc.",17.75158,0.11596770540988444,forecast_icc,0.08339267559798566,0.06597529446867335,2026-06-01
CNC,62.0,0.0,30615412736.0,493797000.0,43.395,Healthcare,Centene Corporation,3.51741,0.26662231585172047,forecast_icc,0.10799416568654918,0.699919383735856,2026-06-01
CNP,41.29,0.92,27010658304.0,654169480.0,17.502,Utilities,"CenterPoint Energy, Inc (Holdin",1.9086,0.09082049669915104,forecast_icc,0.06481244438187928,0.4238798666104513,2026-06-01
CBC,27.86,0.48,6679941120.0,239768162.0,15.84,Financial Services,"Central Bancompany, Inc.",1.912,0.06589958158995812,forecast_icc,0.07308982854855345,0.5685570602873817,2026-06-01
CERT,6.12,0.0,952055360.0,155564608.0,6.633,Healthcare,"Certara, Inc.",0.38267,0.08012125329918729,forecast_icc,0.06681521358739173,1.0838235760407882,2026-06-01
CF,113.3,2.0,17406197760.0,153629274.0,34.776,Basic Materials,"CF Industries Holdings, Inc.",18.22706,0.01,forecast_icc,0.09381472630907281,0.30693731659774043,2026-06-01
CRL,182.07,0.0,8769898496.0,48167730.0,61.05,Healthcare,Charles River Laboratories Inte,11.09224,0.10975240348207382,forecast_icc,0.07334376513439878,0.3353105988445867,2026-06-01
SCHW,88.74,1.28,154330873856.0,1739135507.0,24.435,Financial Services,Charles Schwab Corporation (The,6.1536,0.1731230499219969,forecast_icc,0.103762761772488,0.27535498926284907,2026-06-01
CHTR,142.6,0.0,20132036608.0,141178369.0,133.228,Communication Services,"Charter Communications, Inc.",41.90553,0.08778173190984573,forecast_icc,0.17022476411911314,0.9342776446997806,2026-06-01
CHE,422.84,2.4,5612822016.0,13274104.0,64.148,Healthcare,Chemed Corp,24.3525,0.10502001847859566,forecast_icc,0.07166368518253974,0.1517075048816228,2026-06-01
LNG,227.88,2.22,47752683520.0,209551868.0,17.872,Energy,"Cheniere Energy, Inc.",18.80314,0.024726721175293287,forecast_icc,0.06481341329668128,0.07842723610134822,2026-06-01
CVX,185.83,7.12,370098601984.0,1991597732.0,92.906,Energy,Chevron Corporation,14.61023,0.01,forecast_icc,0.06494792594848009,0.4999515747892267,2026-06-01
CHWY,22.28,0.0,9112156160.0,232505429.0,1.199,Consumer Cyclical,"Chewy, Inc.",1.61476,0.2151279447100498,forecast_icc,0.11010831897113849,0.03059363826475511,2026-06-01
CMG,30.55,0.0,39187521536.0,1282734000.0,1.871,Consumer Cyclical,"Chipotle Mexican Grill, Inc.",1.13426,0.19766191173099634,forecast_icc,0.07023269812664162,0.061243865902446036,2026-06-01
CHH,111.51,1.15,5073202176.0,45495493.0,3.038,Consumer Cyclical,"Choice Hotels International, In",7.20233,0.08360211209428048,forecast_icc,0.07294956187597029,0.027244194680011113,2026-06-01
CHRD,138.0,5.2,7769287168.0,56299183.0,142.959,Energy,Chord Energy Corporation,21.52152,0.01,forecast_icc,0.09921115695981977,1.0359347940756924,2026-06-01
CB,309.78,4.08,120151302144.0,387860106.0,189.933,Financial Services,Chubb Limited,27.09553,0.0796747655425083,forecast_icc,0.08802169609790755,0.6131222233830508,2026-06-01
CHD,95.3,1.23,22580725760.0,236943602.0,17.671,Consumer Defensive,"Church & Dwight Company, Inc.",3.74367,0.07226331380703965,forecast_icc,0.05050558176061723,0.18542496974827083,2026-06-01
CHDN,89.77,0.44,6256691712.0,69696908.0,15.725,Consumer Cyclical,"Churchill Downs, Incorporated",6.86918,0.058145222573873445,forecast_icc,0.07139227712099305,0.17516987071585474,2026-06-01
CIEN,569.61,0.0,80541958144.0,141398427.0,19.741,Technology,Ciena Corporation,6.24815,0.4044813264726361,forecast_icc,0.05357675048170059,0.034657045988581325,2026-06-01
CI,274.19,6.24,72532140032.0,264532404.0,159.524,Healthcare,The Cigna Group,30.39705,0.10176382247619409,forecast_icc,0.1133870303481298,0.5818009395156184,2026-06-01
CINF,156.83,3.76,24259520512.0,154686742.0,101.643,Financial Services,Cincinnati Financial Corporatio,8.76736,0.047405376304839875,forecast_icc,0.06083001403299704,0.648109450857806,2026-06-01
CTAS,172.9,1.8,69183668224.0,400136881.0,11.971,Industrials,Cintas Corporation,4.88692,0.11027804834128663,forecast_icc,0.04645854582976272,0.06923655142051752,2026-06-01
CRCL,104.97,0.0,28057503744.0,229857799.0,13.839,Financial Services,"Circle Internet Group, Inc.",0.81986,0.75,forecast_icc,0.08409740948692057,0.1133743796092782,2026-06-01
CRUS,167.73,0.0,8484268032.0,50582893.0,42.059,Technology,"Cirrus Logic, Inc.",8.904,0.05417003593890368,forecast_icc,0.0532064659399762,0.25075420633375384,2026-06-01
CSCO,121.33,1.68,478214258688.0,3941434665.0,12.401,Technology,"Cisco Systems, Inc.",4.27766,0.11566136626099333,forecast_icc,0.05670806161664166,0.10220885386136962,2026-06-01
C,129.09,2.4,220172926976.0,1705576955.0,112.225,Financial Services,"Citigroup, Inc.",10.84418,0.15539395325418792,forecast_icc,0.11205884919119746,0.8693547222349436,2026-06-01
CFG,60.78,1.84,25702764544.0,422881942.0,56.478,Financial Services,"Citizens Financial Group, Inc.",5.20315,0.2325053092837992,forecast_icc,0.14440018665821308,0.9292201342540533,2026-06-01
CLVT,2.73,0.0,1745061120.0,639216510.0,7.492,Technology,Clarivate Plc,0.7317,0.06899002323356562,forecast_icc,0.153651424992587,2.744322269308252,2026-06-01
CLH,281.0,0.0,14849734656.0,52846032.0,52.533,Industrials,"Clean Harbors, Inc.",8.49,0.10247349823321539,forecast_icc,0.043849158074055455,0.18695018216600248,2026-06-01
CWEN,40.35,1.83,9687904256.0,121168025.0,14.582,Utilities,"Clearway Energy, Inc.",2.31517,0.04,forecast_icc,0.06729045442738102,0.18237919098506006,2026-06-01
CLF,13.58,0.0,7746230784.0,570414657.0,10.207,Basic Materials,Cleveland-Cliffs Inc.,0.43891,0.04,forecast_icc,0.0348293158677572,0.7516200544947513,2026-06-01
CLX,89.09,4.96,10772882432.0,120921351.0,-0.554,Consumer Defensive,Clorox Company (The),5.53904,0.13647130188624734,forecast_icc,0.1099672417322598,,2026-06-01
NET,270.82,0.0,95725731840.0,319528350.0,4.32,Technology,"Cloudflare, Inc.",1.19487,0.27639826926778643,forecast_icc,0.0200154853099175,0.014419973036165403,2026-06-01
CME,257.76,5.2,93134553088.0,361319613.0,73.573,Financial Services,CME Group Inc.,12.26793,0.05193378181975272,forecast_icc,0.05463639165118084,0.2854297036474871,2026-06-01
CMS,70.58,2.28,21803546624.0,308919602.0,29.919,Utilities,CMS Energy Corporation,3.88379,0.07428568485937714,forecast_icc,0.07163408667058146,0.42390193355352357,2026-06-01
CNA,41.9,1.92,11335267328.0,270531425.0,40.133,Financial Services,CNA Financial Corporation,4.05,0.18518518518518512,forecast_icc,0.14681111008585612,0.9578281098590251,2026-06-01
CNH,9.85,0.1,12213514240.0,1239950537.0,6.268,Industrials,CNH Industrial N.V.,0.40628,0.75,forecast_icc,0.21020433825501617,0.6363451020888153,2026-06-01
KO,78.64,2.12,338347229184.0,4302482418.0,7.816,Consumer Defensive,Coca-Cola Company (The),3.26595,0.06665135718550497,forecast_icc,0.055918492219638335,0.09938962012542538,2026-06-01
COKE,172.13,1.0,11457712128.0,56517334.0,47.819,Consumer Defensive,"Coca-Cola Consolidated, Inc.",38.94,0.75,forecast_icc,0.38927299185095465,0.23587626956881422,2026-06-01
CGNX,64.64,0.34,10757353472.0,166419451.0,8.881,Technology,Cognex Corporation,1.47233,0.19660673897835412,forecast_icc,0.052563838877904945,0.1373917058854641,2026-06-01
CTSH,57.16,1.32,27036680192.0,473000000.0,31.789,Technology,Cognizant Technology Solutions ,5.68742,0.0833629308192465,forecast_icc,0.10055304836923898,0.5561406538532466,2026-06-01
COHR,362.9,0.0,70997508096.0,195639321.0,54.601,Technology,Coherent Corp.,5.45413,0.4843210557870823,forecast_icc,0.07813038469670361,0.15045742945621537,2026-06-01
COIN,182.61,0.0,48110571520.0,222426875.0,51.177,Financial Services,"Coinbase Global, Inc.",1.22439,0.75,forecast_icc,0.07679376620963241,0.2366037197696337,2026-06-01
CL,88.43,2.12,70760742912.0,800189310.0,0.181,Consumer Defensive,Colgate-Palmolive Company,3.81129,0.06029454594113792,forecast_icc,0.05452368599452477,0.0020468166267010486,2026-06-01
COLB,29.0,1.48,8395220480.0,289490366.0,26.47,Financial Services,"Columbia Banking System, Inc.",3.05944,0.10595403080302268,forecast_icc,0.12613143570596186,0.912758635258618,2026-06-01
COLM,66.01,1.2,3375803904.0,51140792.0,30.933,Consumer Cyclical,Columbia Sportswear Company,3.84592,0.09779974622457055,forecast_icc,0.07525756115876636,0.46861078543737594,2026-06-01
CMCSA,25.05,1.32,89484320768.0,3562784182.0,24.679,Communication Services,Comcast Corporation,3.51911,0.07937518292977486,forecast_icc,0.13428027276869836,0.9825849944767163,2026-06-01
FIX,1787.88,2.6,62904713216.0,35183967.0,18.355,Industrials,"Comfort Systems USA, Inc.",43.14652,0.2329061532656631,forecast_icc,0.05919037503165614,0.010266348597242129,2026-06-01
CBSH,51.45,1.1,7500234752.0,145777158.0,29.417,Financial Services,"Commerce Bancshares, Inc.",4.156,0.05480028873917231,forecast_icc,0.07875847149200932,0.5717589913759009,2026-06-01
CAG,13.11,1.4,6272310784.0,478437156.0,17.064,Consumer Defensive,"ConAgra Brands, Inc.",1.69824,0.01,forecast_icc,0.11989319238855145,1.301601899384455,2026-06-01
CNXC,30.03,1.44,1831974912.0,61004826.0,45.845,Technology,Concentrix Corporation,11.71,0.09628522630230574,forecast_icc,0.22362696270070692,1.5266400372899864,2026-06-01
COP,115.58,3.36,140810420224.0,1218294007.0,52.977,Energy,ConocoPhillips,9.91036,0.01,forecast_icc,0.06565813974820811,0.45835785097556586,2026-06-01
ED,103.6,3.48,38179676160.0,368529705.0,69.554,Utilities,"Consolidated Edison, Inc.",6.11263,0.06164286076533321,forecast_icc,0.07123221700978555,0.6713706788436521,2026-06-01
STZ,136.25,4.12,23465611264.0,172172544.0,46.781,Consumer Defensive,"Constellation Brands, Inc.",11.82057,0.0542266574285335,forecast_icc,0.0855756249727872,0.3432428710357417,2026-06-01
CEG,265.7,1.71,95968198656.0,361190063.0,92.403,Utilities,Constellation Energy Corporatio,11.73588,0.16088610312988894,forecast_icc,0.07325003773874178,0.34777192714664307,2026-06-01
COO,60.19,0.0,11743935488.0,195114398.0,42.869,Healthcare,"The Cooper Companies, Inc.",4.61526,0.08639166590831282,forecast_icc,0.07823884085417954,0.7122279525810351,2026-06-01
CPRT,32.32,0.0,29922226176.0,925811482.0,10.162,Industrials,"Copart, Inc.",1.58448,0.06399575886095121,forecast_icc,0.052673900718477246,0.31441832652244445,2026-06-01
CORT,70.44,0.0,7561846272.0,107351594.0,5.944,Healthcare,Corcept Therapeutics Incorporat,0.4875,0.75,forecast_icc,0.07827375619520854,0.08438387290399547,2026-06-01
CNM,49.08,0.0,9556880384.0,188142739.0,10.579,Industrials,"Core & Main, Inc.",2.49618,0.19561489956653766,forecast_icc,0.0851074564492339,0.20826482658642848,2026-06-01
GLW,176.7,1.12,152074698752.0,860637825.0,13.777,Technology,Corning Incorporated,3.19542,0.32177929661828486,forecast_icc,0.06535836290423724,0.07796831039173151,2026-06-01
CPAY,364.13,0.0,23800236032.0,65361919.0,53.076,Technology,"Corpay, Inc.",26.77128,0.14324156334698968,forecast_icc,0.09183373008664197,0.145761126409824,2026-06-01
CTVA,77.68,0.72,51953934336.0,668820000.0,36.359,Basic Materials,"Corteva, Inc.",3.73759,0.01,forecast_icc,0.0392081393050564,0.4680613064398819,2026-06-01
CSGP,33.86,0.0,13826924544.0,408355715.0,19.437,Real Estate,"CoStar Group, Inc.",1.36225,0.3201468159295284,forecast_icc,0.0998572079428289,0.5740401639711877,2026-06-01
COST,946.11,5.88,419613016064.0,443514000.0,37.278,Consumer Defensive,Costco Wholesale Corporation,20.54597,0.10291896659052857,forecast_icc,0.03648036918669373,0.03940133947007572,2026-06-01
COTY,2.06,0.0,1813760768.0,880466438.0,3.513,Consumer Defensive,Coty Inc.,0.22702,0.6150999911902035,forecast_icc,0.2541277630096005,1.7053398944694782,2026-06-01
CPNG,16.62,0.0,29833967616.0,1637261211.0,2.173,Consumer Cyclical,"Coupang, Inc.",0.32269,0.04,forecast_icc,0.02436777848551843,0.11925227838602881,2026-06-01
CUZ,26.4,1.28,4344524800.0,164540333.0,27.414,Real Estate,Cousins Properties Incorporated,0.19111,0.5697765684684213,forecast_icc,0.06695781746792262,1.038251338526598,2026-06-01
CR,182.05,1.02,10512603136.0,57745686.0,36.314,Industrials,Crane Company,6.78386,0.11864926457798353,forecast_icc,0.056368143610326604,0.19947265337383321,2026-06-01
CXT,36.42,0.72,2095692928.0,57542367.0,21.536,Industrials,"Crane NXT, Co.",4.24075,0.11887519896244747,forecast_icc,0.1211384726160668,0.5913234707026698,2026-06-01
CACC,561.665,0.0,5875055616.0,10460071.0,145.264,Financial Services,Credit Acceptance Corporation,47.735,0.14664292447889382,forecast_icc,0.10109390075306729,0.258631041654466,2026-06-01
CRH,106.75,1.56,71330373632.0,668200216.0,34.524,Basic Materials,CRH PLC,5.94846,0.13315883438738774,forecast_icc,0.08122600256641754,0.3234098334630745,2026-06-01
CROX,119.28,0.0,5926981120.0,49689648.0,28.296,Consumer Cyclical,"Crocs, Inc.",13.64803,0.06352784980689519,forecast_icc,0.09235702367820353,0.23722334378011314,2026-06-01
CRWD,782.17,0.0,199090831360.0,254536521.0,17.478,Technology,"CrowdStrike Holdings, Inc.",4.85423,0.27125002317566316,forecast_icc,0.025455511300709367,0.022345525826820277,2026-06-01
CCI,91.03,4.25,39730221056.0,436451983.0,-4.404,Real Estate,Crown Castle Inc.,2.39917,0.23432270326821358,forecast_icc,0.07767728280188713,,2026-06-01
CCK,94.54,1.22,10564525056.0,111746617.0,26.399,Consumer Cyclical,"Crown Holdings, Inc.",8.10868,0.08969277366969708,forecast_icc,0.09009619448764827,0.27923630513873243,2026-06-01
CSX,45.86,0.56,85214248960.0,1858138856.0,7.307,Industrials,CSX Corporation,1.90632,0.13468882454152498,forecast_icc,0.06704265393839581,0.15933274993910126,2026-06-01
CUBE,39.33,2.12,8951836672.0,226413630.0,11.698,Real Estate,CubeSmart,1.43717,0.033621631400599705,forecast_icc,0.0454688026924418,0.2958707515324069,2026-06-01
CMI,643.5,8.0,88795971584.0,137989067.0,89.507,Industrials,Cummins Inc.,28.12282,0.1312254603201244,forecast_icc,0.06849334735156953,0.13909400617667778,2026-06-01
CW,719.99,1.04,26597267456.0,36941164.0,71.231,Industrials,Curtiss-Wright Corporation,15.21035,0.12080984329749156,forecast_icc,0.037052270172014956,0.09893332302790375,2026-06-01
CVS,90.62,2.66,115624534016.0,1275927307.0,60.845,Healthcare,CVS Health Corporation,7.42933,0.12661841646554928,forecast_icc,0.10704943443429216,0.6714301394172288,2026-06-01
DHI,146.98,1.8,41680531456.0,283579613.0,82.915,Consumer Cyclical,"D.R. Horton, Inc.",10.57878,0.13944519122242838,forecast_icc,0.09520289230295342,0.5641243715118286,2026-06-01
DHR,179.87,1.6,127306694656.0,707770627.0,74.818,Healthcare,Danaher Corporation,8.43961,0.07848940887078903,forecast_icc,0.057340360499011006,0.41595599441156544,2026-06-01
DRI,201.91,6.0,23125762048.0,114535003.0,18.344,Consumer Cyclical,"Darden Restaurants, Inc.",10.62126,0.0714284369274456,forecast_icc,0.06776190407774052,0.09085236156417621,2026-06-01
DAR,60.44,0.0,9605569536.0,158927363.0,30.683,Consumer Defensive,Darling Ingredients Inc.,4.72395,0.051139406640629215,forecast_icc,0.06857721459418828,0.5076605047366761,2026-06-01
DDOG,277.49,0.0,98775392256.0,330825798.0,11.208,Technology,"Datadog, Inc.",2.42099,0.17559345556982864,forecast_icc,0.024014742718463586,0.037538656737237795,2026-06-01
DVA,189.81,0.0,12182955008.0,64185000.0,-11.415,Healthcare,DaVita Inc.,14.79799,0.16108201181376658,forecast_icc,0.10003511942130364,,2026-06-01
DECK,110.82,0.0,15390787584.0,138880957.0,17.857,Consumer Cyclical,Deckers Outdoor Corporation,7.4638,0.11368471824003845,forecast_icc,0.07927697061327577,0.16113517489690798,2026-06-01
DE,542.43,6.48,146422169600.0,269937425.0,101.527,Industrials,Deere & Company,18.09429,0.2625137543390761,forecast_icc,0.0854179357162882,0.18717067929565087,2026-06-01
DAL,81.47,0.75,53525331968.0,656994340.0,31.183,Industrials,"Delta Air Lines, Inc.",5.55699,0.4419658844086458,forecast_icc,0.17226537153929355,0.3827543660349111,2026-06-01
DELL,465.96,2.52,302672805888.0,325034188.0,-3.788,Technology,Dell Technologies Inc.,18.53001,0.01,forecast_icc,0.034009022093346775,,2026-06-01
XRAY,10.02,0.64,2007273472.0,200326683.0,6.708,Healthcare,DENTSPLY SIRONA Inc.,1.41999,0.08240903104951447,forecast_icc,0.14205704839914046,0.6694610417110122,2026-06-01
DVN,46.31,1.04,53414100992.0,1153403107.0,24.844,Energy,Devon Energy Corporation,5.45472,0.01,forecast_icc,0.07846087648761746,0.5364715732012372,2026-06-01
DXCM,74.87,0.0,28890312704.0,385872977.0,7.662,Healthcare,"DexCom, Inc.",2.59074,0.18414429854018555,forecast_icc,0.06442741008612518,0.10233737447101604,2026-06-01
FANG,199.03,4.4,55989788672.0,281313297.0,129.653,Energy,"Diamondback Energy, Inc.",20.22258,0.01,forecast_icc,0.07113370275338438,0.6514243714975991,2026-06-01
DKS,216.96,5.0,19406835712.0,65878268.0,63.3,Consumer Cyclical,Dick's Sporting Goods Inc,14.30826,0.13881492228964243,forecast_icc,0.09553434494982627,0.214877604277418,2026-06-01
DLR,185.0,4.88,66174328832.0,351406070.0,64.877,Real Estate,"Digital Realty Trust, Inc.",2.96922,0.01,forecast_icc,0.018803811995291755,0.34451685428149686,2026-06-01
DDS,588.19,1.2,9185805312.0,11630838.0,113.912,Consumer Cyclical,"Dillard's, Inc.",33.84,0.01,forecast_icc,0.04304258160625431,0.14423253849340892,2026-06-01
DOCU,57.02,0.0,11078495232.0,194291386.0,9.697,Technology,"DocuSign, Inc.",4.43916,0.13957595581145976,forecast_icc,0.09403420551053909,0.17006312956654795,2026-06-01
DLB,56.07,1.41,5304116224.0,60346214.0,27.677,Industrials,Dolby Laboratories,4.32,0.06558564814814805,forecast_icc,0.08160238853881199,0.3148879274780386,2026-06-01
DG,109.93,2.36,24209479680.0,220226320.0,38.652,Consumer Defensive,Dollar General Corporation,7.24966,0.09384715972886992,forecast_icc,0.0814257177094245,0.3516055624967484,2026-06-01
DLTR,111.35,0.0,21398640640.0,192174588.0,18.916,Consumer Defensive,"Dollar Tree, Inc.",6.9426,0.09556506208048865,forecast_icc,0.07076408243986021,0.16987875855127219,2026-06-01
D,64.61,2.67,56825303040.0,879512484.0,32.032,Utilities,"Dominion Energy, Inc.",3.58897,0.06281746573529445,forecast_icc,0.07219204063294071,0.4957746352475588,2026-06-01
DPZ,313.71,7.96,10434580480.0,33261870.0,-116.609,Consumer Cyclical,Domino's Pizza Inc,19.19724,0.09405935436552326,forecast_icc,0.07954899823119846,,2026-06-01
DCI,81.79,1.2,9472446464.0,115814243.0,13.598,Industrials,"Donaldson Company, Inc.",3.9775,0.0918566939032055,forecast_icc,0.06424075809672083,0.1662550516700392,2026-06-01
DASH,164.78,0.0,71797727232.0,411336610.0,23.392,Consumer Cyclical,"DoorDash, Inc.",2.56703,0.7118537765433206,forecast_icc,0.11651173470376797,0.13401518894920553,2026-06-01
DV,10.54,0.0,1617512576.0,153464189.0,6.934,Communication Services,"DoubleVerify Holdings, Inc.",1.10081,0.1479274352522233,forecast_icc,0.11424422548551683,0.6578747530714717,2026-06-01
DOV,207.54,2.08,27947628544.0,134661414.0,55.62,Industrials,Dover Corporation,10.63159,0.0891973825175727,forecast_icc,0.06402389654329377,0.2679965434236451,2026-06-01
DOW,34.69,1.4,25002520576.0,720741438.0,21.157,Basic Materials,Dow Inc.,2.94647,0.01,forecast_icc,0.06900552116623068,0.6098875734314284,2026-06-01
DOCS,22.55,0.0,4123764480.0,131975436.0,5.194,Healthcare,"Doximity, Inc.",1.43286,0.112893094929023,forecast_icc,0.07618269700885982,0.166226858470831,2026-06-01
DKNG,26.33,0.0,13063071744.0,496128817.0,1.22,Consumer Cyclical,DraftKings Inc.,1.07343,0.5947197302106328,forecast_icc,0.15996397433303916,0.04633497913827273,2026-06-01
DBX,28.91,0.0,6744721920.0,158037382.0,-8.735,Technology,"Dropbox, Inc.",3.06648,0.11056651274425411,forecast_icc,0.10358266432808161,,2026-06-01
DTM,138.34,3.52,14112632832.0,102014118.0,46.592,Energy,"DT Midstream, Inc.",4.78992,0.04176896482613479,forecast_icc,0.04266603607667868,0.3367934135633863,2026-06-01
DTE,139.83,4.59,29088600064.0,208028313.0,59.237,Utilities,DTE Energy Company,7.71231,0.08290771506850736,forecast_icc,0.07460273662822392,0.42363582812745565,2026-06-01
DUK,119.89,4.26,93465788416.0,779596217.0,68.746,Utilities,Duke Energy Corporation (Holdin,6.70488,0.06912726253117141,forecast_icc,0.07208349172391848,0.5734089707278118,2026-06-01
DUOL,117.97,0.0,5496589824.0,40237065.0,29.711,Technology,"Duolingo, Inc.",6.65333,0.19163336254176477,forecast_icc,0.08964831086974512,0.21749547928701327,2026-06-01
DD,47.59,0.8,19276720128.0,405058202.0,34.255,Basic Materials,"DuPont de Nemours, Inc.",2.3883,0.09597203031444956,forecast_icc,0.06748715340224806,0.7197940633767758,2026-06-01
BROS,58.89,0.0,10287106048.0,137192622.0,5.471,Consumer Cyclical,Dutch Bros Inc.,0.94015,0.3271924692868158,forecast_icc,0.057112427670970134,0.07296326405694306,2026-06-01
DXC,10.32,0.0,1687112064.0,163479858.0,17.772,Technology,DXC Technology Company,2.60781,0.16477043956423199,forecast_icc,0.18916932749125814,1.7220930952788207,2026-06-01
DT,44.47,0.0,12961927168.0,291475733.0,8.863,Technology,"Dynatrace, Inc.",1.94701,0.16063605220312183,forecast_icc,0.06994565455048621,0.19930288051275988,2026-06-01
ELF,53.49,0.0,3179473920.0,59440526.0,4.452,Consumer Defensive,"e.l.f. Beauty, Inc.",3.30369,0.1071196147338278,forecast_icc,0.07331923241740512,0.08323050555231477,2026-06-01
EXP,221.01,1.0,6839849984.0,30948147.0,47.229,Basic Materials,Eagle Materials Inc,13.01287,0.12849125519581772,forecast_icc,0.07829466924896122,0.21369621235584688,2026-06-01
EWBC,120.67,3.2,16531338240.0,136996262.0,65.699,Financial Services,"East West Bancorp, Inc.",10.65411,0.0606770532686447,forecast_icc,0.08734684340949073,0.5444518336307418,2026-06-01
EGP,194.83,6.2,10473131008.0,53755229.0,66.64,Real Estate,"EastGroup Properties, Inc.",5.39033,0.02766992002344959,forecast_icc,0.03435468079699289,0.342041788441648,2026-06-01
EMN,75.49,3.36,8632278016.0,114349960.0,52.573,Basic Materials,Eastman Chemical Company,6.36912,0.10080827492652067,forecast_icc,0.1076142844669451,0.696423404799663,2026-06-01
ETN,400.08,4.4,155351056384.0,388300000.0,50.788,Industrials,"Eaton Corporation, PLC",13.34023,0.1785164123856935,forecast_icc,0.06678668772555127,0.1269446173011741,2026-06-01
EBAY,110.35,1.24,48995397632.0,444000000.0,9.892,Consumer Cyclical,eBay Inc.,6.13017,0.10323367867449029,forecast_icc,0.07171559808533579,0.08964205236149475,2026-06-01
ECL,250.47,2.92,70491652096.0,281437502.0,35.546,Basic Materials,Ecolab Inc.,8.38122,0.14616487814423196,forecast_icc,0.06037376061908174,0.14191719371916478,2026-06-01
EIX,69.09,3.51,26585413632.0,384793941.0,44.795,Utilities,Edison International,6.12006,0.06421669068603908,forecast_icc,0.09956793218680315,0.6483572091708052,2026-06-01
EW,88.16,0.0,50762530816.0,575800000.0,17.899,Healthcare,Edwards Lifesciences Corporatio,3.0085,0.11843111184975896,forecast_icc,0.05104736347054317,0.20302857312920936,2026-06-01
ELAN,23.67,0.0,11821971456.0,499449583.0,13.016,Healthcare,Elanco Animal Health Incorporat,1.084,0.11952029520295193,forecast_icc,0.06284958771067459,0.5498943891484895,2026-06-01
ESTC,68.06,0.0,7129384960.0,104751470.0,7.595,Technology,Elastic N.V.,3.26813,0.16191522369061184,forecast_icc,0.07453079660844131,0.11159271369321597,2026-06-01
EA,202.0,0.76,50651799552.0,250751484.0,26.979,Communication Services,Electronic Arts Inc.,5.59366,0.074820421691701,forecast_icc,0.037638955524287865,0.133559406510146,2026-06-01
ESI,41.69,0.32,10155983872.0,243607198.0,11.227,Basic Materials,Element Solutions Inc.,1.76991,0.16034713629506592,forecast_icc,0.07187418462296724,0.2692971992094554,2026-06-01
ELV,402.66,6.88,87442604032.0,217162380.0,201.97,Healthcare,"Elevance Health, Inc.",26.90551,0.08704499561613965,forecast_icc,0.07820779152463456,0.5015894297080762,2026-06-01
EME,830.95,1.3,37004337152.0,44440278.0,87.006,Industrials,"EMCOR Group, Inc.",29.29825,0.11501437799185954,forecast_icc,0.0520992516938531,0.10448966594876626,2026-06-01
EMR,141.65,2.22,79338160128.0,560100000.0,36.249,Industrials,Emerson Electric Company,6.50421,0.09995833467861592,forecast_icc,0.06428161485158224,0.255905416350015,2026-06-01
EHC,102.73,0.76,10190722048.0,99199080.0,25.369,Healthcare,Encompass Health Corporation,6.00837,0.0881187410229396,forecast_icc,0.06856736153604481,0.24694829754618777,2026-06-01
ENPH,63.74,0.0,8400819200.0,131798220.0,8.365,Technology,"Enphase Energy, Inc.",2.07935,0.16366653040613666,forecast_icc,0.05803244955283826,0.13123626208977335,2026-06-01
ENTG,135.73,0.4,20671678464.0,152300000.0,26.026,Technology,"Entegris, Inc.",3.63934,0.2703786950381113,forecast_icc,0.07115251508126386,0.19174832885016763,2026-06-01
ETR,104.97,2.56,48064385024.0,457886847.0,37.889,Utilities,Entergy Corporation,4.39485,0.1455089479731959,forecast_icc,0.0756609682468471,0.3609507275984117,2026-06-01
NVST,23.37,0.0,3802951680.0,162727923.0,18.904,Healthcare,Envista Holdings Corporation,1.42947,0.09784045835169675,forecast_icc,0.07046713813472377,0.808900274113396,2026-06-01
EOG,136.62,4.08,72767709184.0,532628530.0,57.788,Energy,"EOG Resources, Inc.",17.16951,0.01,forecast_icc,0.0843298121396866,0.42298346116422386,2026-06-01
EPAM,108.76,0.0,5682106880.0,52244451.0,65.036,Technology,"EPAM Systems, Inc.",13.05906,0.08020791695573792,forecast_icc,0.10104564104140812,0.5979771565359925,2026-06-01
EPR,56.2,3.59,4299730944.0,76507666.0,30.273,Real Estate,EPR Properties,2.985,0.018425460636515956,forecast_icc,0.05863546419067733,0.5386654660450307,2026-06-01
EQT,55.26,0.66,34563915776.0,625478000.0,40.159,Energy,EQT Corporation,4.78293,0.01,forecast_icc,0.0609005806250299,0.7267281625376912,2026-06-01
EFX,173.59,2.24,20940959744.0,119072409.0,38.061,Industrials,"Equifax, Inc.",8.60435,0.19428196203083337,forecast_icc,0.09015300871832921,0.21641868445153342,2026-06-01
EQIX,1050.77,19.7,103631405056.0,98624248.0,144.976,Real Estate,"Equinix, Inc.",17.74667,0.08320772291365075,forecast_icc,0.030709930583391505,0.13797119676532044,2026-06-01
EQH,40.53,1.11,11409980416.0,281519390.0,-2.824,Financial Services,"Equitable Holdings, Inc.",7.05574,0.24542854470261077,forecast_icc,0.20174123789756215,,2026-06-01
ELS,60.77,2.17,12177327104.0,193937553.0,9.084,Real Estate,"Equity Lifestyle Properties, In",2.00758,0.08127696032038578,forecast_icc,0.053726169133253024,0.14467285935624646,2026-06-01
EQR,65.81,2.81,25427402752.0,374712144.0,28.435,Real Estate,Equity Residential,1.31134,0.22096481461710926,forecast_icc,0.05950788455159871,0.4190337455445359,2026-06-01
ESAB,90.43,0.42,5505533440.0,60881712.0,35.984,Industrials,ESAB Corporation,5.78638,0.12262589045309835,forecast_icc,0.08095761883095653,0.397921027722974,2026-06-01
WTRG,36.25,1.37,10281696256.0,283632983.0,24.327,Utilities,"Essential Utilities, Inc.",2.2346,0.07284525194665714,forecast_icc,0.07865333355298387,0.6710896145579542,2026-06-01
ESS,276.93,10.36,19087730688.0,64261739.0,84.522,Real Estate,"Essex Property Trust, Inc.",5.81672,0.01729668954324759,forecast_icc,0.025371286767871253,0.28455612626453675,2026-06-01
EL,85.58,1.4,30962409472.0,247287571.0,11.037,Consumer Defensive,"Estee Lauder Companies, Inc. (T",2.41415,0.31672431290516356,forecast_icc,0.09208303152699682,0.08814924186036552,2026-06-01
ETSY,69.0,0.0,6547840000.0,94896231.0,-11.981,Consumer Cyclical,"Etsy, Inc.",3.53602,0.13538950571546526,forecast_icc,0.07148357750656975,,2026-06-01
EEFT,73.88,0.0,2812987904.0,38075094.0,33.244,Technology,"Euronet Worldwide, Inc.",10.96444,0.11052183239636504,forecast_icc,0.12553180558830157,0.44997293558785245,2026-06-01
EVR,346.97,3.56,13421661184.0,38682484.0,46.077,Financial Services,Evercore Inc.,19.2162,0.19733818340774967,forecast_icc,0.09540411609244359,0.13279822749457953,2026-06-01
EG,324.84,8.0,12854437888.0,39571602.0,384.196,Financial Services,"Everest Group, Ltd.",52.01482,0.1650646873333408,forecast_icc,0.16321756056648595,1.182723922621672,2026-06-01
EVRG,80.39,2.78,18530940928.0,230513025.0,44.061,Utilities,"Evergy, Inc.",4.24892,0.07131929996328479,forecast_icc,0.06991979870748166,0.5480905925925468,2026-06-01
P,84.45,0.0,28050286592.0,332152604.0,4.376,Technology,"Everpure, Inc.",2.43529,0.2352779340448159,forecast_icc,0.06627981002324815,0.05181764508311802,2026-06-01
ES,66.61,3.15,25050691584.0,376080025.0,43.968,Utilities,Eversource Energy (D/B/A),4.66832,0.06301624567296171,forecast_icc,0.08555769060941565,0.6600810394297176,2026-06-01
ECG,145.13,0.0,7407668736.0,51041606.0,13.459,Industrials,"Everus Construction Group, Inc.",4.61833,0.1057395205626277,forecast_icc,0.04617128082097491,0.09273753992473346,2026-06-01
EXEL,50.28,0.0,12638133248.0,251355083.0,7.63,Healthcare,"Exelixis, Inc.",3.56909,0.1342330958311504,forecast_icc,0.08749295564933929,0.15175020279150012,2026-06-01
EXC,44.71,1.68,45747634176.0,1023208142.0,28.65,Utilities,Exelon Corporation,2.85569,0.06364136163239009,forecast_icc,0.07711306703598109,0.6407962684041727,2026-06-01
EXLS,30.59,0.0,4673629696.0,152782931.0,5.09,Technology,"ExlService Holdings, Inc.",2.23501,0.12282719092979444,forecast_icc,0.08595134517468528,0.1663942522993589,2026-06-01
EXE,92.09,3.19,22030583808.0,239228849.0,81.413,Energy,Expand Energy Corporation,9.07647,0.06235243437151228,forecast_icc,0.09727412465070995,0.8840591086181079,2026-06-01
EXPE,228.37,1.76,27409442816.0,114498625.0,4.8,Consumer Cyclical,"Expedia Group, Inc.",19.77178,0.16821651869482657,forecast_icc,0.11216933650197711,0.020051243058438972,2026-06-01
EXPD,160.03,1.62,20930504704.0,130791133.0,17.303,Industrials,Expeditors International of Was,6.79106,0.01979956000977756,forecast_icc,0.03902096157142887,0.10812347844944735,2026-06-01
EXR,140.32,6.48,30967773184.0,211260936.0,63.128,Real Estate,Extra Space Storage Inc,4.59226,0.042162246911106926,forecast_icc,0.0432312639459288,0.43065674398243486,2026-06-01
XOM,149.38,4.12,619172200448.0,4144947162.0,62.069,Energy,Exxon Mobil Corporation,11.30079,0.01,forecast_icc,0.059894346269138254,0.4155107823187623,2026-06-01
FFIV,395.62,0.0,22320582656.0,56419247.0,62.198,Technology,"F5, Inc.",16.49187,0.07263275783764978,forecast_icc,0.048764179377220995,0.1572165197920002,2026-06-01
FDS,270.85,4.64,9867371520.0,36431127.0,58.108,Financial Services,FactSet Research Systems Inc.,17.70641,0.09502434429113515,forecast_icc,0.07952201762021904,0.214539396173055,2026-06-01
FICO,1284.75,0.0,29794516992.0,23190906.0,-90.219,Technology,Fair Isaac Corporation,43.19679,0.253706814788784,forecast_icc,0.076798033171397,,2026-06-01
FAST,43.99,0.92,50502066176.0,1148035061.0,3.475,Industrials,Fastenal Company,1.23424,0.10634884625356489,forecast_icc,0.04919348297779108,0.07899522017716742,2026-06-01
FRT,118.76,4.52,10322428928.0,86389197.0,36.479,Real Estate,Federal Realty Investment Trust,3.51794,0.01,forecast_icc,0.03188584262161123,0.30529554035627454,2026-06-01
FDX,338.49,5.8,80766001152.0,238606756.0,124.703,Industrials,FedEx Corporation,19.78114,0.13410703326501916,forecast_icc,0.08502006146255658,0.3684097004811434,2026-06-01
FERG,224.38,3.56,43515768832.0,193937826.0,30.258,Industrials,Ferguson Enterprises Inc.,11.28748,0.11048790341156756,forecast_icc,0.0710104634406924,0.1348515928045088,2026-06-01
FRMI,6.6,0.0,4207989760.0,637574239.0,1.702,Real Estate,Fermi Inc.,0.36497,0.04,forecast_icc,0.05091799608837422,0.25787880120174056,2026-06-01
FNF,46.42,2.08,12494291968.0,269157540.0,27.395,Financial Services,"Fidelity National Financial, In",5.36272,0.13849874690455577,forecast_icc,0.1409433943865065,0.590155154624605,2026-06-01
FIS,43.6,1.68,22535929856.0,516879151.0,30.903,Technology,Fidelity National Information S,6.27548,0.09125995143001009,forecast_icc,0.13384996771717972,0.7087844391342163,2026-06-01
FITB,48.56,1.6,44010491904.0,906311548.0,35.243,Financial Services,Fifth Third Bancorp,3.04598,0.6018030321932513,forecast_icc,0.2367489658670091,0.725761892319612,2026-06-01
FIGR,33.41,0.0,7386979328.0,182622749.0,5.679,Financial Services,"Figure Technology Solutions, In",1.1825,0.16701902748414366,forecast_icc,0.062002068401728505,0.1403976572182713,2026-06-01
FAF,64.8,2.2,6603120128.0,101900000.0,53.767,Financial Services,First American Corporation (New,6.87254,0.05738489699587057,forecast_icc,0.0991028874238985,0.8297376382367097,2026-06-01
FCNCA,1939.71,8.4,22475368448.0,10581789.0,1735.175,Financial Services,"First Citizens BancShares, Inc.",175.67993,0.12966797060996083,forecast_icc,0.10185522415836223,0.8169501545906315,2026-06-01
FHB,26.59,1.04,3234646272.0,121648973.0,22.752,Financial Services,"First Hawaiian, Inc.",2.32193,0.05834370545193002,forecast_icc,0.0911845017337228,0.8556600014210147,2026-06-01
FHN,23.62,0.68,11210473472.0,474617813.0,17.708,Financial Services,First Horizon Corporation,2.14984,0.09270457336359894,forecast_icc,0.10131474137138496,0.7497035922341461,2026-06-01
FR,59.69,1.89,8178511360.0,132570424.0,20.803,Real Estate,"First Industrial Realty Trust, ",2.1515,0.01,forecast_icc,0.03663536892495131,0.3372083755926947,2026-06-01
FSLR,303.0,0.0,32558368768.0,107453363.0,91.934,Technology,"First Solar, Inc.",17.3841,0.331445401257471,forecast_icc,0.12426816859624645,0.3034125433136319,2026-06-01
FE,45.38,1.86,26249207808.0,578431175.0,21.876,Utilities,FirstEnergy Corp.,2.73368,0.07798279242632633,forecast_icc,0.08071897778907877,0.4820625626821203,2026-06-01
FISV,59.05,0.0,31488647168.0,533253986.0,49.158,,"Fiserv, Inc.",8.13481,0.10134594415849896,forecast_icc,0.11718666940155603,0.8324809669952221,2026-06-01
FIVE,226.22,0.0,12508818432.0,55294929.0,39.713,Consumer Cyclical,"Five Below, Inc.",8.28647,0.108262022308655,forecast_icc,0.05161885931198673,0.17555035492076443,2026-06-01
FLEX,148.01,0.0,54227595264.0,366377923.0,14.067,Technology,Flex Ltd.,4.5413,0.5174245260167794,forecast_icc,0.12390085488927916,0.09504087757810775,2026-06-01
FND,50.62,0.0,5471726080.0,108094150.0,22.728,Consumer Cyclical,"Floor & Decor Holdings, Inc.",1.90276,0.14007546931825354,forecast_icc,0.059063614774718026,0.4489924760999732,2026-06-01
FLO,7.66,0.5,1623868160.0,211993230.0,6.242,Consumer Defensive,"Flowers Foods, Inc.",0.83465,0.01,forecast_icc,0.09057767913243342,0.8148824973943698,2026-06-01
FLS,75.08,0.88,9595751424.0,127807021.0,17.341,Industrials,Flowserve Corporation,4.06062,0.13624027857814802,forecast_icc,0.07926036387505053,0.23096696165115252,2026-06-01
FLUT,104.31,0.0,18081034240.0,173339407.0,51.972,Consumer Cyclical,Flutter Entertainment plc,5.78049,0.01,forecast_icc,0.04138005067495307,0.49824559486061787,2026-06-01
FMC,13.34,0.32,1668104320.0,125045301.0,14.572,Basic Materials,FMC Corporation,1.71587,0.2839317663925587,forecast_icc,0.18735457288589463,1.0923538200368668,2026-06-01
FNB,17.1,0.52,6086983680.0,355963949.0,19.122,Financial Services,F.N.B. Corporation,1.73143,0.1328381742259288,forecast_icc,0.12241622699258692,1.1182455860926508,2026-06-01
F,16.63,0.6,66265436160.0,3913840554.0,9.399,Consumer Cyclical,Ford Motor Company,1.62794,0.12730198901679435,forecast_icc,0.12137806420222341,0.5551338601050566,2026-06-01
FTNT,147.14,0.0,107801886720.0,732648391.0,1.348,Technology,"Fortinet, Inc.",3.15682,0.08524084363378326,forecast_icc,0.03242088507111593,0.009161342728937353,2026-06-01
FTV,58.72,0.26,17901438976.0,304861021.0,19.905,Technology,Fortive Corporation,2.99454,0.07397463383357716,forecast_icc,0.05804720940917786,0.3389816109833717,2026-06-01
FBIN,39.08,1.04,4661986816.0,119293417.0,19.757,Industrials,"Fortune Brands Innovations, Inc",3.13804,0.16480669462467,forecast_icc,0.11659847373871857,0.5055527037485728,2026-06-01
FOXA,66.81,0.56,28072646656.0,199481198.0,26.068,Communication Services,Fox Corporation,4.98688,0.13924939040041062,forecast_icc,0.09536139579206301,0.185236395170905,2026-06-01
FOX,59.84,0.56,25143949312.0,220705117.0,26.068,Communication Services,Fox Corporation,5.27333,0.01,forecast_icc,0.06093829111466842,0.2288161226609778,2026-06-01
BEN,30.94,1.32,16077574144.0,519637162.0,23.332,Financial Services,"Franklin Resources, Inc.",2.74585,0.07874064497332345,forecast_icc,0.10138845035898247,0.7541047023134786,2026-06-01
FRHC,150.47,0.0,9207340032.0,61190535.0,22.799,Financial Services,Freedom Holding Corp.,4.5,0.01,forecast_icc,0.02717100012244064,0.1515185713372598,2026-06-01
FCX,67.04,0.6,96374013952.0,1437559865.0,13.573,Basic Materials,"Freeport-McMoRan, Inc.",2.63382,0.4155750962480351,forecast_icc,0.1266961339244429,0.20246121591825716,2026-06-01
FRPT,49.42,0.0,2428636672.0,49142791.0,25.682,Consumer Defensive,"Freshpet, Inc.",1.57642,0.20778092132807258,forecast_icc,0.0655039677624204,0.5196681632179521,2026-06-01
CFR,132.79,4.12,8338819584.0,62797048.0,69.832,Financial Services,"Cullen/Frost Bankers, Inc.",10.61617,0.03694364351738888,forecast_icc,0.07529516810809078,0.5258829995974643,2026-06-01
FTAI,247.82,1.5,25422114816.0,102582972.0,4.207,Industrials,FTAI Aviation Ltd.,7.372,0.5659251220835595,forecast_icc,0.13872352955033096,0.016976029190631438,2026-06-01
FCN,155.0,0.0,4672326656.0,30144043.0,56.194,Industrials,"FTI Consulting, Inc.",9.18667,0.199926632827782,forecast_icc,0.09438990548736703,0.362541936182212,2026-06-01
GME,21.36,0.0,9584045056.0,448691227.0,12.145,Consumer Cyclical,GameStop Corporation,1.09,0.11009174311926584,forecast_icc,0.0653396038177794,0.5685861157866201,2026-06-01
GLPI,46.8,3.28,13254782976.0,283221841.0,16.365,Real Estate,"Gaming and Leisure Properties, ",3.18176,0.056434174796339054,forecast_icc,0.09159550535539374,0.34967946562062213,2026-06-01
GAP,20.96,0.7,7545158144.0,359978933.0,10.218,Consumer Cyclical,"Gap, Inc. (The)",2.6506,0.01,forecast_icc,0.08591091093858944,0.48750001884572824,2026-06-01
GRMN,236.8,4.2,45668352000.0,192856206.0,48.061,Technology,Garmin Ltd.,9.57996,0.07766107582912674,forecast_icc,0.05449324853438975,0.2029602933025917,2026-06-01
IT,179.59,0.0,12023888896.0,66951889.0,0.934,Technology,"Gartner, Inc.",13.69235,0.12008968511614149,forecast_icc,0.08747635916262275,0.005200735374958675,2026-06-01
GTES,25.85,0.0,6565898240.0,253999928.0,13.263,Industrials,Gates Industrial Corporation pl,1.63234,0.1427643750689196,forecast_icc,0.08354722903479017,0.5130754272950779,2026-06-01
GLIBA,22.07,0.0,880703168.0,3650938.0,42.902,Communication Services,Liberty Capital Corporation - S,4.16,0.12259615384615374,forecast_icc,0.14770799406753,0.1778494137039371,2026-06-01
GE,324.6,1.88,339151716352.0,1043337235.0,17.809,Industrials,GE Aerospace,7.55913,0.23283367265809707,forecast_icc,0.059963257586486685,0.054786079274416234,2026-06-01
GEHC,62.69,0.14,28517165056.0,454891786.0,23.452,Healthcare,GE HealthCare Technologies Inc.,4.87224,0.10189563732492646,forecast_icc,0.08424956979521603,0.3740947651816965,2026-06-01
GEV,950.54,2.0,255429099520.0,268719995.0,51.809,Industrials,GE Vernova Inc.,30.95682,0.01,forecast_icc,0.029180027017250615,0.05450480875952391,2026-06-01
GEN,27.76,0.5,16723563520.0,602433854.0,4.366,Technology,Gen Digital Inc.,2.89561,0.13508034576479577,forecast_icc,0.11872637897774002,0.15727665957189485,2026-06-01
GNRC,269.26,0.0,15850981376.0,58868681.0,45.523,Industrials,Generac Holdlings Inc.,8.99244,0.23371409761977824,forecast_icc,0.07255915195625928,0.16906706919866865,2026-06-01
GD,339.2,6.09,91729920000.0,270430187.0,96.581,Industrials,General Dynamics Corporation,16.64883,0.09412012736030095,forecast_icc,0.06649535431125575,0.2847317199300621,2026-06-01
GIS,33.63,2.44,17947699200.0,533681218.0,10.354,Consumer Defensive,"General Mills, Inc.",3.41873,0.01,forecast_icc,0.09022823571139271,0.30787987193210814,2026-06-01
GM,82.68,0.72,74549682176.0,901665195.0,69.467,Consumer Cyclical,General Motors Company,12.88204,0.09267088132003942,forecast_icc,0.12609923012646174,0.8401910547813118,2026-06-01
G,34.45,0.75,5839499264.0,169506510.0,14.603,Technology,Genpact Limited,4.07338,0.09944812416224358,forecast_icc,0.11613468623489165,0.4238896956096953,2026-06-01
GNTX,24.08,0.48,5127880192.0,212951848.0,11.75,Consumer Cyclical,Gentex Corporation,1.99325,0.1119478239056817,forecast_icc,0.09828401084126581,0.48795683992454714,2026-06-01
GPC,97.26,4.25,13531017216.0,137624545.0,32.519,Consumer Cyclical,Genuine Parts Company,7.6908,0.0887137879024289,forecast_icc,0.09930582073008298,0.3307521162239721,2026-06-01
GILD,131.1,3.28,162769829888.0,1241569874.0,18.933,Healthcare,"Gilead Sciences, Inc.",9.58535,0.548,forecast_icc,0.22376376274605303,0.14441645875416007,2026-06-01
GTLB,33.79,0.0,5705503744.0,152478438.0,5.825,Technology,GitLab Inc.,0.79058,0.24079789521617045,forecast_icc,0.058575256707474765,0.15567195136521148,2026-06-01
GPN,75.46,1.0,20641593344.0,273543507.0,87.025,Industrials,Global Payments Inc.,13.87204,0.16755718697466282,forecast_icc,0.1691387401772283,1.153259988216683,2026-06-01
GFS,79.93,0.48,43834925056.0,548416440.0,21.321,Technology,GlobalFoundries Inc.,1.91256,0.31359539047140994,forecast_icc,0.07592805287221538,0.26674590870868903,2026-06-01
GLOB,44.44,0.0,1918899456.0,43179556.0,47.76,Technology,Globant S.A.,6.23812,0.058528851641199475,forecast_icc,0.10264087348968934,1.07470747782629,2026-06-01
GL,152.12,1.32,11811320832.0,77644761.0,78.121,Financial Services,Globe Life Inc.,15.6356,0.06485264396633328,forecast_icc,0.09001509539818964,0.5135485235188469,2026-06-01
GMED,79.78,0.0,10829706240.0,113314529.0,34.882,Healthcare,"Globus Medical, Inc.",4.74385,0.08594074433213517,forecast_icc,0.06610452151813759,0.3649810357716591,2026-06-01
GDDY,92.99,0.0,12312791040.0,132409847.0,1.789,Technology,GoDaddy Inc.,7.11744,0.26189613119323796,forecast_icc,0.12598649201148737,0.019238628797764442,2026-06-01
GS,1048.58,18.0,309338865664.0,295007421.0,356.271,Financial Services,"Goldman Sachs Group, Inc. (The)",59.36404,0.10165834400758422,forecast_icc,0.07457570939215608,0.33976522368596296,2026-06-01
GGG,73.96,1.18,12275006464.0,165968177.0,16.53,Industrials,Graco Inc.,3.1,0.09061612903225802,forecast_icc,0.05837947455454191,0.22349918705590674,2026-06-01
LOPE,152.4,0.0,4040778496.0,26514296.0,26.36,Consumer Defensive,"Grand Canyon Education, Inc.",10.21,0.11214495592556317,forecast_icc,0.0786020297122168,0.1729658884425027,2026-06-01
GPK,11.21,0.44,3316897792.0,295887387.0,10.974,Consumer Cyclical,Graphic Packaging Holding Compa,0.84814,0.3814582498172472,forecast_icc,0.1903127530295473,0.9789473141950827,2026-06-01
GWRE,171.42,0.0,14573986816.0,84657470.0,17.844,Technology,"Guidewire Software, Inc.",3.51294,0.2053579053442416,forecast_icc,0.047984824003752924,0.10365234398466469,2026-06-01
GXO,50.0,0.0,5752429568.0,115048589.0,25.803,Industrials,"GXO Logistics, Inc.",3.0572,0.14910048410310095,forecast_icc,0.08347927270129019,0.5160599894140242,2026-06-01
HAL,39.35,0.68,32872900608.0,835397735.0,12.91,Energy,Halliburton Company,2.36839,0.22845055079611032,forecast_icc,0.11245063421798951,0.3280813241112453,2026-06-01
HALO,68.14,0.0,8082289664.0,118613000.0,1.853,Healthcare,"Halozyme Therapeutics, Inc.",8.14108,0.21515450038569828,forecast_icc,0.14429601195908692,0.027194012852445076,2026-06-01
HLNE,88.4,2.4,4909189632.0,43697364.0,20.945,Financial Services,Hamilton Lane Incorporated,6.10099,0.21258680968170718,forecast_icc,0.12237531333281115,0.18643429111275367,2026-06-01
THG,185.1,3.8,6476054528.0,34986787.0,100.89,Financial Services,Hanover Insurance Group Inc,18.59625,0.01,forecast_icc,0.07010662692365577,0.5450567046908595,2026-06-01
HOG,24.35,0.74,2563283200.0,105268302.0,29.108,Consumer Cyclical,"Harley-Davidson, Inc.",0.37321,0.75,forecast_icc,0.15033032823325349,1.195400389085373,2026-06-01
HIG,126.57,2.4,34696736768.0,274130820.0,67.497,Financial Services,"The Hartford Insurance Group, I",13.07869,0.10205991578667284,forecast_icc,0.10745225227628386,0.533278045173542,2026-06-01
HAS,85.07,2.8,12036613120.0,141490692.0,4.579,Consumer Cyclical,"Hasbro, Inc.",6.02762,0.06659510718990247,forecast_icc,0.08104135006544999,0.05382626094307831,2026-06-01
HAYW,14.01,0.0,3039651584.0,216962992.0,7.405,Industrials,"Hayward Holdings, Inc.",0.85709,0.11525044044382726,forecast_icc,0.07494790833091713,0.5285510234846705,2026-06-01
HCA,370.96,3.12,82293694464.0,221839800.0,-28.324,Healthcare,"HCA Healthcare, Inc.",30.20071,0.09726128955246405,forecast_icc,0.08781140195123582,,2026-06-01
DOC,19.0,1.22,13098974208.0,689419702.0,11.257,Real Estate,"Healthpeak Properties, Inc.",0.15,0.01,forecast_icc,0.010000000000000002,0.5924736900904966,2026-06-01
HEI-A,245.93,0.24,34346405888.0,84488320.0,32.298,Industrials,Heico Corporation,4.31,0.482,forecast_icc,0.0862604488052029,0.0794494704411967,2026-06-01
HEI,333.25,0.24,46541455360.0,55170957.0,32.298,Industrials,Heico Corporation,6.06813,0.11988207240121751,forecast_icc,0.03330635623703014,0.038286545949258434,2026-06-01
JKHY,140.2,2.38,9961319424.0,71050780.0,29.979,Technology,"Jack Henry & Associates, Inc.",6.53125,0.08279425837320575,forecast_icc,0.06098893020251228,0.21383024105100717,2026-06-01
HSY,186.4,5.81,37810003968.0,148229858.0,23.338,Consumer Defensive,The Hershey Company,8.42995,0.17686463146281994,forecast_icc,0.09133396154152604,0.09149399796233315,2026-06-01
HPE,47.0,0.57,62362144768.0,1326854089.0,18.642,Technology,Hewlett Packard Enterprise Comp,2.42571,0.12730293398633807,forecast_icc,0.07491854668527298,0.3966382814311163,2026-06-01
HXL,88.61,0.7,6683602944.0,75427184.0,16.793,Industrials,Hexcel Corporation,2.28972,0.38714340618066845,forecast_icc,0.09540545110665055,0.18951585118459124,2026-06-01
DINO,70.81,2.0,12765303808.0,180275437.0,50.52,Energy,HF Sinclair Corporation,8.68901,0.01,forecast_icc,0.08251620301072513,0.7134585446789234,2026-06-01
HIW,26.39,2.0,2964038912.0,110272697.0,21.243,Real Estate,"Highwoods Properties, Inc.",0.76,0.01,forecast_icc,0.031137957575225694,0.7903144904364197,2026-06-01
HLT,332.65,0.6,75727224832.0,227648372.0,-25.862,Consumer Cyclical,Hilton Worldwide Holdings Inc.,9.02006,0.15487147535603962,forecast_icc,0.05016822219734485,,2026-06-01
HD,310.69,9.32,309794177024.0,997116682.0,13.916,Consumer Cyclical,"Home Depot, Inc. (The)",14.96593,0.07619239165223957,forecast_icc,0.06557828581628661,0.044790628022801815,2026-06-01
HON,236.54,4.76,149884305408.0,633653119.0,21.447,Industrials,Honeywell International Inc.,10.52167,0.0888404597369048,forecast_icc,0.061870381991960086,0.09066965621383626,2026-06-01
HRL,23.35,1.17,12849854464.0,550314959.0,14.445,Consumer Defensive,Hormel Foods Corporation,1.48811,0.04877999610243866,forecast_icc,0.07708542743933189,0.6186295420719093,2026-06-01
HST,23.18,0.8,16081502208.0,684879281.0,9.968,Real Estate,"Host Hotels & Resorts, Inc.",1.355,0.01,forecast_icc,0.05206369384355891,0.42451734823702364,2026-06-01
HLI,140.36,2.8,9693174784.0,54276657.0,33.71,Financial Services,"Houlihan Lokey, Inc.",8.21295,0.14970747417188712,forecast_icc,0.0907640698918285,0.18875818792519156,2026-06-01
HHH,62.89,0.0,3749790208.0,59624589.0,63.973,Real Estate,Howard Hughes Holdings Inc.,3.01008,0.5198798703024505,forecast_icc,0.15544396076992484,1.0172205964907677,2026-06-01
HWM,255.52,0.48,102235463680.0,400107483.0,13.771,Industrials,Howmet Aerospace Inc.,5.03724,0.19441996013690055,forecast_icc,0.04577285395813191,0.053894020235865384,2026-06-01
HPQ,29.34,1.2,26832095232.0,914522690.0,-0.157,Technology,HP Inc.,3.01573,0.01,forecast_icc,0.07806754802541727,,2026-06-01
HUBB,462.93,5.68,24462043136.0,52841777.0,71.319,Industrials,Hubbell Inc,19.78804,0.10032373090007907,forecast_icc,0.060130805635764006,0.15406001342205303,2026-06-01
HUBS,262.2,0.0,13422203904.0,51190708.0,38.434,Technology,"HubSpot, Inc.",13.1155,0.19048530364835492,forecast_icc,0.08306747469873443,0.14658275834162143,2026-06-01
HUM,328.31,3.54,39417393152.0,120061500.0,154.754,Healthcare,Humana Inc.,8.83946,0.75,forecast_icc,0.17845082624647535,0.47136545279269104,2026-06-01
HBAN,15.83,0.62,32089477120.0,2027130587.0,14.629,Financial Services,Huntington Bancshares Incorpora,1.44541,0.30780193855030746,forecast_icc,0.18003418540661953,0.9241313981629314,2026-06-01
HII,296.41,5.52,11679748096.0,39404029.0,130.708,Industrials,"Huntington Ingalls Industries, ",17.39514,0.170938549502907,forecast_icc,0.09608621350009183,0.44097028293751306,2026-06-01
HUN,15.0,0.51,2630236672.0,175349112.0,15.466,Basic Materials,Huntsman Corporation,0.21323,0.04,forecast_icc,0.021256321736486172,1.031066669802709,2026-06-01
H,183.65,0.6,17292779520.0,41030133.0,34.289,Consumer Cyclical,Hyatt Hotels Corporation,3.58633,0.35170215791631,forecast_icc,0.07155051086455833,0.08135662799666575,2026-06-01
IAC,45.38,0.0,3375366912.0,68590555.0,61.015,Communication Services,IAC Inc.,2.59217,0.04,forecast_icc,0.052127198220706134,1.2398808255323088,2026-06-01
IBM,320.42,6.76,301158072320.0,939885280.0,35.083,Technology,International Business Machines,12.42852,0.08256574395020477,forecast_icc,0.05533478033162653,0.1094906572625521,2026-06-01
IDA,135.01,3.5,7480665600.0,55408235.0,65.727,Utilities,"IDACORP, Inc.",6.38762,0.08819716889858809,forecast_icc,0.06655063959466864,0.48683061863439,2026-06-01
IEX,207.59,2.92,15364785152.0,74015052.0,54.506,Industrials,IDEX Corporation,8.49533,0.08610259989900348,forecast_icc,0.05568564000176411,0.26256562551327756,2026-06-01
IDXX,566.79,0.0,44710092800.0,78882997.0,20.14,Healthcare,"IDEXX Laboratories, Inc.",14.62513,0.12928432089150665,forecast_icc,0.04345301529114576,0.03553344357138083,2026-06-01
ITW,245.81,6.44,70719537152.0,287700000.0,11.175,Industrials,Illinois Tool Works Inc.,11.3274,0.0716837049984993,forecast_icc,0.061018469949775334,0.04546194205272844,2026-06-01
ILMN,164.4,0.0,24873719808.0,151300000.0,17.605,Healthcare,"Illumina, Inc.",5.22539,0.1333259335666812,forecast_icc,0.05130662900388444,0.10708637552246243,2026-06-01
INCY,95.59,0.0,19097176064.0,199782155.0,28.121,Healthcare,Incyte Corporation,7.69006,0.17912864138901385,forecast_icc,0.10687087900391667,0.29418349403740407,2026-06-01
IR,70.96,0.08,27769262080.0,391336834.0,26.004,Industrials,Ingersoll Rand Inc.,3.50262,0.0980351850900183,forecast_icc,0.06146689840914496,0.3664599729736859,2026-06-01
INGM,29.56,0.32,6811942400.0,230444611.0,18.149,Technology,Ingram Micro Holding Corporatio,3.27822,0.12423815363215396,forecast_icc,0.11559262441853024,0.6139716103646149,2026-06-01
INGR,101.75,3.28,6416259584.0,63059061.0,69.571,Consumer Defensive,Ingredion Incorporated,10.82276,0.07242607246210753,forecast_icc,0.10440207748787833,0.6837444581841594,2026-06-01
INSM,106.03,0.0,22982262784.0,216752451.0,3.255,Healthcare,Insmed Incorporated,0.40404,0.04,forecast_icc,0.010000000000000002,0.03069885827326723,2026-06-01
INSP,40.84,0.0,1176729088.0,28813153.0,27.51,Healthcare,"Inspire Medical Systems, Inc.",0.90038,0.4497656545014328,forecast_icc,0.09174791471125043,0.6736043555931882,2026-06-01
PODD,148.13,0.0,10260175872.0,69264674.0,21.526,Healthcare,Insulet Corporation,6.48119,0.24824453533996071,forecast_icc,0.08899380600674661,0.14531830556559097,2026-06-01
INTC,109.33,0.0,549492588544.0,5026000000.0,22.177,Technology,Intel Corporation,1.08801,0.4151708164447019,forecast_icc,0.051405434545440776,0.20284459576669037,2026-06-01
IBKR,88.69,0.35,150778167296.0,445484364.0,12.537,Financial Services,"Interactive Brokers Group, Inc.",2.4963,0.14394103272843806,forecast_icc,0.050330976685508344,0.03704142033046296,2026-06-01
ICE,144.96,2.08,81976696832.0,565512495.0,52.081,Financial Services,Intercontinental Exchange Inc.,8.13777,0.0832427065399981,forecast_icc,0.06800304321829753,0.3592783972798242,2026-06-01
IFF,74.26,1.6,18958835712.0,255303473.0,55.354,Basic Materials,International Flavors & Fragran,4.4924,0.06818404416347601,forecast_icc,0.06968130085862623,0.7454080334425338,2026-06-01
IP,33.69,1.85,17839425536.0,529516974.0,27.971,Consumer Cyclical,International Paper Company,1.38335,0.75,forecast_icc,0.2610303463877991,0.830246425248679,2026-06-01
INTU,353.76,4.8,96766451712.0,273537000.0,68.669,Technology,Intuit Inc.,23.83188,0.14647312759211606,forecast_icc,0.0942001552842621,0.19411182202799174,2026-06-01
ISRG,412.26,0.0,146007179264.0,354162842.0,49.307,Healthcare,"Intuitive Surgical, Inc.",10.41571,0.13203900646235356,forecast_icc,0.04323785610042627,0.11960170272804976,2026-06-01
IVZ,27.62,0.86,12243853312.0,443296629.0,21.982,Financial Services,Invesco Ltd,2.59101,0.1464795581645768,forecast_icc,0.1226874169328015,0.7958725288816985,2026-06-01
INVH,29.1,1.2,17286621184.0,594041956.0,15.305,Real Estate,Invitation Homes Inc.,0.61746,0.07576199267968775,forecast_icc,0.03561033352666408,0.5259450091377672,2026-06-01
IPGP,115.16,0.0,4887806976.0,42443616.0,49.85,Technology,IPG Photonics Corporation,1.61857,0.4280692215968416,forecast_icc,0.06666621512102722,0.4328759846673618,2026-06-01
IQV,186.82,0.0,31180259328.0,166900000.0,37.274,Healthcare,"IQVIA Holdings, Inc.",12.80915,0.10799857914069233,forecast_icc,0.0786516968906038,0.1995182443660271,2026-06-01
IRDM,47.81,0.6,5054843392.0,105727744.0,4.43,Communication Services,Iridium Communications Inc,1.13333,0.18235641869534924,forecast_icc,0.05479009982142313,0.09265844054857712,2026-06-01
IRM,126.38,3.46,37601165312.0,297524681.0,-4.084,Real Estate,Iron Mountain Incorporated (Del,2.43322,0.09883611017499438,forecast_icc,0.03641511138687284,,2026-06-01
ITT,189.55,1.54,17029138432.0,89402646.0,52.998,Industrials,ITT Inc.,7.93643,0.1695119846076889,forecast_icc,0.07352863393470768,0.2782384705854742,2026-06-01
JBL,359.97,0.32,37977780224.0,105502622.0,12.701,Technology,Jabil Inc.,12.35764,0.18070036026296288,forecast_icc,0.0638050697956819,0.03528349456230715,2026-06-01
J,123.02,1.44,14526309376.0,118080879.0,27.86,Industrials,Jacobs Solutions Inc.,7.2455,0.141919812297288,forecast_icc,0.08498435340979418,0.22646724668932178,2026-06-01
JHX,22.93,0.0,13306612736.0,580314579.0,11.075,Basic Materials,James Hardie Industries plc.,1.35699,0.2644971591537153,forecast_icc,0.11006065553993849,0.48299173425535236,2026-06-01
JHG,51.73,1.6,7970331648.0,154075608.0,33.614,Financial Services,Janus Henderson Group plc,4.375,0.0798902857142858,forecast_icc,0.09377838021428164,0.6497969866299846,2026-06-01
JAZZ,232.64,0.0,14596489216.0,62742820.0,72.285,Healthcare,Jazz Pharmaceuticals plc,25.23176,0.01984839741658906,forecast_icc,0.07253106378403629,0.31071613705085616,2026-06-01
JBHT,279.46,1.8,26352852992.0,94299203.0,38.117,Industrials,"J.B. Hunt Transport Services, I",7.35246,0.23582719253147943,forecast_icc,0.06584611916387029,0.13639520251724402,2026-06-01
JEF,53.19,1.6,10873753600.0,204432307.0,51.906,Financial Services,Jefferies Financial Group Inc.,3.50333,0.26356066942023726,forecast_icc,0.13671747544794516,0.9758601967164311,2026-06-01
JNJ,223.51,5.36,538037026816.0,2407216971.0,33.735,Healthcare,Johnson & Johnson,11.57449,0.09873869172637395,forecast_icc,0.07257696351845067,0.1509328549324109,2026-06-01
JCI,133.91,1.6,81700577280.0,610115603.0,22.156,Industrials,Johnson Controls International ,4.87638,0.1675136064047511,forecast_icc,0.06864781876774223,0.16545441599195515,2026-06-01
JLL,284.86,0.0,13215673344.0,46393575.0,157.804,Real Estate,Jones Lang LaSalle Incorporated,23.00076,0.13593942113217117,forecast_icc,0.09508727679665452,0.5539703894560789,2026-06-01
JPM,296.58,6.0,794689404928.0,2679511418.0,128.379,Financial Services,JP Morgan Chase & Co.,22.30846,0.05573132345307563,forecast_icc,0.07521324852406674,0.4328647068883324,2026-06-01
KRMN,53.65,0.0,7110035968.0,132526299.0,3.061,Industrials,Karman Holdings Inc.,0.57196,0.6108469123714946,forecast_icc,0.08030402993178687,0.05705498580664845,2026-06-01
KBR,35.65,0.66,4520062464.0,126789957.0,12.493,Industrials,"KBR, Inc.",3.96134,0.04722139478055398,forecast_icc,0.0914448005699301,0.35043474408078445,2026-06-01
KMPR,25.05,1.28,1474799488.0,58874232.0,45.045,Financial Services,Kemper Corporation,1.97549,0.75,forecast_icc,0.3270695163643311,1.7982036215895405,2026-06-01
KVUE,17.35,0.83,33312151552.0,1920008668.0,5.525,Consumer Defensive,Kenvue Inc.,1.1885,0.0405300799326882,forecast_icc,0.07618935431304552,0.31844379292466063,2026-06-01
KDP,30.2,0.92,41088897024.0,1360559471.0,18.568,Consumer Defensive,Keurig Dr Pepper Inc.,2.28539,0.10461234187600366,forecast_icc,0.09595538166760764,0.6148344221255678,2026-06-01
KEY,20.9,0.82,22660315136.0,1084225688.0,16.083,Financial Services,KeyCorp,1.82535,0.18119264798531787,forecast_icc,0.13466088056595182,0.7695215902977988,2026-06-01
KEYS,330.0,0.0,56343703552.0,170738495.0,37.023,Technology,Keysight Technologies Inc.,10.19471,0.16299139455658862,forecast_icc,0.05577306373912816,0.11219090868868911,2026-06-01
KRC,34.0,2.16,3992020480.0,116278807.0,45.28,Real Estate,Kilroy Realty Corporation,0.7,0.01,forecast_icc,0.02337830955523911,1.318907156748855,2026-06-01
KMB,97.95,5.12,32513556480.0,331940357.0,5.411,Consumer Defensive,Kimberly-Clark Corporation,7.5387,0.01,forecast_icc,0.06897284892930589,0.0552424731767455,2026-06-01
KIM,23.64,1.04,15942573056.0,674389792.0,15.405,Real Estate,Kimco Realty Corporation (HC),0.81,0.06481481481481488,forecast_icc,0.05122360177439436,0.6516498126913147,2026-06-01
KMI,30.85,1.18,68635877376.0,2224825757.0,14.079,Energy,"Kinder Morgan, Inc.",1.47759,0.03468485845193858,forecast_icc,0.055672055231874906,0.4563695115487206,2026-06-01
KNSL,303.53,1.0,7000257536.0,23062819.0,85.31,Financial Services,"Kinsale Capital Group, Inc.",20.83789,0.042419362037135144,forecast_icc,0.06112829495047312,0.28105952942043305,2026-06-01
KEX,142.23,0.0,7605322240.0,53472000.0,63.806,Industrials,Kirby Corporation,7.01368,0.18042739332276359,forecast_icc,0.0800409383533015,0.44861142293952294,2026-06-01
KKR,95.01,0.75,88591269888.0,897872941.0,31.428,Financial Services,KKR & Co. Inc.,6.03712,0.22495825824234084,forecast_icc,0.10908992635221659,0.31852292923921927,2026-06-01
KLAC,1940.04,9.2,253422616576.0,130627521.0,44.606,Technology,KLA Corporation,37.09772,0.3438769282856198,forecast_icc,0.07035872636425633,0.02299230937021986,2026-06-01
KNX,77.92,0.8,12661532672.0,162494000.0,43.414,Industrials,Knight-Swift Transportation Hol,1.87176,0.75,forecast_icc,0.1694974944460319,0.5571611825162773,2026-06-01
KHC,23.63,1.6,28019924992.0,1185777638.0,35.348,Consumer Defensive,The Kraft Heinz Company,2.05982,0.021433911701022268,forecast_icc,0.0873804830007624,1.4958950803755242,2026-06-01
KR,61.52,1.4,37930815488.0,616560677.0,9.252,Consumer Defensive,Kroger Company (The),5.24164,0.0733587197899892,forecast_icc,0.08840868050664583,0.1503901065720214,2026-06-01
KD,12.89,0.0,2834745600.0,219918196.0,5.283,Technology,"Kyndryl Holdings, Inc.",1.87975,0.3792791594626943,forecast_icc,0.21229880204619944,0.409852591170086,2026-06-01
LHX,309.59,5.0,57675051008.0,186294951.0,102.781,Industrials,"L3Harris Technologies, Inc.",11.70485,0.16471718988282635,forecast_icc,0.07169075674202605,0.3319907139063488,2026-06-01
LH,256.87,2.88,21063340032.0,82000000.0,106.058,Healthcare,Labcorp Holdings Inc.,18.00456,0.07984310641304204,forecast_icc,0.076075250754294,0.41288589496194106,2026-06-01
LRCX,317.12,1.04,396581076992.0,1250571000.0,8.464,Technology,Lam Research Corporation,5.675,0.39952951541850235,forecast_icc,0.07564156956295218,0.026690211808097747,2026-06-01
LAMR,150.47,6.4,15268959232.0,87055016.0,9.557,Real Estate,Lamar Advertising Company,6.056,0.05515191545574627,forecast_icc,0.0564758000523099,0.054488637717256046,2026-06-01
LW,42.57,1.52,5877758976.0,138072803.0,13.147,Consumer Defensive,"Lamb Weston Holdings, Inc.",2.80903,0.0683545565551098,forecast_icc,0.07942881042160554,0.30883252417341045,2026-06-01
LSTR,213.4,1.6,7240279552.0,33928210.0,23.549,Industrials,"Landstar System, Inc.",5.64324,0.24852566965076806,forecast_icc,0.06906347477732255,0.11035145971253238,2026-06-01
LVS,53.27,1.1,35298689024.0,662637325.0,1.807,Consumer Cyclical,Las Vegas Sands Corp.,3.34133,0.10113637383915997,forecast_icc,0.08078584065046035,0.033921533047895434,2026-06-01
LSCC,144.74,0.0,19830517760.0,137007857.0,5.409,Technology,Lattice Semiconductor Corporati,1.81985,0.269994779789543,forecast_icc,0.04113295732339417,0.03737045635832153,2026-06-01
LAZ,48.56,2.0,4780134400.0,98437685.0,9.303,Financial Services,"Lazard, Inc.",2.8498,0.5399782440873042,forecast_icc,0.22346042847127368,0.19157741329511574,2026-06-01
LEA,143.94,3.08,7210689024.0,50095099.0,99.416,Consumer Cyclical,Lear Corporation,14.8092,0.1700334926937308,forecast_icc,0.13114744298489217,0.6906766254386733,2026-06-01
LDOS,127.72,1.72,16065319936.0,125785466.0,39.854,Technology,"Leidos Holdings, Inc.",12.33815,0.0694828641246863,forecast_icc,0.09006699818518393,0.31204196255877165,2026-06-01
LEN,90.11,2.0,22193940480.0,215244398.0,88.833,Consumer Cyclical,Lennar Corporation,5.97903,0.26942330110402524,forecast_icc,0.13322118767432772,0.8615327064053657,2026-06-01
LEN-B,87.85,2.0,21637306368.0,31053898.0,88.833,Consumer Cyclical,Lennar Corporation,16.2,0.01,forecast_icc,0.10386565429533567,0.12749326899182722,2026-06-01
LII,496.77,5.44,17287579648.0,34799968.0,34.872,Industrials,"Lennox International, Inc.",24.32438,0.09787752041367548,forecast_icc,0.06465287128475061,0.07019747754199905,2026-06-01
DRS,47.96,0.36,12793909248.0,266762087.0,10.415,Industrials,"Leonardo DRS, Inc.",1.30005,0.10708818891581107,forecast_icc,0.043536346720953634,0.21716014098969164,2026-06-01
LBRDA,33.34,0.0,4796334592.0,18254690.0,41.102,Communication Services,Liberty Broadband Corporation,5.92,0.01,forecast_icc,0.09382949753350023,0.15643284553822887,2026-06-01
LBRDK,33.44,0.0,,,41.102,Communication Services,Liberty Broadband Corporation,5.44,0.2242647058823528,forecast_icc,0.17188444621772125,,2026-06-01
FWONA,84.18,0.0,21095989248.0,23991058.0,31.721,Communication Services,Liberty Media Corporation - Ser,1.47,0.7330544217687076,forecast_icc,0.12726081104843584,0.03607417229273324,2026-06-01
FWONK,91.08,0.0,22825168896.0,224233462.0,31.721,Communication Services,Liberty Media Corporation - Ser,1.77814,0.1959407020819508,forecast_icc,0.04493308248395152,0.31162571810579254,2026-06-01
LLYVA,97.99,0.0,9015514112.0,25573685.0,-3.453,Communication Services,"Liberty Live Holdings, Inc. - S",1.86,0.04,forecast_icc,0.023964067063161384,,2026-06-01
LLY,1082.2,6.92,965042503680.0,891741406.0,34.917,Healthcare,Eli Lilly and Company,36.17752,0.2292254969384302,forecast_icc,0.07513444763049415,0.0322648324343927,2026-06-01
LECO,252.17,3.16,13815665664.0,54787110.0,26.799,Industrials,"Lincoln Electric Holdings, Inc.",10.9246,0.10391227138751069,forecast_icc,0.06163172205514622,0.10627354458322247,2026-06-01
LNC,34.63,1.8,6621713408.0,191213197.0,48.251,Financial Services,Lincoln National Corporation,7.72936,0.07808149704503342,forecast_icc,0.16670402254739403,1.3933293998046434,2026-06-01
LIN,497.41,6.4,229976162304.0,462347310.0,83.368,Basic Materials,Linde plc,17.95,0.098050139275766,forecast_icc,0.05331681642811227,0.16760419929578751,2026-06-01
LAD,293.52,2.28,6693964288.0,22805820.0,280.009,Consumer Cyclical,"Lithia Motors, Inc.",34.54789,0.18219289224320212,forecast_icc,0.1370161706421288,0.9539690649123463,2026-06-01
LFUS,463.46,3.0,11720394752.0,25288904.0,99.913,Technology,"Littelfuse, Inc.",14.76,0.1697154471544715,forecast_icc,0.060980881613430904,0.21558064543183056,2026-06-01
LYV,170.45,0.0,39665897472.0,232712799.0,-0.604,Communication Services,"Live Nation Entertainment, Inc.",2.14889,0.04,forecast_icc,0.017502016532336087,,2026-06-01
LKQ,26.07,1.2,6642396672.0,254790835.0,25.337,Consumer Cyclical,LKQ Corporation,2.96921,0.11955368599728566,forecast_icc,0.13347993647822742,0.9718834488773813,2026-06-01
LOAR,62.6,0.0,5860891648.0,93624471.0,12.603,Industrials,Loar Holdings Inc.,1.30229,0.21208793740257548,forecast_icc,0.04954791498960559,0.2013258867216308,2026-06-01
LMT,516.5,13.8,119086104576.0,230563608.0,32.561,Industrials,Lockheed Martin Corporation,29.89073,0.07416847965907825,forecast_icc,0.07154046308726145,0.06304162577840336,2026-06-01
L,103.83,0.25,21364983808.0,205768873.0,90.898,Financial Services,Loews Corporation,2.9,0.01,forecast_icc,0.02620270608752548,0.8754501845655692,2026-06-01
LPX,74.53,1.2,5207029248.0,69864880.0,24.714,Industrials,Louisiana-Pacific Corporation,1.94555,0.75,forecast_icc,0.18561484268137096,0.3315980306780869,2026-06-01
LOW,207.7,4.8,116458856448.0,560707041.0,-16.524,Consumer Cyclical,"Lowe's Companies, Inc.",12.50051,0.07728324684352872,forecast_icc,0.07280003294638199,,2026-06-01
LPLA,275.04,1.2,21998487552.0,79982861.0,70.905,Financial Services,LPL Financial Holdings Inc.,23.19955,0.22649275524740786,forecast_icc,0.12542733173340548,0.25779884847989937,2026-06-01
LULU,132.09,0.0,15791478784.0,109318984.0,42.592,Consumer Cyclical,lululemon athletica inc.,12.28199,0.07927461266456004,forecast_icc,0.08611790861482072,0.29484978767445114,2026-06-01
LITE,905.0,0.0,70409003008.0,77800000.0,11.857,Technology,Lumentum Holdings Inc.,8.25479,0.75,forecast_icc,0.09197989608393148,0.013101656898837024,2026-06-01
LYFT,14.86,0.0,5642082304.0,379682532.0,7.91,Technology,"Lyft, Inc.",0.57722,0.6219119226638026,forecast_icc,0.1621542035911444,0.5323014919493099,2026-06-01
LYB,67.14,4.12,21671770112.0,322784773.0,31.302,Basic Materials,LyondellBasell Industries NV,9.58575,0.01,forecast_icc,0.10359368299892957,0.46621982940153844,2026-06-01
MTB,211.62,6.0,30990702592.0,146445060.0,173.831,Financial Services,M&T Bank Corporation,18.71032,0.11487670975162367,forecast_icc,0.10701940130959409,0.8214299482010271,2026-06-01
MTSI,353.79,0.0,26992683008.0,76295774.0,18.039,Technology,MACOM Technology Solutions Hold,5.02551,0.3620229588638766,forecast_icc,0.05760328382597793,0.050987872038437125,2026-06-01
M,21.8,0.77,5750000640.0,263761499.0,18.479,Consumer Cyclical,Macy's Inc,2.10407,0.04155280004942785,forecast_icc,0.0881317719714062,0.8476605560901294,2026-06-01
MANH,161.12,0.0,9532600320.0,59164602.0,3.468,Technology,"Manhattan Associates, Inc.",5.35961,0.11065357367420403,forecast_icc,0.048631122993131215,0.02152433049201836,2026-06-01
MAN,32.93,1.44,1531486848.0,46507342.0,44.41,Industrials,ManpowerGroup,3.6844,0.2999511453696666,forecast_icc,0.19632167027640646,1.3486182143302348,2026-06-01
CART,42.2,0.0,9918258176.0,235029814.0,10.118,Consumer Cyclical,Maplebear Inc.,2.42307,0.2186606247446421,forecast_icc,0.09715888083927748,0.23976303256617304,2026-06-01
MPC,258.66,3.91,75512332288.0,291936635.0,57.177,Energy,Marathon Petroleum Corporation,29.26276,0.01,forecast_icc,0.07409308890046928,0.2210507936072266,2026-06-01
MKL,1789.67,0.0,22395412480.0,12513710.0,1440.231,Financial Services,Markel Group Inc.,111.566,0.09119265726117276,forecast_icc,0.06960983645485422,0.8047466454616512,2026-06-01
MKTX,129.29,3.12,4594895360.0,35539453.0,33.492,Financial Services,"MarketAxess Holdings, Inc.",8.02446,0.10804714585155883,forecast_icc,0.08384733196291039,0.259045585724938,2026-06-01
MAR,376.96,2.92,99400065024.0,263688623.0,-15.459,Consumer Cyclical,Marriott International,11.59597,0.12732958088025415,forecast_icc,0.05176775895787766,,2026-06-01
MRSH,162.55,3.6,78315700224.0,481794501.0,30.215,Financial Services,Marsh,10.39805,0.08848486014204604,forecast_icc,0.0786189101862903,0.18588125760323407,2026-06-01
MLM,570.96,3.32,34283808768.0,60045900.0,188.106,Basic Materials,"Martin Marietta Materials, Inc.",19.35626,0.1871275752650563,forecast_icc,0.06681228189077248,0.3294556372611254,2026-06-01
MRVL,219.43,0.24,191957352448.0,874800000.0,16.887,Technology,"Marvell Technology, Inc.",4.0336,0.5114141213804047,forecast_icc,0.09379528577958329,0.07695848797457154,2026-06-01
MAS,68.98,1.28,13915641856.0,201734437.0,-1.2,Industrials,Masco Corporation,4.27076,0.10134261817568757,forecast_icc,0.07931388150811791,,2026-06-01
MASI,178.59,0.0,9352595456.0,52369086.0,15.065,Healthcare,Masimo Corporation,5.95,0.10952436974789914,forecast_icc,0.048468488142278776,0.08435522356351559,2026-06-01
MTZ,362.09,0.0,28611829760.0,79018556.0,42.434,Industrials,"MasTec, Inc.",8.83513,0.3266595964066177,forecast_icc,0.07515274699617691,0.11719185502745001,2026-06-01
MA,495.25,3.48,437594914816.0,877036230.0,7.576,Financial Services,Mastercard Incorporated,19.64547,0.1578735454025788,forecast_icc,0.06799668359088595,0.01518396638880927,2026-06-01
MTDR,56.07,1.5,6962673152.0,124178227.0,44.965,Energy,Matador Resources Company,7.81105,0.14650527137836789,forecast_icc,0.14696896322709418,0.8019440027069362,2026-06-01
MTCH,36.76,0.8,8574877184.0,233266526.0,-0.933,Communication Services,"Match Group, Inc.",3.842,0.10307131702238426,forecast_icc,0.10977213877440362,,2026-06-01
MAT,14.86,0.0,4317855232.0,290569000.0,7.249,Consumer Cyclical,"Mattel, Inc.",1.33065,0.19269529928982054,forecast_icc,0.11743566851144671,0.48781966226884377,2026-06-01
MKC,46.58,1.92,12522717184.0,253986983.0,25.976,Consumer Defensive,"McCormick & Company, Incorporat",3.09805,0.08037959361533864,forecast_icc,0.08635595926406914,0.5268477897782092,2026-06-01
MCD,276.11,7.44,196177756160.0,710505859.0,-1.81,Consumer Cyclical,McDonald's Corporation,12.9885,0.09493321014743805,forecast_icc,0.0685876118991321,,2026-06-01
MCK,734.82,3.28,88328339456.0,120204051.0,-18.1,Healthcare,McKesson Corporation,44.2624,0.13693812355407764,forecast_icc,0.08157115064111722,,2026-06-01
MDU,20.72,0.56,4330604544.0,209006024.0,13.567,Utilities,"MDU Resources Group, Inc.",0.97035,0.08077497810068524,forecast_icc,0.06451940659168065,0.6547780335973341,2026-06-01
MPT,4.99,0.36,2984518656.0,598100000.0,7.603,Real Estate,"Medical Properties Trust, Inc.",0.11,0.5,forecast_icc,0.12621052415555167,1.5236474702070015,2026-06-01
MDLN,35.75,0.0,30230421504.0,845606187.0,13.324,Healthcare,Medline Inc.,1.51407,0.10196358160454921,forecast_icc,0.055788333963169845,0.3726992967695539,2026-06-01
MEDP,451.47,0.0,12893842432.0,28559689.0,20.95,Healthcare,"Medpace Holdings, Inc.",17.06482,0.08772492179817881,forecast_icc,0.048544768863026735,0.04640397055458603,2026-06-01
MDT,73.98,2.84,94981808128.0,1283884964.0,38.169,Healthcare,Medtronic plc.,5.52899,0.09572453558425686,forecast_icc,0.09615637982380132,0.5159367478546638,2026-06-01
MRK,115.17,3.4,284449669120.0,2469824415.0,18.576,Healthcare,"Merck & Company, Inc.",2.73657,0.75,forecast_icc,0.19351946011918064,0.16129200809048916,2026-06-01
META,600.47,2.1,1524246904832.0,2196045588.0,96.013,Communication Services,"Meta Platforms, Inc.",32.88954,0.05783662526140532,forecast_icc,0.05641733922982217,0.13832990204686257,2026-06-01
MET,81.84,2.37,52658864128.0,643436779.0,42.296,Financial Services,"MetLife, Inc.",9.88415,0.11232933535003009,forecast_icc,0.12565468837052307,0.5168133125399723,2026-06-01
MTD,1183.57,0.0,23917107200.0,20207601.0,-2.073,Healthcare,"Mettler-Toledo International, I",46.64363,0.09934904294541402,forecast_icc,0.05248505283516269,,2026-06-01
MTG,25.06,0.6,5299945984.0,211490268.0,23.627,Financial Services,MGIC Investment Corporation,3.06167,0.0791496144261139,forecast_icc,0.11160759058547842,0.942817262123251,2026-06-01
MGM,50.69,0.0,12969098240.0,255851235.0,9.511,Consumer Cyclical,MGM Resorts International,1.99101,0.12329923003902543,forecast_icc,0.057368609913169055,0.1876307088629934,2026-06-01
MCHP,91.52,1.82,49611096064.0,542079281.0,11.879,Technology,Microchip Technology Incorporat,3.15708,0.29590634383671,forecast_icc,0.10034244839401663,0.1297967650360316,2026-06-01
MU,1035.5,0.6,1167768551424.0,1127734051.0,64.237,Technology,"Micron Technology, Inc.",58.7281,0.75,forecast_icc,0.22400603115842832,0.062034768915252496,2026-06-01
MSFT,460.52,3.64,3420942761984.0,7428434704.0,55.777,Technology,Microsoft Corporation,16.81245,0.15020297458133713,forecast_icc,0.06317199337111512,0.12111743203932211,2026-06-01
MSTR,149.78,0.0,52709306368.0,332271284.0,105.951,Technology,Strategy Inc,53.05,0.01,forecast_icc,0.14277381584057613,0.6678986546568701,2026-06-01
MAA,128.13,6.12,15289322496.0,116384802.0,47.619,Real Estate,Mid-America Apartment Communiti,3.39203,0.024171366408905604,forecast_icc,0.03238953010348325,0.36248354941089994,2026-06-01
MIDD,156.46,0.0,7074260480.0,45214496.0,50.94,Industrials,The Middleby Corporation,9.5994,0.13291455715982248,forecast_icc,0.0795768842722856,0.3255784025413777,2026-06-01
TIGO,85.82,3.0,14378405888.0,167541444.0,21.784,Communication Services,Millicom International Cellular,5.22351,0.25173494451049194,forecast_icc,0.13185442158423355,0.25383361998022347,2026-06-01
MRP,27.73,3.04,4604508672.0,154228116.0,35.262,Real Estate,"Millrose Properties, Inc.",3.105,0.040257648953301084,forecast_icc,0.1327972634964828,1.1811014407384746,2026-06-01
MKSI,317.62,1.0,21453365248.0,67544129.0,41.768,Technology,MKS Inc.,11.69842,0.27758022023486917,forecast_icc,0.08808581615319933,0.13150306012409899,2026-06-01
MHK,105.64,0.0,6439090176.0,60953145.0,137.08,Consumer Cyclical,"Mohawk Industries, Inc.",8.58108,0.15409249185417218,forecast_icc,0.10051796291375126,1.297614552401013,2026-06-01
MOH,183.25,0.0,9547325440.0,52100000.0,78.462,Healthcare,Molina Healthcare Inc,5.20762,0.5082532903706489,forecast_icc,0.11723379737858736,0.42816914807085493,2026-06-01
TAP,39.03,1.92,7320129536.0,175215417.0,53.618,Consumer Defensive,Molson Coors Beverage Company,4.75986,0.05355199522675047,forecast_icc,0.1123494168433129,1.283406281610643,2026-06-01
MDLZ,61.05,2.0,78366818304.0,1283649766.0,20.06,Consumer Defensive,"Mondelez International, Inc.",3.05459,0.10858740452892213,forecast_icc,0.07779032722972323,0.32858312820702673,2026-06-01
MDB,403.88,0.0,32484847616.0,80431927.0,36.679,Technology,"MongoDB, Inc.",6.11404,0.19933301057892971,forecast_icc,0.03797522775548112,0.09081657655613982,2026-06-01
MPWR,1542.39,8.0,75777622016.0,49130000.0,74.852,Technology,"Monolithic Power Systems, Inc.",24.02205,0.255465707547857,forecast_icc,0.048556127289089424,0.04852987811129151,2026-06-01
MNST,89.1,0.0,87140524032.0,978008110.0,8.924,Consumer Defensive,Monster Beverage Corporation,2.26878,0.12213612602367796,forecast_icc,0.04183737929156883,0.10015712517903808,2026-06-01
MCO,464.2,4.12,81084801024.0,174676438.0,17.14,Financial Services,Moody's Corporation,16.69877,0.11364609489201905,forecast_icc,0.05515611198102899,0.03692374044839588,2026-06-01
MS,211.01,4.0,332822872064.0,1577284817.0,66.178,Financial Services,Morgan Stanley,11.84139,0.07133030835062426,forecast_icc,0.06635579407072478,0.3136249440193341,2026-06-01
MORN,195.82,2.0,7446646272.0,38028018.0,26.788,Financial Services,"Morningstar, Inc.",11.89692,0.11205169068969112,forecast_icc,0.07787726935308703,0.13679910512392338,2026-06-01
MOS,23.33,0.88,7415362560.0,317846644.0,38.074,Basic Materials,Mosaic Company (The),0.82403,0.75,forecast_icc,0.24071612567112954,1.6319759183367564,2026-06-01
MSI,411.58,4.84,68320460800.0,165995582.0,15.307,Technology,"Motorola Solutions, Inc.",16.97031,0.09127175637922935,forecast_icc,0.05638390786847858,0.037190826055933164,2026-06-01
MP,69.29,0.0,12335158272.0,178022198.0,11.072,Basic Materials,MP Materials Corp.,0.29951,0.75,forecast_icc,0.05819938838908156,0.159792175567798,2026-06-01
MSA,163.13,2.16,6297485312.0,38604089.0,34.901,Industrials,MSA Safety Incorporated,8.8775,0.09273669388904549,forecast_icc,0.0687833577056357,0.21394592340241733,2026-06-01
MSM,111.88,3.48,6246742528.0,55834311.0,24.791,Industrials,"MSC Industrial Direct Company, ",4.33,0.14318706697459582,forecast_icc,0.07500959630741522,0.2215856340799388,2026-06-01
MSCI,643.83,8.2,46824206336.0,72727592.0,-38.053,Financial Services,MSCI Inc.,19.66402,0.14450707434186905,forecast_icc,0.056930561025203816,,2026-06-01
MLI,126.31,1.4,13966174208.0,110570613.0,30.159,Industrials,"Mueller Industries, Inc.",8.4,0.04166666666666652,forecast_icc,0.061938669455276874,0.23876969224376726,2026-06-01
MUSA,515.68,2.43,9524962304.0,18470685.0,35.662,Consumer Cyclical,Murphy USA Inc.,32.12857,0.01,forecast_icc,0.046349111314112235,0.06915529399978611,2026-06-01
NDAQ,92.81,1.12,52487839744.0,565540798.0,21.307,Financial Services,"Nasdaq, Inc.",3.93408,0.12573969009272812,forecast_icc,0.06572187680405983,0.22957656176664157,2026-06-01
NFG,76.94,2.14,7312020992.0,95035362.0,40.246,Energy,National Fuel Gas Company,7.4878,0.07592750874756282,forecast_icc,0.0986869916768669,0.5230829046082695,2026-06-01
NSA,41.45,2.28,6095630336.0,77212533.0,7.381,Real Estate,National Storage Affiliates Tru,0.33023,0.13136298943160818,forecast_icc,0.020444490216125488,0.09349413836780933,2026-06-01
NCNO,17.19,0.0,1883215360.0,109552950.0,9.27,Technology,"nCino, Inc.",1.26974,0.20490809142029054,forecast_icc,0.10858632907915877,0.5392669728968226,2026-06-01
NTAP,179.7,2.08,35591446528.0,197330400.0,5.848,Technology,"NetApp, Inc.",8.89519,0.10533670444363752,forecast_icc,0.0672386315603454,0.032423188484124996,2026-06-01
NFLX,85.85,0.0,361497067520.0,4210798528.0,7.389,Communication Services,"Netflix, Inc.",3.59407,0.06581118342158065,forecast_icc,0.047391354458355545,0.08606872121215929,2026-06-01
NBIX,161.0,0.0,16188547072.0,100549983.0,33.871,Healthcare,"Neurocrine Biosciences, Inc.",10.26516,0.2377809990297277,forecast_icc,0.10803221866333801,0.21037888446972547,2026-06-01
NYT,76.21,0.92,12335556608.0,161081975.0,12.428,Communication Services,New York Times Company (The),2.86563,0.11581746422252692,forecast_icc,0.05854551639775528,0.16228913286342403,2026-06-01
NWL,3.33,0.28,1415009408.0,424927772.0,5.512,Consumer Defensive,Newell Brands Inc.,0.5757,0.15751259336459955,forecast_icc,0.20226630684872415,1.6552553403687333,2026-06-01
NEU,797.47,11.75,7335143936.0,9198019.0,188.361,Basic Materials,NewMarket Corp,25.82,0.01,forecast_icc,0.031078662954822117,0.23619823577774166,2026-06-01
NEM,108.19,1.04,115498532864.0,1067552764.0,32.55,Basic Materials,Newmont Corporation,10.41554,0.09700121165105213,forecast_icc,0.0975192671569236,0.3008596006073679,2026-06-01
NWSA,26.8,0.2,14618467328.0,363531482.0,15.601,Communication Services,News Corporation,1.08168,0.19368020116855256,forecast_icc,0.07691991504424917,0.38796506661262486,2026-06-01
NWS,30.68,0.2,16734872576.0,181933737.0,15.601,Communication Services,News Corporation,1.08168,0.19368020116855256,forecast_icc,0.07022946780357453,0.16960680268384976,2026-06-01
NXST,184.4,7.44,5631384576.0,30538965.0,70.994,Communication Services,"Nexstar Media Group, Inc.",34.19179,0.01,forecast_icc,0.11082430279452093,0.385000038969102,2026-06-01
NEE,83.66,2.49,174481752064.0,2085605358.0,26.481,Utilities,"NextEra Energy, Inc.",4.02254,0.09331666061742094,forecast_icc,0.07028794832548269,0.3165311835299545,2026-06-01
NIQ,8.91,0.0,2629664768.0,295136342.0,3.104,,NIQ Global Intelligence plc,0.9793,0.23480036760951717,forecast_icc,0.1440326088214291,0.3483726202350672,2026-06-01
NKE,45.93,1.64,68017143808.0,1199499281.0,9.52,Consumer Cyclical,"Nike, Inc.",1.49947,0.23543652090405276,forecast_icc,0.09206571806589456,0.167887572394313,2026-06-01
NI,45.1,1.2,21622708224.0,479439245.0,19.752,Utilities,NiSource Inc,2.05683,0.09019218895095849,forecast_icc,0.06584277900752833,0.43796012364117076,2026-06-01
NNN,43.22,2.4,8222526464.0,190248177.0,23.103,Real Estate,"NNN REIT, Inc.",2.03695,0.03056039667149424,forecast_icc,0.05682043714240603,0.5345441759870996,2026-06-01
NDSN,281.31,3.28,15674015744.0,55717948.0,55.789,Industrials,Nordson Corporation,11.46509,0.08425577121505357,forecast_icc,0.05425918114294258,0.19831858355520102,2026-06-01
NSC,305.16,5.4,68537106432.0,224594001.0,70.367,Industrials,Norfolk Southern Corporation,12.1395,0.11374933069731052,forecast_icc,0.06256270988085955,0.23059050623981558,2026-06-01
NTRS,168.34,3.2,31150856192.0,185047258.0,65.242,Financial Services,Northern Trust Corporation,11.22569,0.04797656090627833,forecast_icc,0.06671503691591185,0.3875608789698849,2026-06-01
NOC,539.22,9.4,76587286528.0,142033476.0,120.5,Industrials,Northrop Grumman Corporation,27.94252,0.07858883164439012,forecast_icc,0.06443336137340105,0.22347095234589376,2026-06-01
NCLH,18.06,0.0,8291528704.0,459110140.0,5.296,Consumer Cyclical,Norwegian Cruise Line Holdings ,1.65113,0.2217451078958046,forecast_icc,0.1270652806716958,0.29324475476603257,2026-06-01
NOV,20.0,0.35,7177769472.0,358888480.0,17.243,Energy,NOV Inc.,0.80306,0.5846885662341543,forecast_icc,0.17831065723307316,0.8621500153745811,2026-06-01
NRG,129.47,1.9,27316418560.0,210986470.0,5.416,Utilities,"NRG Energy, Inc.",9.04595,0.2863447178018894,forecast_icc,0.13609158285646739,0.041832084210090534,2026-06-01
NU,12.99,0.0,63154016256.0,3839140553.0,2.589,Financial Services,Nu Holdings Ltd.,0.83487,0.32028938637153104,forecast_icc,0.1291516901712665,0.15738563405732228,2026-06-01
NUE,251.49,2.24,57274572800.0,227740950.0,91.704,Basic Materials,Nucor Corporation,14.60849,0.08051003217991726,forecast_icc,0.0667592996035794,0.3646427211553117,2026-06-01
NTNX,55.87,0.0,15102807040.0,270320509.0,-3.13,Technology,"Nutanix, Inc.",1.92422,0.13813909012482983,forecast_icc,0.055230904578263754,,2026-06-01
NVT,171.55,0.84,27743143936.0,161720452.0,23.476,Industrials,nVent Electric plc,4.57919,0.21605349417691766,forecast_icc,0.06195972756506707,0.13684639851597818,2026-06-01
NVDA,224.36,1.0,5434223624192.0,24221000000.0,6.472,Technology,NVIDIA Corporation,8.9427,0.41540027061178386,forecast_icc,0.12352240417965688,0.02884649636097888,2026-06-01
NVR,6121.31,0.0,16523203584.0,2699292.0,1279.01,Consumer Cyclical,"NVR, Inc.",363.8761,0.1556054382247145,forecast_icc,0.08364087484109561,0.20894383122308688,2026-06-01
ORLY,86.64,0.0,71799873536.0,828715079.0,-1.282,Consumer Cyclical,"O'Reilly Automotive, Inc.",3.25805,0.11035435306394925,forecast_icc,0.053017766561580915,,2026-06-01
OXY,58.92,1.04,58603872256.0,994634701.0,30.917,Energy,Occidental Petroleum Corporatio,5.64977,0.01,forecast_icc,0.06707310506942671,0.5247284840920837,2026-06-01
OGE,45.66,1.7,9423051776.0,206374321.0,23.933,Utilities,OGE Energy Corp,2.42816,0.07283704533473911,forecast_icc,0.07177937082437755,0.5241567956861665,2026-06-01
OKTA,139.79,0.0,24296529920.0,166119894.0,39.345,Technology,"Okta, Inc.",3.84024,0.11267004145574244,forecast_icc,0.04261504522274906,0.26900908281761743,2026-06-01
ODFL,228.53,1.16,47526993920.0,207968283.0,21.138,Industrials,"Old Dominion Freight Line, Inc.",5.33423,0.1598937428644811,forecast_icc,0.04709692227745997,0.09249551051879361,2026-06-01
ORI,36.66,1.26,8928691200.0,243554044.0,24.364,Financial Services,Old Republic International Corp,3.06667,0.08695425331059425,forecast_icc,0.09722705485303795,0.6645935664138547,2026-06-01
OLN,25.74,0.8,2931728640.0,113897769.0,15.227,Basic Materials,Olin Corporation,0.30866,0.75,forecast_icc,0.12967354799095376,0.5915695282640483,2026-06-01
OLLI,80.86,0.0,4905072640.0,60661294.0,30.906,Consumer Defensive,Ollie's Bargain Outlet Holdings,4.45421,0.1411136879491539,forecast_icc,0.0762776886982478,0.382216144379872,2026-06-01
OHI,45.38,2.68,14149320704.0,297802000.0,17.433,Real Estate,"Omega Healthcare Investors, Inc",2.00947,0.012684936824137738,forecast_icc,0.046741313098863535,0.36691388757146093,2026-06-01
OMC,75.97,3.2,21651922944.0,285006196.0,33.112,Communication Services,Omnicom Group Inc.,10.91658,0.13029172139992573,forecast_icc,0.15133545630403444,0.43585621408130576,2026-06-01
ONON,39.63,0.0,13789447168.0,315455569.0,6.8326817,Consumer Cyclical,On Holding AG,1.40902,0.21599409518672563,forecast_icc,0.07194619155594345,0.15630847757778563,2026-06-01
ON,120.92,0.0,47014080512.0,388803191.0,18.633,Technology,ON Semiconductor Corporation,3.08965,0.3805123557684529,forecast_icc,0.08708658682509329,0.1540936200178131,2026-06-01
OMF,54.76,4.2,6326474752.0,115530952.0,29.206,Financial Services,"OneMain Holdings, Inc.",7.29929,0.19222280523174162,forecast_icc,0.1928936024639326,0.5333455228040401,2026-06-01
OKE,84.95,4.28,53521285120.0,630032852.0,35.486,Energy,"ONEOK, Inc.",5.71954,0.07599387363319421,forecast_icc,0.08980792834480822,0.41772811949385413,2026-06-01
ONTO,255.71,0.0,12719928320.0,49743567.0,42.265,Technology,Onto Innovation Inc.,7.12857,0.3324649964859714,forecast_icc,0.08266741702578925,0.16528488261598948,2026-06-01
ORCL,248.15,2.0,713690841088.0,2876046000.0,11.666,Technology,Oracle Corporation,7.45245,0.07783480600339487,forecast_icc,0.041346166289855754,0.04701188624594239,2026-06-01
OGN,13.36,0.08,3508347392.0,262600862.0,3.438,Healthcare,Organon & Co.,3.44351,0.0632929772238211,forecast_icc,0.15022102004797466,0.2573353384601202,2026-06-01
OSK,126.15,2.28,7865617408.0,62351309.0,71.454,Industrials,Oshkosh Corporation (Holding Co,10.98074,0.27835373572272903,forecast_icc,0.1514148755398882,0.5664209434792279,2026-06-01
OTIS,69.34,1.7,26606870528.0,383716076.0,-14.726,Industrials,Otis Worldwide Corporation,4.20281,0.12242047582450777,forecast_icc,0.08706258606311656,,2026-06-01
OVV,58.14,1.2,16338420736.0,281018601.0,40.884,Energy,Ovintiv Inc. (DE),8.10014,0.01,forecast_icc,0.08669585634305144,0.7031992056593835,2026-06-01
OC,122.62,2.96,9874382848.0,80528319.0,48.042,Industrials,Owens Corning Inc,9.54126,0.2515380568184915,forecast_icc,0.1397557780681088,0.3917957771083984,2026-06-01
PCAR,109.47,1.4,57612554240.0,526286229.0,37.542,Industrials,PACCAR Inc.,5.69022,0.18172759576958364,forecast_icc,0.0894060358358445,0.3429432676567613,2026-06-01
PKG,221.67,6.0,19750496256.0,89098647.0,51.888,Consumer Cyclical,Packaging Corporation of Americ,10.3847,0.17997245948366336,forecast_icc,0.09152531771846759,0.23407769281399873,2026-06-01
PLTR,160.65,0.0,385128169472.0,2296071334.0,3.525,Technology,Palantir Technologies Inc.,1.46358,0.4172645157763837,forecast_icc,0.04857946969131792,0.021015475090918875,2026-06-01
PANW,300.48,0.0,243689291776.0,811000000.0,13.361,Technology,"Palo Alto Networks, Inc.",3.69117,0.01,forecast_icc,0.013620732848928733,0.044465519682991554,2026-06-01
PK,12.9,1.0,2597567744.0,201361835.0,15.344,Real Estate,Park Hotels & Resorts Inc.,0.46,0.09782608695652173,forecast_icc,0.06193310018624498,1.1894573311424672,2026-06-01
PH,823.3,8.0,103806926848.0,126086389.0,115.865,Industrials,Parker-Hannifin Corporation,31.26414,0.08839840149129308,forecast_icc,0.05194320083241932,0.14073241454181884,2026-06-01
PSN,60.66,0.0,6489316864.0,106978521.0,24.77,Technology,Parsons Corporation,3.31354,0.11227569306542229,forecast_icc,0.06889892727708757,0.40834158983209734,2026-06-01
PAYX,102.44,4.76,36703318016.0,358290881.0,11.202,Technology,"Paychex, Inc.",5.49768,0.07283617816970067,forecast_icc,0.07630233156764732,0.10935181520134966,2026-06-01
PAYC,148.58,1.5,6927854080.0,46627098.0,17.827,Technology,"Paycom Software, Inc.",10.9202,0.12641160418307362,forecast_icc,0.09162035154846404,0.11998250344874471,2026-06-01
PCTY,122.49,0.0,6558611456.0,53544058.0,20.387,Technology,Paylocity Holding Corporation,8.08314,0.07658781117239077,forecast_icc,0.06829187469847575,0.16643808186676032,2026-06-01
PYPL,45.19,0.56,39862345728.0,882105493.0,22.448,Financial Services,"PayPal Holdings, Inc.",5.3034,0.08557529132254782,forecast_icc,0.10654258611951073,0.4967470866360753,2026-06-01
PEGA,37.93,0.12,6338711552.0,167116051.0,4.183,Technology,Pegasystems Inc.,2.71408,0.1206523020692094,forecast_icc,0.08556528385999063,0.11028210316849577,2026-06-01
PENN,20.24,0.0,2708989696.0,133744451.0,14.527,Consumer Cyclical,"PENN Entertainment, Inc.",0.98134,0.684482442374712,forecast_icc,0.19394616181160723,0.7172067293374451,2026-06-01
PAG,170.44,5.68,11206303744.0,65749255.0,86.141,Consumer Cyclical,"Penske Automotive Group, Inc.",13.38014,0.05791120272284145,forecast_icc,0.08316793175472526,0.505403628559276,2026-06-01
PNR,70.8,1.06,11441672192.0,161605541.0,23.577,Industrials,Pentair plc.,5.34958,0.08618059735530648,forecast_icc,0.08318887962018462,0.33300847780109166,2026-06-01
PEN,318.95,0.0,12544757760.0,39331425.0,36.391,Healthcare,"Penumbra, Inc.",4.89483,0.28643895702200073,forecast_icc,0.049823308119066545,0.11409625554818206,2026-06-01
PEP,141.52,5.92,193449492480.0,1366768315.0,15.631,Consumer Defensive,"Pepsico, Inc.",8.66028,0.056254532186026385,forecast_icc,0.07443062051459695,0.11043686524002505,2026-06-01
PFGC,97.59,0.0,15330398208.0,157089851.0,29.837,Consumer Defensive,Performance Food Group Company,4.61768,0.24891937076627224,forecast_icc,0.09338302357683817,0.3057382998597579,2026-06-01
PR,19.67,0.62,16946415616.0,837288124.0,13.532,Energy,Permian Resources Corporation,1.94829,0.0905255377792833,forecast_icc,0.10666327352696936,0.6685887535574532,2026-06-01
PRGO,10.76,1.16,1488837248.0,138367770.0,21.334,Healthcare,Perrigo Company plc,2.108,0.12049335863377619,forecast_icc,0.20985234877107073,1.9827136976492408,2026-06-01
PFE,25.63,1.72,146076745728.0,5699444169.0,15.81,Healthcare,"Pfizer, Inc.",2.96167,0.01,forecast_icc,0.0944177818007935,0.6168552829050192,2026-06-01
PCG,16.15,0.2,35565928448.0,2202224728.0,14.381,Utilities,Pacific Gas & Electric Co.,1.64683,0.09454527789753642,forecast_icc,0.10122109186909756,0.8904644190484764,2026-06-01
PM,172.66,5.88,269100777472.0,1558558846.0,-6.42,Consumer Defensive,Philip Morris International Inc,8.40883,0.08690388555839523,forecast_icc,0.07086727474740406,,2026-06-01
PSX,180.24,5.08,72264531968.0,400935020.0,71.154,Energy,Phillips 66,17.81422,0.01,forecast_icc,0.07180378202848814,0.394773613502579,2026-06-01
PPC,28.79,0.0,6849772544.0,237921941.0,15.647,Consumer Defensive,Pilgrim's Pride Corporation,3.47571,0.08631330001639959,forecast_icc,0.10348916611102355,0.5434873328878524,2026-06-01
PNFP,95.61,1.48,14447323136.0,151106812.0,91.906,Financial Services,"Pinnacle Financial Partners, In",10.3214,0.14777452671149272,forecast_icc,0.12388498466524689,0.9612592265668004,2026-06-01
PNW,97.48,3.64,11813325824.0,121187166.0,58.325,Utilities,Pinnacle West Capital Corporati,4.69851,0.20026561612085536,forecast_icc,0.10509113431047334,0.5983278174373328,2026-06-01
PINS,21.35,0.0,11959358464.0,481750308.0,7.141,Communication Services,"Pinterest, Inc.",1.90494,0.17979568910306898,forecast_icc,0.11353265912609223,0.2876558102831025,2026-06-01
PLNT,52.88,0.0,4200934144.0,79126649.0,-6.094,Consumer Cyclical,"Planet Fitness, Inc.",3.19882,0.12732507612181987,forecast_icc,0.07746154128078053,,2026-06-01
PNC,216.07,6.8,86766075904.0,401564632.0,158.258,Financial Services,"PNC Financial Services Group, I",18.35915,0.14718491869176953,forecast_icc,0.11703379515443146,0.7324385120443859,2026-06-01
POOL,182.07,5.2,6635177984.0,36443003.0,31.096,Industrials,Pool Corporation,11.07902,0.08653653481986678,forecast_icc,0.07838253176666765,0.17079144282499478,2026-06-01
BPOP,147.78,3.0,9537382400.0,64537709.0,97.27,Financial Services,"Popular, Inc.",14.786,0.11456783443798191,forecast_icc,0.11037713534179983,0.6582081635344724,2026-06-01
POST,89.13,0.0,4039601664.0,45322586.0,70.479,Consumer Defensive,"Post Holdings, Inc.",7.71787,0.13531971904165263,forecast_icc,0.09894915435274376,0.7907439407109819,2026-06-01
PPG,112.07,2.84,24980402176.0,222900000.0,36.357,Basic Materials,"PPG Industries, Inc.",7.86125,0.10188328828112558,forecast_icc,0.08870278251838026,0.3244133238089305,2026-06-01
PPL,34.52,1.14,25971134464.0,752350362.0,19.967,Utilities,PPL Corporation,1.94989,0.08564072845134874,forecast_icc,0.07660803565008811,0.5784183089451506,2026-06-01
TROW,103.92,5.2,22266585088.0,214266606.0,50.156,Financial Services,"T. Rowe Price Group, Inc.",9.54364,0.01,forecast_icc,0.07607130308985222,0.48264050585501256,2026-06-01
PRI,266.59,4.48,8313344512.0,31184008.0,80.394,Financial Services,"Primerica, Inc.",24.50143,0.08100833298301358,forecast_icc,0.09261747557274791,0.3015642062629823,2026-06-01
PRMB,24.49,0.48,8886650880.0,362868562.0,8.148,Consumer Defensive,Primo Brands Corporation,1.28304,0.1520997007108118,forecast_icc,0.0856092075995637,0.332707235054113,2026-06-01
PFG,102.9,3.28,22227675136.0,216012384.0,54.587,Financial Services,Principal Financial Group Inc,9.31571,0.09618912568124172,forecast_icc,0.10367357380456316,0.5304858890217676,2026-06-01
PCOR,55.23,0.0,8333666304.0,150890216.0,7.963,Technology,"Procore Technologies, Inc.",1.67784,0.26366638058456093,forecast_icc,0.07391672537928762,0.14417889391986866,2026-06-01
PG,140.28,4.26,326655868928.0,2328598978.0,23.081,Consumer Defensive,Procter & Gamble Company (The),6.89799,0.02723691974038811,forecast_icc,0.05149437370990646,0.16453521312076758,2026-06-01
PGR,192.67,13.9,112422952960.0,583500000.0,54.861,Financial Services,Progressive Corporation (The),16.31304,0.01,forecast_icc,0.08126280212599857,0.28474072826916075,2026-06-01
PLD,139.02,4.28,129613627392.0,932338000.0,57.321,Real Estate,"Prologis, Inc.",2.8744,0.18211800723629268,forecast_icc,0.05375533603093163,0.41232197241397917,2026-06-01
PB,67.41,2.38,6798615040.0,100854689.0,81.843,Financial Services,"Prosperity Bancshares, Inc.",6.24487,0.15542677429634244,forecast_icc,0.12727912787699547,1.2141076179872954,2026-06-01
PRU,100.49,5.6,34902700032.0,347325107.0,92.061,Financial Services,"Prudential Financial, Inc.",13.66335,0.0710506574156411,forecast_icc,0.13002312658823956,0.9161210062892307,2026-06-01
PTC,145.08,0.0,16757580800.0,115505791.0,32.319,Technology,PTC Inc.,8.03241,0.07567218306834445,forecast_icc,0.060402589164041065,0.2227667408489536,2026-06-01
PSA,295.8,12.0,51926429696.0,175545748.0,27.91,Real Estate,Public Storage,9.68521,0.04922660427600434,forecast_icc,0.04511453339230165,0.09435429809759129,2026-06-01
PEG,76.67,2.68,38206300160.0,498321402.0,34.745,Utilities,Public Service Enterprise Group,4.37631,0.07327634468307775,forecast_icc,0.07406123256347752,0.4531759694077114,2026-06-01
PHM,117.7,1.04,22420242432.0,190486353.0,67.904,Consumer Cyclical,"PulteGroup, Inc.",10.02456,0.11367980240529252,forecast_icc,0.09545473522140757,0.5769244178934666,2026-06-01
PVH,93.39,0.15,4302855168.0,46074047.0,104.619,Consumer Cyclical,PVH Corp.,12.10267,0.13312434363656944,forecast_icc,0.12464599799085085,1.1202377339912828,2026-06-01
QGEN,36.18,0.35,7462125056.0,206250000.0,16.154,Healthcare,Qiagen N.V.,2.43469,0.08250742394308941,forecast_icc,0.07432787367230326,0.4464897700047336,2026-06-01
Q,151.92,0.32,31802810368.0,209339207.0,34.301,Technology,"Qnity Electronics, Inc.",4.08296,0.16518898054352715,forecast_icc,0.051788918033379816,0.22578332091468453,2026-06-01
QRVO,99.97,0.0,8798727168.0,88013673.0,39.916,Technology,"Qorvo, Inc.",6.90074,0.13344945614528303,forecast_icc,0.0857938126230039,0.3992797713111224,2026-06-01
QCOM,228.99,3.68,241355472896.0,1054000000.0,25.758,Technology,QUALCOMM Incorporated,10.79628,0.01,forecast_icc,0.039977164038586616,0.11248525535486185,2026-06-01
PWR,687.48,0.44,103163346944.0,150060149.0,60.274,Industrials,"Quanta Services, Inc.",14.02238,0.17265827912237453,forecast_icc,0.04308497903371433,0.08767382688481147,2026-06-01
DGX,192.2,3.44,21275854848.0,110696429.0,66.36,Healthcare,Quest Diagnostics Incorporated,10.76897,0.08373409898996842,forecast_icc,0.0694109347226344,0.34526532921569214,2026-06-01
QXO,16.76,0.0,12156118016.0,725305345.0,12.824,Industrials,"QXO, Inc.",0.34317,0.75,forecast_icc,0.14086982137155063,0.7651551039597937,2026-06-01
RAL,61.46,0.2,6879411200.0,111933148.0,13.99,Technology,Ralliant Corporation,2.644,0.15327155824508298,forecast_icc,0.06892965938293921,0.2276277278671756,2026-06-01
RL,366.31,3.74,21801431040.0,37635070.0,47.663,Consumer Cyclical,Ralph Lauren Corporation,18.39949,0.10728503887879515,forecast_icc,0.06783288248460739,0.08227901820384355,2026-06-01
RRC,39.78,0.4,9373052928.0,235622250.0,19.534,Energy,Range Resources Corporation,4.31078,0.08085775660089367,forecast_icc,0.0991447052525628,0.491050788559038,2026-06-01
RJF,145.82,2.16,28417847296.0,194883034.0,64.564,Financial Services,"Raymond James Financial, Inc.",11.86332,0.12728983117710735,forecast_icc,0.0996954524038739,0.44276500172998884,2026-06-01
RYN,20.54,1.04,6211914752.0,300747223.0,13.689,Real Estate,Rayonier Inc. REIT,0.47068,0.40110053539559787,forecast_icc,0.10643932847628246,0.6627471399734688,2026-06-01
RBA,105.27,1.24,19611799552.0,186300000.0,30.16,Industrials,"RB Global, Inc.",4.41055,0.10593690129348965,forecast_icc,0.060468732151492885,0.2865013985637538,2026-06-01
RBC,566.14,0.0,17910042624.0,31635359.0,103.138,Industrials,RBC Bearings Incorporated,14.36098,0.1411762985534415,forecast_icc,0.04489012469170539,0.18217754837555433,2026-06-01
O,59.55,3.25,55529930752.0,932492530.0,41.982,Real Estate,Realty Income Corporation,1.55718,0.10541491670840886,forecast_icc,0.0486542882818467,0.7049873980447927,2026-06-01
RDDT,177.85,0.0,34237734912.0,141965642.0,16.526,Communication Services,"Reddit, Inc.",4.96216,0.2985756202943879,forecast_icc,0.07642560497697792,0.06852451558849197,2026-06-01
RRX,202.09,1.4,13453044736.0,66569573.0,102.186,Industrials,Regal Rexnord Corporation,10.62057,0.2733572680185714,forecast_icc,0.10938466245505796,0.5056460095144666,2026-06-01
REG,76.14,3.02,14233229312.0,183096790.0,36.519,Real Estate,Regency Centers Corporation,2.44599,0.030171832264236587,forecast_icc,0.03937365758055847,0.4697817710540656,2026-06-01
REGN,600.66,3.76,62972608512.0,103021886.0,308.325,Healthcare,"Regeneron Pharmaceuticals, Inc.",46.24604,0.04012905753660201,forecast_icc,0.06627253173583358,0.5044133275009092,2026-06-01
RF,27.34,1.06,23331395584.0,853379538.0,20.414,Financial Services,Regions Financial Corporation,2.61417,0.09213249329615136,forecast_icc,0.10867494466590621,0.7466715750462328,2026-06-01
RGA,198.71,3.72,13018121216.0,65513163.0,202.933,Financial Services,"Reinsurance Group of America, I",27.07141,0.07207640828460726,forecast_icc,0.11345444528149862,1.0212520291130005,2026-06-01
RS,382.82,5.0,19542394880.0,51048522.0,139.531,Basic Materials,"Reliance, Inc.",19.58192,0.06502682065905696,forecast_icc,0.05867857873345354,0.3644820078050741,2026-06-01
RNR,277.71,1.64,11839621120.0,42633041.0,250.484,Financial Services,RenaissanceRe Holdings Ltd.,40.73694,0.01,forecast_icc,0.08471651293210647,0.9019625318756822,2026-06-01
RGEN,123.1,0.0,6943792640.0,56407740.0,37.331,Healthcare,Repligen Corporation,1.99978,0.2763153946934165,forecast_icc,0.05039559325034754,0.3032575209417544,2026-06-01
RSG,200.83,2.5,61788180480.0,307664087.0,38.896,Industrials,"Republic Services, Inc.",7.28882,0.10594719035454281,forecast_icc,0.0551292948545343,0.19367623767179104,2026-06-01
RMD,186.44,2.4,27044313088.0,145056384.0,44.759,Healthcare,ResMed Inc.,11.08055,0.10080456295039508,forecast_icc,0.07485129820212244,0.2400718653984546,2026-06-01
QSR,72.86,2.6,33248706560.0,346983973.0,10.777,Consumer Cyclical,Restaurant Brands International,4.05554,0.09499598080650196,forecast_icc,0.08001934447988981,0.11246892477675378,2026-06-01
RVTY,100.52,0.28,11213987840.0,111559773.0,64.203,Healthcare,"Revvity, Inc.",5.24183,0.1085517843959074,forecast_icc,0.06695369984509297,0.6387087455517519,2026-06-01
REXR,34.69,1.73,8026033152.0,225718119.0,36.115,Real Estate,"Rexford Industrial Realty, Inc.",1.24795,0.01,forecast_icc,0.03750234223805653,1.0156710934658497,2026-06-01
REYN,21.36,0.92,4501991424.0,210767377.0,10.75,Consumer Cyclical,Reynolds Consumer Products Inc.,1.60098,0.055778335769341325,forecast_icc,0.08423835518525136,0.5032771254674874,2026-06-01
RH,149.33,0.0,2822451712.0,18900769.0,3.22,Consumer Cyclical,RH,5.25761,0.75,forecast_icc,0.1815396791377778,0.021562982254486135,2026-06-01
RNG,49.1,0.3,4117457408.0,74079066.0,-7.225,Technology,"Ringcentral, Inc.",5.3821,0.04,forecast_icc,0.083411706761927,,2026-06-01
RITM,9.1,1.0,5080590336.0,558306597.0,12.506,Real Estate,Rithm Capital Corp.,2.27743,0.04235036861725727,forecast_icc,0.18678346854427852,1.3742856322438983,2026-06-01
RLI,50.63,0.72,4654837760.0,91938331.0,19.354,Financial Services,RLI Corp.,2.73,0.017267399267399286,forecast_icc,0.046626390195703346,0.3822634751020839,2026-06-01
RHI,30.99,2.36,3170078464.0,102293589.0,12.247,Industrials,Robert Half Inc.,1.31552,0.5701395645828264,forecast_icc,0.21200060985868563,0.3951919798547296,2026-06-01
HOOD,90.73,0.0,81702830080.0,791184698.0,10.34,Financial Services,"Robinhood Markets, Inc.",1.87695,0.3316284397559872,forecast_icc,0.06849874894116181,0.10012933174174815,2026-06-01
RKT,14.18,0.0,40121315328.0,980550267.0,8.215,Financial Services,"Rocket Companies, Inc.",0.74114,0.46502685052756565,forecast_icc,0.14935850498744074,0.20077159428976635,2026-06-01
ROK,456.71,5.52,50819923968.0,111273953.0,31.652,Industrials,"Rockwell Automation, Inc.",12.97849,0.11819402719422678,forecast_icc,0.048774564344904126,0.06930437681437186,2026-06-01
ROKU,129.03,0.0,19056922624.0,131191687.0,18.099,Communication Services,"Roku, Inc.",2.41151,0.46575796907331934,forecast_icc,0.08588903715680651,0.1245971550528661,2026-06-01
ROL,46.32,0.73,22301396992.0,481463663.0,2.856,Consumer Cyclical,"Rollins, Inc.",1.24591,0.12005682593445743,forecast_icc,0.048631194832667576,0.061658030751224426,2026-06-01
ROP,344.25,3.64,34740801536.0,100917359.0,186.506,Technology,"Roper Technologies, Inc.",21.94284,0.08897480909490296,forecast_icc,0.073951183271448,0.5417748619918888,2026-06-01
ROST,224.07,1.78,72474304512.0,322148148.0,19.196,Consumer Cyclical,"Ross Stores, Inc.",7.7962,0.09993201816269481,forecast_icc,0.050692529888269555,0.08532618409582787,2026-06-01
RCL,289.05,5.0,77521756160.0,268194978.0,36.578,Consumer Cyclical,Royal Caribbean Cruises Ltd.,17.31843,0.15519593866187642,forecast_icc,0.09217872084629464,0.1265455839911148,2026-06-01
RGLD,217.86,1.9,18489036800.0,84866602.0,84.7,Basic Materials,"Royal Gold, Inc.",11.62672,0.18539278489548217,forecast_icc,0.08958696046323422,0.3887818098452809,2026-06-01
RPRX,55.18,0.94,31774420992.0,443274104.0,15.109,Healthcare,Royalty Pharma plc,5.11745,0.09702879363745631,forecast_icc,0.09856805474493735,0.2107805029404704,2026-06-01
RPM,104.62,2.16,13399277568.0,127626527.0,24.608,Basic Materials,RPM International Inc.,5.481,0.0787064404305784,forecast_icc,0.06614135785909378,0.2343882765677177,2026-06-01
RTX,174.41,2.77,234875060224.0,1346683428.0,49.217,Industrials,RTX Corporation,6.9004,0.09532635789229604,forecast_icc,0.05724775678552045,0.2821913838475023,2026-06-01
RBRK,85.07,0.0,17508243456.0,160938033.0,-2.569,Technology,"Rubrik, Inc.",0.17341,0.75,forecast_icc,0.034859198345903786,,2026-06-01
RYAN,33.11,0.52,8740279296.0,129468136.0,4.937,Financial Services,"Ryan Specialty Holdings, Inc.",2.04783,0.14129590835176753,forecast_icc,0.08922907769471833,0.07313086524872535,2026-06-01
R,253.83,3.64,9820940288.0,38691018.0,77.428,Industrials,"Ryder System, Inc.",14.59073,0.19894755094501781,forecast_icc,0.10013670173797673,0.30503883068757337,2026-06-01
SPGI,428.56,3.88,126853758976.0,296000000.0,105.314,Financial Services,S&P Global Inc.,19.61634,0.13193286821088956,forecast_icc,0.06926705934678268,0.24573922169620324,2026-06-01
SAIA,482.22,0.0,12827978752.0,26601922.0,98.728,Industrials,"Saia, Inc.",11.19304,0.26797813641334245,forecast_icc,0.0628170277328905,0.2047364285512655,2026-06-01
SAIL,19.25,0.0,10919034880.0,567222587.0,12.143,Technology,"SailPoint, Inc.",0.31839,0.21222400201011338,forecast_icc,0.04198945000813374,0.6308051901690601,2026-06-01
SAIC,115.08,1.48,4960222720.0,43102387.0,34.091,Technology,Science Applications Internatio,9.9097,0.09391000736651955,forecast_icc,0.09163666496622247,0.29623739863378556,2026-06-01
CRM,209.6,1.76,171662409728.0,819000000.0,41.801,Technology,"Salesforce, Inc.",14.10826,0.10269444991799137,forecast_icc,0.0795901208949279,0.1994322406066976,2026-06-01
SLM,22.06,0.52,4160361216.0,188592995.0,11.042,Financial Services,SLM Corporation,3.15014,0.07699340346778238,forecast_icc,0.12054843242316399,0.5005440015115264,2026-06-01
IOT,38.55,0.0,22463473664.0,370981108.0,2.446,Technology,Samsara Inc.,0.67918,0.2424246885950705,forecast_icc,0.04833686056617709,0.040395345962108815,2026-06-01
SNDK,1761.43,0.0,260849745920.0,148089758.0,69.007,Technology,Sandisk Corporation,65.07383,0.75,forecast_icc,0.1854832898660458,0.03917669114172776,2026-06-01
SRPT,17.61,0.0,1859197312.0,105576222.0,14.257,Healthcare,"Sarepta Therapeutics, Inc.",4.8301,0.01,forecast_icc,0.1228038870941669,0.8095968014469677,2026-06-01
SBAC,204.05,5.0,21642158080.0,106063017.0,-44.8,Real Estate,SBA Communications Corporation,7.72397,0.04935803738233058,forecast_icc,0.0472215769862617,,2026-06-01
HSIC,76.4,0.0,8703240192.0,113916757.0,28.543,Healthcare,"Henry Schein, Inc.",5.34472,0.10539373437710498,forecast_icc,0.07895554299804475,0.373599478277044,2026-06-01
SLB,54.75,1.18,81854406656.0,1495057661.0,18.296,Energy,SLB Limited,2.60679,0.2838970534642222,forecast_icc,0.11640301195813196,0.3341735171401546,2026-06-01
SNDR,36.37,0.4,6369270784.0,92094808.0,17.247,Industrials,"Schneider National, Inc.",0.91523,0.6578018640123247,forecast_icc,0.15400677222023929,0.24937849362065997,2026-06-01
SMG,58.73,2.64,3417025024.0,58181937.0,-8.631,Basic Materials,Scotts Miracle-Gro Company (The,4.37275,0.08402264021496775,forecast_icc,0.09508435281739847,,2026-06-01
SEB,5195.22,9.0,4975955968.0,957794.0,5571.135,Industrials,Seaboard Corporation,605.77,0.75,trailing_eps_fallback_icc,0.30041687504373427,1.0723566909565547,2026-06-01
SEIC,88.32,1.04,10622509056.0,120272976.0,20.353,Financial Services,SEI Investments Company,5.88218,0.12480576928961717,forecast_icc,0.08667935365509682,0.23044610907112606,2026-06-01
SRE,87.13,2.63,56956010496.0,653690046.0,48.403,Utilities,DBA Sempra,5.11433,0.0826520775937416,forecast_icc,0.07621343326113517,0.555526256509137,2026-06-01
ST,49.29,0.48,7168345600.0,145432046.0,19.68,Technology,Sensata Technologies Holding pl,3.71171,0.089958536631364,forecast_icc,0.08207504960759676,0.3992696257948277,2026-06-01
S,17.81,0.0,6105333760.0,336745012.0,4.255,Technology,"SentinelOne, Inc.",0.49413,0.04,forecast_icc,0.03141692061180955,0.23468823857714863,2026-06-01
SCI,73.13,1.44,10089818112.0,137970998.0,11.729,Consumer Cyclical,Service Corporation Internation,4.12752,0.10330658603713605,forecast_icc,0.07595542981397496,0.16038563010540025,2026-06-01
NOW,135.86,0.0,140113510400.0,1031308000.0,11.372,Technology,"ServiceNow, Inc.",4.12299,0.21918559103951285,forecast_icc,0.06550640334787994,0.08370380945076943,2026-06-01
SN,122.66,0.0,17358891008.0,141520379.0,19.498,Consumer Cyclical,"SharkNinja, Inc.",6.1395,0.14177864646958227,forecast_icc,0.07187533957733672,0.15895971398577952,2026-06-01
SHW,294.86,3.2,72722972672.0,246635621.0,18.071,Basic Materials,Sherwin-Williams Company (The),11.74548,0.13078052152828157,forecast_icc,0.06376408723983429,0.06128671784627182,2026-06-01
FOUR,45.21,0.0,4481665024.0,79328924.0,7.239,Technology,"Shift4 Payments, Inc.",5.59377,0.19270724395175343,forecast_icc,0.13988624796791693,0.12813587757245107,2026-06-01
SLGN,36.5,0.84,3857311232.0,105679758.0,21.959,Consumer Cyclical,Silgan Holdings Inc.,3.80737,0.07260129695826767,forecast_icc,0.09934446321401225,0.6016164282182558,2026-06-01
SPG,202.7,8.8,77021863936.0,324281912.0,15.89,Real Estate,"Simon Property Group, Inc.",6.775,0.01623616236162362,forecast_icc,0.03711697689859701,0.0669009982147623,2026-06-01
SSD,187.51,1.2,7713846784.0,41138325.0,50.044,Basic Materials,"Simpson Manufacturing Company, ",9.02333,0.09198377982407835,forecast_icc,0.06080794399492011,0.26688711792541614,2026-06-01
SIRI,29.04,1.08,9775442944.0,336619936.0,34.521,Communication Services,SiriusXM Holdings Inc.,3.11901,0.0796695105177605,forecast_icc,0.11001984572172938,1.1887396691101797,2026-06-01
SITE,106.5,0.0,4718826496.0,44308229.0,36.594,Industrials,"SiteOne Landscape Supply, Inc.",4.43444,0.21685940051054908,forecast_icc,0.07967209791911889,0.34360562597510685,2026-06-01
SWKS,75.49,2.84,11354145792.0,150405963.0,38.336,Technology,"Skyworks Solutions, Inc.",5.01067,0.027006368409813408,forecast_icc,0.06548569071720334,0.50782886737553,2026-06-01
SFD,26.03,1.25,10242212864.0,393477263.0,17.444,Consumer Defensive,"Smithfield Foods, Inc.",2.67019,0.01,forecast_icc,0.08060692531157543,0.670149846220966,2026-06-01
SJM,100.61,4.4,10729887744.0,106648319.0,49.074,Consumer Defensive,The J.M. Smucker Company,9.02774,0.01,forecast_icc,0.07267421439431992,0.4877646189292696,2026-06-01
SW,41.25,1.81,21634142208.0,524464078.0,34.478,Consumer Cyclical,Smurfit WestRock plc,2.2225,0.42309561304836896,forecast_icc,0.18459864228946976,0.8358303420321125,2026-06-01
SNA,366.45,9.76,18982813696.0,51801916.0,115.031,Industrials,Snap-On Incorporated,19.84989,0.07215707492585599,forecast_icc,0.06800869082540692,0.3139063731448634,2026-06-01
SNOW,280.16,0.0,97103454208.0,346600000.0,5.595,Technology,Snowflake Inc.,1.92091,0.3588871940903011,forecast_icc,0.03458901133835146,0.019970731379401682,2026-06-01
SOFI,18.58,0.0,23833331712.0,1282741200.0,8.437,Financial Services,"SoFi Technologies, Inc.",0.57967,0.3460072109993617,forecast_icc,0.09107642233259902,0.45409041569085007,2026-06-01
SOLS,83.78,0.3,13304622080.0,158804273.0,9.358,Basic Materials,Solstice Advanced Materials Inc,2.62695,0.19050990692628322,forecast_icc,0.06313031546234804,0.11169730171952393,2026-06-01
SOLV,75.84,0.0,13133570048.0,173174712.0,29.102,Healthcare,Solventum Corporation,6.55333,0.07442475810008031,forecast_icc,0.08073648626216023,0.38372890616983896,2026-06-01
SGI,68.76,0.68,14463022080.0,210340624.0,14.966,Consumer Cyclical,Somnigroup International Inc.,3.15424,0.23821269148828228,forecast_icc,0.0950324420119405,0.21765560208451262,2026-06-01
SON,47.99,2.13,4744708608.0,98868689.0,36.639,Consumer Cyclical,Sonoco Products Company,5.82302,0.10128077870246033,forecast_icc,0.12956326470925095,0.7634715207090332,2026-06-01
SHC,15.54,0.0,4431495168.0,285166994.0,2.183,Healthcare,Sotera Health Company,0.97014,0.09273919228152638,forecast_icc,0.07008239740051242,0.14047618790092292,2026-06-01
SO,89.03,3.04,100363616256.0,1127301098.0,32.93,Utilities,Southern Company (The),4.56612,0.07685299554107217,forecast_icc,0.07013523867318783,0.36987532476362667,2026-06-01
SCCO,194.62,4.0,162376466432.0,834325691.0,14.128,Basic Materials,Southern Copper Corporation,7.17737,0.01,forecast_icc,0.034972001506595296,0.07259274463509961,2026-06-01
SSB,92.51,2.4,9035270144.0,97668043.0,91.379,Financial Services,SouthState Bank Corporation,9.48099,0.10149151090761621,forecast_icc,0.10998325748463922,0.9877743508558675,2026-06-01
LUV,42.76,0.72,20899962880.0,488773713.0,14.066,Industrials,Southwest Airlines Company,2.69747,0.6785580562527109,forecast_icc,0.23778850220957393,0.32895230898410094,2026-06-01
SPOT,507.76,0.0,104405647360.0,205620061.0,47.741013,Communication Services,Spotify Technology S.A.,12.86562,0.23485381971486796,forecast_icc,0.060766497713950415,0.09402278759321887,2026-06-01
SFM,79.74,0.0,7499092480.0,94044301.0,15.168,Consumer Defensive,"Sprouts Farmers Market, Inc.",5.56427,0.06212495080217173,forecast_icc,0.0667367919838292,0.19021821125321017,2026-06-01
SSNC,69.08,1.08,16636815360.0,240834039.0,28.418,Technology,"SS&C Technologies Holdings, Inc",6.89179,0.08760278534314003,forecast_icc,0.0989775490841277,0.4113781136717502,2026-06-01
STAG,36.73,1.55,7169858048.0,191205055.0,18.825,Real Estate,"Stag Industrial, Inc.",1.11771,0.01790267600719342,forecast_icc,0.03478148508898146,0.5020232110981676,2026-06-01
SARO,27.36,0.0,9096433664.0,332471972.0,8.095,Industrials,"StandardAero, Inc.",1.17708,0.26863934481938356,forecast_icc,0.09252475449200503,0.29586986645011387,2026-06-01
SWK,78.17,3.32,12151961600.0,155455564.0,58.403,Industrials,"Stanley Black & Decker, Inc.",5.3626,0.15565210905157967,forecast_icc,0.1136947950502959,0.7471280442732801,2026-06-01
SBUX,96.51,2.48,109992443904.0,1139700000.0,-7.429,Consumer Cyclical,Starbucks Corporation,2.39115,0.2667001233715993,forecast_icc,0.08121477569196148,,2026-06-01
STWD,16.8,1.92,6389855744.0,370748570.0,18.338,Real Estate,"STARWOOD PROPERTY TRUST, INC. S",1.72413,0.11361092261024397,forecast_icc,0.15985714828438435,1.0639969897667851,2026-06-01
STT,159.79,3.36,44224602112.0,276767033.0,87.008,Financial Services,State Street Corporation,12.47968,0.10700194235749638,forecast_icc,0.09401827491450299,0.5445147012578735,2026-06-01
STLD,261.59,2.12,37724622848.0,144212781.0,61.799,Basic Materials,"Steel Dynamics, Inc.",15.02373,0.13232599361143982,forecast_icc,0.07958742072768976,0.2362437310222569,2026-06-01
STE,211.07,2.52,20600956928.0,97602485.0,72.931,Healthcare,STERIS plc (Ireland),11.14875,0.08532346675636271,forecast_icc,0.06502321918168541,0.3455299119556996,2026-06-01
SF,69.33,1.29,10635345920.0,153401769.0,34.704,Financial Services,Stifel Financial Corporation,6.30548,0.11043727043777785,forecast_icc,0.10255251578238023,0.5005624670246739,2026-06-01
SYK,299.46,3.52,114801213440.0,383360762.0,58.614,Healthcare,Stryker Corporation,14.98538,0.115672075049148,forecast_icc,0.07039785459546144,0.1957323187669261,2026-06-01
SUI,120.35,4.24,15388048384.0,123230757.0,54.793,Real Estate,"Sun Communities, Inc.",2.30741,0.22341499776806018,forecast_icc,0.0581132953653688,0.4387939717762847,2026-06-01
SMCI,46.88,0.0,28194500608.0,601418482.0,12.597,Technology,"Super Micro Computer, Inc.",2.59537,0.24068244604815492,forecast_icc,0.10034578158852192,0.26870731718526486,2026-06-01
SYF,70.82,1.2,23821740032.0,336370242.0,45.267,Financial Services,Synchrony Financial,9.27824,0.12965497766817857,forecast_icc,0.1314797053394,0.6391838599598567,2026-06-01
SNPS,492.29,0.0,94263361536.0,191479325.0,159.201,Technology,"Synopsys, Inc.",14.77682,0.16523582205102305,forecast_icc,0.05508178566349875,0.32338863713960597,2026-06-01
SYY,73.72,2.2,35251621888.0,478182608.0,4.767,Consumer Defensive,Sysco Corporation,4.58638,0.07967503782939933,forecast_icc,0.0778416589141645,0.06466359192148158,2026-06-01
TMUS,186.74,4.08,202090905600.0,1082204717.0,53.484,Communication Services,"T-Mobile US, Inc.",10.50429,0.28929227963051307,forecast_icc,0.12809593770758887,0.28640891539469654,2026-06-01
TTWO,226.98,0.0,42142617600.0,185666663.0,18.885,Communication Services,"Take-Two Interactive Software, ",1.7245,0.75,forecast_icc,0.08274235958800177,0.08320116619322195,2026-06-01
TLN,377.2,0.0,17236158464.0,45395007.0,23.637,Utilities,Talen Energy Corporation,23.4675,0.45744114200490027,forecast_icc,0.16069431467983064,0.062252954026856176,2026-06-01
TPR,138.81,1.6,28045828096.0,202044714.0,3.373,Consumer Cyclical,"Tapestry, Inc.",6.97137,0.10650273905989782,forecast_icc,0.06814886669759035,0.02429940089446664,2026-06-01
TRGP,259.08,4.25,55609937920.0,214643903.0,14.292,Energy,"Targa Resources, Inc.",11.35174,0.08402148040740887,forecast_icc,0.05865015028526177,0.05516443240935019,2026-06-01
TGT,123.71,4.56,56187981824.0,454191112.0,35.697,Consumer Defensive,Target Corporation,8.33707,0.06740137722245332,forecast_icc,0.08059885680602574,0.288553879294855,2026-06-01
SNX,270.5,1.92,21809438720.0,80391093.0,110.043,Technology,TD SYNNEX Corporation,16.90389,0.10187595872902633,forecast_icc,0.07522614949213421,0.4056260759652874,2026-06-01
FTI,68.43,0.2,27283171328.0,398701897.0,8.435,Energy,TechnipFMC plc,2.95832,0.17410557343357036,forecast_icc,0.07361642904048582,0.12326464767472212,2026-06-01
TDY,609.47,0.0,28236216320.0,46329138.0,227.645,Technology,Teledyne Technologies Incorpora,24.16271,0.07835420778546776,forecast_icc,0.04824352388813748,0.37351309752290496,2026-06-01
TFX,127.57,1.36,5647550976.0,44270211.0,69.683,Healthcare,Teleflex Incorporated,6.7,0.5616014925373134,forecast_icc,0.18425343804360694,0.5462334251116285,2026-06-01
THC,170.09,0.0,14651041792.0,86137000.0,48.533,Healthcare,Tenet Healthcare Corporation,17.80731,0.01,forecast_icc,0.06596062903138067,0.2853371849149115,2026-06-01
TDC,36.83,0.0,3465703168.0,94100000.0,2.486,Technology,Teradata Corporation,2.65025,0.08290161305537191,forecast_icc,0.07411467926951601,0.06749931793350862,2026-06-01
TER,369.47,0.52,57837633536.0,156542162.0,17.911,Technology,"Teradyne, Inc.",7.17873,0.32519540364382005,forecast_icc,0.06565601059982762,0.04847754813199279,2026-06-01
TSLA,415.88,0.0,1561930366976.0,3755723871.0,21.897,Consumer Cyclical,"Tesla, Inc.",2.04835,0.22522518124343982,forecast_icc,0.01843895328991685,0.05265220994614969,2026-06-01
TTEK,28.3,0.29,7344548864.0,259524699.0,7.079,Industrials,"Tetra Tech, Inc.",1.54296,0.11196012858402038,forecast_icc,0.07273889841048783,0.2501413467648215,2026-06-01
TXN,293.2,5.68,266839212032.0,910092791.0,18.437,Technology,Texas Instruments Incorporated,7.68535,0.163767427638299,forecast_icc,0.05808331839351255,0.0628819904686826,2026-06-01
TPL,368.23,2.4,25398456320.0,68974429.0,22.558,Energy,Texas Pacific Land Corporation,9.09854,0.11203116104342015,forecast_icc,0.04122214948909435,0.06126061953445523,2026-06-01
TXRH,175.4,3.0,11528974336.0,65729615.0,23.045,Consumer Cyclical,"Texas Roadhouse, Inc.",6.40878,0.1932754752074497,forecast_icc,0.07725855343426219,0.13138540632752782,2026-06-01
TXT,89.59,0.08,15578713088.0,173888981.0,46.026,Industrials,Textron Inc.,6.51176,0.12054498323034024,forecast_icc,0.08541954415794117,0.5137403965460334,2026-06-01
TMO,494.04,1.88,183595876352.0,371621465.0,141.956,Healthcare,Thermo Fisher Scientific Inc,24.86452,0.09788485762041677,forecast_icc,0.06319485390061674,0.2873370455466949,2026-06-01
TFSL,15.66,1.13,4391566848.0,280432141.0,6.894,Financial Services,TFS Financial Corporation,0.335,0.10447761194029836,forecast_icc,0.04046519215515394,0.4402299331807872,2026-06-01
THO,77.75,2.08,4089333760.0,52595933.0,82.198,Consumer Cyclical,"Thor Industries, Inc.",4.08836,0.3612744474557037,forecast_icc,0.14775957710019394,1.0572090111651828,2026-06-01
TKR,126.54,1.44,8793835520.0,69494510.0,46.161,Industrials,Timken Company (The),6.1387,0.1799876195285648,forecast_icc,0.0847063239226592,0.36479373179247276,2026-06-01
TJX,152.75,1.92,168743600128.0,1104704446.0,9.204,Consumer Cyclical,"TJX Companies, Inc. (The)",5.20603,0.09716617076736012,forecast_icc,0.05095363472270159,0.06025532057672896,2026-06-01
TKO,208.47,3.12,15628510208.0,74967673.0,45.035,Communication Services,"TKO Group Holdings, Inc.",4.49406,0.09653854198653322,forecast_icc,0.03758830730674567,0.21602629480491298,2026-06-01
TOST,27.74,0.0,16089199616.0,516000000.0,3.431,Technology,"Toast, Inc.",1.34178,0.26551297530146534,forecast_icc,0.0983603400489178,0.11003630026688334,2026-06-01
TOL,138.38,1.01,12934517760.0,93471000.0,88.734,Consumer Cyclical,"Toll Brothers, Inc.",12.783,0.10595400140812017,forecast_icc,0.0970275398588879,0.6412342437419174,2026-06-01
BLD,412.19,0.0,11600907264.0,28144562.0,85.79,Industrials,TopBuild Corp.,18.19843,0.15282087520736698,forecast_icc,0.0686183395843486,0.2081321675135494,2026-06-01
TTC,89.98,1.56,8771308544.0,96932941.0,14.641,Industrials,Toro Company (The),4.532,0.12135922330097082,forecast_icc,0.07453286508783574,0.16179971119038997,2026-06-01
TPG,43.28,2.24,16633037824.0,153854054.0,7.421,Financial Services,TPG Inc.,2.88749,0.2735282200111515,forecast_icc,0.1576840549580859,0.06864356029339118,2026-06-01
TSCO,31.78,0.96,16667009024.0,524449616.0,4.898,Consumer Cyclical,Tractor Supply Company,2.1276,0.08526978755405135,forecast_icc,0.0832901810457588,0.15412208726047186,2026-06-01
TTD,23.22,0.0,10915915776.0,426999732.0,5.22,Communication Services,"The Trade Desk, Inc.",1.84989,0.16167988366875852,forecast_icc,0.10147589185451056,0.20419162686657943,2026-06-01
TW,100.19,0.56,21844027392.0,116035961.0,30.634,Financial Services,Tradeweb Markets Inc.,4.04958,0.1288726238276563,forecast_icc,0.061822365903803356,0.16272849165973066,2026-06-01
TT,448.47,4.2,99136749568.0,221055477.0,38.737,Industrials,Trane Technologies plc,14.89393,0.14305425095995483,forecast_icc,0.05846093340258307,0.08637590045934923,2026-06-01
TDG,1238.41,0.0,69268709376.0,55933583.0,-164.367,Industrials,Transdigm Group Incorporated,40.01632,0.17157249842064437,forecast_icc,0.05915564162362999,,2026-06-01
TRU,73.51,0.5,14172728320.0,192800000.0,23.073,Financial Services,TransUnion,4.78026,0.168310928694255,forecast_icc,0.09490950985080285,0.3138756560882132,2026-06-01
TNL,68.78,2.4,4293559040.0,62424529.0,-15.557,Consumer Cyclical,Travel   Leisure Co.,7.35902,0.1510486450641524,forecast_icc,0.13480913624730817,,2026-06-01
TRV,288.93,5.0,61439426560.0,212644693.0,150.452,Financial Services,"The Travelers Companies, Inc.",28.1072,0.015682814367848685,forecast_icc,0.07063925996571185,0.5207213208605181,2026-06-01
TREX,41.56,0.0,4318031360.0,103898729.0,9.781,Industrials,"Trex Company, Inc.",1.67708,0.10554654518567985,forecast_icc,0.054689852156709545,0.2353464770457341,2026-06-01
TRMB,58.15,0.0,13555435520.0,233111519.0,24.73,Technology,Trimble Inc.,3.58773,0.1362839455588909,forecast_icc,0.08071158720644875,0.4252794280467353,2026-06-01
TFC,46.87,2.08,58394349568.0,1245879000.0,47.742,Financial Services,Truist Financial Corporation,4.54714,0.12707548041186345,forecast_icc,0.12527731738248626,1.0186046365450974,2026-06-01
TWLO,227.54,0.0,34534621184.0,151773860.0,51.175,Technology,Twilio Inc.,5.70236,0.15747164331960817,forecast_icc,0.047204347180423434,0.22490553013792688,2026-06-01
TYL,329.83,0.0,13569388544.0,41140555.0,85.87,Technology,"Tyler Technologies, Inc.",12.65486,0.1347197835456102,forecast_icc,0.05879497098788153,0.26034625262551553,2026-06-01
TSN,59.93,2.04,21103116288.0,282120397.0,51.396,Consumer Defensive,"Tyson Foods, Inc.",4.08124,0.11705266046593676,forecast_icc,0.09613075787749448,0.6870956747017097,2026-06-01
UHAL,56.66,0.0,10764146688.0,19607788.0,40.269,Industrials,U-Haul Holding Company,0.77,,forecast_icc,0.010000000000000002,0.07335333100321273,2026-06-01
UHAL-B,50.54,0.2,9709027328.0,170370092.0,40.269,Industrials,U-Haul Holding Company Series N,1.30075,0.04,forecast_icc,0.030509733765931787,0.7066241553324836,2026-06-01
USB,53.55,2.06,83125649408.0,1552299745.0,37.537,Financial Services,U.S. Bancorp,5.10555,0.10690131327672825,forecast_icc,0.1137417561547901,0.700971071420673,2026-06-01
UBER,73.77,0.0,150166126592.0,2035599013.0,13.077,Technology,"Uber Technologies, Inc.",2.93932,0.510369745383286,forecast_icc,0.1400310130429709,0.17726719665165244,2026-06-01
UI,575.45,3.2,34827431936.0,60522085.0,16.786,Technology,Ubiquiti Inc.,15.252,0.1299501704694468,forecast_icc,0.04630900782254975,0.02917021618696704,2026-06-01
UDR,36.6,1.73,13560871936.0,324915653.0,9.886,Real Estate,"UDR, Inc.",0.86261,0.01,forecast_icc,0.026263891247748944,0.23686649064436674,2026-06-01
UGI,33.56,1.5,7195053056.0,214393712.0,25.276,Utilities,UGI Corporation,2.91,0.1477663230240549,forecast_icc,0.12601412441024606,0.753158513541891,2026-06-01
PATH,13.1,0.0,6817808384.0,455752691.0,3.878,Technology,"UiPath, Inc.",0.7842,0.1517597551644987,forecast_icc,0.08304928143613488,0.2592341755813711,2026-06-01
ULTA,500.77,0.0,21901991936.0,43560416.0,63.475,Consumer Cyclical,"Ulta Beauty, Inc.",28.60757,0.10836012985374155,forecast_icc,0.06998252406614924,0.1262441066401459,2026-06-01
RARE,22.85,0.0,2250478848.0,98489224.0,-0.83,Healthcare,Ultragenyx Pharmaceutical Inc.,0.96525,0.04,forecast_icc,0.04169663444430119,,2026-06-01
UAA,5.54,0.0,2361839872.0,188839506.0,3.37,Consumer Cyclical,"Under Armour, Inc.",0.10804,0.75,forecast_icc,0.13753746202340167,0.26944635102679815,2026-06-01
UA,5.36,0.0,2285101568.0,203035386.0,3.37,Consumer Cyclical,"Under Armour, Inc.",0.38,0.04,forecast_icc,0.060751530073712076,0.2994305637884014,2026-06-01
UNP,263.5,5.52,156443426816.0,593713213.0,31.129,Industrials,Union Pacific Corporation,12.57311,0.08847771156062412,forecast_icc,0.06498400378322802,0.11813662602273561,2026-06-01
UAL,111.76,0.0,36273913856.0,324569728.0,48.58,Industrials,"United Airlines Holdings, Inc.",9.27295,0.5332132708577098,forecast_icc,0.20413473921802183,0.43468144763297745,2026-06-01
UPS,109.02,6.56,92667682816.0,746581816.0,19.113,Industrials,"United Parcel Service, Inc.",7.1327,0.12192577845696584,forecast_icc,0.11026239427640838,0.15398483932679324,2026-06-01
URI,997.82,7.88,62509985792.0,62646557.0,142.133,Industrials,"United Rentals, Inc.",47.07482,0.14371462280684222,forecast_icc,0.0729408658559797,0.14244353079377198,2026-06-01
UTHR,544.62,0.0,23117338624.0,42446733.0,139.982,Healthcare,United Therapeutics Corporation,27.31271,0.15772070951582617,forecast_icc,0.07565227443338121,0.257026930108527,2026-06-01
UWMC,3.01,0.4,4863281664.0,339225520.0,0.743,Financial Services,UWM Holdings Corporation,0.40184,0.2781455305594267,forecast_icc,0.27737475943333945,0.05182602587584777,2026-06-01
UNH,379.86,8.84,344967708672.0,908144404.0,107.798,Healthcare,UnitedHealth Group Incorporated,18.37334,0.13591377506757074,forecast_icc,0.07924479302137957,0.2837835194466651,2026-06-01
U,32.17,0.0,14043330560.0,436534997.0,7.479,Technology,Unity Software Inc.,1.031,0.2955480116391853,forecast_icc,0.08263448310964094,0.23248368530627256,2026-06-01
OLED,95.34,2.0,4457229824.0,46750891.0,36.448,Technology,Universal Display Corporation,4.2763,0.168683207445689,forecast_icc,0.08302978433008101,0.38229495503976957,2026-06-01
UHS,144.69,0.8,8759005184.0,53287606.0,123.312,Healthcare,"Universal Health Services, Inc.",23.39235,0.08358031578699876,forecast_icc,0.12380773132598077,0.7501994956088383,2026-06-01
UNM,83.43,1.84,13330131968.0,159776235.0,67.106,Financial Services,Unum Group,8.77415,0.11042437159155005,forecast_icc,0.11284105188230609,0.8043389256497119,2026-06-01
USFD,81.23,0.0,17888606208.0,220221656.0,19.533,Consumer Defensive,US Foods Holding Corp.,4.71491,0.17008596134390697,forecast_icc,0.08595740189007628,0.24046533064852632,2026-06-01
MTN,133.58,8.88,4759863296.0,35633051.0,8.47,Consumer Cyclical,"Vail Resorts, Inc.",4.78695,0.4652983632584422,forecast_icc,0.16233278853095856,0.06340769118802861,2026-06-01
VLO,252.52,4.8,74981466112.0,296932782.0,79.364,Energy,Valero Energy Corporation,29.26591,0.01,forecast_icc,0.07652209639225468,0.3142879771842251,2026-06-01
VMI,528.74,2.9,10264774656.0,19413651.0,83.582,Industrials,"Valmont Industries, Inc.",22.79237,0.11304967407952748,forecast_icc,0.06090056348960991,0.1580776814163703,2026-06-01
VVV,33.43,0.0,4263531264.0,127536079.0,2.769,Consumer Cyclical,Valvoline Inc.,1.74868,0.18005581352791822,forecast_icc,0.08293924113581197,0.0828297908198475,2026-06-01
VEEV,188.66,0.0,30789068800.0,163198698.0,44.052,Healthcare,Veeva Systems Inc.,8.84858,0.11684586679444608,forecast_icc,0.06326144166363845,0.2334993984714471,2026-06-01
VTR,81.71,2.0,39724929024.0,486169723.0,27.001,Real Estate,"Ventas, Inc.",0.535,0.5825607476635515,forecast_icc,0.06388560764443685,0.3304491414646008,2026-06-01
VLTO,83.6,0.52,20532099072.0,245599266.0,12.235,Industrials,Veralto Corp,4.24962,0.09446021056000298,forecast_icc,0.06364460276383577,0.14635167154476897,2026-06-01
VRSN,296.59,3.24,26989688832.0,91000000.0,-24.296,Technology,"VeriSign, Inc.",9.47795,0.09281964981878987,forecast_icc,0.04724972933141214,,2026-06-01
VRSK,183.97,2.0,24104087552.0,131021840.0,2.233,Industrials,"Verisk Analytics, Inc.",7.64958,0.13174056614872964,forecast_icc,0.06580179564253197,0.012137848739921471,2026-06-01
VZ,47.73,2.83,199299432448.0,4175558910.0,24.77,Communication Services,Verizon Communications Inc.,4.97177,0.06074697743459567,forecast_icc,0.1111924852437346,0.5189608065125121,2026-06-01
VSNT,42.61,1.5,6029230592.0,141120240.0,71.389,Communication Services,"Versant Media Group, Inc.",4.329,0.6385354585354586,forecast_icc,0.2927416540144615,1.6709317481947783,2026-06-01
VGNT,44.67,0.0,3166819840.0,70893660.0,,Consumer Cyclical,Versigent PLC,6.92795,0.10076573878275674,forecast_icc,0.1250857258550141,,2026-06-01
VRTX,438.4,0.0,111268298752.0,253805417.0,76.179,Healthcare,Vertex Pharmaceuticals Incorpor,19.14625,0.12145929359535179,forecast_icc,0.06128423944329278,0.17376596100149747,2026-06-01
VRT,323.39,0.25,124216950784.0,384108816.0,10.303,Industrials,"Vertiv Holdings, LLC",6.48942,0.3617226192787646,forecast_icc,0.07265215555594154,0.03185936465410122,2026-06-01
VFC,16.7,0.36,6542554112.0,391769705.0,9.454,Consumer Cyclical,V.F. Corporation,1.12385,0.2334920140588157,forecast_icc,0.12336021782966344,0.566107781099847,2026-06-01
VTRS,15.81,0.48,18411579392.0,1164552654.0,12.779,Healthcare,Viatris Inc.,2.45688,0.08806290905538727,forecast_icc,0.13385842777072826,0.8082858101751057,2026-06-01
VICI,27.77,1.78,29902186496.0,1076780187.0,26.369,Real Estate,VICI Properties Inc.,2.895,0.013816925734024155,forecast_icc,0.09032180476693108,0.9495498516404878,2026-06-01
VIK,91.84,0.0,40975069184.0,318386000.0,2.454,Consumer Cyclical,Viking Holdings Ltd,3.29501,0.3148852355531546,forecast_icc,0.09238789135298997,0.019068161678787124,2026-06-01
VNOM,45.61,2.31,16373749760.0,194215015.0,26.319,Energy,"Viper Energy, Inc.",2.66365,0.01,forecast_icc,0.05724963191860477,0.31217925366565513,2026-06-01
VIRT,51.55,0.96,11092430848.0,87024431.0,18.633,Financial Services,"Virtu Financial, Inc.",6.43023,0.01,forecast_icc,0.08013676309338347,0.14618312658810637,2026-06-01
V,322.77,2.68,613825839104.0,1659709932.0,20.034,Financial Services,Visa Inc.,13.11301,0.13253555057153155,forecast_icc,0.06393622031405044,0.054169483686486476,2026-06-01
VST,154.76,0.92,52182355968.0,337182468.0,7.753,Utilities,Vistra Corp.,9.5502,0.1435195074448703,forecast_icc,0.08516880927346826,0.05009692693842918,2026-06-01
VNT,28.46,0.1,4007167744.0,140800000.0,8.75,Technology,Vontier Corporation,3.39529,0.09117630600037097,forecast_icc,0.10584257184613527,0.30744907094161317,2026-06-01
VNO,33.38,0.74,6835957760.0,188097756.0,25.708,Real Estate,Vornado Realty Trust,0.25,0.04,forecast_icc,0.012080943957958015,0.7073796066358374,2026-06-01
VOYA,81.57,1.86,7395651072.0,90666315.0,52.78,Financial Services,"Voya Financial, Inc.",9.45869,0.1661530296478686,forecast_icc,0.13877981945105644,0.6470516333331957,2026-06-01
VMC,281.56,2.08,36533784576.0,129754885.0,65.276,Basic Materials,Vulcan Materials Company (Holdi,9.25806,0.16954847991911914,forecast_icc,0.06265764188111389,0.2318369140114787,2026-06-01
WPC,72.87,3.72,16230999040.0,222739105.0,37.045,Real Estate,W. P. Carey Inc. REIT,3.01683,0.1477975225650765,forecast_icc,0.0849942474520119,0.5083710574062729,2026-06-01
WRB,64.35,0.36,23956006912.0,372276732.0,26.132,Financial Services,W.R. Berkley Corporation,4.67475,0.032553612492646655,forecast_icc,0.06096660494622495,0.4060916995207119,2026-06-01
GWW,1243.03,9.27,58687324160.0,47213119.0,83.215,Industrials,"W.W. Grainger, Inc.",45.5791,0.10657340754863531,forecast_icc,0.053849665840675534,0.06694528595091087,2026-06-01
WAB,256.01,1.24,43439099904.0,169677346.0,65.311,Industrials,Westinghouse Air Brake Technolo,10.61696,0.14245414883356444,forecast_icc,0.0655971168645485,0.255111113469125,2026-06-01
WMT,114.6,0.99,911995830272.0,7958079155.0,12.501,Consumer Defensive,Walmart Inc.,2.9081,0.13118187132491999,forecast_icc,0.046176177921579145,0.10908377452447805,2026-06-01
DIS,102.85,1.5,178600198144.0,1736511424.0,62.297,Communication Services,Walt Disney Company (The),6.81655,0.09945646991513302,forecast_icc,0.08042948658187549,0.6057073469409375,2026-06-01
WM,212.51,3.54,85338857472.0,401575752.0,24.911,Industrials,"Waste Management, Inc.",8.20434,0.127137588154562,forecast_icc,0.06407085790847239,0.11722272660322687,2026-06-01
WAT,378.16,0.0,37129965568.0,98185855.0,43.011,Healthcare,Waters Corporation,14.50176,0.13189019815525826,forecast_icc,0.058192598395736025,0.1137375633077506,2026-06-01
WSO,359.47,13.2,14615164928.0,35003793.0,67.936,Industrials,"Watsco, Inc.",12.9095,0.09484333242960608,forecast_icc,0.06152732646813319,0.16270891864464357,2026-06-01
W,72.6,0.0,9582945280.0,111018505.0,-21.344,Consumer Cyclical,Wayfair Inc.,2.76727,0.3468038897541621,forecast_icc,0.10238502221678669,,2026-06-01
WFRD,102.71,1.1,7387450368.0,71925332.0,24.451,Energy,Weatherford International plc,5.96827,0.2562903487945418,forecast_icc,0.11357379492918473,0.23805862714826162,2026-06-01
WBS,72.38,1.6,11727477760.0,162026498.0,57.118,Financial Services,Webster Financial Corporation,6.54806,0.11911466907755885,forecast_icc,0.10672577374579495,0.7891406577064359,2026-06-01
WEC,108.6,3.81,35373805568.0,325725678.0,41.829,Utilities,"WEC Energy Group, Inc.",5.59444,0.07495120155011059,forecast_icc,0.07014400884728744,0.3851657792054838,2026-06-01
WFC,77.17,1.8,236154814464.0,3060189494.0,53.194,Financial Services,Wells Fargo & Company,6.98347,0.12735932136888972,forecast_icc,0.11004227178237669,0.6893093427432585,2026-06-01
WELL,197.36,2.96,139319279616.0,705914450.0,60.487,Real Estate,Welltower Inc.,2.97,0.13131313131313127,forecast_icc,0.034145617189170197,0.30648053488963284,2026-06-01
WEN,7.85,0.56,1495272960.0,190480640.0,0.617,Consumer Cyclical,Wendy's Company (The),0.57425,0.11653461036134094,forecast_icc,0.12110892687758856,0.07859872947879697,2026-06-01
WCC,355.69,2.0,17323843584.0,48704892.0,103.407,Industrials,"WESCO International, Inc.",16.0705,0.17028717214772415,forecast_icc,0.07609177546034396,0.2907222489410812,2026-06-01
WST,316.3,0.88,22345832448.0,70647595.0,42.178,Healthcare,"West Pharmaceutical Services, I",8.62022,0.10824433715148807,forecast_icc,0.04243585669835684,0.13334809830173483,2026-06-01
WAL,78.4,1.68,8560132608.0,109185360.0,68.061,Financial Services,Western Alliance Bancorporation,9.31464,0.23544441867855337,forecast_icc,0.16309460994418445,0.8681249610566781,2026-06-01
WDC,546.2,0.6,188265398272.0,344682131.0,20.915,Technology,Western Digital Corporation,9.92601,0.75,forecast_icc,0.13464810924264403,0.03829183076674356,2026-06-01
WU,8.15,0.94,2546345984.0,312435104.0,3.034,Financial Services,Western Union Company (The),1.75155,0.09537266992092719,forecast_icc,0.20873983891387782,0.372269955258366,2026-06-01
WLK,86.38,2.12,11067259904.0,128122944.0,68.735,Basic Materials,Westlake Corporation,3.85248,0.01,forecast_icc,0.040333368164789524,0.7957281777269085,2026-06-01
WEX,149.42,0.0,5180113920.0,34668143.0,35.991,Technology,WEX Inc.,19.29514,0.05240490610588999,forecast_icc,0.09524522462574259,0.24087136962289046,2026-06-01
WY,23.71,0.84,17095919616.0,721042609.0,13.091,Real Estate,Weyerhaeuser Company,0.32324,0.75,forecast_icc,0.14018108663319195,0.5521299237734436,2026-06-01
WHR,42.44,4.45,2751093248.0,64823121.0,58.185,Consumer Cyclical,Whirlpool Corporation,2.86911,0.7053302243552879,forecast_icc,0.3243615476455807,1.370994348565607,2026-06-01
WTM,2062.03,1.0,5106968064.0,2476670.0,2217.375,Financial Services,White Mountains Insurance Group,90.0,0.04,forecast_icc,0.0428587126084089,1.0753359082000322,2026-06-01
WMB,70.04,2.1,85658796032.0,1222998265.0,10.452,Energy,"Williams Companies, Inc. (The)",2.38226,0.07790081687137418,forecast_icc,0.05272342237229451,0.14922901625893356,2026-06-01
WSM,202.14,3.04,23801298944.0,117746611.0,17.534,Consumer Cyclical,"Williams-Sonoma, Inc.",9.35478,0.09079422498444645,forecast_icc,0.062049413981032475,0.08674186573310744,2026-06-01
WTW,257.04,3.84,24276908032.0,94447976.0,83.887,Financial Services,Willis Towers Watson Public Lim,19.50171,0.13699567884047092,forecast_icc,0.09871473904068889,0.3263577615513702,2026-06-01
WSC,25.18,0.28,4557446144.0,180994679.0,4.726,Industrials,WillScot Holdings Corporation,1.10631,0.23238513617340528,forecast_icc,0.09208613214554254,0.18768863655802753,2026-06-01
WING,158.16,1.2,4307100672.0,27232553.0,-26.806,Consumer Cyclical,Wingstop Inc.,4.56775,0.22493350117672795,forecast_icc,0.06835606131949634,,2026-06-01
WTFC,147.08,2.1,9920217088.0,67447756.0,102.034,Financial Services,Wintrust Financial Corporation,13.02518,0.06445822629706455,forecast_icc,0.08403311236173805,0.6937312232842944,2026-06-01
WWD,341.76,1.28,20363038720.0,59582861.0,42.378,Industrials,"Woodward, Inc.",9.40443,0.141742774415887,forecast_icc,0.04906250370957656,0.12399929687203386,2026-06-01
WDAY,157.23,0.0,38831636480.0,201000000.0,30.12,Technology,"Workday, Inc.",10.73076,0.17794079822864362,forecast_icc,0.09682294255823953,0.1559068983126204,2026-06-01
WH,79.12,1.68,5922961408.0,74860482.0,6.207,Consumer Cyclical,"Wyndham Hotels & Resorts, Inc.",4.79723,0.11963570643892418,forecast_icc,0.08472691758210293,0.07845045404928629,2026-06-01
WYNN,106.53,1.0,11056400384.0,103786729.0,-2.688,Consumer Cyclical,"Wynn Resorts, Limited",4.72101,0.09902965678954301,forecast_icc,0.06021194462846691,,2026-06-01
XEL,76.41,2.37,47700439040.0,624269560.0,37.859,Utilities,Xcel Energy Inc.,4.11196,0.1021337756203855,forecast_icc,0.07843312755624499,0.49547177652224816,2026-06-01
XP,16.6,0.2,8576845824.0,414924961.0,9.08312,Financial Services,XP Inc.,10.85391,0.13712385674839744,forecast_icc,0.2866911642523021,0.43941715743709747,2026-06-01
XPO,221.21,0.0,25972262912.0,117409981.0,15.912,Industrials,"XPO, Inc.",4.85699,0.22926750930102813,forecast_icc,0.05423015276465415,0.07193164584857258,2026-06-01
XYL,108.33,1.72,25749336064.0,237693493.0,47.13,Industrials,Xylem Inc.,5.52988,0.10183765289662694,forecast_icc,0.06940400144330339,0.43505954084587617,2026-06-01
YETI,47.38,0.0,3589429248.0,75758323.0,8.671,Consumer Cyclical,"YETI Holdings, Inc.",2.87713,0.14968388637287844,forecast_icc,0.08326945069616076,0.18300971361923887,2026-06-01
YUM,147.51,3.0,40656883712.0,275621202.0,-26.444,Consumer Cyclical,"Yum! Brands, Inc.",6.76155,0.10862006492594167,forecast_icc,0.06832037475031572,,2026-06-01
ZBRA,249.96,0.0,11906443264.0,47633392.0,71.719,Technology,Zebra Technologies Corporation,18.541,0.11685561728062122,forecast_icc,0.08511405743322731,0.2869218930540901,2026-06-01
ZG,36.44,0.0,8337537536.0,42360248.0,20.312,Communication Services,"Zillow Group, Inc.",2.31522,0.3154689403166868,forecast_icc,0.1271733460904631,0.10319849879665957,2026-06-01
Z,36.25,0.0,8294065664.0,180224115.0,20.312,Communication Services,"Zillow Group, Inc.",2.30512,0.30899042132296795,forecast_icc,0.12562056493602303,0.4413652329483173,2026-06-01
ZBH,82.94,0.96,16045778944.0,193462482.0,65.529,Healthcare,"Zimmer Biomet Holdings, Inc.",8.47785,0.06217850044527795,forecast_icc,0.08985738289076417,0.7900771303918818,2026-06-01
ZION,61.08,1.8,8984369152.0,147091817.0,48.181,Financial Services,Zions Bancorporation N.A.,6.49571,0.03843151864846184,forecast_icc,0.08963331375612543,0.7888178585470705,2026-06-01
ZTS,77.56,2.12,32515332096.0,419228118.0,7.839,Healthcare,Zoetis Inc.,6.89611,0.07659100565391208,forecast_icc,0.09373638405515594,0.10107014153505389,2026-06-01
ZM,111.62,0.0,32730580992.0,264645644.0,33.189,Technology,"Zoom Communications, Inc.",6.07005,0.03698157346315112,forecast_icc,0.049458046188761304,0.2683522263433948,2026-06-01
GTM,3.82,0.0,1125822976.0,294718034.0,4.977,Technology,ZoomInfo Technologies Inc.,1.10577,0.01,forecast_icc,0.1268213509411818,1.3028794814878606,2026-06-01
ZS,155.71,0.0,25179791360.0,161709525.0,14.635,Technology,"Zscaler, Inc.",4.12767,0.11380997027378625,forecast_icc,0.04169015110634716,0.0939888208182119,2026-06-01
