ticker,fetch_status,has_price,has_market_cap,has_forward_eps,has_trailing_eps,has_icc,icc_method,unavailable_reason,mktcap
A,ok,True,True,True,True,True,forecast_icc,,44082536448.0
AA,ok,True,True,True,True,True,forecast_icc,,12395827200.0
AAC,failed,True,True,False,False,False,,missing_positive_eps,498141024.0
AAC-U,failed,False,False,False,False,False,,missing_price,
AAC-W,failed,False,False,False,False,False,,missing_price,
AACG,failed,True,True,False,False,False,,missing_positive_eps,36407272.0
AACI,failed,True,True,False,False,False,,missing_positive_eps,341999808.0
AACO,failed,True,True,False,False,False,,missing_positive_eps,313303072.0
AACP,failed,True,True,False,False,False,,missing_positive_eps,294245376.0
AADX,ok,True,True,True,False,True,forecast_icc,,2189397760.0
AAL,ok,True,True,True,False,True,forecast_icc,,8565890560.0
AAME,ok,True,True,False,True,True,trailing_eps_fallback_icc,,28556118.0
AAMI,ok,True,True,True,True,True,forecast_icc,,3213276160.0
AAOI,ok,True,True,True,False,True,forecast_icc,,8325910528.0
AAON,ok,True,True,True,True,True,forecast_icc,,6301931520.0
AAP,ok,True,True,True,True,True,forecast_icc,,2532620032.0
AAPG,failed,True,True,False,False,False,,missing_positive_eps,1435388032.0
AAPL,ok,True,True,True,True,True,forecast_icc,,4918238773248.0
AARD,failed,True,True,False,False,False,,missing_positive_eps,121023200.0
AAT,ok,True,True,True,True,True,forecast_icc,,1716972672.0
AAUC,failed,True,True,False,False,False,,missing_positive_eps,3000160000.0
ABAT,failed,True,True,False,False,False,,missing_positive_eps,319374176.0
ABBV,ok,True,True,True,True,True,forecast_icc,,466554290176.0
ABCB,ok,True,True,True,True,True,forecast_icc,,5569901056.0
ABCL,failed,True,True,False,False,False,,missing_positive_eps,4125122816.0
ABEO,failed,True,True,False,False,False,,missing_positive_eps,319658656.0
ABEV,ok,True,True,True,True,True,forecast_icc,,45941133312.0
ABG,ok,True,True,True,True,True,forecast_icc,,3373344512.0
ABLV,failed,True,True,False,False,False,,missing_positive_eps,41971552.0
ABM,ok,True,True,True,True,True,forecast_icc,,2889699328.0
ABNB,ok,True,True,True,True,True,forecast_icc,,99356499968.0
ABOS,failed,True,True,False,False,False,,missing_positive_eps,185855424.0
ABR,ok,True,True,True,True,True,forecast_icc,,908222592.0
ABSI,failed,True,True,False,False,False,,missing_positive_eps,1590861952.0
ABT,ok,True,True,True,True,True,forecast_icc,,176897097728.0
ABTC,ok,True,True,True,False,True,forecast_icc,,1075668096.0
ABTS,failed,True,True,False,False,False,,missing_positive_eps,4579620.0
ABUS,ok,True,True,True,True,True,forecast_icc,,1004396160.0
ABVC,failed,True,True,False,False,False,,missing_positive_eps,30652518.0
ABVX,failed,True,True,False,False,False,,missing_positive_eps,9335283712.0
ABX,ok,True,True,True,True,True,forecast_icc,,886975680.0
ACA,ok,True,True,True,True,True,forecast_icc,,7142584832.0
ACAA,failed,True,True,False,False,False,,missing_positive_eps,356468288.0
ACAD,ok,True,True,True,True,True,forecast_icc,,4729786880.0
ACB,failed,True,True,False,False,False,,missing_positive_eps,243743728.0
ACCL,ok,True,True,False,True,True,trailing_eps_fallback_icc,,41152204.0
ACCO,ok,True,True,True,True,True,forecast_icc,,401537920.0
ACCS,ok,True,True,True,False,True,forecast_icc,,19289612.0
ACDC,failed,True,True,False,False,False,,missing_positive_eps,921541184.0
ACEL,ok,True,True,True,True,True,forecast_icc,,929665216.0
ACET,failed,True,True,False,False,False,,missing_positive_eps,84347024.0
ACFN,ok,True,True,False,True,True,trailing_eps_fallback_icc,,54014752.0
ACGC,failed,True,True,False,False,False,,missing_positive_eps,292750720.0
ACGL,ok,True,True,True,True,True,forecast_icc,,32996855808.0
ACH,ok,True,True,True,False,True,forecast_icc,,79211840.0
ACHC,ok,True,True,True,False,True,forecast_icc,,2682218752.0
ACHR,failed,True,True,False,False,False,,missing_positive_eps,4158144768.0
ACHV,failed,True,True,False,False,False,,missing_positive_eps,813958656.0
ACI,ok,True,True,True,True,True,forecast_icc,,6095690752.0
ACIC,ok,True,True,True,True,True,forecast_icc,,433461472.0
ACIU,ok,True,True,True,False,True,forecast_icc,,266464176.0
ACIW,ok,True,True,True,True,True,forecast_icc,,5166888960.0
ACLS,ok,True,True,True,True,True,forecast_icc,,3230203648.0
ACM,ok,True,True,True,True,True,forecast_icc,,8160640000.0
ACMR,ok,True,True,True,True,True,forecast_icc,,4720125952.0
ACN,ok,True,True,True,True,True,forecast_icc,,116446453760.0
ACNB,ok,True,True,True,True,True,forecast_icc,,651485696.0
ACNT,ok,True,True,True,False,True,forecast_icc,,133700280.0
ACOG,failed,True,True,False,False,False,,missing_positive_eps,192734144.0
ACON,failed,True,True,False,False,False,,missing_positive_eps,7609459.0
ACP,ok,True,True,False,True,True,trailing_eps_fallback_icc,,587202752.0
ACR,ok,True,True,True,False,True,forecast_icc,,95200200.0
ACRE,ok,True,True,True,False,True,forecast_icc,,241897648.0
ACRS,failed,True,True,False,False,False,,missing_positive_eps,794874048.0
ACRV,failed,True,True,False,False,False,,missing_positive_eps,72850712.0
ACT,ok,True,True,True,True,True,forecast_icc,,6665207808.0
ACTG,failed,True,True,False,False,False,,missing_positive_eps,442068256.0
ACTU,failed,True,True,False,False,False,,missing_positive_eps,23898934.0
ACU,ok,True,True,True,True,True,forecast_icc,,237466992.0
ACV,ok,True,True,False,True,True,trailing_eps_fallback_icc,,266138320.0
ACVA,ok,True,True,True,False,True,forecast_icc,,1779587584.0
ACXP,failed,True,True,False,False,False,,missing_positive_eps,5973856.0
AD,ok,True,True,True,True,True,forecast_icc,,3186749184.0
ADAC,failed,True,True,False,False,False,,missing_positive_eps,290087520.0
ADAG,failed,True,True,False,False,False,,missing_positive_eps,226273056.0
ADAM,ok,True,True,True,True,True,forecast_icc,,809367488.0
ADBE,ok,True,True,True,True,True,forecast_icc,,100436320256.0
ADBT,failed,True,False,False,False,False,,missing_positive_eps,
ADC,ok,True,True,True,True,True,forecast_icc,,8501387776.0
ADCT,failed,True,True,False,False,False,,missing_positive_eps,135327744.0
ADEA,ok,True,True,True,True,True,forecast_icc,,2748181504.0
ADGM,failed,True,True,False,False,False,,missing_positive_eps,11549439.0
ADI,ok,True,True,True,True,True,forecast_icc,,175727673344.0
ADIG,ok,True,True,True,True,True,forecast_icc,,1642978048.0
ADIL,failed,True,True,False,False,False,,missing_positive_eps,15284598.0
ADM,ok,True,True,True,True,True,forecast_icc,,42455818240.0
ADMA,ok,True,True,True,True,True,forecast_icc,,2004662784.0
ADNT,ok,True,True,True,True,True,forecast_icc,,1448295168.0
ADP,ok,True,True,True,True,True,forecast_icc,,108150808576.0
ADPT,failed,True,True,False,False,False,,missing_positive_eps,4556461056.0
ADSE,ok,True,True,True,False,True,forecast_icc,,842083008.0
ADSEW,failed,True,False,False,False,False,,missing_positive_eps,
ADSK,ok,True,True,True,True,True,forecast_icc,,45695758336.0
ADT,ok,True,True,True,True,True,forecast_icc,,5106608640.0
ADTN,ok,True,True,True,False,True,forecast_icc,,578518016.0
ADUR,failed,True,True,False,False,False,,missing_positive_eps,447650464.0
ADUS,ok,True,True,True,True,True,forecast_icc,,2204687872.0
ADV,ok,True,True,True,False,True,forecast_icc,,438877184.0
ADVB,ok,True,True,False,True,True,trailing_eps_fallback_icc,,12093614.0
ADXN,failed,True,True,False,False,False,,missing_positive_eps,4253235.0
AEAQ,failed,True,True,False,False,False,,missing_positive_eps,315621600.0
AEBI,ok,True,True,True,True,True,forecast_icc,,928134848.0
AEC,failed,True,True,False,False,False,,missing_positive_eps,74612912.0
AEE,ok,True,True,True,True,True,forecast_icc,,28764014592.0
AEF,ok,True,True,False,True,True,trailing_eps_fallback_icc,,395457856.0
AEG,ok,True,True,True,True,True,forecast_icc,,13482714112.0
AEHL,failed,True,True,False,False,False,,missing_positive_eps,13943337.0
AEHR,ok,True,True,True,False,True,forecast_icc,,2957321984.0
AEI,failed,True,True,False,False,False,,missing_positive_eps,37767852.0
AEIS,ok,True,True,True,True,True,forecast_icc,,10190032896.0
AEM,ok,True,True,True,True,True,forecast_icc,,101966692352.0
AEMD,failed,True,True,False,False,False,,missing_positive_eps,4821502.0
AENT,ok,True,True,True,True,True,forecast_icc,,247143232.0
AEO,ok,True,True,True,True,True,forecast_icc,,2498518272.0
AEON,failed,True,True,False,False,False,,missing_positive_eps,12286132.0
AEP,ok,True,True,True,True,True,forecast_icc,,66209611776.0
AER,ok,True,True,True,True,True,forecast_icc,,22529191936.0
AERO,ok,True,True,True,True,True,forecast_icc,,2159370496.0
AERT,ok,True,True,False,True,True,trailing_eps_fallback_icc,,37265872.0
AES,ok,True,True,True,True,True,forecast_icc,,10594564096.0
AESI,ok,True,True,True,False,True,forecast_icc,,1676232960.0
AESP,failed,True,True,False,False,False,,missing_positive_eps,213246736.0
AEVA,failed,True,True,False,False,False,,missing_positive_eps,1063012864.0
AEXA,failed,True,True,False,False,False,,missing_positive_eps,551486912.0
AEYE,ok,True,True,True,False,True,forecast_icc,,94523952.0
AFCG,ok,True,True,True,True,True,forecast_icc,,77966584.0
AFG,ok,True,True,True,True,True,forecast_icc,,11846988800.0
AFJK,ok,True,True,False,True,True,trailing_eps_fallback_icc,,38280956.0
AFL,ok,True,True,True,True,True,forecast_icc,,58456629248.0
AFRI,failed,True,True,False,False,False,,missing_positive_eps,304421472.0
AFRM,ok,True,True,True,True,True,forecast_icc,,23713964032.0
AFYA,ok,True,True,True,True,True,forecast_icc,,1206842880.0
AG,ok,True,True,True,True,True,forecast_icc,,9606745088.0
AGBK,ok,True,True,True,True,True,forecast_icc,,1629046656.0
AGCC,ok,True,True,False,True,True,trailing_eps_fallback_icc,,285742720.0
AGCO,ok,True,True,True,True,True,forecast_icc,,8513757184.0
AGD,ok,True,False,False,True,True,trailing_eps_fallback_icc,,
AGEN,ok,True,True,True,True,True,forecast_icc,,326069024.0
AGI,ok,True,True,True,True,True,forecast_icc,,14969295872.0
AGIG,failed,True,True,False,False,False,,missing_positive_eps,51214368.0
AGIO,failed,True,True,False,False,False,,missing_positive_eps,2006580224.0
AGL,ok,True,True,True,False,True,forecast_icc,,1497272192.0
AGM,ok,True,True,True,True,True,forecast_icc,,2423413248.0
AGM-A,ok,True,True,False,True,True,trailing_eps_fallback_icc,,1655657216.0
AGMB,failed,True,True,False,False,False,,missing_positive_eps,594915520.0
AGMH,ok,True,True,False,True,True,trailing_eps_fallback_icc,,2984991.0
AGNC,ok,True,True,True,True,True,forecast_icc,,11748121600.0
AGNT,ok,True,True,True,False,True,forecast_icc,,646746368.0
AGO,ok,True,True,True,True,True,forecast_icc,,3126042112.0
AGPU,failed,True,True,False,False,False,,missing_positive_eps,149757328.0
AGRO,ok,True,True,True,True,True,forecast_icc,,1707163264.0
AGRZ,ok,True,True,False,True,True,trailing_eps_fallback_icc,,5145285.0
AGX,ok,True,True,True,True,True,forecast_icc,,5373429248.0
AGYS,ok,True,True,True,True,True,forecast_icc,,2882913536.0
AHCO,failed,True,True,False,False,False,,missing_positive_eps,768436800.0
AHG,failed,True,True,False,False,False,,missing_positive_eps,642528128.0
AHMA,ok,True,True,False,True,True,trailing_eps_fallback_icc,,38345248.0
AHR,ok,True,True,True,True,True,forecast_icc,,11586634752.0
AHRT,failed,True,True,False,False,False,,missing_positive_eps,597514304.0
AHT,failed,True,True,False,False,False,,missing_positive_eps,19316650.0
AI,failed,True,True,False,False,False,,missing_positive_eps,1733206784.0
AIAI,failed,True,True,False,False,False,,missing_positive_eps,231773856.0
AIB,failed,True,False,False,False,False,,missing_positive_eps,
AIBZ,failed,True,True,False,False,False,,missing_positive_eps,239815120.0
AIDX,failed,True,True,False,False,False,,missing_positive_eps,6021198.0
AIFA,failed,True,True,False,False,False,,missing_positive_eps,19068338.0
AIFC,failed,True,True,False,False,False,,missing_positive_eps,72756936.0
AIFF,failed,True,True,False,False,False,,missing_positive_eps,20083604.0
AIFU,ok,True,True,True,False,True,forecast_icc,,63938368.0
AIG,ok,True,True,True,True,True,forecast_icc,,39572557824.0
AII,ok,True,True,True,True,True,forecast_icc,,524516064.0
AIIA,failed,True,True,False,False,False,,missing_positive_eps,197722496.0
AIIA-R,failed,False,False,False,False,False,,missing_price,
AIIA-U,failed,False,False,False,False,False,,missing_price,
AIIO,failed,True,True,False,False,False,,missing_positive_eps,182124432.0
AIIR,ok,True,True,True,False,True,forecast_icc,,1246203904.0
AIM,failed,True,True,False,False,False,,missing_positive_eps,8513565.0
AIMD,failed,True,True,False,False,False,,missing_positive_eps,11002269.0
AIN,ok,True,True,True,False,True,forecast_icc,,1702552576.0
AIO,ok,True,True,False,True,True,trailing_eps_fallback_icc,,846856000.0
AIOS,failed,True,True,False,False,False,,missing_positive_eps,46591200.0
AIOT,ok,True,True,True,False,True,forecast_icc,,398650976.0
AIP,ok,True,True,True,False,True,forecast_icc,,1099532544.0
AIR,ok,True,True,True,True,True,forecast_icc,,4513821184.0
AIRE,failed,True,True,False,False,False,,missing_positive_eps,8225724.0
AIRG,ok,True,True,True,False,True,forecast_icc,,66674604.0
AIRI,ok,True,True,True,False,True,forecast_icc,,13096777.0
AIRJ,failed,True,True,False,False,False,,missing_positive_eps,310259456.0
AIRO,failed,True,True,False,False,False,,missing_positive_eps,232882656.0
AIRS,failed,True,True,False,False,False,,missing_positive_eps,165818976.0
AIRT,ok,True,True,False,True,True,trailing_eps_fallback_icc,,80355968.0
AISP,ok,True,True,True,True,True,forecast_icc,,67329344.0
AIT,ok,True,True,True,True,True,forecast_icc,,11643911168.0
AIV,ok,True,True,False,True,True,trailing_eps_fallback_icc,,342488288.0
AIXC,failed,True,True,False,False,False,,missing_positive_eps,21953238.0
AIXI,failed,True,True,False,False,False,,missing_positive_eps,275519.0
AIZ,ok,True,True,True,True,True,forecast_icc,,13998578688.0
AJG,ok,True,True,True,True,True,forecast_icc,,61883281408.0
AKA,failed,True,True,False,False,False,,missing_positive_eps,114526832.0
AKAM,ok,True,True,True,True,True,forecast_icc,,15389174784.0
AKAN,failed,True,True,False,False,False,,missing_positive_eps,1590072.0
AKBA,failed,True,True,False,False,False,,missing_positive_eps,248148640.0
AKO-A,ok,True,True,False,True,True,trailing_eps_fallback_icc,,3661650432.0
AKO-B,ok,True,True,True,True,True,forecast_icc,,4819621888.0
AKR,ok,True,True,True,True,True,forecast_icc,,2815319040.0
AKTS,failed,True,True,False,False,False,,missing_positive_eps,1271461760.0
AKTX,failed,True,True,False,False,False,,missing_positive_eps,19226448.0
ALAB,ok,True,True,True,True,True,forecast_icc,,50928287744.0
ALAR,ok,True,True,True,True,True,forecast_icc,,15579510.0
ALB,ok,True,True,True,True,True,forecast_icc,,13576481792.0
ALC,ok,True,True,True,True,True,forecast_icc,,31508013056.0
ALCO,ok,True,True,False,True,True,trailing_eps_fallback_icc,,286875744.0
ALDF,ok,True,True,False,True,True,trailing_eps_fallback_icc,,323174080.0
ALDX,failed,True,True,False,False,False,,missing_positive_eps,83250456.0
ALEC,failed,True,True,False,False,False,,missing_positive_eps,206565312.0
ALF,ok,True,True,False,True,True,trailing_eps_fallback_icc,,388124992.0
ALG,ok,True,True,True,True,True,forecast_icc,,2052268032.0
ALGM,ok,True,True,True,True,True,forecast_icc,,6171771904.0
ALGN,ok,True,True,True,True,True,forecast_icc,,10635377664.0
ALGS,failed,True,True,False,False,False,,missing_positive_eps,32284366.0
ALGT,ok,True,True,True,True,True,forecast_icc,,2163099904.0
ALH,ok,True,True,True,True,True,forecast_icc,,4271977472.0
ALHC,ok,True,True,True,True,True,forecast_icc,,1804685824.0
ALIS,ok,True,True,False,True,True,trailing_eps_fallback_icc,,86685264.0
ALIT,ok,True,True,True,False,True,forecast_icc,,452448480.0
ALK,ok,True,True,True,False,True,forecast_icc,,4465240576.0
ALKS,ok,True,True,True,True,True,forecast_icc,,7836221952.0
ALKT,ok,True,True,True,False,True,forecast_icc,,2006231680.0
ALL,ok,True,True,True,True,True,forecast_icc,,63773306880.0
ALLE,ok,True,True,True,True,True,forecast_icc,,13064201216.0
ALLO,failed,True,True,False,False,False,,missing_positive_eps,597699200.0
ALLR,failed,True,True,False,False,False,,missing_positive_eps,18456440.0
ALLT,ok,True,True,True,True,True,forecast_icc,,398862048.0
ALLY,ok,True,True,True,True,True,forecast_icc,,12350507008.0
ALM,ok,True,True,True,True,True,forecast_icc,,4076232960.0
ALMR,failed,True,True,False,False,False,,missing_positive_eps,2221262336.0
ALMS,failed,True,True,False,False,False,,missing_positive_eps,1012183616.0
ALMU,failed,True,True,False,False,False,,missing_positive_eps,211335104.0
ALNT,ok,True,True,True,True,True,forecast_icc,,1684524288.0
ALNY,ok,True,True,True,True,True,forecast_icc,,32851476480.0
ALOV,failed,True,True,False,False,False,,missing_positive_eps,374812320.0
ALOY,failed,True,True,False,False,False,,missing_positive_eps,572706176.0
ALP,failed,True,True,False,False,False,,missing_positive_eps,6974316.0
ALPS,failed,True,True,False,False,False,,missing_positive_eps,66543488.0
ALPX,failed,True,True,False,False,False,,missing_positive_eps,147185376.0
ALRM,ok,True,True,True,True,True,forecast_icc,,2663144960.0
ALRS,ok,True,True,True,True,True,forecast_icc,,817124288.0
ALSN,ok,True,True,True,True,True,forecast_icc,,9889546240.0
ALT,failed,True,True,False,False,False,,missing_positive_eps,630237312.0
ALTG,failed,True,True,False,False,False,,missing_positive_eps,200247936.0
ALTI,ok,True,True,True,False,True,forecast_icc,,499018976.0
ALTO,ok,True,True,True,True,True,forecast_icc,,311825216.0
ALUB,failed,True,True,False,False,False,,missing_positive_eps,363687488.0
ALUB-U,failed,False,False,False,False,False,,missing_price,
ALUB-W,failed,False,False,False,False,False,,missing_price,
ALV,ok,True,True,True,True,True,forecast_icc,,8604640256.0
ALVO,ok,True,True,True,False,True,forecast_icc,,1905403008.0
ALX,ok,True,True,True,True,True,forecast_icc,,1264156416.0
ALXO,failed,True,True,False,False,False,,missing_positive_eps,240601968.0
ALZN,failed,True,True,False,False,False,,missing_positive_eps,8879330.0
AM,ok,True,True,True,True,True,forecast_icc,,10086821888.0
AMAC,failed,True,True,False,False,False,,missing_positive_eps,356013088.0
AMAL,ok,True,True,True,True,True,forecast_icc,,1409193984.0
AMAN,failed,True,True,False,False,False,,missing_positive_eps,103038744.0
AMAT,ok,True,True,True,True,True,forecast_icc,,331247550464.0
AMBA,ok,True,True,True,False,True,forecast_icc,,2953472512.0
AMBO,failed,True,True,False,False,False,,missing_positive_eps,6120803.0
AMBP,ok,True,True,True,True,True,forecast_icc,,2809219584.0
AMBQ,failed,True,True,False,False,False,,missing_positive_eps,1507905792.0
AMBR,ok,True,True,False,True,True,trailing_eps_fallback_icc,,138584624.0
AMC,failed,True,True,False,False,False,,missing_positive_eps,2418958592.0
AMCI,failed,True,True,False,False,False,,missing_positive_eps,77741520.0
AMCR,ok,True,True,True,True,True,forecast_icc,,19594211328.0
AMCX,ok,True,True,True,False,True,forecast_icc,,485512192.0
AMD,ok,True,True,True,True,True,forecast_icc,,889845841920.0
AME,ok,True,True,True,True,True,forecast_icc,,53720498176.0
AMG,ok,True,True,True,True,True,forecast_icc,,9107350528.0
AMGN,ok,True,True,True,True,True,forecast_icc,,205321224192.0
AMH,ok,True,True,True,True,True,forecast_icc,,12823299072.0
AMIX,failed,True,True,False,False,False,,missing_positive_eps,8388535.0
AMKR,ok,True,True,True,True,True,forecast_icc,,11913296896.0
AMLX,failed,True,True,False,False,False,,missing_positive_eps,3781698048.0
AMN,ok,True,True,True,True,True,forecast_icc,,1338121216.0
AMOD,failed,True,True,False,False,False,,missing_positive_eps,9734963.0
AMP,ok,True,True,True,True,True,forecast_icc,,48203436032.0
AMPG,ok,True,True,True,False,True,forecast_icc,,102299440.0
AMPH,ok,True,True,True,True,True,forecast_icc,,1013253824.0
AMPL,ok,True,True,True,False,True,forecast_icc,,1831471872.0
AMPX,ok,True,True,True,False,True,forecast_icc,,1393609088.0
AMPX-W,failed,False,False,False,False,False,,missing_price,
AMPY,ok,True,True,True,True,True,forecast_icc,,189041408.0
AMR,ok,True,True,True,False,True,forecast_icc,,2342199808.0
AMRC,ok,True,True,True,True,True,forecast_icc,,1257669248.0
AMRN,ok,True,True,True,False,True,forecast_icc,,292973696.0
AMRX,ok,True,True,True,True,True,forecast_icc,,6366851584.0
AMRZ,ok,True,True,True,True,True,forecast_icc,,20887089152.0
AMS,failed,True,True,False,False,False,,missing_positive_eps,9642500.0
AMSC,ok,True,True,True,True,True,forecast_icc,,1412088448.0
AMSF,ok,True,True,True,True,True,forecast_icc,,457284544.0
AMSS,failed,True,True,False,False,False,,missing_positive_eps,7834590.0
AMST,failed,True,True,False,False,False,,missing_positive_eps,6746346.0
AMT,ok,True,True,True,True,True,forecast_icc,,81813266432.0
AMTB,ok,True,True,True,True,True,forecast_icc,,1159235968.0
AMTD,ok,True,True,False,True,True,trailing_eps_fallback_icc,,67395600.0
AMTM,ok,True,True,True,True,True,forecast_icc,,4936584704.0
AMTX,failed,True,True,False,False,False,,missing_positive_eps,135678832.0
AMWL,failed,True,True,False,False,False,,missing_positive_eps,231829376.0
AMX,ok,True,True,True,True,True,forecast_icc,,68884111360.0
AMZE,ok,True,True,True,False,True,forecast_icc,,1039777.0
AMZN,ok,True,True,True,True,True,forecast_icc,,2709413953536.0
AN,ok,True,True,True,True,True,forecast_icc,,5781673984.0
ANAB,ok,True,True,True,False,True,forecast_icc,,1630242944.0
ANDE,ok,True,True,True,True,True,forecast_icc,,2447939840.0
ANDG,ok,True,True,True,True,True,forecast_icc,,6194027008.0
ANET,ok,True,True,True,True,True,forecast_icc,,251652161536.0
ANF,ok,True,True,True,True,True,forecast_icc,,5881404928.0
ANGH,failed,True,True,False,False,False,,missing_positive_eps,33875188.0
ANGI,ok,True,True,True,False,True,forecast_icc,,214948144.0
ANGO,failed,True,True,False,False,False,,missing_positive_eps,635278784.0
ANGX,failed,True,True,False,False,False,,missing_positive_eps,915105984.0
ANIK,ok,True,True,True,False,True,forecast_icc,,281443776.0
ANIP,ok,True,True,True,True,True,forecast_icc,,1731734784.0
ANIX,failed,True,True,False,False,False,,missing_positive_eps,95948088.0
ANL,failed,True,True,False,False,False,,missing_positive_eps,984000448.0
ANNA,ok,True,True,False,True,True,trailing_eps_fallback_icc,,127732792.0
ANNX,failed,True,True,False,False,False,,missing_positive_eps,790545024.0
ANPA,ok,True,True,False,True,True,trailing_eps_fallback_icc,,30354528.0
ANRO,failed,True,True,False,False,False,,missing_positive_eps,1215720320.0
ANTA,ok,True,True,False,True,True,trailing_eps_fallback_icc,,79487480.0
ANTX,failed,True,True,False,False,False,,missing_positive_eps,184907552.0
ANVS,failed,True,True,False,False,False,,missing_positive_eps,46946968.0
ANY,failed,True,True,False,False,False,,missing_positive_eps,30544110.0
AOD,ok,True,True,False,True,True,trailing_eps_fallback_icc,,1100013952.0
AOMR,ok,True,True,True,True,True,forecast_icc,,201061200.0
AON,ok,True,True,True,True,True,forecast_icc,,62799732736.0
AORT,ok,True,True,True,False,True,forecast_icc,,1164298496.0
AOS,ok,True,True,True,True,True,forecast_icc,,7737275392.0
AOSL,ok,True,True,True,False,True,forecast_icc,,762835840.0
AOUT,ok,True,True,True,False,True,forecast_icc,,200993008.0
AP,failed,True,True,False,False,False,,missing_positive_eps,175598272.0
APA,ok,True,True,True,True,True,forecast_icc,,15926979584.0
APAC,ok,True,True,False,True,True,trailing_eps_fallback_icc,,82355760.0
APAM,ok,True,True,True,True,True,forecast_icc,,2593499648.0
APC,ok,True,True,True,True,True,forecast_icc,,1534980480.0
APD,ok,True,True,True,False,True,forecast_icc,,63714783232.0
APEI,ok,True,True,True,True,True,forecast_icc,,811124416.0
APG,ok,True,True,True,False,True,forecast_icc,,15994251264.0
APGE,failed,False,True,False,False,False,,missing_price,10223142912.0
APH,ok,True,True,True,True,True,forecast_icc,,193257832448.0
API,ok,True,True,True,True,True,forecast_icc,,342426656.0
APLD,failed,True,True,False,False,False,,missing_positive_eps,7499934208.0
APLE,ok,True,True,True,True,True,forecast_icc,,3680529408.0
APLM,failed,True,True,False,False,False,,missing_positive_eps,65659584.0
APMC,failed,True,True,False,False,False,,missing_positive_eps,198987008.0
APMD,ok,True,True,False,True,True,trailing_eps_fallback_icc,,1170241280.0
APO,ok,True,True,True,True,True,forecast_icc,,74408435712.0
APOG,ok,True,True,True,True,True,forecast_icc,,786734720.0
APP,ok,True,True,True,True,True,forecast_icc,,108038152192.0
APPF,ok,True,True,True,True,True,forecast_icc,,7782352896.0
APPN,ok,True,True,True,False,True,forecast_icc,,2729728000.0
APPS,ok,True,True,True,False,True,forecast_icc,,1326338048.0
APRE,failed,True,True,False,False,False,,missing_positive_eps,9443352.0
APT,ok,True,True,True,True,True,forecast_icc,,53990892.0
APTV,ok,True,True,True,True,True,forecast_icc,,9056965632.0
APUR,failed,True,True,False,False,False,,missing_positive_eps,147667536.0
APUS,failed,True,True,False,False,False,,missing_positive_eps,2520227.0
APVO,ok,True,True,False,True,True,trailing_eps_fallback_icc,,3330795.0
APWC,ok,True,True,False,True,True,trailing_eps_fallback_icc,,55251492.0
APXT,failed,True,True,False,False,False,,missing_positive_eps,466034400.0
APYX,failed,True,True,False,False,False,,missing_positive_eps,127635792.0
AQB,failed,True,True,False,False,False,,missing_positive_eps,5816340.0
AQMS,failed,True,True,False,False,False,,missing_positive_eps,8409933.0
AQN,ok,True,True,True,True,True,forecast_icc,,4142072320.0
AQNB,failed,True,False,False,False,False,,missing_positive_eps,
AQST,failed,True,True,False,False,False,,missing_positive_eps,584884288.0
AR,ok,True,True,True,True,True,forecast_icc,,10941754368.0
ARAI,failed,True,True,False,False,False,,missing_positive_eps,12958677.0
ARAY,failed,True,True,False,False,False,,missing_positive_eps,28784872.0
ARBB,failed,True,True,False,False,False,,missing_positive_eps,7907111.0
ARBE,failed,True,True,False,False,False,,missing_positive_eps,85360728.0
ARBK,ok,True,True,False,True,True,trailing_eps_fallback_icc,,40392316.0
ARCB,ok,True,True,True,True,True,forecast_icc,,2882206976.0
ARCI,failed,True,True,False,False,False,,missing_positive_eps,356146208.0
ARCL,failed,True,True,False,False,False,,missing_positive_eps,179150672.0
ARCO,ok,True,True,True,True,True,forecast_icc,,1609465728.0
ARCT,failed,True,True,False,False,False,,missing_positive_eps,481202560.0
ARDC,ok,True,True,False,True,True,trailing_eps_fallback_icc,,289748928.0
ARDT,ok,True,True,True,True,True,forecast_icc,,1509191168.0
ARDX,ok,True,True,True,False,True,forecast_icc,,872673984.0
ARE,ok,True,True,True,False,True,forecast_icc,,9695848448.0
AREC,ok,True,True,True,False,True,forecast_icc,,213942544.0
ARES,ok,True,True,True,True,True,forecast_icc,,41578160128.0
ARGX,ok,True,True,True,True,True,forecast_icc,,61924720640.0
ARHS,ok,True,True,True,True,True,forecast_icc,,1074289152.0
ARI,ok,True,True,True,True,True,forecast_icc,,829111040.0
ARIS,ok,True,True,True,True,True,forecast_icc,,3911861760.0
ARKO,ok,True,True,True,True,True,forecast_icc,,486886048.0
ARKR,failed,True,True,False,False,False,,missing_positive_eps,16840754.0
ARL,ok,True,False,False,True,True,trailing_eps_fallback_icc,,
ARLO,ok,True,True,True,True,True,forecast_icc,,1436637696.0
ARLP,ok,True,True,True,True,True,forecast_icc,,3365714176.0
ARM,ok,True,True,True,True,True,forecast_icc,,282912817152.0
ARMK,ok,True,True,True,True,True,forecast_icc,,14997627904.0
ARMP,failed,True,True,False,False,False,,missing_positive_eps,152446112.0
AROC,ok,True,True,True,True,True,forecast_icc,,5474058240.0
AROW,ok,True,True,True,True,True,forecast_icc,,706124352.0
ARQ,ok,True,True,True,False,True,forecast_icc,,89957072.0
ARQQ,failed,True,True,False,False,False,,missing_positive_eps,339695104.0
ARQT,ok,True,True,True,True,True,forecast_icc,,3325809152.0
ARR,ok,True,True,True,True,True,forecast_icc,,2103478144.0
ARRY,ok,True,True,True,False,True,forecast_icc,,652223808.0
ARTC,failed,True,False,False,False,False,,missing_positive_eps,
ARTL,failed,True,True,False,False,False,,missing_positive_eps,2174662.0
ARTNA,ok,True,True,True,True,True,forecast_icc,,365167008.0
ARTV,failed,True,True,False,False,False,,missing_positive_eps,412632608.0
ARTW,failed,True,True,False,False,False,,missing_positive_eps,15500130.0
ARVN,ok,True,True,False,True,True,trailing_eps_fallback_icc,,536171200.0
ARW,ok,True,True,True,True,True,forecast_icc,,10945684480.0
ARWR,failed,True,True,False,False,False,,missing_positive_eps,9568577536.0
ARX,ok,True,True,True,False,True,forecast_icc,,4304676864.0
ARXS,ok,True,True,True,True,True,forecast_icc,,21412069376.0
AS,ok,True,True,True,True,True,forecast_icc,,15284464640.0
ASA,ok,True,True,False,True,True,trailing_eps_fallback_icc,,1072772288.0
ASAN,ok,True,True,True,False,True,forecast_icc,,2310308352.0
ASB,ok,True,True,True,True,True,forecast_icc,,5642827776.0
ASBH,failed,True,False,False,False,False,,missing_positive_eps,
ASBP,failed,True,True,False,False,False,,missing_positive_eps,12791320.0
ASC,ok,True,True,True,True,True,forecast_icc,,776185600.0
ASGI,ok,True,True,False,True,True,trailing_eps_fallback_icc,,641433024.0
ASH,ok,True,True,True,True,True,forecast_icc,,3195003136.0
ASIC,ok,True,True,True,True,True,forecast_icc,,1350101504.0
ASIX,ok,True,True,True,False,True,forecast_icc,,453079904.0
ASLE,ok,True,True,True,False,True,forecast_icc,,261065392.0
ASM,ok,True,True,True,True,True,forecast_icc,,1068389632.0
ASMB,ok,True,True,False,True,True,trailing_eps_fallback_icc,,515937504.0
ASML,ok,True,True,True,True,True,forecast_icc,,625956290560.0
ASND,ok,True,True,True,True,True,forecast_icc,,15724856320.0
ASO,ok,True,True,True,True,True,forecast_icc,,3059239424.0
ASPC,ok,True,True,False,True,True,trailing_eps_fallback_icc,,25409506.0
ASPI,failed,True,True,False,False,False,,missing_positive_eps,497488896.0
ASPN,failed,True,True,False,False,False,,missing_positive_eps,425732480.0
ASPS,ok,True,True,True,False,True,forecast_icc,,64409960.0
ASR,ok,True,False,True,True,True,forecast_icc,,
ASRV,ok,True,True,False,True,True,trailing_eps_fallback_icc,,79802560.0
ASST,failed,True,True,False,False,False,,missing_positive_eps,2685716736.0
ASTC,failed,True,True,False,False,False,,missing_positive_eps,13046019.0
ASTE,ok,True,True,True,True,True,forecast_icc,,942008064.0
ASTH,ok,True,True,True,True,True,forecast_icc,,1701429760.0
ASTI,failed,True,False,False,False,False,,missing_positive_eps,
ASTL,failed,True,True,False,False,False,,missing_positive_eps,467023712.0
ASTS,failed,True,True,False,False,False,,missing_positive_eps,24404692992.0
ASUR,ok,True,True,True,False,True,forecast_icc,,244607920.0
ASX,ok,True,True,True,True,True,forecast_icc,,104120582144.0
ASYS,ok,True,True,True,True,True,forecast_icc,,242662256.0
ATAI,failed,True,True,False,False,False,,missing_positive_eps,2725855232.0
ATAT,ok,True,True,True,True,True,forecast_icc,,4424714240.0
ATCH,ok,True,True,True,False,True,forecast_icc,,25918232.0
ATCX,failed,True,True,False,False,False,,missing_positive_eps,16139592.0
ATEC,ok,True,True,True,False,True,forecast_icc,,1587756928.0
ATEN,ok,True,True,True,True,True,forecast_icc,,1956813312.0
ATER,failed,True,True,False,False,False,,missing_positive_eps,12388184.0
ATEX,ok,True,True,True,True,True,forecast_icc,,1518189568.0
ATGL,failed,True,True,False,False,False,,missing_positive_eps,82971000.0
ATHE,failed,True,True,False,False,False,,missing_positive_eps,68281376.0
ATHM,ok,True,True,True,True,True,forecast_icc,,2438168320.0
ATHR,failed,True,True,False,False,False,,missing_positive_eps,41487020.0
ATI,ok,True,True,True,True,True,forecast_icc,,25006329856.0
ATII,failed,True,True,False,False,False,,missing_positive_eps,315577344.0
ATKR,ok,True,True,True,False,True,forecast_icc,,3190541312.0
ATLC,ok,True,True,True,True,True,forecast_icc,,1444035968.0
ATLO,ok,True,True,True,True,True,forecast_icc,,286176800.0
ATLQ,failed,True,True,False,False,False,,missing_positive_eps,283909888.0
ATLX,failed,True,True,False,False,False,,missing_positive_eps,86085440.0
ATMU,ok,True,True,True,True,True,forecast_icc,,3607338240.0
ATNI,ok,True,True,True,True,True,forecast_icc,,449315936.0
ATNM,ok,True,True,True,True,True,forecast_icc,,37415312.0
ATO,ok,True,True,True,True,True,forecast_icc,,27381215232.0
ATOM,failed,True,True,False,False,False,,missing_positive_eps,155315680.0
ATOS,failed,True,True,False,False,False,,missing_positive_eps,23950316.0
ATPC,failed,True,True,False,False,False,,missing_positive_eps,2341464.0
ATR,ok,True,True,True,True,True,forecast_icc,,7979431424.0
ATRA,ok,True,True,True,False,True,forecast_icc,,97466168.0
ATRC,ok,True,True,True,True,True,forecast_icc,,3007215360.0
ATRO,ok,True,True,True,True,True,forecast_icc,,2793008640.0
ATS,ok,True,True,True,True,True,forecast_icc,,1881092608.0
ATTO,failed,True,True,False,False,False,,missing_positive_eps,1037653184.0
ATTT,ok,True,True,False,True,True,trailing_eps_fallback_icc,,16155543.0
ATXG,failed,True,True,False,False,False,,missing_positive_eps,4334944.0
ATYR,failed,True,True,False,False,False,,missing_positive_eps,36929916.0
AU,ok,True,True,True,True,True,forecast_icc,,51770540032.0
AUB,ok,True,True,True,True,True,forecast_icc,,5565496832.0
AUBN,ok,True,True,False,True,True,trailing_eps_fallback_icc,,92333736.0
AUC,failed,True,True,False,False,False,,missing_positive_eps,68996464.0
AUDC,ok,True,True,True,True,True,forecast_icc,,242252512.0
AUGO,ok,True,True,True,True,True,forecast_icc,,7437166080.0
AUID,failed,True,True,False,False,False,,missing_positive_eps,8149493.0
AUNA,ok,True,True,True,True,True,forecast_icc,,380649472.0
AUPH,ok,True,True,True,True,True,forecast_icc,,2256547584.0
AUR,failed,True,True,False,False,False,,missing_positive_eps,13006966784.0
AURA,failed,True,True,False,False,False,,missing_positive_eps,683414720.0
AURE,failed,True,True,False,False,False,,missing_positive_eps,58280000.0
AUST,failed,True,True,False,False,False,,missing_positive_eps,15336161.0
AUTL,failed,True,True,False,False,False,,missing_positive_eps,511032064.0
AUUD,ok,True,True,False,True,True,trailing_eps_fallback_icc,,6035172.0
AUXX,failed,True,True,False,False,False,,missing_positive_eps,607108864.0
AVA,ok,True,True,True,True,True,forecast_icc,,3078754048.0
AVAH,ok,True,True,True,True,True,forecast_icc,,3049520896.0
AVAL,ok,True,True,True,True,True,forecast_icc,,6197046784.0
AVAT,failed,True,True,False,False,False,,missing_positive_eps,33402942.0
AVAV,ok,True,True,True,False,True,forecast_icc,,8303087104.0
AVBC,ok,True,True,True,True,True,forecast_icc,,409882592.0
AVBH,ok,True,True,True,False,True,forecast_icc,,344551776.0
AVBP,failed,True,True,False,False,False,,missing_positive_eps,1398367232.0
AVD,failed,True,True,False,False,False,,missing_positive_eps,64311380.0
AVEX,ok,True,True,True,True,True,forecast_icc,,1154216064.0
AVGO,ok,True,True,True,True,True,forecast_icc,,1657881624576.0
AVIR,failed,True,True,False,False,False,,missing_positive_eps,421876704.0
AVLN,failed,True,True,False,False,False,,missing_positive_eps,1482055424.0
AVNT,ok,True,True,True,True,True,forecast_icc,,3721979648.0
AVNW,ok,True,True,True,True,True,forecast_icc,,263455664.0
AVO,ok,True,True,True,True,True,forecast_icc,,1092472832.0
AVPT,ok,True,True,True,True,True,forecast_icc,,2860364544.0
AVR,failed,True,True,False,False,False,,missing_positive_eps,820600320.0
AVT,ok,True,True,True,True,True,forecast_icc,,7642635776.0
AVTR,ok,True,True,True,False,True,forecast_icc,,10727051264.0
AVTX,failed,True,True,False,False,False,,missing_positive_eps,895084544.0
AVX,ok,True,True,False,True,True,trailing_eps_fallback_icc,,27407304.0
AVXL,failed,True,True,False,False,False,,missing_positive_eps,223399392.0
AVY,ok,True,True,True,True,True,forecast_icc,,12966593536.0
AWI,ok,True,True,True,True,True,forecast_icc,,6757403136.0
AWK,ok,True,True,True,True,True,forecast_icc,,27472295936.0
AWP,ok,True,True,False,True,True,trailing_eps_fallback_icc,,338795008.0
AWR,ok,True,True,True,True,True,forecast_icc,,3438786816.0
AWRE,failed,True,True,False,False,False,,missing_positive_eps,26175164.0
AWX,ok,True,True,False,True,True,trailing_eps_fallback_icc,,10138523.0
AX,ok,True,True,True,True,True,forecast_icc,,5186626560.0
AXG,failed,True,True,False,False,False,,missing_positive_eps,382345568.0
AXGN,ok,True,True,True,False,True,forecast_icc,,2656939520.0
AXIL,ok,True,True,True,True,True,forecast_icc,,41618352.0
AXIN,failed,True,True,False,False,False,,missing_positive_eps,350531360.0
AXON,ok,True,True,True,True,True,forecast_icc,,36841168896.0
AXP,ok,True,True,True,True,True,forecast_icc,,210136170496.0
AXR,ok,True,True,True,True,True,forecast_icc,,124068976.0
AXS,ok,True,True,True,True,True,forecast_icc,,7295173120.0
AXSM,ok,True,True,True,False,True,forecast_icc,,11224161280.0
AXTA,ok,True,True,True,True,True,forecast_icc,,6983472640.0
AXTI,ok,True,True,True,True,True,forecast_icc,,4442585088.0
AYA,ok,True,True,True,True,True,forecast_icc,,4151122176.0
AYI,ok,True,True,True,True,True,forecast_icc,,8966894592.0
AYTU,failed,True,True,False,False,False,,missing_positive_eps,21466416.0
AZ,ok,True,True,True,False,True,forecast_icc,,248749552.0
AZI,failed,True,True,False,False,False,,missing_positive_eps,78293072.0
AZIO,failed,True,True,False,False,False,,missing_positive_eps,21161184.0
AZN,ok,True,True,True,True,True,forecast_icc,,257665843200.0
AZO,ok,True,False,True,True,True,forecast_icc,,
AZTA,ok,True,True,True,False,True,forecast_icc,,1473276288.0
AZTR,ok,True,True,False,True,True,trailing_eps_fallback_icc,,10787467.0
AZUL,failed,True,True,False,False,False,,missing_positive_eps,1219926656.0
AZZ,ok,True,True,True,True,True,forecast_icc,,4016683520.0
B,ok,True,True,True,True,True,forecast_icc,,71908687872.0
BA,ok,True,True,True,True,True,forecast_icc,,155702902784.0
BABA,ok,True,True,True,True,True,forecast_icc,,269789577216.0
BAC,ok,True,True,True,True,True,forecast_icc,,406838116352.0
BACC,failed,True,True,False,False,False,,missing_positive_eps,296398944.0
BAER,failed,True,True,False,False,False,,missing_positive_eps,54337704.0
BAFN,failed,True,True,False,False,False,,missing_positive_eps,243743856.0
BAH,ok,True,True,True,True,True,forecast_icc,,9489282048.0
BAK,ok,True,True,True,False,True,forecast_icc,,713286720.0
BALL,ok,True,True,True,True,True,forecast_icc,,16080729088.0
BALY,failed,True,True,False,False,False,,missing_positive_eps,523873632.0
BAM,ok,True,True,True,True,True,forecast_icc,,72547164160.0
BANC,ok,True,True,True,False,True,forecast_icc,,2930915328.0
BAND,ok,True,True,True,False,True,forecast_icc,,1625451520.0
BANF,ok,True,True,True,True,True,forecast_icc,,3661255168.0
BANL,failed,True,True,False,False,False,,missing_positive_eps,12056071.0
BANR,ok,True,True,True,True,True,forecast_icc,,2593341696.0
BAOS,failed,True,True,False,False,False,,missing_positive_eps,9533756.0
BAP,ok,True,True,True,True,True,forecast_icc,,30493841408.0
BAR,failed,True,False,False,False,False,,missing_positive_eps,
BARK,failed,True,True,False,False,False,,missing_positive_eps,80759104.0
BATL,ok,True,True,True,False,True,forecast_icc,,70457056.0
BATRA,failed,True,True,False,False,False,,missing_positive_eps,3585060352.0
BATRK,failed,True,True,False,False,False,,missing_positive_eps,3248178944.0
BAX,ok,True,True,True,False,True,forecast_icc,,11901248512.0
BB,ok,True,True,True,True,True,forecast_icc,,4653637120.0
BBAI,failed,True,True,False,False,False,,missing_positive_eps,1361764352.0
BBAI-W,failed,False,False,False,False,False,,missing_price,
BBAR,ok,True,True,True,True,True,forecast_icc,,2987982848.0
BBCP,ok,True,True,True,True,True,forecast_icc,,493855520.0
BBD,ok,True,True,True,True,True,forecast_icc,,36786077696.0
BBDC,ok,True,True,True,True,True,forecast_icc,,936079488.0
BBDO,ok,True,True,False,True,True,trailing_eps_fallback_icc,,34143399936.0
BBGI,ok,True,True,True,False,True,forecast_icc,,31663514.0
BBIO,ok,True,True,True,False,True,forecast_icc,,13158632448.0
BBLG,failed,True,True,False,False,False,,missing_positive_eps,1377752.0
BBN,ok,True,True,False,True,True,trailing_eps_fallback_icc,,927505600.0
BBNX,failed,True,True,False,False,False,,missing_positive_eps,964129024.0
BBOT,failed,True,True,False,False,False,,missing_positive_eps,392052128.0
BBSI,ok,True,True,True,True,True,forecast_icc,,806546752.0
BBT,ok,True,True,True,True,True,forecast_icc,,2596622336.0
BBUC,ok,True,True,True,False,True,forecast_icc,,5251097600.0
BBVA,ok,True,True,True,True,True,forecast_icc,,159092736000.0
BBW,ok,True,True,True,True,True,forecast_icc,,313773440.0
BBWI,ok,True,True,True,True,True,forecast_icc,,3466283008.0
BBY,ok,True,True,True,True,True,forecast_icc,,19831851008.0
BC,ok,True,True,True,False,True,forecast_icc,,4395209728.0
BCAL,ok,True,True,True,True,True,forecast_icc,,704096832.0
BCAT,ok,True,True,False,True,True,trailing_eps_fallback_icc,,1516762368.0
BCAX,failed,True,True,False,False,False,,missing_positive_eps,1494846592.0
BCBP,ok,True,True,True,False,True,forecast_icc,,157304832.0
BCC,ok,True,True,True,True,True,forecast_icc,,2635343872.0
BCCQ,failed,True,True,False,False,False,,missing_positive_eps,413755008.0
BCDA,failed,True,True,False,False,False,,missing_positive_eps,16804048.0
BCE,ok,True,True,True,True,True,forecast_icc,,20776675328.0
BCG,ok,True,True,False,True,True,trailing_eps_fallback_icc,,21575950.0
BCH,ok,True,True,True,True,True,forecast_icc,,20905484288.0
BCHT,failed,True,True,False,False,False,,missing_positive_eps,43404844.0
BCML,ok,True,True,True,True,True,forecast_icc,,330988736.0
BCO,ok,True,True,True,True,True,forecast_icc,,4388250112.0
BCPC,ok,True,True,True,True,True,forecast_icc,,5284100608.0
BCRX,ok,True,True,True,False,True,forecast_icc,,2223155456.0
BCS,ok,True,True,True,True,True,forecast_icc,,85861998592.0
BCSF,ok,True,True,True,True,True,forecast_icc,,733014144.0
BCSS,failed,True,True,False,False,False,,missing_positive_eps,601520000.0
BCSS-U,failed,False,False,False,False,False,,missing_price,
BCSS-W,failed,False,False,False,False,False,,missing_price,
BCTX,failed,True,True,False,False,False,,missing_positive_eps,36713100.0
BCX,ok,True,True,False,True,True,trailing_eps_fallback_icc,,952213696.0
BCYC,failed,True,True,False,False,False,,missing_positive_eps,257573776.0
BDC,ok,True,True,True,True,True,forecast_icc,,4374412800.0
BDCI,ok,True,True,False,True,True,trailing_eps_fallback_icc,,353026144.0
BDJ,ok,True,True,False,True,True,trailing_eps_fallback_icc,,1696899584.0
BDL,ok,True,False,False,True,True,trailing_eps_fallback_icc,,
BDMD,ok,True,True,True,False,True,forecast_icc,,33261020.0
BDN,failed,True,True,False,False,False,,missing_positive_eps,506057568.0
BDRX,failed,True,True,False,False,False,,missing_positive_eps,823149.0
BDSX,failed,True,True,False,False,False,,missing_positive_eps,303977696.0
BDTX,failed,True,True,False,False,False,,missing_positive_eps,110592424.0
BDX,ok,True,True,True,True,True,forecast_icc,,49405521920.0
BE,ok,True,True,True,True,True,forecast_icc,,82691506176.0
BEAG,ok,True,True,False,True,True,trailing_eps_fallback_icc,,340739840.0
BEAM,failed,True,True,False,False,False,,missing_positive_eps,2548106752.0
BEAT,failed,True,True,False,False,False,,missing_positive_eps,23649748.0
BEBE,failed,True,True,False,False,False,,missing_positive_eps,200800000.0
BEBE-U,failed,False,False,False,False,False,,missing_price,
BEBE-W,failed,False,False,False,False,False,,missing_price,
BEEM,failed,True,True,False,False,False,,missing_positive_eps,30554978.0
BEEP,failed,True,True,False,False,False,,missing_positive_eps,118944008.0
BEKE,ok,True,True,True,True,True,forecast_icc,,17624610816.0
BELFA,ok,True,True,True,True,True,forecast_icc,,2813093632.0
BELFB,ok,True,True,True,True,True,forecast_icc,,3440487936.0
BEN,ok,True,True,True,True,True,forecast_icc,,16802103296.0
BENF,ok,True,True,True,True,True,forecast_icc,,9742418.0
BEPC,failed,True,True,False,False,False,,missing_positive_eps,5543298048.0
BEPH,failed,True,False,False,False,False,,missing_positive_eps,
BEPI,failed,True,False,False,False,False,,missing_positive_eps,
BEPJ,failed,True,False,False,False,False,,missing_positive_eps,
BESS,ok,True,True,True,False,True,forecast_icc,,20157106.0
BESS-W,failed,False,False,False,False,False,,missing_price,
BETA,failed,True,True,False,False,False,,missing_positive_eps,5261003264.0
BETR,failed,True,True,False,False,False,,missing_positive_eps,234062496.0
BF-A,ok,True,True,False,True,True,trailing_eps_fallback_icc,,12320505856.0
BF-B,ok,True,True,True,True,True,forecast_icc,,12159902720.0
BFAM,ok,True,True,True,True,True,forecast_icc,,3262942464.0
BFC,ok,True,True,True,True,True,forecast_icc,,1686120832.0
BFH,ok,True,True,True,True,True,forecast_icc,,4157348864.0
BFLY,failed,True,True,False,False,False,,missing_positive_eps,2119630080.0
BFRG,failed,True,True,False,False,False,,missing_positive_eps,8677493.0
BFRI,ok,True,True,True,False,True,forecast_icc,,18416926.0
BFS,ok,True,True,False,True,True,trailing_eps_fallback_icc,,1052636096.0
BFST,ok,True,True,True,True,True,forecast_icc,,1003512896.0
BG,ok,True,True,True,True,True,forecast_icc,,22921732096.0
BGB,failed,True,False,False,False,False,,missing_positive_eps,
BGC,ok,True,True,True,True,True,forecast_icc,,5700843520.0
BGDE,failed,True,True,False,False,False,,missing_positive_eps,33646172.0
BGH,ok,True,False,False,True,True,trailing_eps_fallback_icc,,
BGIN,failed,True,True,False,False,False,,missing_positive_eps,208170144.0
BGL,ok,True,True,True,False,True,forecast_icc,,10058990.0
BGLC,failed,True,True,False,False,False,,missing_positive_eps,4326827.0
BGM,failed,True,True,False,False,False,,missing_positive_eps,103761448.0
BGMS,failed,True,True,False,False,False,,missing_positive_eps,5816137.0
BGR,ok,True,True,False,True,True,trailing_eps_fallback_icc,,447774080.0
BGS,ok,True,True,True,False,True,forecast_icc,,247078032.0
BGSF,ok,True,True,True,False,True,forecast_icc,,55214384.0
BGSI,ok,True,True,True,True,True,forecast_icc,,2254235136.0
BGT,ok,True,True,False,True,True,trailing_eps_fallback_icc,,320615744.0
BGX,ok,True,True,False,True,True,trailing_eps_fallback_icc,,135724384.0
BGY,ok,True,True,False,True,True,trailing_eps_fallback_icc,,521939296.0
BH,failed,True,True,False,False,False,,missing_positive_eps,1123897856.0
BH-A,failed,True,True,False,False,False,,missing_positive_eps,1111853056.0
BHAV,failed,True,True,False,False,False,,missing_positive_eps,140754320.0
BHB,ok,True,True,True,True,True,forecast_icc,,676343680.0
BHC,ok,True,True,True,False,True,forecast_icc,,2113046656.0
BHE,ok,True,True,True,True,True,forecast_icc,,2677831168.0
BHF,ok,True,True,True,True,True,forecast_icc,,2841071360.0
BHM,failed,True,True,False,False,False,,missing_positive_eps,96319464.0
BHP,ok,True,True,True,True,True,forecast_icc,,219990228992.0
BHR,failed,True,True,False,False,False,,missing_positive_eps,129962816.0
BHRB,ok,True,True,True,True,True,forecast_icc,,1421974528.0
BHST,failed,True,True,False,False,False,,missing_positive_eps,36268548.0
BHVN,failed,True,True,False,False,False,,missing_positive_eps,2097998080.0
BIAF,failed,True,True,False,False,False,,missing_positive_eps,5256440.0
BID,failed,True,True,False,False,False,,missing_positive_eps,190839008.0
BIDU,ok,True,True,True,False,True,forecast_icc,,30712889344.0
BIIB,ok,True,True,True,True,True,forecast_icc,,32365514752.0
BIII,failed,True,True,False,False,False,,missing_positive_eps,231150000.0
BIII-U,failed,False,False,False,False,False,,missing_price,
BIII-W,failed,False,False,False,False,False,,missing_price,
BILI,ok,True,True,True,True,True,forecast_icc,,5931794944.0
BILL,ok,True,True,True,False,True,forecast_icc,,4056616704.0
BIO,ok,True,True,True,True,True,forecast_icc,,10224946176.0
BIO-B,ok,True,True,False,True,True,trailing_eps_fallback_icc,,9761572864.0
BIOA,failed,True,True,False,False,False,,missing_positive_eps,371305984.0
BIOT,failed,True,True,False,False,False,,missing_positive_eps,12943115.0
BIOX,ok,True,True,True,False,True,forecast_icc,,23484248.0
BIPC,ok,True,True,True,False,True,forecast_icc,,4447013888.0
BIPI,failed,True,False,False,False,False,,missing_positive_eps,
BIRD,failed,True,True,False,False,False,,missing_positive_eps,28814432.0
BIRK,ok,True,True,True,True,True,forecast_icc,,5146983936.0
BIT,ok,True,True,False,True,True,trailing_eps_fallback_icc,,663068672.0
BIVI,failed,True,True,False,False,False,,missing_positive_eps,15185443.0
BIXI,failed,True,True,False,False,False,,missing_positive_eps,303893152.0
BIYA,failed,True,True,False,False,False,,missing_positive_eps,60329348.0
BJ,ok,True,True,True,True,True,forecast_icc,,11790212096.0
BJDX,failed,True,True,False,False,False,,missing_positive_eps,874334.0
BJRI,ok,True,True,True,True,True,forecast_icc,,1274936704.0
BKD,ok,True,True,True,False,True,forecast_icc,,2765503744.0
BKE,ok,True,True,True,True,True,forecast_icc,,2076981248.0
BKH,ok,True,True,True,True,True,forecast_icc,,5438374400.0
BKHA,ok,True,True,False,True,True,trailing_eps_fallback_icc,,49801388.0
BKKT,ok,True,True,True,False,True,forecast_icc,,336218144.0
BKKT-W,failed,False,False,False,False,False,,missing_price,
BKNG,ok,True,True,True,True,True,forecast_icc,,128125403136.0
BKR,ok,True,True,True,True,True,forecast_icc,,56150605824.0
BKSY,failed,True,True,False,False,False,,missing_positive_eps,931449536.0
BKT,ok,True,True,False,True,True,trailing_eps_fallback_icc,,317087840.0
BKTI,ok,True,True,True,True,True,forecast_icc,,272677600.0
BKU,ok,True,True,True,True,True,forecast_icc,,3187643136.0
BKV,ok,True,True,True,True,True,forecast_icc,,2494088192.0
BKYI,ok,True,True,True,False,True,forecast_icc,,3684222.0
BL,ok,True,True,True,True,True,forecast_icc,,1656570240.0
BLBD,ok,True,True,True,True,True,forecast_icc,,1923796096.0
BLCO,ok,True,True,True,False,True,forecast_icc,,5989661184.0
BLDP,failed,True,True,False,False,False,,missing_positive_eps,657284160.0
BLDR,ok,True,True,True,True,True,forecast_icc,,6206163456.0
BLFS,ok,True,True,True,True,True,forecast_icc,,1802824704.0
BLIN,ok,True,True,True,False,True,forecast_icc,,10968195.0
BLIV,failed,True,True,False,False,False,,missing_positive_eps,24011212.0
BLK,ok,True,True,True,True,True,forecast_icc,,171243405312.0
BLKB,ok,True,True,True,True,True,forecast_icc,,1967206784.0
BLLN,ok,True,True,True,True,True,forecast_icc,,5222189568.0
BLMN,ok,True,True,True,True,True,forecast_icc,,689248448.0
BLND,ok,True,True,True,False,True,forecast_icc,,307467296.0
BLNE,ok,True,True,True,False,True,forecast_icc,,31690050.0
BLNK,failed,True,True,False,False,False,,missing_positive_eps,79238000.0
BLRK,failed,True,True,False,False,False,,missing_positive_eps,232760000.0
BLRX,failed,True,True,False,False,False,,missing_positive_eps,12267947.0
BLSH,ok,True,True,True,False,True,forecast_icc,,5294044160.0
BLSM,failed,True,True,False,False,False,,missing_positive_eps,779956672.0
BLTE,ok,True,True,True,False,True,forecast_icc,,6860360192.0
BLUW,ok,True,True,False,True,True,trailing_eps_fallback_icc,,334872416.0
BLW,ok,True,True,False,True,True,trailing_eps_fallback_icc,,475053600.0
BLX,ok,True,False,True,True,True,forecast_icc,,
BLZE,ok,True,True,True,False,True,forecast_icc,,853601024.0
BLZR,failed,True,True,False,False,False,,missing_positive_eps,351312512.0
BMA,ok,True,True,True,True,True,forecast_icc,,4908599296.0
BMBL,ok,True,True,True,False,True,forecast_icc,,453521632.0
BME,ok,True,False,False,True,True,trailing_eps_fallback_icc,,
BMEA,failed,True,True,False,False,False,,missing_positive_eps,129415992.0
BMEZ,ok,True,True,False,True,True,trailing_eps_fallback_icc,,1034398208.0
BMGL,failed,True,True,False,False,False,,missing_positive_eps,6747218.0
BMHL,ok,True,True,False,True,True,trailing_eps_fallback_icc,,141126416.0
BMI,ok,True,True,True,True,True,forecast_icc,,3699301632.0
BMM,failed,True,True,False,False,False,,missing_positive_eps,556822528.0
BMN,ok,True,True,False,True,True,trailing_eps_fallback_icc,,147113344.0
BMNR,ok,True,True,True,False,True,forecast_icc,,14411077632.0
BMO,ok,True,True,True,True,True,forecast_icc,,120800075776.0
BMR,failed,True,True,False,False,False,,missing_positive_eps,19722916.0
BMRA,ok,True,True,True,False,True,forecast_icc,,10829964.0
BMRC,ok,True,True,True,False,True,forecast_icc,,459916640.0
BMRN,ok,True,True,True,True,True,forecast_icc,,12597780480.0
BMY,ok,True,True,True,True,True,forecast_icc,,128364183552.0
BN,ok,True,True,True,True,True,forecast_icc,,83021152256.0
BNAI,failed,True,True,False,False,False,,missing_positive_eps,52672352.0
BNC,ok,True,True,True,True,True,forecast_icc,,223162256.0
BNED,ok,True,True,True,True,True,forecast_icc,,369528672.0
BNGO,failed,True,True,False,False,False,,missing_positive_eps,20491980.0
BNJ,failed,True,False,False,False,False,,missing_positive_eps,
BNKK,failed,True,True,False,False,False,,missing_positive_eps,11041297.0
BNL,ok,True,True,True,True,True,forecast_icc,,4091872768.0
BNR,failed,True,True,False,False,False,,missing_positive_eps,142586560.0
BNS,ok,True,True,True,True,True,forecast_icc,,114691899392.0
BNT,ok,True,True,False,True,True,trailing_eps_fallback_icc,,10206713856.0
BNTC,failed,True,True,False,False,False,,missing_positive_eps,396267776.0
BNTX,failed,True,True,False,False,False,,missing_positive_eps,24783822848.0
BNY,ok,True,True,True,True,True,forecast_icc,,103824703488.0
BOBS,ok,True,True,True,True,True,forecast_icc,,1918486272.0
BOC,failed,True,True,False,False,False,,missing_positive_eps,411830144.0
BODI,ok,True,True,True,True,True,forecast_icc,,35986596.0
BOE,ok,True,False,False,True,True,trailing_eps_fallback_icc,,
BOF,failed,True,True,False,False,False,,missing_positive_eps,59673124.0
BOH,ok,True,True,True,True,True,forecast_icc,,2942210560.0
BOKF,ok,True,True,True,True,True,forecast_icc,,8083209216.0
BOLD,failed,True,True,False,False,False,,missing_positive_eps,63694356.0
BOLT,failed,True,True,False,False,False,,missing_positive_eps,6443624.0
BON,ok,True,True,True,False,True,forecast_icc,,11696246.0
BOOM,ok,True,True,True,False,True,forecast_icc,,128380928.0
BOOT,ok,True,True,True,True,True,forecast_icc,,3719887360.0
BORR,ok,True,True,True,False,True,forecast_icc,,1345115520.0
BOSC,ok,True,True,True,True,True,forecast_icc,,33323198.0
BOT,failed,True,True,False,False,False,,missing_positive_eps,683295488.0
BOTJ,ok,True,True,False,True,True,trailing_eps_fallback_icc,,124033152.0
BOW,ok,True,True,True,True,True,forecast_icc,,1111496960.0
BOX,ok,True,True,True,True,True,forecast_icc,,4756750336.0
BOXL,failed,True,True,False,False,False,,missing_positive_eps,3335460.0
BP,ok,True,True,True,True,True,forecast_icc,,116974870528.0
BPAC,failed,True,True,False,False,False,,missing_positive_eps,75250600.0
BPOP,ok,True,True,True,True,True,forecast_icc,,10266425344.0
BPRE,failed,True,False,False,False,False,,missing_positive_eps,
BPRN,ok,True,True,True,True,True,forecast_icc,,295011584.0
BPYPM,failed,True,False,False,False,False,,missing_positive_eps,
BPYPN,ok,True,False,False,True,True,trailing_eps_fallback_icc,,
BPYPO,ok,True,False,False,True,True,trailing_eps_fallback_icc,,
BPYPP,ok,True,False,False,True,True,trailing_eps_fallback_icc,,
BQ,failed,True,True,False,False,False,,missing_positive_eps,5977487.0
BR,ok,True,True,True,True,True,forecast_icc,,18734921728.0
BRAG,failed,True,True,False,False,False,,missing_positive_eps,45973840.0
BRAI,failed,True,True,False,False,False,,missing_positive_eps,1137607040.0
BRBI,ok,True,True,False,True,True,trailing_eps_fallback_icc,,293725472.0
BRBR,ok,True,True,True,True,True,forecast_icc,,1059294272.0
BRBS,ok,True,True,False,True,True,trailing_eps_fallback_icc,,354265728.0
BRC,ok,True,True,True,True,True,forecast_icc,,3996751360.0
BRCB,ok,True,True,True,False,True,forecast_icc,,159006816.0
BRCC,ok,True,True,True,False,True,forecast_icc,,140882544.0
BREZ,failed,True,False,False,False,False,,missing_positive_eps,
BRFH,failed,True,True,False,False,False,,missing_positive_eps,18102072.0
BRIA,ok,True,True,True,False,True,forecast_icc,,34750000.0
BRID,failed,True,True,False,False,False,,missing_positive_eps,53281004.0
BRK-A,ok,True,True,True,True,True,forecast_icc,,1090243592192.0
BRK-B,ok,True,True,True,True,True,forecast_icc,,1090049409024.0
BRKH,failed,True,True,False,False,False,,missing_positive_eps,117488104.0
BRKR,ok,True,True,True,False,True,forecast_icc,,9606254592.0
BRLS,failed,True,True,False,False,False,,missing_positive_eps,29833998.0
BRLT,ok,True,True,True,False,True,forecast_icc,,145645808.0
BRN,failed,True,True,False,False,False,,missing_positive_eps,14867339.0
BRNS,failed,True,True,False,False,False,,missing_positive_eps,30232266.0
BRNX,failed,True,True,False,False,False,,missing_positive_eps,4390120.0
BRO,ok,True,True,True,True,True,forecast_icc,,21789827072.0
BROS,ok,True,True,True,True,True,forecast_icc,,7043920896.0
BRR,failed,True,True,False,False,False,,missing_positive_eps,303991360.0
BRSL,ok,True,True,True,True,True,forecast_icc,,1902347904.0
BRSP,ok,True,True,True,False,True,forecast_icc,,528871040.0
BRT,failed,True,True,False,False,False,,missing_positive_eps,259723072.0
BRTM,failed,True,True,False,False,False,,missing_positive_eps,480646016.0
BRTX,failed,True,True,False,False,False,,missing_positive_eps,3666894.0
BRUN,ok,True,True,True,False,True,forecast_icc,,1325850496.0
BRVE,failed,True,True,False,False,False,,missing_positive_eps,2494979840.0
BRX,ok,True,True,True,True,True,forecast_icc,,8607768576.0
BRZE,ok,True,True,True,False,True,forecast_icc,,2831659776.0
BSAA,ok,True,True,False,True,True,trailing_eps_fallback_icc,,81098520.0
BSAC,ok,True,True,True,True,True,forecast_icc,,16154545152.0
BSBK,ok,True,True,True,True,True,forecast_icc,,116255560.0
BSBR,ok,True,True,True,True,True,forecast_icc,,44550787072.0
BSEM,ok,True,True,True,True,True,forecast_icc,,77745224.0
BSET,ok,True,True,True,True,True,forecast_icc,,151433120.0
BSIN,ok,True,True,True,False,True,forecast_icc,,82414688.0
BSL,failed,True,False,False,False,False,,missing_positive_eps,
BSM,ok,True,True,True,True,True,forecast_icc,,3148116480.0
BSP,ok,True,True,True,True,True,forecast_icc,,24487704576.0
BSRR,ok,True,True,True,True,True,forecast_icc,,523332320.0
BST,ok,True,False,False,True,True,trailing_eps_fallback_icc,,
BSTZ,ok,True,True,False,True,True,trailing_eps_fallback_icc,,1967457664.0
BSVN,ok,True,True,True,True,True,forecast_icc,,519730720.0
BSX,ok,True,True,True,True,True,forecast_icc,,63113945088.0
BSY,ok,True,True,True,True,True,forecast_icc,,9488738304.0
BTAI,failed,True,True,False,False,False,,missing_positive_eps,2313476.0
BTBD,failed,True,True,False,False,False,,missing_positive_eps,10514031.0
BTBT,failed,True,True,False,False,False,,missing_positive_eps,551769280.0
BTCS,failed,True,True,False,False,False,,missing_positive_eps,72935992.0
BTCT,failed,True,True,False,False,False,,missing_positive_eps,19692164.0
BTDR,failed,True,True,False,False,False,,missing_positive_eps,3054832384.0
BTE,ok,True,True,True,False,True,forecast_icc,,3391119872.0
BTG,ok,True,True,True,True,True,forecast_icc,,7133782016.0
BTGO,ok,True,True,True,False,True,forecast_icc,,794608448.0
BTI,ok,True,True,True,True,True,forecast_icc,,120602468352.0
BTLN,failed,True,True,False,False,False,,missing_positive_eps,14755192.0
BTMD,ok,True,True,True,True,True,forecast_icc,,45763976.0
BTO,ok,True,True,False,True,True,trailing_eps_fallback_icc,,739574848.0
BTOC,failed,True,True,False,False,False,,missing_positive_eps,12733151.0
BTOG,failed,False,True,False,False,False,,missing_price,1839142.0
BTQ,failed,True,True,False,False,False,,missing_positive_eps,397117824.0
BTSG,ok,True,True,True,True,True,forecast_icc,,11199115264.0
BTT,ok,True,True,False,True,True,trailing_eps_fallback_icc,,1416301696.0
BTTC,failed,True,True,False,False,False,,missing_positive_eps,5176740.0
BTU,ok,True,True,True,False,True,forecast_icc,,3320556032.0
BTX,ok,True,True,False,True,True,trailing_eps_fallback_icc,,1018880832.0
BTZ,ok,True,False,False,True,True,trailing_eps_fallback_icc,,
BUD,ok,True,True,True,True,True,forecast_icc,,155108278272.0
BUDA,ok,True,True,True,True,True,forecast_icc,,96763328.0
BULL,ok,True,True,True,True,True,forecast_icc,,4160473344.0
BUR,ok,True,True,True,False,True,forecast_icc,,876142144.0
BURL,ok,True,True,True,True,True,forecast_icc,,15046751232.0
BURU,failed,True,True,False,False,False,,missing_positive_eps,8706604.0
BUSE,ok,True,True,True,True,True,forecast_icc,,2489695232.0
BUUU,failed,True,True,False,False,False,,missing_positive_eps,767969984.0
BV,ok,True,True,True,False,True,forecast_icc,,1005635968.0
BVC,ok,True,True,False,True,True,trailing_eps_fallback_icc,,2273039872.0
BVFL,ok,True,True,False,True,True,trailing_eps_fallback_icc,,175680320.0
BVN,ok,True,True,True,True,True,forecast_icc,,8815884288.0
BVS,ok,True,True,True,True,True,forecast_icc,,862693952.0
BW,ok,True,True,True,False,True,forecast_icc,,1090424320.0
BWA,ok,True,True,True,True,True,forecast_icc,,12985765888.0
BWAY,ok,True,True,True,True,True,forecast_icc,,544455744.0
BWB,ok,True,True,True,True,True,forecast_icc,,582493056.0
BWEN,ok,True,True,True,True,True,forecast_icc,,100543832.0
BWFG,ok,True,True,True,True,True,forecast_icc,,532687168.0
BWIN,ok,True,True,True,False,True,forecast_icc,,3093992704.0
BWIV,failed,True,True,False,False,False,,missing_positive_eps,176873008.0
BWIV-U,failed,False,False,False,False,False,,missing_price,
BWIV-W,failed,False,False,False,False,False,,missing_price,
BWLP,ok,True,True,False,True,True,trailing_eps_fallback_icc,,3968433664.0
BWMN,ok,True,True,True,True,True,forecast_icc,,735991104.0
BWMX,ok,True,True,True,True,True,forecast_icc,,630576320.0
BWXT,ok,True,True,True,True,True,forecast_icc,,13408877568.0
BX,ok,True,True,True,True,True,forecast_icc,,149902295040.0
BXBL,failed,True,True,False,False,False,,missing_positive_eps,1444282880.0
BXC,ok,True,True,True,False,True,forecast_icc,,588180032.0
BXDC,ok,True,True,True,False,True,forecast_icc,,1966699264.0
BXMT,ok,True,True,True,True,True,forecast_icc,,2275338496.0
BXP,ok,True,True,True,True,True,forecast_icc,,11563493376.0
BXSL,ok,True,True,True,True,True,forecast_icc,,5898802176.0
BY,ok,True,True,True,True,True,forecast_icc,,1699461248.0
BYAH,failed,True,True,False,False,False,,missing_positive_eps,1837667.0
BYD,ok,True,True,True,True,True,forecast_icc,,5394664448.0
BYFC,failed,True,True,False,False,False,,missing_positive_eps,110414680.0
BYND,failed,True,True,False,False,False,,missing_positive_eps,201169376.0
BYRN,failed,True,True,False,False,False,,missing_positive_eps,88469968.0
BYSI,failed,True,True,False,False,False,,missing_positive_eps,29145730.0
BZ,ok,True,True,True,True,True,forecast_icc,,6512856064.0
BZAI,failed,True,True,False,False,False,,missing_positive_eps,89100664.0
BZFD,failed,True,True,False,False,False,,missing_positive_eps,91668208.0
BZH,ok,True,True,True,False,True,forecast_icc,,889231936.0
BZUN,ok,True,True,True,False,True,forecast_icc,,161639456.0
C,ok,True,True,True,True,True,forecast_icc,,222595858432.0
CAAP,ok,True,True,True,True,True,forecast_icc,,3907844352.0
CAAS,ok,True,True,True,True,True,forecast_icc,,152362048.0
CABA,failed,True,True,False,False,False,,missing_positive_eps,437427232.0
CABO,ok,True,True,True,False,True,forecast_icc,,102754784.0
CABR,failed,True,True,False,False,False,,missing_positive_eps,13997105.0
CAC,ok,True,True,True,True,True,forecast_icc,,971242304.0
CACC,ok,True,True,True,True,True,forecast_icc,,6128798208.0
CACI,ok,True,True,True,True,True,forecast_icc,,14033243136.0
CADL,failed,True,True,False,False,False,,missing_positive_eps,867720576.0
CAE,ok,True,True,True,True,True,forecast_icc,,7798403072.0
CAES,failed,True,True,False,False,False,,missing_positive_eps,321048000.0
CAF,ok,True,True,False,True,True,trailing_eps_fallback_icc,,245312000.0
CAG,ok,True,True,True,False,True,forecast_icc,,7264626688.0
CAH,ok,True,True,True,True,True,forecast_icc,,52641189888.0
CAI,ok,True,True,True,True,True,forecast_icc,,8740487168.0
CAII,failed,True,True,False,False,False,,missing_positive_eps,338305344.0
CAKE,ok,True,True,True,True,True,forecast_icc,,4770551808.0
CAL,ok,True,True,True,True,True,forecast_icc,,416820096.0
CALC,failed,True,True,False,False,False,,missing_positive_eps,13451735.0
CALM,ok,True,True,True,True,True,forecast_icc,,3460446720.0
CALX,ok,True,True,True,True,True,forecast_icc,,2212554496.0
CALY,ok,True,True,True,True,True,forecast_icc,,2640170752.0
CAMP,failed,True,True,False,False,False,,missing_positive_eps,252895408.0
CAMT,ok,True,True,True,True,True,forecast_icc,,6730017792.0
CAN,failed,True,True,False,False,False,,missing_positive_eps,233623888.0
CANF,failed,True,True,False,False,False,,missing_positive_eps,4799305.0
CANG,failed,True,True,False,False,False,,missing_positive_eps,89017672.0
CAPL,ok,True,True,True,True,True,forecast_icc,,856226112.0
CAPN,ok,True,True,False,True,True,trailing_eps_fallback_icc,,59861200.0
CAPR,failed,True,True,False,False,False,,missing_positive_eps,547669248.0
CAPS,ok,True,True,True,False,True,forecast_icc,,3755585.0
CAQ,failed,True,True,False,False,False,,missing_positive_eps,311310048.0
CAR,ok,True,True,True,False,True,forecast_icc,,4070939648.0
CARE,ok,True,True,True,True,True,forecast_icc,,705804992.0
CARG,ok,True,True,True,True,True,forecast_icc,,3006230016.0
CARL,failed,True,True,False,False,False,,missing_positive_eps,420189248.0
CARR,ok,True,True,True,True,True,forecast_icc,,44835041280.0
CARS,ok,True,True,True,True,True,forecast_icc,,607596288.0
CART,ok,True,True,True,True,True,forecast_icc,,10517048320.0
CASH,ok,True,True,True,True,True,forecast_icc,,1609520128.0
CASS,ok,True,True,True,True,True,forecast_icc,,708684736.0
CAST,failed,True,True,False,False,False,,missing_positive_eps,67565112.0
CASY,ok,True,True,True,True,True,forecast_icc,,22451453952.0
CAT,ok,True,True,True,True,True,forecast_icc,,367082569728.0
CATL,failed,True,True,False,False,False,,missing_positive_eps,208962000.0
CATO,ok,True,True,True,False,True,forecast_icc,,47390440.0
CATX,failed,True,True,False,False,False,,missing_positive_eps,328756800.0
CATY,ok,True,True,True,True,True,forecast_icc,,4137591040.0
CAVA,ok,True,True,True,True,True,forecast_icc,,5981645312.0
CB,ok,True,True,True,True,True,forecast_icc,,131904970752.0
CBAN,ok,True,True,True,True,True,forecast_icc,,443953856.0
CBAT,ok,True,True,True,False,True,forecast_icc,,93964584.0
CBC,ok,True,True,True,True,True,forecast_icc,,7585127424.0
CBFV,ok,True,True,True,True,True,forecast_icc,,189238192.0
CBIO,failed,True,True,False,False,False,,missing_positive_eps,622952384.0
CBK,ok,True,True,True,True,True,forecast_icc,,450634752.0
CBL,ok,True,True,True,True,True,forecast_icc,,1666886272.0
CBLL,failed,True,True,False,False,False,,missing_positive_eps,959452480.0
CBNA,ok,True,True,True,True,True,forecast_icc,,308011680.0
CBNK,ok,True,True,True,True,True,forecast_icc,,587759680.0
CBOE,ok,True,True,True,True,True,forecast_icc,,27848620032.0
CBRE,ok,True,True,True,True,True,forecast_icc,,40343633920.0
CBRL,ok,True,True,True,True,True,forecast_icc,,978099840.0
CBRS,ok,True,True,True,False,True,forecast_icc,,46120685568.0
CBSH,ok,True,True,True,True,True,forecast_icc,,8240178688.0
CBT,ok,True,True,True,True,True,forecast_icc,,4004500736.0
CBU,ok,True,True,True,True,True,forecast_icc,,3280601600.0
CBUS,failed,True,True,False,False,False,,missing_positive_eps,124579208.0
CBZ,ok,True,True,True,True,True,forecast_icc,,2962807808.0
CC,ok,True,True,True,False,True,forecast_icc,,2173205504.0
CCAP,ok,True,True,True,False,True,forecast_icc,,371775648.0
CCAQ,ok,True,True,False,True,True,trailing_eps_fallback_icc,,216491088.0
CCB,ok,True,True,True,False,True,forecast_icc,,703171072.0
CCBG,ok,True,True,True,True,True,forecast_icc,,858916288.0
CCC,ok,True,True,True,True,True,forecast_icc,,3887364864.0
CCCC,failed,True,True,False,False,False,,missing_positive_eps,420130848.0
CCCT,failed,True,True,False,False,False,,missing_positive_eps,383743648.0
CCEC,ok,True,True,True,True,True,forecast_icc,,1324666112.0
CCEL,ok,True,True,True,False,True,forecast_icc,,34266264.0
CCEP,ok,True,True,True,True,True,forecast_icc,,44259627008.0
CCG,ok,True,True,True,False,True,forecast_icc,,30315656.0
CCHH,failed,True,True,False,False,False,,missing_positive_eps,22235598.0
CCI,ok,True,True,True,True,True,forecast_icc,,32224378880.0
CCII,ok,True,True,False,True,True,trailing_eps_fallback_icc,,357861696.0
CCJ,ok,True,True,True,True,True,forecast_icc,,40417464320.0
CCK,ok,True,True,True,True,True,forecast_icc,,12024561664.0
CCL,ok,True,True,True,True,True,forecast_icc,,30365122560.0
CCLD,ok,True,True,True,True,True,forecast_icc,,94336368.0
CCM,failed,True,True,False,False,False,,missing_positive_eps,15760455.0
CCNE,ok,True,True,True,True,True,forecast_icc,,1010368384.0
CCO,failed,True,True,False,False,False,,missing_positive_eps,1211643392.0
CCOI,failed,True,True,False,False,False,,missing_positive_eps,471696928.0
CCS,ok,True,True,True,True,True,forecast_icc,,1728435968.0
CCSI,ok,True,True,True,True,True,forecast_icc,,658780928.0
CCTG,failed,True,True,False,False,False,,missing_positive_eps,6925894.0
CCU,ok,True,False,True,True,True,forecast_icc,,
CCXI,failed,True,True,False,False,False,,missing_positive_eps,672577472.0
CCZ,failed,True,False,False,False,False,,missing_positive_eps,
CD,failed,True,True,False,False,False,,missing_positive_eps,320111072.0
CDE,ok,True,True,True,True,True,forecast_icc,,20538140672.0
CDIO,failed,True,True,False,False,False,,missing_positive_eps,6007722.0
CDLR,ok,True,True,False,True,True,trailing_eps_fallback_icc,,2442650368.0
CDLX,failed,True,True,False,False,False,,missing_positive_eps,22907106.0
CDNA,ok,True,True,True,True,True,forecast_icc,,2808133632.0
CDNL,ok,True,True,True,True,True,forecast_icc,,648608384.0
CDNS,ok,True,True,True,True,True,forecast_icc,,77319340032.0
CDP,ok,True,True,True,True,True,forecast_icc,,4001267712.0
CDRE,ok,True,True,True,True,True,forecast_icc,,1117621248.0
CDRO,ok,True,True,True,True,True,forecast_icc,,438330016.0
CDT,failed,True,True,False,False,False,,missing_positive_eps,2594987.0
CDTG,failed,True,True,False,False,False,,missing_positive_eps,3866914.0
CDW,ok,True,True,True,True,True,forecast_icc,,18652598272.0
CDXS,failed,True,True,False,False,False,,missing_positive_eps,144547616.0
CDZI,failed,True,True,False,False,False,,missing_positive_eps,285361728.0
CDZIP,failed,True,False,False,False,False,,missing_positive_eps,
CE,ok,True,True,True,False,True,forecast_icc,,5137347584.0
CECO,ok,True,True,True,False,True,forecast_icc,,4148501248.0
CEE,ok,True,False,False,True,True,trailing_eps_fallback_icc,,
CEG,ok,True,True,True,True,True,forecast_icc,,93111975936.0
CELC,failed,True,True,False,False,False,,missing_positive_eps,4154808576.0
CELH,ok,True,True,True,True,True,forecast_icc,,7171013120.0
CELU,failed,True,True,False,False,False,,missing_positive_eps,36761368.0
CELZ,failed,True,True,False,False,False,,missing_positive_eps,5784969.0
CENN,failed,True,True,False,False,False,,missing_positive_eps,11348808.0
CENT,ok,True,True,True,True,True,forecast_icc,,2534374400.0
CENTA,ok,True,True,True,True,True,forecast_icc,,2186359552.0
CENX,ok,True,True,True,True,True,forecast_icc,,4033976832.0
CEPF,ok,True,True,False,True,True,trailing_eps_fallback_icc,,592645504.0
CEPL,ok,True,True,True,False,True,forecast_icc,,209198896.0
CEPO,failed,True,True,False,False,False,,missing_positive_eps,274889984.0
CEPS,ok,True,True,False,True,True,trailing_eps_fallback_icc,,151886256.0
CEPU,ok,True,True,True,True,True,forecast_icc,,2171800576.0
CEPV,ok,True,True,False,True,True,trailing_eps_fallback_icc,,329344384.0
CERS,failed,True,True,False,False,False,,missing_positive_eps,536056256.0
CERT,ok,True,True,True,False,True,forecast_icc,,1308782720.0
CET,ok,True,False,False,True,True,trailing_eps_fallback_icc,,
CETX,ok,True,True,True,False,True,forecast_icc,,3889778.0
CETY,failed,True,True,False,False,False,,missing_positive_eps,12287767.0
CEV,ok,True,True,False,True,True,trailing_eps_fallback_icc,,70476424.0
CEVA,ok,True,True,True,False,True,forecast_icc,,839835968.0
CF,ok,True,True,True,True,True,forecast_icc,,20252069888.0
CFBK,ok,True,True,True,True,True,forecast_icc,,226156192.0
CFFI,ok,True,True,False,True,True,trailing_eps_fallback_icc,,305691488.0
CFFN,ok,True,True,True,True,True,forecast_icc,,1089352192.0
CFG,ok,True,True,True,True,True,forecast_icc,,28383105024.0
CFND,failed,True,True,False,False,False,,missing_positive_eps,19507994.0
CFR,ok,True,True,True,True,True,forecast_icc,,9921431552.0
CG,ok,True,True,True,True,True,forecast_icc,,14313887744.0
CGAU,ok,True,True,True,True,True,forecast_icc,,4450071552.0
CGC,failed,True,True,False,False,False,,missing_positive_eps,421936832.0
CGCF,failed,True,True,False,False,False,,missing_positive_eps,340284384.0
CGEM,failed,True,True,False,False,False,,missing_positive_eps,1312743936.0
CGEN,ok,True,True,False,True,True,trailing_eps_fallback_icc,,233021392.0
CGNT,ok,True,True,True,False,True,forecast_icc,,636545984.0
CGNX,ok,True,True,True,True,True,forecast_icc,,10236420096.0
CGON,failed,True,True,False,False,False,,missing_positive_eps,6702985728.0
CGTL,failed,True,True,False,False,False,,missing_positive_eps,6627728.0
CGTX,failed,True,True,False,False,False,,missing_positive_eps,100799360.0
CHA,ok,True,True,True,True,True,forecast_icc,,2327312640.0
CHAI,failed,True,True,False,False,False,,missing_positive_eps,6958181.0
CHAR,ok,True,True,False,True,True,trailing_eps_fallback_icc,,120505344.0
CHCI,ok,True,True,False,True,True,trailing_eps_fallback_icc,,208415168.0
CHCO,ok,True,True,True,True,True,forecast_icc,,2011122176.0
CHCT,ok,True,True,True,True,True,forecast_icc,,413188416.0
CHD,ok,True,True,True,True,True,forecast_icc,,22546231296.0
CHDN,ok,True,True,True,True,True,forecast_icc,,5730754048.0
CHE,ok,True,True,True,True,True,forecast_icc,,6613008384.0
CHEC,ok,True,True,False,True,True,trailing_eps_fallback_icc,,177238096.0
CHEF,ok,True,True,True,True,True,forecast_icc,,4494096896.0
CHGA,ok,True,True,False,True,True,trailing_eps_fallback_icc,,2279639.0
CHGG,failed,True,True,False,False,False,,missing_positive_eps,82682168.0
CHH,ok,True,True,True,True,True,forecast_icc,,4487675392.0
CHKP,ok,True,True,True,True,True,forecast_icc,,13909169152.0
CHMG,ok,True,True,True,True,True,forecast_icc,,398615200.0
CHMI,ok,True,True,True,True,True,forecast_icc,,107190232.0
CHNR,failed,True,True,False,False,False,,missing_positive_eps,4799402.0
CHOW,failed,True,True,False,False,False,,missing_positive_eps,19712922.0
CHPG,ok,True,True,False,True,True,trailing_eps_fallback_icc,,104267264.0
CHPT,failed,True,True,False,False,False,,missing_positive_eps,266355216.0
CHR,failed,True,True,False,False,False,,missing_positive_eps,2971179.0
CHRD,ok,True,True,True,True,True,forecast_icc,,8000657920.0
CHRN,failed,True,True,False,False,False,,missing_positive_eps,2931681792.0
CHRS,failed,True,True,False,False,False,,missing_positive_eps,190036176.0
CHRW,ok,True,True,True,True,True,forecast_icc,,17974061056.0
CHSCL,failed,True,False,False,False,False,,missing_positive_eps,
CHSCM,failed,True,False,False,False,False,,missing_positive_eps,
CHSCN,failed,True,False,False,False,False,,missing_positive_eps,
CHSCO,failed,True,False,False,False,False,,missing_positive_eps,
CHSN,ok,True,True,False,True,True,trailing_eps_fallback_icc,,2458464.0
CHT,ok,True,True,True,True,True,forecast_icc,,35467046912.0
CHTR,ok,True,True,True,True,True,forecast_icc,,17332445184.0
CHWY,ok,True,True,True,True,True,forecast_icc,,8400279552.0
CHYM,ok,True,True,True,True,True,forecast_icc,,11630134272.0
CI,ok,True,True,True,True,True,forecast_icc,,72930369536.0
CIA,ok,True,True,True,True,True,forecast_icc,,176238016.0
CIB,ok,True,True,True,True,True,forecast_icc,,23198535680.0
CIEN,ok,True,True,True,True,True,forecast_icc,,48817586176.0
CIFR,ok,True,True,True,False,True,forecast_icc,,7030620672.0
CIG,ok,True,True,True,True,True,forecast_icc,,6150466560.0
CIG-C,ok,True,True,False,True,True,trailing_eps_fallback_icc,,9497463808.0
CIGI,ok,True,True,True,True,True,forecast_icc,,4536996864.0
CIGL,failed,True,True,False,False,False,,missing_positive_eps,96014856.0
CII,ok,True,True,False,True,True,trailing_eps_fallback_icc,,1047150400.0
CIIT,failed,True,True,False,False,False,,missing_positive_eps,2341083.0
CIK,ok,True,False,False,True,True,trailing_eps_fallback_icc,,
CIM,ok,True,True,True,False,True,forecast_icc,,920106176.0
CINF,ok,True,True,True,True,True,forecast_icc,,26075920384.0
CING,failed,True,True,False,False,False,,missing_positive_eps,74890408.0
CINT,ok,True,True,True,True,True,forecast_icc,,401884480.0
CION,ok,True,True,True,True,True,forecast_icc,,357211648.0
CIRC,failed,True,True,False,False,False,,missing_positive_eps,55132696.0
CISO,failed,True,True,False,False,False,,missing_positive_eps,11144681.0
CISS,ok,True,True,False,True,True,trailing_eps_fallback_icc,,364954.0
CITR,failed,True,True,False,False,False,,missing_positive_eps,113756808.0
CIVB,ok,True,True,True,True,True,forecast_icc,,566227072.0
CIX,ok,True,True,False,True,True,trailing_eps_fallback_icc,,465708800.0
CJMB,failed,True,True,False,False,False,,missing_positive_eps,13345493.0
CKX,ok,True,True,False,True,True,trailing_eps_fallback_icc,,21783698.0
CL,ok,True,True,True,True,True,forecast_icc,,69935972352.0
CLAR,ok,True,True,True,False,True,forecast_icc,,137071600.0
CLB,ok,True,True,True,True,True,forecast_icc,,523083776.0
CLBK,ok,True,True,True,True,True,forecast_icc,,1201872640.0
CLBR,failed,True,True,False,False,False,,missing_positive_eps,408570176.0
CLBR-U,failed,False,False,False,False,False,,missing_price,
CLBR-W,failed,False,False,False,False,False,,missing_price,
CLBT,ok,True,True,True,True,True,forecast_icc,,2970851328.0
CLDI,failed,True,True,False,False,False,,missing_positive_eps,3281913.0
CLDT,ok,True,True,False,True,True,trailing_eps_fallback_icc,,626747584.0
CLDX,failed,True,True,False,False,False,,missing_positive_eps,3061081344.0
CLF,ok,True,True,True,False,True,forecast_icc,,7280091136.0
CLFD,ok,True,True,True,True,True,forecast_icc,,416212384.0
CLGN,failed,True,True,False,False,False,,missing_positive_eps,7865815.0
CLH,ok,True,True,True,True,True,forecast_icc,,16657015808.0
CLIK,failed,True,True,False,False,False,,missing_positive_eps,10361270.0
CLIR,failed,True,True,False,False,False,,missing_positive_eps,24574912.0
CLLS,failed,True,True,False,False,False,,missing_positive_eps,147049712.0
CLM,ok,True,True,False,True,True,trailing_eps_fallback_icc,,1982103168.0
CLMB,ok,True,True,True,True,True,forecast_icc,,519512224.0
CLMT,ok,True,True,True,False,True,forecast_icc,,5190390784.0
CLNE,failed,True,True,False,False,False,,missing_positive_eps,383574304.0
CLNN,failed,True,True,False,False,False,,missing_positive_eps,58988024.0
CLOV,ok,True,True,True,False,True,forecast_icc,,2411449344.0
CLPR,ok,True,True,True,False,True,forecast_icc,,144839616.0
CLPS,failed,True,True,False,False,False,,missing_positive_eps,30140246.0
CLPT,failed,True,True,False,False,False,,missing_positive_eps,419128096.0
CLRB,failed,True,True,False,False,False,,missing_positive_eps,22685060.0
CLRO,failed,True,True,False,False,False,,missing_positive_eps,11049452.0
CLS,ok,True,True,True,True,True,forecast_icc,,41609101312.0
CLSK,failed,True,True,False,False,False,,missing_positive_eps,3428507904.0
CLST,ok,True,True,False,True,True,trailing_eps_fallback_icc,,72567896.0
CLVT,ok,True,True,True,False,True,forecast_icc,,1215361536.0
CLW,failed,True,True,False,False,False,,missing_positive_eps,338683040.0
CLX,ok,True,True,True,True,True,forecast_icc,,10279135232.0
CLYM,failed,True,True,False,False,False,,missing_positive_eps,807553792.0
CM,ok,True,True,True,True,True,forecast_icc,,103304888320.0
CMBT,ok,True,True,True,True,True,forecast_icc,,5922364928.0
CMC,ok,True,False,True,True,True,forecast_icc,,
CMCL,ok,True,True,True,True,True,forecast_icc,,469262400.0
CMCM,ok,True,True,True,False,True,forecast_icc,,92184728.0
CMCO,ok,True,True,True,False,True,forecast_icc,,454323200.0
CMCSA,ok,True,True,True,True,True,forecast_icc,,81299267584.0
CMCT,failed,True,True,False,False,False,,missing_positive_eps,8300363.0
CMDB,ok,True,True,False,True,True,trailing_eps_fallback_icc,,587123968.0
CME,ok,True,True,True,True,True,forecast_icc,,97499914240.0
CMG,ok,True,True,True,True,True,forecast_icc,,42404155392.0
CMI,ok,True,True,True,True,True,forecast_icc,,72119664640.0
CMMB,failed,True,True,False,False,False,,missing_positive_eps,20517448.0
CMND,failed,True,True,False,False,False,,missing_positive_eps,2888945.0
CMP,ok,True,True,True,True,True,forecast_icc,,1003342848.0
CMPR,ok,True,True,True,True,True,forecast_icc,,1984969216.0
CMPS,failed,True,True,False,False,False,,missing_positive_eps,2077152256.0
CMPX,failed,True,True,False,False,False,,missing_positive_eps,333162656.0
CMRC,ok,True,True,True,False,True,forecast_icc,,282549184.0
CMRE,ok,True,True,True,True,True,forecast_icc,,1858119424.0
CMS,ok,True,True,True,True,True,forecast_icc,,20758806528.0
CMT,ok,True,True,True,True,True,forecast_icc,,209279648.0
CMTG,failed,True,True,False,False,False,,missing_positive_eps,205982944.0
CMTL,failed,True,True,False,False,False,,missing_positive_eps,45541376.0
CMTV,ok,True,True,False,True,True,trailing_eps_fallback_icc,,232941520.0
CNA,ok,True,True,True,True,True,forecast_icc,,13042964480.0
CNC,ok,True,True,True,False,True,forecast_icc,,33147064320.0
CNCK,failed,True,True,False,False,False,,missing_positive_eps,363888448.0
CNDT,failed,True,True,False,False,False,,missing_positive_eps,264385360.0
CNET,failed,True,True,False,False,False,,missing_positive_eps,4603878.0
CNEY,failed,True,True,False,False,False,,missing_positive_eps,2964844.0
CNF,ok,True,True,True,False,True,forecast_icc,,31747394.0
CNH,ok,True,True,True,True,True,forecast_icc,,21790550016.0
CNI,ok,True,True,True,True,True,forecast_icc,,72509358080.0
CNK,ok,True,True,True,True,True,forecast_icc,,4001277440.0
CNL,failed,True,True,False,False,False,,missing_positive_eps,1195453440.0
CNM,ok,True,True,True,True,True,forecast_icc,,7912626688.0
CNMD,ok,True,True,True,True,True,forecast_icc,,1381651072.0
CNNE,failed,True,True,False,False,False,,missing_positive_eps,663625728.0
CNO,ok,True,True,True,True,True,forecast_icc,,5141412352.0
CNOB,ok,True,True,True,True,True,forecast_icc,,1589603456.0
CNP,ok,True,True,True,True,True,forecast_icc,,25400254464.0
CNQ,ok,True,True,True,True,True,forecast_icc,,104353128448.0
CNR,ok,True,True,True,True,True,forecast_icc,,4632055296.0
CNS,ok,True,True,True,True,True,forecast_icc,,3744515840.0
CNSP,failed,True,True,False,False,False,,missing_positive_eps,7482618.0
CNSY,ok,True,True,False,True,True,trailing_eps_fallback_icc,,15406939.0
CNTB,failed,True,True,False,False,False,,missing_positive_eps,81236856.0
CNTN,failed,True,True,False,False,False,,missing_positive_eps,167330848.0
CNTX,failed,True,True,False,False,False,,missing_positive_eps,35226476.0
CNTY,failed,True,True,False,False,False,,missing_positive_eps,32358346.0
CNVS,failed,True,True,False,False,False,,missing_positive_eps,50633060.0
CNX,ok,True,True,True,True,True,forecast_icc,,4959070720.0
CNXC,ok,True,True,True,False,True,forecast_icc,,1729260160.0
CNXN,ok,True,True,True,True,True,forecast_icc,,2182086144.0
CNXU,failed,True,True,False,False,False,,missing_positive_eps,149495504.0
COAG,failed,True,True,False,False,False,,missing_positive_eps,1925473536.0
COCH,failed,True,True,False,False,False,,missing_positive_eps,52507760.0
COCO,ok,True,True,True,True,True,forecast_icc,,3254279936.0
COCP,failed,True,True,False,False,False,,missing_positive_eps,21960048.0
CODA,ok,True,True,True,True,True,forecast_icc,,121631824.0
CODI,ok,True,True,True,False,True,forecast_icc,,833614528.0
CODX,failed,True,True,False,False,False,,missing_positive_eps,6564534.0
COE,failed,True,True,False,False,False,,missing_positive_eps,69264344.0
COF,ok,True,True,True,True,True,forecast_icc,,123948474368.0
COFS,ok,True,True,True,True,True,forecast_icc,,499663936.0
COGT,failed,True,True,False,False,False,,missing_positive_eps,5759293952.0
COHN,ok,True,True,True,True,True,forecast_icc,,32612598.0
COHR,ok,True,True,True,True,True,forecast_icc,,57962430464.0
COHU,ok,True,True,True,False,True,forecast_icc,,2603613696.0
COIN,ok,True,True,True,False,True,forecast_icc,,45899710464.0
COKE,ok,True,True,True,True,True,forecast_icc,,13244298240.0
COLA,ok,True,True,False,True,True,trailing_eps_fallback_icc,,47865772.0
COLB,ok,True,True,True,True,True,forecast_icc,,8471508480.0
COLD,failed,True,True,False,False,False,,missing_positive_eps,4262544640.0
COLL,ok,True,True,True,True,True,forecast_icc,,693761920.0
COLM,ok,True,True,True,True,True,forecast_icc,,2920571648.0
COMP,ok,True,True,True,True,True,forecast_icc,,8044915200.0
CON,ok,True,True,True,True,True,forecast_icc,,4530704896.0
COO,ok,True,True,True,True,True,forecast_icc,,10225601536.0
COOK,ok,True,True,True,False,True,forecast_icc,,139463488.0
COOT,failed,True,True,False,False,False,,missing_positive_eps,13915750.0
COP,ok,True,True,True,True,True,forecast_icc,,160006144000.0
COPL,ok,True,True,False,True,True,trailing_eps_fallback_icc,,234013776.0
COPL-U,failed,False,False,False,False,False,,missing_price,
COPL-W,failed,False,False,False,False,False,,missing_price,
COPR,failed,True,True,False,False,False,,missing_positive_eps,58440596.0
COPR-W,failed,False,False,False,False,False,,missing_price,
COR,ok,True,True,True,True,True,forecast_icc,,59043835904.0
CORT,ok,True,True,True,True,True,forecast_icc,,12416182272.0
CORZ,ok,True,True,True,False,True,forecast_icc,,5507774976.0
COSM,ok,True,True,True,False,True,forecast_icc,,29817788.0
COSO,ok,True,True,True,True,True,forecast_icc,,325758656.0
COST,ok,True,True,True,True,True,forecast_icc,,396439027712.0
COTY,ok,True,True,True,False,True,forecast_icc,,2165947392.0
COUR,ok,True,True,True,False,True,forecast_icc,,1474746880.0
COYA,failed,True,True,False,False,False,,missing_positive_eps,111659360.0
CP,ok,True,True,True,True,True,forecast_icc,,78044651520.0
CPA,ok,True,True,True,True,True,forecast_icc,,5349385728.0
CPAC,ok,True,True,True,True,True,forecast_icc,,1039443456.0
CPAY,ok,True,True,True,True,True,forecast_icc,,26543550464.0
CPB,ok,True,True,True,True,True,forecast_icc,,6316008448.0
CPBI,ok,True,True,False,True,True,trailing_eps_fallback_icc,,83437400.0
CPF,ok,True,True,True,True,True,forecast_icc,,961666560.0
CPHC,ok,True,True,False,True,True,trailing_eps_fallback_icc,,81803288.0
CPHI,failed,True,True,False,False,False,,missing_positive_eps,30588644.0
CPIX,ok,True,True,True,False,True,forecast_icc,,107728544.0
CPK,ok,True,True,True,True,True,forecast_icc,,3154088704.0
CPNG,ok,True,True,True,False,True,forecast_icc,,25992019968.0
CPOP,failed,True,True,False,False,False,,missing_positive_eps,3751564.0
CPRI,ok,True,True,True,True,True,forecast_icc,,1716201728.0
CPRT,ok,True,True,True,True,True,forecast_icc,,27459567616.0
CPS,ok,True,True,True,False,True,forecast_icc,,404427168.0
CPSH,ok,True,True,True,True,True,forecast_icc,,77266480.0
CPSS,ok,True,True,True,True,True,forecast_icc,,207787456.0
CPT,ok,True,True,True,True,True,forecast_icc,,11680888832.0
CQP,ok,True,True,True,True,True,forecast_icc,,32310851584.0
CR,ok,True,True,True,True,True,forecast_icc,,11431176192.0
CRAC,failed,True,True,False,False,False,,missing_positive_eps,228161248.0
CRAI,ok,True,True,True,True,True,forecast_icc,,1044281152.0
CRAN,failed,True,True,False,False,False,,missing_positive_eps,474628000.0
CRAQ,ok,True,True,False,True,True,trailing_eps_fallback_icc,,404344960.0
CRBG,ok,True,True,True,True,True,forecast_icc,,15548409856.0
CRBP,failed,True,True,False,False,False,,missing_positive_eps,140417792.0
CRBU,failed,True,True,False,False,False,,missing_positive_eps,140441840.0
CRC,ok,True,True,True,False,True,forecast_icc,,4833578496.0
CRCL,ok,True,True,True,True,True,forecast_icc,,23195031552.0
CRCT,ok,True,True,True,True,True,forecast_icc,,1198521216.0
CRD-A,ok,True,True,True,True,True,forecast_icc,,616788928.0
CRD-B,ok,True,True,True,True,True,forecast_icc,,623451776.0
CRDF,failed,True,True,False,False,False,,missing_positive_eps,101133816.0
CRDL,failed,True,True,False,False,False,,missing_positive_eps,224428432.0
CRDO,ok,True,True,True,True,True,forecast_icc,,31622909952.0
CRE,ok,True,True,False,True,True,trailing_eps_fallback_icc,,5981535.0
CRESY,ok,True,True,True,True,True,forecast_icc,,909970304.0
CREX,ok,True,True,True,False,True,forecast_icc,,36386300.0
CRF,ok,True,True,False,True,True,trailing_eps_fallback_icc,,1043716352.0
CRGO,failed,True,True,False,False,False,,missing_positive_eps,56760100.0
CRGY,ok,True,True,True,True,True,forecast_icc,,5550917632.0
CRH,ok,True,True,True,True,True,forecast_icc,,57680162816.0
CRI,ok,True,True,True,True,True,forecast_icc,,1089955072.0
CRIS,ok,True,True,False,True,True,trailing_eps_fallback_icc,,2643335.0
CRK,ok,True,True,True,True,True,forecast_icc,,3793577472.0
CRL,ok,True,True,True,False,True,forecast_icc,,13567405056.0
CRM,ok,True,True,True,True,True,forecast_icc,,199865548800.0
CRMD,ok,True,True,True,True,True,forecast_icc,,607186240.0
CRML,failed,True,True,False,False,False,,missing_positive_eps,1009125696.0
CRMT,failed,True,True,False,False,False,,missing_positive_eps,14842491.0
CRNC,ok,True,True,True,False,True,forecast_icc,,368626560.0
CRNT,ok,True,True,True,False,True,forecast_icc,,192601872.0
CRNX,failed,False,True,False,False,False,,missing_price,9012787200.0
CRON,ok,True,True,True,True,True,forecast_icc,,1241551360.0
CROX,ok,True,True,True,True,True,forecast_icc,,5897244160.0
CRS,ok,True,True,True,True,True,forecast_icc,,20155965440.0
CRSP,failed,True,True,False,False,False,,missing_positive_eps,5542906368.0
CRSR,ok,True,True,True,True,True,forecast_icc,,1461470720.0
CRT,ok,True,True,False,True,True,trailing_eps_fallback_icc,,77880000.0
CRTO,ok,True,True,True,True,True,forecast_icc,,828058752.0
CRUS,ok,True,True,True,True,True,forecast_icc,,6032650752.0
CRVL,ok,True,True,False,True,True,trailing_eps_fallback_icc,,3561670656.0
CRVO,failed,True,True,False,False,False,,missing_positive_eps,38553696.0
CRVS,failed,True,True,False,False,False,,missing_positive_eps,1055717888.0
CRWD,ok,True,True,True,True,True,forecast_icc,,251580792832.0
CRWV,failed,True,True,False,False,False,,missing_positive_eps,44056739840.0
CSAI,ok,True,True,False,True,True,trailing_eps_fallback_icc,,2936392.0
CSAN,ok,True,True,True,False,True,forecast_icc,,2761404160.0
CSBR,ok,True,True,True,False,True,forecast_icc,,70706328.0
CSCO,ok,True,True,True,True,True,forecast_icc,,434630754304.0
CSGP,ok,True,True,True,True,True,forecast_icc,,11870263296.0
CSHR,ok,True,True,True,True,True,forecast_icc,,679985856.0
CSIQ,failed,True,True,False,False,False,,missing_positive_eps,797786816.0
CSL,ok,True,True,True,True,True,forecast_icc,,12723216384.0
CSPI,failed,True,True,False,False,False,,missing_positive_eps,77419352.0
CSQR,failed,True,True,False,False,False,,missing_positive_eps,2961085952.0
CSR,ok,True,True,True,True,True,forecast_icc,,1005987520.0
CSTE,failed,True,True,False,False,False,,missing_positive_eps,97161584.0
CSTL,failed,True,True,False,False,False,,missing_positive_eps,1123610880.0
CSTM,ok,True,True,True,True,True,forecast_icc,,3549471232.0
CSV,ok,True,True,True,True,True,forecast_icc,,491080608.0
CSW,ok,True,True,True,True,True,forecast_icc,,4703278080.0
CSWC,ok,True,True,True,True,True,forecast_icc,,1530250240.0
CSX,ok,True,True,True,True,True,forecast_icc,,88733548544.0
CTAA,failed,True,True,False,False,False,,missing_positive_eps,210886400.0
CTAS,ok,True,True,True,True,True,forecast_icc,,79217573888.0
CTBI,ok,True,True,True,True,True,forecast_icc,,1384216448.0
CTEV,ok,True,True,True,False,True,forecast_icc,,537743040.0
CTGO,ok,True,True,True,False,True,forecast_icc,,640389248.0
CTKB,ok,True,True,True,False,True,forecast_icc,,677212800.0
CTM,ok,True,True,True,False,True,forecast_icc,,58252580.0
CTMX,failed,True,True,False,False,False,,missing_positive_eps,614475968.0
CTNM,failed,True,True,False,False,False,,missing_positive_eps,496975168.0
CTNT,failed,True,True,False,False,False,,missing_positive_eps,142172.0
CTO,ok,True,True,True,True,True,forecast_icc,,764703296.0
CTOR,failed,True,True,False,False,False,,missing_positive_eps,107874160.0
CTOS,ok,True,True,True,True,True,forecast_icc,,2072575360.0
CTRE,ok,True,True,True,True,True,forecast_icc,,9019311104.0
CTRI,ok,True,True,True,True,True,forecast_icc,,1931423232.0
CTRM,ok,True,True,False,True,True,trailing_eps_fallback_icc,,21353802.0
CTRN,ok,True,True,True,True,True,forecast_icc,,488274624.0
CTS,ok,True,True,True,True,True,forecast_icc,,1643123584.0
CTSH,ok,True,True,True,True,True,forecast_icc,,27873488896.0
CTSO,failed,True,True,False,False,False,,missing_positive_eps,18150342.0
CTVA,ok,True,True,True,True,True,forecast_icc,,54396489728.0
CTW,ok,True,True,True,True,True,forecast_icc,,145392000.0
CTXR,failed,True,True,False,False,False,,missing_positive_eps,16139365.0
CUB,ok,True,True,False,True,True,trailing_eps_fallback_icc,,284389984.0
CUBE,ok,True,True,True,True,True,forecast_icc,,9097285632.0
CUBI,ok,True,True,True,True,True,forecast_icc,,2634460928.0
CUE,failed,True,True,False,False,False,,missing_positive_eps,274885440.0
CULP,ok,True,True,True,False,True,forecast_icc,,46356580.0
CUPR,failed,True,True,False,False,False,,missing_positive_eps,4638595.0
CURB,ok,True,True,True,True,True,forecast_icc,,3306192896.0
CURI,ok,True,True,True,False,True,forecast_icc,,165849792.0
CURR,failed,True,True,False,False,False,,missing_positive_eps,348073856.0
CURV,ok,True,True,True,False,True,forecast_icc,,231349072.0
CURX,failed,True,True,False,False,False,,missing_positive_eps,7213908.0
CUVL,ok,True,True,False,True,True,trailing_eps_fallback_icc,,295507488.0
CUZ,ok,True,True,True,True,True,forecast_icc,,4657299456.0
CV,failed,True,True,False,False,False,,missing_positive_eps,316796960.0
CVBF,ok,True,True,True,True,True,forecast_icc,,4014501632.0
CVCO,ok,True,True,True,True,True,forecast_icc,,4122903552.0
CVE,ok,True,True,True,True,True,forecast_icc,,60694102016.0
CVEO,ok,True,True,True,False,True,forecast_icc,,347111744.0
CVGI,ok,True,True,True,False,True,forecast_icc,,120679064.0
CVI,ok,True,True,True,True,True,forecast_icc,,5442726400.0
CVKD,failed,True,True,False,False,False,,missing_positive_eps,3995703.0
CVLG,ok,True,True,True,True,True,forecast_icc,,862844480.0
CVLT,ok,True,True,True,True,True,forecast_icc,,6166536192.0
CVM,failed,True,True,False,False,False,,missing_positive_eps,26207592.0
CVNA,ok,True,True,True,True,True,forecast_icc,,72981250048.0
CVR,failed,True,True,False,False,False,,missing_positive_eps,9893191.0
CVRX,failed,True,True,False,False,False,,missing_positive_eps,79924784.0
CVS,ok,True,True,True,True,True,forecast_icc,,115452649472.0
CVSA,ok,True,True,True,True,True,forecast_icc,,4302847488.0
CVU,ok,True,True,False,True,True,trailing_eps_fallback_icc,,66646164.0
CVV,failed,True,True,False,False,False,,missing_positive_eps,31766998.0
CVX,ok,True,True,True,True,True,forecast_icc,,415016419328.0
CW,ok,True,True,True,True,True,forecast_icc,,20958451712.0
CWBC,ok,True,True,True,True,True,forecast_icc,,705679360.0
CWCO,ok,True,True,True,True,True,forecast_icc,,456046400.0
CWD,failed,True,True,False,False,False,,missing_positive_eps,5035518.0
CWEN,ok,True,True,True,True,True,forecast_icc,,7635850240.0
CWH,ok,True,True,True,False,True,forecast_icc,,369563840.0
CWK,ok,True,True,True,True,True,forecast_icc,,2931574272.0
CWST,ok,True,True,True,True,True,forecast_icc,,5645508608.0
CX,ok,True,True,True,True,True,forecast_icc,,14703684608.0
CXAI,failed,True,True,False,False,False,,missing_positive_eps,5913637.0
CXDO,ok,True,True,True,True,True,forecast_icc,,189879136.0
CXII,failed,True,True,False,False,False,,missing_positive_eps,597162496.0
CXM,ok,True,True,True,True,True,forecast_icc,,1304802944.0
CXT,ok,True,True,True,True,True,forecast_icc,,2606951424.0
CXW,ok,True,True,True,True,True,forecast_icc,,3514674688.0
CYAB,failed,True,True,False,False,False,,missing_positive_eps,5279122.0
CYCN,failed,True,True,False,False,False,,missing_positive_eps,15729330.0
CYCU,ok,True,True,False,True,True,trailing_eps_fallback_icc,,88373952.0
CYD,ok,True,False,True,True,True,forecast_icc,,
CYH,ok,True,True,False,True,True,trailing_eps_fallback_icc,,411747328.0
CYN,failed,True,False,False,False,False,,missing_positive_eps,
CYPH,ok,True,True,False,True,True,trailing_eps_fallback_icc,,330836640.0
CYRX,failed,True,True,False,False,False,,missing_positive_eps,849891904.0
CYTK,failed,True,True,False,False,False,,missing_positive_eps,9720517632.0
CZFS,ok,True,True,True,True,True,forecast_icc,,392676544.0
CZNC,ok,True,True,True,True,True,forecast_icc,,465051136.0
CZR,ok,True,True,True,False,True,forecast_icc,,6046074368.0
CZWI,ok,True,True,True,True,True,forecast_icc,,207190448.0
D,ok,True,True,True,True,True,forecast_icc,,56544722944.0
DAAQ,ok,True,True,False,True,True,trailing_eps_fallback_icc,,240352304.0
DAC,ok,True,False,True,True,True,forecast_icc,,
DAIC,failed,True,True,False,False,False,,missing_positive_eps,6415030.0
DAIO,ok,True,True,True,False,True,forecast_icc,,29419624.0
DAKT,ok,True,True,True,True,True,forecast_icc,,838735808.0
DAL,ok,True,True,True,True,True,forecast_icc,,52234997760.0
DAN,ok,True,True,True,False,True,forecast_icc,,3281088768.0
DAO,ok,True,True,True,True,True,forecast_icc,,1726281600.0
DAR,ok,True,True,True,True,True,forecast_icc,,10492315648.0
DARE,failed,True,True,False,False,False,,missing_positive_eps,14708541.0
DASH,ok,True,True,True,True,True,forecast_icc,,84302446592.0
DAVA,ok,True,True,True,False,True,forecast_icc,,155357584.0
DAVE,ok,True,True,True,True,True,forecast_icc,,4547210752.0
DB,ok,True,True,True,True,True,forecast_icc,,73374949376.0
DBCA,failed,True,True,False,False,False,,missing_positive_eps,557040448.0
DBD,ok,True,True,True,True,True,forecast_icc,,2155268864.0
DBGI,failed,True,True,False,False,False,,missing_positive_eps,2539904.0
DBI,ok,True,True,True,True,True,forecast_icc,,310830304.0
DBL,ok,True,False,False,True,True,trailing_eps_fallback_icc,,
DBRG,ok,True,True,True,True,True,forecast_icc,,2983049984.0
DBVT,failed,True,True,False,False,False,,missing_positive_eps,786234688.0
DBX,ok,True,True,True,True,True,forecast_icc,,8178017280.0
DC,failed,True,True,False,False,False,,missing_positive_eps,815771776.0
DCBG,failed,True,False,False,False,False,,missing_positive_eps,
DCBO,ok,True,True,True,True,True,forecast_icc,,592255872.0
DCGO,ok,True,True,True,False,True,forecast_icc,,36910176.0
DCH,ok,True,True,True,False,True,forecast_icc,,1451764224.0
DCI,ok,True,False,True,True,True,forecast_icc,,
DCO,ok,True,True,True,False,True,forecast_icc,,2515019264.0
DCOM,ok,True,True,True,True,True,forecast_icc,,1790991616.0
DCOY,ok,True,True,False,True,True,trailing_eps_fallback_icc,,1854173.0
DCTH,ok,True,True,True,True,True,forecast_icc,,563855424.0
DCX,ok,True,True,False,True,True,trailing_eps_fallback_icc,,154729120.0
DD,ok,True,True,True,True,True,forecast_icc,,17347620864.0
DDC,ok,True,True,True,False,True,forecast_icc,,13187172.0
DDD,failed,True,True,False,False,False,,missing_positive_eps,588160448.0
DDI,ok,True,True,True,True,True,forecast_icc,,631806336.0
DDL,ok,True,True,True,True,True,forecast_icc,,485418816.0
DDOG,ok,True,True,True,True,True,forecast_icc,,84741701632.0
DDS,ok,True,True,True,True,True,forecast_icc,,9906793472.0
DDT,failed,True,False,False,False,False,,missing_positive_eps,
DE,ok,True,True,True,True,True,forecast_icc,,184863277056.0
DEA,ok,True,True,True,True,True,forecast_icc,,1144775680.0
DEC,ok,True,True,True,True,True,forecast_icc,,959640576.0
DECK,ok,True,True,True,True,True,forecast_icc,,10855055360.0
DEFT,ok,True,True,True,True,True,forecast_icc,,187371408.0
DEI,failed,True,True,False,False,False,,missing_positive_eps,2069119104.0
DELL,ok,True,True,True,True,True,forecast_icc,,374112223232.0
DEO,ok,True,True,True,True,True,forecast_icc,,48207716352.0
DERM,failed,True,True,False,False,False,,missing_positive_eps,207731552.0
DETX,failed,True,True,False,False,False,,missing_positive_eps,13068561.0
DFDV,failed,True,True,False,False,False,,missing_positive_eps,163103952.0
DFH,ok,True,True,True,True,True,forecast_icc,,1060166272.0
DFIN,ok,True,True,True,True,True,forecast_icc,,1180590208.0
DFLI,failed,True,True,False,False,False,,missing_positive_eps,13217295.0
DFNS,failed,True,True,False,False,False,,missing_positive_eps,7962700.0
DFP,ok,True,True,False,True,True,trailing_eps_fallback_icc,,405012032.0
DFSC,failed,True,True,False,False,False,,missing_positive_eps,4269718.0
DFTX,failed,True,True,False,False,False,,missing_positive_eps,5197313536.0
DG,ok,True,True,True,True,True,forecast_icc,,27566065664.0
DGAC,failed,True,True,False,False,False,,missing_positive_eps,225635008.0
DGAC-R,failed,False,False,False,False,False,,missing_price,
DGAC-U,failed,False,False,False,False,False,,missing_price,
DGICA,ok,True,True,True,True,True,forecast_icc,,700440832.0
DGICB,ok,True,True,False,True,True,trailing_eps_fallback_icc,,775792960.0
DGII,ok,True,True,True,True,True,forecast_icc,,2757310720.0
DGNX,failed,True,True,False,False,False,,missing_positive_eps,41073484.0
DGX,ok,True,True,True,True,True,forecast_icc,,27311888384.0
DGXX,failed,True,True,False,False,False,,missing_positive_eps,389363264.0
DH,ok,True,True,True,False,True,forecast_icc,,102282784.0
DHC,failed,True,True,False,False,False,,missing_positive_eps,1968508672.0
DHF,ok,True,True,False,True,True,trailing_eps_fallback_icc,,165839296.0
DHI,ok,True,True,True,True,True,forecast_icc,,39264468992.0
DHR,ok,True,True,True,True,True,forecast_icc,,149384527872.0
DHT,ok,True,True,True,True,True,forecast_icc,,3679395584.0
DHX,ok,True,True,True,True,True,forecast_icc,,215560544.0
DHY,ok,True,False,False,True,True,trailing_eps_fallback_icc,,
DIBS,failed,True,True,False,False,False,,missing_positive_eps,140175776.0
DIN,ok,True,True,True,True,True,forecast_icc,,353443456.0
DINO,ok,True,True,True,True,True,forecast_icc,,20733153280.0
DIOD,ok,True,True,True,True,True,forecast_icc,,4181034240.0
DIS,ok,True,True,True,True,True,forecast_icc,,181906456576.0
DIT,ok,True,False,False,True,True,trailing_eps_fallback_icc,,
DJCO,failed,True,True,False,False,False,,missing_positive_eps,918267264.0
DJT,failed,True,True,False,False,False,,missing_positive_eps,2412530432.0
DK,ok,True,True,True,True,True,forecast_icc,,4993484288.0
DKI,failed,True,True,False,False,False,,missing_positive_eps,5621533.0
DKL,ok,True,True,True,True,True,forecast_icc,,3253987840.0
DKNG,ok,True,True,True,False,True,forecast_icc,,11155321856.0
DKS,ok,True,True,True,True,True,forecast_icc,,11019779072.0
DLB,ok,True,True,True,True,True,forecast_icc,,5383145472.0
DLHC,failed,True,True,False,False,False,,missing_positive_eps,56232976.0
DLNG,ok,True,True,True,True,True,forecast_icc,,134613440.0
DLO,ok,True,True,True,True,True,forecast_icc,,4225704448.0
DLPN,ok,True,True,True,False,True,forecast_icc,,13937340.0
DLR,ok,True,True,True,True,True,forecast_icc,,69588312064.0
DLTH,ok,True,True,False,True,True,trailing_eps_fallback_icc,,159240960.0
DLTR,ok,True,True,True,True,True,forecast_icc,,21464907776.0
DLX,ok,True,True,True,True,True,forecast_icc,,1096882432.0
DLXY,failed,True,True,False,False,False,,missing_positive_eps,13812480.0
DLY,ok,True,True,False,True,True,trailing_eps_fallback_icc,,652364864.0
DMA,failed,True,True,False,False,False,,missing_positive_eps,67045028.0
DMAA,ok,True,True,False,True,True,trailing_eps_fallback_icc,,263161728.0
DMAC,failed,True,True,False,False,False,,missing_positive_eps,369391008.0
DMB,ok,True,True,False,True,True,trailing_eps_fallback_icc,,182771312.0
DMC,ok,True,True,True,True,True,forecast_icc,,1455403776.0
DMII,ok,True,True,False,True,True,trailing_eps_fallback_icc,,648147520.0
DMLP,ok,True,True,False,True,True,trailing_eps_fallback_icc,,1461451264.0
DMO,ok,True,True,False,True,True,trailing_eps_fallback_icc,,112214392.0
DMRA,failed,True,True,False,False,False,,missing_positive_eps,1406335232.0
DMRC,failed,True,True,False,False,False,,missing_positive_eps,119793496.0
DNA,failed,True,True,False,False,False,,missing_positive_eps,527947808.0
DNLI,failed,True,True,False,False,False,,missing_positive_eps,3217728256.0
DNMX,failed,True,True,False,False,False,,missing_positive_eps,270211648.0
DNN,failed,True,True,False,False,False,,missing_positive_eps,2616194560.0
DNOW,ok,True,True,True,False,True,forecast_icc,,2883534848.0
DNP,ok,True,True,False,True,True,trailing_eps_fallback_icc,,3871362816.0
DNTH,failed,True,True,False,False,False,,missing_positive_eps,5656084480.0
DNUT,ok,True,True,True,False,True,forecast_icc,,529174976.0
DOC,ok,True,True,True,True,True,forecast_icc,,14533419008.0
DOCN,ok,True,True,True,True,True,forecast_icc,,15635728384.0
DOCS,ok,True,True,True,True,True,forecast_icc,,4735995904.0
DOCU,ok,True,True,True,True,True,forecast_icc,,13202788352.0
DOGZ,failed,True,True,False,False,False,,missing_positive_eps,15506179.0
DOLE,ok,True,True,True,True,True,forecast_icc,,1241188736.0
DOMH,failed,True,True,False,False,False,,missing_positive_eps,59154496.0
DOMO,ok,True,True,True,False,True,forecast_icc,,181559568.0
DOO,ok,True,True,True,True,True,forecast_icc,,4186483968.0
DORM,ok,True,True,True,True,True,forecast_icc,,3653662208.0
DOUG,ok,True,True,True,True,True,forecast_icc,,156331616.0
DOV,ok,True,True,True,True,True,forecast_icc,,25486886912.0
DOW,ok,True,True,True,False,True,forecast_icc,,21301827584.0
DOX,ok,True,True,True,True,True,forecast_icc,,6318151680.0
DOYU,ok,True,True,True,False,True,forecast_icc,,140331696.0
DPC,ok,True,True,True,False,True,forecast_icc,,6035478528.0
DPRO,failed,True,True,False,False,False,,missing_positive_eps,213604016.0
DPU,failed,True,False,False,False,False,,missing_positive_eps,
DPZ,ok,True,True,True,True,True,forecast_icc,,9846778880.0
DQ,failed,True,True,False,False,False,,missing_positive_eps,807257024.0
DRCT,failed,True,True,False,False,False,,missing_positive_eps,1364636.0
DRD,ok,True,True,True,True,True,forecast_icc,,2268323328.0
DRDB,failed,True,True,False,False,False,,missing_positive_eps,327213344.0
DRH,ok,True,True,True,True,True,forecast_icc,,2516016640.0
DRI,ok,True,True,True,True,True,forecast_icc,,23473625088.0
DRIO,failed,True,True,False,False,False,,missing_positive_eps,68498368.0
DRK,failed,True,False,False,False,False,,missing_positive_eps,
DRMA,failed,True,True,False,False,False,,missing_positive_eps,5748040.0
DRS,ok,True,True,True,True,True,forecast_icc,,9891000320.0
DRTS,failed,True,True,False,False,False,,missing_positive_eps,1432486528.0
DRUG,failed,True,True,False,False,False,,missing_positive_eps,603932352.0
DRVN,ok,True,True,True,True,True,forecast_icc,,2022652544.0
DSAC,failed,True,True,False,False,False,,missing_positive_eps,345626240.0
DSC,ok,True,True,True,False,True,forecast_icc,,377546592.0
DSGN,failed,True,True,False,False,False,,missing_positive_eps,801670976.0
DSGR,ok,True,True,True,True,True,forecast_icc,,1611538944.0
DSGX,ok,True,True,True,True,True,forecast_icc,,6812231168.0
DSL,ok,True,True,False,True,True,trailing_eps_fallback_icc,,1175499520.0
DSM,ok,True,True,False,True,True,trailing_eps_fallback_icc,,271363520.0
DSP,ok,True,True,True,True,True,forecast_icc,,667806336.0
DSS,failed,True,False,False,False,False,,missing_positive_eps,
DSU,ok,True,True,False,True,True,trailing_eps_fallback_icc,,589524800.0
DSWL,ok,True,True,False,True,True,trailing_eps_fallback_icc,,50991616.0
DSX,ok,True,True,True,True,True,forecast_icc,,381950112.0
DSY,failed,True,True,False,False,False,,missing_positive_eps,16679074.0
DT,ok,True,True,True,True,True,forecast_icc,,16203478016.0
DTCX,failed,True,True,False,False,False,,missing_positive_eps,85505920.0
DTE,ok,True,True,True,True,True,forecast_icc,,27143008256.0
DTF,ok,True,True,False,True,True,trailing_eps_fallback_icc,,80699424.0
DTI,ok,True,True,True,False,True,forecast_icc,,86441448.0
DTIL,failed,True,True,False,False,False,,missing_positive_eps,184102368.0
DTM,ok,True,True,True,True,True,forecast_icc,,12843725824.0
DTSQ,ok,True,True,False,True,True,trailing_eps_fallback_icc,,41794996.0
DTSS,ok,True,True,True,False,True,forecast_icc,,12745527.0
DTST,failed,True,True,False,False,False,,missing_positive_eps,6873183.0
DUK,ok,True,True,True,True,True,forecast_icc,,92425904128.0
DUKR,failed,True,True,False,False,False,,missing_positive_eps,18328982.0
DUO,failed,True,True,False,False,False,,missing_positive_eps,20006626.0
DUOL,ok,True,True,True,True,True,forecast_icc,,6853847552.0
DUOT,ok,True,True,True,True,True,forecast_icc,,267516256.0
DV,ok,True,True,True,True,True,forecast_icc,,2087682816.0
DVA,ok,True,True,True,True,True,forecast_icc,,11681141760.0
DVLT,ok,True,True,True,True,True,forecast_icc,,156610240.0
DVN,ok,True,True,True,True,True,forecast_icc,,53592002560.0
DWSN,ok,True,True,False,True,True,trailing_eps_fallback_icc,,100930760.0
DWTX,ok,True,True,False,True,True,trailing_eps_fallback_icc,,58467192.0
DX,ok,True,True,True,True,True,forecast_icc,,3049971456.0
DXC,ok,True,True,True,True,True,forecast_icc,,1827868160.0
DXCM,ok,True,True,True,True,True,forecast_icc,,33181331456.0
DXF,failed,True,True,False,False,False,,missing_positive_eps,1715056.0
DXLG,failed,True,True,False,False,False,,missing_positive_eps,35878448.0
DXPE,ok,True,True,True,True,True,forecast_icc,,2857327616.0
DXST,failed,True,True,False,False,False,,missing_positive_eps,5648576.0
DXYZ,ok,True,True,False,True,True,trailing_eps_fallback_icc,,949005440.0
DY,ok,True,True,True,True,True,forecast_icc,,8610651136.0
DYAI,failed,True,True,False,False,False,,missing_positive_eps,16974992.0
DYN,failed,True,True,False,False,False,,missing_positive_eps,3372640512.0
DYNC,ok,True,True,False,True,True,trailing_eps_fallback_icc,,241032000.0
DYOR,failed,True,True,False,False,False,,missing_positive_eps,232990000.0
E,ok,True,True,True,True,True,forecast_icc,,79605719040.0
EAD,ok,True,True,False,True,True,trailing_eps_fallback_icc,,366372480.0
EAF,failed,True,True,False,False,False,,missing_positive_eps,208737312.0
EARN,ok,True,True,True,True,True,forecast_icc,,160043104.0
EAT,ok,True,True,True,True,True,forecast_icc,,8334624768.0
EBAY,ok,True,True,True,True,True,forecast_icc,,50240499712.0
EBC,ok,True,True,True,True,True,forecast_icc,,4924423680.0
EBF,ok,True,False,True,True,True,forecast_icc,,
EBMT,ok,True,True,True,True,True,forecast_icc,,174681904.0
EBON,failed,True,True,False,False,False,,missing_positive_eps,12812456.0
EBS,ok,True,True,True,False,True,forecast_icc,,359938816.0
EC,ok,True,True,True,True,True,forecast_icc,,35730407424.0
ECAT,ok,True,True,False,True,True,trailing_eps_fallback_icc,,1420407296.0
ECBK,ok,True,True,False,True,True,trailing_eps_fallback_icc,,181350992.0
ECC,ok,True,True,True,False,True,forecast_icc,,488149472.0
ECG,ok,True,True,True,True,True,forecast_icc,,5785055744.0
ECHO,ok,True,True,True,False,True,forecast_icc,,27329368064.0
ECL,ok,True,True,True,True,True,forecast_icc,,76159672320.0
ECO,ok,True,True,True,True,True,forecast_icc,,3369553920.0
ECOR,failed,True,True,False,False,False,,missing_positive_eps,102600776.0
ECPG,ok,True,True,True,True,True,forecast_icc,,2124754304.0
ECVT,ok,True,True,True,True,True,forecast_icc,,1164743808.0
ECX,ok,True,True,True,False,True,forecast_icc,,414605344.0
ED,ok,True,True,True,True,True,forecast_icc,,39601250304.0
EDBL,failed,True,True,False,False,False,,missing_positive_eps,2732112.0
EDD,ok,True,False,False,True,True,trailing_eps_fallback_icc,,
EDF,ok,True,True,False,True,True,trailing_eps_fallback_icc,,170523184.0
EDHL,failed,True,True,False,False,False,,missing_positive_eps,8697955.0
EDIT,failed,True,True,False,False,False,,missing_positive_eps,417737696.0
EDN,ok,True,False,True,True,True,forecast_icc,,
EDRY,ok,True,True,True,True,True,forecast_icc,,228456336.0
EDSA,failed,True,True,False,False,False,,missing_positive_eps,39913868.0
EDTK,failed,True,True,False,False,False,,missing_positive_eps,16361445.0
EDU,ok,True,False,True,True,True,forecast_icc,,
EDUC,ok,True,True,True,True,True,forecast_icc,,11082453.0
EDVA,failed,True,True,False,False,False,,missing_positive_eps,1841643.0
EE,ok,True,True,True,True,True,forecast_icc,,4155053056.0
EEA,ok,True,True,False,True,True,trailing_eps_fallback_icc,,73523704.0
EEFT,ok,True,True,True,True,True,forecast_icc,,2538208000.0
EEIQ,failed,True,True,False,False,False,,missing_positive_eps,5944309.0
EFC,ok,True,True,True,True,True,forecast_icc,,1652050944.0
EFOI,failed,True,True,False,False,False,,missing_positive_eps,16623669.0
EFOR,ok,True,True,True,True,True,forecast_icc,,1350130048.0
EFR,ok,True,True,True,True,True,forecast_icc,,305864672.0
EFSC,ok,True,True,True,True,True,forecast_icc,,2249003264.0
EFSI,ok,True,True,True,True,True,forecast_icc,,248339008.0
EFT,ok,True,False,False,True,True,trailing_eps_fallback_icc,,
EFTY,ok,True,True,False,True,True,trailing_eps_fallback_icc,,302052224.0
EFX,ok,True,True,True,True,True,forecast_icc,,18935040000.0
EFXT,ok,True,True,True,True,True,forecast_icc,,2780282624.0
EG,ok,True,True,True,True,True,forecast_icc,,14574840832.0
EGAN,ok,True,True,True,True,True,forecast_icc,,142372784.0
EGBN,ok,True,True,True,False,True,forecast_icc,,859952832.0
EGG,failed,True,True,False,False,False,,missing_positive_eps,74493832.0
EGHA,ok,True,True,False,True,True,trailing_eps_fallback_icc,,213200000.0
EGHT,ok,True,True,True,True,True,forecast_icc,,261428256.0
EGO,ok,True,True,True,True,True,forecast_icc,,11055750144.0
EGP,ok,True,True,True,True,True,forecast_icc,,10842313728.0
EGY,ok,True,True,True,False,True,forecast_icc,,656396672.0
EH,ok,True,True,True,False,True,forecast_icc,,350405568.0
EHC,ok,True,True,True,True,True,forecast_icc,,12148177920.0
EHGO,failed,True,True,False,False,False,,missing_positive_eps,5338290.0
EHI,ok,True,True,False,True,True,trailing_eps_fallback_icc,,169375568.0
EHLD,ok,True,True,False,True,True,trailing_eps_fallback_icc,,37919524.0
EHTH,ok,True,True,True,False,True,forecast_icc,,27065566.0
EIC,ok,True,True,True,False,True,forecast_icc,,225665152.0
EIG,ok,True,True,True,True,True,forecast_icc,,886530560.0
EIKN,failed,True,True,False,False,False,,missing_positive_eps,465819296.0
EIM,ok,True,True,False,True,True,trailing_eps_fallback_icc,,471086752.0
EIX,ok,True,True,True,True,True,forecast_icc,,21357176832.0
EJH,ok,True,True,False,True,True,trailing_eps_fallback_icc,,3968191.0
EL,ok,True,True,True,True,True,forecast_icc,,33958412288.0
ELA,ok,True,True,True,True,True,forecast_icc,,354920704.0
ELAB,failed,True,True,False,False,False,,missing_positive_eps,3821212.0
ELAN,ok,True,True,True,False,True,forecast_icc,,11357483008.0
ELBM,ok,True,True,True,False,True,forecast_icc,,58772116.0
ELDN,failed,True,True,False,False,False,,missing_positive_eps,215342064.0
ELE,ok,True,True,True,False,True,forecast_icc,,1561236864.0
ELF,ok,True,True,True,True,True,forecast_icc,,5506626048.0
ELLO,failed,True,True,False,False,False,,missing_positive_eps,286691168.0
ELMD,ok,True,True,True,True,True,forecast_icc,,220448400.0
ELME,failed,True,True,False,False,False,,missing_positive_eps,146615504.0
ELMT,ok,True,True,True,False,True,forecast_icc,,669195136.0
ELOG,failed,True,True,False,False,False,,missing_positive_eps,6962643.0
ELOX,ok,True,True,False,True,True,trailing_eps_fallback_icc,,60307308.0
ELPC,ok,True,True,True,True,True,forecast_icc,,9317152768.0
ELPW,failed,True,True,False,False,False,,missing_positive_eps,2330222.0
ELS,ok,True,True,True,True,True,forecast_icc,,12251216896.0
ELTK,ok,True,True,True,False,True,forecast_icc,,57597484.0
ELTX,failed,True,True,False,False,False,,missing_positive_eps,49015712.0
ELUT,failed,True,True,False,False,False,,missing_positive_eps,37645848.0
ELV,ok,True,True,True,True,True,forecast_icc,,89840279552.0
ELVA,ok,True,True,True,True,True,forecast_icc,,321303520.0
ELVN,failed,True,True,False,False,False,,missing_positive_eps,3681123072.0
ELVR,ok,True,True,True,True,True,forecast_icc,,868786752.0
EMA,ok,True,True,True,True,True,forecast_icc,,15167068160.0
EMAT,ok,True,True,True,False,True,forecast_icc,,2499638528.0
EMBC,ok,True,True,True,True,True,forecast_icc,,294063328.0
EMBJ,ok,True,True,True,True,True,forecast_icc,,13266787328.0
EMD,ok,True,False,False,True,True,trailing_eps_fallback_icc,,
EME,ok,True,True,True,True,True,forecast_icc,,32167585792.0
EMF,ok,True,True,False,True,True,trailing_eps_fallback_icc,,333338080.0
EMIS,failed,True,True,False,False,False,,missing_positive_eps,161702288.0
EML,ok,True,True,False,True,True,trailing_eps_fallback_icc,,148392976.0
EMN,ok,True,True,True,True,True,forecast_icc,,7572995584.0
EMO,ok,True,False,False,True,True,trailing_eps_fallback_icc,,
EMPD,ok,True,True,False,True,True,trailing_eps_fallback_icc,,88985960.0
EMR,ok,True,True,True,True,True,forecast_icc,,82219712512.0
ENB,ok,True,True,True,True,True,forecast_icc,,106475290624.0
ENGN,failed,True,True,False,False,False,,missing_positive_eps,128001160.0
ENGS,failed,True,True,False,False,False,,missing_positive_eps,118885856.0
ENHA,failed,True,True,False,False,False,,missing_positive_eps,199345680.0
ENIC,ok,True,True,True,True,True,forecast_icc,,5975990784.0
ENLT,ok,True,True,True,True,True,forecast_icc,,10460456960.0
ENLV,ok,True,True,False,True,True,trailing_eps_fallback_icc,,12715427.0
ENOV,ok,True,True,True,False,True,forecast_icc,,1026516992.0
ENPH,ok,True,True,True,True,True,forecast_icc,,4759850496.0
ENR,ok,True,True,True,True,True,forecast_icc,,1489519232.0
ENRD,failed,True,True,False,False,False,,missing_positive_eps,570251584.0
ENS,ok,True,True,True,True,True,forecast_icc,,6335938048.0
ENSC,failed,True,True,False,False,False,,missing_positive_eps,8804199.0
ENSG,ok,True,True,True,True,True,forecast_icc,,10194762752.0
ENTA,failed,True,True,False,False,False,,missing_positive_eps,364650048.0
ENTG,ok,True,True,True,True,True,forecast_icc,,20577574912.0
ENTX,failed,True,True,False,False,False,,missing_positive_eps,524619712.0
ENVA,ok,True,True,True,True,True,forecast_icc,,4458302464.0
ENVB,failed,True,True,False,False,False,,missing_positive_eps,7116655.0
ENVX,failed,True,True,False,False,False,,missing_positive_eps,645178688.0
EOCN,failed,True,False,False,False,False,,missing_positive_eps,
EOD,ok,True,True,False,True,True,trailing_eps_fallback_icc,,276052480.0
EOG,ok,True,True,True,True,True,forecast_icc,,76303261696.0
EOLS,ok,True,True,True,False,True,forecast_icc,,529064032.0
EONR,ok,True,True,True,False,True,forecast_icc,,28431988.0
EONR-W,failed,False,False,False,False,False,,missing_price,
EOS,ok,True,True,False,True,True,trailing_eps_fallback_icc,,1124434816.0
EOSE,failed,True,True,False,False,False,,missing_positive_eps,1439515520.0
EP,failed,True,True,False,False,False,,missing_positive_eps,102745432.0
EPAC,ok,True,True,True,True,True,forecast_icc,,1834936704.0
EPAM,ok,True,True,True,True,True,forecast_icc,,6040835072.0
EPC,ok,True,True,True,False,True,forecast_icc,,1256383872.0
EPD,ok,True,True,True,True,True,forecast_icc,,83031900160.0
EPM,ok,True,True,True,False,True,forecast_icc,,148355872.0
EPOW,failed,True,True,False,False,False,,missing_positive_eps,10305852.0
EPR,ok,True,True,True,True,True,forecast_icc,,4378966016.0
EPRT,ok,True,True,True,True,True,forecast_icc,,5811467264.0
EPRX,failed,True,True,False,False,False,,missing_positive_eps,553694848.0
EPSM,failed,True,True,False,False,False,,missing_positive_eps,17315714.0
EPSN,ok,True,True,True,False,True,forecast_icc,,179885648.0
EQ,failed,True,True,False,False,False,,missing_positive_eps,119841272.0
EQBK,ok,True,True,True,True,True,forecast_icc,,1010885312.0
EQH,ok,True,True,True,False,True,forecast_icc,,14740263936.0
EQIX,ok,True,True,True,True,True,forecast_icc,,101231222784.0
EQNR,ok,True,True,True,True,True,forecast_icc,,105118162944.0
EQPT,ok,True,True,True,True,True,forecast_icc,,4654516736.0
EQS,failed,True,True,False,False,False,,missing_positive_eps,13141265.0
EQT,ok,True,True,True,True,True,forecast_icc,,31494731776.0
EQX,ok,True,True,True,True,True,forecast_icc,,14266359808.0
ERAS,failed,True,True,False,False,False,,missing_positive_eps,5365349888.0
ERC,ok,True,True,False,True,True,trailing_eps_fallback_icc,,248837200.0
ERH,ok,True,False,False,True,True,trailing_eps_fallback_icc,,
ERIC,ok,True,True,True,True,True,forecast_icc,,33584842752.0
ERIE,ok,True,True,True,True,True,forecast_icc,,12779120640.0
ERII,ok,True,True,True,True,True,forecast_icc,,359866400.0
ERNA,failed,True,True,False,False,False,,missing_positive_eps,4385412.0
ERO,ok,True,True,True,True,True,forecast_icc,,3471191552.0
EROC,ok,True,True,True,True,True,forecast_icc,,3525577728.0
EROK,ok,True,True,True,True,True,forecast_icc,,3131480832.0
ES,ok,True,True,True,True,True,forecast_icc,,25986789376.0
ESAB,ok,True,True,True,True,True,forecast_icc,,4142604800.0
ESCA,ok,True,True,True,True,True,forecast_icc,,268025456.0
ESE,ok,True,True,True,True,True,forecast_icc,,6739595264.0
ESEA,ok,True,True,True,True,True,forecast_icc,,529788544.0
ESI,ok,True,True,True,True,True,forecast_icc,,8080790528.0
ESLA,failed,True,True,False,False,False,,missing_positive_eps,22879878.0
ESLT,ok,True,True,True,True,True,forecast_icc,,35079462912.0
ESNT,ok,True,True,True,True,True,forecast_icc,,6066663424.0
ESOA,ok,True,True,True,True,True,forecast_icc,,203011888.0
ESP,ok,True,False,True,True,True,forecast_icc,,
ESQ,ok,True,True,True,True,True,forecast_icc,,1496852736.0
ESRT,ok,True,True,True,True,True,forecast_icc,,1274398720.0
ESS,ok,True,True,True,True,True,forecast_icc,,18667024384.0
ESTA,ok,True,True,True,False,True,forecast_icc,,2073019520.0
ESTC,ok,True,True,True,True,True,forecast_icc,,9341074432.0
ET,ok,True,True,True,True,True,forecast_icc,,72481456128.0
ETB,ok,True,True,False,True,True,trailing_eps_fallback_icc,,453251872.0
ETD,ok,True,True,True,True,True,forecast_icc,,541097728.0
ETG,ok,True,True,False,True,True,trailing_eps_fallback_icc,,1760746240.0
ETJ,ok,True,True,False,True,True,trailing_eps_fallback_icc,,550528640.0
ETN,ok,True,True,True,True,True,forecast_icc,,159034261504.0
ETO,ok,True,True,False,True,True,trailing_eps_fallback_icc,,498691040.0
ETON,ok,True,True,True,True,True,forecast_icc,,1631239552.0
ETOR,ok,True,True,True,True,True,forecast_icc,,2221191680.0
ETR,ok,True,True,True,True,True,forecast_icc,,49359187968.0
ETS,failed,True,True,False,False,False,,missing_positive_eps,107176680.0
ETSS,failed,True,True,False,False,False,,missing_positive_eps,199000000.0
ETSS-U,failed,False,False,False,False,False,,missing_price,
ETSS-W,failed,False,False,False,False,False,,missing_price,
ETSY,ok,True,True,True,True,True,forecast_icc,,6639491072.0
ETV,ok,True,True,False,True,True,trailing_eps_fallback_icc,,1772334336.0
ETW,ok,True,True,False,True,True,trailing_eps_fallback_icc,,1041452736.0
ETX,ok,True,True,False,True,True,trailing_eps_fallback_icc,,193405120.0
ETY,ok,True,False,False,True,True,trailing_eps_fallback_icc,,
EU,failed,True,True,False,False,False,,missing_positive_eps,188705120.0
EUDA,ok,True,True,True,False,True,forecast_icc,,52161140.0
EURK,failed,True,True,False,False,False,,missing_positive_eps,24940204.0
EVAC,ok,True,True,False,True,True,trailing_eps_fallback_icc,,602012928.0
EVAC-U,failed,False,False,False,False,False,,missing_price,
EVAC-W,failed,False,False,False,False,False,,missing_price,
EVAX,failed,True,True,False,False,False,,missing_positive_eps,29049176.0
EVC,ok,True,True,False,True,True,trailing_eps_fallback_icc,,717080128.0
EVCM,ok,True,True,True,True,True,forecast_icc,,1356789120.0
EVER,ok,True,True,True,True,True,forecast_icc,,806637888.0
EVEX,failed,True,True,False,False,False,,missing_positive_eps,717881856.0
EVEX-W,failed,False,False,False,False,False,,missing_price,
EVF,ok,True,True,False,True,True,trailing_eps_fallback_icc,,88307600.0
EVG,ok,True,False,False,True,True,trailing_eps_fallback_icc,,
EVGN,failed,True,True,False,False,False,,missing_positive_eps,7952848.0
EVGO,failed,True,True,False,False,False,,missing_positive_eps,462338112.0
EVH,ok,True,True,True,False,True,forecast_icc,,414927776.0
EVI,ok,True,True,True,True,True,forecast_icc,,227434880.0
EVLV,failed,True,True,False,False,False,,missing_positive_eps,906551872.0
EVMN,failed,True,True,False,False,False,,missing_positive_eps,340057088.0
EVN,ok,True,True,False,True,True,trailing_eps_fallback_icc,,410407168.0
EVO,failed,True,True,False,False,False,,missing_positive_eps,593499840.0
EVOX,failed,True,True,False,False,False,,missing_positive_eps,323840000.0
EVR,ok,True,True,True,True,True,forecast_icc,,10099395584.0
EVRG,ok,True,True,True,True,True,forecast_icc,,18639048704.0
EVT,ok,True,True,False,True,True,trailing_eps_fallback_icc,,2084961664.0
EVTC,ok,True,True,True,True,True,forecast_icc,,1686216704.0
EVTL,failed,True,True,False,False,False,,missing_positive_eps,101892848.0
EVV,ok,True,False,False,True,True,trailing_eps_fallback_icc,,
EW,ok,True,True,True,True,True,forecast_icc,,50867298304.0
EWAV,failed,True,True,False,False,False,,missing_positive_eps,127190248.0
EWBC,ok,True,True,True,True,True,forecast_icc,,17234720768.0
EWTX,ok,True,True,True,False,True,forecast_icc,,5097877504.0
EXC,ok,True,True,True,True,True,forecast_icc,,43930025984.0
EXE,ok,True,True,True,True,True,forecast_icc,,20448731136.0
EXEL,ok,True,True,True,True,True,forecast_icc,,14492751872.0
EXFY,ok,True,True,True,False,True,forecast_icc,,213376784.0
EXG,ok,True,False,False,True,True,trailing_eps_fallback_icc,,
EXK,ok,True,True,True,True,True,forecast_icc,,3011789312.0
EXLS,ok,True,True,True,True,True,forecast_icc,,5379211264.0
EXOD,ok,True,True,True,False,True,forecast_icc,,193602880.0
EXOZ,failed,True,True,False,False,False,,missing_positive_eps,57451612.0
EXP,ok,True,True,True,True,True,forecast_icc,,5452232192.0
EXPD,ok,True,True,True,True,True,forecast_icc,,24578627584.0
EXPE,ok,True,True,True,True,True,forecast_icc,,34152282112.0
EXPO,ok,True,True,True,True,True,forecast_icc,,3242167552.0
EXR,ok,True,True,True,True,True,forecast_icc,,30684274688.0
EXTR,ok,True,True,True,True,True,forecast_icc,,2911246592.0
EXYN,failed,True,True,False,False,False,,missing_positive_eps,20918908.0
EYE,ok,True,True,True,True,True,forecast_icc,,1333899392.0
EYPT,failed,True,True,False,False,False,,missing_positive_eps,334526784.0
EZGO,failed,True,True,False,False,False,,missing_positive_eps,4465975.0
EZPW,ok,True,True,True,True,True,forecast_icc,,1944068352.0
EZRA,ok,True,True,False,True,True,trailing_eps_fallback_icc,,2175512.0
F,ok,True,True,True,False,True,forecast_icc,,54271176704.0
FA,ok,True,True,True,True,True,forecast_icc,,3617132800.0
FABC,failed,True,True,False,False,False,,missing_positive_eps,16038274.0
FAC,failed,True,True,False,False,False,,missing_positive_eps,606900352.0
FACT,failed,True,True,False,False,False,,missing_positive_eps,260726032.0
FAF,ok,True,True,True,True,True,forecast_icc,,7347116032.0
FAMI,failed,True,True,False,False,False,,missing_positive_eps,4784570.0
FANG,ok,True,True,True,True,True,forecast_icc,,55147094016.0
FAST,ok,True,True,True,True,True,forecast_icc,,56433934336.0
FATE,failed,True,True,False,False,False,,missing_positive_eps,301947680.0
FATN,ok,True,True,True,True,True,forecast_icc,,79543280.0
FAX,ok,True,True,False,True,True,trailing_eps_fallback_icc,,575479808.0
FBDT,failed,True,True,False,False,False,,missing_positive_eps,49138832.0
FBGL,failed,True,True,False,False,False,,missing_positive_eps,5265000.0
FBIN,ok,True,True,True,True,True,forecast_icc,,4741913088.0
FBIO,ok,True,True,True,True,True,forecast_icc,,83710992.0
FBIZ,ok,True,True,True,True,True,forecast_icc,,598251200.0
FBK,ok,True,True,True,True,True,forecast_icc,,2673830400.0
FBLA,ok,True,True,False,True,True,trailing_eps_fallback_icc,,233624832.0
FBLG,failed,True,True,False,False,False,,missing_positive_eps,10330701.0
FBNC,ok,True,True,True,True,True,forecast_icc,,2594577408.0
FBP,ok,True,True,True,True,True,forecast_icc,,4201431040.0
FBRT,ok,True,True,True,True,True,forecast_icc,,631145152.0
FBYD,failed,True,True,False,False,False,,missing_positive_eps,332951072.0
FC,ok,True,False,True,True,True,forecast_icc,,
FCAP,ok,True,True,False,True,True,trailing_eps_fallback_icc,,205995456.0
FCBC,ok,True,True,True,True,True,forecast_icc,,884436032.0
FCBM,ok,True,True,True,True,True,forecast_icc,,404516480.0
FCCO,ok,True,True,True,True,True,forecast_icc,,317710912.0
FCEL,failed,True,True,False,False,False,,missing_positive_eps,1415988608.0
FCF,ok,True,True,True,True,True,forecast_icc,,2137332864.0
FCFS,ok,True,True,True,True,True,forecast_icc,,9497122816.0
FCHL,failed,True,True,False,False,False,,missing_positive_eps,1358304.0
FCN,ok,True,True,True,True,True,forecast_icc,,3893232128.0
FCNCA,ok,True,True,True,True,True,forecast_icc,,23947964416.0
FCPT,ok,True,True,True,True,True,forecast_icc,,2490372864.0
FCRS,failed,True,True,False,False,False,,missing_positive_eps,367640608.0
FCRS-U,failed,False,False,False,False,False,,missing_price,
FCRS-W,failed,False,False,False,False,False,,missing_price,
FCUV,failed,True,True,False,False,False,,missing_positive_eps,3706980.0
FCX,ok,True,True,True,True,True,forecast_icc,,101741838336.0
FDBC,ok,True,True,False,True,True,trailing_eps_fallback_icc,,314821152.0
FDMM,failed,True,True,False,False,False,,missing_positive_eps,369667840.0
FDMT,failed,True,True,False,False,False,,missing_positive_eps,810985024.0
FDS,ok,True,True,True,True,True,forecast_icc,,9917452288.0
FDSB,ok,True,True,False,True,True,trailing_eps_fallback_icc,,96702600.0
FDX,ok,True,True,True,True,True,forecast_icc,,72392753152.0
FDXF,ok,True,True,True,True,True,forecast_icc,,18296532992.0
FE,ok,True,True,True,True,True,forecast_icc,,26461204480.0
FEAM,failed,True,True,False,False,False,,missing_positive_eps,85521360.0
FEBO,failed,True,True,False,False,False,,missing_positive_eps,7424044.0
FEDU,ok,True,True,True,True,True,forecast_icc,,22636994.0
FEED,failed,True,True,False,False,False,,missing_positive_eps,951428.0
FEIM,ok,True,True,True,True,True,forecast_icc,,944926912.0
FELE,ok,True,True,True,True,True,forecast_icc,,4253142784.0
FEMY,failed,True,True,False,False,False,,missing_positive_eps,21356318.0
FENC,ok,True,True,True,False,True,forecast_icc,,378023968.0
FENG,ok,True,True,True,True,True,forecast_icc,,17355572.0
FER,ok,True,True,True,True,True,forecast_icc,,39380910080.0
FERA,ok,True,True,False,True,True,trailing_eps_fallback_icc,,328925376.0
FERG,ok,True,True,True,True,True,forecast_icc,,41449177088.0
FET,ok,True,True,True,False,True,forecast_icc,,944088384.0
FF,ok,True,True,True,False,True,forecast_icc,,240370992.0
FFA,ok,True,True,False,True,True,trailing_eps_fallback_icc,,455728352.0
FFAI,failed,True,True,False,False,False,,missing_positive_eps,6823882.0
FFBC,ok,True,True,True,True,True,forecast_icc,,3370676736.0
FFIN,ok,True,True,True,True,True,forecast_icc,,4706875392.0
FFIV,ok,True,True,True,True,True,forecast_icc,,24611305472.0
FG,ok,True,True,True,True,True,forecast_icc,,3071739904.0
FGBI,ok,True,True,True,False,True,forecast_icc,,143559344.0
FGI,ok,True,True,True,False,True,forecast_icc,,19119582.0
FGII,failed,True,True,False,False,False,,missing_positive_eps,289978816.0
FGL,failed,True,True,False,False,False,,missing_positive_eps,46740.0
FGNX,failed,True,True,False,False,False,,missing_positive_eps,37096608.0
FHB,ok,True,True,True,True,True,forecast_icc,,3140595712.0
FHI,ok,True,True,True,True,True,forecast_icc,,4207853312.0
FHN,ok,True,True,True,True,True,forecast_icc,,11375389696.0
FHTX,failed,True,True,False,False,False,,missing_positive_eps,249418320.0
FIBK,ok,True,True,True,True,True,forecast_icc,,3541519104.0
FICO,ok,True,True,True,True,True,forecast_icc,,20869795840.0
FIEE,ok,True,True,False,True,True,trailing_eps_fallback_icc,,32152814.0
FIG,ok,True,True,True,False,True,forecast_icc,,12413800448.0
FIGR,ok,True,True,True,True,True,forecast_icc,,7563778048.0
FIGS,ok,True,True,True,True,True,forecast_icc,,2169791488.0
FIGX,failed,True,True,False,False,False,,missing_positive_eps,200059264.0
FINS,ok,True,True,False,True,True,trailing_eps_fallback_icc,,409356448.0
FINV,ok,True,True,True,True,True,forecast_icc,,797997760.0
FINW,ok,True,True,True,True,True,forecast_icc,,176310032.0
FIP,failed,True,True,False,False,False,,missing_positive_eps,329727040.0
FIRY,failed,True,True,False,False,False,,missing_positive_eps,171043024.0
FIS,ok,True,True,True,True,True,forecast_icc,,18787166208.0
FISI,ok,True,True,True,True,True,forecast_icc,,802443008.0
FISN,failed,True,True,False,False,False,,missing_positive_eps,478316192.0
FISV,ok,True,True,True,False,True,forecast_icc,,26216099840.0
FITB,ok,True,True,True,True,True,forecast_icc,,48310165504.0
FIVE,ok,True,True,True,True,True,forecast_icc,,13036795904.0
FIVN,ok,True,True,True,True,True,forecast_icc,,2577961728.0
FIX,ok,True,True,True,True,True,forecast_icc,,55394463744.0
FIZZ,ok,True,True,True,True,True,forecast_icc,,2963860480.0
FJET,failed,True,True,False,False,False,,missing_positive_eps,101742640.0
FKWL,ok,True,True,True,False,True,forecast_icc,,28871486.0
FLC,ok,True,True,False,True,True,trailing_eps_fallback_icc,,168773088.0
FLD,failed,True,True,False,False,False,,missing_positive_eps,28350566.0
FLEX,ok,True,True,True,True,True,forecast_icc,,40272310272.0
FLG,ok,True,True,True,True,True,forecast_icc,,5255075328.0
FLGT,failed,True,True,False,False,False,,missing_positive_eps,601209152.0
FLL,failed,True,True,False,False,False,,missing_positive_eps,68341952.0
FLNA,failed,True,True,False,False,False,,missing_positive_eps,34781688.0
FLNC,ok,True,True,True,False,True,forecast_icc,,1424065792.0
FLNG,ok,True,True,True,True,True,forecast_icc,,1759084032.0
FLNT,failed,True,True,False,False,False,,missing_positive_eps,111573016.0
FLO,ok,True,True,True,True,True,forecast_icc,,1291429760.0
FLOC,ok,True,True,True,True,True,forecast_icc,,2218344704.0
FLR,ok,True,True,True,False,True,forecast_icc,,7350408704.0
FLS,ok,True,True,True,True,True,forecast_icc,,9373296640.0
FLUT,ok,True,True,True,False,True,forecast_icc,,16052367360.0
FLUX,failed,True,True,False,False,False,,missing_positive_eps,11989200.0
FLX,ok,True,True,True,False,True,forecast_icc,,74226856.0
FLXS,ok,True,True,True,True,True,forecast_icc,,325129728.0
FLY,failed,True,True,False,False,False,,missing_positive_eps,3636028672.0
FLYE,failed,True,True,False,False,False,,missing_positive_eps,2644465.0
FLYW,ok,True,True,True,True,True,forecast_icc,,2157167872.0
FLYX,failed,True,True,False,False,False,,missing_positive_eps,188494560.0
FLYX-W,failed,False,False,False,False,False,,missing_price,
FMAC,failed,True,True,False,False,False,,missing_positive_eps,159221408.0
FMAO,ok,True,True,True,True,True,forecast_icc,,491288672.0
FMBH,ok,True,True,True,True,True,forecast_icc,,1333021824.0
FMC,ok,True,True,True,False,True,forecast_icc,,1277313792.0
FMFC,ok,True,True,False,True,True,trailing_eps_fallback_icc,,3788100.0
FMNB,ok,True,True,True,True,True,forecast_icc,,927224448.0
FMS,ok,True,True,True,True,True,forecast_icc,,11746080768.0
FMST,failed,True,True,False,False,False,,missing_positive_eps,13517320.0
FMX,ok,True,True,True,True,True,forecast_icc,,41014640640.0
FMY,ok,True,True,False,True,True,trailing_eps_fallback_icc,,48914264.0
FN,ok,True,True,True,True,True,forecast_icc,,13650216960.0
FNB,ok,True,True,True,True,True,forecast_icc,,6421589504.0
FND,ok,True,True,True,True,True,forecast_icc,,5048689152.0
FNF,ok,True,True,True,True,True,forecast_icc,,11551065088.0
FNGR,ok,True,True,True,False,True,forecast_icc,,10837950.0
FNKO,ok,True,True,True,False,True,forecast_icc,,300137312.0
FNLC,ok,True,True,False,True,True,trailing_eps_fallback_icc,,395897312.0
FNRN,ok,True,True,False,True,True,trailing_eps_fallback_icc,,281343392.0
FNUC,failed,True,True,False,False,False,,missing_positive_eps,51335636.0
FNV,ok,True,True,True,True,True,forecast_icc,,51420160000.0
FNWB,ok,True,True,True,True,True,forecast_icc,,94735688.0
FNWD,ok,True,True,True,True,True,forecast_icc,,185409152.0
FOA,ok,True,True,True,False,True,forecast_icc,,250084560.0
FOCL,failed,True,True,False,False,False,,missing_positive_eps,202087488.0
FOF,ok,True,True,False,True,True,trailing_eps_fallback_icc,,351158368.0
FOFO,failed,True,True,False,False,False,,missing_positive_eps,14403930.0
FOIL,ok,True,True,True,True,True,forecast_icc,,1538815360.0
FOR,ok,True,True,True,True,True,forecast_icc,,1333090560.0
FORM,ok,True,True,True,True,True,forecast_icc,,8712804352.0
FORR,ok,True,True,True,False,True,forecast_icc,,214188752.0
FORTY,ok,True,True,False,True,True,trailing_eps_fallback_icc,,1827892224.0
FOSL,ok,True,True,True,False,True,forecast_icc,,332947232.0
FOUR,ok,True,True,True,True,True,forecast_icc,,3265000960.0
FOX,ok,True,True,True,True,True,forecast_icc,,24566161408.0
FOXA,ok,True,True,True,True,True,forecast_icc,,27320029184.0
FOXF,ok,True,True,True,False,True,forecast_icc,,814560768.0
FOXX,failed,True,True,False,False,False,,missing_positive_eps,17250920.0
FPF,ok,True,True,False,True,True,trailing_eps_fallback_icc,,1029545280.0
FPH,ok,True,True,True,True,True,forecast_icc,,729159296.0
FPI,ok,True,True,True,True,True,forecast_icc,,480964896.0
FPS,ok,True,True,True,True,True,forecast_icc,,12140562432.0
FR,ok,True,True,True,True,True,forecast_icc,,8547244032.0
FRA,ok,True,False,False,True,True,trailing_eps_fallback_icc,,
FRAF,ok,True,True,True,True,True,forecast_icc,,284103616.0
FRBA,ok,True,True,True,True,True,forecast_icc,,440374240.0
FRBT,ok,True,True,True,True,True,forecast_icc,,956400896.0
FRD,ok,True,True,False,True,True,trailing_eps_fallback_icc,,301350400.0
FRGT,failed,True,True,False,False,False,,missing_positive_eps,558794.0
FRHC,ok,True,True,True,True,True,forecast_icc,,10506466304.0
FRME,ok,True,True,True,True,True,forecast_icc,,2568578304.0
FRMI,ok,True,True,True,False,True,forecast_icc,,3170313216.0
FRMM,failed,True,True,False,False,False,,missing_positive_eps,63288956.0
FRNM,failed,True,True,False,False,False,,missing_positive_eps,1750308736.0
FRO,ok,True,True,True,True,True,forecast_icc,,12028314624.0
FROG,ok,True,True,True,False,True,forecast_icc,,11587857408.0
FRPH,ok,True,True,True,True,True,forecast_icc,,408155872.0
FRPT,ok,True,True,True,True,True,forecast_icc,,2958935552.0
FRSH,ok,True,True,True,True,True,forecast_icc,,3318912256.0
FRST,ok,True,True,True,True,True,forecast_icc,,392569312.0
FRSX,failed,True,True,False,False,False,,missing_positive_eps,4374097.0
FRT,ok,True,True,True,True,True,forecast_icc,,9769873408.0
FRTT,failed,True,True,False,False,False,,missing_positive_eps,13983584.0
FRVO,failed,True,True,False,False,False,,missing_positive_eps,4910754816.0
FSBC,ok,True,True,True,True,True,forecast_icc,,1097031936.0
FSBW,ok,True,True,True,True,True,forecast_icc,,348607648.0
FSCO,ok,True,True,False,True,True,trailing_eps_fallback_icc,,1078097152.0
FSEA,failed,True,True,False,False,False,,missing_positive_eps,80774976.0
FSHP,ok,True,True,False,True,True,trailing_eps_fallback_icc,,39580424.0
FSI,ok,True,True,True,False,True,forecast_icc,,74974560.0
FSK,ok,True,True,True,False,True,forecast_icc,,3244235008.0
FSLR,ok,True,True,True,True,True,forecast_icc,,21618624512.0
FSLY,ok,True,True,True,False,True,forecast_icc,,3914000896.0
FSM,ok,True,True,True,True,True,forecast_icc,,3527811840.0
FSP,failed,True,True,False,False,False,,missing_positive_eps,32784492.0
FSS,ok,True,True,True,True,True,forecast_icc,,6945314304.0
FSSL,failed,True,True,False,False,False,,missing_positive_eps,906457664.0
FSTR,ok,True,True,True,True,True,forecast_icc,,392387136.0
FSUN,ok,True,True,True,True,True,forecast_icc,,1733622272.0
FSV,ok,True,True,True,True,True,forecast_icc,,5788427776.0
FT,ok,True,False,False,True,True,trailing_eps_fallback_icc,,
FTAI,ok,True,True,True,True,True,forecast_icc,,20035072000.0
FTCI,failed,True,True,False,False,False,,missing_positive_eps,35190576.0
FTDR,ok,True,True,True,True,True,forecast_icc,,5477018112.0
FTEK,failed,True,True,False,False,False,,missing_positive_eps,55565880.0
FTF,ok,True,False,False,True,True,trailing_eps_fallback_icc,,
FTFT,ok,True,True,False,True,True,trailing_eps_fallback_icc,,50524712.0
FTH,failed,True,True,False,False,False,,missing_positive_eps,907774144.0
FTHA,failed,True,True,False,False,False,,missing_positive_eps,174665200.0
FTHM,failed,True,True,False,False,False,,missing_positive_eps,17962222.0
FTHY,ok,True,True,False,True,True,trailing_eps_fallback_icc,,480622944.0
FTI,ok,True,True,True,True,True,forecast_icc,,28526036992.0
FTK,ok,True,True,True,True,True,forecast_icc,,1108345088.0
FTLF,ok,True,True,True,True,True,forecast_icc,,89543872.0
FTNT,ok,True,True,True,True,True,forecast_icc,,126624309248.0
FTRA,failed,True,False,False,False,False,,missing_positive_eps,
FTRA-U,failed,False,False,False,False,False,,missing_price,
FTRA-W,failed,False,False,False,False,False,,missing_price,
FTRE,ok,True,True,True,False,True,forecast_icc,,1928628096.0
FTS,ok,True,True,True,True,True,forecast_icc,,27833831424.0
FTV,ok,True,True,True,True,True,forecast_icc,,16632079360.0
FTW,ok,True,True,False,True,True,trailing_eps_fallback_icc,,321121088.0
FTW-W,failed,False,False,False,False,False,,missing_price,
FUBO,ok,True,True,True,True,True,forecast_icc,,299022336.0
FUFU,ok,True,True,True,False,True,forecast_icc,,213371696.0
FUL,ok,True,True,True,True,True,forecast_icc,,2711423488.0
FULC,failed,True,True,False,False,False,,missing_positive_eps,287640640.0
FULT,ok,True,True,True,True,True,forecast_icc,,4465491456.0
FUN,ok,True,True,True,False,True,forecast_icc,,1279977088.0
FUNC,ok,True,True,True,True,True,forecast_icc,,281968096.0
FURY,failed,True,True,False,False,False,,missing_positive_eps,108166200.0
FUSB,ok,True,True,False,True,True,trailing_eps_fallback_icc,,90552464.0
FUSE,failed,True,True,False,False,False,,missing_positive_eps,16202784.0
FUTU,ok,True,True,True,True,True,forecast_icc,,15612059648.0
FVAV,failed,True,True,False,False,False,,missing_positive_eps,371695872.0
FVCB,ok,True,True,True,True,True,forecast_icc,,327140448.0
FVN,ok,True,True,False,True,True,trailing_eps_fallback_icc,,70252200.0
FVR,ok,True,True,True,True,True,forecast_icc,,533130528.0
FVRR,ok,True,True,True,True,True,forecast_icc,,314209344.0
FWAC,failed,True,True,False,False,False,,missing_positive_eps,127623384.0
FWDI,ok,True,True,True,False,True,forecast_icc,,457850656.0
FWONA,ok,True,True,True,True,True,forecast_icc,,21535858688.0
FWONK,ok,True,True,True,True,True,forecast_icc,,23609217024.0
FWRD,ok,True,True,True,False,True,forecast_icc,,520563104.0
FWRG,ok,True,True,True,True,True,forecast_icc,,623604160.0
FXAC,failed,True,True,False,False,False,,missing_positive_eps,127456168.0
FXHO,failed,True,True,False,False,False,,missing_positive_eps,302703360.0
FXNC,ok,True,True,True,True,True,forecast_icc,,279145952.0
G,ok,True,True,True,True,True,forecast_icc,,5872802304.0
GAB,ok,True,True,False,True,True,trailing_eps_fallback_icc,,1843947520.0
GABC,ok,True,True,True,True,True,forecast_icc,,1848501504.0
GAIA,failed,True,True,False,False,False,,missing_positive_eps,32545014.0
GAIN,ok,True,False,True,True,True,forecast_icc,,
GAING,failed,True,False,False,False,False,,missing_positive_eps,
GAINI,failed,True,False,False,False,False,,missing_positive_eps,
GAINZ,failed,True,False,False,False,False,,missing_positive_eps,
GALT,failed,True,True,False,False,False,,missing_positive_eps,374152192.0
GAM,ok,True,True,False,True,True,trailing_eps_fallback_icc,,1549563904.0
GAME,failed,True,True,False,False,False,,missing_positive_eps,42561908.0
GANX,failed,True,True,False,False,False,,missing_positive_eps,77685640.0
GAP,ok,True,True,True,True,True,forecast_icc,,7331008000.0
GASS,ok,True,True,True,True,True,forecast_icc,,364245696.0
GATX,ok,True,True,True,True,True,forecast_icc,,6365148160.0
GAU,ok,True,True,True,True,True,forecast_icc,,541494912.0
GAUZ,ok,True,True,True,False,True,forecast_icc,,8401982.0
GBAB,ok,True,True,False,True,True,trailing_eps_fallback_icc,,363693792.0
GBCI,ok,True,True,True,True,True,forecast_icc,,5823078400.0
GBFH,ok,True,True,True,True,True,forecast_icc,,279006304.0
GBLI,ok,True,True,True,True,True,forecast_icc,,402763296.0
GBR,failed,True,True,False,False,False,,missing_positive_eps,3730916.0
GBTG,ok,True,True,True,True,True,forecast_icc,,4941652992.0
GBX,ok,True,True,True,True,True,forecast_icc,,1319886976.0
GCBC,ok,True,True,False,True,True,trailing_eps_fallback_icc,,605936960.0
GCDT,failed,True,True,False,False,False,,missing_positive_eps,5021250.0
GCGR,failed,True,True,False,False,False,,missing_positive_eps,512438272.0
GCL,failed,True,True,False,False,False,,missing_positive_eps,76498000.0
GCMG,ok,True,True,True,True,True,forecast_icc,,790362688.0
GCO,ok,True,True,True,True,True,forecast_icc,,359986464.0
GCT,ok,True,True,True,True,True,forecast_icc,,1897999104.0
GCTK,ok,True,True,False,True,True,trailing_eps_fallback_icc,,1900168.0
GCTS,failed,True,True,False,False,False,,missing_positive_eps,189457632.0
GCTS-W,failed,False,False,False,False,False,,missing_price,
GCV,ok,True,True,False,True,True,trailing_eps_fallback_icc,,87238616.0
GD,ok,True,True,True,True,True,forecast_icc,,96304832512.0
GDC,failed,True,True,False,False,False,,missing_positive_eps,5661000.0
GDDY,ok,True,True,True,True,True,forecast_icc,,12430472192.0
GDEV,ok,True,True,True,True,True,forecast_icc,,208186096.0
GDHG,ok,True,True,False,True,True,trailing_eps_fallback_icc,,67819624.0
GDL,ok,True,True,False,True,True,trailing_eps_fallback_icc,,90133264.0
GDO,ok,True,False,False,True,True,trailing_eps_fallback_icc,,
GDOT,ok,True,True,True,False,True,forecast_icc,,751064704.0
GDRX,ok,True,True,True,True,True,forecast_icc,,1159894272.0
GDS,ok,True,True,True,True,True,forecast_icc,,6271819264.0
GDTC,failed,True,True,False,False,False,,missing_positive_eps,10483892.0
GDV,ok,True,True,False,True,True,trailing_eps_fallback_icc,,2520253952.0
GDYN,ok,True,True,True,True,True,forecast_icc,,655505216.0
GE,ok,True,True,True,True,True,forecast_icc,,325244715008.0
GEF,ok,True,True,True,True,True,forecast_icc,,4723513344.0
GEF-B,ok,True,True,True,True,True,forecast_icc,,4147262720.0
GEG,ok,True,True,True,False,True,forecast_icc,,63927036.0
GEHC,ok,True,True,True,True,True,forecast_icc,,29108920320.0
GEL,ok,True,True,True,True,True,forecast_icc,,1855213440.0
GELS,failed,True,True,False,False,False,,missing_positive_eps,6209201.0
GEMI,failed,True,True,False,False,False,,missing_positive_eps,574359232.0
GEN,ok,True,True,True,True,True,forecast_icc,,18083313664.0
GENB,failed,True,True,False,False,False,,missing_positive_eps,2197393664.0
GENC,ok,True,True,True,True,True,forecast_icc,,249620672.0
GENI,ok,True,True,True,False,True,forecast_icc,,1734222720.0
GENK,failed,True,True,False,False,False,,missing_positive_eps,55380556.0
GEO,ok,True,True,True,True,True,forecast_icc,,4230253312.0
GEOS,ok,True,True,True,False,True,forecast_icc,,65066084.0
GERN,ok,True,True,True,False,True,forecast_icc,,848064960.0
GETY,ok,True,True,True,False,True,forecast_icc,,96609552.0
GEV,ok,True,True,True,True,True,forecast_icc,,246339928064.0
GEVO,ok,True,True,True,False,True,forecast_icc,,393107008.0
GF,failed,True,True,False,False,False,,missing_positive_eps,181178480.0
GFAI,ok,True,True,True,False,True,forecast_icc,,10162023.0
GFF,ok,True,True,True,True,True,forecast_icc,,4266513920.0
GFI,ok,True,True,True,True,True,forecast_icc,,38611456000.0
GFL,ok,True,True,True,False,True,forecast_icc,,15601289216.0
GFR,ok,True,True,True,False,True,forecast_icc,,979076224.0
GFS,ok,True,True,True,True,True,forecast_icc,,25552070656.0
GFUZ,failed,True,True,False,False,False,,missing_positive_eps,631254208.0
GGAL,ok,True,True,True,True,True,forecast_icc,,7222105600.0
GGB,ok,True,True,True,True,True,forecast_icc,,10005191680.0
GGG,ok,True,True,True,True,True,forecast_icc,,12404042752.0
GGN,ok,True,False,False,True,True,trailing_eps_fallback_icc,,
GGR,failed,True,True,False,False,False,,missing_positive_eps,55001608.0
GGT,ok,True,True,False,True,True,trailing_eps_fallback_icc,,196264480.0
GGZ,ok,True,False,False,True,True,trailing_eps_fallback_icc,,
GH,failed,True,True,False,False,False,,missing_positive_eps,24571318272.0
GHC,ok,True,True,True,True,True,forecast_icc,,4802027520.0
GHG,ok,True,True,True,True,True,forecast_icc,,103924248.0
GHM,ok,True,True,True,True,True,forecast_icc,,981450752.0
GHRS,failed,True,True,False,False,False,,missing_positive_eps,1971406464.0
GHXI,failed,True,True,False,False,False,,missing_positive_eps,539909568.0
GIB,ok,True,True,True,True,True,forecast_icc,,14733415424.0
GIBO,failed,True,True,False,False,False,,missing_positive_eps,83454720.0
GIC,ok,True,True,True,True,True,forecast_icc,,1540339072.0
GIFT,failed,True,True,False,False,False,,missing_positive_eps,23214118.0
GIGM,failed,True,True,False,False,False,,missing_positive_eps,15384711.0
GIII,ok,True,True,True,True,True,forecast_icc,,1186392960.0
GIL,ok,True,True,True,True,True,forecast_icc,,8568826368.0
GILD,ok,True,True,True,False,True,forecast_icc,,187096842240.0
GILT,ok,True,True,True,True,True,forecast_icc,,766445056.0
GIPR,failed,True,True,False,False,False,,missing_positive_eps,1335262.0
GIS,ok,True,True,True,False,True,forecast_icc,,19599515648.0
GITS,failed,True,True,False,False,False,,missing_positive_eps,9036674.0
GIW,failed,True,True,False,False,False,,missing_positive_eps,480430720.0
GIX,failed,True,True,False,False,False,,missing_positive_eps,366929984.0
GIXI,failed,True,True,False,False,False,,missing_positive_eps,13433772.0
GJH,failed,True,False,False,False,False,,missing_positive_eps,
GJO,failed,True,False,False,False,False,,missing_positive_eps,
GJP,failed,True,False,False,False,False,,missing_positive_eps,
GJR,failed,True,False,False,False,False,,missing_positive_eps,
GJS,failed,True,False,False,False,False,,missing_positive_eps,
GJT,failed,True,False,False,False,False,,missing_positive_eps,
GKOS,ok,True,True,True,False,True,forecast_icc,,9521186816.0
GL,ok,True,True,True,True,True,forecast_icc,,13238085632.0
GLAD,ok,True,True,True,True,True,forecast_icc,,443953792.0
GLAS,ok,True,True,True,False,True,forecast_icc,,752997568.0
GLBE,ok,True,True,True,True,True,forecast_icc,,6446588928.0
GLBS,ok,True,True,True,True,True,forecast_icc,,84818440.0
GLDG,failed,True,True,False,False,False,,missing_positive_eps,219095152.0
GLE,failed,True,True,False,False,False,,missing_positive_eps,11677231.0
GLED,failed,True,True,False,False,False,,missing_positive_eps,160144656.0
GLED-R,failed,False,False,False,False,False,,missing_price,
GLED-U,failed,False,False,False,False,False,,missing_price,
GLIBA,ok,True,True,True,False,True,forecast_icc,,972085632.0
GLIBK,failed,True,True,False,False,False,,missing_positive_eps,967696064.0
GLMD,failed,True,True,False,False,False,,missing_positive_eps,4945923.0
GLND,failed,True,True,False,False,False,,missing_positive_eps,52913532.0
GLNG,ok,True,True,True,True,True,forecast_icc,,5185506816.0
GLO,ok,True,False,False,True,True,trailing_eps_fallback_icc,,
GLOB,ok,True,True,True,True,True,forecast_icc,,1629164672.0
GLOO,ok,True,True,True,False,True,forecast_icc,,449417408.0
GLP,ok,True,True,True,True,True,forecast_icc,,1707681024.0
GLPI,ok,True,True,True,True,True,forecast_icc,,12012993536.0
GLQ,ok,True,False,False,True,True,trailing_eps_fallback_icc,,
GLRE,ok,True,True,True,True,True,forecast_icc,,491252224.0
GLSI,failed,True,True,False,False,False,,missing_positive_eps,269932224.0
GLU,ok,True,True,False,True,True,trailing_eps_fallback_icc,,110969160.0
GLUE,failed,True,True,False,False,False,,missing_positive_eps,1074948864.0
GLV,ok,True,True,False,True,True,trailing_eps_fallback_icc,,73713520.0
GLW,ok,True,True,True,True,True,forecast_icc,,127313199104.0
GLXG,failed,True,True,False,False,False,,missing_positive_eps,5826188.0
GLXY,failed,True,True,False,False,False,,missing_positive_eps,13129545728.0
GM,ok,True,True,True,True,True,forecast_icc,,78343593984.0
GMAB,ok,True,True,True,True,True,forecast_icc,,21235658752.0
GME,ok,True,True,True,True,True,forecast_icc,,11487488000.0
GME-W,failed,False,False,False,False,False,,missing_price,
GMED,ok,True,True,True,True,True,forecast_icc,,9956864000.0
GMEX,failed,True,True,False,False,False,,missing_positive_eps,372090.0
GMHS,ok,True,True,False,True,True,trailing_eps_fallback_icc,,41814364.0
GMM,failed,True,True,False,False,False,,missing_positive_eps,8909994.0
GMRS,ok,True,True,True,False,True,forecast_icc,,683914880.0
GMTL,failed,True,True,False,False,False,,missing_positive_eps,425027968.0
GNE,ok,True,True,True,True,True,forecast_icc,,430852256.0
GNK,ok,True,True,True,True,True,forecast_icc,,1224783616.0
GNL,failed,True,True,False,False,False,,missing_positive_eps,2056415872.0
GNLN,ok,True,True,False,True,True,trailing_eps_fallback_icc,,1743305.0
GNLX,failed,True,True,False,False,False,,missing_positive_eps,114470696.0
GNPX,ok,True,True,False,True,True,trailing_eps_fallback_icc,,2836193.0
GNRC,ok,True,True,True,True,True,forecast_icc,,12227888128.0
GNS,failed,True,True,False,False,False,,missing_positive_eps,28638570.0
GNSS,ok,True,True,True,False,True,forecast_icc,,69223848.0
GNT,ok,True,True,False,True,True,trailing_eps_fallback_icc,,151137392.0
GNTA,failed,True,True,False,False,False,,missing_positive_eps,36644812.0
GNTX,ok,True,True,True,True,True,forecast_icc,,4731947520.0
GNW,ok,True,True,True,True,True,forecast_icc,,3865415936.0
GO,ok,True,True,True,False,True,forecast_icc,,1151361792.0
GOAI,failed,True,True,False,False,False,,missing_positive_eps,84387632.0
GOF,ok,True,True,False,True,True,trailing_eps_fallback_icc,,1921650816.0
GOGO,ok,True,True,True,False,True,forecast_icc,,341479808.0
GOLD,ok,True,True,True,True,True,forecast_icc,,1366483328.0
GOLF,ok,True,True,True,True,True,forecast_icc,,4762931712.0
GOOD,ok,True,True,True,True,True,forecast_icc,,622528192.0
GOODN,failed,True,False,False,False,False,,missing_positive_eps,
GOODO,failed,True,False,False,False,False,,missing_positive_eps,
GOOG,ok,True,True,True,True,True,forecast_icc,,4203184128000.0
GOOGL,ok,True,True,True,True,True,forecast_icc,,4247823319040.0
GOOS,ok,True,True,True,True,True,forecast_icc,,728548160.0
GORO,ok,True,True,True,False,True,forecast_icc,,476112640.0
GOSS,failed,True,True,False,False,False,,missing_positive_eps,72960368.0
GOTU,ok,True,True,True,False,True,forecast_icc,,503019488.0
GOVX,failed,True,True,False,False,False,,missing_positive_eps,3482952.0
GP,failed,True,True,False,False,False,,missing_positive_eps,6726608.0
GPAC,failed,True,True,False,False,False,,missing_positive_eps,295864608.0
GPAT,ok,True,True,False,True,True,trailing_eps_fallback_icc,,180197680.0
GPC,ok,True,True,True,True,True,forecast_icc,,18043086848.0
GPCR,failed,True,True,False,False,False,,missing_positive_eps,2502975744.0
GPGI,ok,True,True,True,False,True,forecast_icc,,3577243648.0
GPI,ok,True,True,True,True,True,forecast_icc,,3039571200.0
GPK,ok,True,True,True,True,True,forecast_icc,,2913344512.0
GPMT,failed,True,True,False,False,False,,missing_positive_eps,43606860.0
GPN,ok,True,True,True,True,True,forecast_icc,,22598410240.0
GPOR,ok,True,True,True,True,True,forecast_icc,,2853999104.0
GPRE,ok,True,True,True,True,True,forecast_icc,,1057738496.0
GPRK,ok,True,True,True,True,True,forecast_icc,,723587584.0
GPRO,failed,True,True,False,False,False,,missing_positive_eps,276517536.0
GPUS,ok,True,True,False,True,True,trailing_eps_fallback_icc,,25561610.0
GRAB,ok,True,True,True,True,True,forecast_icc,,11496557568.0
GRAL,failed,True,True,False,False,False,,missing_positive_eps,3571065088.0
GRAN,failed,True,True,False,False,False,,missing_positive_eps,26151562.0
GRBK,ok,True,True,True,True,True,forecast_icc,,2873114624.0
GRC,ok,True,True,True,True,True,forecast_icc,,1904178560.0
GRCE,failed,True,True,False,False,False,,missing_positive_eps,44806532.0
GRDN,ok,True,True,True,True,True,forecast_icc,,2853570816.0
GRDX,failed,True,True,False,False,False,,missing_positive_eps,21535992.0
GRF,ok,True,True,False,True,True,trailing_eps_fallback_icc,,41027424.0
GRFS,ok,True,True,True,True,True,forecast_icc,,5036295680.0
GRI,failed,True,True,False,False,False,,missing_positive_eps,4022451.0
GRML,failed,True,True,False,False,False,,missing_positive_eps,9467499.0
GRMN,ok,True,True,True,True,True,forecast_icc,,53101948928.0
GRN,failed,True,False,False,False,False,,missing_positive_eps,
GRND,ok,True,True,True,True,True,forecast_icc,,2685528576.0
GRNQ,failed,True,True,False,False,False,,missing_positive_eps,18109732.0
GRNT,ok,True,True,True,False,True,forecast_icc,,651587200.0
GRO,failed,True,True,False,False,False,,missing_positive_eps,148670928.0
GROV,failed,True,True,False,False,False,,missing_positive_eps,44836100.0
GROW,ok,True,True,False,True,True,trailing_eps_fallback_icc,,36648624.0
GROY,ok,True,True,True,False,True,forecast_icc,,785397696.0
GRPN,ok,True,True,True,False,True,forecast_icc,,764914176.0
GRRR,ok,True,True,True,False,True,forecast_icc,,357348768.0
GRSD,ok,True,True,True,False,True,forecast_icc,,60159716.0
GRVY,ok,True,True,False,True,True,trailing_eps_fallback_icc,,489897440.0
GRWG,failed,True,True,False,False,False,,missing_positive_eps,88675272.0
GRX,ok,True,True,False,True,True,trailing_eps_fallback_icc,,140502112.0
GS,ok,True,True,True,True,True,forecast_icc,,277040824320.0
GSAT,ok,True,True,True,False,True,forecast_icc,,10691570688.0
GSBC,ok,True,True,True,True,True,forecast_icc,,865153088.0
GSBD,ok,True,True,True,True,True,forecast_icc,,1124564864.0
GSHD,ok,True,True,True,True,True,forecast_icc,,1905917824.0
GSHR,ok,True,True,False,True,True,trailing_eps_fallback_icc,,215586304.0
GSIT,failed,True,True,False,False,False,,missing_positive_eps,200618128.0
GSIW,failed,True,True,False,False,False,,missing_positive_eps,20853956.0
GSK,ok,True,True,True,True,True,forecast_icc,,102263259136.0
GSL,ok,True,False,True,True,True,forecast_icc,,
GSM,ok,True,False,True,False,True,forecast_icc,,
GSRF,ok,True,True,False,True,True,trailing_eps_fallback_icc,,301112320.0
GSRV,failed,True,True,False,False,False,,missing_positive_eps,367621216.0
GSUN,ok,True,True,False,True,True,trailing_eps_fallback_icc,,2429995.0
GT,ok,True,True,True,False,True,forecast_icc,,1482678656.0
GTBP,ok,True,True,False,True,True,trailing_eps_fallback_icc,,13514798.0
GTE,ok,True,True,True,False,True,forecast_icc,,362291200.0
GTEC,ok,True,True,True,True,True,forecast_icc,,28667760.0
GTEN,ok,True,True,False,True,True,trailing_eps_fallback_icc,,474639744.0
GTERA,ok,True,True,False,True,True,trailing_eps_fallback_icc,,308017120.0
GTES,ok,True,True,True,True,True,forecast_icc,,6523705856.0
GTIM,ok,True,True,True,True,True,forecast_icc,,16153581.0
GTLB,ok,True,True,True,False,True,forecast_icc,,8375736320.0
GTM,ok,True,True,True,False,True,forecast_icc,,1170262400.0
GTN,ok,True,True,True,False,True,forecast_icc,,476817696.0
GTN-A,failed,True,True,False,False,False,,missing_positive_eps,593190080.0
GTX,ok,True,True,True,True,True,forecast_icc,,4897316864.0
GTY,ok,True,True,True,True,True,forecast_icc,,1853026432.0
GUAC,failed,True,True,False,False,False,,missing_positive_eps,390724000.0
GUG,ok,True,True,False,True,True,trailing_eps_fallback_icc,,478541024.0
GURE,failed,True,True,False,False,False,,missing_positive_eps,6164191.0
GUT,ok,True,True,False,True,True,trailing_eps_fallback_icc,,548271424.0
GUTS,failed,True,True,False,False,False,,missing_positive_eps,94043448.0
GVA,ok,True,True,True,False,True,forecast_icc,,5119310848.0
GVH,failed,True,True,False,False,False,,missing_positive_eps,3333351.0
GWAV,failed,True,True,False,False,False,,missing_positive_eps,2414226.0
GWH,failed,True,True,False,False,False,,missing_positive_eps,14631599.0
GWRE,ok,True,True,True,True,True,forecast_icc,,11887297536.0
GWRS,ok,True,True,True,True,True,forecast_icc,,244472528.0
GWW,ok,True,True,True,True,True,forecast_icc,,59470123008.0
GXAI,failed,True,True,False,False,False,,missing_positive_eps,8581428.0
GXO,ok,True,True,True,True,True,forecast_icc,,5342007808.0
GYGY,failed,True,True,False,False,False,,missing_positive_eps,12607392.0
GYRE,ok,True,True,True,False,True,forecast_icc,,761322368.0
GYRO,ok,True,True,False,True,True,trailing_eps_fallback_icc,,11106506.0
H,ok,True,True,True,True,True,forecast_icc,,14588788736.0
HACQ,failed,True,True,False,False,False,,missing_positive_eps,376740000.0
HAE,ok,True,True,True,True,True,forecast_icc,,4895482880.0
HAFC,ok,True,True,True,True,True,forecast_icc,,955595520.0
HAFN,ok,True,True,True,True,True,forecast_icc,,4857874432.0
HAIN,ok,True,True,True,False,True,forecast_icc,,52089700.0
HAL,ok,True,True,True,True,True,forecast_icc,,28351424512.0
HALO,ok,True,True,True,True,True,forecast_icc,,12448460800.0
HAO,failed,True,True,False,False,False,,missing_positive_eps,1072749.0
HAPN,ok,True,True,True,True,True,forecast_icc,,1864984576.0
HAS,ok,True,True,True,True,True,forecast_icc,,12519106560.0
HASI,ok,True,True,True,True,True,forecast_icc,,4777473536.0
HAVA,ok,True,True,False,True,True,trailing_eps_fallback_icc,,211484384.0
HAVAR,failed,True,False,False,False,False,,missing_positive_eps,
HAWK,ok,True,True,True,False,True,forecast_icc,,1692844800.0
HAYW,ok,True,True,True,True,True,forecast_icc,,2734221568.0
HBAN,ok,True,True,True,True,True,forecast_icc,,32084187136.0
HBB,ok,True,True,True,True,True,forecast_icc,,418325376.0
HBCP,ok,True,True,True,True,True,forecast_icc,,539933440.0
HBIO,ok,True,True,True,False,True,forecast_icc,,36555008.0
HBM,ok,True,True,True,True,True,forecast_icc,,11743187968.0
HBNB,failed,True,True,False,False,False,,missing_positive_eps,1212287744.0
HBNC,ok,True,True,True,False,True,forecast_icc,,1002245056.0
HBT,ok,True,True,True,True,True,forecast_icc,,1312071296.0
HCA,ok,True,True,True,True,True,forecast_icc,,92887810048.0
HCAC,failed,True,True,False,False,False,,missing_positive_eps,295184608.0
HCAI,failed,True,True,False,False,False,,missing_positive_eps,5252752.0
HCAT,ok,True,True,True,False,True,forecast_icc,,135461488.0
HCC,ok,True,True,True,True,True,forecast_icc,,4847232000.0
HCHL,failed,True,True,False,False,False,,missing_positive_eps,118183824.0
HCI,ok,True,True,True,True,True,forecast_icc,,2335894784.0
HCIC,failed,True,True,False,False,False,,missing_positive_eps,355135168.0
HCKT,ok,True,True,True,True,True,forecast_icc,,268183456.0
HCM,ok,True,True,True,True,True,forecast_icc,,2402111744.0
HCMA,failed,True,True,False,False,False,,missing_positive_eps,348127968.0
HCSG,ok,True,True,True,True,True,forecast_icc,,1474905984.0
HCTI,failed,True,True,False,False,False,,missing_positive_eps,10398933.0
HCWB,failed,True,True,False,False,False,,missing_positive_eps,3580832.0
HCWC,failed,True,True,False,False,False,,missing_positive_eps,10507057.0
HD,ok,True,True,True,True,True,forecast_icc,,301811105792.0
HDB,ok,True,True,True,True,True,forecast_icc,,116446568448.0
HDL,ok,True,True,True,True,True,forecast_icc,,701626496.0
HDRN,failed,True,True,False,False,False,,missing_positive_eps,118688072.0
HDRNW,failed,True,False,False,False,False,,missing_positive_eps,
HDSN,ok,True,True,True,True,True,forecast_icc,,216756032.0
HE,ok,True,True,True,True,True,forecast_icc,,1742825600.0
HEI,ok,True,True,True,True,True,forecast_icc,,41435279360.0
HEI-A,ok,True,True,True,True,True,forecast_icc,,30868217856.0
HELE,ok,True,True,True,False,True,forecast_icc,,641463360.0
HELP,failed,True,True,False,False,False,,missing_positive_eps,1024303680.0
HEPS,ok,True,True,True,False,True,forecast_icc,,960935872.0
HEQ,ok,True,True,False,True,True,trailing_eps_fallback_icc,,135627888.0
HERE,ok,True,True,True,True,True,forecast_icc,,98708080.0
HESM,ok,True,True,True,True,True,forecast_icc,,8265690624.0
HFBL,ok,True,True,False,True,True,trailing_eps_fallback_icc,,74387928.0
HFFG,ok,True,True,True,False,True,forecast_icc,,89520536.0
HFRO,ok,True,True,False,True,True,trailing_eps_fallback_icc,,387633760.0
HFWA,ok,True,True,True,True,True,forecast_icc,,1149318144.0
HG,ok,True,True,True,True,True,forecast_icc,,3466295808.0
HGBL,ok,True,True,True,False,True,forecast_icc,,46763252.0
HGLB,ok,True,True,False,True,True,trailing_eps_fallback_icc,,171974336.0
HGTY,ok,True,True,True,True,True,forecast_icc,,4766046720.0
HGV,ok,True,True,True,True,True,forecast_icc,,2887452160.0
HHH,ok,True,True,True,True,True,forecast_icc,,3675135744.0
HHS,failed,True,True,False,False,False,,missing_positive_eps,34587672.0
HIFS,ok,True,True,False,True,True,trailing_eps_fallback_icc,,672929792.0
HIG,ok,True,True,True,True,True,forecast_icc,,36063899648.0
HIHO,failed,True,True,False,False,False,,missing_positive_eps,4147352.0
HII,ok,True,True,True,True,True,forecast_icc,,10920591360.0
HIMS,ok,True,True,True,False,True,forecast_icc,,6507110912.0
HIMX,ok,True,True,True,True,True,forecast_icc,,2384402432.0
HIND,failed,True,True,False,False,False,,missing_positive_eps,13756315.0
HIO,ok,True,False,False,True,True,trailing_eps_fallback_icc,,
HIPO,ok,True,True,True,True,True,forecast_icc,,844460160.0
HIT,ok,True,True,True,False,True,forecast_icc,,52976144.0
HITI,ok,True,True,True,False,True,forecast_icc,,236227936.0
HIVE,failed,True,True,False,False,False,,missing_positive_eps,853002496.0
HIW,ok,True,True,True,True,True,forecast_icc,,3458439424.0
HIX,ok,True,True,False,True,True,trailing_eps_fallback_icc,,340463520.0
HKD,ok,True,True,False,True,True,trailing_eps_fallback_icc,,540560512.0
HKIT,ok,True,True,False,True,True,trailing_eps_fallback_icc,,22389732.0
HKPD,failed,True,True,False,False,False,,missing_positive_eps,6031525.0
HL,ok,True,True,True,True,True,forecast_icc,,12736729088.0
HLF,ok,True,True,True,True,True,forecast_icc,,1211895424.0
HLI,ok,True,True,True,True,True,forecast_icc,,9271142400.0
HLIO,ok,True,True,True,True,True,forecast_icc,,2240309504.0
HLIT,ok,True,True,True,True,True,forecast_icc,,1198640256.0
HLLY,ok,True,True,True,True,True,forecast_icc,,321270496.0
HLMN,ok,True,True,True,True,True,forecast_icc,,1396833024.0
HLN,ok,True,True,True,True,True,forecast_icc,,41161760768.0
HLNE,ok,True,True,True,True,True,forecast_icc,,5918048768.0
HLP,ok,True,True,False,True,True,trailing_eps_fallback_icc,,150972272.0
HLSQ,failed,True,False,False,False,False,,missing_positive_eps,
HLT,ok,True,True,True,True,True,forecast_icc,,68091142144.0
HLXC,failed,True,True,False,False,False,,missing_positive_eps,282185760.0
HMC,ok,True,True,True,False,True,forecast_icc,,42213273600.0
HMH,ok,True,True,True,True,True,forecast_icc,,230134576.0
HMN,ok,True,True,True,True,True,forecast_icc,,1966731392.0
HMR,ok,True,True,True,True,True,forecast_icc,,102646072.0
HMY,ok,True,True,True,True,True,forecast_icc,,12487048192.0
HNGE,ok,True,True,True,True,True,forecast_icc,,7643375104.0
HNI,ok,True,True,True,False,True,forecast_icc,,3345626368.0
HNNA,ok,True,True,True,True,True,forecast_icc,,81099248.0
HNRG,ok,True,True,True,True,True,forecast_icc,,715164736.0
HNST,ok,True,True,True,False,True,forecast_icc,,570752896.0
HNVR,ok,True,True,True,True,True,forecast_icc,,188097600.0
HODO,failed,True,True,False,False,False,,missing_positive_eps,14603314.0
HOFT,ok,True,True,True,False,True,forecast_icc,,139586640.0
HOG,ok,True,True,True,True,True,forecast_icc,,2757921280.0
HOLO,failed,True,True,False,False,False,,missing_positive_eps,37576272.0
HOMB,ok,True,True,True,True,True,forecast_icc,,5953477120.0
HON,ok,True,True,True,True,True,forecast_icc,,65444941824.0
HONA,ok,True,True,True,True,True,forecast_icc,,52972310528.0
HOOD,ok,True,True,True,True,True,forecast_icc,,98728222720.0
HOPE,ok,True,True,True,True,True,forecast_icc,,1780721152.0
HOS,ok,True,True,True,True,True,forecast_icc,,2805659904.0
HOUR,ok,True,True,True,True,True,forecast_icc,,61247688.0
HOV,ok,True,True,True,True,True,forecast_icc,,694446336.0
HOVR,failed,True,True,False,False,False,,missing_positive_eps,112096984.0
HOWL,failed,True,True,False,False,False,,missing_positive_eps,46800900.0
HP,ok,True,True,True,False,True,forecast_icc,,4143468544.0
HPAI,failed,True,True,False,False,False,,missing_positive_eps,11290309.0
HPE,ok,True,True,True,True,True,forecast_icc,,81028456448.0
HPI,ok,True,False,False,True,True,trailing_eps_fallback_icc,,
HPK,failed,True,True,False,False,False,,missing_positive_eps,1054616384.0
HPP,failed,True,True,False,False,False,,missing_positive_eps,1286102656.0
HPQ,ok,True,True,True,True,True,forecast_icc,,31256074240.0
HQ,failed,True,True,False,False,False,,missing_positive_eps,729162816.0
HQH,ok,True,False,False,True,True,trailing_eps_fallback_icc,,
HQI,ok,True,True,True,True,True,forecast_icc,,233775728.0
HQL,ok,True,False,False,True,True,trailing_eps_fallback_icc,,
HQY,ok,True,True,True,True,True,forecast_icc,,7817422848.0
HR,ok,True,True,True,False,True,forecast_icc,,6384759296.0
HRB,ok,True,True,True,True,True,forecast_icc,,5523546112.0
HRI,ok,True,True,True,True,True,forecast_icc,,4638946816.0
HRL,ok,True,True,True,True,True,forecast_icc,,11425282048.0
HRMY,ok,True,True,True,True,True,forecast_icc,,2489023488.0
HROW,ok,True,True,True,False,True,forecast_icc,,1241972480.0
HRTG,ok,True,True,True,True,True,forecast_icc,,1053122112.0
HRTX,failed,True,True,False,False,False,,missing_positive_eps,59936372.0
HRZN,ok,True,True,True,True,True,forecast_icc,,316400032.0
HSAI,ok,True,True,True,True,True,forecast_icc,,21264484352.0
HSBC,ok,True,True,True,True,True,forecast_icc,,352090456064.0
HSCS,failed,True,True,False,False,False,,missing_positive_eps,23232834.0
HSDT,ok,True,True,False,True,True,trailing_eps_fallback_icc,,138450432.0
HSHP,ok,True,True,False,True,True,trailing_eps_fallback_icc,,911796096.0
HSIC,ok,True,True,True,True,True,forecast_icc,,9477413888.0
HSLV,failed,True,True,False,False,False,,missing_positive_eps,1103096960.0
HST,ok,True,True,True,True,True,forecast_icc,,15214509056.0
HSTM,ok,True,True,True,True,True,forecast_icc,,893094016.0
HSY,ok,True,True,True,True,True,forecast_icc,,33821816832.0
HTB,ok,True,True,True,True,True,forecast_icc,,779729600.0
HTCO,failed,True,True,False,False,False,,missing_positive_eps,19032350.0
HTCR,ok,True,True,True,False,True,forecast_icc,,3103392.0
HTD,ok,True,True,False,True,True,trailing_eps_fallback_icc,,850363776.0
HTFL,failed,True,True,False,False,False,,missing_positive_eps,4310290944.0
HTGC,ok,True,True,True,True,True,forecast_icc,,3324032768.0
HTH,ok,True,True,True,True,True,forecast_icc,,2214120192.0
HTHT,ok,True,True,True,True,True,forecast_icc,,13288103936.0
HTLD,ok,True,True,True,False,True,forecast_icc,,921804672.0
HTLM,ok,True,True,False,True,True,trailing_eps_fallback_icc,,156056256.0
HTO,ok,True,True,True,True,True,forecast_icc,,2640327168.0
HTOO,failed,True,True,False,False,False,,missing_positive_eps,16235120.0
HTT,ok,True,True,False,True,True,trailing_eps_fallback_icc,,385103104.0
HTZ,failed,True,True,False,False,False,,missing_positive_eps,662999616.0
HUBB,ok,True,True,True,True,True,forecast_icc,,23416981504.0
HUBC,failed,True,True,False,False,False,,missing_positive_eps,9232060.0
HUBG,ok,True,True,True,True,True,forecast_icc,,2041304320.0
HUBS,ok,True,True,True,True,True,forecast_icc,,11752363008.0
HUDI,failed,True,True,False,False,False,,missing_positive_eps,11452481.0
HUHU,failed,True,True,False,False,False,,missing_positive_eps,109012680.0
HUIZ,ok,True,True,True,True,True,forecast_icc,,14653811.0
HUM,ok,True,True,True,True,True,forecast_icc,,46173278208.0
HUMA,failed,True,True,False,False,False,,missing_positive_eps,159761696.0
HUN,ok,True,True,True,False,True,forecast_icc,,1599453056.0
HURA,failed,True,True,False,False,False,,missing_positive_eps,133188624.0
HURC,failed,True,True,False,False,False,,missing_positive_eps,147660144.0
HURN,ok,True,True,True,True,True,forecast_icc,,2504881664.0
HUT,failed,True,True,False,False,False,,missing_positive_eps,11215379456.0
HUYA,ok,True,True,True,False,True,forecast_icc,,470434144.0
HVII,ok,True,True,False,True,True,trailing_eps_fallback_icc,,279750816.0
HVMC,failed,True,True,False,False,False,,missing_positive_eps,301452512.0
HVT,ok,True,True,True,True,True,forecast_icc,,424926304.0
HVT-A,ok,True,True,False,True,True,trailing_eps_fallback_icc,,450188000.0
HWBK,ok,True,True,False,True,True,trailing_eps_fallback_icc,,279678912.0
HWC,ok,True,True,True,True,True,forecast_icc,,5992662016.0
HWH,failed,True,True,False,False,False,,missing_positive_eps,16611761.0
HWKN,ok,True,True,True,True,True,forecast_icc,,2536326656.0
HWM,ok,True,True,True,True,True,forecast_icc,,90033405952.0
HXHX,ok,True,True,False,True,True,trailing_eps_fallback_icc,,6180928.0
HXL,ok,True,True,True,True,True,forecast_icc,,6657889280.0
HY,ok,True,True,True,False,True,forecast_icc,,596902656.0
HYAC-U,failed,False,False,False,False,False,,missing_price,
HYFM,failed,True,True,False,False,False,,missing_positive_eps,4578357.0
HYFT,failed,True,True,False,False,False,,missing_positive_eps,61716284.0
HYI,ok,True,True,False,True,True,trailing_eps_fallback_icc,,130446552.0
HYLN,failed,True,True,False,False,False,,missing_positive_eps,728676608.0
HYMC,failed,True,True,False,False,False,,missing_positive_eps,2004337920.0
HYNE,ok,True,True,False,True,True,trailing_eps_fallback_icc,,135380800.0
HYPD,ok,True,True,True,False,True,forecast_icc,,53921836.0
HYPR,failed,True,True,False,False,False,,missing_positive_eps,81954416.0
HYT,ok,True,True,False,True,True,trailing_eps_fallback_icc,,1567217152.0
HZO,ok,True,True,True,True,True,forecast_icc,,1155577984.0
IA,ok,True,True,True,True,True,forecast_icc,,329344768.0
IACO,failed,True,True,False,False,False,,missing_positive_eps,437062496.0
IACQ,failed,True,True,False,False,False,,missing_positive_eps,322392768.0
IAE,ok,True,True,True,True,True,forecast_icc,,93312912.0
IAF,ok,True,True,False,True,True,trailing_eps_fallback_icc,,122989760.0
IAG,ok,True,True,True,True,True,forecast_icc,,11511359488.0
IART,ok,True,True,True,False,True,forecast_icc,,1174364800.0
IAUX,failed,True,True,False,False,False,,missing_positive_eps,1515328000.0
IAUX-W,failed,False,False,False,False,False,,missing_price,
IBAC,failed,True,True,False,False,False,,missing_positive_eps,54739944.0
IBCP,ok,True,True,True,True,True,forecast_icc,,746223872.0
IBEX,ok,True,True,True,True,True,forecast_icc,,543361664.0
IBG,failed,True,True,False,False,False,,missing_positive_eps,1870358.0
IBIO,failed,True,True,False,False,False,,missing_positive_eps,80384072.0
IBKR,ok,True,True,True,True,True,forecast_icc,,150583214080.0
IBM,ok,True,True,True,True,True,forecast_icc,,223992446976.0
IBN,ok,True,True,True,True,True,forecast_icc,,101133795328.0
IBO,ok,True,True,False,True,True,trailing_eps_fallback_icc,,61609052.0
IBOC,ok,True,True,True,True,True,forecast_icc,,4385745408.0
IBP,ok,True,True,True,True,True,forecast_icc,,5290585088.0
IBRX,failed,True,True,False,False,False,,missing_positive_eps,8966214656.0
IBTA,ok,True,True,True,False,True,forecast_icc,,972009152.0
ICCC,ok,True,True,False,True,True,trailing_eps_fallback_icc,,90640320.0
ICCM,failed,True,True,False,False,False,,missing_positive_eps,6819163.0
ICE,ok,True,True,True,True,True,forecast_icc,,86061776896.0
ICFI,ok,True,True,True,True,True,forecast_icc,,1554509056.0
ICG,failed,True,True,False,False,False,,missing_positive_eps,58131252.0
ICHR,ok,True,True,True,False,True,forecast_icc,,1983388672.0
ICL,ok,True,False,True,True,True,forecast_icc,,
ICLR,ok,True,True,True,True,True,forecast_icc,,13091525632.0
ICMB,ok,True,True,True,False,True,forecast_icc,,12702019.0
ICON,failed,True,True,False,False,False,,missing_positive_eps,3911579.0
ICU,failed,True,True,False,False,False,,missing_positive_eps,15411604.0
ICUI,ok,True,True,True,True,True,forecast_icc,,3823826176.0
IDA,ok,True,True,True,True,True,forecast_icc,,7706874368.0
IDAC,failed,True,True,False,False,False,,missing_positive_eps,212529984.0
IDAI,ok,True,True,True,False,True,forecast_icc,,16410337.0
IDCC,ok,True,True,True,True,True,forecast_icc,,8307986432.0
IDE,ok,True,True,False,True,True,trailing_eps_fallback_icc,,187559456.0
IDN,ok,True,True,True,True,True,forecast_icc,,48032180.0
IDR,ok,True,True,True,True,True,forecast_icc,,460066752.0
IDT,ok,True,False,True,True,True,forecast_icc,,
IDXX,ok,True,True,True,True,True,forecast_icc,,39901061120.0
IDYA,failed,True,True,False,False,False,,missing_positive_eps,3725459200.0
IE,failed,True,True,False,False,False,,missing_positive_eps,1512915584.0
IEAG,failed,True,True,False,False,False,,missing_positive_eps,445644800.0
IESC,ok,True,True,True,True,True,forecast_icc,,12638417920.0
IEX,ok,True,True,True,True,True,forecast_icc,,16357707776.0
IFBD,failed,True,True,False,False,False,,missing_positive_eps,8106689.0
IFF,ok,True,True,True,False,True,forecast_icc,,21664784384.0
IFN,failed,True,True,False,False,False,,missing_positive_eps,475535264.0
IFRX,failed,True,True,False,False,False,,missing_positive_eps,303578528.0
IFS,ok,True,True,True,True,True,forecast_icc,,6077393408.0
IGA,ok,True,False,False,True,True,trailing_eps_fallback_icc,,
IGAC,failed,True,True,False,False,False,,missing_positive_eps,240370896.0
IGC,failed,True,True,False,False,False,,missing_positive_eps,27541500.0
IGI,ok,True,True,False,True,True,trailing_eps_fallback_icc,,92302224.0
IGIC,ok,True,True,True,True,True,forecast_icc,,1078965248.0
IGR,ok,True,True,False,True,True,trailing_eps_fallback_icc,,626261184.0
IH,ok,True,True,True,True,True,forecast_icc,,60313176.0
IHD,ok,True,False,False,True,True,trailing_eps_fallback_icc,,
IHG,ok,True,True,True,True,True,forecast_icc,,22416951296.0
IHRT,failed,True,True,False,False,False,,missing_positive_eps,376137696.0
IHS,ok,True,True,True,True,True,forecast_icc,,2858979072.0
IHT,failed,True,True,False,False,False,,missing_positive_eps,16163380.0
IIF,failed,True,True,False,False,False,,missing_positive_eps,207820672.0
III,ok,True,True,True,True,True,forecast_icc,,255623104.0
IIIN,ok,True,True,True,True,True,forecast_icc,,582296128.0
IIIV,ok,True,True,True,True,True,forecast_icc,,523485856.0
IIM,ok,True,True,False,True,True,trailing_eps_fallback_icc,,568516736.0
IIPR,ok,True,True,True,True,True,forecast_icc,,1555851136.0
IKT,failed,True,True,False,False,False,,missing_positive_eps,320932576.0
ILAG,failed,True,True,False,False,False,,missing_positive_eps,6151712.0
ILLR,failed,True,True,False,False,False,,missing_positive_eps,11454495.0
ILLU,failed,True,True,False,False,False,,missing_positive_eps,312290848.0
ILMN,ok,True,True,True,True,True,forecast_icc,,37022179328.0
ILPT,failed,True,True,False,False,False,,missing_positive_eps,517280576.0
IMA,failed,True,True,False,False,False,,missing_positive_eps,57098132.0
IMAX,ok,True,True,True,True,True,forecast_icc,,2842466816.0
IMC,failed,True,True,False,False,False,,missing_positive_eps,713475008.0
IMCC,failed,True,True,False,False,False,,missing_positive_eps,1050822.0
IMCR,failed,True,True,False,False,False,,missing_positive_eps,1663405312.0
IMDX,failed,True,True,False,False,False,,missing_positive_eps,129260920.0
IMKTA,ok,True,True,True,True,True,forecast_icc,,1575583488.0
IMMP,failed,True,True,False,False,False,,missing_positive_eps,46702228.0
IMMR,ok,True,True,True,True,True,forecast_icc,,249709424.0
IMMX,failed,True,True,False,False,False,,missing_positive_eps,909980096.0
IMNM,failed,True,True,False,False,False,,missing_positive_eps,2717912832.0
IMNN,failed,True,True,False,False,False,,missing_positive_eps,7743736.0
IMO,ok,True,False,True,True,True,forecast_icc,,
IMOS,ok,True,True,True,True,True,forecast_icc,,1915529088.0
IMPP,ok,True,True,True,True,True,forecast_icc,,261787072.0
IMRN,failed,True,True,False,False,False,,missing_positive_eps,9524018.0
IMRX,failed,True,True,False,False,False,,missing_positive_eps,288550400.0
IMSR,failed,True,True,False,False,False,,missing_positive_eps,566331328.0
IMTE,failed,True,True,False,False,False,,missing_positive_eps,1783185.0
IMTX,failed,True,True,False,False,False,,missing_positive_eps,1342625152.0
IMUX,failed,True,True,False,False,False,,missing_positive_eps,141220240.0
IMVT,failed,True,True,False,False,False,,missing_positive_eps,7776709120.0
IMXI,ok,True,True,True,True,True,forecast_icc,,381270752.0
INAB,failed,True,True,False,False,False,,missing_positive_eps,10548470.0
INAC,ok,True,True,False,True,True,trailing_eps_fallback_icc,,152714256.0
INBK,ok,True,True,True,False,True,forecast_icc,,241395984.0
INBS,ok,True,True,True,False,True,forecast_icc,,6633606.0
INBX,failed,True,True,False,False,False,,missing_positive_eps,1541380608.0
INCR,failed,True,True,False,False,False,,missing_positive_eps,79670000.0
INCY,ok,True,True,True,True,True,forecast_icc,,25868285952.0
INDB,ok,True,True,True,True,True,forecast_icc,,3904161024.0
INDI,ok,True,True,True,False,True,forecast_icc,,725561792.0
INDO,failed,True,True,False,False,False,,missing_positive_eps,44467968.0
INDP,failed,True,True,False,False,False,,missing_positive_eps,523642336.0
INDV,ok,True,True,True,True,True,forecast_icc,,4212559616.0
INEO,failed,True,True,False,False,False,,missing_positive_eps,8892226.0
INFQ,failed,True,True,False,False,False,,missing_positive_eps,3123448832.0
INFQ-W,failed,False,False,False,False,False,,missing_price,
INFU,ok,True,True,True,True,True,forecast_icc,,248566400.0
INFY,ok,True,True,True,True,True,forecast_icc,,44836814848.0
ING,ok,True,True,True,True,True,forecast_icc,,105185951744.0
INGM,ok,True,True,True,True,True,forecast_icc,,6252402688.0
INGN,failed,True,True,False,False,False,,missing_positive_eps,136141664.0
INGR,ok,True,True,True,True,True,forecast_icc,,6243964928.0
INHD,ok,True,True,False,True,True,trailing_eps_fallback_icc,,8973268.0
INIO,ok,True,True,True,True,True,forecast_icc,,15719999488.0
INKT,failed,True,True,False,False,False,,missing_positive_eps,59756152.0
INLF,failed,True,True,False,False,False,,missing_positive_eps,3287248.0
INLX,ok,True,True,True,False,True,forecast_icc,,24048218.0
INM,failed,True,True,False,False,False,,missing_positive_eps,7636291.0
INMB,failed,True,True,False,False,False,,missing_positive_eps,60503260.0
INMD,ok,True,True,True,True,True,forecast_icc,,836692288.0
INN,failed,True,True,False,False,False,,missing_positive_eps,616921792.0
INNV,ok,True,True,True,False,True,forecast_icc,,1460030208.0
INO,failed,True,True,False,False,False,,missing_positive_eps,125111000.0
INOD,ok,True,True,True,True,True,forecast_icc,,1959123456.0
INR,ok,True,True,True,True,True,forecast_icc,,241041424.0
INSE,ok,True,True,True,False,True,forecast_icc,,127774952.0
INSG,ok,True,True,False,True,True,trailing_eps_fallback_icc,,66408964.0
INSM,ok,True,True,True,False,True,forecast_icc,,27074938880.0
INSP,ok,True,True,True,True,True,forecast_icc,,2102940672.0
INSW,ok,True,True,True,True,True,forecast_icc,,5474695680.0
INTA,ok,True,True,True,False,True,forecast_icc,,2807194112.0
INTC,ok,True,True,True,False,True,forecast_icc,,575128272896.0
INTG,failed,True,True,False,False,False,,missing_positive_eps,79226696.0
INTJ,failed,True,True,False,False,False,,missing_positive_eps,4089750.0
INTR,ok,True,True,True,True,True,forecast_icc,,2406248448.0
INTS,failed,True,True,False,False,False,,missing_positive_eps,12667731.0
INTT,ok,True,True,True,True,True,forecast_icc,,136466368.0
INTU,ok,True,True,True,True,True,forecast_icc,,83679608832.0
INTZ,failed,True,True,False,False,False,,missing_positive_eps,18652242.0
INUV,failed,True,True,False,False,False,,missing_positive_eps,9560186.0
INV,failed,True,True,False,False,False,,missing_positive_eps,57824288.0
INVA,ok,True,True,True,True,True,forecast_icc,,1520767488.0
INVE,failed,True,True,False,False,False,,missing_positive_eps,62043524.0
INVH,ok,True,True,True,True,True,forecast_icc,,16035420160.0
INVX,ok,True,True,True,True,True,forecast_icc,,2040028032.0
INVZ,failed,True,True,False,False,False,,missing_positive_eps,95841432.0
IOND,ok,True,True,True,False,True,forecast_icc,,3817925376.0
IONQ,failed,True,True,False,False,False,,missing_positive_eps,16343172096.0
IONQ-W,failed,False,False,False,False,False,,missing_price,
IONR,failed,True,True,False,False,False,,missing_positive_eps,263048864.0
IONS,failed,True,True,False,False,False,,missing_positive_eps,7769117184.0
IOR,ok,True,True,False,True,True,trailing_eps_fallback_icc,,75223888.0
IOSP,ok,True,True,True,True,True,forecast_icc,,2295121152.0
IOT,ok,True,True,True,True,True,forecast_icc,,23424206848.0
IOTR,failed,True,True,False,False,False,,missing_positive_eps,8463141.0
IOVA,failed,True,True,False,False,False,,missing_positive_eps,4538774016.0
IP,ok,True,True,True,False,True,forecast_icc,,18826209280.0
IPAR,ok,True,True,True,True,True,forecast_icc,,3546534912.0
IPDN,failed,True,True,False,False,False,,missing_positive_eps,1656968.0
IPEX,failed,True,True,False,False,False,,missing_positive_eps,123559768.0
IPFX,failed,True,True,False,False,False,,missing_positive_eps,338345312.0
IPGP,ok,True,True,True,True,True,forecast_icc,,3237729280.0
IPHA,failed,True,True,False,False,False,,missing_positive_eps,213347648.0
IPI,ok,True,True,True,True,True,forecast_icc,,531134944.0
IPM,ok,True,True,True,False,True,forecast_icc,,23985742.0
IPSC,failed,True,True,False,False,False,,missing_positive_eps,340421600.0
IPST,ok,True,True,True,False,True,forecast_icc,,2063713.0
IPVV,failed,True,True,False,False,False,,missing_positive_eps,254392864.0
IPW,ok,True,True,True,False,True,forecast_icc,,1722119.0
IPWR,failed,True,True,False,False,False,,missing_positive_eps,64916888.0
IPX,failed,True,True,False,False,False,,missing_positive_eps,759395136.0
IPXG,failed,True,True,False,False,False,,missing_positive_eps,314883264.0
IQ,ok,True,True,True,False,True,forecast_icc,,1061527168.0
IQI,ok,True,False,False,True,True,trailing_eps_fallback_icc,,
IQMX,failed,True,True,False,False,False,,missing_positive_eps,1675146624.0
IQMXW,failed,True,False,False,False,False,,missing_positive_eps,
IQST,failed,True,True,False,False,False,,missing_positive_eps,11025017.0
IQV,ok,True,True,True,True,True,forecast_icc,,44349825024.0
IR,ok,True,True,True,True,True,forecast_icc,,28188157952.0
IRAB,failed,True,True,False,False,False,,missing_positive_eps,229046688.0
IRAB-U,failed,False,False,False,False,False,,missing_price,
IRAB-W,failed,False,False,False,False,False,,missing_price,
IRD,failed,True,True,False,False,False,,missing_positive_eps,439273984.0
IRDM,ok,True,True,True,True,True,forecast_icc,,5032004096.0
IREN,failed,True,True,False,False,False,,missing_positive_eps,17133670400.0
IRHO,ok,True,True,False,True,True,trailing_eps_fallback_icc,,294959200.0
IRIX,failed,True,True,False,False,False,,missing_positive_eps,11447053.0
IRM,ok,True,True,True,True,True,forecast_icc,,33938120704.0
IRMD,ok,True,True,True,True,True,forecast_icc,,1057995584.0
IRON,failed,True,True,False,False,False,,missing_positive_eps,2656016896.0
IRS,ok,True,True,True,True,True,forecast_icc,,1355283968.0
IRT,ok,True,True,True,True,True,forecast_icc,,3637377536.0
IRTC,ok,True,True,True,False,True,forecast_icc,,3683615744.0
IRWD,ok,True,True,True,True,True,forecast_icc,,698964992.0
ISBA,ok,True,True,True,True,True,forecast_icc,,294169344.0
ISNR,failed,True,True,False,False,False,,missing_positive_eps,278680512.0
ISOU,failed,True,True,False,False,False,,missing_positive_eps,680624576.0
ISPC,failed,True,True,False,False,False,,missing_positive_eps,3400096.0
ISPR,ok,True,True,True,False,True,forecast_icc,,75080808.0
ISRG,ok,True,True,True,True,True,forecast_icc,,137413967872.0
ISTR,ok,True,True,True,True,True,forecast_icc,,417030592.0
IT,ok,True,True,True,True,True,forecast_icc,,11859378176.0
ITG,ok,True,True,True,False,True,forecast_icc,,1538991616.0
ITGR,ok,True,True,True,True,True,forecast_icc,,4294849536.0
ITHA,failed,True,True,False,False,False,,missing_positive_eps,308200032.0
ITIC,ok,True,True,False,True,True,trailing_eps_fallback_icc,,558846848.0
ITOC,failed,True,True,False,False,False,,missing_positive_eps,7328887.0
ITP,failed,True,True,False,False,False,,missing_positive_eps,2799294.0
ITRG,ok,True,True,True,True,True,forecast_icc,,563987136.0
ITRI,ok,True,True,True,True,True,forecast_icc,,4001233152.0
ITRN,ok,True,True,True,True,True,forecast_icc,,1043006848.0
ITT,ok,True,False,True,True,True,forecast_icc,,
ITUB,ok,True,True,True,True,True,forecast_icc,,91371323392.0
ITW,ok,True,True,True,True,True,forecast_icc,,76186853376.0
IVA,failed,True,True,False,False,False,,missing_positive_eps,885827456.0
IVDA,ok,True,True,True,False,True,forecast_icc,,3734425.0
IVF,ok,True,True,False,True,True,trailing_eps_fallback_icc,,2328723.0
IVR,ok,True,True,True,True,True,forecast_icc,,712859968.0
IVT,ok,True,True,False,True,True,trailing_eps_fallback_icc,,2397836800.0
IVVD,failed,True,True,False,False,False,,missing_positive_eps,219948992.0
IVZ,ok,True,True,True,False,True,forecast_icc,,13342123008.0
IX,ok,True,True,True,True,True,forecast_icc,,41859444736.0
IXHL,failed,True,True,False,False,False,,missing_positive_eps,42952748.0
IZEA,failed,True,True,False,False,False,,missing_positive_eps,45978996.0
IZM,ok,True,True,False,True,True,trailing_eps_fallback_icc,,586483.0
J,ok,True,True,True,True,True,forecast_icc,,16872286208.0
JACK,ok,True,True,True,False,True,forecast_icc,,254126128.0
JACS,ok,True,True,False,True,True,trailing_eps_fallback_icc,,318388416.0
JACS-R,failed,False,False,False,False,False,,missing_price,
JACS-U,failed,False,False,False,False,False,,missing_price,
JAGU,failed,True,True,False,False,False,,missing_positive_eps,31906166.0
JAGX,ok,True,True,False,True,True,trailing_eps_fallback_icc,,1193857.0
JAKK,ok,True,True,True,True,True,forecast_icc,,278457152.0
JAN,ok,True,True,True,False,True,forecast_icc,,9391940608.0
JANX,failed,True,True,False,False,False,,missing_positive_eps,1030766016.0
JATT,failed,True,True,False,False,False,,missing_positive_eps,93756000.0
JAZZ,ok,True,True,True,True,True,forecast_icc,,15828769792.0
JBDI,ok,True,True,False,True,True,trailing_eps_fallback_icc,,11322294.0
JBGS,failed,True,True,False,False,False,,missing_positive_eps,881971072.0
JBHT,ok,True,True,True,True,True,forecast_icc,,22239057920.0
JBI,ok,True,True,True,True,True,forecast_icc,,604410560.0
JBIO,failed,True,True,False,False,False,,missing_positive_eps,1090059136.0
JBK,failed,True,False,False,False,False,,missing_positive_eps,
JBL,ok,True,True,True,True,True,forecast_icc,,31010691072.0
JBLU,failed,True,True,False,False,False,,missing_positive_eps,1679039232.0
JBS,ok,True,True,True,True,True,forecast_icc,,12915185664.0
JBSS,ok,True,True,True,True,True,forecast_icc,,788959168.0
JBTM,ok,True,True,True,True,True,forecast_icc,,5721494016.0
JCAP,ok,True,True,True,False,True,forecast_icc,,1175500672.0
JCE,ok,True,False,False,True,True,trailing_eps_fallback_icc,,
JCI,ok,True,True,True,True,True,forecast_icc,,85445885952.0
JCSE,ok,True,True,False,True,True,trailing_eps_fallback_icc,,7772396.0
JCTC,failed,True,True,False,False,False,,missing_positive_eps,10349132.0
JD,ok,True,True,True,True,True,forecast_icc,,35977318400.0
JDZG,failed,True,True,False,False,False,,missing_positive_eps,22522800.0
JEF,ok,True,True,True,True,True,forecast_icc,,9736375296.0
JELD,failed,True,True,False,False,False,,missing_positive_eps,163982800.0
JEM,failed,True,True,False,False,False,,missing_positive_eps,2566978.0
JENA,failed,True,True,False,False,False,,missing_positive_eps,303657984.0
JENA-R,failed,False,False,False,False,False,,missing_price,
JENA-U,failed,False,False,False,False,False,,missing_price,
JF,failed,True,True,False,False,False,,missing_positive_eps,18340154.0
JFB,failed,False,True,False,False,False,,missing_price,100039352.0
JFIN,ok,True,True,True,True,True,forecast_icc,,77971024.0
JFR,ok,True,False,False,True,True,trailing_eps_fallback_icc,,
JFU,ok,True,True,False,True,True,trailing_eps_fallback_icc,,29433336.0
JG,ok,True,True,True,True,True,forecast_icc,,37906288.0
JGH,ok,True,True,False,True,True,trailing_eps_fallback_icc,,337791296.0
JHI,ok,True,False,False,True,True,trailing_eps_fallback_icc,,
JHS,ok,True,True,False,True,True,trailing_eps_fallback_icc,,122405608.0
JHX,ok,True,True,True,True,True,forecast_icc,,15041337344.0
JILL,ok,True,True,True,True,True,forecast_icc,,358643616.0
JJSF,ok,True,True,True,True,True,forecast_icc,,1473231616.0
JKHY,ok,True,True,True,True,True,forecast_icc,,10952291328.0
JKS,ok,True,True,True,False,True,forecast_icc,,563503232.0
JL,ok,True,True,False,True,True,trailing_eps_fallback_icc,,16777187.0
JLHL,ok,True,True,False,True,True,trailing_eps_fallback_icc,,116895040.0
JLL,ok,True,True,True,True,True,forecast_icc,,15497234432.0
JMIA,failed,True,True,False,False,False,,missing_positive_eps,950079744.0
JMKE,ok,True,True,True,False,True,forecast_icc,,4686951936.0
JMSB,ok,True,True,True,True,True,forecast_icc,,326272544.0
JNJ,ok,True,True,True,True,True,forecast_icc,,651202789376.0
JOB,ok,True,True,True,False,True,forecast_icc,,25270258.0
JOBY,failed,True,True,False,False,False,,missing_positive_eps,6152082944.0
JOE,ok,True,True,True,True,True,forecast_icc,,3637286656.0
JOF,ok,True,False,False,True,True,trailing_eps_fallback_icc,,
JONE,failed,True,True,False,False,False,,missing_positive_eps,347371008.0
JOUT,ok,True,True,True,False,True,forecast_icc,,463935008.0
JOYY,ok,True,True,True,True,True,forecast_icc,,3863029760.0
JPM,ok,True,True,True,True,True,forecast_icc,,928531021824.0
JRI,ok,True,True,False,True,True,trailing_eps_fallback_icc,,420261984.0
JRS,ok,True,False,False,True,True,trailing_eps_fallback_icc,,
JRSH,ok,True,True,True,True,True,forecast_icc,,71373664.0
JRVR,ok,True,True,True,True,True,forecast_icc,,175283856.0
JSPR,failed,True,True,False,False,False,,missing_positive_eps,21099400.0
JTAI,ok,True,True,False,True,True,trailing_eps_fallback_icc,,1976192.0
JTTT,failed,True,True,False,False,False,,missing_positive_eps,97449000.0
JUNS,ok,True,True,True,False,True,forecast_icc,,3968748.0
JVA,ok,True,True,True,True,True,forecast_icc,,23976118.0
JWEL,failed,True,True,False,False,False,,missing_positive_eps,5251249.0
JXG,failed,True,True,False,False,False,,missing_positive_eps,90810880.0
JXN,ok,True,True,True,True,True,forecast_icc,,8762744832.0
JYD,failed,True,True,False,False,False,,missing_positive_eps,7460711.0
JYNT,ok,True,True,True,True,True,forecast_icc,,119226792.0
JZ,ok,True,True,False,True,True,trailing_eps_fallback_icc,,1737838.0
JZXN,failed,True,True,False,False,False,,missing_positive_eps,59239672.0
KAI,ok,True,True,True,True,True,forecast_icc,,3154451200.0
KALA,failed,True,True,False,False,False,,missing_positive_eps,10919243.0
KALU,ok,True,True,True,True,True,forecast_icc,,2535417344.0
KAPA,failed,True,True,False,False,False,,missing_positive_eps,6127543.0
KARD,failed,True,True,False,False,False,,missing_positive_eps,1560576768.0
KARO,ok,True,True,True,True,True,forecast_icc,,2122678656.0
KAZR,failed,True,True,False,False,False,,missing_positive_eps,33731136.0
KB,ok,True,True,True,True,True,forecast_icc,,45580599296.0
KBDC,ok,True,True,True,True,True,forecast_icc,,874340544.0
KBH,ok,True,True,True,True,True,forecast_icc,,2975974144.0
KBON,failed,True,True,False,False,False,,missing_positive_eps,444551520.0
KBR,ok,True,True,True,True,True,forecast_icc,,4626686464.0
KBSX,ok,True,True,True,True,True,forecast_icc,,49242604.0
KC,failed,True,True,False,False,False,,missing_positive_eps,2808087552.0
KCA-U,failed,False,False,False,False,False,,missing_price,
KCAC-U,failed,False,False,False,False,False,,missing_price,
KCAC-W,failed,False,False,False,False,False,,missing_price,
KCHV,ok,True,True,False,True,True,trailing_eps_fallback_icc,,357989664.0
KD,ok,True,True,True,True,True,forecast_icc,,2820746496.0
KDK,failed,True,True,False,False,False,,missing_positive_eps,768367616.0
KDP,ok,True,True,True,True,True,forecast_icc,,42770759680.0
KE,ok,True,True,True,True,True,forecast_icc,,600133632.0
KEEL,failed,True,True,False,False,False,,missing_positive_eps,2229439232.0
KELYA,ok,True,True,True,False,True,forecast_icc,,563352128.0
KELYB,failed,True,True,False,False,False,,missing_positive_eps,794666880.0
KEN,ok,True,False,False,True,True,trailing_eps_fallback_icc,,
KEP,ok,True,True,True,True,True,forecast_icc,,14534067200.0
KEQU,ok,True,True,True,True,True,forecast_icc,,104550984.0
KEX,ok,True,True,True,True,True,forecast_icc,,7306992128.0
KEY,ok,True,True,True,True,True,forecast_icc,,22356344832.0
KEYS,ok,True,True,True,True,True,forecast_icc,,56425922560.0
KEYY,failed,True,True,False,False,False,,missing_positive_eps,379883328.0
KF,ok,True,True,False,True,True,trailing_eps_fallback_icc,,271706432.0
KFFB,ok,True,True,False,True,True,trailing_eps_fallback_icc,,44800408.0
KFII,ok,True,True,False,True,True,trailing_eps_fallback_icc,,418469600.0
KFRC,ok,True,True,True,True,True,forecast_icc,,924104384.0
KFY,ok,True,True,True,True,True,forecast_icc,,4207578880.0
KG,failed,True,True,False,False,False,,missing_positive_eps,48352504.0
KGC,ok,True,True,True,True,True,forecast_icc,,33795999744.0
KGEI,ok,True,True,True,True,True,forecast_icc,,240326960.0
KGS,ok,True,True,True,True,True,forecast_icc,,5892342784.0
KHC,ok,True,True,True,False,True,forecast_icc,,29325420544.0
KIDS,failed,True,True,False,False,False,,missing_positive_eps,568671232.0
KIDZ,failed,True,True,False,False,False,,missing_positive_eps,2668098.0
KIM,ok,True,True,True,True,True,forecast_icc,,15139716096.0
KINS,ok,True,True,True,True,True,forecast_icc,,288654112.0
KIO,ok,True,True,False,True,True,trailing_eps_fallback_icc,,439770784.0
KITT,failed,True,True,False,False,False,,missing_positive_eps,4657273.0
KKR,ok,True,True,True,True,True,forecast_icc,,90687356928.0
KLAC,ok,True,True,True,True,True,forecast_icc,,220780281856.0
KLAR,ok,True,True,True,False,True,forecast_icc,,5285491200.0
KLC,ok,True,True,True,False,True,forecast_icc,,279700192.0
KLIC,ok,True,True,True,True,True,forecast_icc,,4286801152.0
KLRA,failed,True,True,False,False,False,,missing_positive_eps,1674996352.0
KLRS,failed,True,True,False,False,False,,missing_positive_eps,75223736.0
KLTR,ok,True,True,True,False,True,forecast_icc,,216622720.0
KLXE,failed,True,True,False,False,False,,missing_positive_eps,32186604.0
KMB,ok,True,True,True,True,True,forecast_icc,,32655937536.0
KMDA,ok,True,True,True,True,True,forecast_icc,,500348352.0
KMI,ok,True,True,True,True,True,forecast_icc,,69721178112.0
KMPR,ok,True,True,True,False,True,forecast_icc,,1583128064.0
KMRK,ok,True,True,False,True,True,trailing_eps_fallback_icc,,20045000.0
KMT,ok,True,True,True,True,True,forecast_icc,,2279478528.0
KMTS,failed,True,True,False,False,False,,missing_positive_eps,1450329728.0
KMX,ok,True,True,True,True,True,forecast_icc,,8284770304.0
KN,ok,True,True,True,True,True,forecast_icc,,3026087936.0
KNDI,ok,True,True,True,False,True,forecast_icc,,55037664.0
KNF,ok,True,True,True,True,True,forecast_icc,,3093038848.0
KNOP,ok,True,True,True,True,True,forecast_icc,,388721536.0
KNRX,failed,True,True,False,False,False,,missing_positive_eps,9860130.0
KNSA,ok,True,True,True,True,True,forecast_icc,,6189645312.0
KNSL,ok,True,True,True,True,True,forecast_icc,,8189526528.0
KNTK,ok,True,True,True,True,True,forecast_icc,,9082649600.0
KNX,ok,True,True,True,True,True,forecast_icc,,10850941952.0
KO,ok,True,True,True,True,True,forecast_icc,,378882457600.0
KOD,failed,True,True,False,False,False,,missing_positive_eps,2064604544.0
KODK,failed,True,True,False,False,False,,missing_positive_eps,953545984.0
KOF,ok,True,False,True,False,True,forecast_icc,,
KOP,ok,True,True,True,False,True,forecast_icc,,873336192.0
KOPN,ok,True,True,False,True,True,trailing_eps_fallback_icc,,879177408.0
KOS,ok,True,True,True,False,True,forecast_icc,,1691185024.0
KOSS,failed,True,True,False,False,False,,missing_positive_eps,33416526.0
KOYN,ok,True,True,False,True,True,trailing_eps_fallback_icc,,322837472.0
KPET,failed,True,True,False,False,False,,missing_positive_eps,289560128.0
KPET-U,failed,False,False,False,False,False,,missing_price,
KPET-W,failed,False,False,False,False,False,,missing_price,
KPLT,ok,True,True,False,True,True,trailing_eps_fallback_icc,,779762816.0
KPRX,failed,True,True,False,False,False,,missing_positive_eps,11813114.0
KPTI,failed,True,True,False,False,False,,missing_positive_eps,40599812.0
KR,ok,True,True,True,True,True,forecast_icc,,36207001600.0
KRAQ,failed,True,True,False,False,False,,missing_positive_eps,432267744.0
KRC,ok,True,True,True,True,True,forecast_icc,,4042372352.0
KREF,ok,True,True,True,False,True,forecast_icc,,438528864.0
KRG,ok,True,True,True,True,True,forecast_icc,,5211991552.0
KRKR,ok,True,True,True,True,True,forecast_icc,,6069466.0
KRMD,ok,True,True,True,False,True,forecast_icc,,147904256.0
KRMN,ok,True,True,True,True,True,forecast_icc,,4671813120.0
KRNT,ok,True,True,True,False,True,forecast_icc,,660825344.0
KRNY,ok,True,True,True,True,True,forecast_icc,,609622080.0
KRO,ok,True,True,True,False,True,forecast_icc,,946101632.0
KROS,failed,True,True,False,False,False,,missing_positive_eps,225236848.0
KRP,ok,True,True,True,True,True,forecast_icc,,1882689024.0
KRRO,failed,True,True,False,False,False,,missing_positive_eps,173762624.0
KRSA,failed,True,True,False,False,False,,missing_positive_eps,10910780416.0
KRSP,failed,True,True,False,False,False,,missing_positive_eps,484407360.0
KRSP-U,failed,False,False,False,False,False,,missing_price,
KRSP-W,failed,False,False,False,False,False,,missing_price,
KRT,ok,True,True,True,True,True,forecast_icc,,1004160064.0
KRUS,ok,True,True,True,False,True,forecast_icc,,419412352.0
KRYS,ok,True,True,True,True,True,forecast_icc,,10026605568.0
KSCP,failed,True,True,False,False,False,,missing_positive_eps,27397292.0
KSPI,ok,True,True,True,True,True,forecast_icc,,18514356224.0
KSS,ok,True,True,True,True,True,forecast_icc,,1893386752.0
KT,ok,True,True,True,True,True,forecast_icc,,9277615104.0
KTB,ok,True,True,True,True,True,forecast_icc,,3581451776.0
KTCC,failed,True,True,False,False,False,,missing_positive_eps,25790766.0
KTF,ok,True,True,False,True,True,trailing_eps_fallback_icc,,331494176.0
KTN,failed,True,False,False,False,False,,missing_positive_eps,
KTOS,ok,True,True,True,True,True,forecast_icc,,8946798592.0
KTTA,failed,True,True,False,False,False,,missing_positive_eps,16931100.0
KTWO,failed,True,True,False,False,False,,missing_positive_eps,202415728.0
KULR,failed,True,True,False,False,False,,missing_positive_eps,111535576.0
KURA,failed,True,True,False,False,False,,missing_positive_eps,1042618432.0
KUST,failed,True,True,False,False,False,,missing_positive_eps,3969184.0
KVHI,ok,True,True,True,False,True,forecast_icc,,130433520.0
KVUE,ok,True,True,True,True,True,forecast_icc,,34324224000.0
KVYO,ok,True,True,True,True,True,forecast_icc,,4749570560.0
KWM,failed,True,True,False,False,False,,missing_positive_eps,5016678.0
KWR,ok,True,True,True,True,True,forecast_icc,,2680099584.0
KWY,failed,True,True,False,False,False,,missing_positive_eps,279762784.0
KXIN,failed,True,True,False,False,False,,missing_positive_eps,2894083.0
KYIV,ok,True,True,True,True,True,forecast_icc,,3066134272.0
KYMR,failed,True,True,False,False,False,,missing_positive_eps,9745879040.0
KYNB,failed,True,True,False,False,False,,missing_positive_eps,28748780.0
KYTX,failed,True,True,False,False,False,,missing_positive_eps,435377856.0
KZIA,failed,True,True,False,False,False,,missing_positive_eps,124096120.0
L,ok,True,True,True,True,True,forecast_icc,,22151786496.0
LAB,failed,True,True,False,False,False,,missing_positive_eps,286582528.0
LABT,failed,True,True,False,False,False,,missing_positive_eps,4407619.0
LAC,failed,True,True,False,False,False,,missing_positive_eps,1049194176.0
LAD,ok,True,True,True,True,True,forecast_icc,,7071528448.0
LADR,ok,True,True,True,True,True,forecast_icc,,1210295040.0
LAES,failed,True,True,False,False,False,,missing_positive_eps,517340288.0
LAFA,ok,True,True,False,True,True,trailing_eps_fallback_icc,,159647456.0
LAKE,ok,True,True,True,False,True,forecast_icc,,104130160.0
LAMR,ok,True,True,True,True,True,forecast_icc,,14908508160.0
LAND,failed,True,True,False,False,False,,missing_positive_eps,411954272.0
LANDO,failed,True,False,False,False,False,,missing_positive_eps,
LANDP,failed,True,False,False,False,False,,missing_positive_eps,
LANV,failed,True,True,False,False,False,,missing_positive_eps,150957872.0
LAR,ok,True,True,True,False,True,forecast_icc,,946857024.0
LARK,ok,True,True,True,True,True,forecast_icc,,199548464.0
LASE,failed,True,True,False,False,False,,missing_positive_eps,53844924.0
LASR,ok,True,True,True,False,True,forecast_icc,,2217034240.0
LATA,failed,True,True,False,False,False,,missing_positive_eps,234372288.0
LAUR,ok,True,True,True,True,True,forecast_icc,,4942447104.0
LAW,failed,True,True,False,False,False,,missing_positive_eps,270005856.0
LAWR,failed,True,True,False,False,False,,missing_positive_eps,172350000.0
LAZ,ok,True,True,True,True,True,forecast_icc,,3514067968.0
LB,ok,True,True,True,True,True,forecast_icc,,6623949312.0
LBGJ,failed,True,True,False,False,False,,missing_positive_eps,32574.0
LBRT,ok,True,True,True,True,True,forecast_icc,,3118588160.0
LBRX,failed,True,True,False,False,False,,missing_positive_eps,1359401600.0
LBTYA,failed,True,True,False,False,False,,missing_positive_eps,3509790976.0
LBTYB,failed,True,True,False,False,False,,missing_positive_eps,4255067392.0
LBTYK,failed,True,True,False,False,False,,missing_positive_eps,3376766720.0
LCCC,ok,True,True,False,True,True,trailing_eps_fallback_icc,,93680608.0
LCFY,failed,True,True,False,False,False,,missing_positive_eps,5275319.0
LCID,failed,True,True,False,False,False,,missing_positive_eps,1686620416.0
LCII,ok,True,True,True,True,True,forecast_icc,,2102702336.0
LCLN,ok,True,True,True,False,True,forecast_icc,,2725871104.0
LCNB,ok,True,True,True,True,True,forecast_icc,,272983008.0
LCTX,failed,True,True,False,False,False,,missing_positive_eps,260494672.0
LCUT,ok,True,True,True,True,True,forecast_icc,,192646448.0
LDI,ok,True,True,True,False,True,forecast_icc,,320252192.0
LDOS,ok,True,True,True,True,True,forecast_icc,,16434460672.0
LE,ok,True,True,True,True,True,forecast_icc,,303123040.0
LEA,ok,True,True,True,True,True,forecast_icc,,8170055168.0
LECO,ok,True,True,True,True,True,forecast_icc,,14007979008.0
LEDS,failed,True,True,False,False,False,,missing_positive_eps,17374146.0
LEE,failed,True,True,False,False,False,,missing_positive_eps,160725632.0
LEGH,ok,True,True,True,True,True,forecast_icc,,657323392.0
LEGN,ok,True,True,True,False,True,forecast_icc,,3419106304.0
LEGO,failed,True,True,False,False,False,,missing_positive_eps,312666688.0
LEGO-U,failed,False,False,False,False,False,,missing_price,
LEGO-W,failed,False,False,False,False,False,,missing_price,
LEN,ok,True,True,True,True,True,forecast_icc,,19199342592.0
LEN-B,ok,True,True,True,True,True,forecast_icc,,18869315584.0
LENZ,failed,True,True,False,False,False,,missing_positive_eps,129766024.0
LEO,ok,True,True,False,True,True,trailing_eps_fallback_icc,,365024416.0
LESL,failed,True,True,False,False,False,,missing_positive_eps,4277212.0
LEU,ok,True,True,True,True,True,forecast_icc,,3064898304.0
LEVI,ok,True,True,True,True,True,forecast_icc,,7639283712.0
LEXX,failed,True,True,False,False,False,,missing_positive_eps,6930342.0
LFAC,failed,True,True,False,False,False,,missing_positive_eps,197766416.0
LFCR,failed,True,True,False,False,False,,missing_positive_eps,168824656.0
LFMD,ok,True,True,True,False,True,forecast_icc,,154242672.0
LFS,ok,True,True,False,True,True,trailing_eps_fallback_icc,,56506940.0
LFST,ok,True,True,True,True,True,forecast_icc,,4793743872.0
LFT,ok,True,True,True,False,True,forecast_icc,,34534588.0
LFTO,ok,True,True,True,True,True,forecast_icc,,2949755136.0
LFUS,ok,True,True,True,False,True,forecast_icc,,10206232576.0
LFVN,ok,True,True,True,True,True,forecast_icc,,77669552.0
LFWD,failed,True,True,False,False,False,,missing_positive_eps,19710832.0
LGCL,ok,True,True,False,True,True,trailing_eps_fallback_icc,,139068816.0
LGCY,ok,True,True,True,True,True,forecast_icc,,131834240.0
LGHL,failed,True,True,False,False,False,,missing_positive_eps,297628.0
LGI,ok,True,True,False,True,True,trailing_eps_fallback_icc,,223152672.0
LGIH,ok,True,True,True,True,True,forecast_icc,,1142187648.0
LGL,ok,True,True,True,False,True,forecast_icc,,86273944.0
LGN,ok,True,True,True,False,True,forecast_icc,,8984742912.0
LGND,ok,True,True,True,True,True,forecast_icc,,5675667968.0
LGO,ok,True,True,True,False,True,forecast_icc,,70316760.0
LGPS,ok,True,True,False,True,True,trailing_eps_fallback_icc,,20045628.0
LGVN,failed,True,True,False,False,False,,missing_positive_eps,8640014.0
LH,ok,True,True,True,True,True,forecast_icc,,26173403136.0
LHAI,failed,True,True,False,False,False,,missing_positive_eps,20497200.0
LHSW,failed,True,True,False,False,False,,missing_positive_eps,6854782.0
LHX,ok,True,True,True,True,True,forecast_icc,,46639316992.0
LI,ok,True,True,True,False,True,forecast_icc,,11697976320.0
LICN,failed,True,True,False,False,False,,missing_positive_eps,17094298.0
LIDR,failed,True,True,False,False,False,,missing_positive_eps,56473324.0
LIEN,ok,True,True,True,True,True,forecast_icc,,233226432.0
LIF,ok,True,True,True,True,True,forecast_icc,,3283658752.0
LIFE,ok,True,True,True,False,True,forecast_icc,,3488519936.0
LII,ok,True,True,True,True,True,forecast_icc,,12410047488.0
LILA,ok,True,True,True,False,True,forecast_icc,,1671026944.0
LILAK,ok,True,True,True,False,True,forecast_icc,,1678862976.0
LIME,ok,True,True,True,True,True,forecast_icc,,1923339136.0
LIMN,failed,True,True,False,False,False,,missing_positive_eps,4553472.0
LIN,ok,True,True,True,True,True,forecast_icc,,211350192128.0
LINC,ok,True,True,True,True,True,forecast_icc,,805725568.0
LIND,ok,True,True,True,False,True,forecast_icc,,1818977664.0
LINE,failed,True,True,False,False,False,,missing_positive_eps,9513373696.0
LINK,failed,True,True,False,False,False,,missing_positive_eps,80027320.0
LION,ok,True,True,True,False,True,forecast_icc,,3374326784.0
LIQT,failed,True,True,False,False,False,,missing_positive_eps,22730714.0
LITB,ok,True,True,True,True,True,forecast_icc,,60560604.0
LITE,ok,True,True,True,False,True,forecast_icc,,80156819456.0
LITS,failed,True,True,False,False,False,,missing_positive_eps,35386208.0
LIVE,ok,True,True,True,False,True,forecast_icc,,24204650.0
LIVN,ok,True,True,True,True,True,forecast_icc,,4273279744.0
LKFN,ok,True,True,True,True,True,forecast_icc,,1482273024.0
LKFT,ok,True,True,False,True,True,trailing_eps_fallback_icc,,1893161856.0
LKQ,ok,True,True,True,True,True,forecast_icc,,6029039616.0
LKSP,ok,True,True,False,True,True,trailing_eps_fallback_icc,,160621264.0
LLY,ok,True,True,True,True,True,forecast_icc,,1027678404608.0
LLYVA,ok,True,True,True,False,True,forecast_icc,,8684387328.0
LLYVK,failed,True,True,False,False,False,,missing_positive_eps,8988924928.0
LMAT,ok,True,True,True,True,True,forecast_icc,,1817419776.0
LMB,ok,True,True,True,True,True,forecast_icc,,596845888.0
LMND,failed,True,True,False,False,False,,missing_positive_eps,3759927808.0
LMNR,ok,True,True,True,False,True,forecast_icc,,232814992.0
LMRI,ok,True,True,True,False,True,forecast_icc,,1106783744.0
LMT,ok,True,True,True,True,True,forecast_icc,,124186198016.0
LNAI,failed,True,True,False,False,False,,missing_positive_eps,10314600.0
LNC,ok,True,True,True,True,True,forecast_icc,,8096307712.0
LND,failed,True,False,False,False,False,,missing_positive_eps,
LNG,ok,True,True,True,True,True,forecast_icc,,55733243904.0
LNKS,failed,True,True,False,False,False,,missing_positive_eps,1638745.0
LNN,ok,True,True,True,True,True,forecast_icc,,1192505088.0
LNSR,ok,True,True,False,True,True,trailing_eps_fallback_icc,,87106784.0
LNT,ok,True,True,True,True,True,forecast_icc,,17278732288.0
LNTH,ok,True,True,True,True,True,forecast_icc,,6582227456.0
LNZA,ok,True,True,False,True,True,trailing_eps_fallback_icc,,79189440.0
LOAN,ok,True,True,True,True,True,forecast_icc,,44559488.0
LOAR,ok,True,True,True,True,True,forecast_icc,,6022295040.0
LOB,ok,True,True,True,True,True,forecast_icc,,1770348416.0
LOBO,ok,True,True,True,False,True,forecast_icc,,7452499.0
LOCL,failed,True,True,False,False,False,,missing_positive_eps,25718132.0
LOCO,ok,True,True,True,True,True,forecast_icc,,435799648.0
LODE,failed,True,True,False,False,False,,missing_positive_eps,199861728.0
LOGI,ok,True,True,True,True,True,forecast_icc,,14682531840.0
LOMA,ok,True,True,True,True,True,forecast_icc,,1114452864.0
LONA,failed,True,True,False,False,False,,missing_positive_eps,65480556.0
LOOP,ok,True,True,True,False,True,forecast_icc,,25806090.0
LOPE,ok,True,True,True,True,True,forecast_icc,,3972572160.0
LOT,failed,True,True,False,False,False,,missing_positive_eps,611638208.0
LOVE,ok,True,True,True,True,True,forecast_icc,,206976272.0
LOW,ok,True,True,True,True,True,forecast_icc,,108951076864.0
LPA,ok,True,True,True,True,True,forecast_icc,,97948784.0
LPAA,ok,True,True,False,True,True,trailing_eps_fallback_icc,,80954056.0
LPBB,ok,True,True,False,True,True,trailing_eps_fallback_icc,,311074976.0
LPCN,failed,True,True,False,False,False,,missing_positive_eps,18302242.0
LPCV,failed,True,True,False,False,False,,missing_positive_eps,289225024.0
LPG,ok,True,True,True,True,True,forecast_icc,,2494658048.0
LPL,ok,True,True,True,False,True,forecast_icc,,2980000000.0
LPLA,ok,True,True,True,True,True,forecast_icc,,25980231680.0
LPSN,failed,True,True,False,False,False,,missing_positive_eps,38245620.0
LPTH,ok,True,True,True,False,True,forecast_icc,,708066496.0
LPX,ok,True,True,True,True,True,forecast_icc,,4602358784.0
LQDA,ok,True,True,True,True,True,forecast_icc,,6121512960.0
LQDT,ok,True,True,True,True,True,forecast_icc,,1352899328.0
LRCX,ok,True,True,True,True,True,forecast_icc,,336993255424.0
LRE,ok,True,True,False,True,True,trailing_eps_fallback_icc,,15363508.0
LRHC,failed,True,True,False,False,False,,missing_positive_eps,9422648.0
LRMR,failed,True,True,False,False,False,,missing_positive_eps,394755136.0
LRN,ok,True,True,True,True,True,forecast_icc,,3364269312.0
LSAK,ok,True,True,True,True,True,forecast_icc,,363894144.0
LSBK,ok,True,True,False,True,True,trailing_eps_fallback_icc,,142624784.0
LSCC,ok,True,True,True,True,True,forecast_icc,,15414545408.0
LSE,ok,True,True,False,True,True,trailing_eps_fallback_icc,,90828376.0
LSF,ok,True,True,True,False,True,forecast_icc,,42421028.0
LSPD,ok,True,True,True,False,True,forecast_icc,,1225760128.0
LSTA,failed,True,True,False,False,False,,missing_positive_eps,15679030.0
LSTR,ok,True,True,True,True,True,forecast_icc,,5807965184.0
LTBR,failed,True,True,False,False,False,,missing_positive_eps,240315808.0
LTC,ok,True,True,True,True,True,forecast_icc,,2344892160.0
LTGO,failed,True,True,False,False,False,,missing_positive_eps,1586543360.0
LTGR,failed,True,True,False,False,False,,missing_positive_eps,229195008.0
LTH,ok,True,True,True,True,True,forecast_icc,,9132890112.0
LTM,ok,True,False,True,True,True,forecast_icc,,
LTRN,failed,True,True,False,False,False,,missing_positive_eps,21860890.0
LTRX,ok,True,True,True,False,True,forecast_icc,,271824928.0
LU,ok,True,True,True,False,True,forecast_icc,,1022692864.0
LUCD,failed,True,True,False,False,False,,missing_positive_eps,149016384.0
LUCK,ok,True,True,True,False,True,forecast_icc,,748440768.0
LUCY,failed,True,True,False,False,False,,missing_positive_eps,7731919.0
LUD,ok,True,True,False,True,True,trailing_eps_fallback_icc,,97793896.0
LULU,ok,True,True,True,True,True,forecast_icc,,11003468800.0
LUMN,failed,True,True,False,False,False,,missing_positive_eps,6683766272.0
LUNG,failed,True,True,False,False,False,,missing_positive_eps,85037568.0
LUNR,failed,True,True,False,False,False,,missing_positive_eps,2373089536.0
LUV,ok,True,True,True,True,True,forecast_icc,,19734659072.0
LUXE,ok,True,True,True,False,True,forecast_icc,,1324354304.0
LVLU,failed,True,True,False,False,False,,missing_positive_eps,29519800.0
LVO,failed,True,True,False,False,False,,missing_positive_eps,43877724.0
LVS,ok,True,True,True,True,True,forecast_icc,,26342006784.0
LVWR,failed,True,True,False,False,False,,missing_positive_eps,291685696.0
LVWR-W,failed,False,False,False,False,False,,missing_price,
LW,ok,True,True,True,True,True,forecast_icc,,6387467264.0
LWAC,failed,True,True,False,False,False,,missing_positive_eps,310373984.0
LWAY,ok,True,True,True,True,True,forecast_icc,,359389536.0
LWLG,failed,True,True,False,False,False,,missing_positive_eps,773919552.0
LX,ok,True,True,True,True,True,forecast_icc,,134368352.0
LXEH,failed,True,True,False,False,False,,missing_positive_eps,3334042.0
LXEO,failed,True,True,False,False,False,,missing_positive_eps,342953344.0
LXFR,ok,True,True,True,True,True,forecast_icc,,460662880.0
LXP,ok,True,True,True,True,True,forecast_icc,,3588728576.0
LXRX,failed,True,True,False,False,False,,missing_positive_eps,905485376.0
LXU,ok,True,True,True,True,True,forecast_icc,,811411904.0
LYB,ok,True,True,True,False,True,forecast_icc,,20755187712.0
LYEL,failed,True,True,False,False,False,,missing_positive_eps,264655520.0
LYFT,ok,True,True,True,True,True,forecast_icc,,5867374080.0
LYG,ok,True,True,True,True,True,forecast_icc,,85790056448.0
LYNX,ok,True,True,True,False,True,forecast_icc,,1558359680.0
LYTS,ok,True,True,True,True,True,forecast_icc,,756405120.0
LYV,ok,True,True,True,False,True,forecast_icc,,39216402432.0
LZ,ok,True,True,True,True,True,forecast_icc,,1039577472.0
LZB,ok,True,True,True,True,True,forecast_icc,,1184760960.0
LZM,failed,True,True,False,False,False,,missing_positive_eps,346171040.0
LZMH,failed,True,True,False,False,False,,missing_positive_eps,10819093.0
M,ok,True,True,True,True,True,forecast_icc,,5651862528.0
MA,ok,True,True,True,True,True,forecast_icc,,495585067008.0
MAA,ok,True,True,True,True,True,forecast_icc,,14414842880.0
MAAS,failed,True,True,False,False,False,,missing_positive_eps,7163244544.0
MAC,ok,True,True,True,False,True,forecast_icc,,6652934656.0
MACI,ok,True,True,False,True,True,trailing_eps_fallback_icc,,238270288.0
MAGH,failed,True,True,False,False,False,,missing_positive_eps,225446000.0
MAGN,ok,True,True,True,False,True,forecast_icc,,416520000.0
MAIA,ok,True,True,True,False,True,forecast_icc,,85167888.0
MAIN,ok,True,True,True,True,True,forecast_icc,,5332787712.0
MAIR,ok,True,True,True,True,True,forecast_icc,,11900860416.0
MAKO,ok,True,True,False,True,True,trailing_eps_fallback_icc,,919862080.0
MAMA,ok,True,True,True,True,True,forecast_icc,,618103296.0
MAMK,ok,True,True,False,True,True,trailing_eps_fallback_icc,,216124992.0
MAMO,ok,True,True,False,True,True,trailing_eps_fallback_icc,,39558904.0
MAN,ok,True,True,True,True,True,forecast_icc,,2681976064.0
MANE,failed,True,True,False,False,False,,missing_positive_eps,4540665344.0
MANH,ok,True,True,True,True,True,forecast_icc,,12291854336.0
MANU,ok,True,False,True,False,True,forecast_icc,,
MAR,ok,True,True,True,True,True,forecast_icc,,87095943168.0
MARA,failed,True,True,False,False,False,,missing_positive_eps,4496523776.0
MAS,ok,True,True,True,True,True,forecast_icc,,13454098432.0
MASK,ok,True,True,False,True,True,trailing_eps_fallback_icc,,3437768.0
MASS,failed,True,True,False,False,False,,missing_positive_eps,453844064.0
MAT,ok,True,True,True,True,True,forecast_icc,,3802667008.0
MATH,ok,True,True,False,True,True,trailing_eps_fallback_icc,,46877208.0
MATV,ok,True,True,True,True,True,forecast_icc,,670007808.0
MATW,ok,True,True,True,False,True,forecast_icc,,628945408.0
MATX,ok,True,True,True,True,True,forecast_icc,,7019836928.0
MAX,ok,True,True,True,True,True,forecast_icc,,559953280.0
MAYS,failed,True,True,False,False,False,,missing_positive_eps,80872488.0
MAZE,failed,True,True,False,False,False,,missing_positive_eps,1302072576.0
MB,failed,True,True,False,False,False,,missing_positive_eps,68791552.0
MBAI,ok,True,True,False,True,True,trailing_eps_fallback_icc,,96961328.0
MBBC,ok,True,True,False,True,True,trailing_eps_fallback_icc,,45810724.0
MBC,ok,True,True,True,False,True,forecast_icc,,1332862848.0
MBGL,ok,True,True,True,True,True,forecast_icc,,6416000000.0
MBI,failed,True,True,False,False,False,,missing_positive_eps,230594320.0
MBIN,ok,True,True,True,True,True,forecast_icc,,2378214144.0
MBIO,failed,True,True,False,False,False,,missing_positive_eps,3712978.0
MBLY,ok,True,True,True,False,True,forecast_icc,,6835508224.0
MBOT,failed,True,True,False,False,False,,missing_positive_eps,95374016.0
MBRX,ok,True,True,False,True,True,trailing_eps_fallback_icc,,15192356.0
MBUU,ok,True,True,True,True,True,forecast_icc,,464888448.0
MBVI,failed,True,True,False,False,False,,missing_positive_eps,442031264.0
MBWM,ok,True,True,True,True,True,forecast_icc,,1043724352.0
MBX,failed,True,True,False,False,False,,missing_positive_eps,3076948480.0
MC,ok,True,True,True,True,True,forecast_icc,,4410035712.0
MCAH,failed,True,True,False,False,False,,missing_positive_eps,86614288.0
MCB,ok,True,True,True,True,True,forecast_icc,,1102534400.0
MCBS,ok,True,True,True,True,True,forecast_icc,,1003313600.0
MCD,ok,True,True,True,True,True,forecast_icc,,175834759168.0
MCFT,ok,True,True,True,False,True,forecast_icc,,489951552.0
MCGA,failed,True,True,False,False,False,,missing_positive_eps,244183856.0
MCHB,ok,True,True,True,True,True,forecast_icc,,3416611072.0
MCHP,ok,True,True,True,True,True,forecast_icc,,38455877632.0
MCHX,ok,True,True,True,False,True,forecast_icc,,60299528.0
MCI,ok,True,True,False,True,True,trailing_eps_fallback_icc,,390742080.0
MCK,ok,True,True,True,True,True,forecast_icc,,102549381120.0
MCN,ok,True,True,False,True,True,trailing_eps_fallback_icc,,115254144.0
MCO,ok,True,True,True,True,True,forecast_icc,,79988834304.0
MCRB,failed,True,True,False,False,False,,missing_positive_eps,41183600.0
MCRI,ok,True,True,True,True,True,forecast_icc,,2197480192.0
MCRP,failed,True,True,False,False,False,,missing_positive_eps,27914248.0
MCS,ok,True,True,True,True,True,forecast_icc,,862375488.0
MCTA,ok,True,True,False,True,True,trailing_eps_fallback_icc,,445550176.0
MCY,ok,True,False,True,True,True,forecast_icc,,
MD,ok,True,True,True,True,True,forecast_icc,,2071145856.0
MDA,ok,True,True,True,True,True,forecast_icc,,4928348160.0
MDAI,failed,True,True,False,False,False,,missing_positive_eps,51174036.0
MDB,ok,True,True,True,True,True,forecast_icc,,31643529216.0
MDBH,failed,True,True,False,False,False,,missing_positive_eps,27239610.0
MDCX,failed,True,True,False,False,False,,missing_positive_eps,12233730.0
MDGL,ok,True,True,True,False,True,forecast_icc,,12346845184.0
MDIA,failed,True,True,False,False,False,,missing_positive_eps,94942440.0
MDLN,ok,True,True,True,True,True,forecast_icc,,43215314944.0
MDLZ,ok,True,True,True,True,True,forecast_icc,,79182151680.0
MDRR,ok,True,True,False,True,True,trailing_eps_fallback_icc,,26224790.0
MDT,ok,True,True,True,True,True,forecast_icc,,118665617408.0
MDU,ok,True,True,True,True,True,forecast_icc,,3937741568.0
MDWD,failed,True,True,False,False,False,,missing_positive_eps,172352224.0
MDXG,ok,True,True,True,True,True,forecast_icc,,684431872.0
MDXH,failed,True,True,False,False,False,,missing_positive_eps,64091856.0
MEC,ok,True,True,True,False,True,forecast_icc,,444725792.0
MED,failed,True,True,False,False,False,,missing_positive_eps,133721208.0
MEDP,ok,True,True,True,True,True,forecast_icc,,17170692096.0
MEDS,failed,True,True,False,False,False,,missing_positive_eps,14207304.0
MEGI,ok,True,True,False,True,True,trailing_eps_fallback_icc,,734911232.0
MEGL,failed,True,True,False,False,False,,missing_positive_eps,5671736.0
MEI,ok,True,True,True,False,True,forecast_icc,,481921120.0
MELI,ok,True,True,True,True,True,forecast_icc,,92532301824.0
MENS,failed,True,True,False,False,False,,missing_positive_eps,158137536.0
MEOH,ok,True,True,True,True,True,forecast_icc,,4721541120.0
MERC,failed,True,True,False,False,False,,missing_positive_eps,25761732.0
MESH,failed,True,True,False,False,False,,missing_positive_eps,434484352.0
MESO,ok,True,True,True,False,True,forecast_icc,,1930942080.0
MET,ok,True,True,True,True,True,forecast_icc,,61863677952.0
META,ok,True,True,True,True,True,forecast_icc,,1738188914688.0
METC,ok,True,True,True,False,True,forecast_icc,,624732928.0
METCB,failed,True,True,False,False,False,,missing_positive_eps,322874208.0
MEVO,failed,True,True,False,False,False,,missing_positive_eps,501249984.0
MF,failed,True,True,False,False,False,,missing_positive_eps,24852498.0
MFA,ok,True,True,True,True,True,forecast_icc,,859247488.0
MFC,ok,True,True,True,True,True,forecast_icc,,73089933312.0
MFG,ok,True,True,True,True,True,forecast_icc,,133980635136.0
MFI,ok,True,True,False,True,True,trailing_eps_fallback_icc,,470404544.0
MFIN,ok,True,True,True,True,True,forecast_icc,,272767744.0
MFM,ok,True,True,False,True,True,trailing_eps_fallback_icc,,212116304.0
MFP,ok,True,True,True,True,True,forecast_icc,,2034918272.0
MG,ok,True,True,True,True,True,forecast_icc,,631901888.0
MGA,ok,True,True,True,True,True,forecast_icc,,17340635136.0
MGEE,ok,True,True,True,True,True,forecast_icc,,2830989056.0
MGF,ok,True,False,False,True,True,trailing_eps_fallback_icc,,
MGIH,failed,True,True,False,False,False,,missing_positive_eps,17550000.0
MGLD,failed,True,True,False,False,False,,missing_positive_eps,40959412.0
MGM,ok,True,True,True,True,True,forecast_icc,,9801661440.0
MGN,ok,True,True,False,True,True,trailing_eps_fallback_icc,,114698.0
MGNI,ok,True,True,True,True,True,forecast_icc,,3675961088.0
MGNX,failed,True,True,False,False,False,,missing_positive_eps,263081776.0
MGPI,ok,True,True,True,False,True,forecast_icc,,308148576.0
MGRC,ok,True,True,True,True,True,forecast_icc,,2725415680.0
MGRT,ok,True,True,False,True,True,trailing_eps_fallback_icc,,1622499968.0
MGRX,failed,True,True,False,False,False,,missing_positive_eps,9597503.0
MGTX,ok,True,True,True,True,True,forecast_icc,,1253361024.0
MGX,failed,True,True,False,False,False,,missing_positive_eps,42688128.0
MGY,ok,True,True,True,True,True,forecast_icc,,7054169600.0
MGYR,ok,True,True,False,True,True,trailing_eps_fallback_icc,,127945688.0
MH,ok,True,True,True,True,True,forecast_icc,,2498493184.0
MHD,ok,True,False,False,True,True,trailing_eps_fallback_icc,,
MHF,ok,True,True,False,True,True,trailing_eps_fallback_icc,,142454704.0
MHH,ok,True,True,True,True,True,forecast_icc,,89253472.0
MHK,ok,True,True,True,True,True,forecast_icc,,8696900608.0
MHO,ok,True,True,True,True,True,forecast_icc,,3568952832.0
MI,failed,True,True,False,False,False,,missing_positive_eps,496927.0
MIAC,failed,True,True,False,False,False,,missing_positive_eps,197426256.0
MIAX,ok,True,True,True,True,True,forecast_icc,,3737035520.0
MICC,ok,True,True,True,True,True,forecast_icc,,11489103872.0
MIDD,ok,True,True,True,True,True,forecast_icc,,5035056128.0
MIMI,failed,True,True,False,False,False,,missing_positive_eps,12876977.0
MIN,ok,True,False,False,True,True,trailing_eps_fallback_icc,,
MIND,ok,True,True,True,False,True,forecast_icc,,37810468.0
MINE,failed,True,True,False,False,False,,missing_positive_eps,199401328.0
MIR,ok,True,True,True,True,True,forecast_icc,,4044452352.0
MIRA,failed,True,True,False,False,False,,missing_positive_eps,31907372.0
MIRM,failed,True,True,False,False,False,,missing_positive_eps,6416600576.0
MIST,failed,True,True,False,False,False,,missing_positive_eps,114488344.0
MITK,ok,True,True,True,True,True,forecast_icc,,780617088.0
MITQ,failed,True,True,False,False,False,,missing_positive_eps,6065047.0
MITT,ok,True,True,True,True,True,forecast_icc,,203224208.0
MIY,ok,True,True,False,True,True,trailing_eps_fallback_icc,,354818176.0
MKC,ok,True,True,True,True,True,forecast_icc,,13361922048.0
MKC-V,ok,True,True,False,True,True,trailing_eps_fallback_icc,,13926510592.0
MKDW,failed,True,True,False,False,False,,missing_positive_eps,250674560.0
MKL,ok,True,True,True,True,True,forecast_icc,,22119049216.0
MKLY,failed,True,True,False,False,False,,missing_positive_eps,249529600.0
MKSI,ok,True,True,True,True,True,forecast_icc,,16243766272.0
MKTW,ok,True,True,True,True,True,forecast_icc,,49682332.0
MKTX,ok,True,True,True,True,True,forecast_icc,,5747703296.0
MKZR,failed,True,True,False,False,False,,missing_positive_eps,3179710.0
MLAA,failed,True,False,False,False,False,,missing_positive_eps,
MLAB,ok,True,True,True,True,True,forecast_icc,,711458752.0
MLCI,ok,True,True,True,False,True,forecast_icc,,35804060.0
MLCO,ok,True,True,True,True,True,forecast_icc,,1779542144.0
MLEC,failed,True,True,False,False,False,,missing_positive_eps,4523715.0
MLGO,failed,True,True,False,False,False,,missing_positive_eps,37748240.0
MLI,ok,True,True,True,True,True,forecast_icc,,13343874048.0
MLKN,ok,True,True,True,True,True,forecast_icc,,1453704320.0
MLM,ok,True,True,True,True,True,forecast_icc,,35114823680.0
MLP,failed,True,True,False,False,False,,missing_positive_eps,314171840.0
MLR,ok,True,True,True,True,True,forecast_icc,,630046208.0
MLSS,failed,True,True,False,False,False,,missing_positive_eps,38446276.0
MLTX,failed,True,True,False,False,False,,missing_positive_eps,1051067648.0
MLYS,failed,True,True,False,False,False,,missing_positive_eps,2473624576.0
MMA,failed,True,True,False,False,False,,missing_positive_eps,11501802.0
MMD,ok,True,False,False,True,True,trailing_eps_fallback_icc,,
MMED,ok,True,True,True,False,True,forecast_icc,,6198138880.0
MMI,ok,True,True,True,True,True,forecast_icc,,1155444352.0
MMLP,ok,True,True,True,False,True,forecast_icc,,86465560.0
MMM,ok,True,True,True,True,True,forecast_icc,,84944642048.0
MMS,ok,True,True,True,True,True,forecast_icc,,2974444544.0
MMSI,ok,True,True,True,True,True,forecast_icc,,5109420544.0
MMT,ok,True,True,False,True,True,trailing_eps_fallback_icc,,235095264.0
MMTX,failed,True,True,False,False,False,,missing_positive_eps,89870064.0
MMU,ok,True,True,False,True,True,trailing_eps_fallback_icc,,520517600.0
MMYT,ok,True,True,True,True,True,forecast_icc,,4502587904.0
MNDO,ok,True,True,False,True,True,trailing_eps_fallback_icc,,21093498.0
MNDR,failed,True,True,False,False,False,,missing_positive_eps,1720134.0
MNDY,ok,True,True,True,True,True,forecast_icc,,3816930304.0
MNKD,ok,True,True,True,False,True,forecast_icc,,1151129216.0
MNOV,failed,True,True,False,False,False,,missing_positive_eps,169813312.0
MNPR,failed,True,True,False,False,False,,missing_positive_eps,689340032.0
MNR,ok,True,True,True,True,True,forecast_icc,,1831420672.0
MNRO,ok,True,True,True,True,True,forecast_icc,,382984736.0
MNSB,ok,True,True,True,True,True,forecast_icc,,177742048.0
MNSBP,ok,True,False,False,True,True,trailing_eps_fallback_icc,,
MNSO,ok,True,True,True,True,True,forecast_icc,,2608400128.0
MNST,ok,True,True,True,True,True,forecast_icc,,87197392896.0
MNTK,ok,True,True,True,True,True,forecast_icc,,313150496.0
MNTN,ok,True,True,True,True,True,forecast_icc,,847519808.0
MNTS,failed,True,True,False,False,False,,missing_positive_eps,95321160.0
MNY,ok,True,True,True,False,True,forecast_icc,,34053912.0
MO,ok,True,True,True,True,True,forecast_icc,,116381138944.0
MOB,ok,True,True,True,False,True,forecast_icc,,63694880.0
MOBI,failed,True,True,False,False,False,,missing_positive_eps,361541280.0
MOBX,failed,True,True,False,False,False,,missing_positive_eps,16801318.0
MOD,ok,True,True,True,True,True,forecast_icc,,9818415104.0
MODD,failed,True,True,False,False,False,,missing_positive_eps,17524270.0
MOG-A,ok,True,True,True,True,True,forecast_icc,,11263217664.0
MOG-B,ok,True,True,False,True,True,trailing_eps_fallback_icc,,11464963072.0
MOGU,ok,True,True,True,False,True,forecast_icc,,14988519.0
MOH,ok,True,True,True,True,True,forecast_icc,,10705697792.0
MOLN,failed,True,True,False,False,False,,missing_positive_eps,150156528.0
MOMO,ok,True,True,True,True,True,forecast_icc,,703814848.0
MORN,ok,True,True,True,True,True,forecast_icc,,7609628160.0
MOS,ok,True,True,True,False,True,forecast_icc,,8071370240.0
MOV,ok,True,True,True,True,True,forecast_icc,,744782720.0
MOVE,failed,True,True,False,False,False,,missing_positive_eps,318993504.0
MP,ok,True,True,True,False,True,forecast_icc,,8794656768.0
MPA,ok,True,True,False,True,True,trailing_eps_fallback_icc,,132345224.0
MPAA,ok,True,True,True,False,True,forecast_icc,,200124000.0
MPB,ok,True,True,True,True,True,forecast_icc,,932335936.0
MPC,ok,True,True,True,True,True,forecast_icc,,118496813056.0
MPLT,failed,True,True,False,False,False,,missing_positive_eps,524997056.0
MPLX,ok,True,True,True,True,True,forecast_icc,,59432370176.0
MPT,ok,True,True,True,False,True,forecast_icc,,2149920000.0
MPTI,ok,True,True,True,True,True,forecast_icc,,325637984.0
MPU,failed,True,True,False,False,False,,missing_positive_eps,20484362.0
MPV,ok,True,True,True,True,True,forecast_icc,,184331744.0
MPWR,ok,True,True,True,True,True,forecast_icc,,57476669440.0
MQ,ok,True,True,True,True,True,forecast_icc,,1647884544.0
MQY,ok,True,True,False,True,True,trailing_eps_fallback_icc,,754252992.0
MRAM,ok,True,True,True,False,True,forecast_icc,,360623616.0
MRBK,ok,True,True,True,True,True,forecast_icc,,230469200.0
MRCO,failed,True,True,False,False,False,,missing_positive_eps,227699984.0
MRCY,ok,True,True,True,False,True,forecast_icc,,5182532096.0
MRDN,ok,True,True,True,False,True,forecast_icc,,177133840.0
MREO,failed,True,True,False,False,False,,missing_positive_eps,46326352.0
MRK,ok,True,True,True,True,True,forecast_icc,,363044274176.0
MRKR,failed,True,True,False,False,False,,missing_positive_eps,19674288.0
MRLN,failed,True,True,False,False,False,,missing_positive_eps,208199632.0
MRM,ok,True,True,False,True,True,trailing_eps_fallback_icc,,5944638.0
MRNA,failed,True,True,False,False,False,,missing_positive_eps,63107223552.0
MRNO,failed,True,True,False,False,False,,missing_positive_eps,17530170.0
MRP,ok,True,True,True,True,True,forecast_icc,,4780519936.0
MRSH,ok,True,True,True,True,True,forecast_icc,,83311542272.0
MRT,ok,True,True,True,False,True,forecast_icc,,175868208.0
MRTN,ok,True,True,True,True,True,forecast_icc,,1106515712.0
MRVI,failed,True,True,False,False,False,,missing_positive_eps,2692500480.0
MRVL,ok,True,True,True,True,True,forecast_icc,,216372117504.0
MRX,ok,True,False,True,True,True,forecast_icc,,
MS,ok,True,True,True,True,True,forecast_icc,,319641649152.0
MSA,ok,True,True,True,True,True,forecast_icc,,6893939712.0
MSAI,failed,True,True,False,False,False,,missing_positive_eps,10432715.0
MSB,ok,True,False,False,True,True,trailing_eps_fallback_icc,,
MSBI,ok,True,True,True,True,True,forecast_icc,,697893568.0
MSC,failed,True,True,False,False,False,,missing_positive_eps,190662304.0
MSCI,ok,True,True,True,True,True,forecast_icc,,39946465280.0
MSD,ok,True,True,False,True,True,trailing_eps_fallback_icc,,144249056.0
MSDL,ok,True,True,True,True,True,forecast_icc,,1251484160.0
MSEX,ok,True,True,True,True,True,forecast_icc,,1059218176.0
MSFT,ok,True,True,True,True,True,forecast_icc,,3696065511424.0
MSGE,ok,True,True,True,True,True,forecast_icc,,3651017728.0
MSGM,ok,True,True,True,True,True,forecast_icc,,20787274.0
MSGS,ok,True,True,False,True,True,trailing_eps_fallback_icc,,9502907392.0
MSGY,failed,True,True,False,False,False,,missing_positive_eps,4387623.0
MSI,ok,True,True,True,True,True,forecast_icc,,76074188800.0
MSIF,ok,True,True,True,True,True,forecast_icc,,572710208.0
MSLE,failed,True,True,False,False,False,,missing_positive_eps,205375152.0
MSM,ok,True,False,True,True,True,forecast_icc,,
MSN,ok,True,True,True,False,True,forecast_icc,,10203582.0
MSS,ok,True,True,True,False,True,forecast_icc,,1331924.0
MSTR,ok,True,True,True,False,True,forecast_icc,,52540502016.0
MT,ok,True,True,True,True,True,forecast_icc,,56568553472.0
MTA,ok,True,True,True,False,True,forecast_icc,,940568512.0
MTAK,failed,True,True,False,False,False,,missing_positive_eps,203360000.0
MTAL,failed,True,True,False,False,False,,missing_positive_eps,389466688.0
MTAL-U,failed,False,False,False,False,False,,missing_price,
MTAL-W,failed,False,False,False,False,False,,missing_price,
MTB,ok,True,True,True,True,True,forecast_icc,,32690063360.0
MTC,ok,True,True,False,True,True,trailing_eps_fallback_icc,,653296000.0
MTCH,ok,True,True,True,True,True,forecast_icc,,10210075648.0
MTD,ok,True,True,True,True,True,forecast_icc,,28260364288.0
MTDR,ok,True,True,True,True,True,forecast_icc,,7136905216.0
MTEK,failed,True,True,False,False,False,,missing_positive_eps,10664893.0
MTEN,failed,True,True,False,False,False,,missing_positive_eps,7879360.0
MTEX,failed,True,True,False,False,False,,missing_positive_eps,14549712.0
MTG,ok,True,True,True,True,True,forecast_icc,,6086053888.0
MTH,ok,True,True,True,True,True,forecast_icc,,4211549952.0
MTLS,ok,True,True,True,True,True,forecast_icc,,445207232.0
MTN,ok,True,True,True,True,True,forecast_icc,,4908874752.0
MTNB,failed,True,True,False,False,False,,missing_positive_eps,2394925.0
MTNE,failed,True,True,False,False,False,,missing_positive_eps,292675328.0
MTNE-U,failed,False,False,False,False,False,,missing_price,
MTNE-W,failed,False,False,False,False,False,,missing_price,
MTR,ok,True,True,False,True,True,trailing_eps_fallback_icc,,4584431.0
MTRN,ok,True,True,True,True,True,forecast_icc,,5218223104.0
MTRX,ok,True,True,True,False,True,forecast_icc,,281504608.0
MTSI,ok,True,True,True,True,True,forecast_icc,,20096247808.0
MTUS,ok,True,True,True,True,True,forecast_icc,,803701568.0
MTVA,failed,True,True,False,False,False,,missing_positive_eps,10475081.0
MTW,ok,True,True,True,True,True,forecast_icc,,787953984.0
MTX,ok,True,True,True,False,True,forecast_icc,,2136055680.0
MTZ,ok,True,True,True,True,True,forecast_icc,,16683352064.0
MU,ok,True,True,True,True,True,forecast_icc,,1103981838336.0
MUA,ok,True,True,False,True,True,trailing_eps_fallback_icc,,655955456.0
MUC,ok,True,True,False,True,True,trailing_eps_fallback_icc,,961617856.0
MUFG,ok,True,True,True,True,True,forecast_icc,,264510472192.0
MUJ,ok,True,False,False,True,True,trailing_eps_fallback_icc,,
MUR,ok,True,True,True,True,True,forecast_icc,,5402845184.0
MUSA,ok,True,True,True,True,True,forecast_icc,,9609797632.0
MUX,ok,True,True,True,True,True,forecast_icc,,1110568192.0
MUZE,failed,True,True,False,False,False,,missing_positive_eps,273202080.0
MVBF,ok,True,True,True,True,True,forecast_icc,,399156000.0
MVIS,failed,True,True,False,False,False,,missing_positive_eps,49859828.0
MVST,ok,True,True,True,False,True,forecast_icc,,246140528.0
MWA,ok,True,True,True,True,True,forecast_icc,,3411346176.0
MWC,ok,True,True,False,True,True,trailing_eps_fallback_icc,,114679472.0
MWG,failed,True,False,False,False,False,,missing_positive_eps,
MWH,ok,True,True,True,True,True,forecast_icc,,5205386240.0
MWYN,failed,True,True,False,False,False,,missing_positive_eps,18940706.0
MX,failed,True,True,False,False,False,,missing_positive_eps,102593416.0
MXC,ok,True,False,False,True,True,trailing_eps_fallback_icc,,
MXCT,failed,True,True,False,False,False,,missing_positive_eps,123331424.0
MXE,ok,True,True,False,True,True,trailing_eps_fallback_icc,,58523220.0
MXF,ok,True,True,False,True,True,trailing_eps_fallback_icc,,305705376.0
MXL,ok,True,True,True,False,True,forecast_icc,,6801082368.0
MYE,ok,True,True,True,True,True,forecast_icc,,1182336000.0
MYFW,ok,True,True,True,True,True,forecast_icc,,298812960.0
MYGN,failed,True,True,False,False,False,,missing_positive_eps,395989536.0
MYI,ok,True,False,False,True,True,trailing_eps_fallback_icc,,
MYN,ok,True,True,False,True,True,trailing_eps_fallback_icc,,349033312.0
MYND,failed,True,True,False,False,False,,missing_positive_eps,15510575.0
MYO,failed,True,True,False,False,False,,missing_positive_eps,52678452.0
MYPS,ok,True,True,True,False,True,forecast_icc,,58234848.0
MYRG,ok,True,True,True,True,True,forecast_icc,,4308945920.0
MYSE,failed,True,True,False,False,False,,missing_positive_eps,10340896.0
MYSZ,failed,True,True,False,False,False,,missing_positive_eps,1281259.0
MYX,failed,True,True,False,False,False,,missing_positive_eps,145305408.0
MZTI,ok,True,True,True,True,True,forecast_icc,,2763213824.0
MZYX,failed,True,True,False,False,False,,missing_positive_eps,374249984.0
MZYX-U,failed,False,False,False,False,False,,missing_price,
MZYX-W,failed,False,False,False,False,False,,missing_price,
NAAS,ok,True,True,True,False,True,forecast_icc,,52871620.0
NABL,ok,True,True,True,False,True,forecast_icc,,759400192.0
NAD,ok,True,True,False,True,True,trailing_eps_fallback_icc,,2526083328.0
NAGE,ok,True,True,True,True,True,forecast_icc,,236586736.0
NAII,failed,True,True,False,False,False,,missing_positive_eps,12048439.0
NAK,failed,True,True,False,False,False,,missing_positive_eps,713894528.0
NAKA,failed,True,True,False,False,False,,missing_positive_eps,152107024.0
NAMI,failed,True,True,False,False,False,,missing_positive_eps,7855223.0
NAMM,ok,True,True,True,True,True,forecast_icc,,72608128.0
NAMS,failed,True,True,False,False,False,,missing_positive_eps,2563704320.0
NAT,ok,True,True,True,True,True,forecast_icc,,1725767808.0
NATH,ok,True,True,False,True,True,trailing_eps_fallback_icc,,401324928.0
NATL,ok,True,True,True,True,True,forecast_icc,,3380784896.0
NATR,ok,True,True,True,True,True,forecast_icc,,230325360.0
NAUT,failed,True,True,False,False,False,,missing_positive_eps,123653904.0
NAVI,ok,True,True,True,False,True,forecast_icc,,922832832.0
NAVN,ok,True,True,True,False,True,forecast_icc,,5762884096.0
NAZ,ok,True,False,False,True,True,trailing_eps_fallback_icc,,
NB,failed,True,True,False,False,False,,missing_positive_eps,531392704.0
NBB,ok,True,False,False,True,True,trailing_eps_fallback_icc,,
NBBK,ok,True,True,True,True,True,forecast_icc,,992926912.0
NBH,ok,True,False,False,True,True,trailing_eps_fallback_icc,,
NBHC,ok,True,True,True,True,True,forecast_icc,,1832356992.0
NBIS,failed,True,True,False,False,False,,missing_positive_eps,59261722624.0
NBIX,ok,True,True,True,True,True,forecast_icc,,15433396224.0
NBN,ok,True,True,True,True,True,forecast_icc,,1128879744.0
NBP,failed,True,True,False,False,False,,missing_positive_eps,188507056.0
NBR,ok,True,True,True,True,True,forecast_icc,,1319388928.0
NBRG,ok,True,True,False,True,True,trailing_eps_fallback_icc,,76141664.0
NBTB,ok,True,True,True,True,True,forecast_icc,,2673345024.0
NBTX,failed,True,True,False,False,False,,missing_positive_eps,1823111040.0
NBXG,ok,True,True,False,True,True,trailing_eps_fallback_icc,,1190873856.0
NC,ok,True,True,False,True,True,trailing_eps_fallback_icc,,282546656.0
NCDL,ok,True,True,True,True,True,forecast_icc,,606473152.0
NCEL,failed,True,True,False,False,False,,missing_positive_eps,19523314.0
NCEW,failed,True,True,False,False,False,,missing_positive_eps,55103996.0
NCI,ok,True,True,False,True,True,trailing_eps_fallback_icc,,34278656.0
NCLH,ok,True,True,True,True,True,forecast_icc,,6607713280.0
NCMI,ok,True,True,True,False,True,forecast_icc,,208836384.0
NCNA,ok,True,True,False,True,True,trailing_eps_fallback_icc,,5535421.0
NCNO,ok,True,True,True,True,True,forecast_icc,,2263811584.0
NCO,failed,True,True,False,False,False,,missing_positive_eps,145967360.0
NCPL,failed,True,True,False,False,False,,missing_positive_eps,4419152.0
NCRA,failed,True,True,False,False,False,,missing_positive_eps,4704773.0
NCSM,failed,False,True,False,False,False,,missing_price,140018304.0
NCT,failed,True,True,False,False,False,,missing_positive_eps,10496717.0
NCTY,failed,True,True,False,False,False,,missing_positive_eps,59870648.0
NCV,ok,True,False,False,True,True,trailing_eps_fallback_icc,,
NCZ,ok,True,True,False,True,True,trailing_eps_fallback_icc,,281438016.0
NDAQ,ok,True,True,True,True,True,forecast_icc,,51040219136.0
NDLS,ok,True,True,True,False,True,forecast_icc,,81206240.0
NDMO,ok,True,True,False,True,True,trailing_eps_fallback_icc,,562503232.0
NDRA,failed,True,True,False,False,False,,missing_positive_eps,8127022.0
NDSN,ok,True,True,True,True,True,forecast_icc,,17363720192.0
NE,ok,True,True,True,True,True,forecast_icc,,7052993536.0
NEA,ok,True,True,False,True,True,trailing_eps_fallback_icc,,3205572864.0
NECB,ok,True,True,True,True,True,forecast_icc,,375813408.0
NEE,ok,True,True,True,True,True,forecast_icc,,169548316672.0
NEGG,ok,True,True,False,True,True,trailing_eps_fallback_icc,,273291200.0
NEM,ok,True,True,True,True,True,forecast_icc,,131068780544.0
NEN,failed,True,True,False,False,False,,missing_positive_eps,185528256.0
NEO,ok,True,True,True,False,True,forecast_icc,,2555376384.0
NEOG,ok,True,True,True,False,True,forecast_icc,,2798299904.0
NEON,ok,True,True,False,True,True,trailing_eps_fallback_icc,,13770389.0
NEOV,failed,True,True,False,False,False,,missing_positive_eps,205432736.0
NEPH,ok,True,True,True,True,True,forecast_icc,,45938308.0
NERV,failed,True,True,False,False,False,,missing_positive_eps,165206560.0
NESR,ok,True,True,True,True,True,forecast_icc,,3276673536.0
NET,ok,True,True,True,False,True,forecast_icc,,118909263872.0
NEU,ok,True,True,True,True,True,forecast_icc,,8177352192.0
NEUP,failed,True,True,False,False,False,,missing_positive_eps,20077906.0
NEWP,failed,True,True,False,False,False,,missing_positive_eps,1093136256.0
NEXA,ok,True,True,True,True,True,forecast_icc,,1711106816.0
NEXM,failed,True,True,False,False,False,,missing_positive_eps,78425960.0
NEXN,ok,True,True,True,True,True,forecast_icc,,511423840.0
NEXR,failed,True,True,False,False,False,,missing_positive_eps,914240.0
NEXT,ok,True,True,True,False,True,forecast_icc,,1863298048.0
NFE,ok,True,True,True,False,True,forecast_icc,,70894520.0
NFG,ok,True,True,True,True,True,forecast_icc,,7593152512.0
NFGC,failed,True,True,False,False,False,,missing_positive_eps,703374336.0
NFJ,ok,True,True,False,True,True,trailing_eps_fallback_icc,,1438815872.0
NFLX,ok,True,True,True,True,True,forecast_icc,,313586286592.0
NG,failed,True,True,False,False,False,,missing_positive_eps,3260139776.0
NGEN,failed,True,True,False,False,False,,missing_positive_eps,244076368.0
NGG,ok,True,True,True,True,True,forecast_icc,,78016462848.0
NGL,ok,True,False,True,False,True,forecast_icc,,
NGNE,failed,True,True,False,False,False,,missing_positive_eps,648568896.0
NGS,ok,True,True,True,True,True,forecast_icc,,462403488.0
NGVC,ok,True,True,True,True,True,forecast_icc,,675704384.0
NGVT,ok,True,True,True,True,True,forecast_icc,,2339761152.0
NHC,ok,True,True,True,True,True,forecast_icc,,3521307904.0
NHI,ok,True,True,True,True,True,forecast_icc,,3399915264.0
NHIC,failed,True,True,False,False,False,,missing_positive_eps,258179360.0
NHIV,failed,True,True,False,False,False,,missing_positive_eps,276122336.0
NHP,ok,True,True,True,False,True,forecast_icc,,1181059072.0
NHS,ok,True,False,False,True,True,trailing_eps_fallback_icc,,
NHTC,failed,True,True,False,False,False,,missing_positive_eps,12437881.0
NI,ok,True,True,True,True,True,forecast_icc,,19618803712.0
NIC,ok,True,True,True,True,True,forecast_icc,,3518556672.0
NICE,ok,True,True,True,True,True,forecast_icc,,6167940096.0
NICM,failed,True,True,False,False,False,,missing_positive_eps,111702512.0
NIE,ok,True,True,False,True,True,trailing_eps_fallback_icc,,696049216.0
NIKI,failed,True,True,False,False,False,,missing_positive_eps,4283612.0
NIM,ok,True,True,False,True,True,trailing_eps_fallback_icc,,111894904.0
NINE,ok,True,True,True,False,True,forecast_icc,,139639408.0
NIO,ok,True,True,True,False,True,forecast_icc,,9070514176.0
NIPG,failed,True,True,False,False,False,,missing_positive_eps,96099912.0
NIQ,ok,True,True,True,False,True,forecast_icc,,5294458368.0
NIU,failed,True,True,False,False,False,,missing_positive_eps,162362704.0
NIVF,ok,True,True,True,True,True,forecast_icc,,1526286.0
NIXX,failed,True,True,False,False,False,,missing_positive_eps,11048959.0
NJR,ok,True,True,True,True,True,forecast_icc,,5425490944.0
NKE,ok,True,True,True,True,True,forecast_icc,,53940015104.0
NKLR,ok,True,True,False,True,True,trailing_eps_fallback_icc,,464103808.0
NKSH,ok,True,True,True,True,True,forecast_icc,,270369120.0
NKTR,failed,True,True,False,False,False,,missing_positive_eps,2334014976.0
NKTX,failed,True,True,False,False,False,,missing_positive_eps,201265664.0
NL,failed,True,False,False,False,False,,missing_positive_eps,
NLOP,failed,True,True,False,False,False,,missing_positive_eps,157473616.0
NLY,ok,True,True,True,True,True,forecast_icc,,16061654016.0
NMAD,failed,True,True,False,False,False,,missing_positive_eps,66006608.0
NMAI,ok,True,True,False,True,True,trailing_eps_fallback_icc,,463947968.0
NMAX,ok,True,True,True,True,True,forecast_icc,,1325188224.0
NMCO,ok,True,True,False,True,True,trailing_eps_fallback_icc,,562189120.0
NMFC,ok,True,True,True,False,True,forecast_icc,,673445568.0
NMG,ok,True,True,True,False,True,forecast_icc,,450944864.0
NMI,ok,True,False,False,True,True,trailing_eps_fallback_icc,,
NMIH,ok,True,True,True,True,True,forecast_icc,,3228349952.0
NML,ok,True,True,False,True,True,trailing_eps_fallback_icc,,598884864.0
NMM,ok,True,True,True,True,True,forecast_icc,,2710637056.0
NMP,ok,True,True,False,True,True,trailing_eps_fallback_icc,,165457840.0
NMR,ok,True,True,True,True,True,forecast_icc,,29898113024.0
NMRA,failed,True,True,False,False,False,,missing_positive_eps,140921920.0
NMRK,ok,True,True,True,True,True,forecast_icc,,3385921792.0
NMT,ok,True,False,False,True,True,trailing_eps_fallback_icc,,
NMTC,failed,True,True,False,False,False,,missing_positive_eps,12383838.0
NMZ,ok,True,True,False,True,True,trailing_eps_fallback_icc,,2052454272.0
NN,failed,True,True,False,False,False,,missing_positive_eps,2518643712.0
NNBR,ok,True,True,True,False,True,forecast_icc,,278296096.0
NNDM,ok,True,True,True,False,True,forecast_icc,,326800448.0
NNE,failed,True,True,False,False,False,,missing_positive_eps,911257472.0
NNI,ok,True,True,True,True,True,forecast_icc,,4528961536.0
NNN,ok,True,True,True,True,True,forecast_icc,,7925739008.0
NNNN,ok,True,True,False,True,True,trailing_eps_fallback_icc,,245790720.0
NNOX,failed,True,True,False,False,False,,missing_positive_eps,61613492.0
NNVC,failed,True,True,False,False,False,,missing_positive_eps,35738292.0
NNY,ok,True,False,False,True,True,trailing_eps_fallback_icc,,
NOA,ok,True,True,True,True,True,forecast_icc,,346920096.0
NOAH,ok,True,True,True,True,True,forecast_icc,,556030656.0
NOC,ok,True,True,True,True,True,forecast_icc,,74441023488.0
NODK,ok,True,True,False,True,True,trailing_eps_fallback_icc,,306274912.0
NOEM,ok,True,True,False,True,True,trailing_eps_fallback_icc,,39320200.0
NOG,ok,True,True,True,False,True,forecast_icc,,2683972608.0
NOK,ok,True,True,True,True,True,forecast_icc,,59345637376.0
NOMA,failed,True,True,False,False,False,,missing_positive_eps,23613052.0
NOMD,ok,True,True,True,True,True,forecast_icc,,1501357056.0
NOV,ok,True,True,True,True,True,forecast_icc,,7318495744.0
NOVT,ok,True,True,True,True,True,forecast_icc,,5050563072.0
NOW,ok,True,True,True,True,True,forecast_icc,,143158870016.0
NP,ok,True,True,True,True,True,forecast_icc,,4145811456.0
NPAC,ok,True,True,False,True,True,trailing_eps_fallback_icc,,401951936.0
NPB,ok,True,True,True,True,True,forecast_icc,,577170944.0
NPCE,failed,True,True,False,False,False,,missing_positive_eps,485688448.0
NPCT,ok,True,True,False,True,True,trailing_eps_fallback_icc,,273747616.0
NPFD,ok,True,True,False,True,True,trailing_eps_fallback_icc,,432054816.0
NPK,ok,True,True,True,True,True,forecast_icc,,1085253120.0
NPKI,ok,True,True,True,True,True,forecast_icc,,1082601216.0
NPO,ok,True,True,True,True,True,forecast_icc,,6073007104.0
NPT,failed,True,True,False,False,False,,missing_positive_eps,62118000.0
NPV,ok,True,True,False,True,True,trailing_eps_fallback_icc,,192301536.0
NPWR,failed,True,True,False,False,False,,missing_positive_eps,161034848.0
NPWR-W,failed,False,False,False,False,False,,missing_price,
NRC,ok,True,True,True,True,True,forecast_icc,,461635360.0
NRDS,ok,True,True,True,True,True,forecast_icc,,588093184.0
NRDY,failed,True,True,False,False,False,,missing_positive_eps,628404608.0
NREF,ok,True,True,True,True,True,forecast_icc,,380063264.0
NRG,ok,True,True,True,True,True,forecast_icc,,22330660864.0
NRGV,failed,True,True,False,False,False,,missing_positive_eps,769181376.0
NRIM,ok,True,True,True,True,True,forecast_icc,,566796608.0
NRIX,ok,True,True,True,False,True,forecast_icc,,2646432768.0
NRO,ok,True,True,False,True,True,trailing_eps_fallback_icc,,172344192.0
NRP,ok,True,False,False,True,True,trailing_eps_fallback_icc,,
NRSN,failed,True,True,False,False,False,,missing_positive_eps,12747181.0
NRT,ok,True,True,False,True,True,trailing_eps_fallback_icc,,83542464.0
NRXP,ok,True,True,True,False,True,forecast_icc,,146772656.0
NRXS,failed,True,True,False,False,False,,missing_positive_eps,95815752.0
NSAI,failed,True,True,False,False,False,,missing_positive_eps,142442816.0
NSC,ok,True,True,True,True,True,forecast_icc,,71643332608.0
NSIT,ok,True,True,True,True,True,forecast_icc,,4538799616.0
NSP,ok,True,True,True,False,True,forecast_icc,,1908235776.0
NSPR,failed,True,True,False,False,False,,missing_positive_eps,35457096.0
NSRX,failed,True,True,False,False,False,,missing_positive_eps,41349740.0
NSSC,ok,True,True,True,True,True,forecast_icc,,1285875328.0
NSTS,failed,True,True,False,False,False,,missing_positive_eps,74069152.0
NSYS,ok,True,True,False,True,True,trailing_eps_fallback_icc,,33075148.0
NTAP,ok,True,True,True,True,True,forecast_icc,,38678831104.0
NTB,ok,True,True,True,True,True,forecast_icc,,2327746560.0
NTCL,failed,True,True,False,False,False,,missing_positive_eps,4579231.0
NTCT,ok,True,True,True,True,True,forecast_icc,,2855216128.0
NTES,ok,True,True,True,True,True,forecast_icc,,74665975808.0
NTGR,ok,True,True,True,False,True,forecast_icc,,622399552.0
NTHI,failed,True,True,False,False,False,,missing_positive_eps,98226352.0
NTIC,ok,True,True,True,False,True,forecast_icc,,75081728.0
NTIP,failed,True,True,False,False,False,,missing_positive_eps,35437928.0
NTLA,failed,True,True,False,False,False,,missing_positive_eps,1717953280.0
NTNX,ok,True,True,True,True,True,forecast_icc,,18914326528.0
NTR,ok,True,True,True,True,True,forecast_icc,,37661417472.0
NTRA,failed,True,True,False,False,False,,missing_positive_eps,52801454080.0
NTRB,failed,True,True,False,False,False,,missing_positive_eps,92990976.0
NTRP,failed,True,True,False,False,False,,missing_positive_eps,26551538.0
NTRS,ok,True,True,True,True,True,forecast_icc,,32372172800.0
NTSK,ok,True,True,True,False,True,forecast_icc,,7031794688.0
NTST,ok,True,True,True,True,True,forecast_icc,,1858187008.0
NTWK,ok,True,True,True,True,True,forecast_icc,,52731280.0
NTWO,ok,True,True,False,True,True,trailing_eps_fallback_icc,,263350832.0
NU,ok,True,True,True,True,True,forecast_icc,,66856734720.0
NUAI,failed,True,True,False,False,False,,missing_positive_eps,619109760.0
NUCL,failed,True,True,False,False,False,,missing_positive_eps,183246848.0
NUE,ok,True,True,True,True,True,forecast_icc,,60153819136.0
NUR,failed,True,True,False,False,False,,missing_positive_eps,13986381.0
NUS,ok,True,True,True,False,True,forecast_icc,,223912496.0
NUTX,ok,True,True,True,True,True,forecast_icc,,1467657600.0
NUV,ok,True,True,False,True,True,trailing_eps_fallback_icc,,1797310208.0
NUVB,failed,True,True,False,False,False,,missing_positive_eps,2131318016.0
NUWE,ok,True,True,False,True,True,trailing_eps_fallback_icc,,3460896.0
NVA,failed,True,True,False,False,False,,missing_positive_eps,236722496.0
NVA-W,failed,False,False,False,False,False,,missing_price,
NVAX,failed,True,True,False,False,False,,missing_positive_eps,1649457280.0
NVCR,failed,True,True,False,False,False,,missing_positive_eps,1946974336.0
NVCT,failed,True,True,False,False,False,,missing_positive_eps,697930112.0
NVDA,ok,True,True,True,True,True,forecast_icc,,5296402989056.0
NVEC,ok,True,True,True,True,True,forecast_icc,,486377152.0
NVGS,ok,True,True,True,True,True,forecast_icc,,1541017728.0
NVMI,ok,True,True,True,True,True,forecast_icc,,11070770176.0
NVNI,failed,True,True,False,False,False,,missing_positive_eps,10857315.0
NVNO,failed,True,True,False,False,False,,missing_positive_eps,6109674.0
NVO,ok,True,True,True,True,True,forecast_icc,,190808014848.0
NVR,ok,True,True,True,True,True,forecast_icc,,16717646848.0
NVRI,failed,True,True,False,False,False,,missing_positive_eps,579306944.0
NVS,ok,True,True,True,True,True,forecast_icc,,267848744960.0
NVST,ok,True,True,True,True,True,forecast_icc,,3805033728.0
NVT,ok,True,True,True,True,True,forecast_icc,,24493961216.0
NVTS,failed,True,True,False,False,False,,missing_positive_eps,2908581632.0
NVX,failed,True,True,False,False,False,,missing_positive_eps,75582184.0
NWAX,failed,True,True,False,False,False,,missing_positive_eps,502875424.0
NWAX-U,failed,False,False,False,False,False,,missing_price,
NWAX-W,failed,False,False,False,False,False,,missing_price,
NWBI,ok,True,True,True,True,True,forecast_icc,,2251578368.0
NWE,ok,True,True,True,True,True,forecast_icc,,4263186944.0
NWFL,ok,True,True,True,True,True,forecast_icc,,383316928.0
NWG,ok,True,True,True,True,True,forecast_icc,,75161632768.0
NWGL,failed,True,True,False,False,False,,missing_positive_eps,46453596.0
NWL,ok,True,True,True,False,True,forecast_icc,,2389298944.0
NWN,ok,True,True,True,True,True,forecast_icc,,2048271488.0
NWPX,ok,True,True,True,True,True,forecast_icc,,992872768.0
NWSA,ok,True,True,True,True,True,forecast_icc,,16182918144.0
NWTG,failed,True,True,False,False,False,,missing_positive_eps,6181394.0
NX,ok,True,True,True,True,True,forecast_icc,,941270336.0
NXAT,failed,True,True,False,False,False,,missing_positive_eps,3819149.0
NXB,ok,True,True,True,False,True,forecast_icc,,53805800.0
NXDR,failed,True,True,False,False,False,,missing_positive_eps,959384064.0
NXDT,failed,True,True,False,False,False,,missing_positive_eps,280930880.0
NXE,failed,True,True,False,False,False,,missing_positive_eps,6336282624.0
NXG,ok,True,True,False,True,True,trailing_eps_fallback_icc,,400556288.0
NXGL,failed,True,True,False,False,False,,missing_positive_eps,2524644.0
NXH,failed,True,True,False,False,False,,missing_positive_eps,326889984.0
NXL,failed,True,True,False,False,False,,missing_positive_eps,4229276.0
NXP,ok,True,False,False,True,True,trailing_eps_fallback_icc,,
NXPI,ok,True,True,True,True,True,forecast_icc,,57480822784.0
NXPL,ok,True,True,True,False,True,forecast_icc,,24934510.0
NXRT,failed,True,True,False,False,False,,missing_positive_eps,1098644992.0
NXST,ok,True,True,True,True,True,forecast_icc,,5001419264.0
NXT,ok,True,True,True,True,True,forecast_icc,,12807292928.0
NXTC,failed,True,True,False,False,False,,missing_positive_eps,25953626.0
NXTS,ok,True,True,False,True,True,trailing_eps_fallback_icc,,1991066.0
NXTT,failed,True,True,False,False,False,,missing_positive_eps,8079197.0
NXXT,failed,True,True,False,False,False,,missing_positive_eps,19503478.0
NYAX,ok,True,True,True,True,True,forecast_icc,,1635106688.0
NYC,ok,True,True,True,True,True,forecast_icc,,18855246.0
NYT,ok,True,True,True,True,True,forecast_icc,,11280174080.0
NYXH,failed,True,True,False,False,False,,missing_positive_eps,151741920.0
O,ok,True,True,True,True,True,forecast_icc,,54237216768.0
OABI,failed,True,True,False,False,False,,missing_positive_eps,645533376.0
OACC,ok,True,True,False,True,True,trailing_eps_fallback_icc,,264785920.0
OBA,ok,True,True,False,True,True,trailing_eps_fallback_icc,,327002496.0
OBAI,failed,True,True,False,False,False,,missing_positive_eps,8671920.0
OBDC,ok,True,True,True,True,True,forecast_icc,,5633066496.0
OBE,ok,True,True,True,True,True,forecast_icc,,809381120.0
OBIO,failed,True,True,False,False,False,,missing_positive_eps,347407200.0
OBK,ok,True,True,True,True,True,forecast_icc,,1656627712.0
OBT,ok,True,True,True,True,True,forecast_icc,,511647872.0
OBX,failed,True,True,False,False,False,,missing_positive_eps,1081025280.0
OC,ok,True,True,True,False,True,forecast_icc,,9841560576.0
OCAC,failed,True,True,False,False,False,,missing_positive_eps,156220256.0
OCAC-R,failed,False,False,False,False,False,,missing_price,
OCAC-U,failed,False,False,False,False,False,,missing_price,
OCAC-W,failed,False,False,False,False,False,,missing_price,
OCC,ok,True,True,False,True,True,trailing_eps_fallback_icc,,131923000.0
OCFC,ok,True,True,True,True,True,forecast_icc,,1752177664.0
OCG,failed,True,True,False,False,False,,missing_positive_eps,3004383.0
OCGN,failed,True,True,False,False,False,,missing_positive_eps,349283712.0
OCLT,failed,True,True,False,False,False,,missing_positive_eps,145248352.0
OCS,failed,True,True,False,False,False,,missing_positive_eps,554169024.0
OCTV,ok,True,True,True,True,True,forecast_icc,,4974152704.0
OCUL,failed,True,True,False,False,False,,missing_positive_eps,2226905088.0
ODC,ok,True,False,False,True,True,trailing_eps_fallback_icc,,
ODD,ok,True,True,True,True,True,forecast_icc,,888820160.0
ODFL,ok,True,True,True,True,True,forecast_icc,,36413165568.0
ODTX,failed,True,True,False,False,False,,missing_positive_eps,1115918976.0
ODYS,failed,True,True,False,False,False,,missing_positive_eps,56303128.0
OEC,ok,True,True,True,False,True,forecast_icc,,328745824.0
OESX,ok,True,True,True,False,True,forecast_icc,,110369832.0
OFAL,failed,True,True,False,False,False,,missing_positive_eps,1522897.0
OFG,ok,True,True,True,True,True,forecast_icc,,2210485504.0
OFIX,ok,True,True,True,False,True,forecast_icc,,349243072.0
OFLX,ok,True,True,False,True,True,trailing_eps_fallback_icc,,261341984.0
OFRM,ok,True,True,True,False,True,forecast_icc,,693685568.0
OGC,ok,True,True,False,True,True,trailing_eps_fallback_icc,,6422060032.0
OGE,ok,True,True,True,True,True,forecast_icc,,9564712960.0
OGEN,ok,True,True,False,True,True,trailing_eps_fallback_icc,,2341705.0
OGG,failed,True,True,False,False,False,,missing_positive_eps,837995648.0
OGI,ok,True,True,True,True,True,forecast_icc,,154243376.0
OGN,ok,True,True,True,True,True,forecast_icc,,3595123200.0
OGS,ok,True,True,True,True,True,forecast_icc,,4792161792.0
OHAC,failed,True,True,False,False,False,,missing_positive_eps,250382688.0
OHI,ok,True,True,True,True,True,forecast_icc,,15125111808.0
OI,ok,True,True,True,False,True,forecast_icc,,952690368.0
OIA,ok,True,True,False,True,True,trailing_eps_fallback_icc,,278963296.0
OII,ok,True,True,True,True,True,forecast_icc,,4598269952.0
OIM,failed,True,True,False,False,False,,missing_positive_eps,365711488.0
OIO,failed,True,True,False,False,False,,missing_positive_eps,727366208.0
OIS,ok,True,True,True,False,True,forecast_icc,,506709984.0
OKE,ok,True,True,True,True,True,forecast_icc,,58766749696.0
OKLO,failed,True,True,False,False,False,,missing_positive_eps,7375600128.0
OKTA,ok,True,True,True,True,True,forecast_icc,,33219473408.0
OKUR,failed,True,True,False,False,False,,missing_positive_eps,119869072.0
OKYO,failed,True,True,False,False,False,,missing_positive_eps,69272976.0
OLB,ok,True,True,False,True,True,trailing_eps_fallback_icc,,4883329.0
OLED,ok,True,True,True,True,True,forecast_icc,,3554615552.0
OLLI,ok,True,True,True,True,True,forecast_icc,,4526462976.0
OLMA,failed,True,True,False,False,False,,missing_positive_eps,866226304.0
OLN,ok,True,True,True,False,True,forecast_icc,,1938842112.0
OLOX,ok,True,True,False,True,True,trailing_eps_fallback_icc,,1397668.0
OLP,ok,True,True,True,True,True,forecast_icc,,502834400.0
OM,failed,True,True,False,False,False,,missing_positive_eps,58271208.0
OMAB,ok,True,True,True,True,True,forecast_icc,,4708853248.0
OMC,ok,True,True,True,True,True,forecast_icc,,21563590656.0
OMCL,ok,True,True,True,True,True,forecast_icc,,1483521920.0
OMDA,ok,True,True,True,True,True,forecast_icc,,1213927296.0
OMER,ok,True,True,True,True,True,forecast_icc,,1335564544.0
OMEX,failed,True,True,False,False,False,,missing_positive_eps,43302508.0
OMF,ok,True,True,True,True,True,forecast_icc,,7010627072.0
OMH,failed,True,True,False,False,False,,missing_positive_eps,4204833.0
OMSE,ok,True,True,True,True,True,forecast_icc,,188896720.0
ON,ok,True,True,True,True,True,forecast_icc,,26590464000.0
ONB,ok,True,True,True,True,True,forecast_icc,,9686672384.0
ONC,ok,True,True,True,True,True,forecast_icc,,39984156672.0
ONCH,ok,True,True,False,True,True,trailing_eps_fallback_icc,,222309392.0
ONCO,ok,True,True,False,True,True,trailing_eps_fallback_icc,,2906476.0
ONCY,failed,True,True,False,False,False,,missing_positive_eps,98183088.0
ONDS,failed,True,True,False,False,False,,missing_positive_eps,4303129600.0
ONEG,failed,True,True,False,False,False,,missing_positive_eps,16480000.0
ONEW,ok,True,True,True,False,True,forecast_icc,,160323248.0
ONFO,failed,True,True,False,False,False,,missing_positive_eps,2113992.0
ONIT,ok,True,True,True,True,True,forecast_icc,,273109248.0
ONL,ok,True,True,True,False,True,forecast_icc,,138618656.0
ONMD,failed,True,True,False,False,False,,missing_positive_eps,36224020.0
ONON,ok,True,True,True,True,True,forecast_icc,,9134087168.0
ONT,ok,True,True,True,False,True,forecast_icc,,617364288.0
ONTO,ok,True,True,True,True,True,forecast_icc,,15282693120.0
OOMA,ok,True,True,True,True,True,forecast_icc,,616860032.0
OPAD,failed,True,True,False,False,False,,missing_positive_eps,16769639.0
OPAL,ok,True,True,True,False,True,forecast_icc,,333657888.0
OPBK,ok,True,True,True,True,True,forecast_icc,,230260928.0
OPCH,ok,True,True,True,True,True,forecast_icc,,3669738496.0
OPEN,failed,True,True,False,False,False,,missing_positive_eps,2485993216.0
OPENL,failed,True,False,False,False,False,,missing_positive_eps,
OPENW,failed,True,False,False,False,False,,missing_positive_eps,
OPENZ,failed,True,False,False,False,False,,missing_positive_eps,
OPFI,ok,True,True,True,True,True,forecast_icc,,599866048.0
OPHC,ok,True,True,True,True,True,forecast_icc,,116451904.0
OPI,failed,True,True,False,False,False,,missing_positive_eps,363551200.0
OPK,failed,True,True,False,False,False,,missing_positive_eps,1209051776.0
OPLN,ok,True,True,True,False,True,forecast_icc,,4182113280.0
OPP,ok,True,True,False,True,True,trailing_eps_fallback_icc,,179179232.0
OPRA,ok,True,True,True,True,True,forecast_icc,,1627188096.0
OPRT,ok,True,True,True,True,True,forecast_icc,,370197376.0
OPRX,ok,True,True,True,True,True,forecast_icc,,142964880.0
OPTH,failed,True,True,False,False,False,,missing_positive_eps,28400300.0
OPTT,failed,True,True,False,False,False,,missing_positive_eps,17378932.0
OPTU,failed,True,True,False,False,False,,missing_positive_eps,396688800.0
OPTX,failed,True,True,False,False,False,,missing_positive_eps,270680800.0
OPXS,ok,True,True,True,True,True,forecast_icc,,73148264.0
OPY,ok,True,True,True,True,True,forecast_icc,,1223924992.0
OR,ok,True,True,True,True,True,forecast_icc,,6935472640.0
ORA,ok,True,True,True,True,True,forecast_icc,,5987957248.0
ORBS,failed,True,True,False,False,False,,missing_positive_eps,389593216.0
ORC,ok,True,True,True,True,True,forecast_icc,,1202210560.0
ORCL,ok,True,True,True,True,True,forecast_icc,,455344390144.0
ORGO,failed,True,True,False,False,False,,missing_positive_eps,174997376.0
ORI,ok,True,True,True,True,True,forecast_icc,,9778033664.0
ORIC,failed,True,True,False,False,False,,missing_positive_eps,1335046272.0
ORIO,ok,True,True,True,False,True,forecast_icc,,24062302.0
ORIQ,ok,True,True,False,True,True,trailing_eps_fallback_icc,,89786248.0
ORKA,failed,True,True,False,False,False,,missing_positive_eps,6470674432.0
ORKT,failed,True,True,False,False,False,,missing_positive_eps,6248554.0
ORLY,ok,True,True,True,True,True,forecast_icc,,68672679936.0
ORMP,ok,True,True,True,True,True,forecast_icc,,194259632.0
ORN,ok,True,True,True,True,True,forecast_icc,,366077408.0
ORRF,ok,True,True,True,True,True,forecast_icc,,823173824.0
OSBC,ok,True,True,True,True,True,forecast_icc,,1267822848.0
OSCR,ok,True,True,True,True,True,forecast_icc,,9870467072.0
OSG,ok,True,True,True,False,True,forecast_icc,,201380144.0
OSIS,ok,True,True,True,True,True,forecast_icc,,3193973504.0
OSK,ok,True,True,True,True,True,forecast_icc,,8945472512.0
OSPN,ok,True,True,True,True,True,forecast_icc,,661496512.0
OSPR,failed,True,True,False,False,False,,missing_positive_eps,403187264.0
OSS,ok,True,True,True,False,True,forecast_icc,,226252848.0
OST,failed,True,True,False,False,False,,missing_positive_eps,10108845.0
OSTX,ok,True,True,True,False,True,forecast_icc,,85653576.0
OSUR,failed,True,True,False,False,False,,missing_positive_eps,240700496.0
OSW,ok,True,True,True,True,True,forecast_icc,,2215716864.0
OTAI,failed,True,False,False,False,False,,missing_positive_eps,
OTAI-R,failed,False,False,False,False,False,,missing_price,
OTAI-U,failed,False,False,False,False,False,,missing_price,
OTEX,ok,True,True,True,True,True,forecast_icc,,5707419136.0
OTF,ok,True,True,True,True,True,forecast_icc,,4975892992.0
OTGA,failed,True,True,False,False,False,,missing_positive_eps,361745120.0
OTIS,ok,True,True,True,True,True,forecast_icc,,26151983104.0
OTLK,failed,True,True,False,False,False,,missing_positive_eps,165787776.0
OTLY,failed,True,True,False,False,False,,missing_positive_eps,396350240.0
OTTR,ok,True,True,True,True,True,forecast_icc,,3717823232.0
OUST,failed,True,True,False,False,False,,missing_positive_eps,2520326144.0
OUT,ok,True,True,True,True,True,forecast_icc,,4907128320.0
OVBC,ok,True,True,False,True,True,trailing_eps_fallback_icc,,211571104.0
OVID,failed,True,True,False,False,False,,missing_positive_eps,527304224.0
OVLY,ok,True,True,False,True,True,trailing_eps_fallback_icc,,288135264.0
OVV,ok,True,True,True,True,True,forecast_icc,,17423034368.0
OWL,ok,True,True,True,True,True,forecast_icc,,15608879104.0
OWLS,failed,True,True,False,False,False,,missing_positive_eps,482300416.0
OWLT,ok,True,True,True,False,True,forecast_icc,,132666408.0
OXBR,ok,True,True,False,True,True,trailing_eps_fallback_icc,,11760244.0
OXM,ok,True,True,True,False,True,forecast_icc,,433321472.0
OXY,ok,True,True,True,True,True,forecast_icc,,59268501504.0
OYSE,ok,True,True,False,True,True,trailing_eps_fallback_icc,,352029952.0
OZ,failed,True,True,False,False,False,,missing_positive_eps,189792640.0
OZK,ok,True,True,True,True,True,forecast_icc,,5216359424.0
P,ok,True,True,True,True,True,forecast_icc,,34652303360.0
PAA,ok,True,True,True,True,True,forecast_icc,,17928443904.0
PAAC,failed,True,True,False,False,False,,missing_positive_eps,179891808.0
PAAI,ok,True,True,True,True,True,forecast_icc,,159019568.0
PAAS,ok,True,True,True,True,True,forecast_icc,,20573343744.0
PAC,ok,True,True,True,True,True,forecast_icc,,11874183168.0
PACB,failed,True,True,False,False,False,,missing_positive_eps,428946432.0
PACH,ok,True,True,False,True,True,trailing_eps_fallback_icc,,327002496.0
PACK,failed,True,True,False,False,False,,missing_positive_eps,342175584.0
PACS,ok,True,True,True,True,True,forecast_icc,,6659596288.0
PAG,ok,True,True,True,True,True,forecast_icc,,14101101568.0
PAGP,ok,True,True,True,True,True,forecast_icc,,6459937280.0
PAGS,ok,True,True,True,True,True,forecast_icc,,2635175936.0
PAHC,ok,True,True,True,True,True,forecast_icc,,1398522240.0
PAII,failed,True,True,False,False,False,,missing_positive_eps,354928768.0
PAII-U,failed,False,False,False,False,False,,missing_price,
PAII-W,failed,False,False,False,False,False,,missing_price,
PAL,ok,True,True,True,False,True,forecast_icc,,117822272.0
PALI,ok,True,True,False,True,True,trailing_eps_fallback_icc,,296259968.0
PALO,failed,True,True,False,False,False,,missing_positive_eps,210535360.0
PAM,ok,True,True,True,True,True,forecast_icc,,4476986368.0
PAMT,failed,True,True,False,False,False,,missing_positive_eps,258218016.0
PANL,ok,True,True,True,True,True,forecast_icc,,550634432.0
PANW,ok,True,True,True,True,True,forecast_icc,,306799083520.0
PAPL,ok,True,True,True,False,True,forecast_icc,,23449144.0
PAR,ok,True,True,True,False,True,forecast_icc,,660976064.0
PARA,ok,True,True,False,True,True,trailing_eps_fallback_icc,,3316952.0
PARK,ok,True,True,True,False,True,forecast_icc,,96437120.0
PARR,ok,True,True,True,True,True,forecast_icc,,4333116928.0
PASG,failed,True,True,False,False,False,,missing_positive_eps,16217762.0
PASW,failed,True,True,False,False,False,,missing_positive_eps,16840748.0
PATH,ok,True,True,True,True,True,forecast_icc,,7171098624.0
PATK,ok,True,True,True,True,True,forecast_icc,,2245709056.0
PAVM,failed,True,True,False,False,False,,missing_positive_eps,39075424.0
PAVS,failed,True,True,False,False,False,,missing_positive_eps,3473466.0
PAX,ok,True,True,True,True,True,forecast_icc,,1622008064.0
PAXS,ok,True,True,False,True,True,trailing_eps_fallback_icc,,633722880.0
PAY,ok,True,True,True,True,True,forecast_icc,,4550199808.0
PAYC,ok,True,True,True,True,True,forecast_icc,,10188890112.0
PAYO,ok,True,True,True,True,True,forecast_icc,,2409229568.0
PAYP,ok,True,True,True,True,True,forecast_icc,,12127632384.0
PAYS,ok,True,True,True,True,True,forecast_icc,,701259968.0
PAYX,ok,True,True,True,True,True,forecast_icc,,41475284992.0
PB,ok,True,True,True,True,True,forecast_icc,,8453233664.0
PBA,ok,True,True,True,True,True,forecast_icc,,27705280512.0
PBAM,ok,True,True,True,True,True,forecast_icc,,517946464.0
PBF,ok,True,True,True,True,True,forecast_icc,,9146303488.0
PBFS,ok,True,True,False,True,True,trailing_eps_fallback_icc,,436686272.0
PBH,ok,True,True,True,True,True,forecast_icc,,2201494016.0
PBHC,ok,True,True,False,True,True,trailing_eps_fallback_icc,,110252968.0
PBI,ok,True,True,True,True,True,forecast_icc,,2374402304.0
PBK,failed,True,True,False,False,False,,missing_positive_eps,14757181.0
PBLS,failed,True,True,False,False,False,,missing_positive_eps,5050038784.0
PBM,failed,True,False,False,False,False,,missing_positive_eps,
PBR,ok,True,True,True,True,True,forecast_icc,,134945038336.0
PBR-A,ok,True,True,True,True,True,forecast_icc,,129672978432.0
PBT,ok,True,True,False,True,True,trailing_eps_fallback_icc,,1624782720.0
PBYI,ok,True,True,True,True,True,forecast_icc,,491423040.0
PC,failed,True,False,False,False,False,,missing_positive_eps,
PCAP,ok,True,True,False,True,True,trailing_eps_fallback_icc,,393334080.0
PCAR,ok,True,True,True,True,True,forecast_icc,,61774192640.0
PCB,ok,True,True,True,True,True,forecast_icc,,389737696.0
PCF,ok,True,True,False,True,True,trailing_eps_fallback_icc,,99758680.0
PCG,ok,True,True,True,True,True,forecast_icc,,29467670528.0
PCLA,failed,True,True,False,False,False,,missing_positive_eps,67681184.0
PCM,ok,True,True,False,True,True,trailing_eps_fallback_icc,,63182172.0
PCN,ok,True,True,False,True,True,trailing_eps_fallback_icc,,852280704.0
PCOR,ok,True,True,True,False,True,forecast_icc,,7863689216.0
PCQ,ok,True,False,False,True,True,trailing_eps_fallback_icc,,
PCRX,ok,True,True,True,True,True,forecast_icc,,975819008.0
PCSA,ok,True,True,False,True,True,trailing_eps_fallback_icc,,5307433.0
PCT,failed,True,True,False,False,False,,missing_positive_eps,1143148416.0
PCTY,ok,True,True,True,True,True,forecast_icc,,8096169984.0
PCVX,failed,True,True,False,False,False,,missing_positive_eps,8983374848.0
PCYO,ok,True,True,True,True,True,forecast_icc,,267721776.0
PD,ok,True,True,True,True,True,forecast_icc,,1135704064.0
PDC,failed,True,True,False,False,False,,missing_positive_eps,21340184.0
PDCC,ok,True,True,True,False,True,forecast_icc,,62350756.0
PDD,ok,True,True,True,True,True,forecast_icc,,110640611328.0
PDEX,ok,True,True,True,True,True,forecast_icc,,222551632.0
PDFS,ok,True,True,True,True,True,forecast_icc,,1846596096.0
PDI,ok,True,True,False,True,True,trailing_eps_fallback_icc,,6901794816.0
PDLB,ok,True,True,True,True,True,forecast_icc,,490772512.0
PDM,failed,True,True,False,False,False,,missing_positive_eps,1171243136.0
PDO,ok,True,True,False,True,True,trailing_eps_fallback_icc,,1751006848.0
PDS,ok,True,True,True,False,True,forecast_icc,,1118951168.0
PDSB,failed,True,True,False,False,False,,missing_positive_eps,61037776.0
PDX,ok,True,True,False,True,True,trailing_eps_fallback_icc,,929904512.0
PDYN,failed,True,True,False,False,False,,missing_positive_eps,283696448.0
PEB,failed,True,True,False,False,False,,missing_positive_eps,2030040448.0
PEBK,ok,True,True,False,True,True,trailing_eps_fallback_icc,,233925536.0
PEBO,ok,True,True,True,True,True,forecast_icc,,1419002624.0
PECE,failed,True,True,False,False,False,,missing_positive_eps,84375000.0
PECO,ok,True,True,True,True,True,forecast_icc,,5284443136.0
PED,ok,True,True,True,False,True,forecast_icc,,193132944.0
PEG,ok,True,True,True,True,True,forecast_icc,,35377856512.0
PEGA,ok,True,True,True,True,True,forecast_icc,,5930086400.0
PEN,ok,True,True,True,True,True,forecast_icc,,12560105472.0
PENG,ok,True,True,True,True,True,forecast_icc,,2692803840.0
PENN,ok,True,True,True,False,True,forecast_icc,,2344256768.0
PEO,ok,True,True,True,True,True,forecast_icc,,807494528.0
PEP,ok,True,True,True,True,True,forecast_icc,,182579560448.0
PEPG,failed,True,True,False,False,False,,missing_positive_eps,205432576.0
PERF,ok,True,True,True,True,True,forecast_icc,,197586432.0
PERI,ok,True,True,True,False,True,forecast_icc,,364704512.0
PESI,ok,True,True,True,False,True,forecast_icc,,379596320.0
PETS,ok,True,True,True,False,True,forecast_icc,,35119840.0
PETZ,ok,True,True,False,True,True,trailing_eps_fallback_icc,,14349342.0
PEW,failed,True,True,False,False,False,,missing_positive_eps,62863628.0
PEW-W,failed,False,False,False,False,False,,missing_price,
PFAI,failed,True,True,False,False,False,,missing_positive_eps,32979790.0
PFBC,ok,True,True,True,True,True,forecast_icc,,1254652288.0
PFE,ok,True,True,True,True,True,forecast_icc,,157538975744.0
PFG,ok,True,True,True,True,True,forecast_icc,,24823291904.0
PFGC,ok,True,True,True,True,True,forecast_icc,,14193068032.0
PFIS,ok,True,True,True,True,True,forecast_icc,,708834048.0
PFLT,ok,True,True,True,True,True,forecast_icc,,716353216.0
PFS,ok,True,True,True,True,True,forecast_icc,,3019283456.0
PFSA,failed,True,True,False,False,False,,missing_positive_eps,1090306.0
PFSI,ok,True,True,True,True,True,forecast_icc,,3455299072.0
PFX,ok,True,True,True,True,True,forecast_icc,,89244120.0
PG,ok,True,True,True,True,True,forecast_icc,,342710321152.0
PGAC,ok,True,True,False,True,True,trailing_eps_fallback_icc,,118083104.0
PGC,ok,True,True,True,True,True,forecast_icc,,805026304.0
PGEN,ok,True,True,True,False,True,forecast_icc,,2817737216.0
PGNY,ok,True,True,True,True,True,forecast_icc,,2072390912.0
PGP,ok,True,True,False,True,True,trailing_eps_fallback_icc,,97836472.0
PGR,ok,True,True,True,True,True,forecast_icc,,125686120448.0
PGY,ok,True,True,True,True,True,forecast_icc,,1715235200.0
PGZ,ok,True,True,False,True,True,trailing_eps_fallback_icc,,61853576.0
PH,ok,True,True,True,True,True,forecast_icc,,116630462464.0
PHAR,ok,True,True,True,True,True,forecast_icc,,762988224.0
PHAT,ok,True,True,True,False,True,forecast_icc,,626982272.0
PHG,ok,True,True,True,True,True,forecast_icc,,24122910720.0
PHI,ok,True,False,True,True,True,forecast_icc,,
PHIN,ok,True,True,True,True,True,forecast_icc,,2271561472.0
PHIO,failed,True,True,False,False,False,,missing_positive_eps,11849596.0
PHM,ok,True,True,True,True,True,forecast_icc,,22637398016.0
PHOE,failed,True,True,False,False,False,,missing_positive_eps,446040000.0
PHOS,failed,True,True,False,False,False,,missing_positive_eps,293741440.0
PHR,ok,True,True,True,True,True,forecast_icc,,638089280.0
PHUN,failed,True,True,False,False,False,,missing_positive_eps,40720724.0
PHVS,failed,True,True,False,False,False,,missing_positive_eps,2667771136.0
PI,ok,True,True,True,False,True,forecast_icc,,5491544576.0
PICS,ok,True,True,True,True,True,forecast_icc,,2058853248.0
PII,ok,True,True,True,False,True,forecast_icc,,3169526272.0
PIII,failed,True,True,False,False,False,,missing_positive_eps,1605849984.0
PIM,ok,True,True,False,True,True,trailing_eps_fallback_icc,,147925920.0
PINE,ok,True,True,True,True,True,forecast_icc,,336752416.0
PINS,ok,True,True,True,True,True,forecast_icc,,10369190912.0
PIPR,ok,True,True,True,True,True,forecast_icc,,5094620672.0
PJT,ok,True,True,True,True,True,forecast_icc,,6441974784.0
PK,ok,True,True,True,False,True,forecast_icc,,3032155392.0
PKBK,ok,True,True,False,True,True,trailing_eps_fallback_icc,,402712768.0
PKE,ok,True,True,True,True,True,forecast_icc,,663194432.0
PKG,ok,True,True,True,True,True,forecast_icc,,20988887040.0
PKOH,ok,True,True,True,True,True,forecast_icc,,669148672.0
PKX,ok,True,True,True,True,True,forecast_icc,,18176208896.0
PL,failed,True,True,False,False,False,,missing_positive_eps,6181777408.0
PLAB,ok,True,True,True,True,True,forecast_icc,,1682009216.0
PLAG,failed,True,True,False,False,False,,missing_positive_eps,9806341.0
PLAY,failed,True,True,False,False,False,,missing_positive_eps,227792416.0
PLBC,ok,True,True,True,True,True,forecast_icc,,434103424.0
PLBL,failed,True,True,False,False,False,,missing_positive_eps,2018795008.0
PLBY,ok,True,True,True,True,True,forecast_icc,,128194232.0
PLCE,failed,True,True,False,False,False,,missing_positive_eps,44696508.0
PLCI,failed,True,True,False,False,False,,missing_positive_eps,120165976.0
PLD,ok,True,True,True,True,True,forecast_icc,,131407306752.0
PLG,failed,True,True,False,False,False,,missing_positive_eps,180318000.0
PLGO,ok,True,True,True,True,True,forecast_icc,,1990443776.0
PLMK,ok,True,True,False,True,True,trailing_eps_fallback_icc,,114623680.0
PLMR,ok,True,True,True,True,True,forecast_icc,,3640571904.0
PLNT,ok,True,True,True,True,True,forecast_icc,,3785634816.0
PLOW,ok,True,True,True,True,True,forecast_icc,,919851072.0
PLPC,ok,True,True,True,True,True,forecast_icc,,2019180160.0
PLRX,failed,True,True,False,False,False,,missing_positive_eps,69971744.0
PLRZ,failed,True,True,False,False,False,,missing_positive_eps,26163898.0
PLSE,failed,True,True,False,False,False,,missing_positive_eps,3609637120.0
PLSM,failed,True,True,False,False,False,,missing_positive_eps,15736883.0
PLTK,ok,True,True,True,False,True,forecast_icc,,881075968.0
PLTR,ok,True,True,True,True,True,forecast_icc,,423515029504.0
PLTS,ok,True,True,False,True,True,trailing_eps_fallback_icc,,316034432.0
PLUG,failed,True,True,False,False,False,,missing_positive_eps,2962053888.0
PLUN,ok,True,True,False,True,True,trailing_eps_fallback_icc,,141698352.0
PLUN-R,failed,False,False,False,False,False,,missing_price,
PLUN-U,failed,False,False,False,False,False,,missing_price,
PLUR,failed,True,True,False,False,False,,missing_positive_eps,13332315.0
PLUS,ok,True,True,True,True,True,forecast_icc,,2401362176.0
PLUT,failed,True,True,False,False,False,,missing_positive_eps,37607500.0
PLX,ok,True,True,True,True,True,forecast_icc,,217543424.0
PLXS,ok,True,True,True,True,True,forecast_icc,,6549487104.0
PLYX,failed,True,True,False,False,False,,missing_positive_eps,106670432.0
PM,ok,True,True,True,True,True,forecast_icc,,296884666368.0
PMA,failed,True,True,False,False,False,,missing_positive_eps,206149520.0
PMAX,failed,True,True,False,False,False,,missing_positive_eps,1634540.0
PMCB,failed,True,True,False,False,False,,missing_positive_eps,4551915.0
PMEC,failed,True,True,False,False,False,,missing_positive_eps,23012374.0
PMI,failed,True,True,False,False,False,,missing_positive_eps,13096350.0
PML,ok,True,False,False,True,True,trailing_eps_fallback_icc,,
PMM,ok,True,True,False,True,True,trailing_eps_fallback_icc,,251003712.0
PMN,failed,True,True,False,False,False,,missing_positive_eps,120705152.0
PMT,ok,True,False,True,True,True,forecast_icc,,
PMTR,ok,True,True,False,True,True,trailing_eps_fallback_icc,,321201728.0
PMTS,ok,True,True,True,True,True,forecast_icc,,280294144.0
PMVP,failed,True,True,False,False,False,,missing_positive_eps,78048760.0
PN,failed,True,True,False,False,False,,missing_positive_eps,38803088.0
PNAQ-U,failed,False,False,False,False,False,,missing_price,
PNBK,ok,True,True,True,False,True,forecast_icc,,115429296.0
PNC,ok,True,True,True,True,True,forecast_icc,,92558917632.0
PNFP,ok,True,True,True,True,True,forecast_icc,,14623169536.0
PNI,ok,True,True,False,True,True,trailing_eps_fallback_icc,,154535952.0
PNNT,ok,True,True,True,True,True,forecast_icc,,233760016.0
PNR,ok,True,True,True,True,True,forecast_icc,,8892912640.0
PNRG,ok,True,True,True,True,True,forecast_icc,,335875200.0
PNTG,ok,True,True,True,True,True,forecast_icc,,1398210688.0
PNW,ok,True,True,True,True,True,forecast_icc,,11585243136.0
POAS,failed,True,True,False,False,False,,missing_positive_eps,5207801.0
POCI,failed,True,True,False,False,False,,missing_positive_eps,47719632.0
PODC,failed,True,True,False,False,False,,missing_positive_eps,68371096.0
PODD,ok,True,True,True,True,True,forecast_icc,,9817086976.0
POET,failed,True,True,False,False,False,,missing_positive_eps,1299666176.0
POLA,failed,True,True,False,False,False,,missing_positive_eps,5515928.0
POLE,ok,True,True,False,True,True,trailing_eps_fallback_icc,,316347200.0
POM,failed,True,True,False,False,False,,missing_positive_eps,7682886.0
PONO,failed,True,True,False,False,False,,missing_positive_eps,173825520.0
PONY,failed,True,True,False,False,False,,missing_positive_eps,2988765696.0
POOL,ok,True,True,True,True,True,forecast_icc,,6092526080.0
POR,ok,True,True,True,True,True,forecast_icc,,5652228096.0
POST,ok,True,True,True,True,True,forecast_icc,,3528816384.0
POWI,ok,True,True,True,True,True,forecast_icc,,2746172672.0
POWL,ok,True,True,True,True,True,forecast_icc,,6439455744.0
POWW,ok,True,True,True,True,True,forecast_icc,,247209792.0
PPBT,failed,True,True,False,False,False,,missing_positive_eps,2513509.0
PPC,ok,True,True,True,True,True,forecast_icc,,7038488064.0
PPCB,ok,True,True,False,True,True,trailing_eps_fallback_icc,,1435373.0
PPG,ok,True,True,True,True,True,forecast_icc,,23441534976.0
PPHC,ok,True,True,True,False,True,forecast_icc,,380426144.0
PPIH,ok,True,True,True,True,True,forecast_icc,,247576352.0
PPL,ok,True,True,True,True,True,forecast_icc,,25285505024.0
PPLI,ok,True,True,True,True,True,forecast_icc,,2751442176.0
PPSI,failed,True,True,False,False,False,,missing_positive_eps,37737504.0
PPT,ok,True,False,False,True,True,trailing_eps_fallback_icc,,
PPTA,failed,True,True,False,False,False,,missing_positive_eps,2923489024.0
PR,ok,True,True,True,True,True,forecast_icc,,19431323648.0
PRAA,ok,True,True,True,False,True,forecast_icc,,774419520.0
PRAX,failed,True,True,False,False,False,,missing_positive_eps,8668318720.0
PRCH,ok,True,True,True,False,True,forecast_icc,,1814046976.0
PRCT,failed,True,True,False,False,False,,missing_positive_eps,1108209792.0
PRDO,ok,True,True,True,True,True,forecast_icc,,2048147072.0
PRE,failed,True,True,False,False,False,,missing_positive_eps,405892640.0
PRFX,failed,True,True,False,False,False,,missing_positive_eps,3569126.0
PRG,ok,True,True,True,True,True,forecast_icc,,1423582592.0
PRGO,ok,True,True,True,False,True,forecast_icc,,1865197568.0
PRGS,ok,True,True,True,True,True,forecast_icc,,1675378688.0
PRHI,failed,True,True,False,False,False,,missing_positive_eps,29369362.0
PRI,ok,True,True,True,True,True,forecast_icc,,8935587840.0
PRIM,ok,True,True,True,True,True,forecast_icc,,4155385344.0
PRK,ok,True,True,True,True,True,forecast_icc,,3304115456.0
PRKS,ok,True,True,True,True,True,forecast_icc,,1618684672.0
PRLB,ok,True,True,True,True,True,forecast_icc,,2067330176.0
PRLD,failed,True,True,False,False,False,,missing_positive_eps,364701952.0
PRM,ok,True,True,True,False,True,forecast_icc,,5267445248.0
PRMB,ok,True,True,True,True,True,forecast_icc,,7644251648.0
PRME,failed,True,True,False,False,False,,missing_positive_eps,569523392.0
PROF,failed,True,True,False,False,False,,missing_positive_eps,215222624.0
PROK,failed,True,True,False,False,False,,missing_positive_eps,718528576.0
PROP,ok,True,True,True,False,True,forecast_icc,,45254560.0
PROV,ok,True,True,True,True,True,forecast_icc,,116013960.0
PRPL,failed,True,True,False,False,False,,missing_positive_eps,10355259.0
PRPO,ok,True,True,True,False,True,forecast_icc,,47332572.0
PRQR,failed,True,True,False,False,False,,missing_positive_eps,266714976.0
PRSO,failed,True,True,False,False,False,,missing_positive_eps,7288062.0
PRSU,ok,True,True,True,True,True,forecast_icc,,1344464896.0
PRTA,ok,True,True,True,False,True,forecast_icc,,434310816.0
PRTH,ok,True,True,True,True,True,forecast_icc,,490520160.0
PRTS,failed,True,True,False,False,False,,missing_positive_eps,69730240.0
PRU,ok,True,True,True,True,True,forecast_icc,,40685850624.0
PRVA,ok,True,True,True,True,True,forecast_icc,,2566180352.0
PRZO,failed,True,True,False,False,False,,missing_positive_eps,20556630.0
PS,ok,True,True,True,False,True,forecast_icc,,17532000256.0
PSA,ok,True,True,True,True,True,forecast_icc,,56197697536.0
PSBD,ok,True,True,True,False,True,forecast_icc,,318772672.0
PSF,ok,True,True,False,True,True,trailing_eps_fallback_icc,,225528512.0
PSFE,ok,True,True,True,False,True,forecast_icc,,326868864.0
PSHG,ok,True,True,True,True,True,forecast_icc,,23745422.0
PSIG,failed,True,True,False,False,False,,missing_positive_eps,68290848.0
PSIX,ok,True,True,True,True,True,forecast_icc,,1050631232.0
PSKY,ok,True,True,True,True,True,forecast_icc,,11915063296.0
PSMT,ok,True,True,True,True,True,forecast_icc,,5193517568.0
PSN,ok,True,True,True,True,True,forecast_icc,,4931204608.0
PSNL,failed,True,True,False,False,False,,missing_positive_eps,1733361920.0
PSNY,failed,True,True,False,False,False,,missing_positive_eps,1304384256.0
PSNYW,failed,True,True,False,False,False,,missing_positive_eps,708047360.0
PSO,ok,True,True,True,True,True,forecast_icc,,9615918080.0
PSQH,failed,True,True,False,False,False,,missing_positive_eps,19493088.0
PSQH-W,failed,False,False,False,False,False,,missing_price,
PSQL,failed,True,True,False,False,False,,missing_positive_eps,1679243136.0
PSTL,ok,True,True,True,True,True,forecast_icc,,965957056.0
PSUS,ok,True,False,True,False,True,forecast_icc,,
PSX,ok,True,True,True,True,True,forecast_icc,,109940383744.0
PTA,ok,True,True,False,True,True,trailing_eps_fallback_icc,,999896832.0
PTAC,failed,True,True,False,False,False,,missing_positive_eps,219187504.0
PTC,ok,True,True,True,True,True,forecast_icc,,14587582464.0
PTCT,ok,True,True,True,False,True,forecast_icc,,5675334656.0
PTEN,ok,True,True,True,False,True,forecast_icc,,4588059648.0
PTGX,ok,True,True,True,True,True,forecast_icc,,9298580480.0
PTHS,failed,True,True,False,False,False,,missing_positive_eps,85681136.0
PTLE,failed,True,True,False,False,False,,missing_positive_eps,43779420.0
PTLO,ok,True,True,True,True,True,forecast_icc,,272670240.0
PTN,ok,True,True,False,True,True,trailing_eps_fallback_icc,,18557838.0
PTON,ok,True,True,True,True,True,forecast_icc,,2150471936.0
PTOR,failed,True,True,False,False,False,,missing_positive_eps,422717024.0
PTRN,ok,True,True,True,False,True,forecast_icc,,3868544256.0
PUBM,ok,True,True,True,False,True,forecast_icc,,789382528.0
PUK,ok,True,True,True,True,True,forecast_icc,,32865454080.0
PULM,failed,True,True,False,False,False,,missing_positive_eps,5233359.0
PUMP,ok,True,True,True,False,True,forecast_icc,,1284738176.0
PURR,ok,True,True,True,True,True,forecast_icc,,2538256384.0
PUSA,failed,True,True,False,False,False,,missing_positive_eps,100622640.0
PVH,ok,True,True,True,False,True,forecast_icc,,3392976128.0
PVLA,failed,True,True,False,False,False,,missing_positive_eps,2223505408.0
PW,ok,True,True,True,False,True,forecast_icc,,2514772.0
PWCM,failed,True,True,False,False,False,,missing_positive_eps,1653654.0
PWP,ok,True,True,True,True,True,forecast_icc,,1242895744.0
PWR,ok,True,True,True,True,True,forecast_icc,,92692709376.0
PWRL,failed,True,True,False,False,False,,missing_positive_eps,478221632.0
PXED,ok,True,True,True,True,True,forecast_icc,,958499712.0
PXLW,failed,True,True,False,False,False,,missing_positive_eps,42043280.0
PXS,ok,True,True,True,True,True,forecast_icc,,75155688.0
PYPD,failed,True,True,False,False,False,,missing_positive_eps,102168184.0
PYPL,ok,True,True,True,True,True,forecast_icc,,45288095744.0
PYT,failed,True,False,False,False,False,,missing_positive_eps,
PYXS,failed,True,True,False,False,False,,missing_positive_eps,284421440.0
PZG,failed,True,False,False,False,False,,missing_positive_eps,
PZZA,ok,True,True,True,True,True,forecast_icc,,662055168.0
Q,ok,True,True,True,True,True,forecast_icc,,24504596480.0
QADR,failed,True,True,False,False,False,,missing_positive_eps,249750000.0
QBTS,failed,True,True,False,False,False,,missing_positive_eps,6715595264.0
QCLS,failed,True,True,False,False,False,,missing_positive_eps,6224277.0
QCOM,ok,True,True,True,True,True,forecast_icc,,201553707008.0
QCRH,ok,True,True,True,True,True,forecast_icc,,1651971840.0
QDEL,ok,True,True,True,False,True,forecast_icc,,760501440.0
QETA,ok,True,True,False,True,True,trailing_eps_fallback_icc,,44410816.0
QFIN,ok,True,True,True,True,True,forecast_icc,,1007921728.0
QGEN,ok,True,True,True,True,True,forecast_icc,,9164249088.0
QH,failed,True,True,False,False,False,,missing_positive_eps,10948554.0
QLEP,failed,True,True,False,False,False,,missing_positive_eps,300694368.0
QLEP-W,failed,False,False,False,False,False,,missing_price,
QLYS,ok,True,True,True,True,True,forecast_icc,,6160677888.0
QMCO,ok,True,True,True,False,True,forecast_icc,,982885440.0
QMLS,failed,True,True,False,False,False,,missing_positive_eps,203093200.0
QNBC,ok,True,True,False,True,True,trailing_eps_fallback_icc,,279418624.0
QNC,failed,True,True,False,False,False,,missing_positive_eps,373013440.0
QNCX,failed,True,True,False,False,False,,missing_positive_eps,27470872.0
QNME,failed,True,True,False,False,False,,missing_positive_eps,9997763.0
QNRX,failed,True,True,False,False,False,,missing_positive_eps,14079011.0
QNST,ok,True,True,True,True,True,forecast_icc,,1011137344.0
QNT,failed,True,True,False,False,False,,missing_positive_eps,14479432704.0
QNTM,failed,True,True,False,False,False,,missing_positive_eps,23918094.0
QRED,failed,True,True,False,False,False,,missing_positive_eps,161041600.0
QRED-R,failed,False,False,False,False,False,,missing_price,
QRED-U,failed,False,False,False,False,False,,missing_price,
QRHC,ok,True,True,True,False,True,forecast_icc,,29319070.0
QRVO,ok,True,True,True,True,True,forecast_icc,,10543367168.0
QS,failed,True,True,False,False,False,,missing_positive_eps,3180300032.0
QSEA,ok,True,True,False,True,True,trailing_eps_fallback_icc,,107881952.0
QSI,failed,True,True,False,False,False,,missing_positive_eps,168540608.0
QSR,ok,True,True,True,True,True,forecast_icc,,33574952960.0
QTEX,ok,True,True,True,False,True,forecast_icc,,58368700.0
QTI,failed,True,True,False,False,False,,missing_positive_eps,38274512.0
QTRX,failed,True,True,False,False,False,,missing_positive_eps,147554352.0
QTTB,ok,True,True,False,True,True,trailing_eps_fallback_icc,,323296384.0
QTWO,ok,True,True,True,True,True,forecast_icc,,3613454592.0
QUAD,ok,True,True,True,True,True,forecast_icc,,493513920.0
QUBT,failed,True,True,False,False,False,,missing_positive_eps,1910367488.0
QUCY,failed,True,True,False,False,False,,missing_positive_eps,114332744.0
QUIK,ok,True,True,True,False,True,forecast_icc,,192702640.0
QUMS,ok,True,True,False,True,True,trailing_eps_fallback_icc,,117716624.0
QURE,failed,True,True,False,False,False,,missing_positive_eps,3058365184.0
QVCG,failed,True,False,False,False,False,,missing_positive_eps,
QXL,ok,True,True,False,True,True,trailing_eps_fallback_icc,,76017432.0
QXO,ok,True,True,True,False,True,forecast_icc,,12076392448.0
R,ok,True,True,True,True,True,forecast_icc,,9161833472.0
RA,ok,True,True,False,True,True,trailing_eps_fallback_icc,,664713984.0
RAC,failed,True,True,False,False,False,,missing_positive_eps,311157792.0
RAC-U,failed,False,False,False,False,False,,missing_price,
RAC-W,failed,False,False,False,False,False,,missing_price,
RACC,failed,True,True,False,False,False,,missing_positive_eps,100992768.0
RACD,failed,True,True,False,False,False,,missing_positive_eps,109182352.0
RACE,ok,True,True,True,True,True,forecast_icc,,72720113664.0
RADX,failed,True,True,False,False,False,,missing_positive_eps,25013202.0
RAIL,ok,True,True,True,False,True,forecast_icc,,242655472.0
RAIN,failed,True,True,False,False,False,,missing_positive_eps,7985673.0
RAL,ok,True,True,True,False,True,forecast_icc,,7451604480.0
RAMP,ok,True,True,True,True,True,forecast_icc,,2303521792.0
RANG,ok,True,True,False,True,True,trailing_eps_fallback_icc,,72539024.0
RANI,failed,True,True,False,False,False,,missing_positive_eps,119666424.0
RAPP,failed,True,True,False,False,False,,missing_positive_eps,2012689280.0
RARE,ok,True,True,True,False,True,forecast_icc,,1429538688.0
RAVE,ok,True,True,False,True,True,trailing_eps_fallback_icc,,41355660.0
RAY,ok,True,True,False,True,True,trailing_eps_fallback_icc,,16449280.0
RAYA,failed,True,True,False,False,False,,missing_positive_eps,2267626.0
RBA,ok,True,True,True,True,True,forecast_icc,,15571616768.0
RBB,ok,True,True,True,True,True,forecast_icc,,451317920.0
RBBN,ok,True,True,True,True,True,forecast_icc,,298635008.0
RBC,ok,True,True,True,True,True,forecast_icc,,15654546432.0
RBCAA,ok,True,True,True,True,True,forecast_icc,,1841879808.0
RBKB,ok,True,True,False,True,True,trailing_eps_fallback_icc,,201703952.0
RBLX,failed,True,True,False,False,False,,missing_positive_eps,33932857344.0
RBNE,ok,True,True,False,True,True,trailing_eps_fallback_icc,,3337404.0
RBRK,ok,True,True,True,False,True,forecast_icc,,22194493440.0
RC,failed,True,True,False,False,False,,missing_positive_eps,269782912.0
RCAT,failed,True,True,False,False,False,,missing_positive_eps,1083508352.0
RCBC,ok,True,True,True,True,True,forecast_icc,,741308544.0
RCEL,failed,True,True,False,False,False,,missing_positive_eps,346999232.0
RCG,ok,True,False,False,True,True,trailing_eps_fallback_icc,,
RCI,ok,True,True,True,True,True,forecast_icc,,18972710912.0
RCKT,failed,True,True,False,False,False,,missing_positive_eps,384211104.0
RCKY,ok,True,True,True,True,True,forecast_icc,,325748288.0
RCL,ok,True,True,True,True,True,forecast_icc,,66793484288.0
RCMT,ok,True,True,True,True,True,forecast_icc,,288839008.0
RCON,failed,True,True,False,False,False,,missing_positive_eps,584546.0
RCT,failed,True,True,False,False,False,,missing_positive_eps,15297517.0
RCUS,failed,True,True,False,False,False,,missing_positive_eps,3212246528.0
RDAC,ok,True,True,False,True,True,trailing_eps_fallback_icc,,33266258.0
RDAG,failed,True,True,False,False,False,,missing_positive_eps,391312512.0
RDCM,ok,True,True,True,True,True,forecast_icc,,177259408.0
RDDT,ok,True,True,True,True,True,forecast_icc,,29403959296.0
RDGT,failed,True,True,False,False,False,,missing_positive_eps,3339539.0
RDHL,ok,True,True,True,False,True,forecast_icc,,3604769.0
RDI,failed,True,True,False,False,False,,missing_positive_eps,46466960.0
RDIB,failed,True,True,False,False,False,,missing_positive_eps,363953024.0
RDN,ok,True,True,True,True,True,forecast_icc,,4604085760.0
RDNT,ok,True,True,True,False,True,forecast_icc,,6121111552.0
RDNW,ok,True,True,True,False,True,forecast_icc,,221192864.0
RDVT,ok,True,True,True,True,True,forecast_icc,,1237542784.0
RDW,failed,True,True,False,False,False,,missing_positive_eps,2887414784.0
RDWR,ok,True,True,True,True,True,forecast_icc,,1285619968.0
RDY,ok,True,True,True,True,True,forecast_icc,,10154130432.0
RDZN,ok,True,True,True,True,True,forecast_icc,,102198080.0
REA,failed,True,True,False,False,False,,missing_positive_eps,222485888.0
REAL,ok,True,True,True,False,True,forecast_icc,,1151008768.0
REAX,failed,True,True,False,False,False,,missing_positive_eps,383799648.0
REBN,failed,True,True,False,False,False,,missing_positive_eps,7190044.0
RECT,ok,True,True,False,True,True,trailing_eps_fallback_icc,,20204988.0
REED,failed,True,True,False,False,False,,missing_positive_eps,9367098.0
REF,ok,True,True,True,True,True,forecast_icc,,904504384.0
REFI,ok,True,True,True,True,True,forecast_icc,,285675776.0
REFR,failed,True,True,False,False,False,,missing_positive_eps,13476399.0
REG,ok,True,True,True,True,True,forecast_icc,,13670423552.0
REGN,ok,True,True,True,True,True,forecast_icc,,81277820928.0
REI,ok,True,True,True,False,True,forecast_icc,,380387840.0
REKR,failed,True,True,False,False,False,,missing_positive_eps,59142400.0
RELL,ok,True,True,True,True,True,forecast_icc,,247935168.0
RELX,ok,True,True,True,True,True,forecast_icc,,59796492288.0
RELY,ok,True,True,True,True,True,forecast_icc,,4599894016.0
RENT,ok,True,True,False,True,True,trailing_eps_fallback_icc,,65484552.0
RENX,failed,True,True,False,False,False,,missing_positive_eps,4181010.0
REPL,failed,True,True,False,False,False,,missing_positive_eps,1212606592.0
REPX,ok,True,True,True,True,True,forecast_icc,,939651520.0
RERE,ok,True,True,True,True,True,forecast_icc,,872674048.0
RES,ok,True,True,True,True,True,forecast_icc,,1314425984.0
RETO,failed,True,True,False,False,False,,missing_positive_eps,1770207.0
REVB,ok,True,True,False,True,True,trailing_eps_fallback_icc,,3784245.0
REX,ok,True,True,True,True,True,forecast_icc,,1417926912.0
REXR,ok,True,True,True,False,True,forecast_icc,,8786422784.0
REYN,ok,True,True,True,True,True,forecast_icc,,4782847488.0
REZI,ok,True,True,True,True,True,forecast_icc,,2812213504.0
RF,ok,True,True,True,True,True,forecast_icc,,24262952960.0
RFAI,ok,True,True,False,True,True,trailing_eps_fallback_icc,,343095616.0
RFAM,failed,True,True,False,False,False,,missing_positive_eps,139194000.0
RFI,ok,True,True,False,True,True,trailing_eps_fallback_icc,,291434240.0
RFIL,ok,True,True,True,True,True,forecast_icc,,86022744.0
RFL,failed,True,True,False,False,False,,missing_positive_eps,107119992.0
RFM,ok,True,True,False,True,True,trailing_eps_fallback_icc,,83282200.0
RFMZ,ok,True,True,False,True,True,trailing_eps_fallback_icc,,302205280.0
RGA,ok,True,True,True,True,True,forecast_icc,,16049189888.0
RGC,failed,True,False,False,False,False,,missing_positive_eps,
RGCO,ok,True,True,True,True,True,forecast_icc,,225843872.0
RGEN,ok,True,True,True,True,True,forecast_icc,,10056263680.0
RGLD,ok,True,True,True,True,True,forecast_icc,,21304819712.0
RGNT,failed,True,True,False,False,False,,missing_positive_eps,12291862.0
RGNX,failed,True,True,False,False,False,,missing_positive_eps,542298368.0
RGP,failed,True,True,False,False,False,,missing_positive_eps,136741184.0
RGR,ok,True,True,True,True,True,forecast_icc,,641367168.0
RGS,ok,True,False,True,True,True,forecast_icc,,
RGT,ok,True,True,False,True,True,trailing_eps_fallback_icc,,94176944.0
RGTI,failed,True,True,False,False,False,,missing_positive_eps,5336962048.0
RGTIW,failed,True,False,False,False,False,,missing_positive_eps,
RH,ok,True,True,True,True,True,forecast_icc,,2401103360.0
RHI,ok,True,True,True,True,True,forecast_icc,,3812977920.0
RHLD,ok,True,True,False,True,True,trailing_eps_fallback_icc,,922164864.0
RHP,ok,True,True,True,True,True,forecast_icc,,8320195072.0
RIBB,ok,True,True,False,True,True,trailing_eps_fallback_icc,,37149636.0
RICK,ok,True,True,True,False,True,forecast_icc,,217715360.0
RIG,ok,True,True,True,False,True,forecast_icc,,6321541120.0
RIGL,ok,True,True,True,True,True,forecast_icc,,856471744.0
RILY,ok,True,True,False,True,True,trailing_eps_fallback_icc,,242002528.0
RIME,failed,True,True,False,False,False,,missing_positive_eps,3674966.0
RIO,ok,True,True,True,True,True,forecast_icc,,159448285184.0
RIOT,failed,True,True,False,False,False,,missing_positive_eps,8210665472.0
RITM,ok,True,True,True,True,True,forecast_icc,,5299282432.0
RITR,failed,True,True,False,False,False,,missing_positive_eps,4751969.0
RIV,ok,True,True,False,True,True,trailing_eps_fallback_icc,,287048768.0
RIVN,failed,True,True,False,False,False,,missing_positive_eps,22297053184.0
RJET,ok,True,True,False,True,True,trailing_eps_fallback_icc,,809509184.0
RJF,ok,True,True,True,True,True,forecast_icc,,31460216832.0
RKDA,failed,True,True,False,False,False,,missing_positive_eps,1150398.0
RKLB,ok,True,True,True,False,True,forecast_icc,,43364855808.0
RKT,ok,True,True,True,False,True,forecast_icc,,35593744384.0
RKTO,failed,True,True,False,False,False,,missing_positive_eps,19669088.0
RL,ok,True,True,True,True,True,forecast_icc,,19845652480.0
RLAY,failed,True,True,False,False,False,,missing_positive_eps,4205328128.0
RLGT,ok,True,True,True,True,True,forecast_icc,,416890080.0
RLI,ok,True,True,True,True,True,forecast_icc,,5545840640.0
RLJ,ok,True,True,True,True,True,forecast_icc,,1670831616.0
RLMD,failed,True,True,False,False,False,,missing_positive_eps,448013344.0
RLTY,ok,True,True,False,True,True,trailing_eps_fallback_icc,,244648800.0
RLX,ok,True,True,True,True,True,forecast_icc,,2102277888.0
RLYB,ok,True,True,False,True,True,trailing_eps_fallback_icc,,91163944.0
RM,ok,True,True,True,True,True,forecast_icc,,296147968.0
RMBI,ok,True,True,False,True,True,trailing_eps_fallback_icc,,259168304.0
RMBS,ok,True,True,True,True,True,forecast_icc,,9313597440.0
RMCF,ok,True,True,True,False,True,forecast_icc,,8118045.0
RMCO,ok,True,True,True,False,True,forecast_icc,,39449040.0
RMD,ok,True,True,True,True,True,forecast_icc,,32950110208.0
RMI,ok,True,True,False,True,True,trailing_eps_fallback_icc,,93616496.0
RMIX,ok,True,True,True,True,True,forecast_icc,,1300464128.0
RML,failed,True,True,False,False,False,,missing_positive_eps,15796363264.0
RMM,ok,True,True,False,True,True,trailing_eps_fallback_icc,,265695392.0
RMMZ,ok,True,True,False,True,True,trailing_eps_fallback_icc,,118031800.0
RMNI,ok,True,True,True,True,True,forecast_icc,,407032160.0
RMR,ok,True,True,True,True,True,forecast_icc,,322303872.0
RMSG,failed,True,True,False,False,False,,missing_positive_eps,4430215.0
RMT,ok,True,True,False,True,True,trailing_eps_fallback_icc,,725624256.0
RMTI,ok,True,True,True,False,True,forecast_icc,,31880978.0
RNA,failed,True,True,False,False,False,,missing_positive_eps,163529968.0
RNAC,failed,True,True,False,False,False,,missing_positive_eps,237807072.0
RNAQ,failed,True,True,False,False,False,,missing_positive_eps,111459680.0
RNAZ,failed,True,True,False,False,False,,missing_positive_eps,1820587.0
RNG,ok,True,True,True,True,True,forecast_icc,,6244590592.0
RNGR,ok,True,True,True,True,True,forecast_icc,,386367424.0
RNGT,failed,True,True,False,False,False,,missing_positive_eps,318592224.0
RNP,ok,True,True,False,True,True,trailing_eps_fallback_icc,,938401536.0
RNR,ok,True,True,True,True,True,forecast_icc,,13661430784.0
RNST,ok,True,True,True,True,True,forecast_icc,,3703708928.0
RNTX,failed,True,True,False,False,False,,missing_positive_eps,68081944.0
RNW,ok,True,True,True,True,True,forecast_icc,,2493598208.0
RNXT,failed,True,True,False,False,False,,missing_positive_eps,78074048.0
ROAD,ok,True,True,True,True,True,forecast_icc,,5370210816.0
ROC,failed,True,True,False,False,False,,missing_positive_eps,84524960.0
ROCK,ok,True,True,True,True,True,forecast_icc,,1303048192.0
ROG,ok,True,True,True,True,True,forecast_icc,,2338786560.0
ROIV,failed,True,True,False,False,False,,missing_positive_eps,28878473216.0
ROK,ok,True,True,True,True,True,forecast_icc,,45627883520.0
ROKU,ok,True,True,True,True,True,forecast_icc,,22882519040.0
ROL,ok,True,True,True,True,True,forecast_icc,,15877798912.0
ROLR,ok,True,True,False,True,True,trailing_eps_fallback_icc,,68933208.0
ROMA,failed,True,True,False,False,False,,missing_positive_eps,550376640.0
ROOT,ok,True,True,True,True,True,forecast_icc,,786902272.0
ROP,ok,True,True,True,True,True,forecast_icc,,37064093696.0
ROST,ok,True,True,True,True,True,forecast_icc,,73612845056.0
RPAY,ok,True,True,True,False,True,forecast_icc,,348328352.0
RPC,ok,True,True,True,True,True,forecast_icc,,877497984.0
RPD,ok,True,True,True,True,True,forecast_icc,,836441920.0
RPGL,ok,True,True,False,True,True,trailing_eps_fallback_icc,,23898876.0
RPID,failed,True,True,False,False,False,,missing_positive_eps,54673916.0
RPM,ok,True,True,True,True,True,forecast_icc,,12659633152.0
RPRX,ok,True,True,True,True,True,forecast_icc,,34051844096.0
RPT,ok,True,True,True,False,True,forecast_icc,,92260336.0
RQI,ok,True,True,False,True,True,trailing_eps_fallback_icc,,1542916224.0
RR,ok,True,True,False,True,True,trailing_eps_fallback_icc,,384924320.0
RRBI,ok,True,True,True,True,True,forecast_icc,,672303040.0
RRC,ok,True,True,True,True,True,forecast_icc,,9136869376.0
RREV,failed,True,True,False,False,False,,missing_positive_eps,330333312.0
RRGB,ok,True,True,True,False,True,forecast_icc,,137430272.0
RRR,ok,True,True,True,True,True,forecast_icc,,5383932416.0
RRX,ok,True,True,True,True,True,forecast_icc,,9848302592.0
RS,ok,True,True,True,True,True,forecast_icc,,20450412544.0
RSF,ok,True,True,True,True,True,forecast_icc,,49800444.0
RSG,ok,True,True,True,True,True,forecast_icc,,67039207424.0
RSI,ok,True,True,True,True,True,forecast_icc,,6167237120.0
RSKD,ok,True,True,True,False,True,forecast_icc,,833158080.0
RSSS,ok,True,True,True,True,True,forecast_icc,,70563976.0
RSVR,ok,True,True,True,True,True,forecast_icc,,615793152.0
RTAC,ok,True,True,False,True,True,trailing_eps_fallback_icc,,398903424.0
RTB,failed,True,True,False,False,False,,missing_positive_eps,125696632.0
RTO,ok,True,True,True,True,True,forecast_icc,,10940610560.0
RTX,ok,True,True,True,True,True,forecast_icc,,260845092864.0
RUBI,failed,True,True,False,False,False,,missing_positive_eps,2561710.0
RUM,failed,True,True,False,False,False,,missing_positive_eps,4407752704.0
RUN,ok,True,True,True,True,True,forecast_icc,,2081342592.0
RUSHA,ok,True,True,True,True,True,forecast_icc,,5799166976.0
RUSHB,ok,True,True,False,True,True,trailing_eps_fallback_icc,,6653633536.0
RVI,failed,True,True,False,False,False,,missing_positive_eps,756382720.0
RVII,failed,True,True,False,False,False,,missing_positive_eps,181760000.0
RVLV,ok,True,True,True,True,True,forecast_icc,,1487107072.0
RVMD,failed,True,True,False,False,False,,missing_positive_eps,42211414016.0
RVP,failed,True,True,False,False,False,,missing_positive_eps,21087736.0
RVSB,ok,True,True,True,False,True,forecast_icc,,115329416.0
RVSN,failed,True,True,False,False,False,,missing_positive_eps,8030278.0
RVT,ok,True,True,False,True,True,trailing_eps_fallback_icc,,2166897664.0
RVTY,ok,True,True,True,True,True,forecast_icc,,16373071872.0
RWAY,ok,True,True,True,True,True,forecast_icc,,280377248.0
RXO,ok,True,True,True,False,True,forecast_icc,,3323261440.0
RXRX,failed,True,True,False,False,False,,missing_positive_eps,1898399616.0
RXST,failed,True,True,False,False,False,,missing_positive_eps,221276128.0
RXT,ok,True,True,True,False,True,forecast_icc,,999101568.0
RY,ok,True,True,True,True,True,forecast_icc,,281828392960.0
RYAAY,ok,True,True,True,True,True,forecast_icc,,27722543104.0
RYAM,ok,True,True,True,False,True,forecast_icc,,566858496.0
RYAN,ok,True,True,True,True,True,forecast_icc,,10261010432.0
RYDE,failed,True,True,False,False,False,,missing_positive_eps,126032256.0
RYET,failed,True,True,False,False,False,,missing_positive_eps,33175476.0
RYM,failed,True,True,False,False,False,,missing_positive_eps,48935644.0
RYN,ok,True,True,True,True,True,forecast_icc,,5984990720.0
RYOJ,ok,True,True,False,True,True,trailing_eps_fallback_icc,,43023748.0
RYTM,failed,True,True,False,False,False,,missing_positive_eps,6817732608.0
RYZ,ok,True,True,True,False,True,forecast_icc,,1280858752.0
RZLT,failed,True,True,False,False,False,,missing_positive_eps,380354688.0
RZLV,failed,True,True,False,False,False,,missing_positive_eps,905338624.0
S,ok,True,True,True,False,True,forecast_icc,,8071259136.0
SA,ok,True,True,False,True,True,trailing_eps_fallback_icc,,3331063040.0
SAAQ,failed,True,True,False,False,False,,missing_positive_eps,392531968.0
SABR,ok,True,True,True,False,True,forecast_icc,,936313024.0
SABS,ok,True,True,False,True,True,trailing_eps_fallback_icc,,318452288.0
SAC,failed,True,True,False,False,False,,missing_positive_eps,316803360.0
SAC-U,failed,False,False,False,False,False,,missing_price,
SAC-W,failed,False,False,False,False,False,,missing_price,
SACH,ok,True,True,True,False,True,forecast_icc,,46031652.0
SAFE,ok,True,True,True,True,True,forecast_icc,,960268800.0
SAFT,ok,True,True,True,True,True,forecast_icc,,1519870336.0
SAFX,failed,True,True,False,False,False,,missing_positive_eps,191036576.0
SAGT,ok,True,True,False,True,True,trailing_eps_fallback_icc,,13240500.0
SAGU,failed,True,True,False,False,False,,missing_positive_eps,162249616.0
SAGU-R,failed,False,False,False,False,False,,missing_price,
SAGU-U,failed,False,False,False,False,False,,missing_price,
SAGU-W,failed,False,False,False,False,False,,missing_price,
SAH,ok,True,True,True,True,True,forecast_icc,,2084996096.0
SAIA,ok,True,True,True,True,True,forecast_icc,,9093625856.0
SAIC,ok,True,True,True,True,True,forecast_icc,,5599618560.0
SAIH,failed,True,True,False,False,False,,missing_positive_eps,47273524.0
SAIL,ok,True,True,True,False,True,forecast_icc,,11526706176.0
SAM,ok,True,True,True,False,True,forecast_icc,,1770169088.0
SAMG,ok,True,True,True,True,True,forecast_icc,,74893560.0
SAMO,failed,True,True,False,False,False,,missing_positive_eps,282037504.0
SAMO-U,failed,False,False,False,False,False,,missing_price,
SAMO-W,failed,False,False,False,False,False,,missing_price,
SAN,ok,True,True,True,True,True,forecast_icc,,215103488000.0
SANA,failed,True,True,False,False,False,,missing_positive_eps,928017984.0
SANG,ok,True,True,True,False,True,forecast_icc,,116259456.0
SANM,ok,True,True,True,True,True,forecast_icc,,10508297216.0
SAP,ok,True,True,True,True,True,forecast_icc,,246607298560.0
SAR,ok,True,True,True,True,True,forecast_icc,,287205184.0
SARO,ok,True,True,True,True,True,forecast_icc,,7458924032.0
SATL,failed,True,True,False,False,False,,missing_positive_eps,847106880.0
SB,ok,True,True,True,True,True,forecast_icc,,917519616.0
SBAC,ok,True,True,True,True,True,forecast_icc,,19215740928.0
SBC,ok,True,True,True,True,True,forecast_icc,,482352160.0
SBCF,ok,True,True,True,True,True,forecast_icc,,3258087424.0
SBET,ok,True,True,True,False,True,forecast_icc,,1794267008.0
SBFG,ok,True,True,True,True,True,forecast_icc,,183900496.0
SBFM,ok,True,True,True,False,True,forecast_icc,,3261228.0
SBGI,ok,True,True,True,True,True,forecast_icc,,982173568.0
SBH,ok,True,True,True,True,True,forecast_icc,,1480168448.0
SBI,ok,True,True,True,True,True,forecast_icc,,102941728.0
SBLK,ok,True,True,True,True,True,forecast_icc,,3685266432.0
SBMT,failed,True,True,False,False,False,,missing_positive_eps,230027008.0
SBR,ok,True,True,False,True,True,trailing_eps_fallback_icc,,1071436032.0
SBRA,ok,True,True,True,True,True,forecast_icc,,5147574272.0
SBS,ok,True,True,True,True,True,forecast_icc,,18567612416.0
SBSI,ok,True,True,True,True,True,forecast_icc,,940143744.0
SBSW,ok,True,True,True,True,True,forecast_icc,,8716612608.0
SBUX,ok,True,True,True,True,True,forecast_icc,,110203797504.0
SBXD,ok,True,True,False,True,True,trailing_eps_fallback_icc,,276823136.0
SBXD-U,failed,False,False,False,False,False,,missing_price,
SBXD-W,failed,False,False,False,False,False,,missing_price,
SBXE,failed,True,True,False,False,False,,missing_positive_eps,350766432.0
SBXE-U,failed,False,False,False,False,False,,missing_price,
SBXE-W,failed,False,False,False,False,False,,missing_price,
SCAG,failed,True,True,False,False,False,,missing_positive_eps,18370244.0
SCCO,ok,True,True,True,True,True,forecast_icc,,165584240640.0
SCD,ok,True,True,False,True,True,trailing_eps_fallback_icc,,349779776.0
SCHL,ok,True,True,True,True,True,forecast_icc,,659435648.0
SCHW,ok,True,True,True,True,True,forecast_icc,,180940390400.0
SCI,ok,True,True,True,True,True,forecast_icc,,10772487168.0
SCII,failed,True,True,False,False,False,,missing_positive_eps,252464272.0
SCKT,ok,True,True,True,False,True,forecast_icc,,4245341.0
SCL,ok,True,True,True,False,True,forecast_icc,,1427986688.0
SCLX,ok,True,True,True,False,True,forecast_icc,,37776536.0
SCM,ok,True,True,True,True,True,forecast_icc,,229263488.0
SCNI,ok,True,True,False,True,True,trailing_eps_fallback_icc,,1097681.0
SCNX,failed,True,True,False,False,False,,missing_positive_eps,12861290.0
SCOR,ok,True,True,False,True,True,trailing_eps_fallback_icc,,77591904.0
SCPQ,failed,True,True,False,False,False,,missing_positive_eps,137243824.0
SCSC,ok,True,True,True,True,True,forecast_icc,,1161233152.0
SCTX,failed,True,True,False,False,False,,missing_positive_eps,608464192.0
SCWO,failed,True,True,False,False,False,,missing_positive_eps,57584020.0
SCYX,failed,True,True,False,False,False,,missing_positive_eps,44275760.0
SCZM,ok,True,True,True,True,True,forecast_icc,,829473408.0
SD,ok,True,True,True,True,True,forecast_icc,,529805984.0
SDA,ok,True,True,True,False,True,forecast_icc,,50270212.0
SDEV,failed,True,True,False,False,False,,missing_positive_eps,42577704.0
SDGR,failed,True,True,False,False,False,,missing_positive_eps,2262122240.0
SDHC,ok,True,True,True,True,True,forecast_icc,,86022960.0
SDHI,ok,True,True,False,True,True,trailing_eps_fallback_icc,,366844128.0
SDHY,ok,True,True,False,True,True,trailing_eps_fallback_icc,,380705248.0
SDOT,ok,True,True,True,False,True,forecast_icc,,17705256.0
SDRL,ok,True,True,True,True,True,forecast_icc,,3008868864.0
SDST,failed,True,True,False,False,False,,missing_positive_eps,3654221.0
SE,ok,True,True,True,True,True,forecast_icc,,62026309632.0
SEAT,failed,True,True,False,False,False,,missing_positive_eps,46988192.0
SEB,ok,True,True,False,True,True,trailing_eps_fallback_icc,,4069632512.0
SECZ,failed,True,True,False,False,False,,missing_positive_eps,1457962624.0
SEDG,ok,True,True,True,False,True,forecast_icc,,2214926848.0
SEED,failed,True,True,False,False,False,,missing_positive_eps,11586394.0
SEER,failed,True,True,False,False,False,,missing_positive_eps,106314272.0
SEG,ok,True,True,True,False,True,forecast_icc,,314217920.0
SEGG,failed,True,True,False,False,False,,missing_positive_eps,9908840.0
SEI,ok,True,True,True,True,True,forecast_icc,,6965356544.0
SEIC,ok,True,True,True,True,True,forecast_icc,,12584010752.0
SELF,ok,True,True,True,True,True,forecast_icc,,57678172.0
SENEA,ok,True,True,True,True,True,forecast_icc,,1244883840.0
SENEB,ok,True,True,False,True,True,trailing_eps_fallback_icc,,1274335488.0
SENS,failed,True,True,False,False,False,,missing_positive_eps,498602336.0
SEPN,failed,True,True,False,False,False,,missing_positive_eps,1843739392.0
SER,failed,True,True,False,False,False,,missing_positive_eps,56389048.0
SERA,failed,True,True,False,False,False,,missing_positive_eps,81660384.0
SERV,failed,True,True,False,False,False,,missing_positive_eps,372842272.0
SES,failed,True,True,False,False,False,,missing_positive_eps,197524896.0
SEV,failed,True,True,False,False,False,,missing_positive_eps,84735128.0
SEVN,ok,True,True,True,True,True,forecast_icc,,167658880.0
SEZL,ok,True,True,True,True,True,forecast_icc,,3807970816.0
SF,ok,True,True,True,True,True,forecast_icc,,11402140672.0
SFBC,ok,True,True,False,True,True,trailing_eps_fallback_icc,,124498720.0
SFBS,ok,True,True,True,True,True,forecast_icc,,4477678592.0
SFD,ok,True,True,True,True,True,forecast_icc,,7792657920.0
SFHG,failed,True,True,False,False,False,,missing_positive_eps,9865800.0
SFIX,failed,True,True,False,False,False,,missing_positive_eps,388269248.0
SFL,ok,True,True,True,True,True,forecast_icc,,1906716416.0
SFM,ok,True,True,True,True,True,forecast_icc,,6493764608.0
SFNC,ok,True,True,True,False,True,forecast_icc,,3305753088.0
SFST,ok,True,True,True,True,True,forecast_icc,,585449216.0
SFWL,ok,True,True,False,True,True,trailing_eps_fallback_icc,,49471008.0
SG,ok,True,True,False,True,True,trailing_eps_fallback_icc,,814242624.0
SGA,ok,True,True,True,False,True,forecast_icc,,57984848.0
SGC,ok,True,True,True,True,True,forecast_icc,,198517744.0
SGHC,ok,True,True,True,True,True,forecast_icc,,6503383040.0
SGHT,failed,True,True,False,False,False,,missing_positive_eps,445110976.0
SGI,ok,True,True,True,True,True,forecast_icc,,13682171904.0
SGLD,ok,True,True,False,True,True,trailing_eps_fallback_icc,,74079144.0
SGLY,failed,True,True,False,False,False,,missing_positive_eps,6160318.0
SGML,ok,True,True,True,False,True,forecast_icc,,999606592.0
SGMT,failed,True,True,False,False,False,,missing_positive_eps,694312128.0
SGP,failed,True,True,False,False,False,,missing_positive_eps,981029248.0
SGRX,failed,True,True,False,False,False,,missing_positive_eps,1348981.0
SGRY,ok,True,True,True,False,True,forecast_icc,,1747758720.0
SGU,ok,True,True,True,True,True,forecast_icc,,418014880.0
SHAK,ok,True,True,True,True,True,forecast_icc,,2390203392.0
SHAZ,failed,True,True,False,False,False,,missing_positive_eps,2030953728.0
SHBI,ok,True,True,True,True,True,forecast_icc,,772901888.0
SHC,ok,True,True,True,True,True,forecast_icc,,5407852544.0
SHEL,ok,True,True,True,True,True,forecast_icc,,273812897792.0
SHEN,failed,True,True,False,False,False,,missing_positive_eps,635032896.0
SHFS,failed,True,True,False,False,False,,missing_positive_eps,2128668.0
SHG,ok,True,True,True,True,True,forecast_icc,,38902812672.0
SHIM,ok,True,True,True,False,True,forecast_icc,,143848672.0
SHIP,ok,True,True,True,True,True,forecast_icc,,407578784.0
SHLS,ok,True,True,True,True,True,forecast_icc,,1287494656.0
SHMD,ok,True,True,True,False,True,forecast_icc,,233494512.0
SHO,ok,True,True,True,True,True,forecast_icc,,2050961536.0
SHOE,ok,True,True,True,True,True,forecast_icc,,359913728.0
SHOO,ok,True,True,True,True,True,forecast_icc,,3058802432.0
SHOP,ok,True,True,True,True,True,forecast_icc,,166878396416.0
SHOT,failed,True,True,False,False,False,,missing_positive_eps,286405184.0
SHPH,ok,True,True,False,True,True,trailing_eps_fallback_icc,,1977736.0
SHW,ok,True,True,True,True,True,forecast_icc,,77910802432.0
SI,failed,True,True,False,False,False,,missing_positive_eps,370577408.0
SIBN,failed,True,True,False,False,False,,missing_positive_eps,808527168.0
SID,ok,True,True,True,False,True,forecast_icc,,1564790784.0
SIDU,failed,True,True,False,False,False,,missing_positive_eps,204475168.0
SIEB,failed,True,True,False,False,False,,missing_positive_eps,95187680.0
SIF,ok,True,False,False,True,True,trailing_eps_fallback_icc,,
SIFY,ok,True,True,True,False,True,forecast_icc,,999597696.0
SIG,ok,True,True,True,True,True,forecast_icc,,3887284224.0
SIGA,ok,True,True,True,False,True,forecast_icc,,219141616.0
SIGI,ok,True,True,True,True,True,forecast_icc,,5189661696.0
SII,ok,True,True,True,True,True,forecast_icc,,3222760448.0
SILC,ok,True,True,True,False,True,forecast_icc,,261516304.0
SILO,failed,True,True,False,False,False,,missing_positive_eps,3015590.0
SIM,ok,True,True,False,True,True,trailing_eps_fallback_icc,,4218616832.0
SIMA,ok,True,True,False,True,True,trailing_eps_fallback_icc,,90413784.0
SIMO,ok,True,True,True,True,True,forecast_icc,,8588833792.0
SIND,failed,True,True,False,False,False,,missing_positive_eps,2364396288.0
SINT,failed,True,True,False,False,False,,missing_positive_eps,11196417.0
SION,failed,True,True,False,False,False,,missing_positive_eps,324179360.0
SIRI,ok,True,True,True,True,True,forecast_icc,,9350235136.0
SITC,ok,True,True,False,True,True,trailing_eps_fallback_icc,,153752752.0
SITE,ok,True,True,True,True,True,forecast_icc,,3889695488.0
SITM,ok,True,True,True,True,True,forecast_icc,,17931372544.0
SJ,failed,True,True,False,False,False,,missing_positive_eps,28874682.0
SJM,ok,True,True,True,True,True,forecast_icc,,13219368960.0
SJT,failed,True,False,False,False,False,,missing_positive_eps,
SKE,failed,True,True,False,False,False,,missing_positive_eps,3921964032.0
SKHY,ok,True,True,True,True,True,forecast_icc,,1298963496960.0
SKIL,ok,True,True,True,False,True,forecast_icc,,57605808.0
SKIN,ok,True,True,True,False,True,forecast_icc,,88508736.0
SKK,failed,True,True,False,False,False,,missing_positive_eps,16278050.0
SKM,ok,True,True,True,True,True,forecast_icc,,13643452416.0
SKT,ok,True,True,True,True,True,forecast_icc,,4273622784.0
SKWD,ok,True,True,True,True,True,forecast_icc,,2512841472.0
SKY,ok,True,True,True,True,True,forecast_icc,,4621953536.0
SKYA,failed,True,True,False,False,False,,missing_positive_eps,59249080.0
SKYE,failed,True,True,False,False,False,,missing_positive_eps,6951451.0
SKYH,failed,True,True,False,False,False,,missing_positive_eps,823641728.0
SKYH-W,failed,False,False,False,False,False,,missing_price,
SKYQ,ok,True,True,False,True,True,trailing_eps_fallback_icc,,25528498.0
SKYW,ok,True,True,True,True,True,forecast_icc,,3713929216.0
SKYX,failed,True,True,False,False,False,,missing_positive_eps,170643056.0
SLAB,ok,True,True,True,False,True,forecast_icc,,7330677248.0
SLB,ok,True,True,True,True,True,forecast_icc,,77294182400.0
SLBT,failed,True,True,False,False,False,,missing_positive_eps,1048620736.0
SLDB,failed,True,True,False,False,False,,missing_positive_eps,951087872.0
SLDE,ok,True,True,True,True,True,forecast_icc,,2920293120.0
SLDP,failed,True,True,False,False,False,,missing_positive_eps,580721216.0
SLE,ok,True,True,False,True,True,trailing_eps_fallback_icc,,214150784.0
SLF,ok,True,True,True,True,True,forecast_icc,,44982472704.0
SLG,failed,True,True,False,False,False,,missing_positive_eps,4016722432.0
SLGB,failed,True,True,False,False,False,,missing_positive_eps,14400000.0
SLGL,failed,True,True,False,False,False,,missing_positive_eps,211303904.0
SLGN,ok,True,True,True,True,True,forecast_icc,,4015916544.0
SLI,failed,True,True,False,False,False,,missing_positive_eps,515778880.0
SLM,ok,True,True,True,True,True,forecast_icc,,4698120192.0
SLMT,failed,True,True,False,False,False,,missing_positive_eps,32257232.0
SLN,failed,True,True,False,False,False,,missing_positive_eps,789356928.0
SLND,ok,True,True,True,False,True,forecast_icc,,31338376.0
SLNG,failed,True,True,False,False,False,,missing_positive_eps,96886720.0
SLNH,failed,True,True,False,False,False,,missing_positive_eps,291062784.0
SLP,ok,True,True,True,True,True,forecast_icc,,372946016.0
SLQT,ok,True,True,True,False,True,forecast_icc,,82689200.0
SLS,failed,True,True,False,False,False,,missing_positive_eps,2328433920.0
SLSN,failed,True,True,False,False,False,,missing_positive_eps,58135456.0
SLSR,failed,True,True,False,False,False,,missing_positive_eps,1227976320.0
SLVM,ok,True,True,True,True,True,forecast_icc,,1463176960.0
SLXN,failed,True,True,False,False,False,,missing_positive_eps,2112897.0
SM,ok,True,True,True,True,True,forecast_icc,,8793464832.0
SMA,ok,True,True,True,True,True,forecast_icc,,1809455744.0
SMBC,ok,True,True,True,True,True,forecast_icc,,797251264.0
SMBK,ok,True,True,True,True,True,forecast_icc,,888265664.0
SMC,failed,True,True,False,False,False,,missing_positive_eps,447554080.0
SMCI,ok,True,True,True,True,True,forecast_icc,,26508552192.0
SMFG,ok,True,True,True,True,True,forecast_icc,,169204842496.0
SMG,ok,True,True,True,True,True,forecast_icc,,3139819264.0
SMHI,failed,True,True,False,False,False,,missing_positive_eps,255591216.0
SMID,ok,True,True,False,True,True,trailing_eps_fallback_icc,,129909800.0
SMJF,failed,True,True,False,False,False,,missing_positive_eps,29367298.0
SMMT,failed,True,True,False,False,False,,missing_positive_eps,14136123392.0
SMP,ok,True,True,True,True,True,forecast_icc,,832846080.0
SMPL,ok,True,True,True,False,True,forecast_icc,,888834176.0
SMR,failed,True,True,False,False,False,,missing_positive_eps,3709921280.0
SMRT,failed,True,True,False,False,False,,missing_positive_eps,222269680.0
SMSI,ok,True,True,True,False,True,forecast_icc,,16546045.0
SMTC,ok,True,True,True,True,True,forecast_icc,,16629693440.0
SMTI,ok,True,True,True,False,True,forecast_icc,,321397472.0
SMTK,failed,True,True,False,False,False,,missing_positive_eps,1334049.0
SMWB,ok,True,True,True,False,True,forecast_icc,,735994176.0
SMX,failed,True,True,False,False,False,,missing_positive_eps,18397474.0
SMXT,failed,True,True,False,False,False,,missing_positive_eps,10622562.0
SN,ok,True,True,True,True,True,forecast_icc,,23515027456.0
SNA,ok,True,True,True,True,True,forecast_icc,,19222833152.0
SNAL,ok,True,True,True,False,True,forecast_icc,,23105992.0
SNAP,ok,True,True,True,False,True,forecast_icc,,9555267584.0
SND,ok,True,True,True,True,True,forecast_icc,,223867040.0
SNDA,failed,True,True,False,False,False,,missing_positive_eps,1861379328.0
SNDK,ok,True,True,True,True,True,forecast_icc,,236377391104.0
SNDL,ok,True,True,True,False,True,forecast_icc,,334724352.0
SNDR,ok,True,True,True,True,True,forecast_icc,,5707797504.0
SNDX,failed,True,True,False,False,False,,missing_positive_eps,1578772480.0
SNES,failed,True,True,False,False,False,,missing_positive_eps,4401843.0
SNEX,ok,True,True,True,True,True,forecast_icc,,7976384512.0
SNFCA,ok,True,True,False,True,True,trailing_eps_fallback_icc,,225282048.0
SNGX,failed,True,True,False,False,False,,missing_positive_eps,8164231.0
SNN,ok,True,True,True,True,True,forecast_icc,,11626355712.0
SNOA,failed,True,True,False,False,False,,missing_positive_eps,6033415.0
SNOW,ok,True,True,True,False,True,forecast_icc,,119383998464.0
SNPS,ok,True,True,True,True,True,forecast_icc,,73046138880.0
SNSC,ok,True,True,False,True,True,trailing_eps_fallback_icc,,46863000.0
SNT,ok,True,True,False,True,True,trailing_eps_fallback_icc,,37213984.0
SNTG,failed,True,True,False,False,False,,missing_positive_eps,4980574.0
SNTI,failed,True,True,False,False,False,,missing_positive_eps,9748308.0
SNWV,ok,True,True,False,True,True,trailing_eps_fallback_icc,,35527536.0
SNX,ok,True,False,True,True,True,forecast_icc,,
SNY,ok,True,True,True,True,True,forecast_icc,,103369367552.0
SNYR,ok,True,True,True,False,True,forecast_icc,,1348439.0
SO,ok,True,True,True,True,True,forecast_icc,,99805495296.0
SOAR,failed,True,True,False,False,False,,missing_positive_eps,9825611.0
SOBO,ok,True,True,True,True,True,forecast_icc,,7461197312.0
SOBR,failed,True,True,False,False,False,,missing_positive_eps,1093603.0
SOC,ok,True,True,True,False,True,forecast_icc,,834632576.0
SOCA,failed,True,True,False,False,False,,missing_positive_eps,242707504.0
SOFI,ok,True,True,True,True,True,forecast_icc,,21607970816.0
SOGP,ok,True,True,False,True,True,trailing_eps_fallback_icc,,49470460.0
SOHU,ok,True,True,False,True,True,trailing_eps_fallback_icc,,403628000.0
SOLS,ok,True,True,True,True,True,forecast_icc,,9340225536.0
SOLV,ok,True,True,True,True,True,forecast_icc,,14899682304.0
SON,ok,True,True,True,True,True,forecast_icc,,4827077632.0
SONM,ok,True,True,True,False,True,forecast_icc,,4405856.0
SONO,ok,True,True,True,True,True,forecast_icc,,1900984192.0
SONY,ok,True,True,True,True,True,forecast_icc,,139294277632.0
SOPH,failed,True,True,False,False,False,,missing_positive_eps,726140288.0
SOR,ok,True,False,False,True,True,trailing_eps_fallback_icc,,
SORA,ok,True,True,False,True,True,trailing_eps_fallback_icc,,55446720.0
SORN,failed,True,True,False,False,False,,missing_positive_eps,348028032.0
SOS,failed,True,True,False,False,False,,missing_positive_eps,13922099.0
SOTK,ok,True,True,True,True,True,forecast_icc,,70410920.0
SOUL,ok,True,True,False,True,True,trailing_eps_fallback_icc,,355491392.0
SOUL-R,failed,False,False,False,False,False,,missing_price,
SOUL-U,failed,False,False,False,False,False,,missing_price,
SOUN,failed,True,True,False,False,False,,missing_positive_eps,2664673024.0
SOWG,ok,True,True,True,False,True,forecast_icc,,59897680.0
SPAI,failed,True,True,False,False,False,,missing_positive_eps,92854648.0
SPB,ok,True,True,True,True,True,forecast_icc,,1999007104.0
SPCB,ok,True,True,True,True,True,forecast_icc,,61422820.0
SPCE,failed,True,True,False,False,False,,missing_positive_eps,471463232.0
SPCX,ok,True,True,True,False,True,forecast_icc,,2040671371264.0
SPE,ok,True,True,False,True,True,trailing_eps_fallback_icc,,144380688.0
SPEG,ok,True,True,False,True,True,trailing_eps_fallback_icc,,159160000.0
SPFI,ok,True,True,True,True,True,forecast_icc,,824022464.0
SPG,ok,True,True,True,True,True,forecast_icc,,77621616640.0
SPGI,ok,True,True,True,True,True,forecast_icc,,119131627520.0
SPH,ok,True,True,True,True,True,forecast_icc,,1132776320.0
SPHL,failed,True,True,False,False,False,,missing_positive_eps,5360894.0
SPHR,failed,True,True,False,False,False,,missing_positive_eps,5205318656.0
SPIR,failed,True,True,False,False,False,,missing_positive_eps,474856704.0
SPKL,failed,True,True,False,False,False,,missing_positive_eps,100312096.0
SPMC,ok,True,True,True,False,True,forecast_icc,,186897152.0
SPNT,ok,True,True,True,True,True,forecast_icc,,2837911296.0
SPOK,ok,True,True,True,True,True,forecast_icc,,217548608.0
SPOT,ok,True,True,True,True,True,forecast_icc,,108721160192.0
SPPL,failed,True,True,False,False,False,,missing_positive_eps,21138160.0
SPRB,ok,True,True,True,False,True,forecast_icc,,154794336.0
SPRC,ok,True,True,False,True,True,trailing_eps_fallback_icc,,2585329.0
SPRO,ok,True,True,False,True,True,trailing_eps_fallback_icc,,65223008.0
SPRU,failed,True,True,False,False,False,,missing_positive_eps,31381064.0
SPRY,failed,True,True,False,False,False,,missing_positive_eps,412706496.0
SPSC,ok,True,True,True,True,True,forecast_icc,,2892253952.0
SPT,ok,True,True,True,False,True,forecast_icc,,655607744.0
SPTX,failed,True,True,False,False,False,,missing_positive_eps,1168036608.0
SPWH,failed,True,True,False,False,False,,missing_positive_eps,46578344.0
SPWR,ok,True,True,True,False,True,forecast_icc,,73767960.0
SPXC,ok,True,True,True,True,True,forecast_icc,,9000428544.0
SQFT,failed,True,True,False,False,False,,missing_positive_eps,1864761.0
SQFTW,failed,True,False,False,False,False,,missing_positive_eps,
SQM,ok,True,True,True,True,True,forecast_icc,,20508796928.0
SQNS,failed,True,True,False,False,False,,missing_positive_eps,45002316.0
SR,ok,True,True,True,True,True,forecast_icc,,4749122560.0
SRAD,ok,True,True,True,True,True,forecast_icc,,3657962240.0
SRBK,ok,True,True,True,True,True,forecast_icc,,142904640.0
SRCE,ok,True,True,True,True,True,forecast_icc,,2065498112.0
SRE,ok,True,True,True,True,True,forecast_icc,,53737529344.0
SRFM,failed,True,True,False,False,False,,missing_positive_eps,78514088.0
SRG,ok,True,True,True,False,True,forecast_icc,,109832992.0
SRI,failed,True,True,False,False,False,,missing_positive_eps,205079472.0
SRL,failed,True,True,False,False,False,,missing_positive_eps,81765504.0
SRPT,ok,True,True,True,False,True,forecast_icc,,2183310592.0
SRRK,failed,True,True,False,False,False,,missing_positive_eps,5969914368.0
SRTA,failed,True,True,False,False,False,,missing_positive_eps,475951424.0
SRTS,failed,True,True,False,False,False,,missing_positive_eps,51361624.0
SRV,ok,True,True,False,True,True,trailing_eps_fallback_icc,,276619200.0
SRXH,failed,True,True,False,False,False,,missing_positive_eps,32829936.0
SRZN,failed,True,True,False,False,False,,missing_positive_eps,199105280.0
SSAC,failed,True,True,False,False,False,,missing_positive_eps,242884752.0
SSB,ok,True,True,True,True,True,forecast_icc,,10053350400.0
SSBI,ok,True,True,False,True,True,trailing_eps_fallback_icc,,87966008.0
SSD,ok,True,True,True,True,True,forecast_icc,,7067398144.0
SSEA,failed,True,True,False,False,False,,missing_positive_eps,78954920.0
SSII,failed,True,True,False,False,False,,missing_positive_eps,653256512.0
SSL,ok,True,True,True,True,True,forecast_icc,,9064272896.0
SSM,failed,True,True,False,False,False,,missing_positive_eps,2138657.0
SSMR,failed,True,True,False,False,False,,missing_positive_eps,2362865408.0
SSNC,ok,True,True,True,True,True,forecast_icc,,18781786112.0
SSP,failed,True,True,False,False,False,,missing_positive_eps,283567104.0
SSRM,ok,True,True,True,True,True,forecast_icc,,7370301952.0
SST,failed,True,True,False,False,False,,missing_positive_eps,28042730.0
SSTI,failed,True,True,False,False,False,,missing_positive_eps,77139808.0
SSTK,ok,True,True,True,False,True,forecast_icc,,180674176.0
SSYS,ok,True,True,True,False,True,forecast_icc,,700696000.0
ST,ok,True,True,True,True,True,forecast_icc,,6147435008.0
STAA,ok,True,True,True,True,True,forecast_icc,,1065058240.0
STAG,ok,True,True,True,True,True,forecast_icc,,7378320384.0
STAK,failed,True,True,False,False,False,,missing_positive_eps,20555074.0
STBA,ok,True,True,True,True,True,forecast_icc,,1748815744.0
STC,ok,True,True,True,True,True,forecast_icc,,1996457216.0
STDN,failed,True,True,False,False,False,,missing_positive_eps,2006812416.0
STE,ok,True,True,True,True,True,forecast_icc,,20283922432.0
STEM,failed,True,True,False,False,False,,missing_positive_eps,45438228.0
STEP,ok,True,True,True,False,True,forecast_icc,,6079853056.0
STEW,ok,True,True,False,True,True,trailing_eps_fallback_icc,,1744626816.0
STEX,failed,True,True,False,False,False,,missing_positive_eps,143620992.0
STFS,failed,True,True,False,False,False,,missing_positive_eps,4118527.0
STG,ok,True,True,False,True,True,trailing_eps_fallback_icc,,38316624.0
STGW,ok,True,True,True,True,True,forecast_icc,,2031591168.0
STHO,ok,True,True,False,True,True,trailing_eps_fallback_icc,,110733144.0
STI,failed,True,True,False,False,False,,missing_positive_eps,55928908.0
STIM,failed,True,True,False,False,False,,missing_positive_eps,226305760.0
STKE,ok,True,True,True,False,True,forecast_icc,,43690572.0
STKH,ok,True,True,False,True,True,trailing_eps_fallback_icc,,2082486.0
STKS,ok,True,True,True,False,True,forecast_icc,,51336220.0
STLA,ok,True,True,True,False,True,forecast_icc,,19024986112.0
STLD,ok,True,True,True,True,True,forecast_icc,,35165548544.0
STLN,failed,True,True,False,False,False,,missing_positive_eps,675703808.0
STM,ok,True,True,True,False,True,forecast_icc,,43356626944.0
STN,ok,True,True,True,True,True,forecast_icc,,7955651072.0
STNE,ok,True,True,True,True,True,forecast_icc,,2248307456.0
STNG,ok,True,True,True,True,True,forecast_icc,,4399646720.0
STOK,failed,True,True,False,False,False,,missing_positive_eps,1866744192.0
STRA,ok,True,True,True,True,True,forecast_icc,,1785931904.0
STRL,ok,True,True,True,True,True,forecast_icc,,15469224960.0
STRO,failed,True,True,False,False,False,,missing_positive_eps,256676512.0
STRR,ok,True,True,True,False,True,forecast_icc,,37816380.0
STRT,ok,True,True,True,True,True,forecast_icc,,272470528.0
STRW,ok,True,True,True,True,True,forecast_icc,,780532864.0
STRZ,failed,True,True,False,False,False,,missing_positive_eps,424508224.0
STT,ok,True,True,True,True,True,forecast_icc,,50289651712.0
STTK,failed,True,True,False,False,False,,missing_positive_eps,587125056.0
STUB,ok,True,True,True,False,True,forecast_icc,,2269614336.0
STVN,ok,True,True,True,True,True,forecast_icc,,6191770624.0
STWD,ok,True,True,True,True,True,forecast_icc,,5726916096.0
STX,ok,True,True,True,True,True,forecast_icc,,182626140160.0
STXS,failed,True,True,False,False,False,,missing_positive_eps,129260800.0
STZ,ok,True,True,True,True,True,forecast_icc,,20914993152.0
SU,ok,True,True,True,True,True,forecast_icc,,82049982464.0
SUGP,failed,True,True,False,False,False,,missing_positive_eps,1247149.0
SUI,ok,True,True,True,True,True,forecast_icc,,14524241920.0
SUIG,failed,True,True,False,False,False,,missing_positive_eps,76703032.0
SUJA,ok,True,True,True,False,True,forecast_icc,,331016352.0
SUMA,failed,True,True,False,False,False,,missing_positive_eps,233759120.0
SUN,ok,True,True,True,True,True,forecast_icc,,14848896000.0
SUNB,ok,True,True,True,True,True,forecast_icc,,30310309888.0
SUNC,ok,True,True,True,True,True,forecast_icc,,4139922176.0
SUNE,ok,True,True,False,True,True,trailing_eps_fallback_icc,,17976178.0
SUNS,ok,True,True,True,True,True,forecast_icc,,101368880.0
SUPN,ok,True,True,True,False,True,forecast_icc,,2498980096.0
SUPV,ok,True,True,True,False,True,forecast_icc,,791978816.0
SUPX,failed,True,True,False,False,False,,missing_positive_eps,339859104.0
SURG,ok,True,True,True,False,True,forecast_icc,,8290750.0
SUZ,ok,True,True,True,True,True,forecast_icc,,11404252160.0
SVA,failed,False,False,False,False,False,,missing_price,
SVAQ,failed,True,True,False,False,False,,missing_positive_eps,295701792.0
SVC,failed,True,True,False,False,False,,missing_positive_eps,850877376.0
SVCC,ok,True,True,False,True,True,trailing_eps_fallback_icc,,231063536.0
SVCO,ok,True,True,True,False,True,forecast_icc,,227373456.0
SVIV,failed,True,True,False,False,False,,missing_positive_eps,311266656.0
SVM,ok,True,True,True,True,True,forecast_icc,,2687656448.0
SVRA,failed,True,True,False,False,False,,missing_positive_eps,1113593344.0
SVRE,failed,True,True,False,False,False,,missing_positive_eps,5524635.0
SVRN,failed,True,True,False,False,False,,missing_positive_eps,26617828.0
SVV,ok,True,True,True,True,True,forecast_icc,,1418952064.0
SW,ok,True,True,True,True,True,forecast_icc,,23855302656.0
SWAG,ok,True,True,False,True,True,trailing_eps_fallback_icc,,28518570.0
SWBI,ok,True,True,True,True,True,forecast_icc,,597712960.0
SWIM,ok,True,True,True,True,True,forecast_icc,,734111552.0
SWK,ok,True,True,True,True,True,forecast_icc,,13458603008.0
SWKS,ok,True,True,True,True,True,forecast_icc,,13741174784.0
SWMR,ok,True,True,True,False,True,forecast_icc,,382965664.0
SWRD,failed,True,True,False,False,False,,missing_positive_eps,449749472.0
SWVL,ok,True,True,False,True,True,trailing_eps_fallback_icc,,83969144.0
SWX,ok,True,True,True,True,True,forecast_icc,,6267291136.0
SWZ,failed,True,True,False,False,False,,missing_positive_eps,76610656.0
SXC,ok,True,True,True,False,True,forecast_icc,,819891008.0
SXI,ok,True,True,True,True,True,forecast_icc,,3166284544.0
SXT,ok,True,True,True,True,True,forecast_icc,,5498263552.0
SXTC,failed,True,True,False,False,False,,missing_positive_eps,3217652.0
SXTP,failed,True,True,False,False,False,,missing_positive_eps,3490962.0
SY,failed,True,True,False,False,False,,missing_positive_eps,279707680.0
SYBT,ok,True,True,True,True,True,forecast_icc,,2480360704.0
SYF,ok,True,True,True,True,True,forecast_icc,,24210845696.0
SYK,ok,True,True,True,True,True,forecast_icc,,107450318848.0
SYM,ok,True,True,True,True,True,forecast_icc,,27005323264.0
SYNA,ok,True,True,True,False,True,forecast_icc,,3616772608.0
SYNX,failed,True,True,False,False,False,,missing_positive_eps,5604111.0
SYPR,failed,True,True,False,False,False,,missing_positive_eps,40526520.0
SYRE,failed,True,True,False,False,False,,missing_positive_eps,8171943936.0
SYY,ok,True,True,True,True,True,forecast_icc,,37938647040.0
SZZL,ok,True,True,False,True,True,trailing_eps_fallback_icc,,327674656.0
T,ok,True,True,True,True,True,forecast_icc,,173982072832.0
TAC,ok,True,True,True,False,True,forecast_icc,,3887326976.0
TACH,ok,True,True,False,True,True,trailing_eps_fallback_icc,,362595008.0
TACO,ok,True,True,False,True,True,trailing_eps_fallback_icc,,392070944.0
TACT,failed,True,True,False,False,False,,missing_positive_eps,53584004.0
TAK,ok,True,True,True,False,True,forecast_icc,,60836229120.0
TAL,ok,True,True,True,True,True,forecast_icc,,6490004480.0
TALO,ok,True,True,True,False,True,forecast_icc,,2863457792.0
TANH,failed,True,True,False,False,False,,missing_positive_eps,9334012.0
TAOP,ok,True,True,True,False,True,forecast_icc,,6366922.0
TAOX,ok,True,True,False,True,True,trailing_eps_fallback_icc,,30531626.0
TAP,ok,True,True,True,False,True,forecast_icc,,7286620160.0
TAP-A,failed,True,True,False,False,False,,missing_positive_eps,7851575296.0
TARA,failed,True,True,False,False,False,,missing_positive_eps,218653312.0
TARS,ok,True,True,True,False,True,forecast_icc,,3697947136.0
TASK,ok,True,True,True,True,True,forecast_icc,,746332416.0
TATT,ok,True,True,True,True,True,forecast_icc,,490159744.0
TAVI,ok,True,True,False,True,True,trailing_eps_fallback_icc,,171308160.0
TAYD,ok,True,True,True,True,True,forecast_icc,,195339152.0
TBBB,failed,True,True,False,False,False,,missing_positive_eps,6136645632.0
TBBK,ok,True,True,True,True,True,forecast_icc,,2065851904.0
TBCH,ok,True,True,True,False,True,forecast_icc,,225125072.0
TBI,ok,True,True,True,False,True,forecast_icc,,275825760.0
TBLA,ok,True,True,True,True,True,forecast_icc,,994171840.0
TBN,failed,True,True,False,False,False,,missing_positive_eps,1341971840.0
TBPH,ok,True,True,True,True,True,forecast_icc,,884695552.0
TC,ok,True,True,True,True,True,forecast_icc,,52317428.0
TCBI,ok,True,True,True,True,True,forecast_icc,,4107458560.0
TCBK,ok,True,True,True,True,True,forecast_icc,,1716608000.0
TCBS,ok,True,True,False,True,True,trailing_eps_fallback_icc,,48836360.0
TCBX,ok,True,True,True,True,True,forecast_icc,,739480704.0
TCGX,failed,True,True,False,False,False,,missing_positive_eps,169895360.0
TCI,ok,True,True,False,True,True,trailing_eps_fallback_icc,,362364736.0
TCMD,ok,True,True,True,True,True,forecast_icc,,511035552.0
TCOM,ok,True,True,True,True,True,forecast_icc,,25414903808.0
TCRT,failed,True,True,False,False,False,,missing_positive_eps,4064768.0
TCRX,failed,True,True,False,False,False,,missing_positive_eps,22604382.0
TCX,failed,True,True,False,False,False,,missing_positive_eps,113722080.0
TD,ok,True,True,True,True,True,forecast_icc,,199587020800.0
TDAC,ok,True,True,False,True,True,trailing_eps_fallback_icc,,209693600.0
TDAY,ok,True,True,True,False,True,forecast_icc,,927889408.0
TDC,ok,True,True,True,True,True,forecast_icc,,2722109952.0
TDF,ok,True,True,False,True,True,trailing_eps_fallback_icc,,254267360.0
TDG,ok,True,True,True,True,True,forecast_icc,,59478093824.0
TDIC,failed,True,True,False,False,False,,missing_positive_eps,6622351.0
TDOC,failed,True,True,False,False,False,,missing_positive_eps,1140975616.0
TDS,ok,True,True,True,True,True,forecast_icc,,4152233984.0
TDTH,failed,True,True,False,False,False,,missing_positive_eps,107299392.0
TDUP,failed,True,True,False,False,False,,missing_positive_eps,317827424.0
TDW,ok,True,True,True,True,True,forecast_icc,,4370089984.0
TDWD,failed,True,True,False,False,False,,missing_positive_eps,237804512.0
TDY,ok,True,True,True,True,True,forecast_icc,,27905185792.0
TE,ok,True,True,True,False,True,forecast_icc,,1266466432.0
TEAD,failed,True,True,False,False,False,,missing_positive_eps,53671060.0
TEAM,ok,True,True,True,False,True,forecast_icc,,48736817152.0
TECH,ok,True,True,True,True,True,forecast_icc,,11355209728.0
TECK,ok,True,True,True,True,True,forecast_icc,,31996932096.0
TECX,failed,True,True,False,False,False,,missing_positive_eps,531938240.0
TEI,ok,True,True,False,True,True,trailing_eps_fallback_icc,,308401568.0
TEL,ok,True,True,True,True,True,forecast_icc,,59813433344.0
TELA,failed,True,True,False,False,False,,missing_positive_eps,58234996.0
TELO,failed,True,True,False,False,False,,missing_positive_eps,77027952.0
TEM,ok,True,True,True,False,True,forecast_icc,,14499736576.0
TEN,ok,True,True,True,True,True,forecast_icc,,1591038848.0
TENB,ok,True,True,True,True,True,forecast_icc,,3971648000.0
TENX,failed,True,True,False,False,False,,missing_positive_eps,69608488.0
TEO,ok,True,False,True,True,True,forecast_icc,,
TER,ok,True,True,True,True,True,forecast_icc,,55208611840.0
TEVA,ok,True,True,True,True,True,forecast_icc,,45707005952.0
TEX,ok,True,True,True,True,True,forecast_icc,,6615684096.0
TFC,ok,True,True,True,True,True,forecast_icc,,59187793920.0
TFII,ok,True,True,True,True,True,forecast_icc,,10350568448.0
TFIN,ok,True,True,True,True,True,forecast_icc,,1505355776.0
TFPM,ok,True,True,True,True,True,forecast_icc,,6771319296.0
TFSL,ok,True,True,True,True,True,forecast_icc,,4714242560.0
TFX,ok,True,True,True,False,True,forecast_icc,,5321549312.0
TG,ok,True,True,True,True,True,forecast_icc,,237859008.0
TGB,ok,True,True,True,True,True,forecast_icc,,3067275520.0
TGE,failed,True,True,False,False,False,,missing_positive_eps,42156284.0
TGE-W,failed,False,False,False,False,False,,missing_price,
TGEN,ok,True,True,True,False,True,forecast_icc,,93884120.0
TGHL,failed,True,True,False,False,False,,missing_positive_eps,20558628.0
TGL,failed,True,True,False,False,False,,missing_positive_eps,4320179.0
TGLS,ok,True,True,True,True,True,forecast_icc,,1608660864.0
TGS,ok,True,True,True,True,True,forecast_icc,,4387091456.0
TGT,ok,True,True,True,True,True,forecast_icc,,72610250752.0
TGTX,ok,True,True,True,True,True,forecast_icc,,8644630528.0
TH,ok,True,True,True,False,True,forecast_icc,,2033023232.0
THC,ok,True,True,True,True,True,forecast_icc,,21087926272.0
THCH,failed,True,True,False,False,False,,missing_positive_eps,44210408.0
THEO,failed,True,True,False,False,False,,missing_positive_eps,250323680.0
THFF,ok,True,True,True,True,True,forecast_icc,,916746240.0
THG,ok,True,True,True,True,True,forecast_icc,,7979749888.0
THH,failed,True,True,False,False,False,,missing_positive_eps,7661580.0
THM,failed,True,False,False,False,False,,missing_positive_eps,
THO,ok,True,True,True,True,True,forecast_icc,,3583629312.0
THRM,ok,True,True,True,True,True,forecast_icc,,1157631488.0
THRY,failed,True,True,False,False,False,,missing_positive_eps,82212360.0
TIC,ok,True,True,True,False,True,forecast_icc,,1963983104.0
TIGO,ok,True,True,True,True,True,forecast_icc,,16048169984.0
TIGR,ok,True,True,True,True,True,forecast_icc,,852466944.0
TII,failed,True,True,False,False,False,,missing_positive_eps,290012352.0
TIL,failed,True,True,False,False,False,,missing_positive_eps,48898056.0
TILE,ok,True,True,True,True,True,forecast_icc,,1987179904.0
TIMB,ok,True,True,True,True,True,forecast_icc,,9016506368.0
TIPT,failed,True,True,False,False,False,,missing_positive_eps,653184256.0
TISI,failed,True,True,False,False,False,,missing_positive_eps,125809088.0
TITN,failed,True,True,False,False,False,,missing_positive_eps,564789504.0
TJGC,failed,True,True,False,False,False,,missing_positive_eps,111201256.0
TJX,ok,True,True,True,True,True,forecast_icc,,139201708032.0
TK,ok,True,True,True,True,True,forecast_icc,,1286432384.0
TKC,ok,True,True,True,True,True,forecast_icc,,4439942656.0
TKLF,ok,True,True,False,True,True,trailing_eps_fallback_icc,,7602498.0
TKNO,failed,True,True,False,False,False,,missing_positive_eps,399977440.0
TKO,ok,True,True,True,True,True,forecast_icc,,35828756480.0
TKR,ok,True,True,True,True,True,forecast_icc,,8078625792.0
TLAC,failed,True,True,False,False,False,,missing_positive_eps,142889984.0
TLF,ok,True,True,True,False,True,forecast_icc,,21709000.0
TLIH,ok,True,True,False,True,True,trailing_eps_fallback_icc,,17054524.0
TLK,ok,True,True,True,True,True,forecast_icc,,14037925888.0
TLN,ok,True,True,True,False,True,forecast_icc,,14053731328.0
TLNC,failed,True,True,False,False,False,,missing_positive_eps,432514144.0
TLPH,failed,True,True,False,False,False,,missing_positive_eps,60729780.0
TLRY,ok,True,True,True,False,True,forecast_icc,,553264896.0
TLS,ok,True,True,True,False,True,forecast_icc,,312399776.0
TLSA,failed,True,True,False,False,False,,missing_positive_eps,123441360.0
TLSI,failed,True,True,False,False,False,,missing_positive_eps,301715552.0
TLX,ok,True,True,True,True,True,forecast_icc,,4249002496.0
TLYS,ok,True,True,True,True,True,forecast_icc,,130301752.0
TM,ok,True,True,True,True,True,forecast_icc,,229625004032.0
TMC,failed,True,True,False,False,False,,missing_positive_eps,2116230144.0
TMCI,failed,True,True,False,False,False,,missing_positive_eps,294606528.0
TMCR,failed,True,True,False,False,False,,missing_positive_eps,316845888.0
TMDE,ok,True,True,False,True,True,trailing_eps_fallback_icc,,16658099.0
TMDX,ok,True,True,True,True,True,forecast_icc,,3004948224.0
TME,ok,True,True,True,True,True,forecast_icc,,12663274496.0
TMO,ok,True,True,True,True,True,forecast_icc,,243412041728.0
TMP,ok,True,True,True,True,True,forecast_icc,,1410243840.0
TMQ,failed,True,True,False,False,False,,missing_positive_eps,579659712.0
TMS,failed,True,True,False,False,False,,missing_positive_eps,545087808.0
TMTS,failed,True,True,False,False,False,,missing_positive_eps,308200032.0
TMUS,ok,True,True,True,True,True,forecast_icc,,178546180096.0
TNC,ok,True,True,True,True,True,forecast_icc,,1135654144.0
TNDM,ok,True,True,True,False,True,forecast_icc,,1198841088.0
TNET,ok,True,True,True,True,True,forecast_icc,,3105455360.0
TNGX,failed,True,True,False,False,False,,missing_positive_eps,3960657408.0
TNK,ok,True,True,True,True,True,forecast_icc,,3496448768.0
TNL,ok,True,True,True,True,True,forecast_icc,,3906120192.0
TNMG,failed,True,True,False,False,False,,missing_positive_eps,16367523.0
TNON,failed,True,True,False,False,False,,missing_positive_eps,2801597.0
TNXP,failed,True,True,False,False,False,,missing_positive_eps,195864688.0
TNYA,failed,True,True,False,False,False,,missing_positive_eps,150727424.0
TOL,ok,True,True,True,True,True,forecast_icc,,12377185280.0
TOMZ,ok,True,True,True,False,True,forecast_icc,,12865272.0
TONT,ok,True,True,False,True,True,trailing_eps_fallback_icc,,154340000.0
TONT-U,failed,False,False,False,False,False,,missing_price,
TONT-W,failed,False,False,False,False,False,,missing_price,
TONX,failed,True,True,False,False,False,,missing_positive_eps,170723152.0
TOON,ok,True,True,False,True,True,trailing_eps_fallback_icc,,35711376.0
TOP,failed,True,True,False,False,False,,missing_positive_eps,1880323712.0
TOPP,failed,True,True,False,False,False,,missing_positive_eps,3897660.0
TOPS,ok,True,True,True,False,True,forecast_icc,,4023252.0
TORO,ok,True,True,False,True,True,trailing_eps_fallback_icc,,214267824.0
TOST,ok,True,True,True,True,True,forecast_icc,,17715699712.0
TOUR,ok,True,True,True,True,True,forecast_icc,,54210144.0
TOVX,ok,True,True,False,True,True,trailing_eps_fallback_icc,,11106026.0
TOWN,ok,True,True,True,True,True,forecast_icc,,3429422592.0
TOYO,ok,True,True,True,True,True,forecast_icc,,184973040.0
TP,ok,True,True,True,True,True,forecast_icc,,106823040.0
TPB,ok,True,True,True,True,True,forecast_icc,,1375556608.0
TPC,ok,True,True,True,True,True,forecast_icc,,4507501568.0
TPCS,ok,True,True,True,False,True,forecast_icc,,54820940.0
TPET,failed,True,True,False,False,False,,missing_positive_eps,10062184.0
TPG,ok,True,True,True,True,True,forecast_icc,,18052024320.0
TPL,ok,True,True,True,True,True,forecast_icc,,23948009472.0
TPR,ok,True,True,True,True,True,forecast_icc,,23137411072.0
TPST,failed,True,True,False,False,False,,missing_positive_eps,14803091.0
TPVG,ok,True,True,True,True,True,forecast_icc,,201513120.0
TR,ok,True,True,False,True,True,trailing_eps_fallback_icc,,2832895488.0
TRAD,failed,True,True,False,False,False,,missing_positive_eps,146955472.0
TRAD-R,failed,False,False,False,False,False,,missing_price,
TRAD-U,failed,False,False,False,False,False,,missing_price,
TRAK,ok,True,True,True,True,True,forecast_icc,,154293552.0
TRAW,failed,True,True,False,False,False,,missing_positive_eps,8229712.0
TRAX,failed,True,True,False,False,False,,missing_positive_eps,1400649088.0
TRBG,failed,True,True,False,False,False,,missing_positive_eps,90518320.0
TRC,ok,True,True,True,True,True,forecast_icc,,432613312.0
TRDA,failed,True,True,False,False,False,,missing_positive_eps,268663008.0
TREE,ok,True,True,True,True,True,forecast_icc,,365309376.0
TREO,failed,True,True,False,False,False,,missing_positive_eps,54448136.0
TREX,ok,True,True,True,True,True,forecast_icc,,4421967872.0
TRGP,ok,True,True,True,True,True,forecast_icc,,61127852032.0
TRGS,failed,True,True,False,False,False,,missing_positive_eps,260930448.0
TRI,ok,True,True,True,True,True,forecast_icc,,43099848704.0
TRIB,failed,True,True,False,False,False,,missing_positive_eps,5907404.0
TRIN,ok,True,True,True,True,True,forecast_icc,,1618876544.0
TRIP,ok,True,True,True,False,True,forecast_icc,,1032123520.0
TRLV,ok,True,True,True,False,True,forecast_icc,,2243384576.0
TRMB,ok,True,True,True,False,True,forecast_icc,,13368200192.0
TRMD,ok,True,True,True,True,True,forecast_icc,,3751691008.0
TRMK,ok,True,True,True,True,True,forecast_icc,,2721468672.0
TRN,ok,True,True,True,True,True,forecast_icc,,2262613504.0
TRNO,ok,True,True,True,True,True,forecast_icc,,7217104384.0
TRNR,failed,True,True,False,False,False,,missing_positive_eps,3809893.0
TRNS,ok,True,True,True,True,True,forecast_icc,,798204864.0
TRON,failed,True,True,False,False,False,,missing_positive_eps,678366336.0
TROO,failed,True,True,False,False,False,,missing_positive_eps,261422768.0
TROW,ok,True,True,True,True,True,forecast_icc,,21937401856.0
TROX,failed,True,True,False,False,False,,missing_positive_eps,681919104.0
TRP,ok,True,True,True,True,True,forecast_icc,,64224931840.0
TRS,ok,True,True,True,True,True,forecast_icc,,1384731392.0
TRSG,failed,True,True,False,False,False,,missing_positive_eps,24840946.0
TRST,ok,True,True,True,True,True,forecast_icc,,958150912.0
TRT,ok,True,False,False,True,True,trailing_eps_fallback_icc,,
TRTX,ok,True,True,True,True,True,forecast_icc,,559646080.0
TRU,ok,True,True,True,True,True,forecast_icc,,14007876608.0
TRUG,failed,True,True,False,False,False,,missing_positive_eps,738318.0
TRUP,ok,True,True,True,True,True,forecast_icc,,1117992704.0
TRV,ok,True,True,True,True,True,forecast_icc,,79152136192.0
TRVG,ok,True,True,True,True,True,forecast_icc,,472036064.0
TRVI,failed,True,True,False,False,False,,missing_positive_eps,2167057408.0
TRX,ok,True,True,True,False,True,forecast_icc,,412617248.0
TS,ok,True,True,True,True,True,forecast_icc,,28532418560.0
TSAT,failed,True,True,False,False,False,,missing_positive_eps,2654668544.0
TSBK,ok,True,True,False,True,True,trailing_eps_fallback_icc,,361724064.0
TSCO,ok,True,True,True,True,True,forecast_icc,,17100536832.0
TSEM,ok,True,True,True,True,True,forecast_icc,,24780969984.0
TSHA,failed,True,True,False,False,False,,missing_positive_eps,1681300992.0
TSI,ok,True,True,False,True,True,trailing_eps_fallback_icc,,273969856.0
TSLA,ok,True,True,True,True,True,forecast_icc,,1446324338688.0
TSLX,ok,True,True,True,True,True,forecast_icc,,1734291712.0
TSM,ok,True,True,True,True,True,forecast_icc,,2231532257280.0
TSN,ok,True,True,True,True,True,forecast_icc,,18385145856.0
TSQ,ok,True,True,True,False,True,forecast_icc,,94075256.0
TSSI,ok,True,True,True,True,True,forecast_icc,,243248384.0
TT,ok,True,True,True,True,True,forecast_icc,,93142409216.0
TTAM,ok,True,True,True,True,True,forecast_icc,,2546195968.0
TTAN,ok,True,True,True,False,True,forecast_icc,,5233383936.0
TTC,ok,True,True,True,True,True,forecast_icc,,8727016448.0
TTD,ok,True,True,True,True,True,forecast_icc,,6700491776.0
TTE,ok,True,True,True,True,True,forecast_icc,,202325508096.0
TTEC,ok,True,True,True,False,True,forecast_icc,,59648088.0
TTEK,ok,True,True,True,True,True,forecast_icc,,9245764608.0
TTGT,ok,True,True,True,False,True,forecast_icc,,277757408.0
TTI,ok,True,True,True,True,True,forecast_icc,,910647616.0
TTMI,ok,True,True,True,True,True,forecast_icc,,12090889216.0
TTRX,failed,True,True,False,False,False,,missing_positive_eps,419681664.0
TTWO,ok,True,True,True,False,True,forecast_icc,,39381819392.0
TU,ok,True,True,True,False,True,forecast_icc,,14033250304.0
TULP,failed,True,True,False,False,False,,missing_positive_eps,16894852.0
TURB,failed,True,True,False,False,False,,missing_positive_eps,16102968.0
TUSK,failed,True,True,False,False,False,,missing_positive_eps,154970816.0
TUYA,ok,True,True,True,True,True,forecast_icc,,1079074688.0
TV,ok,True,True,True,False,True,forecast_icc,,1233320320.0
TVA,ok,True,True,False,True,True,trailing_eps_fallback_icc,,316800000.0
TVAI,ok,True,True,False,True,True,trailing_eps_fallback_icc,,282292736.0
TVC,failed,True,False,False,False,False,,missing_positive_eps,
TVE,failed,True,False,False,False,False,,missing_positive_eps,
TVGN,failed,True,True,False,False,False,,missing_positive_eps,50203972.0
TVIV,failed,True,True,False,False,False,,missing_positive_eps,205840000.0
TVRD,failed,True,True,False,False,False,,missing_positive_eps,21609088.0
TVTX,ok,True,True,True,False,True,forecast_icc,,6102461952.0
TW,ok,True,True,True,True,True,forecast_icc,,22047842304.0
TWAV,failed,True,True,False,False,False,,missing_positive_eps,5001612.0
TWFG,ok,True,True,True,True,True,forecast_icc,,351375488.0
TWG,ok,True,True,False,True,True,trailing_eps_fallback_icc,,22845520.0
TWI,ok,True,True,True,False,True,forecast_icc,,461477824.0
TWIN,ok,True,True,True,True,True,forecast_icc,,359111232.0
TWLO,ok,True,True,True,True,True,forecast_icc,,37816360960.0
TWLV,ok,True,True,False,True,True,trailing_eps_fallback_icc,,236484384.0
TWN,ok,True,True,False,True,True,trailing_eps_fallback_icc,,574203904.0
TWST,failed,True,True,False,False,False,,missing_positive_eps,10313810944.0
TX,ok,True,False,True,True,True,forecast_icc,,
TXG,ok,True,True,True,False,True,forecast_icc,,10028511232.0
TXMD,ok,True,True,True,False,True,forecast_icc,,25232110.0
TXN,ok,True,True,True,True,True,forecast_icc,,235745771520.0
TXNM,ok,True,True,True,True,True,forecast_icc,,6037471744.0
TXO,ok,True,True,True,False,True,forecast_icc,,811735424.0
TXRH,ok,True,True,True,True,True,forecast_icc,,10948249600.0
TXT,ok,True,True,True,True,True,forecast_icc,,13915461632.0
TY,ok,True,True,False,True,True,trailing_eps_fallback_icc,,1848419200.0
TYG,ok,True,False,False,True,True,trailing_eps_fallback_icc,,
TYGO,ok,True,True,False,True,True,trailing_eps_fallback_icc,,75729592.0
TYL,ok,True,True,True,True,True,forecast_icc,,13988068352.0
TYRA,failed,True,True,False,False,False,,missing_positive_eps,1679707520.0
TZOO,ok,True,True,True,True,True,forecast_icc,,59377604.0
U,ok,True,True,True,False,True,forecast_icc,,18413320192.0
UA,ok,True,True,True,False,True,forecast_icc,,2079000448.0
UAA,ok,True,True,True,False,True,forecast_icc,,2134841216.0
UAC,failed,True,True,False,False,False,,missing_positive_eps,138121200.0
UAC-U,failed,False,False,False,False,False,,missing_price,
UAC-W,failed,False,False,False,False,False,,missing_price,
UAL,ok,True,True,True,True,True,forecast_icc,,34936684544.0
UAMY,ok,True,True,True,False,True,forecast_icc,,689975872.0
UAN,ok,True,False,False,True,True,trailing_eps_fallback_icc,,
UAVS,failed,True,True,False,False,False,,missing_positive_eps,62578592.0
UBCP,ok,True,True,True,True,True,forecast_icc,,90334408.0
UBER,ok,True,True,True,True,True,forecast_icc,,144756244480.0
UBS,ok,True,True,True,True,True,forecast_icc,,154985381888.0
UBSI,ok,True,True,True,True,True,forecast_icc,,6402870784.0
UCAR,failed,True,True,False,False,False,,missing_positive_eps,7898469.0
UCB,ok,True,True,True,True,True,forecast_icc,,4148618752.0
UCFI,ok,True,True,False,True,True,trailing_eps_fallback_icc,,287814784.0
UCL,ok,True,True,True,False,True,forecast_icc,,13522748.0
UCTT,ok,True,True,True,False,True,forecast_icc,,3058010624.0
UDR,ok,True,True,True,True,True,forecast_icc,,12567529472.0
UE,ok,True,True,True,True,True,forecast_icc,,2766134528.0
UEC,failed,True,True,False,False,False,,missing_positive_eps,5008108032.0
UEIC,ok,True,True,True,False,True,forecast_icc,,68806232.0
UFCS,ok,True,True,True,True,True,forecast_icc,,1395805312.0
UFG,ok,True,True,True,False,True,forecast_icc,,18173908.0
UFI,ok,True,True,True,False,True,forecast_icc,,123801648.0
UFPI,ok,True,True,True,True,True,forecast_icc,,4371548160.0
UFPT,ok,True,True,True,True,True,forecast_icc,,2133268096.0
UG,ok,True,True,False,True,True,trailing_eps_fallback_icc,,33216926.0
UGI,ok,True,True,True,True,True,forecast_icc,,8185127424.0
UGP,ok,True,True,True,True,True,forecast_icc,,8077399552.0
UHAL,ok,True,True,True,True,True,forecast_icc,,12544863232.0
UHAL-B,ok,True,True,True,True,True,forecast_icc,,11037602816.0
UHS,ok,True,True,True,True,True,forecast_icc,,10652775424.0
UHT,ok,True,True,False,True,True,trailing_eps_fallback_icc,,564286528.0
UI,ok,True,True,True,True,True,forecast_icc,,36101545984.0
UIS,ok,True,True,True,False,True,forecast_icc,,180831568.0
UK,failed,True,True,False,False,False,,missing_positive_eps,7419244.0
UL,ok,True,True,True,True,True,forecast_icc,,133976129536.0
ULBI,ok,True,True,True,False,True,forecast_icc,,92981040.0
ULCC,ok,True,True,True,False,True,forecast_icc,,1353668736.0
ULH,ok,True,True,True,False,True,forecast_icc,,475675200.0
ULS,ok,True,True,True,True,True,forecast_icc,,13006279680.0
ULTA,ok,True,True,True,True,True,forecast_icc,,23248519168.0
UMAC,failed,True,True,False,False,False,,missing_positive_eps,1192961280.0
UMBF,ok,True,True,True,True,True,forecast_icc,,10235025408.0
UMC,ok,True,True,True,True,True,forecast_icc,,61368520704.0
UMH,ok,True,True,True,True,True,forecast_icc,,1351587456.0
UNB,ok,True,True,False,True,True,trailing_eps_fallback_icc,,118601912.0
UNCY,ok,True,True,True,False,True,forecast_icc,,130664744.0
UNF,ok,True,True,True,True,True,forecast_icc,,4724670976.0
UNFI,ok,True,True,True,True,True,forecast_icc,,2792680960.0
UNH,ok,True,True,True,True,True,forecast_icc,,336786554880.0
UNIT,ok,True,True,False,True,True,trailing_eps_fallback_icc,,2339870464.0
UNM,ok,True,True,True,True,True,forecast_icc,,15137296384.0
UNP,ok,True,True,True,True,True,forecast_icc,,167814463488.0
UNTY,ok,True,True,True,True,True,forecast_icc,,590503552.0
UONE,failed,True,True,False,False,False,,missing_positive_eps,19475148.0
UONEK,failed,True,True,False,False,False,,missing_positive_eps,19613596.0
UP,failed,True,True,False,False,False,,missing_positive_eps,128395984.0
UPB,failed,True,True,False,False,False,,missing_positive_eps,290834208.0
UPBD,ok,True,True,True,True,True,forecast_icc,,1029567488.0
UPC,failed,True,True,False,False,False,,missing_positive_eps,23865852.0
UPLD,ok,True,True,True,False,True,forecast_icc,,11252112.0
UPS,ok,True,True,True,True,True,forecast_icc,,85222785024.0
UPST,ok,True,True,True,True,True,forecast_icc,,2410444288.0
UPWK,ok,True,True,True,True,True,forecast_icc,,1063552192.0
UPXI,ok,True,True,False,True,True,trailing_eps_fallback_icc,,77492232.0
URBN,ok,True,True,True,True,True,forecast_icc,,6496467968.0
URG,failed,True,True,False,False,False,,missing_positive_eps,485393728.0
URGN,ok,True,True,True,False,True,forecast_icc,,2148300800.0
URI,ok,True,True,True,True,True,forecast_icc,,62399963136.0
UROY,ok,True,True,True,True,True,forecast_icc,,1707181696.0
USA,ok,True,False,False,True,True,trailing_eps_fallback_icc,,
USAC,ok,True,True,True,True,True,forecast_icc,,3793167360.0
USAR,ok,True,True,True,False,True,forecast_icc,,5867388416.0
USAS,ok,True,True,True,False,True,forecast_icc,,1711077376.0
USAU,failed,True,True,False,False,False,,missing_positive_eps,251731536.0
USB,ok,True,True,True,True,True,forecast_icc,,93872603136.0
USBC,failed,True,True,False,False,False,,missing_positive_eps,182466688.0
USCB,ok,True,True,True,True,True,forecast_icc,,428422976.0
USDE,failed,True,True,False,False,False,,missing_positive_eps,185266496.0
USEA,ok,True,True,True,False,True,forecast_icc,,29377468.0
USFD,ok,True,True,True,True,True,forecast_icc,,19937040384.0
USGO,failed,True,True,False,False,False,,missing_positive_eps,107513736.0
USIO,ok,True,True,True,False,True,forecast_icc,,64684588.0
USLM,ok,True,True,True,True,True,forecast_icc,,3282809600.0
USNA,ok,True,True,True,False,True,forecast_icc,,264953504.0
USPH,ok,True,True,True,True,True,forecast_icc,,1239777792.0
UTF,ok,True,False,False,True,True,trailing_eps_fallback_icc,,
UTG,ok,True,True,False,True,True,trailing_eps_fallback_icc,,3315184640.0
UTHR,ok,True,True,True,True,True,forecast_icc,,21328252928.0
UTI,ok,True,True,True,True,True,forecast_icc,,1147082752.0
UTL,ok,True,True,True,True,True,forecast_icc,,969279232.0
UTMD,ok,True,True,False,True,True,trailing_eps_fallback_icc,,236207472.0
UTSI,failed,True,True,False,False,False,,missing_positive_eps,20792102.0
UTZ,ok,True,True,True,False,True,forecast_icc,,2054340736.0
UUU,failed,True,False,False,False,False,,missing_positive_eps,
UUUU,ok,True,True,True,False,True,forecast_icc,,3171987200.0
UVE,ok,True,True,True,True,True,forecast_icc,,1235667840.0
UVSP,ok,True,True,True,True,True,forecast_icc,,1173561600.0
UVV,ok,True,True,True,True,True,forecast_icc,,1104779904.0
UWMC,ok,True,True,True,False,True,forecast_icc,,2024209792.0
UXIN,failed,True,True,False,False,False,,missing_positive_eps,237578688.0
UYSC,ok,True,True,False,True,True,trailing_eps_fallback_icc,,84241824.0
UZX,failed,True,True,False,False,False,,missing_positive_eps,5291054.0
V,ok,True,True,True,True,True,forecast_icc,,690676760576.0
VABK,ok,True,True,False,True,True,trailing_eps_fallback_icc,,256398816.0
VAC,ok,True,True,True,False,True,forecast_icc,,3611164672.0
VACI,failed,True,True,False,False,False,,missing_positive_eps,270662432.0
VACI-U,failed,False,False,False,False,False,,missing_price,
VACI-W,failed,False,False,False,False,False,,missing_price,
VAI,failed,True,True,False,False,False,,missing_positive_eps,31153028.0
VAL,ok,True,True,True,True,True,forecast_icc,,5836080128.0
VALE,ok,True,True,True,True,True,forecast_icc,,61580886016.0
VALN,ok,True,True,True,False,True,forecast_icc,,622990144.0
VALU,ok,True,True,False,True,True,trailing_eps_fallback_icc,,380256416.0
VANI,failed,True,True,False,False,False,,missing_positive_eps,109146072.0
VATE,failed,True,True,False,False,False,,missing_positive_eps,107225072.0
VBF,ok,True,True,False,True,True,trailing_eps_fallback_icc,,163950032.0
VBIO,failed,True,True,False,False,False,,missing_positive_eps,1979323.0
VBNK,ok,True,True,True,True,True,forecast_icc,,760875776.0
VC,ok,True,True,True,True,True,forecast_icc,,2616152064.0
VCEL,ok,True,True,True,True,True,forecast_icc,,2049800832.0
VCIG,failed,True,True,False,False,False,,missing_positive_eps,1095619.0
VCRE,failed,True,True,False,False,False,,missing_positive_eps,292786624.0
VCTR,ok,True,True,True,True,True,forecast_icc,,6410527744.0
VCV,ok,True,True,False,True,True,trailing_eps_fallback_icc,,479360448.0
VCX,failed,True,True,False,False,False,,missing_positive_eps,1115796736.0
VCYT,ok,True,True,True,True,True,forecast_icc,,3261451776.0
VECA,failed,True,True,False,False,False,,missing_positive_eps,128769528.0
VECA-R,failed,False,False,False,False,False,,missing_price,
VECA-U,failed,False,False,False,False,False,,missing_price,
VECO,ok,True,True,True,True,True,forecast_icc,,2527396608.0
VEEA,failed,True,True,False,False,False,,missing_positive_eps,16580073.0
VEEE,failed,True,True,False,False,False,,missing_positive_eps,5115730.0
VEEV,ok,True,True,True,True,True,forecast_icc,,42703458304.0
VEL,ok,True,True,True,True,True,forecast_icc,,634072192.0
VELO,failed,True,True,False,False,False,,missing_positive_eps,344960032.0
VENU,ok,True,True,True,False,True,forecast_icc,,91061096.0
VEON,ok,True,True,True,True,True,forecast_icc,,4738338304.0
VERA,failed,True,True,False,False,False,,missing_positive_eps,2469610496.0
VERI,failed,True,True,False,False,False,,missing_positive_eps,108493640.0
VERU,failed,True,True,False,False,False,,missing_positive_eps,40750268.0
VERX,ok,True,True,True,True,True,forecast_icc,,1995281280.0
VET,ok,True,True,True,False,True,forecast_icc,,1932919936.0
VFC,ok,True,True,True,True,True,forecast_icc,,5083230208.0
VFF,ok,True,True,True,True,True,forecast_icc,,347293056.0
VFS,failed,True,True,False,False,False,,missing_positive_eps,7580097024.0
VG,ok,True,True,True,True,True,forecast_icc,,36051341312.0
VGAS,failed,True,True,False,False,False,,missing_positive_eps,61478480.0
VGI,ok,True,True,False,True,True,trailing_eps_fallback_icc,,79191656.0
VGM,ok,True,True,False,True,True,trailing_eps_fallback_icc,,529304032.0
VGNT,ok,True,True,True,True,True,forecast_icc,,3366091776.0
VGZ,failed,True,False,False,False,False,,missing_positive_eps,
VHC,failed,True,True,False,False,False,,missing_positive_eps,49461104.0
VHCP,failed,True,True,False,False,False,,missing_positive_eps,308813344.0
VHI,ok,True,True,True,False,True,forecast_icc,,472114272.0
VHUB,failed,True,True,False,False,False,,missing_positive_eps,69339408.0
VIA,ok,True,True,True,False,True,forecast_icc,,2370354944.0
VIAV,ok,True,True,True,False,True,forecast_icc,,8572089344.0
VICI,ok,True,True,True,True,True,forecast_icc,,26546978816.0
VICR,ok,True,True,True,True,True,forecast_icc,,9977035776.0
VIDA,failed,True,True,False,False,False,,missing_positive_eps,36416988.0
VII,failed,True,False,False,False,False,,missing_positive_eps,
VII-U,failed,False,False,False,False,False,,missing_price,
VII-W,failed,False,False,False,False,False,,missing_price,
VIK,ok,True,True,True,True,True,forecast_icc,,37888311296.0
VINP,ok,True,True,True,True,True,forecast_icc,,611213312.0
VIOT,failed,True,True,False,False,False,,missing_positive_eps,80457248.0
VIP,ok,True,True,False,True,True,trailing_eps_fallback_icc,,34095320.0
VIPS,ok,True,True,True,True,True,forecast_icc,,5796344832.0
VIR,failed,True,True,False,False,False,,missing_positive_eps,1847838208.0
VIRC,ok,True,True,True,False,True,forecast_icc,,98839120.0
VIRT,ok,True,True,True,True,True,forecast_icc,,5056096768.0
VISN,ok,True,True,True,False,True,forecast_icc,,1487540352.0
VIST,ok,True,True,True,True,True,forecast_icc,,8109361664.0
VITL,ok,True,True,True,False,True,forecast_icc,,502298784.0
VIV,ok,True,True,True,True,True,forecast_icc,,19173638144.0
VIVK,failed,True,True,False,False,False,,missing_positive_eps,1779471.0
VIVO,failed,True,True,False,False,False,,missing_positive_eps,119335968.0
VIVS,failed,True,True,False,False,False,,missing_positive_eps,3469553.0
VKI,ok,True,True,False,True,True,trailing_eps_fallback_icc,,378602784.0
VKQ,ok,True,False,False,True,True,trailing_eps_fallback_icc,,
VKTX,failed,True,True,False,False,False,,missing_positive_eps,3424930304.0
VLGEA,ok,True,True,False,True,True,trailing_eps_fallback_icc,,653690944.0
VLN,failed,True,True,False,False,False,,missing_positive_eps,176496496.0
VLO,ok,True,True,True,True,True,forecast_icc,,118778716160.0
VLOS,ok,True,True,False,True,True,trailing_eps_fallback_icc,,251021632.0
VLRS,failed,True,True,False,False,False,,missing_positive_eps,742585856.0
VLT,ok,True,False,False,True,True,trailing_eps_fallback_icc,,
VLTO,ok,True,True,True,True,True,forecast_icc,,23221315584.0
VLY,ok,True,True,True,True,True,forecast_icc,,7554113536.0
VMAR,failed,True,True,False,False,False,,missing_positive_eps,4770501.0
VMC,ok,True,True,True,True,True,forecast_icc,,31682000896.0
VMD,ok,True,True,True,True,True,forecast_icc,,340889632.0
VMET,ok,True,True,False,True,True,trailing_eps_fallback_icc,,1045851520.0
VMI,ok,True,True,True,True,True,forecast_icc,,9120193536.0
VMO,ok,True,False,False,True,True,trailing_eps_fallback_icc,,
VMRK,ok,True,True,True,True,True,forecast_icc,,48755822592.0
VNCE,ok,True,True,True,True,True,forecast_icc,,127117432.0
VNDA,ok,True,True,True,False,True,forecast_icc,,308964352.0
VNET,ok,True,True,True,False,True,forecast_icc,,1733772160.0
VNME,failed,True,True,False,False,False,,missing_positive_eps,257250000.0
VNO,ok,True,True,True,True,True,forecast_icc,,6896060416.0
VNOM,ok,True,True,True,False,True,forecast_icc,,15420236800.0
VNRX,failed,True,True,False,False,False,,missing_positive_eps,7949658.0
VNT,ok,True,True,True,True,True,forecast_icc,,4302064128.0
VNTG,failed,True,True,False,False,False,,missing_positive_eps,18280040.0
VOD,ok,True,True,True,False,True,forecast_icc,,40489304064.0
VOGX,failed,True,True,False,False,False,,missing_positive_eps,507004128.0
VOR,ok,True,True,False,True,True,trailing_eps_fallback_icc,,1295062656.0
VOXR,ok,True,True,True,True,True,forecast_icc,,398902880.0
VOYA,ok,True,True,True,True,True,forecast_icc,,9021585408.0
VOYG,failed,True,True,False,False,False,,missing_positive_eps,2233663488.0
VPG,ok,True,True,True,True,True,forecast_icc,,825460096.0
VPV,ok,True,False,False,True,True,trailing_eps_fallback_icc,,
VRA,failed,True,True,False,False,False,,missing_positive_eps,121926824.0
VRAX,failed,True,True,False,False,False,,missing_positive_eps,2016379.0
VRCA,failed,True,True,False,False,False,,missing_positive_eps,79881368.0
VRDN,failed,True,True,False,False,False,,missing_positive_eps,2484499456.0
VREX,ok,True,True,True,True,True,forecast_icc,,781428736.0
VRM,failed,True,True,False,False,False,,missing_positive_eps,52605280.0
VRME,ok,True,True,True,False,True,forecast_icc,,10137201.0
VRNS,ok,True,True,True,False,True,forecast_icc,,5491480064.0
VRRM,ok,True,True,True,True,True,forecast_icc,,518261376.0
VRSK,ok,True,True,True,True,True,forecast_icc,,22969933824.0
VRSN,ok,True,True,True,True,True,forecast_icc,,27305318400.0
VRT,ok,True,True,True,True,True,forecast_icc,,92970795008.0
VRTS,ok,True,True,True,True,True,forecast_icc,,850817024.0
VRTX,ok,True,True,True,True,True,forecast_icc,,130872025088.0
VRXA,failed,True,True,False,False,False,,missing_positive_eps,207869488.0
VS,failed,True,True,False,False,False,,missing_positive_eps,6958163.0
VSA,failed,True,True,False,False,False,,missing_positive_eps,6605293.0
VSAT,ok,True,True,True,False,True,forecast_icc,,10058928128.0
VSEC,ok,True,True,True,True,True,forecast_icc,,4913615360.0
VSH,ok,True,True,True,True,True,forecast_icc,,4885126656.0
VSME,failed,True,True,False,False,False,,missing_positive_eps,2543864.0
VSNT,ok,True,True,True,True,True,forecast_icc,,5056049152.0
VST,ok,True,True,True,True,True,forecast_icc,,48183787520.0
VSTM,failed,True,True,False,False,False,,missing_positive_eps,683753984.0
VSTS,ok,True,True,True,False,True,forecast_icc,,1829095808.0
VSXY,ok,True,True,True,True,True,forecast_icc,,6180118016.0
VTAK,failed,True,True,False,False,False,,missing_positive_eps,552249.0
VTEX,ok,True,True,True,True,True,forecast_icc,,603462272.0
VTGN,failed,True,True,False,False,False,,missing_positive_eps,10366447.0
VTIX,failed,True,True,False,False,False,,missing_positive_eps,38047908.0
VTMX,ok,True,True,True,True,True,forecast_icc,,3106545408.0
VTN,ok,True,True,False,True,True,trailing_eps_fallback_icc,,146206512.0
VTOL,ok,True,True,True,True,True,forecast_icc,,1227475200.0
VTR,ok,True,True,True,True,True,forecast_icc,,44990525440.0
VTRS,ok,True,True,True,False,True,forecast_icc,,19675361280.0
VTS,ok,True,True,True,False,True,forecast_icc,,747351616.0
VTSI,ok,True,True,True,False,True,forecast_icc,,33166500.0
VTVT,failed,True,True,False,False,False,,missing_positive_eps,124153336.0
VUZI,failed,True,True,False,False,False,,missing_positive_eps,232139136.0
VVOS,failed,True,True,False,False,False,,missing_positive_eps,3540772.0
VVR,ok,True,True,False,True,True,trailing_eps_fallback_icc,,444843328.0
VVV,ok,True,True,True,True,True,forecast_icc,,3451126272.0
VVX,ok,True,True,True,True,True,forecast_icc,,2395725824.0
VWAV,failed,True,True,False,False,False,,missing_positive_eps,11042647.0
VYGR,failed,True,True,False,False,False,,missing_positive_eps,187318560.0
VYX,ok,True,True,True,True,True,forecast_icc,,958205120.0
VZ,ok,True,True,True,True,True,forecast_icc,,200800305152.0
VZLA,failed,True,True,False,False,False,,missing_positive_eps,1423778048.0
W,ok,True,True,True,False,True,forecast_icc,,14039226368.0
WAB,ok,True,True,True,True,True,forecast_icc,,47095721984.0
WABC,ok,True,True,True,True,True,forecast_icc,,1394064640.0
WAFD,ok,True,True,True,True,True,forecast_icc,,2408334848.0
WAFDP,ok,True,False,False,True,True,trailing_eps_fallback_icc,,
WAFU,failed,True,True,False,False,False,,missing_positive_eps,6174782.0
WAL,ok,True,True,True,True,True,forecast_icc,,8665881600.0
WALD,failed,True,True,False,False,False,,missing_positive_eps,147498848.0
WASH,ok,True,True,True,True,True,forecast_icc,,751528256.0
WAT,ok,True,True,True,True,True,forecast_icc,,42192424960.0
WATR,failed,True,True,False,False,False,,missing_positive_eps,55627728.0
WATT,ok,True,True,True,False,True,forecast_icc,,64445648.0
WAVE,failed,True,True,False,False,False,,missing_positive_eps,37437984.0
WAY,ok,True,True,True,True,True,forecast_icc,,5083250688.0
WB,ok,True,True,True,True,True,forecast_icc,,1609155456.0
WBD,ok,True,True,True,False,True,forecast_icc,,70801539072.0
WBI,ok,True,True,True,False,True,forecast_icc,,3829611520.0
WBTN,ok,True,True,True,False,True,forecast_icc,,1403252480.0
WBUY,failed,True,True,False,False,False,,missing_positive_eps,4891337.0
WBX,failed,True,True,False,False,False,,missing_positive_eps,72522224.0
WCC,ok,True,True,True,True,True,forecast_icc,,16536033280.0
WCCB,ok,True,True,True,True,True,forecast_icc,,625567680.0
WCN,ok,True,True,True,True,True,forecast_icc,,39051091968.0
WCT,failed,True,True,False,False,False,,missing_positive_eps,441381568.0
WD,ok,True,True,True,True,True,forecast_icc,,1320511360.0
WDAY,ok,True,True,True,True,True,forecast_icc,,48026480640.0
WDC,ok,True,True,True,True,True,forecast_icc,,152822480896.0
WDFC,ok,True,True,True,True,True,forecast_icc,,2556852992.0
WDH,ok,True,True,True,True,True,forecast_icc,,366488000.0
WDI,ok,True,True,False,True,True,trailing_eps_fallback_icc,,639557248.0
WDS,ok,True,False,True,True,True,forecast_icc,,
WEAV,ok,True,True,True,False,True,forecast_icc,,586500416.0
WEC,ok,True,True,True,True,True,forecast_icc,,34126206976.0
WELL,ok,True,True,True,True,True,forecast_icc,,167360053248.0
WEN,ok,True,True,True,True,True,forecast_icc,,1332782848.0
WENC,failed,True,True,False,False,False,,missing_positive_eps,160495824.0
WENC-R,failed,False,False,False,False,False,,missing_price,
WENC-U,failed,False,False,False,False,False,,missing_price,
WENN,ok,True,True,False,True,True,trailing_eps_fallback_icc,,390195008.0
WERN,ok,True,True,True,False,True,forecast_icc,,2153779712.0
WES,ok,True,True,True,True,True,forecast_icc,,19485313024.0
WEST,ok,True,True,True,False,True,forecast_icc,,759541056.0
WETH,ok,True,True,False,True,True,trailing_eps_fallback_icc,,15254949.0
WETO,failed,True,True,False,False,False,,missing_positive_eps,2004709.0
WEX,ok,True,True,True,True,True,forecast_icc,,6652048896.0
WEYS,ok,True,True,True,True,True,forecast_icc,,424923264.0
WF,ok,True,True,True,True,True,forecast_icc,,19186167808.0
WFC,ok,True,True,True,True,True,forecast_icc,,262755287040.0
WFCF,ok,True,True,True,True,True,forecast_icc,,63640092.0
WFF,failed,True,True,False,False,False,,missing_positive_eps,19501094.0
WFG,ok,True,True,True,False,True,forecast_icc,,5698168832.0
WFRD,ok,True,True,True,True,True,forecast_icc,,5867568128.0
WGO,ok,True,True,True,True,True,forecast_icc,,762129280.0
WGS,ok,True,True,True,False,True,forecast_icc,,3129875456.0
WH,ok,True,True,True,True,True,forecast_icc,,5133182976.0
WHD,ok,True,True,True,True,True,forecast_icc,,4690252800.0
WHG,ok,True,True,False,True,True,trailing_eps_fallback_icc,,177502624.0
WHK,ok,True,True,True,False,True,forecast_icc,,652709184.0
WHLR,ok,True,True,False,True,True,trailing_eps_fallback_icc,,1408539.0
WHR,ok,True,True,True,True,True,forecast_icc,,2153535232.0
WHWK,failed,True,True,False,False,False,,missing_positive_eps,232596752.0
WIMI,ok,True,True,True,True,True,forecast_icc,,19120456.0
WINA,ok,True,True,True,True,True,forecast_icc,,1058504512.0
WING,ok,True,True,True,True,True,forecast_icc,,2826686720.0
WIT,ok,True,True,True,True,True,forecast_icc,,16620290048.0
WIX,ok,True,True,True,False,True,forecast_icc,,3343776000.0
WK,ok,True,True,True,True,True,forecast_icc,,3983286784.0
WKC,ok,True,True,True,False,True,forecast_icc,,1832762624.0
WKEY,ok,True,True,True,False,True,forecast_icc,,68544416.0
WKHS,failed,True,True,False,False,False,,missing_positive_eps,33222898.0
WKSP,failed,True,True,False,False,False,,missing_positive_eps,6723617.0
WLCO,failed,True,True,False,False,False,,missing_positive_eps,284624992.0
WLDN,ok,True,True,True,True,True,forecast_icc,,1218414976.0
WLDS,failed,True,True,False,False,False,,missing_positive_eps,3689611.0
WLFC,ok,True,True,True,True,True,forecast_icc,,1157428736.0
WLII,failed,True,True,False,False,False,,missing_positive_eps,260693968.0
WLK,ok,True,True,True,False,True,forecast_icc,,9018602496.0
WLKP,ok,True,True,True,True,True,forecast_icc,,751794624.0
WLTH,ok,True,True,True,False,True,forecast_icc,,1577382144.0
WLY,ok,True,True,True,True,True,forecast_icc,,2501758720.0
WLYB,ok,True,True,False,True,True,trailing_eps_fallback_icc,,2482498816.0
WM,ok,True,True,True,True,True,forecast_icc,,85271240704.0
WMB,ok,True,True,True,True,True,forecast_icc,,87835656192.0
WMG,ok,True,True,True,True,True,forecast_icc,,14620917760.0
WMK,ok,True,False,False,True,True,trailing_eps_fallback_icc,,
WMS,ok,True,True,True,True,True,forecast_icc,,9476189184.0
WMT,ok,True,True,True,True,True,forecast_icc,,849843257344.0
WNC,ok,True,True,True,False,True,forecast_icc,,493327136.0
WNEB,ok,True,True,True,True,True,forecast_icc,,276633024.0
WNW,failed,True,True,False,False,False,,missing_positive_eps,61876608.0
WOK,failed,True,True,False,False,False,,missing_positive_eps,8489842.0
WOLF,failed,True,True,False,False,False,,missing_positive_eps,1256571648.0
WOOF,ok,True,True,True,True,True,forecast_icc,,687406464.0
WOR,ok,True,True,True,True,True,forecast_icc,,2932671488.0
WPAC,failed,True,True,False,False,False,,missing_positive_eps,157447920.0
WPAC-R,failed,False,False,False,False,False,,missing_price,
WPAC-U,failed,False,False,False,False,False,,missing_price,
WPC,ok,True,True,True,True,True,forecast_icc,,15154377728.0
WPM,ok,True,True,True,True,True,forecast_icc,,69123145728.0
WPP,ok,True,True,True,False,True,forecast_icc,,5552244224.0
WPRT,failed,True,True,False,False,False,,missing_positive_eps,36661764.0
WRAP,failed,True,True,False,False,False,,missing_positive_eps,96989080.0
WRB,ok,True,True,True,True,True,forecast_icc,,26023049216.0
WRBY,ok,True,True,True,True,True,forecast_icc,,2988842752.0
WRD,failed,True,True,False,False,False,,missing_positive_eps,1842154240.0
WRLD,ok,True,True,True,True,True,forecast_icc,,861104512.0
WRN,ok,True,True,False,True,True,trailing_eps_fallback_icc,,545082816.0
WSBC,ok,True,True,True,True,True,forecast_icc,,3758551552.0
WSBF,ok,True,True,True,True,True,forecast_icc,,371405408.0
WSBK,ok,True,True,False,True,True,trailing_eps_fallback_icc,,115907216.0
WSC,ok,True,True,True,False,True,forecast_icc,,3317606400.0
WSE,ok,True,True,True,True,True,forecast_icc,,11529309184.0
WSFS,ok,True,True,True,True,True,forecast_icc,,4068901888.0
WSHP,failed,True,True,False,False,False,,missing_positive_eps,67139176.0
WSM,ok,True,True,True,True,True,forecast_icc,,25784217600.0
WSO,ok,True,True,True,True,True,forecast_icc,,12596768768.0
WSO-B,ok,True,True,False,True,True,trailing_eps_fallback_icc,,12889659392.0
WST,ok,True,True,True,True,True,forecast_icc,,25799753728.0
WSTN,failed,True,True,False,False,False,,missing_positive_eps,81677704.0
WTBA,ok,True,True,True,True,True,forecast_icc,,503898304.0
WTF,failed,True,True,False,False,False,,missing_positive_eps,126382168.0
WTFC,ok,True,True,True,True,True,forecast_icc,,9979354112.0
WTG,ok,True,True,False,True,True,trailing_eps_fallback_icc,,77618848.0
WTI,failed,True,True,False,False,False,,missing_positive_eps,591696320.0
WTM,ok,True,True,True,True,True,forecast_icc,,4912635904.0
WTRG,ok,True,True,True,True,True,forecast_icc,,11804805120.0
WTS,ok,True,True,True,True,True,forecast_icc,,11700424704.0
WTTR,ok,True,True,True,True,True,forecast_icc,,2906059520.0
WTW,ok,True,True,True,True,True,forecast_icc,,28882241536.0
WU,ok,True,True,True,True,True,forecast_icc,,2036569728.0
WULF,failed,True,True,False,False,False,,missing_positive_eps,8218013696.0
WVE,failed,True,True,False,False,False,,missing_positive_eps,874893888.0
WVVI,failed,True,True,False,False,False,,missing_positive_eps,9610491.0
WW,ok,True,True,False,True,True,trailing_eps_fallback_icc,,160380112.0
WWD,ok,True,True,True,True,True,forecast_icc,,18868682752.0
WWR,failed,True,True,False,False,False,,missing_positive_eps,70222112.0
WWW,ok,True,True,True,True,True,forecast_icc,,1587163008.0
WXM,failed,True,True,False,False,False,,missing_positive_eps,31496238.0
WY,ok,True,True,True,True,True,forecast_icc,,15611142144.0
WYFI,ok,True,True,True,False,True,forecast_icc,,693827456.0
WYHG,ok,True,True,False,True,True,trailing_eps_fallback_icc,,155845520.0
WYNN,ok,True,True,True,True,True,forecast_icc,,8542713856.0
WYY,ok,True,True,True,False,True,forecast_icc,,128277608.0
XAIR,failed,True,True,False,False,False,,missing_positive_eps,3031973.0
XBIO,failed,True,True,False,False,False,,missing_positive_eps,5764225.0
XBIT,ok,True,True,True,False,True,forecast_icc,,66463256.0
XBP,ok,True,True,True,False,True,forecast_icc,,37782660.0
XCBE,failed,True,True,False,False,False,,missing_positive_eps,281531264.0
XCH,failed,True,True,False,False,False,,missing_positive_eps,14316858.0
XCUR,failed,True,True,False,False,False,,missing_positive_eps,8837093.0
XE,failed,True,True,False,False,False,,missing_positive_eps,4694200832.0
XEL,ok,True,True,True,True,True,forecast_icc,,45991821312.0
XELB,failed,True,True,False,False,False,,missing_positive_eps,5839956.0
XELLL,failed,True,False,False,False,False,,missing_positive_eps,
XENE,failed,True,True,False,False,False,,missing_positive_eps,5553798656.0
XERS,ok,True,True,True,False,True,forecast_icc,,1487733632.0
XFLH,failed,True,True,False,False,False,,missing_positive_eps,143883040.0
XFLH-R,failed,False,False,False,False,False,,missing_price,
XFLH-U,failed,False,False,False,False,False,,missing_price,
XFLT,failed,True,True,False,False,False,,missing_positive_eps,294260672.0
XFOR,ok,True,True,False,True,True,trailing_eps_fallback_icc,,347013600.0
XGN,failed,True,True,False,False,False,,missing_positive_eps,190653424.0
XHG,failed,True,True,False,False,False,,missing_positive_eps,133509128.0
XHLD,ok,True,True,True,False,True,forecast_icc,,116445048.0
XHR,ok,True,True,True,False,True,forecast_icc,,1746084096.0
XIFR,ok,True,True,True,True,True,forecast_icc,,1062761024.0
XLAB,failed,True,True,False,False,False,,missing_positive_eps,184544000.0
XLO,failed,True,True,False,False,False,,missing_positive_eps,59484584.0
XMAX,ok,True,True,False,True,True,trailing_eps_fallback_icc,,563934720.0
XMTR,ok,True,True,True,False,True,forecast_icc,,5460643840.0
XNCR,failed,True,True,False,False,False,,missing_positive_eps,1828350080.0
XNDU,failed,True,True,False,False,False,,missing_positive_eps,2331652608.0
XNET,ok,True,True,False,True,True,trailing_eps_fallback_icc,,312328192.0
XOM,ok,True,True,True,True,True,forecast_icc,,671351898112.0
XOS,failed,True,True,False,False,False,,missing_positive_eps,36966412.0
XP,ok,True,True,True,True,True,forecast_icc,,10245273600.0
XPEL,ok,True,True,True,True,True,forecast_icc,,1224416896.0
XPER,ok,True,True,True,False,True,forecast_icc,,270195904.0
XPEV,ok,True,True,True,False,True,forecast_icc,,10139892736.0
XPL,failed,True,True,False,False,False,,missing_positive_eps,58420312.0
XPO,ok,True,True,True,True,True,forecast_icc,,20529940480.0
XPOF,ok,True,True,True,False,True,forecast_icc,,184698416.0
XPON,failed,True,True,False,False,False,,missing_positive_eps,4842210.0
XPRO,ok,True,True,True,True,True,forecast_icc,,1842526080.0
XRAY,ok,True,True,True,False,True,forecast_icc,,1868942592.0
XRN,ok,True,True,True,True,True,forecast_icc,,522876992.0
XRPN,ok,True,True,False,True,True,trailing_eps_fallback_icc,,332642688.0
XRTX,ok,True,True,True,False,True,forecast_icc,,3015497.0
XRX,ok,True,True,True,False,True,forecast_icc,,475358528.0
XSLL,failed,True,True,False,False,False,,missing_positive_eps,276523616.0
XTER,failed,True,True,False,False,False,,missing_positive_eps,268249664.0
XTIA,failed,True,True,False,False,False,,missing_positive_eps,35457284.0
XTLB,failed,True,True,False,False,False,,missing_positive_eps,5897911.0
XTND,failed,True,True,False,False,False,,missing_positive_eps,1180885376.0
XTNT,failed,True,True,False,False,False,,missing_positive_eps,45874164.0
XWEL,failed,True,True,False,False,False,,missing_positive_eps,7773285.0
XXI,failed,True,True,False,False,False,,missing_positive_eps,1930763776.0
XXII,ok,True,True,False,True,True,trailing_eps_fallback_icc,,1263769.0
XYF,ok,True,True,True,True,True,forecast_icc,,180973552.0
XYL,ok,True,True,True,True,True,forecast_icc,,25123180544.0
XYZ,ok,True,True,True,True,True,forecast_icc,,45942796288.0
XZO,ok,True,True,True,True,True,forecast_icc,,1494525440.0
YAAS,ok,True,True,False,True,True,trailing_eps_fallback_icc,,20429028.0
YALA,ok,True,True,True,True,True,forecast_icc,,827467968.0
YARW,failed,True,True,False,False,False,,missing_positive_eps,81640832.0
YB,ok,True,True,True,True,True,forecast_icc,,563560832.0
YCBD,ok,True,True,False,True,True,trailing_eps_fallback_icc,,5602522.0
YCY,failed,True,True,False,False,False,,missing_positive_eps,150741600.0
YCY-U,failed,False,False,False,False,False,,missing_price,
YCY-W,failed,False,False,False,False,False,,missing_price,
YDDL,ok,True,True,True,True,True,forecast_icc,,84050000.0
YDES,failed,True,True,False,False,False,,missing_positive_eps,229493552.0
YDKG,failed,True,True,False,False,False,,missing_positive_eps,4587568.0
YELP,ok,True,True,True,True,True,forecast_icc,,1099923584.0
YETI,ok,True,True,True,True,True,forecast_icc,,3008598528.0
YEXT,ok,True,True,True,True,True,forecast_icc,,622576064.0
YFOR,failed,True,True,False,False,False,,missing_positive_eps,14420779.0
YHC,ok,True,True,False,True,True,trailing_eps_fallback_icc,,1681975.0
YHGJ,failed,True,True,False,False,False,,missing_positive_eps,6914757.0
YHNA,ok,True,True,False,True,True,trailing_eps_fallback_icc,,47358324.0
YI,ok,True,True,True,False,True,forecast_icc,,31141252.0
YIBO,failed,True,True,False,False,False,,missing_positive_eps,69304032.0
YICC,failed,True,True,False,False,False,,missing_positive_eps,380266656.0
YJ,ok,True,True,True,True,True,forecast_icc,,9555548.0
YMAT,failed,True,True,False,False,False,,missing_positive_eps,5854750.0
YMM,ok,True,True,True,True,True,forecast_icc,,8471743488.0
YMT,failed,True,True,False,False,False,,missing_positive_eps,962673.0
YORW,ok,True,True,True,True,True,forecast_icc,,536192320.0
YOU,ok,True,True,True,True,True,forecast_icc,,5446459904.0
YOUL,ok,True,True,False,True,True,trailing_eps_fallback_icc,,43019664.0
YPF,ok,True,True,True,True,True,forecast_icc,,21360248832.0
YQ,failed,True,True,False,False,False,,missing_positive_eps,36226676.0
YRD,failed,True,False,False,False,False,,missing_positive_eps,
YSG,ok,True,True,True,False,True,forecast_icc,,246695456.0
YSS,failed,True,True,False,False,False,,missing_positive_eps,1203252608.0
YSWY,ok,True,True,True,False,True,forecast_icc,,678597824.0
YSXT,ok,True,True,False,True,True,trailing_eps_fallback_icc,,41766072.0
YTRA,ok,True,True,True,False,True,forecast_icc,,67189680.0
YUM,ok,True,True,True,True,True,forecast_icc,,37046321152.0
YUMC,ok,True,True,True,True,True,forecast_icc,,14034918400.0
YXT,failed,True,True,False,False,False,,missing_positive_eps,15137509.0
YYAI,failed,True,True,False,False,False,,missing_positive_eps,36242.0
YYGH,failed,True,True,False,False,False,,missing_positive_eps,11520949.0
Z,ok,True,True,True,True,True,forecast_icc,,6768736256.0
ZBAO,failed,True,True,False,False,False,,missing_positive_eps,3951156.0
ZBH,ok,True,True,True,True,True,forecast_icc,,17977028608.0
ZBIO,failed,True,True,False,False,False,,missing_positive_eps,2083699840.0
ZBRA,ok,True,True,True,True,True,forecast_icc,,16455120896.0
ZCMD,failed,True,True,False,False,False,,missing_positive_eps,6990524.0
ZD,ok,True,True,True,False,True,forecast_icc,,2027402624.0
ZDAI,failed,True,True,False,False,False,,missing_positive_eps,13237010.0
ZDGE,ok,True,True,True,False,True,forecast_icc,,39990012.0
ZENA,failed,True,True,False,False,False,,missing_positive_eps,133326288.0
ZEO,failed,True,True,False,False,False,,missing_positive_eps,23421530.0
ZEPP,ok,True,True,True,False,True,forecast_icc,,64525916.0
ZETA,ok,True,True,True,False,True,forecast_icc,,7569953792.0
ZG,ok,True,True,True,True,True,forecast_icc,,6894666240.0
ZGN,ok,True,True,True,True,True,forecast_icc,,5239042560.0
ZH,ok,True,True,True,False,True,forecast_icc,,264702320.0
ZIM,ok,True,True,True,True,True,forecast_icc,,3658977024.0
ZION,ok,True,True,True,True,True,forecast_icc,,9589135360.0
ZIP,ok,True,True,True,True,True,forecast_icc,,314103936.0
ZJK,ok,True,True,True,True,True,forecast_icc,,138936064.0
ZJYL,ok,True,True,False,True,True,trailing_eps_fallback_icc,,147833584.0
ZKH,ok,True,True,True,False,True,forecast_icc,,444911808.0
ZKIN,failed,True,True,False,False,False,,missing_positive_eps,66783540.0
ZKP,failed,True,True,False,False,False,,missing_positive_eps,392497056.0
ZLAB,failed,True,True,False,False,False,,missing_positive_eps,2897591296.0
ZM,ok,True,True,True,True,True,forecast_icc,,26890788864.0
ZNB,failed,True,True,False,False,False,,missing_positive_eps,1319009.0
ZNTL,failed,True,True,False,False,False,,missing_positive_eps,291589472.0
ZONE,failed,True,True,False,False,False,,missing_positive_eps,72401416.0
ZOOZ,ok,True,True,True,False,True,forecast_icc,,55987160.0
ZS,ok,True,True,True,False,True,forecast_icc,,32198412288.0
ZSQR,failed,True,True,False,False,False,,missing_positive_eps,134621008.0
ZSTK,failed,True,True,False,False,False,,missing_positive_eps,98087504.0
ZTEK,failed,False,True,False,False,False,,missing_price,62296812.0
ZTG,failed,True,True,False,False,False,,missing_positive_eps,21811824.0
ZTO,ok,True,True,True,True,True,forecast_icc,,15733414912.0
ZTS,ok,True,True,True,True,True,forecast_icc,,30173587456.0
ZUMZ,ok,True,True,True,True,True,forecast_icc,,206350048.0
ZURA,failed,True,True,False,False,False,,missing_positive_eps,437939168.0
ZVIA,failed,True,True,False,False,False,,missing_positive_eps,100269752.0
ZVRA,ok,True,True,True,True,True,forecast_icc,,703103936.0
ZYBT,failed,True,True,False,False,False,,missing_positive_eps,64926184.0
ZYME,ok,True,True,True,False,True,forecast_icc,,1965073920.0
