ticker,fetch_status,has_price,has_market_cap,has_forward_eps,has_trailing_eps,has_icc,icc_method,unavailable_reason,mktcap
A,ok,True,True,True,True,True,forecast_icc,,43298672640.0
AA,ok,True,True,True,True,True,forecast_icc,,13182276608.0
AAC,failed,True,True,False,False,False,,missing_positive_eps,497152672.0
AAC-U,failed,False,False,False,False,False,,missing_price,
AAC-W,failed,False,False,False,False,False,,missing_price,
AACB,failed,False,True,False,False,False,,missing_price,293078240.0
AACG,failed,True,True,False,False,False,,missing_positive_eps,40183676.0
AACI,failed,True,True,False,False,False,,missing_positive_eps,341659520.0
AACO,failed,True,True,False,False,False,,missing_positive_eps,312675840.0
AACP,failed,True,True,False,False,False,,missing_positive_eps,294245376.0
AADX,ok,True,True,True,False,True,forecast_icc,,2275594496.0
AAL,ok,True,True,True,False,True,forecast_icc,,8890256384.0
AAME,ok,True,True,False,True,True,trailing_eps_fallback_icc,,28352146.0
AAMI,ok,True,True,True,True,True,forecast_icc,,3343170048.0
AAOI,ok,True,True,True,False,True,forecast_icc,,9143558144.0
AAON,ok,True,True,True,True,True,forecast_icc,,6264003072.0
AAP,ok,True,True,True,True,True,forecast_icc,,2544686080.0
AAPG,failed,True,True,False,False,False,,missing_positive_eps,1596951040.0
AAPL,ok,True,True,True,True,True,forecast_icc,,4624166158336.0
AARD,failed,True,True,False,False,False,,missing_positive_eps,133497560.0
AAT,ok,True,True,True,True,True,forecast_icc,,1742277632.0
AAUC,failed,True,True,False,False,False,,missing_positive_eps,3283036160.0
ABAT,failed,True,True,False,False,False,,missing_positive_eps,368318944.0
ABBV,ok,True,True,True,True,True,forecast_icc,,453124259840.0
ABCB,ok,True,True,True,True,True,forecast_icc,,5653785088.0
ABCL,failed,True,True,False,False,False,,missing_positive_eps,3720063488.0
ABEO,failed,True,True,False,False,False,,missing_positive_eps,334526496.0
ABEV,ok,True,True,True,True,True,forecast_icc,,44255391744.0
ABG,ok,True,True,True,True,True,forecast_icc,,3795034880.0
ABLV,failed,True,True,False,False,False,,missing_positive_eps,52847216.0
ABM,ok,True,True,True,True,True,forecast_icc,,2731628544.0
ABNB,ok,True,True,True,True,True,forecast_icc,,109709508608.0
ABOS,failed,True,True,False,False,False,,missing_positive_eps,206104256.0
ABR,ok,True,True,True,True,True,forecast_icc,,1015668608.0
ABSI,failed,True,True,False,False,False,,missing_positive_eps,1551390720.0
ABT,ok,True,True,True,True,True,forecast_icc,,192226492416.0
ABTC,ok,True,True,True,False,True,forecast_icc,,983085056.0
ABTS,failed,True,True,False,False,False,,missing_positive_eps,4789523.0
ABUS,ok,True,True,True,True,True,forecast_icc,,1006377152.0
ABVC,failed,True,True,False,False,False,,missing_positive_eps,22856118.0
ABVX,failed,True,True,False,False,False,,missing_positive_eps,9748867072.0
ABX,ok,True,True,True,True,True,forecast_icc,,938805632.0
ACA,ok,True,True,True,True,True,forecast_icc,,7135219200.0
ACAA,failed,True,True,False,False,False,,missing_positive_eps,355754656.0
ACAD,ok,True,True,True,True,True,forecast_icc,,4950429184.0
ACB,failed,True,True,False,False,False,,missing_positive_eps,256405760.0
ACCL,ok,True,True,False,True,True,trailing_eps_fallback_icc,,40873208.0
ACCO,ok,True,True,True,True,True,forecast_icc,,395076416.0
ACCS,ok,True,True,True,False,True,forecast_icc,,20858806.0
ACDC,failed,True,True,False,False,False,,missing_positive_eps,928826112.0
ACEL,ok,True,True,True,True,True,forecast_icc,,947413312.0
ACET,failed,True,True,False,False,False,,missing_positive_eps,81444960.0
ACFN,ok,True,True,False,True,True,trailing_eps_fallback_icc,,48514424.0
ACGC,failed,True,True,False,False,False,,missing_positive_eps,291138528.0
ACGL,ok,True,True,True,True,True,forecast_icc,,33441869824.0
ACH,ok,True,True,True,False,True,forecast_icc,,93054696.0
ACHC,ok,True,True,True,False,True,forecast_icc,,2565843456.0
ACHR,failed,True,True,False,False,False,,missing_positive_eps,4450755072.0
ACHR-W,failed,False,False,False,False,False,,missing_price,
ACHV,failed,True,True,False,False,False,,missing_positive_eps,817045760.0
ACI,ok,True,True,True,True,True,forecast_icc,,6048763904.0
ACIC,ok,True,True,True,True,True,forecast_icc,,447642336.0
ACIU,ok,True,True,True,False,True,forecast_icc,,262487104.0
ACIW,ok,True,True,True,True,True,forecast_icc,,5378894848.0
ACLS,ok,True,True,True,True,True,forecast_icc,,3561562112.0
ACM,ok,True,True,True,True,True,forecast_icc,,8677999616.0
ACMR,ok,True,True,True,True,True,forecast_icc,,5071854592.0
ACN,ok,True,True,True,True,True,forecast_icc,,116122124288.0
ACNB,ok,True,True,True,True,True,forecast_icc,,663680704.0
ACNT,ok,True,True,True,False,True,forecast_icc,,137109728.0
ACOG,failed,True,True,False,False,False,,missing_positive_eps,201880848.0
ACON,failed,True,True,False,False,False,,missing_positive_eps,6773571.0
ACP,ok,True,True,False,True,True,trailing_eps_fallback_icc,,636136384.0
ACR,ok,True,True,True,False,True,forecast_icc,,99336240.0
ACRE,ok,True,True,True,False,True,forecast_icc,,253548688.0
ACRS,failed,True,True,False,False,False,,missing_positive_eps,890553344.0
ACRV,failed,True,True,False,False,False,,missing_positive_eps,89563520.0
ACT,ok,True,True,True,True,True,forecast_icc,,6626712576.0
ACTG,failed,True,True,False,False,False,,missing_positive_eps,433285440.0
ACTU,failed,True,True,False,False,False,,missing_positive_eps,36501588.0
ACU,ok,True,True,True,True,True,forecast_icc,,238923856.0
ACV,ok,True,True,False,True,True,trailing_eps_fallback_icc,,272375936.0
ACVA,ok,True,True,True,False,True,forecast_icc,,1227331840.0
ACXP,failed,True,True,False,False,False,,missing_positive_eps,6231720.0
AD,ok,True,True,True,True,True,forecast_icc,,3170318336.0
ADAC,failed,True,True,False,False,False,,missing_positive_eps,290087520.0
ADAG,failed,True,True,False,False,False,,missing_positive_eps,235673136.0
ADAM,ok,True,True,True,True,True,forecast_icc,,875429056.0
ADBE,ok,True,True,True,True,True,forecast_icc,,116384030720.0
ADBT,failed,True,False,False,False,False,,missing_positive_eps,
ADC,ok,True,True,True,True,True,forecast_icc,,9011657728.0
ADCT,failed,True,True,False,False,False,,missing_positive_eps,149371200.0
ADEA,ok,True,True,True,True,True,forecast_icc,,2782368256.0
ADGM,failed,True,True,False,False,False,,missing_positive_eps,11736007.0
ADI,ok,True,True,True,True,True,forecast_icc,,175480553472.0
ADIG,ok,True,True,True,True,True,forecast_icc,,1660440448.0
ADIL,failed,True,True,False,False,False,,missing_positive_eps,16868798.0
ADM,ok,True,True,True,True,True,forecast_icc,,39178244096.0
ADMA,ok,True,True,True,True,True,forecast_icc,,2103216128.0
ADNT,ok,True,True,True,True,True,forecast_icc,,1462528640.0
ADP,ok,True,True,True,True,True,forecast_icc,,113680711680.0
ADPT,failed,True,True,False,False,False,,missing_positive_eps,3977128448.0
ADSE,ok,True,True,True,False,True,forecast_icc,,882022976.0
ADSEW,failed,True,False,False,False,False,,missing_positive_eps,
ADSK,ok,True,True,True,True,True,forecast_icc,,54587379712.0
ADT,ok,True,True,True,True,True,forecast_icc,,5398832640.0
ADTN,ok,True,True,True,False,True,forecast_icc,,631480896.0
ADUR,failed,True,True,False,False,False,,missing_positive_eps,489828096.0
ADUS,ok,True,True,True,True,True,forecast_icc,,2140289792.0
ADV,ok,True,True,True,False,True,forecast_icc,,422748928.0
ADVB,ok,True,True,False,True,True,trailing_eps_fallback_icc,,15612657.0
ADXN,failed,True,True,False,False,False,,missing_positive_eps,4962108.0
AEAQ,failed,True,True,False,False,False,,missing_positive_eps,316247872.0
AEBI,ok,True,True,True,True,True,forecast_icc,,981681088.0
AEC,failed,True,True,False,False,False,,missing_positive_eps,88178896.0
AEE,ok,True,True,True,True,True,forecast_icc,,29348155392.0
AEF,ok,True,True,False,True,True,trailing_eps_fallback_icc,,387743616.0
AEG,ok,True,True,True,True,True,forecast_icc,,13571937280.0
AEHL,failed,True,True,False,False,False,,missing_positive_eps,7363080.0
AEHR,ok,True,True,True,False,True,forecast_icc,,2585822976.0
AEI,failed,True,True,False,False,False,,missing_positive_eps,55232080.0
AEIS,ok,True,True,True,True,True,forecast_icc,,11088364544.0
AEM,ok,True,True,True,True,True,forecast_icc,,102847766528.0
AEMD,failed,True,True,False,False,False,,missing_positive_eps,1464940.0
AENT,ok,True,True,True,True,True,forecast_icc,,249691104.0
AEO,ok,True,True,True,True,True,forecast_icc,,2786744320.0
AEON,failed,True,True,False,False,False,,missing_positive_eps,14760318.0
AEP,ok,True,True,True,True,True,forecast_icc,,66650570752.0
AER,ok,True,True,True,True,True,forecast_icc,,22939443200.0
AERO,ok,True,True,True,True,True,forecast_icc,,2117058432.0
AERT,ok,True,True,False,True,True,trailing_eps_fallback_icc,,38398408.0
AES,ok,True,True,True,True,True,forecast_icc,,10511944704.0
AESI,ok,True,True,True,False,True,forecast_icc,,1637545216.0
AESP,failed,True,True,False,False,False,,missing_positive_eps,213460608.0
AEVA,failed,True,True,False,False,False,,missing_positive_eps,1091592192.0
AEXA,failed,True,True,False,False,False,,missing_positive_eps,577206528.0
AEYE,ok,True,True,True,False,True,forecast_icc,,92638496.0
AFBI,failed,False,True,False,False,False,,missing_price,140182352.0
AFCG,ok,True,True,True,True,True,forecast_icc,,81150936.0
AFG,ok,True,True,True,True,True,forecast_icc,,11820454912.0
AFJK,ok,True,True,False,True,True,trailing_eps_fallback_icc,,38027648.0
AFL,ok,True,True,True,True,True,forecast_icc,,58080620544.0
AFRI,failed,True,True,False,False,False,,missing_positive_eps,293635968.0
AFRM,ok,True,True,True,True,True,forecast_icc,,25121011712.0
AFYA,ok,True,True,True,True,True,forecast_icc,,1291782016.0
AG,ok,True,True,True,True,True,forecast_icc,,10148941824.0
AGBK,ok,True,True,True,True,True,forecast_icc,,992580480.0
AGCC,ok,True,True,False,True,True,trailing_eps_fallback_icc,,334050080.0
AGCO,ok,True,True,True,True,True,forecast_icc,,8285453824.0
AGD,ok,True,True,False,True,True,trailing_eps_fallback_icc,,326484352.0
AGEN,ok,True,True,True,True,True,forecast_icc,,342523616.0
AGI,ok,True,True,True,True,True,forecast_icc,,15325110272.0
AGIG,failed,True,True,False,False,False,,missing_positive_eps,47104420.0
AGIO,failed,True,True,False,False,False,,missing_positive_eps,2010759296.0
AGL,ok,True,True,True,False,True,forecast_icc,,1475779456.0
AGM,ok,True,True,True,True,True,forecast_icc,,2386620928.0
AGM-A,ok,True,True,False,True,True,trailing_eps_fallback_icc,,1671394304.0
AGMB,failed,True,True,False,False,False,,missing_positive_eps,648595840.0
AGMH,ok,True,True,False,True,True,trailing_eps_fallback_icc,,4437606.0
AGNC,ok,True,True,True,True,True,forecast_icc,,12720216064.0
AGNT,ok,True,True,True,False,True,forecast_icc,,677014528.0
AGO,ok,True,True,True,True,True,forecast_icc,,3285246720.0
AGPU,failed,True,True,False,False,False,,missing_positive_eps,115447592.0
AGRO,ok,True,True,True,True,True,forecast_icc,,1642224640.0
AGRZ,ok,True,True,False,True,True,trailing_eps_fallback_icc,,4759497.0
AGX,ok,True,True,True,True,True,forecast_icc,,5958039552.0
AGYS,ok,True,True,True,True,True,forecast_icc,,3283435776.0
AHCO,failed,True,True,False,False,False,,missing_positive_eps,760542656.0
AHG,failed,True,True,False,False,False,,missing_positive_eps,771033728.0
AHMA,ok,True,True,False,True,True,trailing_eps_fallback_icc,,41020500.0
AHR,ok,True,True,True,True,True,forecast_icc,,12035712000.0
AHRT,failed,True,True,False,False,False,,missing_positive_eps,621491648.0
AHT,failed,True,True,False,False,False,,missing_positive_eps,21425748.0
AI,failed,True,True,False,False,False,,missing_positive_eps,1681961216.0
AIAI,failed,True,True,False,False,False,,missing_positive_eps,263572096.0
AIB,failed,True,True,False,False,False,,missing_positive_eps,86616584.0
AIBZ,failed,True,True,False,False,False,,missing_positive_eps,296936928.0
AIDX,failed,True,True,False,False,False,,missing_positive_eps,7869060.0
AIFA,failed,True,True,False,False,False,,missing_positive_eps,19389354.0
AIFC,failed,True,True,False,False,False,,missing_positive_eps,76910080.0
AIFF,failed,True,True,False,False,False,,missing_positive_eps,17573154.0
AIFU,ok,True,True,True,False,True,forecast_icc,,127343424.0
AIG,ok,True,True,True,True,True,forecast_icc,,39928123392.0
AIHS,failed,True,True,False,False,False,,missing_positive_eps,25621180.0
AII,ok,True,True,True,True,True,forecast_icc,,509429120.0
AIIA,failed,True,True,False,False,False,,missing_positive_eps,197143808.0
AIIA-R,failed,False,False,False,False,False,,missing_price,
AIIA-U,failed,False,False,False,False,False,,missing_price,
AIIO,failed,True,True,False,False,False,,missing_positive_eps,373634208.0
AIIR,ok,True,True,True,False,True,forecast_icc,,1199691776.0
AIM,failed,True,True,False,False,False,,missing_positive_eps,6879923.0
AIMD,failed,True,True,False,False,False,,missing_positive_eps,10337702.0
AIN,ok,True,True,True,False,True,forecast_icc,,1571715712.0
AIO,ok,True,True,False,True,True,trailing_eps_fallback_icc,,904369216.0
AIOS,failed,True,True,False,False,False,,missing_positive_eps,50382000.0
AIOT,ok,True,True,True,False,True,forecast_icc,,402677760.0
AIP,ok,True,True,True,False,True,forecast_icc,,1075447936.0
AIR,ok,True,True,True,True,True,forecast_icc,,5205065216.0
AIRE,failed,True,True,False,False,False,,missing_positive_eps,9486601.0
AIRG,ok,True,True,True,False,True,forecast_icc,,68907232.0
AIRI,ok,True,True,True,False,True,forecast_icc,,12902751.0
AIRJ,failed,True,True,False,False,False,,missing_positive_eps,332263712.0
AIRO,failed,True,True,False,False,False,,missing_positive_eps,240456080.0
AIRS,failed,True,True,False,False,False,,missing_positive_eps,181679920.0
AIRT,ok,True,True,False,True,True,trailing_eps_fallback_icc,,85199136.0
AISP,ok,True,True,True,True,True,forecast_icc,,73356264.0
AIT,ok,True,True,True,True,True,forecast_icc,,11889695744.0
AIV,ok,True,True,False,True,True,trailing_eps_fallback_icc,,387227744.0
AIXC,failed,True,True,False,False,False,,missing_positive_eps,16461166.0
AIXI,failed,True,True,False,False,False,,missing_positive_eps,463055.0
AIZ,ok,True,True,True,True,True,forecast_icc,,13902396416.0
AJG,ok,True,True,True,True,True,forecast_icc,,67199791104.0
AKA,failed,True,True,False,False,False,,missing_positive_eps,114966480.0
AKAM,ok,True,True,True,True,True,forecast_icc,,15610498048.0
AKAN,failed,True,True,False,False,False,,missing_positive_eps,2203927.0
AKBA,failed,True,True,False,False,False,,missing_positive_eps,254605216.0
AKO-A,ok,True,True,False,True,True,trailing_eps_fallback_icc,,3726806016.0
AKO-B,ok,True,True,True,True,True,forecast_icc,,4605065728.0
AKR,ok,True,True,True,True,True,forecast_icc,,2984384512.0
AKTS,failed,True,True,False,False,False,,missing_positive_eps,1441101184.0
AKTX,failed,True,True,False,False,False,,missing_positive_eps,20307022.0
ALAB,ok,True,True,True,True,True,forecast_icc,,51521609728.0
ALAR,ok,True,True,True,True,True,forecast_icc,,11978586.0
ALB,ok,True,True,True,True,True,forecast_icc,,15927142400.0
ALC,ok,True,True,True,True,True,forecast_icc,,34833801216.0
ALCO,ok,True,True,False,True,True,trailing_eps_fallback_icc,,294739424.0
ALDF,ok,True,True,False,True,True,trailing_eps_fallback_icc,,322278016.0
ALDX,failed,True,True,False,False,False,,missing_positive_eps,89283104.0
ALEC,failed,True,True,False,False,False,,missing_positive_eps,252344640.0
ALF,ok,True,True,False,True,True,trailing_eps_fallback_icc,,391000000.0
ALG,ok,True,True,True,True,True,forecast_icc,,2003097472.0
ALGM,ok,True,True,True,True,True,forecast_icc,,6757074432.0
ALGN,ok,True,True,True,True,True,forecast_icc,,11351457792.0
ALGS,failed,True,True,False,False,False,,missing_positive_eps,36593112.0
ALGT,ok,True,True,True,True,True,forecast_icc,,2079036416.0
ALH,ok,True,True,True,True,True,forecast_icc,,4554257920.0
ALHC,ok,True,True,True,True,True,forecast_icc,,2779630848.0
ALIS,ok,True,True,False,True,True,trailing_eps_fallback_icc,,85960496.0
ALIT,ok,True,True,True,False,True,forecast_icc,,530358624.0
ALK,ok,True,True,True,False,True,forecast_icc,,4611062784.0
ALKS,ok,True,True,True,True,True,forecast_icc,,7883195904.0
ALKT,ok,True,True,True,False,True,forecast_icc,,2181616384.0
ALL,ok,True,True,True,True,True,forecast_icc,,65186775040.0
ALLE,ok,True,True,True,True,True,forecast_icc,,13201960960.0
ALLO,failed,True,True,False,False,False,,missing_positive_eps,690981760.0
ALLR,failed,True,True,False,False,False,,missing_positive_eps,22434120.0
ALLT,ok,True,True,True,True,True,forecast_icc,,377686336.0
ALLY,ok,True,True,True,True,True,forecast_icc,,12840267776.0
ALM,ok,True,True,True,True,True,forecast_icc,,5050605056.0
ALMR,failed,True,True,False,False,False,,missing_positive_eps,2119255168.0
ALMS,failed,True,True,False,False,False,,missing_positive_eps,2822982400.0
ALMU,failed,True,True,False,False,False,,missing_positive_eps,239799904.0
ALNT,ok,True,True,True,True,True,forecast_icc,,1598406144.0
ALNY,ok,True,True,True,True,True,forecast_icc,,32206518272.0
ALOT,ok,True,True,True,False,True,forecast_icc,,227316416.0
ALOV,failed,True,True,False,False,False,,missing_positive_eps,374812320.0
ALOY,failed,True,True,False,False,False,,missing_positive_eps,714022080.0
ALP,failed,True,True,False,False,False,,missing_positive_eps,13158208.0
ALPS,failed,True,True,False,False,False,,missing_positive_eps,64879484.0
ALPX,failed,True,True,False,False,False,,missing_positive_eps,147037440.0
ALRM,ok,True,True,True,True,True,forecast_icc,,2825633536.0
ALRS,ok,True,True,True,True,True,forecast_icc,,819316544.0
ALSN,ok,True,True,True,True,True,forecast_icc,,10380884992.0
ALT,failed,True,True,False,False,False,,missing_positive_eps,604950016.0
ALTG,failed,True,True,False,False,False,,missing_positive_eps,192734544.0
ALTI,ok,True,True,True,False,True,forecast_icc,,608179392.0
ALTO,ok,True,True,True,True,True,forecast_icc,,307171136.0
ALUB,failed,True,True,False,False,False,,missing_positive_eps,363328128.0
ALUB-U,failed,False,False,False,False,False,,missing_price,
ALUB-W,failed,False,False,False,False,False,,missing_price,
ALV,ok,True,True,True,True,True,forecast_icc,,8877082624.0
ALVO,ok,True,True,True,False,True,forecast_icc,,1851880320.0
ALX,ok,True,True,True,True,True,forecast_icc,,1387446400.0
ALXO,failed,True,True,False,False,False,,missing_positive_eps,266874592.0
ALZN,failed,True,True,False,False,False,,missing_positive_eps,7721157.0
AM,ok,True,True,True,True,True,forecast_icc,,10642190336.0
AMAL,ok,True,True,True,True,True,forecast_icc,,1437300096.0
AMAN,failed,True,True,False,False,False,,missing_positive_eps,103425744.0
AMAT,ok,True,True,True,True,True,forecast_icc,,363777130496.0
AMBA,ok,True,True,True,False,True,forecast_icc,,3043574528.0
AMBO,failed,True,True,False,False,False,,missing_positive_eps,5749247.0
AMBP,ok,True,True,True,True,True,forecast_icc,,3036347904.0
AMBQ,failed,True,True,False,False,False,,missing_positive_eps,1410200320.0
AMBR,ok,True,True,False,True,True,trailing_eps_fallback_icc,,109359288.0
AMC,failed,True,True,False,False,False,,missing_positive_eps,2356476160.0
AMCI,failed,True,True,False,False,False,,missing_positive_eps,92825696.0
AMCR,ok,True,True,True,True,True,forecast_icc,,21217044480.0
AMCX,ok,True,True,True,False,True,forecast_icc,,519337152.0
AMD,ok,True,True,True,True,True,forecast_icc,,768438632448.0
AME,ok,True,True,True,True,True,forecast_icc,,53901672448.0
AMG,ok,True,True,True,True,True,forecast_icc,,9521368064.0
AMGN,ok,True,True,True,True,True,forecast_icc,,232406892544.0
AMH,ok,True,True,True,True,True,forecast_icc,,13651401728.0
AMIX,failed,True,True,False,False,False,,missing_positive_eps,4690137.0
AMKR,ok,True,True,True,True,True,forecast_icc,,11724369920.0
AMLX,failed,True,True,False,False,False,,missing_positive_eps,3760527872.0
AMN,ok,True,True,True,True,True,forecast_icc,,1327664128.0
AMOD,failed,True,True,False,False,False,,missing_positive_eps,12168704.0
AMP,ok,True,True,True,True,True,forecast_icc,,48894922752.0
AMPG,ok,True,True,True,False,True,forecast_icc,,101247896.0
AMPH,ok,True,True,True,True,True,forecast_icc,,958379904.0
AMPL,ok,True,True,True,False,True,forecast_icc,,1761316608.0
AMPX,ok,True,True,True,False,True,forecast_icc,,1443276544.0
AMPX-W,failed,False,False,False,False,False,,missing_price,
AMPY,ok,True,True,True,True,True,forecast_icc,,203965728.0
AMR,ok,True,True,True,False,True,forecast_icc,,2988450816.0
AMRC,ok,True,True,True,True,True,forecast_icc,,1173824640.0
AMRN,ok,True,True,True,False,True,forecast_icc,,291051232.0
AMRX,ok,True,True,True,True,True,forecast_icc,,6084731392.0
AMRZ,ok,True,True,True,True,True,forecast_icc,,23900651520.0
AMS,ok,True,True,True,False,True,forecast_icc,,9576000.0
AMSC,ok,True,True,True,True,True,forecast_icc,,1390773888.0
AMSF,ok,True,True,True,True,True,forecast_icc,,487046240.0
AMSS,failed,True,True,False,False,False,,missing_positive_eps,9272460.0
AMST,failed,True,True,False,False,False,,missing_positive_eps,6877343.0
AMT,ok,True,True,True,True,True,forecast_icc,,81869185024.0
AMTB,ok,True,True,True,True,True,forecast_icc,,1125140736.0
AMTD,ok,True,True,False,True,True,trailing_eps_fallback_icc,,72027200.0
AMTM,ok,True,True,True,True,True,forecast_icc,,4887683072.0
AMTX,failed,True,True,False,False,False,,missing_positive_eps,134957136.0
AMWL,failed,True,True,False,False,False,,missing_positive_eps,200000544.0
AMX,ok,True,True,True,True,True,forecast_icc,,69019435008.0
AMZE,ok,True,True,True,False,True,forecast_icc,,1227157.0
AMZN,ok,True,True,True,True,True,forecast_icc,,2801960484864.0
AN,ok,True,True,True,True,True,forecast_icc,,6653487104.0
ANAB,ok,True,True,True,False,True,forecast_icc,,1688571520.0
ANDE,ok,True,True,True,True,True,forecast_icc,,2209086720.0
ANDG,ok,True,True,True,True,True,forecast_icc,,6297976832.0
ANET,ok,True,True,True,True,True,forecast_icc,,246809067520.0
ANF,ok,True,True,True,True,True,forecast_icc,,6357289472.0
ANGH,failed,True,True,False,False,False,,missing_positive_eps,30276458.0
ANGI,ok,True,True,True,False,True,forecast_icc,,188083280.0
ANGO,failed,True,True,False,False,False,,missing_positive_eps,666691392.0
ANGX,failed,True,True,False,False,False,,missing_positive_eps,786244096.0
ANIK,ok,True,True,True,False,True,forecast_icc,,279302496.0
ANIP,ok,True,True,True,True,True,forecast_icc,,1682578304.0
ANIX,failed,True,True,False,False,False,,missing_positive_eps,113977264.0
ANL,failed,True,True,False,False,False,,missing_positive_eps,913806656.0
ANNA,ok,True,True,False,True,True,trailing_eps_fallback_icc,,119954200.0
ANNX,failed,True,True,False,False,False,,missing_positive_eps,936520960.0
ANPA,ok,True,True,False,True,True,trailing_eps_fallback_icc,,61539648.0
ANRO,failed,True,True,False,False,False,,missing_positive_eps,1388385664.0
ANSC,failed,False,True,False,False,False,,missing_price,476131328.0
ANTA,ok,True,True,False,True,True,trailing_eps_fallback_icc,,89093216.0
ANTX,failed,True,True,False,False,False,,missing_positive_eps,209436112.0
ANVS,failed,True,True,False,False,False,,missing_positive_eps,73282584.0
ANY,failed,True,True,False,False,False,,missing_positive_eps,19934028.0
AOD,ok,True,True,False,True,True,trailing_eps_fallback_icc,,1142200448.0
AOMR,ok,True,True,True,True,True,forecast_icc,,192683472.0
AON,ok,True,True,True,True,True,forecast_icc,,68202569728.0
AORT,ok,True,True,True,False,True,forecast_icc,,1315930368.0
AOS,ok,True,True,True,True,True,forecast_icc,,8036274176.0
AOSL,ok,True,True,True,False,True,forecast_icc,,746193280.0
AOUT,ok,True,True,True,False,True,forecast_icc,,133381440.0
AP,ok,True,True,True,False,True,forecast_icc,,177250960.0
APA,ok,True,True,True,True,True,forecast_icc,,15117668352.0
APAC,ok,True,True,False,True,True,trailing_eps_fallback_icc,,82436272.0
APAM,ok,True,True,True,True,True,forecast_icc,,3022318080.0
APC,ok,True,True,True,True,True,forecast_icc,,1498649472.0
APD,ok,True,True,True,False,True,forecast_icc,,68912267264.0
APEI,ok,True,True,True,True,True,forecast_icc,,835465536.0
APG,ok,True,True,True,False,True,forecast_icc,,16962291712.0
APGE,failed,True,True,False,False,False,,missing_positive_eps,10223899648.0
APH,ok,True,True,True,True,True,forecast_icc,,195489529856.0
API,ok,True,True,True,True,True,forecast_icc,,354263584.0
APLD,failed,True,True,False,False,False,,missing_positive_eps,7224159744.0
APLE,ok,True,True,True,True,True,forecast_icc,,3765519104.0
APLM,failed,True,True,False,False,False,,missing_positive_eps,78454080.0
APMC,failed,True,True,False,False,False,,missing_positive_eps,199186576.0
APMD,ok,True,True,False,True,True,trailing_eps_fallback_icc,,1045358592.0
APO,ok,True,True,True,True,True,forecast_icc,,80656384000.0
APOG,ok,True,True,True,True,True,forecast_icc,,815115584.0
APP,ok,True,True,True,True,True,forecast_icc,,104431042560.0
APPF,ok,True,True,True,True,True,forecast_icc,,8295013888.0
APPN,ok,True,True,True,False,True,forecast_icc,,3076405504.0
APPS,ok,True,True,True,False,True,forecast_icc,,1302134912.0
APRE,failed,True,True,False,False,False,,missing_positive_eps,10072909.0
APT,ok,True,True,True,True,True,forecast_icc,,56236264.0
APTV,ok,True,True,True,True,True,forecast_icc,,9472134144.0
APUR,failed,True,True,False,False,False,,missing_positive_eps,147483376.0
APUS,failed,True,True,False,False,False,,missing_positive_eps,5855378.0
APVO,ok,True,True,False,True,True,trailing_eps_fallback_icc,,4396807.0
APWC,ok,True,True,False,True,True,trailing_eps_fallback_icc,,57725436.0
APXT,failed,True,True,False,False,False,,missing_positive_eps,465115200.0
APYX,failed,True,True,False,False,False,,missing_positive_eps,128478272.0
AQB,failed,True,True,False,False,False,,missing_positive_eps,6562685.0
AQMS,failed,True,True,False,False,False,,missing_positive_eps,10629211.0
AQN,ok,True,True,True,True,True,forecast_icc,,4357644800.0
AQNB,failed,True,False,False,False,False,,missing_positive_eps,
AQST,failed,True,True,False,False,False,,missing_positive_eps,641364544.0
AR,ok,True,True,True,True,True,forecast_icc,,11830252544.0
ARAI,failed,True,True,False,False,False,,missing_positive_eps,12704483.0
ARAY,failed,True,True,False,False,False,,missing_positive_eps,31412538.0
ARBB,failed,True,True,False,False,False,,missing_positive_eps,7678863.0
ARBE,failed,True,True,False,False,False,,missing_positive_eps,83245816.0
ARBK,ok,True,True,False,True,True,trailing_eps_fallback_icc,,42660724.0
ARCB,ok,True,True,True,True,True,forecast_icc,,3083816448.0
ARCI,failed,True,True,False,False,False,,missing_positive_eps,357556704.0
ARCL,failed,True,True,False,False,False,,missing_positive_eps,179240336.0
ARCO,ok,True,True,True,True,True,forecast_icc,,1668451456.0
ARCT,failed,True,True,False,False,False,,missing_positive_eps,419524480.0
ARDC,ok,True,True,False,True,True,trailing_eps_fallback_icc,,297178400.0
ARDT,ok,True,True,True,True,True,forecast_icc,,1526116608.0
ARDX,ok,True,True,True,False,True,forecast_icc,,975948992.0
ARE,ok,True,True,True,False,True,forecast_icc,,8826767360.0
AREC,ok,True,True,True,False,True,forecast_icc,,252452192.0
AREN,ok,True,True,True,True,True,forecast_icc,,53323932.0
ARES,ok,True,True,True,True,True,forecast_icc,,47224139776.0
ARGX,ok,True,True,True,True,True,forecast_icc,,64541675520.0
ARHS,ok,True,True,True,True,True,forecast_icc,,1234657536.0
ARI,ok,True,True,True,True,True,forecast_icc,,885945536.0
ARIS,ok,True,True,True,True,True,forecast_icc,,4126549504.0
ARKO,ok,True,True,True,True,True,forecast_icc,,511566880.0
ARKR,failed,True,True,False,False,False,,missing_positive_eps,19797802.0
ARL,ok,True,True,False,True,True,trailing_eps_fallback_icc,,242280640.0
ARLO,ok,True,True,True,True,True,forecast_icc,,1415114880.0
ARLP,ok,True,True,True,True,True,forecast_icc,,3409458176.0
ARM,ok,True,True,True,True,True,forecast_icc,,258359541760.0
ARMK,ok,True,True,True,True,True,forecast_icc,,14844726272.0
ARMP,failed,True,True,False,False,False,,missing_positive_eps,204872720.0
AROC,ok,True,True,True,True,True,forecast_icc,,5526660096.0
AROW,ok,True,True,True,True,True,forecast_icc,,699085376.0
ARQ,ok,True,True,True,False,True,forecast_icc,,92577184.0
ARQQ,failed,True,True,False,False,False,,missing_positive_eps,345959936.0
ARQT,ok,True,True,True,True,True,forecast_icc,,3012836096.0
ARR,ok,True,True,True,True,True,forecast_icc,,2295990272.0
ARRY,ok,True,True,True,False,True,forecast_icc,,680714048.0
ARTC,failed,True,False,False,False,False,,missing_positive_eps,
ARTL,failed,True,True,False,False,False,,missing_positive_eps,3483836.0
ARTNA,ok,True,True,True,True,True,forecast_icc,,367335680.0
ARTV,failed,True,True,False,False,False,,missing_positive_eps,552458368.0
ARTW,failed,True,True,False,False,False,,missing_positive_eps,14355825.0
ARVN,ok,True,True,False,True,True,trailing_eps_fallback_icc,,601552960.0
ARW,ok,True,True,True,True,True,forecast_icc,,10406595584.0
ARWR,failed,True,True,False,False,False,,missing_positive_eps,11605210112.0
ARX,ok,True,True,True,False,True,forecast_icc,,4285129984.0
ARXS,ok,True,True,True,True,True,forecast_icc,,22303879168.0
AS,ok,True,True,True,True,True,forecast_icc,,17774661632.0
ASA,ok,True,True,False,True,True,trailing_eps_fallback_icc,,1198671616.0
ASAN,ok,True,True,True,False,True,forecast_icc,,2435347712.0
ASB,ok,True,True,True,True,True,forecast_icc,,5776657920.0
ASBP,failed,True,True,False,False,False,,missing_positive_eps,12594961.0
ASC,ok,True,True,True,True,True,forecast_icc,,709557440.0
ASGI,ok,True,True,False,True,True,trailing_eps_fallback_icc,,710700160.0
ASH,ok,True,True,True,True,True,forecast_icc,,3358027776.0
ASIC,ok,True,True,True,True,True,forecast_icc,,1259040384.0
ASIX,ok,True,True,True,False,True,forecast_icc,,453889920.0
ASLE,ok,True,True,True,False,True,forecast_icc,,262019920.0
ASM,ok,True,True,True,True,True,forecast_icc,,1239943424.0
ASMB,ok,True,True,True,True,True,forecast_icc,,684726848.0
ASML,ok,True,True,True,True,True,forecast_icc,,651437473792.0
ASND,ok,True,True,True,True,True,forecast_icc,,17253539840.0
ASO,ok,True,True,True,True,True,forecast_icc,,2664309248.0
ASPC,ok,True,True,False,True,True,trailing_eps_fallback_icc,,25362754.0
ASPI,failed,True,True,False,False,False,,missing_positive_eps,616303680.0
ASPN,failed,True,True,False,False,False,,missing_positive_eps,409134688.0
ASPS,ok,True,True,True,False,True,forecast_icc,,63267940.0
ASR,ok,True,True,True,True,True,forecast_icc,,7703525888.0
ASRV,ok,True,True,False,True,True,trailing_eps_fallback_icc,,82009864.0
ASST,failed,True,True,False,False,False,,missing_positive_eps,2172132352.0
ASTC,failed,True,True,False,False,False,,missing_positive_eps,15111463.0
ASTE,ok,True,True,True,True,True,forecast_icc,,979729408.0
ASTH,ok,True,True,True,True,True,forecast_icc,,1890422528.0
ASTI,failed,True,True,False,False,False,,missing_positive_eps,28271322.0
ASTL,failed,True,True,False,False,False,,missing_positive_eps,443159136.0
ASTS,failed,True,True,False,False,False,,missing_positive_eps,22999797760.0
ASUR,ok,True,True,True,False,True,forecast_icc,,263379472.0
ASX,ok,True,True,True,True,True,forecast_icc,,96205438976.0
ASYS,ok,True,True,True,True,True,forecast_icc,,255968416.0
ATAI,failed,True,True,False,False,False,,missing_positive_eps,2722146816.0
ATAT,ok,True,True,True,True,True,forecast_icc,,4833744384.0
ATCH,ok,True,True,True,False,True,forecast_icc,,28218402.0
ATCX,failed,True,True,False,False,False,,missing_positive_eps,17639176.0
ATEC,ok,True,True,True,False,True,forecast_icc,,1441005824.0
ATEN,ok,True,True,True,True,True,forecast_icc,,1843543040.0
ATER,failed,True,True,False,False,False,,missing_positive_eps,7186764.0
ATEX,ok,True,True,True,True,True,forecast_icc,,1782333440.0
ATGL,failed,True,True,False,False,False,,missing_positive_eps,113262000.0
ATHE,failed,True,True,False,False,False,,missing_positive_eps,81384360.0
ATHM,ok,True,True,True,True,True,forecast_icc,,2526849792.0
ATHR,failed,True,True,False,False,False,,missing_positive_eps,37203700.0
ATI,ok,True,True,True,True,True,forecast_icc,,27805992960.0
ATII,failed,True,True,False,False,False,,missing_positive_eps,316317088.0
ATKR,ok,True,True,True,False,True,forecast_icc,,3164150528.0
ATLC,ok,True,True,True,True,True,forecast_icc,,1372433408.0
ATLO,ok,True,True,True,True,True,forecast_icc,,278913856.0
ATLQ,failed,True,False,False,False,False,,missing_positive_eps,
ATLX,failed,True,True,False,False,False,,missing_positive_eps,96319376.0
ATMU,ok,True,True,True,True,True,forecast_icc,,3853756672.0
ATNI,ok,True,True,True,True,True,forecast_icc,,464719296.0
ATNM,ok,True,True,True,True,True,forecast_icc,,32002494.0
ATO,ok,True,True,True,True,True,forecast_icc,,28074070016.0
ATOM,failed,True,True,False,False,False,,missing_positive_eps,162340000.0
ATOS,failed,True,True,False,False,False,,missing_positive_eps,24948244.0
ATPC,failed,True,True,False,False,False,,missing_positive_eps,2361477.0
ATR,ok,True,True,True,True,True,forecast_icc,,8368547840.0
ATRA,ok,True,True,True,False,True,forecast_icc,,89335616.0
ATRC,ok,True,True,True,True,True,forecast_icc,,2459385344.0
ATRO,ok,True,True,True,True,True,forecast_icc,,3168477696.0
ATS,ok,True,True,True,True,True,forecast_icc,,1889924096.0
ATTO,failed,True,True,False,False,False,,missing_positive_eps,920820928.0
ATXG,failed,True,True,False,False,False,,missing_positive_eps,4175918.0
ATYR,failed,True,True,False,False,False,,missing_positive_eps,52153084.0
AU,ok,True,True,True,True,True,forecast_icc,,56808001536.0
AUB,ok,True,True,True,True,True,forecast_icc,,5759725056.0
AUBN,ok,True,True,False,True,True,trailing_eps_fallback_icc,,91636880.0
AUC,failed,True,True,False,False,False,,missing_positive_eps,69109912.0
AUDC,ok,True,True,True,True,True,forecast_icc,,241527936.0
AUGO,ok,True,True,True,True,True,forecast_icc,,7007083008.0
AUID,failed,True,True,False,False,False,,missing_positive_eps,7532513.0
AUNA,ok,True,True,True,True,True,forecast_icc,,382871168.0
AUPH,ok,True,True,True,True,True,forecast_icc,,2143454336.0
AUR,failed,True,True,False,False,False,,missing_positive_eps,11283394560.0
AURA,failed,True,True,False,False,False,,missing_positive_eps,744600512.0
AURE,failed,True,True,False,False,False,,missing_positive_eps,55648000.0
AUST,failed,True,True,False,False,False,,missing_positive_eps,16294672.0
AUTL,failed,True,True,False,False,False,,missing_positive_eps,625481984.0
AUUD,ok,True,True,False,True,True,trailing_eps_fallback_icc,,5728771.0
AVA,ok,True,True,True,True,True,forecast_icc,,3112255232.0
AVAH,ok,True,True,True,True,True,forecast_icc,,2929460992.0
AVAL,ok,True,True,True,True,True,forecast_icc,,6220790272.0
AVAT,failed,True,True,False,False,False,,missing_positive_eps,27446528.0
AVAV,ok,True,True,True,False,True,forecast_icc,,7539535360.0
AVBC,ok,True,True,True,True,True,forecast_icc,,409143712.0
AVBH,ok,True,True,True,False,True,forecast_icc,,345320608.0
AVBP,failed,True,True,False,False,False,,missing_positive_eps,1481697152.0
AVD,ok,True,True,True,False,True,forecast_icc,,64901392.0
AVEX,ok,True,True,True,True,True,forecast_icc,,993877888.0
AVGO,ok,True,True,True,True,True,forecast_icc,,1761922252800.0
AVIR,failed,True,True,False,False,False,,missing_positive_eps,429095104.0
AVLN,failed,True,True,False,False,False,,missing_positive_eps,1539688448.0
AVNT,ok,True,True,True,True,True,forecast_icc,,4041163520.0
AVNW,ok,True,True,True,True,True,forecast_icc,,255134672.0
AVO,ok,True,True,True,True,True,forecast_icc,,1124162432.0
AVPT,ok,True,True,True,True,True,forecast_icc,,2944990720.0
AVR,failed,True,True,False,False,False,,missing_positive_eps,838116288.0
AVT,ok,True,True,True,True,True,forecast_icc,,7350455296.0
AVTR,ok,True,True,True,False,True,forecast_icc,,9834257408.0
AVTX,failed,True,True,False,False,False,,missing_positive_eps,1037203968.0
AVX,ok,True,True,False,True,True,trailing_eps_fallback_icc,,26038788.0
AVXL,failed,True,True,False,False,False,,missing_positive_eps,259551152.0
AVY,ok,True,True,True,True,True,forecast_icc,,13317740544.0
AWI,ok,True,True,True,True,True,forecast_icc,,7293718016.0
AWK,ok,True,True,True,True,True,forecast_icc,,27470307328.0
AWP,ok,True,True,False,True,True,trailing_eps_fallback_icc,,356074176.0
AWR,ok,True,True,True,True,True,forecast_icc,,3539064832.0
AWRE,failed,True,True,False,False,False,,missing_positive_eps,26611416.0
AWX,ok,True,True,False,True,True,trailing_eps_fallback_icc,,10177517.0
AX,ok,True,True,True,True,True,forecast_icc,,5491288576.0
AXG,failed,True,True,False,False,False,,missing_positive_eps,432552576.0
AXGN,ok,True,True,True,False,True,forecast_icc,,2728934144.0
AXIL,ok,True,True,True,True,True,forecast_icc,,45302600.0
AXIN,failed,True,True,False,False,False,,missing_positive_eps,350192032.0
AXON,ok,True,True,True,True,True,forecast_icc,,46025871360.0
AXP,ok,True,True,True,True,True,forecast_icc,,222967054336.0
AXR,ok,True,True,True,True,True,forecast_icc,,123163752.0
AXS,ok,True,True,True,True,True,forecast_icc,,7282380800.0
AXSM,ok,True,True,True,False,True,forecast_icc,,10398640128.0
AXTA,ok,True,True,True,True,True,forecast_icc,,7794608128.0
AXTI,ok,True,True,True,True,True,forecast_icc,,3974392320.0
AYA,ok,True,True,True,True,True,forecast_icc,,4021489664.0
AYI,ok,True,True,True,True,True,forecast_icc,,9932315648.0
AYTU,failed,True,True,False,False,False,,missing_positive_eps,24579046.0
AZ,ok,True,True,True,False,True,forecast_icc,,280888864.0
AZI,failed,True,True,False,False,False,,missing_positive_eps,6774591.0
AZIO,failed,True,True,False,False,False,,missing_positive_eps,20749488.0
AZN,ok,True,True,True,True,True,forecast_icc,,251445133312.0
AZO,ok,True,True,True,True,True,forecast_icc,,48833056768.0
AZTA,ok,True,True,True,False,True,forecast_icc,,1430344064.0
AZTR,ok,True,True,False,True,True,trailing_eps_fallback_icc,,10605655.0
AZUL,failed,True,True,False,False,False,,missing_positive_eps,1391136512.0
AZZ,ok,True,True,True,True,True,forecast_icc,,4121863936.0
B,ok,True,True,True,True,True,forecast_icc,,73784999936.0
BA,ok,True,True,True,True,True,forecast_icc,,164103094272.0
BABA,ok,True,True,True,True,True,forecast_icc,,283410792448.0
BAC,ok,True,True,True,True,True,forecast_icc,,433130831872.0
BACC,failed,True,True,False,False,False,,missing_positive_eps,293043456.0
BAER,failed,True,True,False,False,False,,missing_positive_eps,64120496.0
BAFN,failed,True,True,False,False,False,,missing_positive_eps,175258304.0
BAH,ok,True,True,True,True,True,forecast_icc,,9099558912.0
BAK,ok,True,True,True,False,True,forecast_icc,,384121824.0
BALL,ok,True,True,True,True,True,forecast_icc,,16765543424.0
BALY,failed,True,True,False,False,False,,missing_positive_eps,452206912.0
BAM,ok,True,True,True,True,True,forecast_icc,,82258460672.0
BANC,ok,True,True,True,False,True,forecast_icc,,2950013440.0
BAND,ok,True,True,True,False,True,forecast_icc,,1558515584.0
BANF,ok,True,True,True,True,True,forecast_icc,,3668305408.0
BANL,failed,True,True,False,False,False,,missing_positive_eps,32177674.0
BANR,ok,True,True,True,True,True,forecast_icc,,2383701504.0
BAOS,failed,True,True,False,False,False,,missing_positive_eps,542287.0
BAP,ok,True,True,True,True,True,forecast_icc,,29097650176.0
BAR,failed,True,False,False,False,False,,missing_positive_eps,
BARK,failed,True,True,False,False,False,,missing_positive_eps,96025648.0
BATL,ok,True,True,True,False,True,forecast_icc,,77330912.0
BATRA,failed,True,True,False,False,False,,missing_positive_eps,3529875968.0
BATRK,failed,True,True,False,False,False,,missing_positive_eps,3181444352.0
BAX,ok,True,True,True,False,True,forecast_icc,,13441896448.0
BB,ok,True,True,True,True,True,forecast_icc,,4776718336.0
BBAI,failed,True,True,False,False,False,,missing_positive_eps,1500817792.0
BBAI-W,failed,False,False,False,False,False,,missing_price,
BBAR,ok,True,True,True,True,True,forecast_icc,,3092143616.0
BBCP,ok,True,True,True,True,True,forecast_icc,,455052576.0
BBCQ,failed,True,True,False,False,False,,missing_positive_eps,375283328.0
BBD,ok,True,True,True,True,True,forecast_icc,,34732498944.0
BBDC,ok,True,True,True,True,True,forecast_icc,,988432896.0
BBDO,ok,True,True,False,True,True,trailing_eps_fallback_icc,,31661639680.0
BBGI,ok,True,True,True,False,True,forecast_icc,,35887788.0
BBIO,ok,True,True,True,False,True,forecast_icc,,14972807168.0
BBLG,failed,True,True,False,False,False,,missing_positive_eps,1590245.0
BBN,ok,True,True,False,True,True,trailing_eps_fallback_icc,,976939648.0
BBNX,failed,True,True,False,False,False,,missing_positive_eps,897544320.0
BBOT,failed,True,True,False,False,False,,missing_positive_eps,705533568.0
BBSI,ok,True,True,True,True,True,forecast_icc,,833690240.0
BBT,ok,True,True,True,True,True,forecast_icc,,2602489344.0
BBUC,ok,True,True,True,False,True,forecast_icc,,5627056640.0
BBVA,ok,True,True,True,True,True,forecast_icc,,159810109440.0
BBW,ok,True,True,True,True,True,forecast_icc,,379508416.0
BBWI,ok,True,True,True,True,True,forecast_icc,,3881672192.0
BBY,ok,True,True,True,True,True,forecast_icc,,16892985344.0
BC,ok,True,True,True,False,True,forecast_icc,,4918125056.0
BCAB,failed,True,True,False,False,False,,missing_positive_eps,2890683.0
BCAL,ok,True,True,True,True,True,forecast_icc,,684163520.0
BCAR,failed,True,True,False,False,False,,missing_positive_eps,194463984.0
BCAT,ok,True,True,False,True,True,trailing_eps_fallback_icc,,1674308736.0
BCAX,failed,True,True,False,False,False,,missing_positive_eps,1529918336.0
BCBP,ok,True,True,True,False,True,forecast_icc,,154770576.0
BCC,ok,True,True,True,True,True,forecast_icc,,2721874432.0
BCCQ,failed,True,True,False,False,False,,missing_positive_eps,416660000.0
BCDA,failed,True,True,False,False,False,,missing_positive_eps,17258212.0
BCE,ok,True,True,True,True,True,forecast_icc,,21998284800.0
BCG,ok,True,True,False,True,True,trailing_eps_fallback_icc,,23969484.0
BCH,ok,True,True,True,True,True,forecast_icc,,20764061696.0
BCHT,failed,True,True,False,False,False,,missing_positive_eps,31567160.0
BCML,ok,True,True,True,True,True,forecast_icc,,325747104.0
BCO,ok,True,True,True,True,True,forecast_icc,,4486786560.0
BCPC,ok,True,True,True,True,True,forecast_icc,,5607025152.0
BCRX,ok,True,True,True,False,True,forecast_icc,,2478690560.0
BCS,ok,True,True,True,True,True,forecast_icc,,89482813440.0
BCSF,ok,True,True,True,True,True,forecast_icc,,779719488.0
BCSS,failed,True,True,False,False,False,,missing_positive_eps,600352000.0
BCSS-U,failed,False,False,False,False,False,,missing_price,
BCSS-W,failed,False,False,False,False,False,,missing_price,
BCTX,failed,True,True,False,False,False,,missing_positive_eps,31232234.0
BCX,ok,True,True,False,True,True,trailing_eps_fallback_icc,,1017778496.0
BCYC,failed,True,True,False,False,False,,missing_positive_eps,288320352.0
BDC,ok,True,True,True,True,True,forecast_icc,,4472889856.0
BDCI,ok,True,True,False,True,True,trailing_eps_fallback_icc,,352331232.0
BDJ,ok,True,True,False,True,True,trailing_eps_fallback_icc,,1753521792.0
BDL,ok,True,True,False,True,True,trailing_eps_fallback_icc,,87114784.0
BDMD,ok,True,True,True,False,True,forecast_icc,,35179928.0
BDN,failed,True,True,False,False,False,,missing_positive_eps,521707552.0
BDRX,failed,True,True,False,False,False,,missing_positive_eps,733830.0
BDSX,failed,True,True,False,False,False,,missing_positive_eps,277969184.0
BDTX,failed,True,True,False,False,False,,missing_positive_eps,120652864.0
BDX,ok,True,True,True,True,True,forecast_icc,,51238682624.0
BE,ok,True,True,True,True,True,forecast_icc,,60760993792.0
BEAG,ok,True,True,False,True,True,trailing_eps_fallback_icc,,336402304.0
BEAM,failed,True,True,False,False,False,,missing_positive_eps,3039756032.0
BEAT,failed,True,True,False,False,False,,missing_positive_eps,26484110.0
BEBE,failed,True,True,False,False,False,,missing_positive_eps,199599984.0
BEBE-U,failed,False,False,False,False,False,,missing_price,
BEBE-W,failed,False,False,False,False,False,,missing_price,
BEEM,failed,True,True,False,False,False,,missing_positive_eps,31526252.0
BEEP,failed,True,True,False,False,False,,missing_positive_eps,125552000.0
BEKE,ok,True,True,True,True,True,forecast_icc,,18963238912.0
BELFA,ok,True,True,True,True,True,forecast_icc,,2605228800.0
BELFB,ok,True,True,True,True,True,forecast_icc,,3545365248.0
BEN,ok,True,True,True,True,True,forecast_icc,,17350825984.0
BENF,ok,True,True,True,True,True,forecast_icc,,32147900.0
BEPC,failed,True,True,False,False,False,,missing_positive_eps,5967016448.0
BEPH,failed,True,False,False,False,False,,missing_positive_eps,
BEPI,failed,True,False,False,False,False,,missing_positive_eps,
BEPJ,failed,True,False,False,False,False,,missing_positive_eps,
BESS,ok,True,True,True,False,True,forecast_icc,,20582962.0
BESS-W,failed,False,False,False,False,False,,missing_price,
BETA,failed,True,True,False,False,False,,missing_positive_eps,4809075712.0
BETR,failed,True,True,False,False,False,,missing_positive_eps,262940352.0
BF-A,ok,True,True,False,True,True,trailing_eps_fallback_icc,,12499462144.0
BF-B,ok,True,True,True,True,True,forecast_icc,,12192023552.0
BFAM,ok,True,True,True,True,True,forecast_icc,,3607766784.0
BFC,ok,True,True,True,True,True,forecast_icc,,1670157568.0
BFH,ok,True,True,True,True,True,forecast_icc,,4013660928.0
BFLY,failed,True,True,False,False,False,,missing_positive_eps,2100990080.0
BFRG,failed,True,True,False,False,False,,missing_positive_eps,9921638.0
BFRI,ok,True,True,True,False,True,forecast_icc,,22724108.0
BFS,ok,True,True,True,True,True,forecast_icc,,1132512896.0
BFST,ok,True,True,True,True,True,forecast_icc,,1009697408.0
BG,ok,True,True,True,True,True,forecast_icc,,22326163456.0
BGB,ok,True,True,False,True,True,trailing_eps_fallback_icc,,501742240.0
BGC,ok,True,True,True,True,True,forecast_icc,,5710352896.0
BGDE,failed,True,True,False,False,False,,missing_positive_eps,37441280.0
BGH,ok,True,True,False,True,True,trailing_eps_fallback_icc,,285973536.0
BGIN,failed,True,True,False,False,False,,missing_positive_eps,216089648.0
BGL,ok,True,True,True,False,True,forecast_icc,,8868193.0
BGLC,failed,True,True,False,False,False,,missing_positive_eps,4370828.0
BGM,failed,True,True,False,False,False,,missing_positive_eps,108929488.0
BGMS,failed,True,True,False,False,False,,missing_positive_eps,5728717.0
BGR,ok,True,True,False,True,True,trailing_eps_fallback_icc,,438609824.0
BGS,ok,True,True,True,False,True,forecast_icc,,282026592.0
BGSF,ok,True,True,True,False,True,forecast_icc,,57105796.0
BGSI,ok,True,True,True,True,True,forecast_icc,,2413423104.0
BGT,ok,True,True,False,True,True,trailing_eps_fallback_icc,,332843872.0
BGX,ok,True,True,False,True,True,trailing_eps_fallback_icc,,136613952.0
BGY,ok,True,True,False,True,True,trailing_eps_fallback_icc,,537343680.0
BH,failed,True,True,False,False,False,,missing_positive_eps,1237106048.0
BH-A,failed,True,True,False,False,False,,missing_positive_eps,1246613632.0
BHAV,failed,True,True,False,False,False,,missing_positive_eps,140754320.0
BHB,ok,True,True,True,True,True,forecast_icc,,657733312.0
BHC,ok,True,True,True,False,True,forecast_icc,,2382319872.0
BHE,ok,True,True,True,True,True,forecast_icc,,2524452864.0
BHF,ok,True,True,True,True,True,forecast_icc,,3049263104.0
BHM,failed,True,True,False,False,False,,missing_positive_eps,96376824.0
BHP,ok,True,True,True,True,True,forecast_icc,,238695497728.0
BHR,failed,True,True,False,False,False,,missing_positive_eps,148319152.0
BHRB,ok,True,True,True,True,True,forecast_icc,,1439537152.0
BHST,failed,True,True,False,False,False,,missing_positive_eps,43295576.0
BHVN,failed,True,True,False,False,False,,missing_positive_eps,2306438656.0
BIAF,failed,True,True,False,False,False,,missing_positive_eps,2701011.0
BID,failed,True,True,False,False,False,,missing_positive_eps,190646256.0
BIDU,ok,True,True,True,False,True,forecast_icc,,32317691904.0
BIIB,ok,True,True,True,True,True,forecast_icc,,32010903552.0
BIII,failed,True,True,False,False,False,,missing_positive_eps,231265008.0
BIII-U,failed,False,False,False,False,False,,missing_price,
BIII-W,failed,False,False,False,False,False,,missing_price,
BILI,ok,True,True,True,True,True,forecast_icc,,6763053056.0
BILL,ok,True,True,True,False,True,forecast_icc,,4903147008.0
BIO,ok,True,True,True,True,True,forecast_icc,,10333188096.0
BIO-B,ok,True,True,False,True,True,trailing_eps_fallback_icc,,9770124288.0
BIOA,failed,True,True,False,False,False,,missing_positive_eps,436020640.0
BIOT,failed,True,True,False,False,False,,missing_positive_eps,12093678.0
BIOX,ok,True,True,True,False,True,forecast_icc,,27440834.0
BIPC,ok,True,True,True,False,True,forecast_icc,,4700703744.0
BIPI,failed,True,False,False,False,False,,missing_positive_eps,
BIRD,failed,True,True,False,False,False,,missing_positive_eps,21618854.0
BIRK,ok,True,True,True,True,True,forecast_icc,,5764555776.0
BIT,ok,True,True,False,True,True,trailing_eps_fallback_icc,,681899328.0
BIVI,failed,True,True,False,False,False,,missing_positive_eps,19268618.0
BIXI,failed,True,True,False,False,False,,missing_positive_eps,304043680.0
BIYA,failed,True,True,False,False,False,,missing_positive_eps,64332248.0
BJ,ok,True,True,True,True,True,forecast_icc,,11450426368.0
BJDX,failed,True,True,False,False,False,,missing_positive_eps,900202.0
BJRI,ok,True,True,True,True,True,forecast_icc,,1352798720.0
BKD,ok,True,True,True,False,True,forecast_icc,,2815655424.0
BKE,ok,True,True,True,True,True,forecast_icc,,2194581248.0
BKH,ok,True,True,True,True,True,forecast_icc,,5465825280.0
BKHA,ok,True,True,False,True,True,trailing_eps_fallback_icc,,49718316.0
BKKT,ok,True,True,True,False,True,forecast_icc,,345682720.0
BKKT-W,failed,False,False,False,False,False,,missing_price,
BKNG,ok,True,True,True,True,True,forecast_icc,,154270547968.0
BKR,ok,True,True,True,True,True,forecast_icc,,63084433408.0
BKSY,failed,True,True,False,False,False,,missing_positive_eps,945364032.0
BKT,ok,True,True,False,True,True,trailing_eps_fallback_icc,,333930112.0
BKTI,ok,True,True,True,True,True,forecast_icc,,272790688.0
BKU,ok,True,True,True,True,True,forecast_icc,,3248190464.0
BKV,ok,True,True,True,True,True,forecast_icc,,2644017920.0
BKYI,ok,True,True,True,False,True,forecast_icc,,4452666.0
BL,ok,True,True,True,True,True,forecast_icc,,1930921600.0
BLBD,ok,True,True,True,True,True,forecast_icc,,1841961728.0
BLCO,ok,True,True,True,False,True,forecast_icc,,6243248128.0
BLDP,failed,True,True,False,False,False,,missing_positive_eps,696480000.0
BLDR,ok,True,True,True,True,True,forecast_icc,,7144404992.0
BLFS,ok,True,True,True,True,True,forecast_icc,,1812971520.0
BLIN,ok,True,True,True,False,True,forecast_icc,,12599879.0
BLIV,failed,True,True,False,False,False,,missing_positive_eps,24989044.0
BLK,ok,True,True,True,True,True,forecast_icc,,187759116288.0
BLKB,ok,True,True,True,True,True,forecast_icc,,2181448192.0
BLLN,ok,True,True,True,True,True,forecast_icc,,4278448896.0
BLMN,ok,True,True,True,True,True,forecast_icc,,881895488.0
BLND,ok,True,True,True,False,True,forecast_icc,,366595616.0
BLNE,ok,True,True,True,False,True,forecast_icc,,32763508.0
BLNK,failed,True,True,False,False,False,,missing_positive_eps,75339144.0
BLRK,failed,True,True,False,False,False,,missing_positive_eps,231840000.0
BLRX,failed,True,True,False,False,False,,missing_positive_eps,12231226.0
BLSH,ok,True,True,True,False,True,forecast_icc,,5160593408.0
BLSM,failed,True,True,False,False,False,,missing_positive_eps,532185216.0
BLTE,ok,True,True,True,False,True,forecast_icc,,6270775808.0
BLUW,ok,True,True,False,True,True,trailing_eps_fallback_icc,,335357056.0
BLW,ok,True,True,False,True,True,trailing_eps_fallback_icc,,497544384.0
BLX,ok,True,True,True,True,True,forecast_icc,,2007452800.0
BLZE,ok,True,True,True,False,True,forecast_icc,,874646976.0
BLZR,failed,True,True,False,False,False,,missing_positive_eps,350968736.0
BMA,ok,True,True,True,True,True,forecast_icc,,5030723072.0
BMBL,ok,True,True,True,False,True,forecast_icc,,419813952.0
BME,ok,True,True,False,True,True,trailing_eps_fallback_icc,,589209856.0
BMEA,failed,True,True,False,False,False,,missing_positive_eps,121772872.0
BMEZ,ok,True,True,False,True,True,trailing_eps_fallback_icc,,1046273472.0
BMGL,failed,True,True,False,False,False,,missing_positive_eps,8704069.0
BMHL,ok,True,True,False,True,True,trailing_eps_fallback_icc,,150859792.0
BMI,ok,True,True,True,True,True,forecast_icc,,3926848256.0
BMM,failed,True,True,False,False,False,,missing_positive_eps,635469760.0
BMN,ok,True,True,False,True,True,trailing_eps_fallback_icc,,159285696.0
BMNR,ok,True,True,True,False,True,forecast_icc,,15273691136.0
BMO,ok,True,True,True,True,True,forecast_icc,,118730997760.0
BMR,failed,True,True,False,False,False,,missing_positive_eps,19257020.0
BMRA,ok,True,True,True,False,True,forecast_icc,,6458662.0
BMRC,ok,True,True,True,False,True,forecast_icc,,430443104.0
BMRN,ok,True,True,True,True,True,forecast_icc,,12626817024.0
BMY,ok,True,True,True,True,True,forecast_icc,,136473755648.0
BN,ok,True,True,True,True,True,forecast_icc,,92017532928.0
BNAI,failed,True,True,False,False,False,,missing_positive_eps,84315400.0
BNC,ok,True,True,True,True,True,forecast_icc,,127227184.0
BNED,ok,True,True,True,True,True,forecast_icc,,419446272.0
BNGO,failed,True,True,False,False,False,,missing_positive_eps,14367940.0
BNJ,failed,True,False,False,False,False,,missing_positive_eps,
BNKK,failed,True,True,False,False,False,,missing_positive_eps,9841156.0
BNL,ok,True,True,True,True,True,forecast_icc,,4441023488.0
BNR,failed,True,True,False,False,False,,missing_positive_eps,99662936.0
BNRG,failed,False,True,False,False,False,,missing_price,1511269.0
BNS,ok,True,True,True,True,True,forecast_icc,,111742115840.0
BNT,ok,True,True,False,True,True,trailing_eps_fallback_icc,,11315184640.0
BNTC,failed,True,True,False,False,False,,missing_positive_eps,418092256.0
BNTX,failed,True,True,False,False,False,,missing_positive_eps,25524875264.0
BNY,ok,True,True,True,True,True,forecast_icc,,109429145600.0
BNZI,failed,False,True,False,False,False,,missing_price,6330517.0
BOBS,ok,True,True,True,True,True,forecast_icc,,2199463424.0
BOC,failed,True,True,False,False,False,,missing_positive_eps,415445344.0
BODI,ok,True,True,True,True,True,forecast_icc,,42615704.0
BOE,ok,True,True,False,True,True,trailing_eps_fallback_icc,,691665536.0
BOF,failed,True,True,False,False,False,,missing_positive_eps,64223740.0
BOH,ok,True,True,True,True,True,forecast_icc,,2995468544.0
BOKF,ok,True,True,True,True,True,forecast_icc,,8268219904.0
BOLD,failed,True,True,False,False,False,,missing_positive_eps,63921832.0
BOLT,failed,True,True,False,False,False,,missing_positive_eps,7666853.0
BON,ok,True,True,True,False,True,forecast_icc,,11594540.0
BOOM,ok,True,True,True,False,True,forecast_icc,,145224512.0
BOOT,ok,True,True,True,True,True,forecast_icc,,4561806336.0
BORR,ok,True,True,True,False,True,forecast_icc,,1382137088.0
BOSC,ok,True,True,True,True,True,forecast_icc,,33040798.0
BOT,failed,True,True,False,False,False,,missing_positive_eps,634836544.0
BOTJ,ok,True,True,False,True,True,trailing_eps_fallback_icc,,122851888.0
BOW,ok,True,True,True,True,True,forecast_icc,,1104249472.0
BOX,ok,True,True,True,True,True,forecast_icc,,4909043200.0
BOXL,failed,True,True,False,False,False,,missing_positive_eps,4613809.0
BP,ok,True,True,True,True,True,forecast_icc,,110404919296.0
BPAC,failed,True,True,False,False,False,,missing_positive_eps,75213680.0
BPOP,ok,True,True,True,True,True,forecast_icc,,10726905856.0
BPRE,failed,True,False,False,False,False,,missing_positive_eps,
BPRN,ok,True,True,True,True,True,forecast_icc,,287653344.0
BPYPM,failed,True,False,False,False,False,,missing_positive_eps,
BPYPN,ok,True,False,False,True,True,trailing_eps_fallback_icc,,
BPYPO,ok,True,False,False,True,True,trailing_eps_fallback_icc,,
BPYPP,ok,True,False,False,True,True,trailing_eps_fallback_icc,,
BQ,failed,True,True,False,False,False,,missing_positive_eps,6741366.0
BR,ok,True,True,True,True,True,forecast_icc,,21093761024.0
BRAG,ok,True,True,True,False,True,forecast_icc,,42867496.0
BRAI,failed,True,True,False,False,False,,missing_positive_eps,1129363456.0
BRBI,ok,True,True,False,True,True,trailing_eps_fallback_icc,,260481216.0
BRBR,ok,True,True,True,True,True,forecast_icc,,1252316160.0
BRBS,ok,True,True,False,True,True,trailing_eps_fallback_icc,,349781376.0
BRC,ok,True,True,True,True,True,forecast_icc,,4270774784.0
BRCB,ok,True,True,True,False,True,forecast_icc,,212083120.0
BRCC,ok,True,True,True,False,True,forecast_icc,,114529384.0
BREZ,failed,True,False,False,False,False,,missing_positive_eps,
BRFH,failed,True,True,False,False,False,,missing_positive_eps,20874460.0
BRIA,ok,True,True,True,False,True,forecast_icc,,32749998.0
BRID,failed,True,True,False,False,False,,missing_positive_eps,55277908.0
BRK-A,ok,True,True,True,True,True,forecast_icc,,1079845453824.0
BRK-B,ok,True,True,True,True,True,forecast_icc,,1078981951488.0
BRKH,failed,True,True,False,False,False,,missing_positive_eps,117252896.0
BRKR,ok,True,True,True,False,True,forecast_icc,,8838363136.0
BRLS,failed,True,True,False,False,False,,missing_positive_eps,25326702.0
BRLT,ok,True,True,True,False,True,forecast_icc,,143608800.0
BRN,failed,True,True,False,False,False,,missing_positive_eps,13790947.0
BRNS,failed,True,True,False,False,False,,missing_positive_eps,28471678.0
BRNX,failed,True,True,False,False,False,,missing_positive_eps,3085400.0
BRO,ok,True,True,True,True,True,forecast_icc,,24148830208.0
BROS,ok,True,True,True,True,True,forecast_icc,,8569869824.0
BRR,failed,True,True,False,False,False,,missing_positive_eps,190878288.0
BRSL,ok,True,True,True,True,True,forecast_icc,,2059506432.0
BRSP,ok,True,True,True,False,True,forecast_icc,,600989824.0
BRT,failed,True,True,False,False,False,,missing_positive_eps,269119712.0
BRTX,failed,True,True,False,False,False,,missing_positive_eps,5156782.0
BRUN,ok,True,True,True,False,True,forecast_icc,,1385466112.0
BRVE,failed,True,True,False,False,False,,missing_positive_eps,1801647360.0
BRX,ok,True,True,True,True,True,forecast_icc,,8865541120.0
BRZE,ok,True,True,True,False,True,forecast_icc,,3833982208.0
BSAA,ok,True,True,False,True,True,trailing_eps_fallback_icc,,82134456.0
BSAC,ok,True,True,True,True,True,forecast_icc,,16371257344.0
BSBK,ok,True,True,True,True,True,forecast_icc,,116893624.0
BSBR,ok,True,True,True,True,True,forecast_icc,,43053281280.0
BSEM,ok,True,True,True,True,True,forecast_icc,,65619820.0
BSET,ok,True,True,True,True,True,forecast_icc,,162775456.0
BSIN,ok,True,True,True,False,True,forecast_icc,,79790008.0
BSL,ok,True,True,False,True,True,trailing_eps_fallback_icc,,169519600.0
BSM,ok,True,True,True,True,True,forecast_icc,,3161990144.0
BSP,ok,True,True,True,True,True,forecast_icc,,26266318848.0
BSRR,ok,True,True,True,True,True,forecast_icc,,513609760.0
BST,ok,True,True,False,True,True,trailing_eps_fallback_icc,,1765860224.0
BSTZ,ok,True,True,False,True,True,trailing_eps_fallback_icc,,2153066752.0
BSVN,ok,True,True,True,True,True,forecast_icc,,489247968.0
BSX,ok,True,True,True,True,True,forecast_icc,,69997789184.0
BSY,ok,True,True,True,True,True,forecast_icc,,11101914112.0
BTAI,failed,True,True,False,False,False,,missing_positive_eps,5096535.0
BTBD,failed,True,True,False,False,False,,missing_positive_eps,9462628.0
BTBT,failed,True,True,False,False,False,,missing_positive_eps,515705888.0
BTCS,failed,True,True,False,False,False,,missing_positive_eps,67736752.0
BTCT,failed,True,True,False,False,False,,missing_positive_eps,35564728.0
BTDR,failed,True,True,False,False,False,,missing_positive_eps,2948837376.0
BTE,ok,True,True,True,False,True,forecast_icc,,3405103872.0
BTG,ok,True,True,True,True,True,forecast_icc,,7239467520.0
BTGO,ok,True,True,True,False,True,forecast_icc,,836924800.0
BTI,ok,True,True,True,True,True,forecast_icc,,119708966912.0
BTLN,failed,True,True,False,False,False,,missing_positive_eps,21182380.0
BTMD,ok,True,True,True,True,True,forecast_icc,,55594752.0
BTO,ok,True,True,False,True,True,trailing_eps_fallback_icc,,780629248.0
BTOC,failed,True,True,False,False,False,,missing_positive_eps,13342088.0
BTOG,failed,True,True,False,False,False,,missing_positive_eps,2305169.0
BTQ,failed,True,True,False,False,False,,missing_positive_eps,447125248.0
BTSG,ok,True,True,True,True,True,forecast_icc,,11555271680.0
BTT,ok,True,True,False,True,True,trailing_eps_fallback_icc,,1441115520.0
BTTC,failed,True,True,False,False,False,,missing_positive_eps,4460693.0
BTU,ok,True,True,True,False,True,forecast_icc,,3619211008.0
BTX,ok,True,True,False,True,True,trailing_eps_fallback_icc,,1043390016.0
BTZ,ok,True,True,False,True,True,trailing_eps_fallback_icc,,938844096.0
BUD,ok,True,True,True,True,True,forecast_icc,,155757887488.0
BUDA,ok,True,True,True,True,True,forecast_icc,,106816664.0
BULL,ok,True,True,True,True,True,forecast_icc,,5022166528.0
BUR,ok,True,True,True,False,True,forecast_icc,,911275648.0
BURL,ok,True,True,True,True,True,forecast_icc,,16316875776.0
BUSE,ok,True,True,True,True,True,forecast_icc,,2485566464.0
BUUU,failed,True,True,False,False,False,,missing_positive_eps,511534784.0
BV,ok,True,True,True,False,True,forecast_icc,,1028785984.0
BVC,ok,True,True,False,True,True,trailing_eps_fallback_icc,,2281440000.0
BVFL,ok,True,True,False,True,True,trailing_eps_fallback_icc,,179915632.0
BVN,ok,True,True,True,True,True,forecast_icc,,8711749632.0
BVS,ok,True,True,True,True,True,forecast_icc,,932365184.0
BW,ok,True,True,True,False,True,forecast_icc,,1123196672.0
BWA,ok,True,True,True,True,True,forecast_icc,,13067234304.0
BWAY,ok,True,True,True,True,True,forecast_icc,,583543744.0
BWB,ok,True,True,True,True,True,forecast_icc,,587512192.0
BWEN,ok,True,True,True,True,True,forecast_icc,,101726704.0
BWFG,ok,True,True,True,True,True,forecast_icc,,524077408.0
BWIN,ok,True,True,True,False,True,forecast_icc,,2987470080.0
BWIV,failed,True,True,False,False,False,,missing_positive_eps,176695424.0
BWIV-U,failed,False,False,False,False,False,,missing_price,
BWIV-W,failed,False,False,False,False,False,,missing_price,
BWLP,ok,True,True,False,True,True,trailing_eps_fallback_icc,,3681504256.0
BWMN,ok,True,True,True,True,True,forecast_icc,,738244480.0
BWMX,ok,True,True,True,True,True,forecast_icc,,627022656.0
BWXT,ok,True,True,True,True,True,forecast_icc,,13953111040.0
BX,ok,True,True,True,True,True,forecast_icc,,171214454784.0
BXBL,failed,True,True,False,False,False,,missing_positive_eps,1373657728.0
BXC,ok,True,True,True,False,True,forecast_icc,,619712064.0
BXDC,ok,True,True,True,False,True,forecast_icc,,2019037056.0
BXMT,ok,True,True,True,True,True,forecast_icc,,2342755840.0
BXP,ok,True,True,True,True,True,forecast_icc,,12297856000.0
BXSL,ok,True,True,True,True,True,forecast_icc,,5826581504.0
BY,ok,True,True,True,True,True,forecast_icc,,1713468928.0
BYAH,failed,True,True,False,False,False,,missing_positive_eps,2243386.0
BYD,ok,True,True,True,True,True,forecast_icc,,5637333504.0
BYFC,failed,True,True,False,False,False,,missing_positive_eps,110229112.0
BYND,failed,True,True,False,False,False,,missing_positive_eps,228679728.0
BYRN,failed,True,True,False,False,False,,missing_positive_eps,82298456.0
BYSI,failed,True,True,False,False,False,,missing_positive_eps,25514850.0
BZ,ok,True,True,True,True,True,forecast_icc,,7757955584.0
BZAI,failed,True,True,False,False,False,,missing_positive_eps,70620096.0
BZFD,failed,True,True,False,False,False,,missing_positive_eps,99168344.0
BZH,ok,True,True,True,False,True,forecast_icc,,885229952.0
BZUN,ok,True,True,True,False,True,forecast_icc,,165120400.0
C,ok,True,True,True,True,True,forecast_icc,,220784230400.0
CAAP,ok,True,True,True,True,True,forecast_icc,,3834327296.0
CAAS,ok,True,True,True,True,True,forecast_icc,,166240576.0
CABA,failed,True,True,False,False,False,,missing_positive_eps,527286304.0
CABO,ok,True,True,True,False,True,forecast_icc,,155352064.0
CABR,failed,True,True,False,False,False,,missing_positive_eps,13893423.0
CAC,ok,True,True,True,True,True,forecast_icc,,954345280.0
CACC,ok,True,True,True,True,True,forecast_icc,,6273323008.0
CACI,ok,True,True,True,True,True,forecast_icc,,13768235008.0
CADL,failed,True,True,False,False,False,,missing_positive_eps,1000097664.0
CAE,ok,True,True,True,True,True,forecast_icc,,7775874048.0
CAES,failed,True,True,False,False,False,,missing_positive_eps,321366496.0
CAF,ok,True,True,False,True,True,trailing_eps_fallback_icc,,319202368.0
CAG,ok,True,True,True,False,True,forecast_icc,,7666621440.0
CAH,ok,True,True,True,True,True,forecast_icc,,54566916096.0
CAI,ok,True,True,True,True,True,forecast_icc,,7203351552.0
CAII,failed,True,True,False,False,False,,missing_positive_eps,338644320.0
CAKE,ok,True,True,True,True,True,forecast_icc,,5448291328.0
CAL,ok,True,True,True,False,True,forecast_icc,,409123104.0
CALC,failed,True,True,False,False,False,,missing_positive_eps,14612546.0
CALM,ok,True,True,True,True,True,forecast_icc,,3686036736.0
CALX,ok,True,True,True,True,True,forecast_icc,,2400187136.0
CALY,ok,True,True,True,True,True,forecast_icc,,2823991296.0
CAMP,failed,True,True,False,False,False,,missing_positive_eps,248502672.0
CAMT,ok,True,True,True,True,True,forecast_icc,,6253535744.0
CAN,failed,True,True,False,False,False,,missing_positive_eps,271793632.0
CANF,failed,True,True,False,False,False,,missing_positive_eps,6813299.0
CANG,ok,True,True,True,False,True,forecast_icc,,98042504.0
CAPL,ok,True,True,True,True,True,forecast_icc,,884474368.0
CAPN,ok,True,True,False,True,True,trailing_eps_fallback_icc,,59491036.0
CAPR,failed,True,True,False,False,False,,missing_positive_eps,576157376.0
CAPS,ok,True,True,True,False,True,forecast_icc,,3807032.0
CAQ,failed,True,True,False,False,False,,missing_positive_eps,311621696.0
CAR,ok,True,True,True,False,True,forecast_icc,,5210195456.0
CARE,ok,True,True,True,True,True,forecast_icc,,723641216.0
CARG,ok,True,True,True,True,True,forecast_icc,,3176360192.0
CARL,failed,True,True,False,False,False,,missing_positive_eps,444761728.0
CARR,ok,True,True,True,True,True,forecast_icc,,48356392960.0
CARS,ok,True,True,True,True,True,forecast_icc,,626332736.0
CART,ok,True,True,True,True,True,forecast_icc,,11695383552.0
CASH,ok,True,True,True,True,True,forecast_icc,,1692198016.0
CASS,ok,True,True,True,True,True,forecast_icc,,718553024.0
CAST,failed,True,True,False,False,False,,missing_positive_eps,60903760.0
CASY,ok,True,True,True,True,True,forecast_icc,,27835465728.0
CAT,ok,True,True,True,True,True,forecast_icc,,366576926720.0
CATO,ok,True,True,True,False,True,forecast_icc,,51970184.0
CATX,failed,True,True,False,False,False,,missing_positive_eps,360719264.0
CATY,ok,True,True,True,True,True,forecast_icc,,4083552768.0
CAVA,ok,True,True,True,True,True,forecast_icc,,7680007680.0
CB,ok,True,True,True,True,True,forecast_icc,,130631835648.0
CBAN,ok,True,True,True,True,True,forecast_icc,,448823392.0
CBAT,ok,True,True,True,False,True,forecast_icc,,89532296.0
CBC,ok,True,True,True,True,True,forecast_icc,,7689312256.0
CBFV,ok,True,True,True,True,True,forecast_icc,,189898784.0
CBIO,failed,True,True,False,False,False,,missing_positive_eps,616637440.0
CBK,ok,True,True,True,True,True,forecast_icc,,462828896.0
CBL,ok,True,True,True,True,True,forecast_icc,,1692259328.0
CBLL,failed,True,True,False,False,False,,missing_positive_eps,920306816.0
CBNA,ok,True,True,True,True,True,forecast_icc,,300793696.0
CBNK,ok,True,True,True,True,True,forecast_icc,,588737088.0
CBOE,ok,True,True,True,True,True,forecast_icc,,31350192128.0
CBRE,ok,True,True,True,True,True,forecast_icc,,42222972928.0
CBRL,ok,True,True,True,True,True,forecast_icc,,1234694656.0
CBRS,ok,True,True,True,False,True,forecast_icc,,43768803328.0
CBSH,ok,True,True,True,True,True,forecast_icc,,8277470720.0
CBT,ok,True,True,True,True,True,forecast_icc,,4269607168.0
CBU,ok,True,True,True,True,True,forecast_icc,,3301647872.0
CBUS,failed,True,True,False,False,False,,missing_positive_eps,123814912.0
CBZ,ok,True,True,True,True,True,forecast_icc,,2957412352.0
CC,ok,True,True,True,False,True,forecast_icc,,2341764352.0
CCAP,ok,True,True,True,False,True,forecast_icc,,391304000.0
CCAQ,ok,True,True,False,True,True,trailing_eps_fallback_icc,,213456176.0
CCB,ok,True,True,True,False,True,forecast_icc,,720138880.0
CCBG,ok,True,True,True,True,True,forecast_icc,,863879168.0
CCC,ok,True,True,True,True,True,forecast_icc,,4393900544.0
CCCC,failed,True,True,False,False,False,,missing_positive_eps,456423264.0
CCCT,failed,True,True,False,False,False,,missing_positive_eps,307990304.0
CCEC,ok,True,True,True,True,True,forecast_icc,,1375846400.0
CCEL,ok,True,True,True,False,True,forecast_icc,,33863128.0
CCEP,ok,True,True,True,True,True,forecast_icc,,47677714432.0
CCG,ok,True,True,True,False,True,forecast_icc,,38834104.0
CCHH,failed,True,True,False,False,False,,missing_positive_eps,4689314.0
CCI,ok,True,True,True,True,True,forecast_icc,,32394176512.0
CCII,ok,True,True,False,True,True,trailing_eps_fallback_icc,,358232928.0
CCJ,ok,True,True,True,True,True,forecast_icc,,43013238784.0
CCK,ok,True,True,True,True,True,forecast_icc,,12658635776.0
CCL,ok,True,True,True,True,True,forecast_icc,,32720916480.0
CCLD,ok,True,True,True,True,True,forecast_icc,,99860568.0
CCM,failed,True,True,False,False,False,,missing_positive_eps,19798256.0
CCNE,ok,True,True,True,True,True,forecast_icc,,1001778304.0
CCO,failed,True,True,False,False,False,,missing_positive_eps,1206552320.0
CCOI,failed,True,True,False,False,False,,missing_positive_eps,488598112.0
CCS,ok,True,True,True,True,True,forecast_icc,,1920623616.0
CCSI,ok,True,True,True,True,True,forecast_icc,,700928256.0
CCTG,failed,True,True,False,False,False,,missing_positive_eps,8938479.0
CCU,ok,True,True,True,True,True,forecast_icc,,2180941312.0
CCXI,failed,True,True,False,False,False,,missing_positive_eps,744987520.0
CCZ,failed,True,False,False,False,False,,missing_positive_eps,
CD,failed,True,True,False,False,False,,missing_positive_eps,328911360.0
CDE,ok,True,True,True,True,True,forecast_icc,,21360490496.0
CDIO,failed,True,True,False,False,False,,missing_positive_eps,5534207.0
CDLR,ok,True,True,False,True,True,trailing_eps_fallback_icc,,2405991424.0
CDLX,failed,True,True,False,False,False,,missing_positive_eps,23731526.0
CDNA,ok,True,True,True,True,True,forecast_icc,,2592401920.0
CDNL,ok,True,True,True,True,True,forecast_icc,,735757184.0
CDNS,ok,True,True,True,True,True,forecast_icc,,93440942080.0
CDP,ok,True,True,True,True,True,forecast_icc,,4170400512.0
CDRE,ok,True,True,True,True,True,forecast_icc,,1270062976.0
CDRO,ok,True,True,True,True,True,forecast_icc,,402408768.0
CDT,failed,True,True,False,False,False,,missing_positive_eps,1321605.0
CDTG,failed,True,True,False,False,False,,missing_positive_eps,3051237.0
CDW,ok,True,True,True,True,True,forecast_icc,,18950141952.0
CDXS,failed,True,True,False,False,False,,missing_positive_eps,186159808.0
CDZI,failed,True,True,False,False,False,,missing_positive_eps,336167968.0
CDZIP,failed,True,False,False,False,False,,missing_positive_eps,
CE,ok,True,True,True,False,True,forecast_icc,,4991380992.0
CECO,ok,True,True,True,False,True,forecast_icc,,4170171904.0
CEE,ok,True,True,False,True,True,trailing_eps_fallback_icc,,129686656.0
CEG,ok,True,True,True,True,True,forecast_icc,,97353039872.0
CELC,failed,True,True,False,False,False,,missing_positive_eps,4357875712.0
CELH,ok,True,True,True,True,True,forecast_icc,,7957952000.0
CELU,failed,True,True,False,False,False,,missing_positive_eps,53550028.0
CELZ,failed,True,True,False,False,False,,missing_positive_eps,7449589.0
CENN,failed,True,True,False,False,False,,missing_positive_eps,9888693.0
CENT,ok,True,True,True,True,True,forecast_icc,,2690230016.0
CENTA,ok,True,True,True,True,True,forecast_icc,,2329070592.0
CENX,ok,True,True,True,True,True,forecast_icc,,4530923008.0
CEPF,ok,True,True,False,True,True,trailing_eps_fallback_icc,,592645504.0
CEPL,ok,True,True,True,False,True,forecast_icc,,191244032.0
CEPO,failed,True,True,False,False,False,,missing_positive_eps,274124992.0
CEPS,ok,True,True,False,True,True,trailing_eps_fallback_icc,,151886256.0
CEPU,ok,True,True,True,True,True,forecast_icc,,2042812544.0
CEPV,ok,True,True,False,True,True,trailing_eps_fallback_icc,,329980192.0
CERS,failed,True,True,False,False,False,,missing_positive_eps,532025760.0
CERT,ok,True,True,True,False,True,forecast_icc,,1264546560.0
CET,ok,True,True,False,True,True,trailing_eps_fallback_icc,,1606888960.0
CETX,ok,True,True,True,False,True,forecast_icc,,4474966.0
CETY,failed,True,True,False,False,False,,missing_positive_eps,12896072.0
CEV,ok,True,True,False,True,True,trailing_eps_fallback_icc,,75118584.0
CEVA,ok,True,True,True,False,True,forecast_icc,,761567616.0
CF,ok,True,True,True,True,True,forecast_icc,,19678496768.0
CFBK,ok,True,True,True,True,True,forecast_icc,,224370848.0
CFFI,ok,True,True,False,True,True,trailing_eps_fallback_icc,,295936416.0
CFFN,ok,True,True,True,True,True,forecast_icc,,1062210880.0
CFG,ok,True,True,True,True,True,forecast_icc,,29006446592.0
CFND,failed,True,True,False,False,False,,missing_positive_eps,19133330.0
CFR,ok,True,True,True,True,True,forecast_icc,,9997874176.0
CG,ok,True,True,True,True,True,forecast_icc,,17242943488.0
CGAU,ok,True,True,True,True,True,forecast_icc,,4551798784.0
CGC,failed,True,True,False,False,False,,missing_positive_eps,473182816.0
CGCF,failed,True,True,False,False,False,,missing_positive_eps,341324992.0
CGEM,failed,True,True,False,False,False,,missing_positive_eps,1420308096.0
CGEN,ok,True,True,False,True,True,trailing_eps_fallback_icc,,242493808.0
CGNT,ok,True,True,True,False,True,forecast_icc,,653034304.0
CGNX,ok,True,True,True,True,True,forecast_icc,,10254924800.0
CGON,failed,True,True,False,False,False,,missing_positive_eps,6662211072.0
CGTL,failed,True,True,False,False,False,,missing_positive_eps,7391645.0
CGTX,failed,True,True,False,False,False,,missing_positive_eps,97946552.0
CHA,ok,True,True,True,True,True,forecast_icc,,2218577408.0
CHAI,failed,True,True,False,False,False,,missing_positive_eps,9878549.0
CHAR,ok,True,True,False,True,True,trailing_eps_fallback_icc,,120066744.0
CHCI,ok,True,True,False,True,True,trailing_eps_fallback_icc,,203171376.0
CHCO,ok,True,True,True,True,True,forecast_icc,,2007755520.0
CHCT,ok,True,True,True,True,True,forecast_icc,,420291072.0
CHD,ok,True,True,True,True,True,forecast_icc,,23668205568.0
CHDN,ok,True,True,True,True,True,forecast_icc,,6097377280.0
CHE,ok,True,True,True,True,True,forecast_icc,,6779520000.0
CHEC,ok,True,True,False,True,True,trailing_eps_fallback_icc,,176547104.0
CHEF,ok,True,True,True,True,True,forecast_icc,,4588335616.0
CHGA,ok,True,True,False,True,True,trailing_eps_fallback_icc,,2882312.0
CHGG,failed,True,True,False,False,False,,missing_positive_eps,93818224.0
CHH,ok,True,True,True,True,True,forecast_icc,,4652091392.0
CHKP,ok,True,True,True,True,True,forecast_icc,,14182799360.0
CHMG,ok,True,True,True,True,True,forecast_icc,,390876736.0
CHMI,ok,True,True,True,True,True,forecast_icc,,110188568.0
CHNR,failed,True,True,False,False,False,,missing_positive_eps,5088371.0
CHOW,failed,True,True,False,False,False,,missing_positive_eps,20885866.0
CHPG,ok,True,True,False,True,True,trailing_eps_fallback_icc,,104666752.0
CHPT,failed,True,True,False,False,False,,missing_positive_eps,134289296.0
CHR,failed,True,True,False,False,False,,missing_positive_eps,3229542.0
CHRD,ok,True,True,True,True,True,forecast_icc,,8046603776.0
CHRN,failed,True,True,False,False,False,,missing_positive_eps,2640005632.0
CHRS,failed,True,True,False,False,False,,missing_positive_eps,208576304.0
CHRW,ok,True,True,True,True,True,forecast_icc,,17487960064.0
CHSCL,failed,True,False,False,False,False,,missing_positive_eps,
CHSCM,failed,True,False,False,False,False,,missing_positive_eps,
CHSCN,failed,True,False,False,False,False,,missing_positive_eps,
CHSCO,failed,True,False,False,False,False,,missing_positive_eps,
CHSN,ok,True,True,False,True,True,trailing_eps_fallback_icc,,2435041.0
CHT,ok,True,True,True,True,True,forecast_icc,,33519925248.0
CHTR,ok,True,True,True,True,True,forecast_icc,,20545480704.0
CHWY,ok,True,True,True,True,True,forecast_icc,,9744295936.0
CHYM,ok,True,True,True,True,True,forecast_icc,,12534953984.0
CI,ok,True,True,True,True,True,forecast_icc,,72951504896.0
CIA,ok,True,True,True,True,True,forecast_icc,,190418080.0
CIB,ok,True,True,True,True,True,forecast_icc,,22700226560.0
CIEN,ok,True,True,True,True,True,forecast_icc,,54186459136.0
CIFR,ok,True,True,True,False,True,forecast_icc,,6432976384.0
CIG,ok,True,True,True,True,True,forecast_icc,,5778577408.0
CIG-C,ok,True,True,False,True,True,trailing_eps_fallback_icc,,8911024128.0
CIGI,ok,True,True,True,True,True,forecast_icc,,5144110592.0
CIGL,failed,True,True,False,False,False,,missing_positive_eps,97127080.0
CII,ok,True,True,False,True,True,trailing_eps_fallback_icc,,1002867520.0
CIIT,failed,True,True,False,False,False,,missing_positive_eps,2873148.0
CIK,ok,True,True,False,True,True,trailing_eps_fallback_icc,,133308736.0
CIM,ok,True,True,True,False,True,forecast_icc,,959337408.0
CINF,ok,True,True,True,True,True,forecast_icc,,26075920384.0
CING,failed,True,True,False,False,False,,missing_positive_eps,75181240.0
CINT,ok,True,True,True,True,True,forecast_icc,,442840832.0
CION,ok,True,True,True,True,True,forecast_icc,,369512320.0
CIRC,failed,True,True,False,False,False,,missing_positive_eps,67690608.0
CISO,failed,True,True,False,False,False,,missing_positive_eps,10425375.0
CISS,ok,True,True,False,True,True,trailing_eps_fallback_icc,,469227.0
CITR,failed,True,True,False,False,False,,missing_positive_eps,133870976.0
CIVB,ok,True,True,True,True,True,forecast_icc,,561028544.0
CIX,ok,True,True,True,True,True,forecast_icc,,392242912.0
CJMB,failed,True,True,False,False,False,,missing_positive_eps,12367592.0
CKX,ok,True,True,False,True,True,trailing_eps_fallback_icc,,23303014.0
CL,ok,True,True,True,True,True,forecast_icc,,71602061312.0
CLAR,ok,True,True,True,False,True,forecast_icc,,142431936.0
CLB,ok,True,True,True,True,True,forecast_icc,,570344896.0
CLBK,ok,True,True,True,True,True,forecast_icc,,1209156608.0
CLBR,failed,True,True,False,False,False,,missing_positive_eps,410170848.0
CLBR-U,failed,False,False,False,False,False,,missing_price,
CLBR-W,failed,False,False,False,False,False,,missing_price,
CLBT,ok,True,True,True,True,True,forecast_icc,,3009431296.0
CLDI,failed,True,True,False,False,False,,missing_positive_eps,3462806.0
CLDT,ok,True,True,False,True,True,trailing_eps_fallback_icc,,639515840.0
CLDX,failed,True,True,False,False,False,,missing_positive_eps,3112125696.0
CLF,ok,True,True,True,False,True,forecast_icc,,6589737472.0
CLFD,ok,True,True,True,True,True,forecast_icc,,394070528.0
CLGN,failed,True,True,False,False,False,,missing_positive_eps,7334494.0
CLH,ok,True,True,True,True,True,forecast_icc,,16641179648.0
CLIK,failed,True,True,False,False,False,,missing_positive_eps,11816985.0
CLIR,failed,True,True,False,False,False,,missing_positive_eps,26869760.0
CLLS,failed,True,True,False,False,False,,missing_positive_eps,337349024.0
CLM,ok,True,True,False,True,True,trailing_eps_fallback_icc,,2078867328.0
CLMB,ok,True,True,True,True,True,forecast_icc,,532388064.0
CLMT,ok,True,True,True,False,True,forecast_icc,,4371179008.0
CLNE,failed,True,True,False,False,False,,missing_positive_eps,350507584.0
CLNN,failed,True,True,False,False,False,,missing_positive_eps,54991640.0
CLOV,ok,True,True,True,False,True,forecast_icc,,2204298496.0
CLPR,ok,True,True,True,False,True,forecast_icc,,139742624.0
CLPS,failed,True,True,False,False,False,,missing_positive_eps,32826012.0
CLPT,failed,True,True,False,False,False,,missing_positive_eps,461834016.0
CLRB,failed,True,True,False,False,False,,missing_positive_eps,23724790.0
CLRO,failed,True,True,False,False,False,,missing_positive_eps,13938897.0
CLS,ok,True,True,True,True,True,forecast_icc,,37757669376.0
CLSK,failed,True,True,False,False,False,,missing_positive_eps,2984214272.0
CLST,ok,True,True,False,True,True,trailing_eps_fallback_icc,,71841816.0
CLVT,ok,True,True,True,False,True,forecast_icc,,1310393856.0
CLW,failed,True,True,False,False,False,,missing_positive_eps,338469056.0
CLX,ok,True,True,True,True,True,forecast_icc,,11812540416.0
CLYM,failed,True,True,False,False,False,,missing_positive_eps,788599744.0
CM,ok,True,True,True,True,True,forecast_icc,,103068827648.0
CMBT,ok,True,True,True,True,True,forecast_icc,,5304303616.0
CMC,ok,True,True,True,True,True,forecast_icc,,7463823872.0
CMCL,ok,True,True,True,True,True,forecast_icc,,489370880.0
CMCM,ok,True,True,True,False,True,forecast_icc,,104910568.0
CMCO,ok,True,True,True,False,True,forecast_icc,,509742560.0
CMCSA,ok,True,True,True,True,True,forecast_icc,,94464712704.0
CMCT,failed,True,True,False,False,False,,missing_positive_eps,11613123.0
CMDB,ok,True,True,False,True,True,trailing_eps_fallback_icc,,497451488.0
CME,ok,True,True,True,True,True,forecast_icc,,102659883008.0
CMG,ok,True,True,True,True,True,forecast_icc,,48123842560.0
CMI,ok,True,True,True,True,True,forecast_icc,,77881032704.0
CMII,failed,True,True,False,False,False,,missing_positive_eps,315196608.0
CMMB,failed,True,True,False,False,False,,missing_positive_eps,19931236.0
CMND,failed,True,True,False,False,False,,missing_positive_eps,2881969.0
CMP,ok,True,True,True,True,True,forecast_icc,,1043644480.0
CMPR,ok,True,True,True,True,True,forecast_icc,,2169781760.0
CMPS,failed,True,True,False,False,False,,missing_positive_eps,1870821760.0
CMPX,failed,True,True,False,False,False,,missing_positive_eps,430410144.0
CMRC,ok,True,True,True,False,True,forecast_icc,,199690176.0
CMRE,ok,True,True,True,True,True,forecast_icc,,1847239040.0
CMS,ok,True,True,True,True,True,forecast_icc,,21025069056.0
CMT,ok,True,True,True,True,True,forecast_icc,,214510640.0
CMTG,failed,True,True,False,False,False,,missing_positive_eps,224323888.0
CMTL,failed,True,True,False,False,False,,missing_positive_eps,50634820.0
CMTV,ok,True,True,False,True,True,trailing_eps_fallback_icc,,226724512.0
CNA,ok,True,True,True,True,True,forecast_icc,,13143087104.0
CNC,ok,True,True,True,False,True,forecast_icc,,31783636992.0
CNCK,failed,True,True,False,False,False,,missing_positive_eps,404107680.0
CNDT,failed,True,True,False,False,False,,missing_positive_eps,267495776.0
CNET,failed,True,True,False,False,False,,missing_positive_eps,5080774.0
CNEY,failed,True,True,False,False,False,,missing_positive_eps,4719362.0
CNF,ok,True,True,True,False,True,forecast_icc,,37088076.0
CNH,ok,True,True,True,True,True,forecast_icc,,19024517120.0
CNI,ok,True,True,True,True,True,forecast_icc,,75461271552.0
CNK,ok,True,True,True,True,True,forecast_icc,,4127621376.0
CNL,failed,True,True,False,False,False,,missing_positive_eps,1402269696.0
CNM,ok,True,True,True,True,True,forecast_icc,,8314479616.0
CNMD,ok,True,True,True,True,True,forecast_icc,,1493069696.0
CNNE,failed,True,True,False,False,False,,missing_positive_eps,676637952.0
CNO,ok,True,True,True,True,True,forecast_icc,,5069245952.0
CNOB,ok,True,True,True,True,True,forecast_icc,,1582055552.0
CNP,ok,True,True,True,True,True,forecast_icc,,26085320704.0
CNQ,ok,True,True,True,True,True,forecast_icc,,103219306496.0
CNR,ok,True,True,True,True,True,forecast_icc,,5077789184.0
CNS,ok,True,True,True,True,True,forecast_icc,,4148174848.0
CNSP,failed,True,True,False,False,False,,missing_positive_eps,8739465.0
CNSY,ok,True,True,False,True,True,trailing_eps_fallback_icc,,21402742.0
CNTB,failed,True,True,False,False,False,,missing_positive_eps,138543488.0
CNTN,failed,True,True,False,False,False,,missing_positive_eps,181673504.0
CNTX,failed,True,True,False,False,False,,missing_positive_eps,35805316.0
CNTY,failed,True,True,False,False,False,,missing_positive_eps,35453492.0
CNVS,failed,True,True,False,False,False,,missing_positive_eps,56575908.0
CNX,ok,True,True,True,True,True,forecast_icc,,5382189568.0
CNXC,ok,True,True,True,False,True,forecast_icc,,1836652416.0
CNXN,ok,True,True,True,True,True,forecast_icc,,2015767168.0
CNXU,failed,True,True,False,False,False,,missing_positive_eps,191991024.0
COAG,failed,True,True,False,False,False,,missing_positive_eps,2136145024.0
COCH,failed,True,True,False,False,False,,missing_positive_eps,56274856.0
COCO,ok,True,True,True,True,True,forecast_icc,,3397493760.0
COCP,failed,True,True,False,False,False,,missing_positive_eps,22345312.0
CODA,ok,True,True,True,True,True,forecast_icc,,113371576.0
CODI,ok,True,True,True,False,True,forecast_icc,,869727808.0
CODX,failed,True,True,False,False,False,,missing_positive_eps,8656836.0
COE,failed,True,True,False,False,False,,missing_positive_eps,90109728.0
COF,ok,True,True,True,True,True,forecast_icc,,131601891328.0
COFS,ok,True,True,True,True,True,forecast_icc,,496672800.0
COGT,failed,True,True,False,False,False,,missing_positive_eps,6073374208.0
COHN,ok,True,True,True,True,True,forecast_icc,,36132172.0
COHR,ok,True,True,True,True,True,forecast_icc,,54408069120.0
COHU,ok,True,True,True,False,True,forecast_icc,,2182301696.0
COIN,ok,True,True,True,False,True,forecast_icc,,49633001472.0
COKE,ok,True,True,True,True,True,forecast_icc,,13017979904.0
COLA,ok,True,True,False,True,True,trailing_eps_fallback_icc,,47865772.0
COLB,ok,True,True,True,True,True,forecast_icc,,8382695424.0
COLD,failed,True,True,False,False,False,,missing_positive_eps,4288360704.0
COLL,ok,True,True,True,True,True,forecast_icc,,762890112.0
COLM,ok,True,True,True,True,True,forecast_icc,,2938489344.0
COMP,ok,True,True,True,True,True,forecast_icc,,8106327552.0
CON,ok,True,True,True,True,True,forecast_icc,,4302448640.0
COO,ok,True,True,True,True,True,forecast_icc,,13669695488.0
COOK,ok,True,True,True,False,True,forecast_icc,,156840448.0
COOT,failed,True,True,False,False,False,,missing_positive_eps,17824670.0
COP,ok,True,True,True,True,True,forecast_icc,,159165202432.0
COPL,ok,True,True,False,True,True,trailing_eps_fallback_icc,,233348336.0
COPL-U,failed,False,False,False,False,False,,missing_price,
COPL-W,failed,False,False,False,False,False,,missing_price,
COPR,failed,True,True,False,False,False,,missing_positive_eps,62159544.0
COPR-W,failed,False,False,False,False,False,,missing_price,
COR,ok,True,True,True,True,True,forecast_icc,,61751672832.0
CORT,ok,True,True,True,True,True,forecast_icc,,12252953600.0
CORZ,ok,True,True,True,False,True,forecast_icc,,5237849088.0
COSM,ok,True,True,True,False,True,forecast_icc,,24433880.0
COSO,ok,True,True,True,True,True,forecast_icc,,327671360.0
COST,ok,True,True,True,True,True,forecast_icc,,418595241984.0
COTY,ok,True,True,True,False,True,forecast_icc,,2509329152.0
COUR,ok,True,True,True,False,True,forecast_icc,,1723888000.0
COYA,failed,True,True,False,False,False,,missing_positive_eps,106967784.0
CP,ok,True,True,True,True,True,forecast_icc,,81481859072.0
CPA,ok,True,True,True,True,True,forecast_icc,,5161615872.0
CPAC,ok,True,True,True,True,True,forecast_icc,,1070267072.0
CPAY,ok,True,True,True,True,True,forecast_icc,,26546176000.0
CPB,ok,True,True,True,True,True,forecast_icc,,7061523968.0
CPBI,ok,True,True,False,True,True,trailing_eps_fallback_icc,,81843304.0
CPF,ok,True,True,True,True,True,forecast_icc,,958319424.0
CPHC,ok,True,True,False,True,True,trailing_eps_fallback_icc,,82467800.0
CPHI,failed,True,True,False,False,False,,missing_positive_eps,38095980.0
CPIX,ok,True,True,True,False,True,forecast_icc,,100236984.0
CPK,ok,True,True,True,True,True,forecast_icc,,3219175936.0
CPNG,ok,True,True,True,False,True,forecast_icc,,28828729344.0
CPOP,failed,True,True,False,False,False,,missing_positive_eps,3950532.0
CPRI,ok,True,True,True,True,True,forecast_icc,,1505883904.0
CPRT,ok,True,True,True,True,True,forecast_icc,,31779547136.0
CPS,ok,True,True,True,False,True,forecast_icc,,475859392.0
CPSH,ok,True,True,True,True,True,forecast_icc,,74954264.0
CPSS,ok,True,True,True,True,True,forecast_icc,,198950000.0
CPT,ok,True,True,True,True,True,forecast_icc,,10637064192.0
CQP,ok,True,True,True,True,True,forecast_icc,,34024415232.0
CR,ok,True,True,True,True,True,forecast_icc,,11853119488.0
CRAC,failed,True,True,False,False,False,,missing_positive_eps,227713888.0
CRAI,ok,True,True,True,True,True,forecast_icc,,1095312128.0
CRAN,failed,True,True,False,False,False,,missing_positive_eps,475566016.0
CRAQ,ok,True,True,False,True,True,trailing_eps_fallback_icc,,403955040.0
CRBG,ok,True,True,True,True,True,forecast_icc,,14505438208.0
CRBP,failed,True,True,False,False,False,,missing_positive_eps,211013488.0
CRBU,failed,True,True,False,False,False,,missing_positive_eps,165099568.0
CRC,ok,True,True,True,False,True,forecast_icc,,4710118912.0
CRCL,ok,True,True,True,True,True,forecast_icc,,26046367744.0
CRCT,ok,True,True,True,True,True,forecast_icc,,1235722112.0
CRD-A,ok,True,True,True,True,True,forecast_icc,,624403584.0
CRD-B,ok,True,True,True,True,True,forecast_icc,,569197184.0
CRDF,failed,True,True,False,False,False,,missing_positive_eps,77297360.0
CRDL,failed,True,True,False,False,False,,missing_positive_eps,230724784.0
CRDO,ok,True,True,True,True,True,forecast_icc,,42508943360.0
CRE,ok,True,True,False,True,True,trailing_eps_fallback_icc,,6364193.0
CRESY,ok,True,True,True,True,True,forecast_icc,,815639808.0
CREX,ok,True,True,True,False,True,forecast_icc,,36927360.0
CRF,ok,True,True,False,True,True,trailing_eps_fallback_icc,,1091390208.0
CRGO,failed,True,True,False,False,False,,missing_positive_eps,66154872.0
CRGY,ok,True,True,True,True,True,forecast_icc,,4523226624.0
CRH,ok,True,True,True,True,True,forecast_icc,,62729674752.0
CRI,ok,True,True,True,True,True,forecast_icc,,1189075200.0
CRIS,ok,True,True,False,True,True,trailing_eps_fallback_icc,,3613366.0
CRK,ok,True,True,True,True,True,forecast_icc,,4236944640.0
CRL,ok,True,True,True,False,True,forecast_icc,,13760251904.0
CRM,ok,True,True,True,True,True,forecast_icc,,211955433472.0
CRMD,ok,True,True,True,True,True,forecast_icc,,643820096.0
CRML,failed,True,True,False,False,False,,missing_positive_eps,1059067904.0
CRMT,failed,True,True,False,False,False,,missing_positive_eps,19926034.0
CRNC,ok,True,True,True,False,True,forecast_icc,,381743328.0
CRNT,ok,True,True,True,False,True,forecast_icc,,188950656.0
CRNX,failed,True,True,False,False,False,,missing_positive_eps,9012787200.0
CRON,ok,True,True,True,True,True,forecast_icc,,1241551360.0
CROX,ok,True,True,True,True,True,forecast_icc,,5771628032.0
CRS,ok,True,True,True,True,True,forecast_icc,,23610693632.0
CRSP,failed,True,True,False,False,False,,missing_positive_eps,5509547520.0
CRSR,ok,True,True,True,True,True,forecast_icc,,1314350080.0
CRT,ok,True,True,False,True,True,trailing_eps_fallback_icc,,62700000.0
CRTO,ok,True,True,True,True,True,forecast_icc,,864806912.0
CRUS,ok,True,True,True,True,True,forecast_icc,,5488374272.0
CRVL,ok,True,True,False,True,True,trailing_eps_fallback_icc,,3479581440.0
CRVO,failed,True,True,False,False,False,,missing_positive_eps,39763224.0
CRVS,failed,True,True,False,False,False,,missing_positive_eps,1181058048.0
CRWD,ok,True,True,True,True,True,forecast_icc,,236528943104.0
CRWV,failed,True,True,False,False,False,,missing_positive_eps,46819938304.0
CSAI,ok,True,True,False,True,True,trailing_eps_fallback_icc,,4293986.0
CSAN,ok,True,True,True,False,True,forecast_icc,,2908970496.0
CSBR,ok,True,True,True,False,True,forecast_icc,,69398376.0
CSCO,ok,True,True,True,True,True,forecast_icc,,435489112064.0
CSGP,ok,True,True,True,True,True,forecast_icc,,12994686976.0
CSHR,ok,True,True,True,True,True,forecast_icc,,798588032.0
CSIQ,failed,True,True,False,False,False,,missing_positive_eps,837166976.0
CSL,ok,True,True,True,True,True,forecast_icc,,13764123648.0
CSPI,failed,True,True,False,False,False,,missing_positive_eps,79737904.0
CSQR,failed,True,True,False,False,False,,missing_positive_eps,3234365696.0
CSR,ok,True,True,True,True,True,forecast_icc,,928818560.0
CSTE,failed,True,True,False,False,False,,missing_positive_eps,99581984.0
CSTL,failed,True,True,False,False,False,,missing_positive_eps,1009050240.0
CSTM,ok,True,True,True,True,True,forecast_icc,,3581997824.0
CSV,ok,True,True,True,True,True,forecast_icc,,534439296.0
CSW,ok,True,True,True,True,True,forecast_icc,,5033872896.0
CSWC,ok,True,True,True,True,True,forecast_icc,,1629675008.0
CSX,ok,True,True,True,True,True,forecast_icc,,93568499712.0
CTAA,failed,True,True,False,False,False,,missing_positive_eps,211521600.0
CTAS,ok,True,True,True,True,True,forecast_icc,,80750215168.0
CTBI,ok,True,True,True,True,True,forecast_icc,,1383126272.0
CTEV,ok,True,True,True,False,True,forecast_icc,,675017536.0
CTGO,ok,True,True,True,False,True,forecast_icc,,652093504.0
CTKB,ok,True,True,True,False,True,forecast_icc,,621320000.0
CTM,ok,True,True,True,False,True,forecast_icc,,57238420.0
CTMX,failed,True,True,False,False,False,,missing_positive_eps,732141568.0
CTNM,failed,True,True,False,False,False,,missing_positive_eps,610967168.0
CTNT,failed,True,True,False,False,False,,missing_positive_eps,4612711.0
CTO,ok,True,True,True,True,True,forecast_icc,,799939648.0
CTOR,failed,True,True,False,False,False,,missing_positive_eps,80715256.0
CTOS,ok,True,True,True,True,True,forecast_icc,,2095325952.0
CTRE,ok,True,True,True,True,True,forecast_icc,,9203619840.0
CTRI,ok,True,True,True,True,True,forecast_icc,,2060656000.0
CTRM,ok,True,True,False,True,True,trailing_eps_fallback_icc,,21643674.0
CTRN,ok,True,True,True,True,True,forecast_icc,,566971136.0
CTS,ok,True,True,True,True,True,forecast_icc,,1612568448.0
CTSH,ok,True,True,True,True,True,forecast_icc,,30546341888.0
CTSO,failed,True,True,False,False,False,,missing_positive_eps,21429376.0
CTVA,ok,True,True,True,True,True,forecast_icc,,56464797696.0
CTW,ok,True,True,True,True,True,forecast_icc,,161616000.0
CTXR,failed,True,True,False,False,False,,missing_positive_eps,15927982.0
CUB,ok,True,True,False,True,True,trailing_eps_fallback_icc,,284128352.0
CUBE,ok,True,True,True,True,True,forecast_icc,,9005175808.0
CUBI,ok,True,True,True,True,True,forecast_icc,,2644445440.0
CUE,failed,True,True,False,False,False,,missing_positive_eps,185387856.0
CULP,ok,True,True,True,False,True,forecast_icc,,42738936.0
CUPR,failed,True,True,False,False,False,,missing_positive_eps,7802705.0
CURB,ok,True,True,True,True,True,forecast_icc,,3401743104.0
CURI,ok,True,True,True,False,True,forecast_icc,,159025920.0
CURR,failed,True,True,False,False,False,,missing_positive_eps,368284576.0
CURV,ok,True,True,True,False,True,forecast_icc,,218944848.0
CURX,failed,True,True,False,False,False,,missing_positive_eps,6743436.0
CUVL,ok,True,True,False,True,True,trailing_eps_fallback_icc,,300045984.0
CUZ,ok,True,True,True,True,True,forecast_icc,,4772538368.0
CV,failed,True,True,False,False,False,,missing_positive_eps,292273984.0
CVBF,ok,True,True,True,True,True,forecast_icc,,3901863168.0
CVCO,ok,True,True,True,True,True,forecast_icc,,4299375616.0
CVE,ok,True,True,True,True,True,forecast_icc,,59292479488.0
CVEO,ok,True,True,True,False,True,forecast_icc,,345561184.0
CVGI,ok,True,True,True,False,True,forecast_icc,,125961304.0
CVI,ok,True,True,True,True,True,forecast_icc,,4208210944.0
CVKD,failed,True,True,False,False,False,,missing_positive_eps,5422536.0
CVLG,ok,True,True,True,True,True,forecast_icc,,897104384.0
CVLT,ok,True,True,True,True,True,forecast_icc,,5699456512.0
CVM,failed,True,True,False,False,False,,missing_positive_eps,28494160.0
CVNA,ok,True,True,True,True,True,forecast_icc,,81427742720.0
CVR,failed,True,True,False,False,False,,missing_positive_eps,10120233.0
CVRX,failed,True,True,False,False,False,,missing_positive_eps,78859128.0
CVS,ok,True,True,True,True,True,forecast_icc,,120108113920.0
CVSA,ok,True,True,True,True,True,forecast_icc,,4504356864.0
CVU,ok,True,True,True,True,True,forecast_icc,,69428600.0
CVV,ok,True,True,True,False,True,forecast_icc,,47268180.0
CVX,ok,True,True,True,True,True,forecast_icc,,404364918784.0
CW,ok,True,True,True,True,True,forecast_icc,,21515423744.0
CWBC,ok,True,True,True,True,True,forecast_icc,,703589952.0
CWCO,ok,True,True,True,True,True,forecast_icc,,476703008.0
CWD,failed,True,True,False,False,False,,missing_positive_eps,5474789.0
CWEN,ok,True,True,True,True,True,forecast_icc,,7830692864.0
CWH,ok,True,True,True,False,True,forecast_icc,,412328576.0
CWK,ok,True,True,True,True,True,forecast_icc,,3166287872.0
CWST,ok,True,True,True,True,True,forecast_icc,,5870794240.0
CX,ok,True,True,True,True,True,forecast_icc,,15497309184.0
CXAI,failed,True,True,False,False,False,,missing_positive_eps,8554906.0
CXDO,ok,True,True,True,True,True,forecast_icc,,199030384.0
CXII,failed,True,True,False,False,False,,missing_positive_eps,599940032.0
CXM,ok,True,True,True,True,True,forecast_icc,,1923018240.0
CXT,ok,True,True,True,True,True,forecast_icc,,2814747904.0
CXW,ok,True,True,True,True,True,forecast_icc,,3285241856.0
CYAB,failed,True,True,False,False,False,,missing_positive_eps,7966194.0
CYCN,failed,True,True,False,False,False,,missing_positive_eps,15935556.0
CYCU,ok,True,True,False,True,True,trailing_eps_fallback_icc,,94834032.0
CYD,ok,True,True,True,True,True,forecast_icc,,1438452608.0
CYH,ok,True,True,False,True,True,trailing_eps_fallback_icc,,411747328.0
CYN,failed,True,True,False,False,False,,missing_positive_eps,15144444.0
CYPH,ok,True,True,False,True,True,trailing_eps_fallback_icc,,194297680.0
CYRX,failed,True,True,False,False,False,,missing_positive_eps,810385600.0
CYTK,failed,True,True,False,False,False,,missing_positive_eps,9858151424.0
CZFS,ok,True,True,True,True,True,forecast_icc,,386423744.0
CZNC,ok,True,True,True,True,True,forecast_icc,,454469568.0
CZR,ok,True,True,True,False,True,forecast_icc,,6052187648.0
CZWI,ok,True,True,True,True,True,forecast_icc,,201014304.0
D,ok,True,True,True,True,True,forecast_icc,,58057510912.0
DAAQ,ok,True,True,False,True,True,trailing_eps_fallback_icc,,240119984.0
DAC,ok,True,True,True,True,True,forecast_icc,,2757476352.0
DAIC,failed,True,True,False,False,False,,missing_positive_eps,105303336.0
DAIO,ok,True,True,True,False,True,forecast_icc,,30043364.0
DAKT,ok,True,True,True,True,True,forecast_icc,,943412800.0
DAL,ok,True,True,True,True,True,forecast_icc,,51294597120.0
DAN,ok,True,True,True,False,True,forecast_icc,,3225148928.0
DAO,ok,True,True,True,True,True,forecast_icc,,1977201536.0
DAR,ok,True,True,True,True,True,forecast_icc,,10457597952.0
DARE,failed,True,True,False,False,False,,missing_positive_eps,14744518.0
DASH,ok,True,True,True,True,True,forecast_icc,,100412473344.0
DAVA,ok,True,True,True,False,True,forecast_icc,,175437808.0
DAVE,ok,True,True,True,True,True,forecast_icc,,4585859584.0
DB,ok,True,True,True,True,True,forecast_icc,,75272749056.0
DBCA,failed,True,True,False,False,False,,missing_positive_eps,556762496.0
DBD,ok,True,True,True,True,True,forecast_icc,,2302936320.0
DBGI,failed,True,True,False,False,False,,missing_positive_eps,3680563.0
DBI,ok,True,True,True,True,True,forecast_icc,,277750624.0
DBL,ok,True,True,False,True,True,trailing_eps_fallback_icc,,279376992.0
DBRG,ok,True,True,True,True,True,forecast_icc,,2983049984.0
DBVT,failed,True,True,False,False,False,,missing_positive_eps,868529088.0
DBX,ok,True,True,True,True,True,forecast_icc,,7651805696.0
DC,failed,True,True,False,False,False,,missing_positive_eps,815771776.0
DCBG,failed,True,False,False,False,False,,missing_positive_eps,
DCBO,ok,True,True,True,True,True,forecast_icc,,660478080.0
DCGO,ok,True,True,True,False,True,forecast_icc,,37691708.0
DCH,ok,True,True,True,False,True,forecast_icc,,1487404928.0
DCI,ok,True,True,True,True,True,forecast_icc,,10535155712.0
DCO,ok,True,True,True,False,True,forecast_icc,,2588403968.0
DCOM,ok,True,True,True,True,True,forecast_icc,,1783926528.0
DCOY,ok,True,True,False,True,True,trailing_eps_fallback_icc,,1998314.0
DCTH,ok,True,True,True,True,True,forecast_icc,,571142144.0
DCX,ok,True,True,False,True,True,trailing_eps_fallback_icc,,244592240.0
DD,ok,True,True,True,True,True,forecast_icc,,18172262400.0
DDC,failed,True,True,False,False,False,,missing_positive_eps,17911658.0
DDD,failed,True,True,False,False,False,,missing_positive_eps,544962240.0
DDI,ok,True,True,True,True,True,forecast_icc,,630815296.0
DDL,ok,True,True,True,True,True,forecast_icc,,494165088.0
DDOG,ok,True,True,True,True,True,forecast_icc,,85115133952.0
DDS,ok,True,True,True,True,True,forecast_icc,,9775805440.0
DDT,failed,True,False,False,False,False,,missing_positive_eps,
DE,ok,True,True,True,True,True,forecast_icc,,176580362240.0
DEA,ok,True,True,True,True,True,forecast_icc,,1202112512.0
DEC,ok,True,True,True,True,True,forecast_icc,,1053758784.0
DECK,ok,True,True,True,True,True,forecast_icc,,11858716672.0
DEFT,ok,True,True,True,True,True,forecast_icc,,234097840.0
DEI,failed,True,True,False,False,False,,missing_positive_eps,2324491520.0
DELL,ok,True,True,True,True,True,forecast_icc,,294647398400.0
DEO,ok,True,True,True,True,True,forecast_icc,,51059412992.0
DERM,failed,True,True,False,False,False,,missing_positive_eps,209142768.0
DETX,failed,True,True,False,False,False,,missing_positive_eps,20000580.0
DFDV,failed,True,True,False,False,False,,missing_positive_eps,166768112.0
DFH,ok,True,True,True,True,True,forecast_icc,,1272018432.0
DFIN,ok,True,True,True,True,True,forecast_icc,,1187474048.0
DFLI,failed,True,True,False,False,False,,missing_positive_eps,16476684.0
DFNS,failed,True,True,False,False,False,,missing_positive_eps,11944051.0
DFP,ok,True,True,False,True,True,trailing_eps_fallback_icc,,421031776.0
DFSC,failed,True,True,False,False,False,,missing_positive_eps,4559941.0
DFTX,failed,True,True,False,False,False,,missing_positive_eps,5337055232.0
DG,ok,True,True,True,True,True,forecast_icc,,27963176960.0
DGAC,failed,True,True,False,False,False,,missing_positive_eps,225635008.0
DGAC-R,failed,False,False,False,False,False,,missing_price,
DGAC-U,failed,False,False,False,False,False,,missing_price,
DGICA,ok,True,True,True,True,True,forecast_icc,,708388480.0
DGICB,ok,True,True,False,True,True,trailing_eps_fallback_icc,,858598592.0
DGII,ok,True,True,True,True,True,forecast_icc,,2843832576.0
DGNX,failed,True,True,False,False,False,,missing_positive_eps,34630120.0
DGX,ok,True,True,True,True,True,forecast_icc,,26522718208.0
DGXX,failed,True,True,False,False,False,,missing_positive_eps,365028064.0
DH,ok,True,True,True,False,True,forecast_icc,,101407472.0
DHC,failed,True,True,False,False,False,,missing_positive_eps,1832916480.0
DHF,ok,True,True,False,True,True,trailing_eps_fallback_icc,,172385584.0
DHI,ok,True,True,True,True,True,forecast_icc,,40433614848.0
DHR,ok,True,True,True,True,True,forecast_icc,,150129704960.0
DHT,ok,True,True,True,True,True,forecast_icc,,3160217088.0
DHX,ok,True,True,True,True,True,forecast_icc,,186289776.0
DHY,ok,True,True,False,True,True,trailing_eps_fallback_icc,,234848480.0
DIBS,failed,True,True,False,False,False,,missing_positive_eps,146898816.0
DIN,ok,True,True,True,True,True,forecast_icc,,418764704.0
DINO,ok,True,True,True,True,True,forecast_icc,,18064617472.0
DIOD,ok,True,True,True,True,True,forecast_icc,,4181494784.0
DIS,ok,True,True,True,True,True,forecast_icc,,185705168896.0
DIT,ok,True,True,False,True,True,trailing_eps_fallback_icc,,67348344.0
DJCO,failed,True,True,False,False,False,,missing_positive_eps,858374528.0
DJT,failed,True,True,False,False,False,,missing_positive_eps,2715486464.0
DK,ok,True,True,True,True,True,forecast_icc,,4551999488.0
DKI,failed,True,True,False,False,False,,missing_positive_eps,7063344.0
DKL,ok,True,True,True,True,True,forecast_icc,,3206016256.0
DKNG,ok,True,True,True,False,True,forecast_icc,,12058869760.0
DKS,ok,True,True,True,True,True,forecast_icc,,12091793408.0
DLB,ok,True,True,True,True,True,forecast_icc,,5766251008.0
DLHC,failed,True,True,False,False,False,,missing_positive_eps,62972236.0
DLNG,ok,True,True,True,True,True,forecast_icc,,140434560.0
DLO,ok,True,True,True,True,True,forecast_icc,,4364011008.0
DLPN,ok,True,True,True,False,True,forecast_icc,,15044511.0
DLR,ok,True,True,True,True,True,forecast_icc,,70090604544.0
DLTH,failed,True,True,False,False,False,,missing_positive_eps,139847632.0
DLTR,ok,True,True,True,True,True,forecast_icc,,23752120320.0
DLX,ok,True,True,True,True,True,forecast_icc,,1059280256.0
DLXY,failed,True,True,False,False,False,,missing_positive_eps,6211365.0
DLY,ok,True,True,False,True,True,trailing_eps_fallback_icc,,673236672.0
DMA,failed,True,True,False,False,False,,missing_positive_eps,68210248.0
DMAA,ok,True,True,False,True,True,trailing_eps_fallback_icc,,260976800.0
DMAC,failed,True,True,False,False,False,,missing_positive_eps,342428160.0
DMB,ok,True,True,False,True,True,trailing_eps_fallback_icc,,195471424.0
DMC,ok,True,True,True,True,True,forecast_icc,,1493592192.0
DMII,ok,True,True,False,True,True,trailing_eps_fallback_icc,,646554944.0
DMLP,ok,True,True,False,True,True,trailing_eps_fallback_icc,,1419232640.0
DMO,ok,True,True,False,True,True,trailing_eps_fallback_icc,,116785248.0
DMRA,failed,True,True,False,False,False,,missing_positive_eps,1739707008.0
DMRC,failed,True,True,False,False,False,,missing_positive_eps,134402464.0
DNA,failed,True,True,False,False,False,,missing_positive_eps,458587296.0
DNLI,failed,True,True,False,False,False,,missing_positive_eps,3797974528.0
DNMX,failed,True,True,False,False,False,,missing_positive_eps,270211648.0
DNN,failed,True,True,False,False,False,,missing_positive_eps,3068823296.0
DNOW,ok,True,True,True,False,True,forecast_icc,,2897997824.0
DNP,ok,True,True,False,True,True,trailing_eps_fallback_icc,,4094856448.0
DNTH,failed,True,True,False,False,False,,missing_positive_eps,5773300736.0
DNUT,ok,True,True,True,False,True,forecast_icc,,593369984.0
DOC,ok,True,True,True,True,True,forecast_icc,,14760282112.0
DOCN,ok,True,True,True,True,True,forecast_icc,,12940557312.0
DOCS,ok,True,True,True,True,True,forecast_icc,,4760950272.0
DOCU,ok,True,True,True,True,True,forecast_icc,,12653898752.0
DOGZ,failed,True,True,False,False,False,,missing_positive_eps,18501690.0
DOLE,ok,True,True,True,True,True,forecast_icc,,1308254464.0
DOMH,failed,True,True,False,False,False,,missing_positive_eps,56730128.0
DOMO,ok,True,True,True,False,True,forecast_icc,,177796688.0
DOO,ok,True,True,True,True,True,forecast_icc,,4536476672.0
DORM,ok,True,True,True,True,True,forecast_icc,,3823703552.0
DOUG,ok,True,True,True,True,True,forecast_icc,,168147376.0
DOV,ok,True,True,True,True,True,forecast_icc,,26158940160.0
DOW,ok,True,True,True,False,True,forecast_icc,,22045839360.0
DOX,ok,True,True,True,True,True,forecast_icc,,6584410112.0
DOYU,ok,True,True,True,False,True,forecast_icc,,130674464.0
DPC,ok,True,True,True,False,True,forecast_icc,,6268531200.0
DPRO,failed,True,True,False,False,False,,missing_positive_eps,201345008.0
DPU,failed,True,False,False,False,False,,missing_positive_eps,
DPZ,ok,True,True,True,True,True,forecast_icc,,11315938304.0
DQ,failed,True,True,False,False,False,,missing_positive_eps,872216512.0
DRCT,failed,True,True,False,False,False,,missing_positive_eps,1814163.0
DRD,ok,True,True,True,True,True,forecast_icc,,2448663552.0
DRDB,failed,True,True,False,False,False,,missing_positive_eps,326906688.0
DRH,ok,True,True,True,True,True,forecast_icc,,2528339968.0
DRI,ok,True,True,True,True,True,forecast_icc,,24327456768.0
DRIO,failed,True,True,False,False,False,,missing_positive_eps,72222176.0
DRMA,failed,True,True,False,False,False,,missing_positive_eps,6392217.0
DRS,ok,True,True,True,True,True,forecast_icc,,10141878272.0
DRTS,failed,True,True,False,False,False,,missing_positive_eps,1304866688.0
DRUG,failed,True,True,False,False,False,,missing_positive_eps,703819200.0
DRVN,ok,True,True,True,True,True,forecast_icc,,2049049216.0
DSAC,failed,True,True,False,False,False,,missing_positive_eps,345286048.0
DSC,ok,True,True,True,False,True,forecast_icc,,375543680.0
DSGN,failed,True,True,False,False,False,,missing_positive_eps,944357120.0
DSGR,ok,True,True,True,True,True,forecast_icc,,1609226240.0
DSGX,ok,True,True,True,True,True,forecast_icc,,6910108160.0
DSL,ok,True,True,False,True,True,trailing_eps_fallback_icc,,1219036544.0
DSM,ok,True,True,False,True,True,trailing_eps_fallback_icc,,287675008.0
DSP,ok,True,True,True,True,True,forecast_icc,,858417664.0
DSS,failed,True,True,False,False,False,,missing_positive_eps,5395845.0
DSU,ok,True,True,False,True,True,trailing_eps_fallback_icc,,597215488.0
DSWL,ok,True,True,False,True,True,trailing_eps_fallback_icc,,47655716.0
DSX,ok,True,True,True,True,True,forecast_icc,,339649472.0
DSY,failed,True,True,False,False,False,,missing_positive_eps,18817418.0
DT,ok,True,True,True,True,True,forecast_icc,,15776625664.0
DTCX,failed,True,True,False,False,False,,missing_positive_eps,89118848.0
DTE,ok,True,True,True,True,True,forecast_icc,,28222984192.0
DTF,ok,True,True,False,True,True,trailing_eps_fallback_icc,,81332088.0
DTI,ok,True,True,True,False,True,forecast_icc,,87147096.0
DTIL,failed,True,True,False,False,False,,missing_positive_eps,210875872.0
DTM,ok,True,True,True,True,True,forecast_icc,,13366044672.0
DTSQ,ok,True,True,False,True,True,trailing_eps_fallback_icc,,41466192.0
DTSS,ok,True,True,True,False,True,forecast_icc,,6953625.0
DTST,failed,True,True,False,False,False,,missing_positive_eps,7106723.0
DUK,ok,True,True,True,True,True,forecast_icc,,93494091776.0
DUKR,failed,True,True,False,False,False,,missing_positive_eps,19596594.0
DUO,failed,True,True,False,False,False,,missing_positive_eps,29296792.0
DUOL,ok,True,True,True,True,True,forecast_icc,,6941210624.0
DUOT,ok,True,True,True,True,True,forecast_icc,,292064800.0
DV,ok,True,True,True,True,True,forecast_icc,,2076833536.0
DVA,ok,True,True,True,True,True,forecast_icc,,11297201152.0
DVLT,ok,True,True,True,True,True,forecast_icc,,252919168.0
DVN,ok,True,True,True,True,True,forecast_icc,,53360996352.0
DWSN,ok,True,True,False,True,True,trailing_eps_fallback_icc,,105278552.0
DWTX,ok,True,True,False,True,True,trailing_eps_fallback_icc,,87700784.0
DX,ok,True,True,True,True,True,forecast_icc,,3189367040.0
DXC,ok,True,True,True,True,True,forecast_icc,,1805499264.0
DXCM,ok,True,True,True,True,True,forecast_icc,,34362470400.0
DXF,failed,True,True,False,False,False,,missing_positive_eps,1541609.0
DXLG,failed,True,True,False,False,False,,missing_positive_eps,33827132.0
DXPE,ok,True,True,True,True,True,forecast_icc,,2913034240.0
DXST,failed,True,True,False,False,False,,missing_positive_eps,5737181.0
DXYZ,ok,True,True,False,True,True,trailing_eps_fallback_icc,,978861824.0
DY,ok,True,True,True,True,True,forecast_icc,,8783171584.0
DYAI,failed,True,True,False,False,False,,missing_positive_eps,22239364.0
DYN,failed,True,True,False,False,False,,missing_positive_eps,4748961792.0
DYNC,ok,True,True,False,True,True,trailing_eps_fallback_icc,,240810656.0
DYOR,failed,True,True,False,False,False,,missing_positive_eps,232760000.0
E,ok,True,True,True,True,True,forecast_icc,,78949376000.0
EA,failed,False,True,False,False,False,,missing_price,52925640704.0
EAD,ok,True,True,False,True,True,trailing_eps_fallback_icc,,378190944.0
EAF,failed,True,True,False,False,False,,missing_positive_eps,187544752.0
EARN,ok,True,True,True,True,True,forecast_icc,,164175648.0
EAT,ok,True,True,True,True,True,forecast_icc,,9799860224.0
EBAY,ok,True,True,True,True,True,forecast_icc,,46084198400.0
EBC,ok,True,True,True,True,True,forecast_icc,,5018113536.0
EBF,ok,True,True,True,True,True,forecast_icc,,539865152.0
EBMT,ok,True,True,True,True,True,forecast_icc,,178027392.0
EBON,failed,True,True,False,False,False,,missing_positive_eps,13566131.0
EBS,ok,True,True,True,False,True,forecast_icc,,312767360.0
EC,ok,True,True,True,True,True,forecast_icc,,34270765056.0
ECAT,ok,True,True,False,True,True,trailing_eps_fallback_icc,,1527833088.0
ECBK,ok,True,True,False,True,True,trailing_eps_fallback_icc,,180870432.0
ECC,ok,True,True,True,False,True,forecast_icc,,529382784.0
ECG,ok,True,True,True,True,True,forecast_icc,,5878979072.0
ECHO,ok,True,True,True,False,True,forecast_icc,,25110018048.0
ECL,ok,True,True,True,True,True,forecast_icc,,79389065216.0
ECO,ok,True,True,True,True,True,forecast_icc,,2605840384.0
ECOR,failed,True,True,False,False,False,,missing_positive_eps,85560744.0
ECPG,ok,True,True,True,True,True,forecast_icc,,2057520640.0
ECVT,ok,True,True,True,True,True,forecast_icc,,1113293696.0
ECX,ok,True,True,True,False,True,forecast_icc,,408710496.0
ED,ok,True,True,True,True,True,forecast_icc,,39579058176.0
EDBL,failed,True,True,False,False,False,,missing_positive_eps,2849203.0
EDD,ok,True,True,False,True,True,trailing_eps_fallback_icc,,379001568.0
EDF,ok,True,True,False,True,True,trailing_eps_fallback_icc,,168592720.0
EDHL,failed,True,True,False,False,False,,missing_positive_eps,7031680.0
EDIT,failed,True,True,False,False,False,,missing_positive_eps,469954880.0
EDN,ok,True,True,True,True,True,forecast_icc,,1123226496.0
EDRY,ok,True,True,True,True,True,forecast_icc,,141322928.0
EDSA,failed,True,True,False,False,False,,missing_positive_eps,45650284.0
EDTK,failed,True,True,False,False,False,,missing_positive_eps,14417511.0
EDU,ok,True,True,True,True,True,forecast_icc,,9619290112.0
EDUC,ok,True,True,True,True,True,forecast_icc,,11508702.0
EDVA,failed,True,True,False,False,False,,missing_positive_eps,1936581.0
EE,ok,True,True,True,True,True,forecast_icc,,4492991488.0
EEA,ok,True,True,False,True,True,trailing_eps_fallback_icc,,76053208.0
EEFT,ok,True,True,True,True,True,forecast_icc,,2646599936.0
EEIQ,failed,True,True,False,False,False,,missing_positive_eps,4577612.0
EFC,ok,True,True,True,True,True,forecast_icc,,1757109888.0
EFOI,failed,True,True,False,False,False,,missing_positive_eps,17642744.0
EFOR,ok,True,True,True,True,True,forecast_icc,,1329219968.0
EFR,ok,True,True,True,True,True,forecast_icc,,310883680.0
EFSC,ok,True,True,True,True,True,forecast_icc,,2288453120.0
EFSI,ok,True,True,True,True,True,forecast_icc,,223585264.0
EFT,ok,True,True,False,True,True,trailing_eps_fallback_icc,,283853664.0
EFTY,ok,True,True,False,True,True,trailing_eps_fallback_icc,,302052224.0
EFX,ok,True,True,True,True,True,forecast_icc,,22223443968.0
EFXT,ok,True,True,True,True,True,forecast_icc,,2490898688.0
EG,ok,True,True,True,True,True,forecast_icc,,14365106176.0
EGAN,ok,True,True,True,True,True,forecast_icc,,204777600.0
EGBN,ok,True,True,True,False,True,forecast_icc,,831907648.0
EGG,failed,True,True,False,False,False,,missing_positive_eps,78694608.0
EGHA,ok,True,True,False,True,True,trailing_eps_fallback_icc,,213200000.0
EGHT,ok,True,True,True,True,True,forecast_icc,,271538752.0
EGO,ok,True,True,True,True,True,forecast_icc,,11694735360.0
EGP,ok,True,True,True,True,True,forecast_icc,,10727776256.0
EGY,ok,True,True,True,False,True,forecast_icc,,624839168.0
EH,ok,True,True,True,False,True,forecast_icc,,340545664.0
EHC,ok,True,True,True,True,True,forecast_icc,,11859123200.0
EHGO,failed,True,True,False,False,False,,missing_positive_eps,3550334.0
EHI,ok,True,True,False,True,True,trailing_eps_fallback_icc,,172708528.0
EHLD,ok,True,True,False,True,True,trailing_eps_fallback_icc,,27067670.0
EHTH,ok,True,True,True,False,True,forecast_icc,,36196900.0
EIC,ok,True,True,True,False,True,forecast_icc,,234335552.0
EIG,ok,True,True,True,True,True,forecast_icc,,881681216.0
EIKN,failed,True,True,False,False,False,,missing_positive_eps,566566208.0
EIM,ok,True,True,False,True,True,trailing_eps_fallback_icc,,492149504.0
EIX,ok,True,True,True,True,True,forecast_icc,,20772257792.0
EJH,ok,True,True,False,True,True,trailing_eps_fallback_icc,,4096197.0
EL,ok,True,True,True,True,True,forecast_icc,,37011619840.0
ELA,ok,True,True,True,True,True,forecast_icc,,358295968.0
ELAB,failed,True,True,False,False,False,,missing_positive_eps,4201715.0
ELAN,ok,True,True,True,False,True,forecast_icc,,11950954496.0
ELBM,ok,True,True,True,False,True,forecast_icc,,63578124.0
ELDN,failed,True,True,False,False,False,,missing_positive_eps,242158240.0
ELE,ok,True,True,True,False,True,forecast_icc,,1383867520.0
ELF,ok,True,True,True,True,True,forecast_icc,,6434822144.0
ELLO,failed,True,True,False,False,False,,missing_positive_eps,289447840.0
ELMD,ok,True,True,True,True,True,forecast_icc,,234001568.0
ELME,failed,True,True,False,False,False,,missing_positive_eps,149281232.0
ELMT,ok,True,True,True,False,True,forecast_icc,,499840352.0
ELOG,failed,True,True,False,False,False,,missing_positive_eps,8597440.0
ELOX,ok,True,True,False,True,True,trailing_eps_fallback_icc,,57626988.0
ELPC,ok,True,True,True,True,True,forecast_icc,,8515358208.0
ELPW,failed,True,True,False,False,False,,missing_positive_eps,3383483.0
ELS,ok,True,True,True,True,True,forecast_icc,,12714355712.0
ELSE,failed,False,True,False,False,False,,missing_price,27341306.0
ELTK,ok,True,True,True,False,True,forecast_icc,,54102660.0
ELTX,failed,True,True,False,False,False,,missing_positive_eps,70961080.0
ELUT,failed,True,True,False,False,False,,missing_positive_eps,38270324.0
ELV,ok,True,True,True,True,True,forecast_icc,,85129871360.0
ELVA,ok,True,True,True,True,True,forecast_icc,,329224736.0
ELVN,failed,True,True,False,False,False,,missing_positive_eps,4241644288.0
ELVR,ok,True,True,True,False,True,forecast_icc,,1004121664.0
EMA,ok,True,True,True,True,True,forecast_icc,,15385144320.0
EMAT,failed,True,True,False,False,False,,missing_positive_eps,2403259392.0
EMBC,ok,True,True,True,True,True,forecast_icc,,291230336.0
EMBJ,ok,True,True,True,True,True,forecast_icc,,12734691328.0
EMD,ok,True,True,False,True,True,trailing_eps_fallback_icc,,617345280.0
EME,ok,True,True,True,True,True,forecast_icc,,32400484352.0
EMF,ok,True,True,False,True,True,trailing_eps_fallback_icc,,335580288.0
EMIS,failed,True,True,False,False,False,,missing_positive_eps,161229024.0
EML,ok,True,True,False,True,True,trailing_eps_fallback_icc,,163918272.0
EMN,ok,True,True,True,True,True,forecast_icc,,8281820672.0
EMO,ok,True,True,False,True,True,trailing_eps_fallback_icc,,1096401280.0
EMPD,ok,True,True,False,True,True,trailing_eps_fallback_icc,,90514560.0
EMR,ok,True,True,True,True,True,forecast_icc,,85381644288.0
ENB,ok,True,True,True,True,True,forecast_icc,,110449205248.0
ENGN,failed,True,True,False,False,False,,missing_positive_eps,123260616.0
ENGS,failed,True,True,False,False,False,,missing_positive_eps,82821552.0
ENHA,failed,True,True,False,False,False,,missing_positive_eps,624374208.0
ENIC,ok,True,True,True,True,True,forecast_icc,,6003657728.0
ENLT,ok,True,True,True,True,True,forecast_icc,,10925561856.0
ENLV,ok,True,True,False,True,True,trailing_eps_fallback_icc,,22381390.0
ENOV,ok,True,True,True,False,True,forecast_icc,,1418092928.0
ENPH,ok,True,True,True,True,True,forecast_icc,,4800091136.0
ENR,ok,True,True,True,True,True,forecast_icc,,1491352576.0
ENRD,failed,True,True,False,False,False,,missing_positive_eps,712416448.0
ENS,ok,True,True,True,True,True,forecast_icc,,6630951936.0
ENSC,failed,True,True,False,False,False,,missing_positive_eps,7640682.0
ENSG,ok,True,True,True,True,True,forecast_icc,,10039731200.0
ENTA,failed,True,True,False,False,False,,missing_positive_eps,388241600.0
ENTG,ok,True,True,True,True,True,forecast_icc,,20604665856.0
ENTX,failed,True,True,False,False,False,,missing_positive_eps,510768384.0
ENVA,ok,True,True,True,True,True,forecast_icc,,5644958720.0
ENVB,failed,True,True,False,False,False,,missing_positive_eps,6131961.0
ENVX,failed,True,True,False,False,False,,missing_positive_eps,741736064.0
EOD,ok,True,True,False,True,True,trailing_eps_fallback_icc,,286388320.0
EOG,ok,True,True,True,True,True,forecast_icc,,77209837568.0
EOLS,ok,True,True,True,False,True,forecast_icc,,600398528.0
EONR,ok,True,True,True,False,True,forecast_icc,,26268358.0
EONR-W,failed,False,False,False,False,False,,missing_price,
EOS,ok,True,True,False,True,True,trailing_eps_fallback_icc,,1153225344.0
EOSE,failed,True,True,False,False,False,,missing_positive_eps,1172620160.0
EP,failed,True,True,False,False,False,,missing_positive_eps,131384400.0
EPAC,ok,True,True,True,True,True,forecast_icc,,1923591040.0
EPAM,ok,True,True,True,True,True,forecast_icc,,6078493696.0
EPC,ok,True,True,True,False,True,forecast_icc,,1323673600.0
EPD,ok,True,True,True,True,True,forecast_icc,,83830906880.0
EPM,ok,True,True,True,False,True,forecast_icc,,133014424.0
EPOW,failed,True,True,False,False,False,,missing_positive_eps,18195000.0
EPR,ok,True,True,True,True,True,forecast_icc,,4497709568.0
EPRT,ok,True,True,True,True,True,forecast_icc,,6504562176.0
EPRX,failed,True,True,False,False,False,,missing_positive_eps,426833984.0
EPSM,failed,True,True,False,False,False,,missing_positive_eps,20671472.0
EPSN,ok,True,True,True,False,True,forecast_icc,,188667952.0
EQ,failed,True,True,False,False,False,,missing_positive_eps,143936336.0
EQBK,ok,True,True,True,True,True,forecast_icc,,1016445312.0
EQH,ok,True,True,True,False,True,forecast_icc,,13673749504.0
EQIX,ok,True,True,True,True,True,forecast_icc,,103281623040.0
EQNR,ok,True,True,True,True,True,forecast_icc,,101604597760.0
EQPT,ok,True,True,True,True,True,forecast_icc,,4461950976.0
EQS,failed,True,True,False,False,False,,missing_positive_eps,14246030.0
EQT,ok,True,True,True,True,True,forecast_icc,,33890459648.0
EQX,ok,True,True,True,True,True,forecast_icc,,15013532672.0
ERAS,failed,True,True,False,False,False,,missing_positive_eps,6253745152.0
ERC,ok,True,True,False,True,True,trailing_eps_fallback_icc,,261741952.0
ERH,ok,True,True,False,True,True,trailing_eps_fallback_icc,,99626776.0
ERIC,ok,True,True,True,True,True,forecast_icc,,33001193472.0
ERIE,ok,True,True,True,True,True,forecast_icc,,13363198976.0
ERII,ok,True,True,True,True,True,forecast_icc,,393556000.0
ERNA,failed,True,True,False,False,False,,missing_positive_eps,5330142.0
ERO,ok,True,True,True,True,True,forecast_icc,,3872756736.0
EROC,ok,True,True,True,True,True,forecast_icc,,3224947200.0
EROK,ok,True,True,True,True,True,forecast_icc,,3340596992.0
ES,ok,True,True,True,True,True,forecast_icc,,26419965952.0
ESAB,ok,True,True,True,True,True,forecast_icc,,4686209024.0
ESCA,ok,True,True,True,True,True,forecast_icc,,277524064.0
ESE,ok,True,True,True,True,True,forecast_icc,,7073543168.0
ESEA,ok,True,True,True,True,True,forecast_icc,,542064960.0
ESI,ok,True,True,True,True,True,forecast_icc,,8660602880.0
ESLA,failed,True,True,False,False,False,,missing_positive_eps,31535952.0
ESLT,ok,True,True,True,True,True,forecast_icc,,32826144768.0
ESNT,ok,True,True,True,True,True,forecast_icc,,6072055808.0
ESOA,ok,True,True,True,True,True,forecast_icc,,217379440.0
ESP,ok,True,True,True,True,True,forecast_icc,,187574672.0
ESQ,ok,True,True,True,True,True,forecast_icc,,1352323968.0
ESRT,ok,True,True,True,True,True,forecast_icc,,1387746816.0
ESS,ok,True,True,True,True,True,forecast_icc,,19503353856.0
ESTA,ok,True,True,True,False,True,forecast_icc,,2066165248.0
ESTC,ok,True,True,True,True,True,forecast_icc,,10254513152.0
ET,ok,True,True,True,True,True,forecast_icc,,74065371136.0
ETB,ok,True,True,False,True,True,trailing_eps_fallback_icc,,461770528.0
ETD,ok,True,True,True,True,True,forecast_icc,,601805952.0
ETG,ok,True,True,False,True,True,trailing_eps_fallback_icc,,1850806144.0
ETJ,ok,True,True,False,True,True,trailing_eps_fallback_icc,,572065152.0
ETN,ok,True,True,True,True,True,forecast_icc,,156049997824.0
ETO,ok,True,True,False,True,True,trailing_eps_fallback_icc,,520815040.0
ETON,ok,True,True,True,True,True,forecast_icc,,1727564672.0
ETOR,ok,True,True,True,True,True,forecast_icc,,2543276288.0
ETR,ok,True,True,True,True,True,forecast_icc,,49607593984.0
ETS,failed,True,True,False,False,False,,missing_positive_eps,13968451.0
ETSS,failed,True,True,False,False,False,,missing_positive_eps,198600000.0
ETSS-U,failed,False,False,False,False,False,,missing_price,
ETSS-W,failed,False,False,False,False,False,,missing_price,
ETSY,ok,True,True,True,True,True,forecast_icc,,7464609280.0
ETV,ok,True,True,False,True,True,trailing_eps_fallback_icc,,1794517760.0
ETW,ok,True,True,False,True,True,trailing_eps_fallback_icc,,1074032128.0
ETX,ok,True,True,False,True,True,trailing_eps_fallback_icc,,197981472.0
ETY,ok,True,True,False,True,True,trailing_eps_fallback_icc,,2306383104.0
EU,failed,True,True,False,False,False,,missing_positive_eps,242851216.0
EUDA,ok,True,True,True,False,True,forecast_icc,,40573104.0
EURK,failed,True,True,False,False,False,,missing_positive_eps,25287500.0
EVAC,ok,True,True,False,True,True,trailing_eps_fallback_icc,,601720704.0
EVAC-U,failed,False,False,False,False,False,,missing_price,
EVAC-W,failed,False,False,False,False,False,,missing_price,
EVAX,failed,True,True,False,False,False,,missing_positive_eps,25020644.0
EVC,ok,True,True,False,True,True,trailing_eps_fallback_icc,,737383552.0
EVCM,ok,True,True,True,True,True,forecast_icc,,1567020672.0
EVER,ok,True,True,True,True,True,forecast_icc,,899896256.0
EVEX,failed,True,True,False,False,False,,missing_positive_eps,784094272.0
EVEX-W,failed,False,False,False,False,False,,missing_price,
EVF,ok,True,True,False,True,True,trailing_eps_fallback_icc,,90306328.0
EVG,ok,True,True,False,True,True,trailing_eps_fallback_icc,,144258032.0
EVGN,failed,True,True,False,False,False,,missing_positive_eps,8477454.0
EVGO,failed,True,True,False,False,False,,missing_positive_eps,421451072.0
EVH,ok,True,True,True,False,True,forecast_icc,,508767008.0
EVI,ok,True,True,True,True,True,forecast_icc,,180296272.0
EVLV,failed,True,True,False,False,False,,missing_positive_eps,937130048.0
EVMN,failed,True,True,False,False,False,,missing_positive_eps,459458144.0
EVN,ok,True,True,False,True,True,trailing_eps_fallback_icc,,429969408.0
EVO,failed,True,True,False,False,False,,missing_positive_eps,668131520.0
EVOX,failed,True,True,False,False,False,,missing_positive_eps,323520000.0
EVR,ok,True,True,True,True,True,forecast_icc,,11015460864.0
EVRG,ok,True,True,True,True,True,forecast_icc,,18680551424.0
EVT,ok,True,True,False,True,True,trailing_eps_fallback_icc,,2149814016.0
EVTC,ok,True,True,True,True,True,forecast_icc,,1825810688.0
EVTL,failed,True,True,False,False,False,,missing_positive_eps,116462976.0
EVV,ok,True,True,False,True,True,trailing_eps_fallback_icc,,1056289408.0
EW,ok,True,True,True,True,True,forecast_icc,,52253851648.0
EWAV,failed,True,True,False,False,False,,missing_positive_eps,130770528.0
EWBC,ok,True,True,True,True,True,forecast_icc,,17381324800.0
EWTX,ok,True,True,True,False,True,forecast_icc,,4536394240.0
EXC,ok,True,True,True,True,True,forecast_icc,,45042704384.0
EXE,ok,True,True,True,True,True,forecast_icc,,23482703872.0
EXEL,ok,True,True,True,True,True,forecast_icc,,13538791424.0
EXFY,ok,True,True,True,False,True,forecast_icc,,229790384.0
EXG,ok,True,True,False,True,True,trailing_eps_fallback_icc,,3056300800.0
EXK,ok,True,True,True,True,True,forecast_icc,,3171707392.0
EXLS,ok,True,True,True,True,True,forecast_icc,,5817974272.0
EXOD,ok,True,True,True,False,True,forecast_icc,,229544752.0
EXOZ,failed,True,True,False,False,False,,missing_positive_eps,62463548.0
EXP,ok,True,True,True,True,True,forecast_icc,,5958988288.0
EXPD,ok,True,True,True,True,True,forecast_icc,,24652720128.0
EXPE,ok,True,True,True,True,True,forecast_icc,,38060535808.0
EXPO,ok,True,True,True,True,True,forecast_icc,,3376247552.0
EXR,ok,True,True,True,True,True,forecast_icc,,31141130240.0
EXTR,ok,True,True,True,True,True,forecast_icc,,2934734848.0
EXYN,failed,True,True,False,False,False,,missing_positive_eps,25054966.0
EYE,ok,True,True,True,True,True,forecast_icc,,1350503808.0
EYPT,failed,True,True,False,False,False,,missing_positive_eps,387954624.0
EZGO,failed,True,True,False,False,False,,missing_positive_eps,4610295.0
EZPW,ok,True,True,True,True,True,forecast_icc,,1985849856.0
EZRA,ok,True,True,False,True,True,trailing_eps_fallback_icc,,2364330.0
F,ok,True,True,True,False,True,forecast_icc,,55587082240.0
FA,ok,True,True,True,True,True,forecast_icc,,3610262784.0
FABC,failed,True,True,False,False,False,,missing_positive_eps,18349466.0
FAC,failed,True,True,False,False,False,,missing_positive_eps,535116224.0
FACT,failed,True,True,False,False,False,,missing_positive_eps,260239600.0
FAF,ok,True,True,True,True,True,forecast_icc,,7547231744.0
FAMI,failed,True,True,False,False,False,,missing_positive_eps,4604868.0
FANG,ok,True,True,True,True,True,forecast_icc,,56397692928.0
FAST,ok,True,True,True,True,True,forecast_icc,,56583106560.0
FATE,failed,True,True,False,False,False,,missing_positive_eps,286371040.0
FATN,ok,True,True,True,True,True,forecast_icc,,85759800.0
FAX,ok,True,True,False,True,True,trailing_eps_fallback_icc,,606854592.0
FBDT,failed,True,True,False,False,False,,missing_positive_eps,32427052.0
FBGL,failed,True,True,False,False,False,,missing_positive_eps,5401350.0
FBIN,ok,True,True,True,True,True,forecast_icc,,5291738112.0
FBIO,ok,True,True,True,True,True,forecast_icc,,91214960.0
FBIZ,ok,True,True,True,True,True,forecast_icc,,584694528.0
FBK,ok,True,True,True,True,True,forecast_icc,,2846754560.0
FBLA,ok,True,True,False,True,True,trailing_eps_fallback_icc,,227671696.0
FBLG,failed,True,True,False,False,False,,missing_positive_eps,11452092.0
FBNC,ok,True,True,True,True,True,forecast_icc,,2624366848.0
FBP,ok,True,True,True,True,True,forecast_icc,,4256391168.0
FBRT,ok,True,True,True,True,True,forecast_icc,,695090112.0
FBRX,failed,True,True,False,False,False,,missing_positive_eps,1634427392.0
FBYD,failed,True,True,False,False,False,,missing_positive_eps,433272576.0
FC,ok,True,True,True,True,True,forecast_icc,,229830320.0
FCAP,ok,True,True,False,True,True,trailing_eps_fallback_icc,,207801552.0
FCBC,ok,True,True,True,True,True,forecast_icc,,916961856.0
FCBM,ok,True,True,True,True,True,forecast_icc,,393331648.0
FCCO,ok,True,True,True,True,True,forecast_icc,,311131072.0
FCEL,failed,True,True,False,False,False,,missing_positive_eps,1377610752.0
FCF,ok,True,True,True,True,True,forecast_icc,,2091857792.0
FCFS,ok,True,True,True,True,True,forecast_icc,,9301950464.0
FCHL,failed,True,True,False,False,False,,missing_positive_eps,1371491.0
FCN,ok,True,True,True,True,True,forecast_icc,,4157475328.0
FCNCA,ok,True,True,True,True,True,forecast_icc,,24442828800.0
FCPT,ok,True,True,True,True,True,forecast_icc,,2730560000.0
FCRS,failed,True,True,False,False,False,,missing_positive_eps,367281248.0
FCRS-U,failed,False,False,False,False,False,,missing_price,
FCRS-W,failed,False,False,False,False,False,,missing_price,
FCUV,failed,True,True,False,False,False,,missing_positive_eps,6922038.0
FCX,ok,True,True,True,True,True,forecast_icc,,108763963392.0
FDBC,ok,True,True,False,True,True,trailing_eps_fallback_icc,,311161760.0
FDMM,failed,True,True,False,False,False,,missing_positive_eps,367418368.0
FDMT,failed,True,True,False,False,False,,missing_positive_eps,779495808.0
FDS,ok,True,True,True,True,True,forecast_icc,,11151576064.0
FDSB,ok,True,True,False,True,True,trailing_eps_fallback_icc,,95655472.0
FDX,ok,True,True,True,True,True,forecast_icc,,77485899776.0
FDXF,ok,True,True,True,True,True,forecast_icc,,19996555264.0
FE,ok,True,True,True,True,True,forecast_icc,,26526853120.0
FEAM,failed,True,True,False,False,False,,missing_positive_eps,66424360.0
FEBO,failed,True,True,False,False,False,,missing_positive_eps,7909687.0
FEDU,ok,True,True,True,True,True,forecast_icc,,22297778.0
FEED,failed,True,True,False,False,False,,missing_positive_eps,3880723.0
FEIM,ok,True,True,True,False,True,forecast_icc,,660161280.0
FELE,ok,True,True,True,True,True,forecast_icc,,4425125376.0
FEMY,failed,True,True,False,False,False,,missing_positive_eps,28726344.0
FENC,ok,True,True,True,False,True,forecast_icc,,433079424.0
FENG,ok,True,True,True,True,True,forecast_icc,,18016164.0
FER,ok,True,True,True,True,True,forecast_icc,,42200039424.0
FERA,ok,True,True,False,True,True,trailing_eps_fallback_icc,,328300000.0
FERG,ok,True,True,True,True,True,forecast_icc,,43432067072.0
FET,ok,True,True,True,False,True,forecast_icc,,921858816.0
FF,ok,True,True,True,False,True,forecast_icc,,231159696.0
FFA,ok,True,True,False,True,True,trailing_eps_fallback_icc,,465922272.0
FFAI,failed,True,True,False,False,False,,missing_positive_eps,8712980.0
FFBC,ok,True,True,True,True,True,forecast_icc,,3425136640.0
FFIN,ok,True,True,True,True,True,forecast_icc,,4762517504.0
FFIV,ok,True,True,True,True,True,forecast_icc,,23054624768.0
FG,ok,True,True,True,True,True,forecast_icc,,3116257792.0
FGBI,ok,True,True,True,False,True,forecast_icc,,140416912.0
FGI,ok,True,True,True,False,True,forecast_icc,,13654086.0
FGII,failed,True,True,False,False,False,,missing_positive_eps,289400000.0
FGL,failed,True,True,False,False,False,,missing_positive_eps,150099.0
FGNX,failed,True,True,False,False,False,,missing_positive_eps,41529856.0
FHB,ok,True,True,True,True,True,forecast_icc,,3116241152.0
FHI,ok,True,True,True,True,True,forecast_icc,,4752126976.0
FHN,ok,True,True,True,True,True,forecast_icc,,11522259968.0
FHTX,failed,True,True,False,False,False,,missing_positive_eps,340871712.0
FIBK,ok,True,True,True,True,True,forecast_icc,,3508162816.0
FICO,ok,True,True,True,True,True,forecast_icc,,24777023488.0
FIEE,ok,True,True,False,True,True,trailing_eps_fallback_icc,,33943820.0
FIG,ok,True,True,True,False,True,forecast_icc,,14652440576.0
FIGR,ok,True,True,True,True,True,forecast_icc,,8232423936.0
FIGS,ok,True,True,True,True,True,forecast_icc,,2548591360.0
FIGX,failed,True,True,False,False,False,,missing_positive_eps,200253120.0
FINS,ok,True,True,False,True,True,trailing_eps_fallback_icc,,425730688.0
FINV,ok,True,True,True,True,True,forecast_icc,,866465024.0
FINW,ok,True,True,True,True,True,forecast_icc,,193038656.0
FIP,failed,True,True,False,False,False,,missing_positive_eps,411272448.0
FIRY,failed,True,True,False,False,False,,missing_positive_eps,162196000.0
FIS,ok,True,True,True,True,True,forecast_icc,,21073162240.0
FISI,ok,True,True,True,True,True,forecast_icc,,798501696.0
FISN,failed,True,True,False,False,False,,missing_positive_eps,395258848.0
FISV,ok,True,True,True,False,True,forecast_icc,,28348483584.0
FITB,ok,True,True,True,True,True,forecast_icc,,48746430464.0
FIVE,ok,True,True,True,True,True,forecast_icc,,13649104896.0
FIVN,ok,True,True,True,True,True,forecast_icc,,2582445312.0
FIX,ok,True,True,True,True,True,forecast_icc,,54397059072.0
FIZZ,ok,True,True,True,True,True,forecast_icc,,2960950784.0
FJET,failed,True,True,False,False,False,,missing_positive_eps,182586784.0
FKWL,ok,True,True,True,False,True,forecast_icc,,29578542.0
FLC,ok,True,True,False,True,True,trailing_eps_fallback_icc,,172851264.0
FLD,failed,True,True,False,False,False,,missing_positive_eps,27516562.0
FLEX,ok,True,True,True,True,True,forecast_icc,,40357273600.0
FLG,ok,True,True,True,True,True,forecast_icc,,5524886016.0
FLGT,failed,True,True,False,False,False,,missing_positive_eps,532971232.0
FLL,failed,True,True,False,False,False,,missing_positive_eps,74388296.0
FLNA,failed,True,True,False,False,False,,missing_positive_eps,43380492.0
FLNC,ok,True,True,True,False,True,forecast_icc,,2009680384.0
FLNG,ok,True,True,True,True,True,forecast_icc,,1712564608.0
FLNT,failed,True,True,False,False,False,,missing_positive_eps,108728376.0
FLO,ok,True,True,True,True,True,forecast_icc,,1466993152.0
FLOC,ok,True,True,True,True,True,forecast_icc,,2386978304.0
FLR,ok,True,True,True,False,True,forecast_icc,,7290225152.0
FLS,ok,True,True,True,True,True,forecast_icc,,10108257280.0
FLUT,ok,True,True,True,False,True,forecast_icc,,17385148416.0
FLUX,failed,True,True,False,False,False,,missing_positive_eps,12395687.0
FLX,ok,True,True,True,False,True,forecast_icc,,144797232.0
FLXS,ok,True,True,True,True,True,forecast_icc,,324178080.0
FLY,failed,True,True,False,False,False,,missing_positive_eps,3535586048.0
FLYE,failed,True,True,False,False,False,,missing_positive_eps,2220045.0
FLYW,ok,True,True,True,True,True,forecast_icc,,2298302208.0
FLYX,failed,True,True,False,False,False,,missing_positive_eps,177853728.0
FLYX-W,failed,False,False,False,False,False,,missing_price,
FLZH,failed,True,True,False,False,False,,missing_positive_eps,4565659.0
FMAC,failed,True,True,False,False,False,,missing_positive_eps,158749584.0
FMAO,ok,True,True,True,True,True,forecast_icc,,467598848.0
FMBH,ok,True,True,True,True,True,forecast_icc,,1323711104.0
FMC,ok,True,True,True,False,True,forecast_icc,,1443865472.0
FMFC,ok,True,True,False,True,True,trailing_eps_fallback_icc,,4238280.0
FMNB,ok,True,True,True,True,True,forecast_icc,,924854592.0
FMS,ok,True,True,True,True,True,forecast_icc,,12102668288.0
FMST,failed,True,True,False,False,False,,missing_positive_eps,19607922.0
FMX,ok,True,True,True,True,True,forecast_icc,,41021456384.0
FMY,ok,True,True,False,True,True,trailing_eps_fallback_icc,,49211288.0
FN,ok,True,True,True,True,True,forecast_icc,,14797290496.0
FNB,ok,True,True,True,True,True,forecast_icc,,6489222144.0
FND,ok,True,True,True,True,True,forecast_icc,,5353250816.0
FNF,ok,True,True,True,True,True,forecast_icc,,12457556992.0
FNGR,ok,True,True,True,False,True,forecast_icc,,13672211.0
FNKO,ok,True,True,True,False,True,forecast_icc,,376291552.0
FNLC,ok,True,True,False,True,True,trailing_eps_fallback_icc,,386532960.0
FNRN,ok,True,True,False,True,True,trailing_eps_fallback_icc,,273309696.0
FNUC,failed,True,True,False,False,False,,missing_positive_eps,55284532.0
FNV,ok,True,True,True,True,True,forecast_icc,,50749931520.0
FNWB,ok,True,True,True,True,True,forecast_icc,,107100784.0
FNWD,ok,True,True,True,True,True,forecast_icc,,186449072.0
FOA,ok,True,True,True,False,True,forecast_icc,,163618720.0
FOCL,failed,True,True,False,False,False,,missing_positive_eps,160244352.0
FOF,ok,True,True,False,True,True,trailing_eps_fallback_icc,,378000736.0
FOFO,failed,True,True,False,False,False,,missing_positive_eps,18435574.0
FOIL,ok,True,True,False,True,True,trailing_eps_fallback_icc,,1707643520.0
FOR,ok,True,True,True,True,True,forecast_icc,,1442016896.0
FORM,ok,True,True,True,True,True,forecast_icc,,7843029504.0
FORR,ok,True,True,True,False,True,forecast_icc,,234179696.0
FORTY,ok,True,True,False,True,True,trailing_eps_fallback_icc,,1927874304.0
FOSL,failed,True,True,False,False,False,,missing_positive_eps,293916096.0
FOUR,ok,True,True,True,True,True,forecast_icc,,3338433792.0
FOX,ok,True,True,True,True,True,forecast_icc,,25318744064.0
FOXA,ok,True,True,True,True,True,forecast_icc,,28316463104.0
FOXF,ok,True,True,True,False,True,forecast_icc,,858693312.0
FOXX,failed,True,True,False,False,False,,missing_positive_eps,18659160.0
FPF,ok,True,True,False,True,True,trailing_eps_fallback_icc,,1086742272.0
FPH,ok,True,True,True,True,True,forecast_icc,,751344640.0
FPI,ok,True,True,True,True,True,forecast_icc,,451975232.0
FPS,ok,True,True,True,True,True,forecast_icc,,9297258496.0
FR,ok,True,True,True,True,True,forecast_icc,,8478578176.0
FRA,ok,True,True,False,True,True,trailing_eps_fallback_icc,,395097568.0
FRAF,ok,True,True,True,True,True,forecast_icc,,278749120.0
FRBA,ok,True,True,True,True,True,forecast_icc,,440621760.0
FRBT,ok,True,True,True,True,True,forecast_icc,,926957568.0
FRD,ok,True,True,False,True,True,trailing_eps_fallback_icc,,311953216.0
FRGT,failed,True,True,False,False,False,,missing_positive_eps,766647.0
FRHC,ok,True,True,True,True,True,forecast_icc,,11163479040.0
FRME,ok,True,True,True,True,True,forecast_icc,,2604375040.0
FRMI,ok,True,True,True,False,True,forecast_icc,,3183122432.0
FRMM,failed,True,True,False,False,False,,missing_positive_eps,74838040.0
FRNM,failed,True,True,False,False,False,,missing_positive_eps,1589138432.0
FRO,ok,True,True,True,True,True,forecast_icc,,9746429952.0
FROG,ok,True,True,True,False,True,forecast_icc,,12338762752.0
FRPH,ok,True,True,True,True,True,forecast_icc,,424429888.0
FRPT,ok,True,True,True,True,True,forecast_icc,,3357336832.0
FRSH,ok,True,True,True,True,True,forecast_icc,,3632017152.0
FRST,ok,True,True,True,True,True,forecast_icc,,394305248.0
FRSX,failed,True,True,False,False,False,,missing_positive_eps,4539570.0
FRT,ok,True,True,True,True,True,forecast_icc,,10085141504.0
FRTT,failed,True,True,False,False,False,,missing_positive_eps,13894833.0
FRVO,failed,True,True,False,False,False,,missing_positive_eps,4533457920.0
FSBC,ok,True,True,True,True,True,forecast_icc,,1124267648.0
FSBW,ok,True,True,True,True,True,forecast_icc,,332568864.0
FSCO,ok,True,True,False,True,True,trailing_eps_fallback_icc,,1047756736.0
FSEA,failed,True,True,False,False,False,,missing_positive_eps,80869072.0
FSHP,ok,True,True,False,True,True,trailing_eps_fallback_icc,,57994464.0
FSI,ok,True,True,True,False,True,forecast_icc,,76124088.0
FSK,ok,True,True,True,False,True,forecast_icc,,3429382912.0
FSLR,ok,True,True,True,True,True,forecast_icc,,21698150400.0
FSLY,ok,True,True,True,False,True,forecast_icc,,3630447104.0
FSM,ok,True,True,True,True,True,forecast_icc,,3575165184.0
FSP,failed,True,True,False,False,False,,missing_positive_eps,42103940.0
FSS,ok,True,True,True,True,True,forecast_icc,,7141868544.0
FSSL,failed,True,True,False,False,False,,missing_positive_eps,895070016.0
FSTR,ok,True,True,True,True,True,forecast_icc,,394596288.0
FSUN,ok,True,True,True,True,True,forecast_icc,,1758454144.0
FSV,ok,True,True,True,True,True,forecast_icc,,6084945408.0
FT,ok,True,True,False,True,True,trailing_eps_fallback_icc,,193766896.0
FTAI,ok,True,True,True,True,True,forecast_icc,,19524618240.0
FTCI,failed,True,True,False,False,False,,missing_positive_eps,38825280.0
FTDR,ok,True,True,True,True,True,forecast_icc,,5571402240.0
FTEK,failed,True,True,False,False,False,,missing_positive_eps,44254652.0
FTF,ok,True,True,False,True,True,trailing_eps_fallback_icc,,233139024.0
FTFT,ok,True,True,False,True,True,trailing_eps_fallback_icc,,15751110.0
FTH,failed,True,True,False,False,False,,missing_positive_eps,846790720.0
FTHA,failed,True,True,False,False,False,,missing_positive_eps,174840560.0
FTHM,failed,True,True,False,False,False,,missing_positive_eps,23124094.0
FTHY,ok,True,True,False,True,True,trailing_eps_fallback_icc,,492390336.0
FTI,ok,True,True,True,True,True,forecast_icc,,30647646208.0
FTK,ok,True,True,True,True,True,forecast_icc,,859148544.0
FTLF,ok,True,True,True,True,True,forecast_icc,,94380272.0
FTNT,ok,True,True,True,True,True,forecast_icc,,125413670912.0
FTRA,failed,True,False,False,False,False,,missing_positive_eps,
FTRA-U,failed,False,False,False,False,False,,missing_price,
FTRA-W,failed,False,False,False,False,False,,missing_price,
FTRE,ok,True,True,True,False,True,forecast_icc,,1746987136.0
FTRK,failed,False,True,False,False,False,,missing_price,3570321.0
FTS,ok,True,True,True,True,True,forecast_icc,,28191461376.0
FTV,ok,True,True,True,True,True,forecast_icc,,17938022400.0
FTW,ok,True,True,False,True,True,trailing_eps_fallback_icc,,359068768.0
FTW-W,failed,False,False,False,False,False,,missing_price,
FUBO,ok,True,True,True,True,True,forecast_icc,,318051008.0
FUFU,ok,True,True,True,False,True,forecast_icc,,221649296.0
FUL,ok,True,True,True,True,True,forecast_icc,,2955618304.0
FULC,failed,True,True,False,False,False,,missing_positive_eps,296796320.0
FULT,ok,True,True,True,True,True,forecast_icc,,4478855168.0
FUN,ok,True,True,True,False,True,forecast_icc,,1539860480.0
FUNC,ok,True,True,True,True,True,forecast_icc,,276869568.0
FURY,failed,True,True,False,False,False,,missing_positive_eps,112273056.0
FUSB,ok,True,True,False,True,True,trailing_eps_fallback_icc,,90277224.0
FUSE,failed,True,True,False,False,False,,missing_positive_eps,20002758.0
FUTU,ok,True,True,True,True,True,forecast_icc,,17123355648.0
FVAV,failed,True,True,False,False,False,,missing_positive_eps,368963872.0
FVCB,ok,True,True,True,True,True,forecast_icc,,329304576.0
FVN,ok,True,True,False,True,True,trailing_eps_fallback_icc,,78637136.0
FVR,ok,True,True,True,True,True,forecast_icc,,583300416.0
FVRR,ok,True,True,True,True,True,forecast_icc,,340812896.0
FWAC,failed,True,True,False,False,False,,missing_positive_eps,127238208.0
FWDI,ok,True,True,True,False,True,forecast_icc,,468189216.0
FWONA,ok,True,True,True,True,True,forecast_icc,,23080222720.0
FWONK,ok,True,True,True,True,True,forecast_icc,,25058312192.0
FWRD,ok,True,True,True,False,True,forecast_icc,,574274688.0
FWRG,ok,True,True,True,True,True,forecast_icc,,782513728.0
FXAC,failed,True,True,False,False,False,,missing_positive_eps,127077208.0
FXHO,failed,True,True,False,False,False,,missing_positive_eps,323724416.0
FXNC,ok,True,True,True,True,True,forecast_icc,,276252320.0
G,ok,True,True,True,True,True,forecast_icc,,6381946368.0
GAB,ok,True,True,False,True,True,trailing_eps_fallback_icc,,1764485376.0
GABC,ok,True,True,True,True,True,forecast_icc,,1853386752.0
GAIA,failed,True,True,False,False,False,,missing_positive_eps,39664236.0
GAIN,ok,True,True,True,True,True,forecast_icc,,659451776.0
GAING,failed,True,False,False,False,False,,missing_positive_eps,
GAINI,failed,True,False,False,False,False,,missing_positive_eps,
GAINZ,failed,True,False,False,False,False,,missing_positive_eps,
GALT,failed,True,True,False,False,False,,missing_positive_eps,398356128.0
GAM,ok,True,True,False,True,True,trailing_eps_fallback_icc,,1587933568.0
GAME,failed,True,True,False,False,False,,missing_positive_eps,36982144.0
GANX,failed,True,True,False,False,False,,missing_positive_eps,78558512.0
GAP,ok,True,True,True,True,True,forecast_icc,,8031130112.0
GASS,ok,True,True,True,True,True,forecast_icc,,355495200.0
GATX,ok,True,True,True,True,True,forecast_icc,,6175912960.0
GAU,ok,True,True,True,True,True,forecast_icc,,591197376.0
GAUZ,ok,True,True,True,False,True,forecast_icc,,8804263.0
GBAB,ok,True,True,False,True,True,trailing_eps_fallback_icc,,378928512.0
GBCI,ok,True,True,True,True,True,forecast_icc,,6029657600.0
GBFH,ok,True,True,True,True,True,forecast_icc,,284087072.0
GBLI,ok,True,True,True,True,True,forecast_icc,,432922944.0
GBR,failed,True,True,False,False,False,,missing_positive_eps,3951076.0
GBTG,ok,True,True,True,True,True,forecast_icc,,4941652992.0
GBX,ok,True,True,True,True,True,forecast_icc,,1394451584.0
GCBC,ok,True,True,False,True,True,trailing_eps_fallback_icc,,585506368.0
GCDT,failed,True,True,False,False,False,,missing_positive_eps,5278750.0
GCGR,failed,True,True,False,False,False,,missing_positive_eps,514713536.0
GCL,failed,True,True,False,False,False,,missing_positive_eps,64810804.0
GCMG,ok,True,True,True,True,True,forecast_icc,,842931264.0
GCO,ok,True,True,True,True,True,forecast_icc,,371750400.0
GCT,ok,True,True,True,True,True,forecast_icc,,1733017728.0
GCTK,ok,True,True,False,True,True,trailing_eps_fallback_icc,,3392107.0
GCTS,failed,True,True,False,False,False,,missing_positive_eps,165545504.0
GCTS-W,failed,False,False,False,False,False,,missing_price,
GCV,ok,True,True,False,True,True,trailing_eps_fallback_icc,,91872536.0
GD,ok,True,True,True,True,True,forecast_icc,,100471414784.0
GDC,failed,True,True,False,False,False,,missing_positive_eps,6368625.0
GDDY,ok,True,True,True,True,True,forecast_icc,,12396276736.0
GDEV,ok,True,True,True,True,True,forecast_icc,,210545664.0
GDHG,ok,True,True,False,True,True,trailing_eps_fallback_icc,,26041724.0
GDL,ok,True,True,False,True,True,trailing_eps_fallback_icc,,92055840.0
GDO,ok,True,True,False,True,True,trailing_eps_fallback_icc,,76321920.0
GDOT,ok,True,True,True,False,True,forecast_icc,,757333056.0
GDRX,ok,True,True,True,True,True,forecast_icc,,1190597376.0
GDS,ok,True,True,True,True,True,forecast_icc,,6382027264.0
GDTC,failed,True,True,False,False,False,,missing_positive_eps,10752497.0
GDV,ok,True,True,False,True,True,trailing_eps_fallback_icc,,2637380352.0
GDYN,ok,True,True,True,True,True,forecast_icc,,647392512.0
GE,ok,True,True,True,True,True,forecast_icc,,348320104448.0
GEF,ok,True,True,True,True,True,forecast_icc,,4704185344.0
GEF-B,ok,True,True,True,True,True,forecast_icc,,4003626240.0
GEG,ok,True,True,True,False,True,forecast_icc,,68985416.0
GEHC,ok,True,True,True,True,True,forecast_icc,,32401942528.0
GEL,ok,True,True,True,True,True,forecast_icc,,1994537728.0
GELS,failed,True,True,False,False,False,,missing_positive_eps,5845025.0
GEMI,failed,True,True,False,False,False,,missing_positive_eps,583434880.0
GEN,ok,True,True,True,True,True,forecast_icc,,18556196864.0
GENB,failed,True,True,False,False,False,,missing_positive_eps,1959941632.0
GENC,ok,True,True,True,True,True,forecast_icc,,272046944.0
GENI,ok,True,True,True,False,True,forecast_icc,,1985792000.0
GENK,failed,True,True,False,False,False,,missing_positive_eps,62962420.0
GEO,ok,True,True,True,True,True,forecast_icc,,4186818816.0
GEOS,ok,True,True,True,False,True,forecast_icc,,68170624.0
GERN,ok,True,True,True,False,True,forecast_icc,,957285376.0
GETY,ok,True,True,True,False,True,forecast_icc,,102349592.0
GEV,ok,True,True,True,True,True,forecast_icc,,239308718080.0
GEVO,ok,True,True,True,False,True,forecast_icc,,410413600.0
GF,ok,True,True,False,True,True,trailing_eps_fallback_icc,,188785520.0
GFAI,ok,True,True,True,False,True,forecast_icc,,11850984.0
GFF,ok,True,True,True,True,True,forecast_icc,,4411252224.0
GFI,ok,True,True,True,True,True,forecast_icc,,41310871552.0
GFL,ok,True,True,True,False,True,forecast_icc,,15262052352.0
GFR,ok,True,True,True,False,True,forecast_icc,,905572032.0
GFS,ok,True,True,True,True,True,forecast_icc,,24523685888.0
GFUZ,failed,True,True,False,False,False,,missing_positive_eps,855431744.0
GGAL,ok,True,True,True,True,True,forecast_icc,,7413587968.0
GGB,ok,True,True,True,True,True,forecast_icc,,9045403648.0
GGG,ok,True,True,True,True,True,forecast_icc,,12540084224.0
GGN,ok,True,True,False,True,True,trailing_eps_fallback_icc,,879545472.0
GGR,failed,True,True,False,False,False,,missing_positive_eps,54399404.0
GGRP,failed,False,True,False,False,False,,missing_price,20201594.0
GGT,ok,True,True,False,True,True,trailing_eps_fallback_icc,,169747104.0
GGZ,ok,True,True,False,True,True,trailing_eps_fallback_icc,,126559136.0
GH,failed,True,True,False,False,False,,missing_positive_eps,21339875328.0
GHC,ok,True,True,True,True,True,forecast_icc,,4780767744.0
GHG,ok,True,True,True,True,True,forecast_icc,,107960144.0
GHM,ok,True,True,True,True,True,forecast_icc,,1023586624.0
GHRS,failed,True,True,False,False,False,,missing_positive_eps,1851968896.0
GHXI,failed,True,True,False,False,False,,missing_positive_eps,360688928.0
GIB,ok,True,True,True,True,True,forecast_icc,,15582424064.0
GIBO,failed,True,True,False,False,False,,missing_positive_eps,82126320.0
GIC,ok,True,True,True,True,True,forecast_icc,,1496008960.0
GIFT,failed,True,True,False,False,False,,missing_positive_eps,28871518.0
GIGM,failed,True,True,False,False,False,,missing_positive_eps,16191525.0
GIII,ok,True,True,True,True,True,forecast_icc,,1374990720.0
GIL,ok,True,True,True,True,True,forecast_icc,,9654050816.0
GILD,ok,True,True,True,False,True,forecast_icc,,181455044608.0
GILT,ok,True,True,True,True,True,forecast_icc,,762593536.0
GIPR,failed,True,True,False,False,False,,missing_positive_eps,1129884.0
GIS,ok,True,True,True,False,True,forecast_icc,,22026735616.0
GITS,failed,True,True,False,False,False,,missing_positive_eps,7513755.0
GIW,failed,True,True,False,False,False,,missing_positive_eps,479957824.0
GIX,failed,True,True,False,False,False,,missing_positive_eps,365102656.0
GJH,failed,True,False,False,False,False,,missing_positive_eps,
GJO,failed,True,False,False,False,False,,missing_positive_eps,
GJP,failed,True,False,False,False,False,,missing_positive_eps,
GJR,failed,True,False,False,False,False,,missing_positive_eps,
GJS,failed,True,False,False,False,False,,missing_positive_eps,
GJT,failed,True,False,False,False,False,,missing_positive_eps,
GKOS,ok,True,True,True,False,True,forecast_icc,,10591155200.0
GL,ok,True,True,True,True,True,forecast_icc,,13269594112.0
GLAD,ok,True,True,True,True,True,forecast_icc,,455250304.0
GLAS,ok,True,True,True,False,True,forecast_icc,,841585600.0
GLBE,ok,True,True,True,True,True,forecast_icc,,6273582080.0
GLBS,ok,True,True,True,True,True,forecast_icc,,79638688.0
GLDG,failed,True,True,False,False,False,,missing_positive_eps,231983104.0
GLE,failed,True,True,False,False,False,,missing_positive_eps,9181110.0
GLED,failed,True,True,False,False,False,,missing_positive_eps,159904912.0
GLED-R,failed,False,False,False,False,False,,missing_price,
GLED-U,failed,False,False,False,False,False,,missing_price,
GLIBA,ok,True,True,True,False,True,forecast_icc,,1065463296.0
GLIBK,failed,True,True,False,False,False,,missing_positive_eps,1038726976.0
GLMD,failed,True,True,False,False,False,,missing_positive_eps,4291247.0
GLND,failed,True,True,False,False,False,,missing_positive_eps,60129016.0
GLNG,ok,True,True,True,True,True,forecast_icc,,5256974848.0
GLO,ok,True,True,False,True,True,trailing_eps_fallback_icc,,245905792.0
GLOB,ok,True,True,True,True,True,forecast_icc,,1757839744.0
GLOO,ok,True,True,True,False,True,forecast_icc,,289864256.0
GLP,ok,True,True,True,True,True,forecast_icc,,1738145024.0
GLPI,ok,True,True,True,True,True,forecast_icc,,12599985152.0
GLQ,ok,True,True,False,True,True,trailing_eps_fallback_icc,,150467104.0
GLRE,ok,True,True,True,True,True,forecast_icc,,502803360.0
GLSI,failed,True,True,False,False,False,,missing_positive_eps,219439200.0
GLU,ok,True,True,False,True,True,trailing_eps_fallback_icc,,114475704.0
GLUE,failed,True,True,False,False,False,,missing_positive_eps,1189268736.0
GLV,ok,True,True,False,True,True,trailing_eps_fallback_icc,,75823168.0
GLW,ok,True,True,True,True,True,forecast_icc,,127853928448.0
GLXG,failed,True,True,False,False,False,,missing_positive_eps,6319205.0
GLXY,failed,True,True,False,False,False,,missing_positive_eps,14496714752.0
GM,ok,True,True,True,True,True,forecast_icc,,78072258560.0
GMAB,ok,True,True,True,True,True,forecast_icc,,20676339712.0
GME,ok,True,True,True,True,True,forecast_icc,,8246945280.0
GME-W,failed,False,False,False,False,False,,missing_price,
GMED,ok,True,True,True,True,True,forecast_icc,,10924893184.0
GMEX,failed,True,True,False,False,False,,missing_positive_eps,865314.0
GMHS,ok,True,True,False,True,True,trailing_eps_fallback_icc,,48623888.0
GMM,failed,True,True,False,False,False,,missing_positive_eps,11360268.0
GMRS,ok,True,True,True,False,True,forecast_icc,,656363776.0
GMTL,failed,True,True,False,False,False,,missing_positive_eps,495591520.0
GNE,ok,True,True,True,True,True,forecast_icc,,390583232.0
GNK,ok,True,True,True,True,True,forecast_icc,,1143276544.0
GNL,failed,True,True,False,False,False,,missing_positive_eps,2123497984.0
GNLN,ok,True,True,False,True,True,trailing_eps_fallback_icc,,1944723.0
GNLX,failed,True,True,False,False,False,,missing_positive_eps,118316552.0
GNPX,ok,True,True,False,True,True,trailing_eps_fallback_icc,,3041120.0
GNRC,ok,True,True,True,True,True,forecast_icc,,10938466304.0
GNS,failed,True,True,False,False,False,,missing_positive_eps,33801956.0
GNSS,ok,True,True,True,False,True,forecast_icc,,66035912.0
GNT,ok,True,True,False,True,True,trailing_eps_fallback_icc,,154220384.0
GNTA,failed,True,True,False,False,False,,missing_positive_eps,49181192.0
GNTX,ok,True,True,True,True,True,forecast_icc,,4763732992.0
GNW,ok,True,True,True,True,True,forecast_icc,,3755839232.0
GO,ok,True,True,True,False,True,forecast_icc,,1184059648.0
GOAI,failed,True,True,False,False,False,,missing_positive_eps,94556816.0
GOF,ok,True,True,False,True,True,trailing_eps_fallback_icc,,2089236608.0
GOGO,ok,True,True,True,False,True,forecast_icc,,341479808.0
GOLD,ok,True,True,True,True,True,forecast_icc,,1304326784.0
GOLF,ok,True,True,True,True,True,forecast_icc,,5045611520.0
GOOD,ok,True,True,True,True,True,forecast_icc,,633269888.0
GOODN,failed,True,False,False,False,False,,missing_positive_eps,
GOODO,failed,True,False,False,False,False,,missing_positive_eps,
GOOG,ok,True,True,True,True,True,forecast_icc,,4102042681344.0
GOOGL,ok,True,True,True,True,True,forecast_icc,,4150228680704.0
GOOS,ok,True,True,True,True,True,forecast_icc,,804723392.0
GORO,ok,True,True,True,False,True,forecast_icc,,497755904.0
GOSS,failed,True,True,False,False,False,,missing_positive_eps,83103944.0
GOTU,ok,True,True,True,False,True,forecast_icc,,448956608.0
GOVX,failed,True,True,False,False,False,,missing_positive_eps,3295098.0
GP,failed,True,True,False,False,False,,missing_positive_eps,9055557.0
GPAC,failed,True,True,False,False,False,,missing_positive_eps,295864608.0
GPAT,ok,True,True,False,True,True,trailing_eps_fallback_icc,,180359296.0
GPC,ok,True,True,True,True,True,forecast_icc,,18703433728.0
GPCR,failed,True,True,False,False,False,,missing_positive_eps,3273835520.0
GPGI,ok,True,True,True,False,True,forecast_icc,,3832346880.0
GPI,ok,True,True,True,True,True,forecast_icc,,3213516544.0
GPK,ok,True,True,True,True,True,forecast_icc,,3313938688.0
GPMT,failed,True,True,False,False,False,,missing_positive_eps,51090056.0
GPN,ok,True,True,True,True,True,forecast_icc,,24093505536.0
GPOR,ok,True,True,True,True,True,forecast_icc,,3224651776.0
GPRE,ok,True,True,True,True,True,forecast_icc,,1012877504.0
GPRK,ok,True,True,True,True,True,forecast_icc,,713853248.0
GPRO,failed,True,True,False,False,False,,missing_positive_eps,161662768.0
GPUS,ok,True,True,False,True,True,trailing_eps_fallback_icc,,97416712.0
GRAB,ok,True,True,True,True,True,forecast_icc,,14483208192.0
GRAL,failed,True,True,False,False,False,,missing_positive_eps,3545158912.0
GRAN,failed,True,True,False,False,False,,missing_positive_eps,29889990.0
GRBK,ok,True,True,True,True,True,forecast_icc,,3106232576.0
GRC,ok,True,True,True,True,True,forecast_icc,,1991332480.0
GRCE,failed,True,True,False,False,False,,missing_positive_eps,44806532.0
GRDN,ok,True,True,True,True,True,forecast_icc,,2349366016.0
GRDX,failed,True,True,False,False,False,,missing_positive_eps,26527778.0
GRF,ok,True,True,False,True,True,trailing_eps_fallback_icc,,39876356.0
GRFS,ok,True,True,True,True,True,forecast_icc,,5254072832.0
GRI,failed,True,True,False,False,False,,missing_positive_eps,4197340.0
GRML,failed,True,True,False,False,False,,missing_positive_eps,15408513.0
GRMN,ok,True,True,True,True,True,forecast_icc,,54792376320.0
GRN,failed,True,False,False,False,False,,missing_positive_eps,
GRND,ok,True,True,True,True,True,forecast_icc,,2690743296.0
GRNQ,failed,True,True,False,False,False,,missing_positive_eps,25197724.0
GRNT,ok,True,True,True,False,True,forecast_icc,,663458240.0
GRO,failed,True,True,False,False,False,,missing_positive_eps,161060160.0
GROV,failed,True,True,False,False,False,,missing_positive_eps,41765896.0
GROW,ok,True,True,False,True,True,trailing_eps_fallback_icc,,40561720.0
GROY,ok,True,True,True,False,True,forecast_icc,,769179968.0
GRPN,ok,True,True,True,False,True,forecast_icc,,779960384.0
GRRR,ok,True,True,True,False,True,forecast_icc,,413743296.0
GRSD,ok,True,True,True,False,True,forecast_icc,,65855308.0
GRVY,ok,True,True,False,True,True,trailing_eps_fallback_icc,,511439040.0
GRWG,failed,True,True,False,False,False,,missing_positive_eps,96746360.0
GRX,ok,True,True,False,True,True,trailing_eps_fallback_icc,,150657344.0
GS,ok,True,True,True,True,True,forecast_icc,,298712727552.0
GSAT,ok,True,True,True,False,True,forecast_icc,,10565895168.0
GSBC,ok,True,True,True,True,True,forecast_icc,,852947840.0
GSBD,ok,True,True,True,True,True,forecast_icc,,1151581440.0
GSHD,ok,True,True,True,True,True,forecast_icc,,2453426944.0
GSHR,ok,True,True,False,True,True,trailing_eps_fallback_icc,,215586304.0
GSIT,failed,True,True,False,False,False,,missing_positive_eps,212916560.0
GSIW,failed,True,True,False,False,False,,missing_positive_eps,24202702.0
GSK,ok,True,True,True,True,True,forecast_icc,,100640980992.0
GSL,ok,True,True,True,True,True,forecast_icc,,1605378432.0
GSM,ok,True,True,True,False,True,forecast_icc,,767996736.0
GSRF,ok,True,True,False,True,True,trailing_eps_fallback_icc,,300524224.0
GSRV,failed,True,True,False,False,False,,missing_positive_eps,367617472.0
GSUN,ok,True,True,False,True,True,trailing_eps_fallback_icc,,2908372.0
GT,ok,True,True,True,False,True,forecast_icc,,1805125120.0
GTBP,ok,True,True,False,True,True,trailing_eps_fallback_icc,,12901316.0
GTE,ok,True,True,True,False,True,forecast_icc,,359111328.0
GTEC,ok,True,True,True,True,True,forecast_icc,,23565960.0
GTEN,ok,True,True,False,True,True,trailing_eps_fallback_icc,,480950240.0
GTERA,ok,True,True,False,True,True,trailing_eps_fallback_icc,,307721504.0
GTES,ok,True,True,True,True,True,forecast_icc,,6475607040.0
GTIM,ok,True,True,True,True,True,forecast_icc,,16259159.0
GTLB,ok,True,True,True,False,True,forecast_icc,,7860605952.0
GTM,ok,True,True,True,False,True,forecast_icc,,1234306560.0
GTN,ok,True,True,True,False,True,forecast_icc,,502563808.0
GTN-A,failed,True,True,False,False,False,,missing_positive_eps,598339264.0
GTX,ok,True,True,True,True,True,forecast_icc,,5044729856.0
GTY,ok,True,True,True,True,True,forecast_icc,,2007858048.0
GUAC,failed,True,True,False,False,False,,missing_positive_eps,391511744.0
GUG,ok,True,True,False,True,True,trailing_eps_fallback_icc,,497339680.0
GURE,failed,True,True,False,False,False,,missing_positive_eps,6347358.0
GUT,ok,True,True,False,True,True,trailing_eps_fallback_icc,,574333504.0
GUTS,failed,True,True,False,False,False,,missing_positive_eps,113145032.0
GVA,ok,True,True,True,False,True,forecast_icc,,5356106240.0
GVH,failed,True,True,False,False,False,,missing_positive_eps,2439626.0
GWAV,failed,True,True,False,False,False,,missing_positive_eps,4065192.0
GWH,failed,True,True,False,False,False,,missing_positive_eps,13779508.0
GWRE,ok,True,True,True,True,True,forecast_icc,,17046740992.0
GWRS,ok,True,True,True,True,True,forecast_icc,,264773248.0
GWW,ok,True,True,True,True,True,forecast_icc,,61825110016.0
GXAI,failed,True,True,False,False,False,,missing_positive_eps,11406148.0
GXO,ok,True,True,True,True,True,forecast_icc,,5473894912.0
GYGY,failed,True,True,False,False,False,,missing_positive_eps,17121720.0
GYRE,ok,True,True,True,False,True,forecast_icc,,696641792.0
GYRO,ok,True,True,False,True,True,trailing_eps_fallback_icc,,10996540.0
H,ok,True,True,True,True,True,forecast_icc,,15734708224.0
HACQ,failed,True,True,False,False,False,,missing_positive_eps,375992512.0
HAE,ok,True,True,True,True,True,forecast_icc,,4689381376.0
HAFC,ok,True,True,True,True,True,forecast_icc,,919126912.0
HAFN,ok,True,True,True,True,True,forecast_icc,,4218153984.0
HAIN,ok,True,True,True,False,True,forecast_icc,,67274944.0
HAL,ok,True,True,True,True,True,forecast_icc,,30784405504.0
HALO,ok,True,True,True,True,True,forecast_icc,,12086402048.0
HAO,failed,True,True,False,False,False,,missing_positive_eps,1127668.0
HAPN,ok,True,True,True,True,True,forecast_icc,,2028863232.0
HAS,ok,True,True,True,True,True,forecast_icc,,13272284160.0
HASI,ok,True,True,True,True,True,forecast_icc,,5082008576.0
HAVA,ok,True,True,False,True,True,trailing_eps_fallback_icc,,211277456.0
HAVAR,failed,True,False,False,False,False,,missing_positive_eps,
HAWK,ok,True,True,True,False,True,forecast_icc,,1857426816.0
HAYW,ok,True,True,True,True,True,forecast_icc,,2980280320.0
HBAN,ok,True,True,True,True,True,forecast_icc,,33710620672.0
HBB,ok,True,True,True,True,True,forecast_icc,,422223648.0
HBCP,ok,True,True,True,True,True,forecast_icc,,539067648.0
HBIO,ok,True,True,True,False,True,forecast_icc,,36919192.0
HBM,ok,True,True,True,True,True,forecast_icc,,12729189376.0
HBNB,failed,True,True,False,False,False,,missing_positive_eps,1303560448.0
HBNC,ok,True,True,True,False,True,forecast_icc,,997110592.0
HBT,ok,True,True,True,True,True,forecast_icc,,1290251904.0
HCA,ok,True,True,True,True,True,forecast_icc,,91941511168.0
HCAC,failed,True,True,False,False,False,,missing_positive_eps,294892672.0
HCAI,failed,True,True,False,False,False,,missing_positive_eps,40874064.0
HCAT,ok,True,True,True,False,True,forecast_icc,,123420472.0
HCC,ok,True,True,True,True,True,forecast_icc,,5715297792.0
HCHL,failed,True,True,False,False,False,,missing_positive_eps,118183824.0
HCI,ok,True,True,True,True,True,forecast_icc,,2310270720.0
HCIC,failed,True,True,False,False,False,,missing_positive_eps,355490304.0
HCKT,ok,True,True,True,True,True,forecast_icc,,278880960.0
HCM,ok,True,True,True,True,True,forecast_icc,,2106627840.0
HCMA,failed,True,True,False,False,False,,missing_positive_eps,347116000.0
HCSG,ok,True,True,True,True,True,forecast_icc,,1509222016.0
HCTI,failed,True,True,False,False,False,,missing_positive_eps,12081565.0
HCWB,failed,True,True,False,False,False,,missing_positive_eps,6592403.0
HCWC,failed,True,True,False,False,False,,missing_positive_eps,7799148.0
HD,ok,True,True,True,True,True,forecast_icc,,327072579584.0
HDB,ok,True,True,True,True,True,forecast_icc,,116609900544.0
HDL,ok,True,True,True,True,True,forecast_icc,,781055872.0
HDRN,failed,True,True,False,False,False,,missing_positive_eps,141567712.0
HDRNW,failed,True,False,False,False,False,,missing_positive_eps,
HDSN,ok,True,True,True,True,True,forecast_icc,,224752848.0
HE,ok,True,True,True,True,True,forecast_icc,,1938008192.0
HEI,ok,True,True,True,True,True,forecast_icc,,46280663040.0
HEI-A,ok,True,True,True,True,True,forecast_icc,,34124566528.0
HELE,ok,True,True,True,False,True,forecast_icc,,701091008.0
HELP,failed,True,True,False,False,False,,missing_positive_eps,859187712.0
HEPS,ok,True,True,True,False,True,forecast_icc,,950219136.0
HEQ,ok,True,True,False,True,True,trailing_eps_fallback_icc,,140160752.0
HERE,ok,True,True,True,True,True,forecast_icc,,100067696.0
HESM,ok,True,True,True,True,True,forecast_icc,,8290432000.0
HFBL,ok,True,True,False,True,True,trailing_eps_fallback_icc,,73931560.0
HFFG,ok,True,True,True,False,True,forecast_icc,,96482688.0
HFRO,failed,True,True,False,False,False,,missing_positive_eps,407791872.0
HFWA,ok,True,True,True,True,True,forecast_icc,,1168957568.0
HG,ok,True,True,True,True,True,forecast_icc,,3467281664.0
HGBL,ok,True,True,True,False,True,forecast_icc,,44684880.0
HGLB,ok,True,True,False,True,True,trailing_eps_fallback_icc,,176928336.0
HGTY,ok,True,True,True,True,True,forecast_icc,,4570181632.0
HGV,ok,True,True,True,True,True,forecast_icc,,3296280832.0
HHH,ok,True,True,True,True,True,forecast_icc,,3829909760.0
HHS,ok,True,True,True,False,True,forecast_icc,,32127774.0
HIFS,ok,True,True,False,True,True,trailing_eps_fallback_icc,,633401216.0
HIG,ok,True,True,True,True,True,forecast_icc,,37212397568.0
HIHO,failed,True,True,False,False,False,,missing_positive_eps,4239886.0
HII,ok,True,True,True,True,True,forecast_icc,,11474620416.0
HIMS,ok,True,True,True,False,True,forecast_icc,,6901410816.0
HIMX,ok,True,True,True,True,True,forecast_icc,,2393123584.0
HIND,failed,True,True,False,False,False,,missing_positive_eps,15161425.0
HIO,ok,True,True,False,True,True,trailing_eps_fallback_icc,,331896256.0
HIPO,ok,True,True,True,True,True,forecast_icc,,867418880.0
HIT,ok,True,True,True,False,True,forecast_icc,,62913268.0
HITI,ok,True,True,True,False,True,forecast_icc,,220554144.0
HIVE,failed,True,True,False,False,False,,missing_positive_eps,762491008.0
HIW,ok,True,True,True,True,True,forecast_icc,,3436892672.0
HIX,ok,True,True,False,True,True,trailing_eps_fallback_icc,,354874656.0
HKD,ok,True,True,False,True,True,trailing_eps_fallback_icc,,540560512.0
HKIT,ok,True,True,False,True,True,trailing_eps_fallback_icc,,27065498.0
HKPD,failed,True,True,False,False,False,,missing_positive_eps,16165036.0
HL,ok,True,True,True,True,True,forecast_icc,,13327055872.0
HLF,ok,True,True,True,True,True,forecast_icc,,1151789056.0
HLI,ok,True,True,True,True,True,forecast_icc,,9315170304.0
HLIO,ok,True,True,True,True,True,forecast_icc,,2406051072.0
HLIT,ok,True,True,True,True,True,forecast_icc,,1306615936.0
HLLY,ok,True,True,True,True,True,forecast_icc,,346729632.0
HLMN,ok,True,True,True,True,True,forecast_icc,,1497996416.0
HLN,ok,True,True,True,True,True,forecast_icc,,44108099584.0
HLNE,ok,True,True,True,True,True,forecast_icc,,6005298688.0
HLP,ok,True,True,False,True,True,trailing_eps_fallback_icc,,102392088.0
HLT,ok,True,True,True,True,True,forecast_icc,,71183532032.0
HLX,ok,True,True,True,True,True,forecast_icc,,1518039296.0
HLXC,failed,True,True,False,False,False,,missing_positive_eps,283504384.0
HMC,ok,True,True,True,False,True,forecast_icc,,41468956672.0
HMH,ok,True,True,True,True,True,forecast_icc,,231940960.0
HMN,ok,True,True,True,True,True,forecast_icc,,2061098752.0
HMR,ok,True,True,True,False,True,forecast_icc,,81998872.0
HMY,ok,True,True,True,True,True,forecast_icc,,12280805376.0
HNGE,ok,True,True,True,True,True,forecast_icc,,7469074944.0
HNI,ok,True,True,True,False,True,forecast_icc,,3495764480.0
HNNA,ok,True,True,True,True,True,forecast_icc,,79636928.0
HNRG,ok,True,True,True,True,True,forecast_icc,,781636864.0
HNST,ok,True,True,True,False,True,forecast_icc,,613666624.0
HNVR,ok,True,True,True,True,True,forecast_icc,,188520928.0
HODO,failed,True,True,False,False,False,,missing_positive_eps,21200274.0
HOFT,ok,True,True,True,False,True,forecast_icc,,140715616.0
HOG,ok,True,True,True,True,True,forecast_icc,,2872401152.0
HOLO,failed,True,True,False,False,False,,missing_positive_eps,40554876.0
HOMB,ok,True,True,True,True,True,forecast_icc,,5893462016.0
HON,ok,True,True,True,True,True,forecast_icc,,67676196864.0
HONA,ok,True,True,True,True,True,forecast_icc,,50113396736.0
HOOD,ok,True,True,True,True,True,forecast_icc,,94232813568.0
HOPE,ok,True,True,True,True,True,forecast_icc,,1761559936.0
HOUR,ok,True,True,True,True,True,forecast_icc,,66527660.0
HOV,ok,True,True,True,True,True,forecast_icc,,727351744.0
HOVR,failed,True,True,False,False,False,,missing_positive_eps,111599144.0
HOWL,failed,True,True,False,False,False,,missing_positive_eps,45731720.0
HP,ok,True,True,True,False,True,forecast_icc,,4355339264.0
HPAI,failed,True,True,False,False,False,,missing_positive_eps,14701119.0
HPE,ok,True,True,True,True,True,forecast_icc,,69176393728.0
HPI,ok,True,True,False,True,True,trailing_eps_fallback_icc,,424655584.0
HPK,failed,True,True,False,False,False,,missing_positive_eps,1035648384.0
HPP,failed,True,True,False,False,False,,missing_positive_eps,1393647488.0
HPQ,ok,True,True,True,True,True,forecast_icc,,27071766528.0
HQ,failed,True,True,False,False,False,,missing_positive_eps,799326528.0
HQH,ok,True,True,False,True,True,trailing_eps_fallback_icc,,1299407616.0
HQI,ok,True,True,True,True,True,forecast_icc,,221691072.0
HQL,ok,True,True,False,True,True,trailing_eps_fallback_icc,,636136384.0
HQY,ok,True,True,True,True,True,forecast_icc,,7985334784.0
HR,ok,True,True,True,False,True,forecast_icc,,6678318592.0
HRB,ok,True,True,True,True,True,forecast_icc,,6366685184.0
HRI,ok,True,True,True,True,True,forecast_icc,,5092945920.0
HRL,ok,True,True,True,True,True,forecast_icc,,12025164800.0
HRMY,ok,True,True,True,True,True,forecast_icc,,2293349120.0
HROW,ok,True,True,True,False,True,forecast_icc,,1383676416.0
HRTG,ok,True,True,True,True,True,forecast_icc,,999603776.0
HRTX,failed,True,True,False,False,False,,missing_positive_eps,60373032.0
HRZN,ok,True,True,True,True,True,forecast_icc,,318096768.0
HSAI,ok,True,True,True,True,True,forecast_icc,,20265060352.0
HSBC,ok,True,True,True,True,True,forecast_icc,,353385414656.0
HSCS,failed,True,True,False,False,False,,missing_positive_eps,14193897.0
HSDT,ok,True,True,False,True,True,trailing_eps_fallback_icc,,133613736.0
HSHP,ok,True,True,False,True,True,trailing_eps_fallback_icc,,789207296.0
HSIC,ok,True,True,True,True,True,forecast_icc,,10229725184.0
HSLV,failed,True,True,False,False,False,,missing_positive_eps,1123449344.0
HST,ok,True,True,True,True,True,forecast_icc,,15235351552.0
HSTM,ok,True,True,True,True,True,forecast_icc,,849420672.0
HSY,ok,True,True,True,True,True,forecast_icc,,35405111296.0
HTB,ok,True,True,True,True,True,forecast_icc,,767825280.0
HTCO,failed,True,True,False,False,False,,missing_positive_eps,23745122.0
HTCR,ok,True,True,True,False,True,forecast_icc,,3651940.0
HTD,ok,True,True,False,True,True,trailing_eps_fallback_icc,,893236224.0
HTFL,failed,True,True,False,False,False,,missing_positive_eps,4381593088.0
HTGC,ok,True,True,True,True,True,forecast_icc,,3301572864.0
HTH,ok,True,True,True,True,True,forecast_icc,,2179748096.0
HTHT,ok,True,True,True,True,True,forecast_icc,,14552026112.0
HTLD,ok,True,True,True,False,True,forecast_icc,,955831040.0
HTLM,ok,True,True,False,True,True,trailing_eps_fallback_icc,,158899360.0
HTO,ok,True,True,True,True,True,forecast_icc,,2652465664.0
HTOO,failed,True,True,False,False,False,,missing_positive_eps,15856936.0
HTT,ok,True,True,False,True,True,trailing_eps_fallback_icc,,402184256.0
HTZ,failed,True,True,False,False,False,,missing_positive_eps,809144640.0
HUBB,ok,True,True,True,True,True,forecast_icc,,23937325056.0
HUBC,failed,True,True,False,False,False,,missing_positive_eps,24216588.0
HUBG,ok,True,True,True,True,True,forecast_icc,,2438190336.0
HUBS,ok,True,True,True,True,True,forecast_icc,,13033029632.0
HUDI,failed,True,True,False,False,False,,missing_positive_eps,10955606.0
HUHU,failed,True,True,False,False,False,,missing_positive_eps,109660024.0
HUIZ,ok,True,True,True,True,True,forecast_icc,,15967601.0
HUM,ok,True,True,True,True,True,forecast_icc,,46018375680.0
HUMA,failed,True,True,False,False,False,,missing_positive_eps,167067792.0
HUN,ok,True,True,True,False,True,forecast_icc,,1680127232.0
HURA,failed,True,True,False,False,False,,missing_positive_eps,135737696.0
HURC,failed,True,True,False,False,False,,missing_positive_eps,139111392.0
HURN,ok,True,True,True,True,True,forecast_icc,,2543861504.0
HUT,ok,True,True,True,False,True,forecast_icc,,9693124608.0
HUYA,ok,True,True,True,False,True,forecast_icc,,488703456.0
HVII,ok,True,True,False,True,True,trailing_eps_fallback_icc,,205324080.0
HVMC,failed,True,True,False,False,False,,missing_positive_eps,301746592.0
HVT,ok,True,True,True,True,True,forecast_icc,,438920288.0
HVT-A,ok,True,True,False,True,True,trailing_eps_fallback_icc,,439403136.0
HWBK,ok,True,True,False,True,True,trailing_eps_fallback_icc,,268505376.0
HWC,ok,True,True,True,True,True,forecast_icc,,5975815168.0
HWH,failed,True,True,False,False,False,,missing_positive_eps,14448368.0
HWKN,ok,True,True,True,True,True,forecast_icc,,2510650112.0
HWM,ok,True,True,True,True,True,forecast_icc,,97686405120.0
HXHX,ok,True,True,False,True,True,trailing_eps_fallback_icc,,6721000.0
HXL,ok,True,True,True,True,True,forecast_icc,,7008025600.0
HY,ok,True,True,True,False,True,forecast_icc,,606632448.0
HYFM,failed,True,True,False,False,False,,missing_positive_eps,4404379.0
HYFT,failed,True,True,False,False,False,,missing_positive_eps,62962980.0
HYI,ok,True,True,False,True,True,trailing_eps_fallback_icc,,133009352.0
HYLN,failed,True,True,False,False,False,,missing_positive_eps,619732352.0
HYMC,failed,True,True,False,False,False,,missing_positive_eps,2183246848.0
HYNE,ok,True,True,False,True,True,trailing_eps_fallback_icc,,133761416.0
HYPD,ok,True,True,True,False,True,forecast_icc,,53144864.0
HYPR,failed,True,True,False,False,False,,missing_positive_eps,87415920.0
HYT,ok,True,True,False,True,True,trailing_eps_fallback_icc,,1350037248.0
HZO,ok,True,True,True,True,True,forecast_icc,,1152485888.0
IA,ok,True,True,True,True,True,forecast_icc,,340084256.0
IACO,failed,True,True,False,False,False,,missing_positive_eps,437062496.0
IACQ,failed,True,True,False,False,False,,missing_positive_eps,321747328.0
IAE,ok,True,True,True,True,True,forecast_icc,,95785480.0
IAF,ok,True,True,False,True,True,trailing_eps_fallback_icc,,127637208.0
IAG,ok,True,True,True,True,True,forecast_icc,,11676950528.0
IART,ok,True,True,True,False,True,forecast_icc,,1315910784.0
IAUX,failed,True,True,False,False,False,,missing_positive_eps,1575941120.0
IAUX-W,failed,False,False,False,False,False,,missing_price,
IBAC,failed,True,True,False,False,False,,missing_positive_eps,54539616.0
IBCP,ok,True,True,True,True,True,forecast_icc,,810052352.0
IBEX,ok,True,True,True,True,True,forecast_icc,,514945376.0
IBG,failed,True,True,False,False,False,,missing_positive_eps,1870358.0
IBIO,failed,True,True,False,False,False,,missing_positive_eps,63091772.0
IBKR,ok,True,True,True,True,True,forecast_icc,,165764218880.0
IBM,ok,True,True,True,True,True,forecast_icc,,220336963584.0
IBN,ok,True,True,True,True,True,forecast_icc,,108941180928.0
IBO,ok,True,True,False,True,True,trailing_eps_fallback_icc,,49719712.0
IBOC,ok,True,True,True,True,True,forecast_icc,,4363356672.0
IBP,ok,True,True,True,True,True,forecast_icc,,6454221312.0
IBRX,failed,True,True,False,False,False,,missing_positive_eps,8425698304.0
IBTA,ok,True,True,True,False,True,forecast_icc,,864240384.0
ICCC,ok,True,True,False,True,True,trailing_eps_fallback_icc,,88914712.0
ICCM,failed,True,True,False,False,False,,missing_positive_eps,7812910.0
ICE,ok,True,True,True,True,True,forecast_icc,,90216095744.0
ICFI,ok,True,True,True,True,True,forecast_icc,,1597908992.0
ICG,failed,True,True,False,False,False,,missing_positive_eps,60711928.0
ICHR,ok,True,True,True,False,True,forecast_icc,,2006423040.0
ICL,ok,True,True,True,True,True,forecast_icc,,7382908416.0
ICLR,ok,True,True,True,True,True,forecast_icc,,12729672704.0
ICMB,ok,True,True,True,False,True,forecast_icc,,12127607.0
ICON,failed,True,True,False,False,False,,missing_positive_eps,3540703.0
ICU,failed,True,True,False,False,False,,missing_positive_eps,13793413.0
ICUI,ok,True,True,True,True,True,forecast_icc,,4324966912.0
IDA,ok,True,True,True,True,True,forecast_icc,,7875772928.0
IDAC,failed,True,True,False,False,False,,missing_positive_eps,212000000.0
IDAI,ok,True,True,True,False,True,forecast_icc,,17199838.0
IDCC,ok,True,True,True,True,True,forecast_icc,,8645786624.0
IDE,ok,True,True,False,True,True,trailing_eps_fallback_icc,,199002480.0
IDN,ok,True,True,True,True,True,forecast_icc,,56037548.0
IDR,ok,True,True,True,True,True,forecast_icc,,514983584.0
IDT,ok,True,True,True,True,True,forecast_icc,,1696533632.0
IDXX,ok,True,True,True,True,True,forecast_icc,,43913375744.0
IDYA,failed,True,True,False,False,False,,missing_positive_eps,3869228288.0
IE,failed,True,True,False,False,False,,missing_positive_eps,1765068288.0
IEAG,failed,True,True,False,False,False,,missing_positive_eps,444992032.0
IESC,ok,True,True,True,True,True,forecast_icc,,12074160128.0
IEX,ok,True,True,True,True,True,forecast_icc,,16855316480.0
IFBD,failed,True,True,False,False,False,,missing_positive_eps,7165003.0
IFF,ok,True,True,True,False,True,forecast_icc,,22040348672.0
IFN,failed,True,True,False,False,False,,missing_positive_eps,491350496.0
IFRX,failed,True,True,False,False,False,,missing_positive_eps,313894336.0
IFS,ok,True,True,True,True,True,forecast_icc,,6029922304.0
IGA,ok,True,True,False,True,True,trailing_eps_fallback_icc,,163846064.0
IGAC,failed,True,True,False,False,False,,missing_positive_eps,239893504.0
IGC,failed,True,True,False,False,False,,missing_positive_eps,30932496.0
IGI,ok,True,True,False,True,True,trailing_eps_fallback_icc,,96347944.0
IGIC,ok,True,True,True,True,True,forecast_icc,,1124942848.0
IGR,ok,True,True,False,True,True,trailing_eps_fallback_icc,,691462272.0
IH,ok,True,True,True,True,True,forecast_icc,,62357696.0
IHD,ok,True,True,False,True,True,trailing_eps_fallback_icc,,136566112.0
IHG,ok,True,True,True,True,True,forecast_icc,,23567353856.0
IHRT,failed,True,True,False,False,False,,missing_positive_eps,421026528.0
IHS,ok,True,True,True,True,True,forecast_icc,,2845447680.0
IHT,failed,True,True,False,False,False,,missing_positive_eps,12030805.0
IIF,failed,True,True,False,False,False,,missing_positive_eps,221684080.0
III,ok,True,True,True,True,True,forecast_icc,,247876928.0
IIIN,ok,True,True,True,True,True,forecast_icc,,582683264.0
IIIV,ok,True,True,True,True,True,forecast_icc,,423742912.0
IIM,ok,True,True,False,True,True,trailing_eps_fallback_icc,,600545856.0
IIPR,ok,True,True,True,True,True,forecast_icc,,1569361024.0
IKT,failed,True,True,False,False,False,,missing_positive_eps,322327936.0
ILAG,failed,True,True,False,False,False,,missing_positive_eps,6126996.0
ILLR,failed,True,True,False,False,False,,missing_positive_eps,19600278.0
ILLU,failed,True,True,False,False,False,,missing_positive_eps,311821472.0
ILMN,ok,True,True,True,True,True,forecast_icc,,32258129920.0
ILPT,failed,True,True,False,False,False,,missing_positive_eps,550987264.0
IMA,failed,True,True,False,False,False,,missing_positive_eps,57892424.0
IMAX,ok,True,True,True,True,True,forecast_icc,,2807916288.0
IMC,failed,True,True,False,False,False,,missing_positive_eps,1034803008.0
IMCC,failed,True,True,False,False,False,,missing_positive_eps,1847998.0
IMCR,failed,True,True,False,False,False,,missing_positive_eps,1870429696.0
IMDX,failed,True,True,False,False,False,,missing_positive_eps,128279192.0
IMKTA,ok,True,True,True,True,True,forecast_icc,,1553740032.0
IMMP,failed,True,True,False,False,False,,missing_positive_eps,53938200.0
IMMR,ok,True,True,True,True,True,forecast_icc,,251594592.0
IMMX,failed,True,True,False,False,False,,missing_positive_eps,998795008.0
IMNM,failed,True,True,False,False,False,,missing_positive_eps,3113162752.0
IMNN,failed,True,True,False,False,False,,missing_positive_eps,9146587.0
IMO,ok,True,True,True,True,True,forecast_icc,,65307234304.0
IMOS,ok,True,True,True,True,True,forecast_icc,,1899882112.0
IMPP,ok,True,True,True,True,True,forecast_icc,,237371696.0
IMRN,failed,True,True,False,False,False,,missing_positive_eps,8959034.0
IMRX,failed,True,True,False,False,False,,missing_positive_eps,322840000.0
IMSR,failed,True,True,False,False,False,,missing_positive_eps,669007104.0
IMTE,failed,True,True,False,False,False,,missing_positive_eps,1684272.0
IMTX,failed,True,True,False,False,False,,missing_positive_eps,1450704896.0
IMUX,failed,True,True,False,False,False,,missing_positive_eps,215582576.0
IMVT,failed,True,True,False,False,False,,missing_positive_eps,8431480832.0
IMXI,ok,True,True,True,True,True,forecast_icc,,437162272.0
INAB,failed,True,True,False,False,False,,missing_positive_eps,10844222.0
INAC,ok,True,True,False,True,True,trailing_eps_fallback_icc,,151828944.0
INBK,ok,True,True,True,False,True,forecast_icc,,238775920.0
INBS,ok,True,True,True,False,True,forecast_icc,,7265928.0
INBX,failed,True,True,False,False,False,,missing_positive_eps,1864727424.0
INCR,failed,True,True,False,False,False,,missing_positive_eps,86421704.0
INCY,ok,True,True,True,True,True,forecast_icc,,24976416768.0
INDB,ok,True,True,True,True,True,forecast_icc,,3845423616.0
INDI,ok,True,True,True,False,True,forecast_icc,,784937088.0
INDO,failed,True,True,False,False,False,,missing_positive_eps,43698624.0
INDP,failed,True,True,False,False,False,,missing_positive_eps,152562448.0
INDV,ok,True,True,True,True,True,forecast_icc,,4122216704.0
INEO,failed,True,True,False,False,False,,missing_positive_eps,9550371.0
INFQ,failed,True,True,False,False,False,,missing_positive_eps,2945416704.0
INFQ-W,failed,False,False,False,False,False,,missing_price,
INFU,ok,True,True,True,True,True,forecast_icc,,245207696.0
INFY,ok,True,True,True,True,True,forecast_icc,,48846610432.0
ING,ok,True,True,True,True,True,forecast_icc,,100824268800.0
INGM,ok,True,True,True,True,True,forecast_icc,,6497745920.0
INGN,failed,True,True,False,False,False,,missing_positive_eps,142510864.0
INGR,ok,True,True,True,True,True,forecast_icc,,6524599296.0
INHD,ok,True,True,False,True,True,trailing_eps_fallback_icc,,13711961.0
INIO,ok,True,True,True,True,True,forecast_icc,,15150000128.0
INKT,failed,True,True,False,False,False,,missing_positive_eps,56592292.0
INLF,failed,True,True,False,False,False,,missing_positive_eps,4361192.0
INLX,ok,True,True,True,False,True,forecast_icc,,24824054.0
INM,failed,True,True,False,False,False,,missing_positive_eps,7208238.0
INMB,failed,True,True,False,False,False,,missing_positive_eps,63833712.0
INMD,ok,True,True,True,True,True,forecast_icc,,860860800.0
INN,failed,True,True,False,False,False,,missing_positive_eps,630942784.0
INNV,ok,True,True,True,False,True,forecast_icc,,1465953152.0
INO,failed,True,True,False,False,False,,missing_positive_eps,131314848.0
INOD,ok,True,True,True,True,True,forecast_icc,,1939869184.0
INR,ok,True,True,True,True,True,forecast_icc,,287832896.0
INSE,ok,True,True,True,False,True,forecast_icc,,153669312.0
INSG,ok,True,True,False,True,True,trailing_eps_fallback_icc,,68638072.0
INSM,ok,True,True,True,False,True,forecast_icc,,26603235328.0
INSP,ok,True,True,True,True,True,forecast_icc,,1821064576.0
INSW,ok,True,True,True,True,True,forecast_icc,,4885768704.0
INTA,ok,True,True,True,False,True,forecast_icc,,3318288640.0
INTC,ok,True,True,True,False,True,forecast_icc,,473159270400.0
INTG,failed,True,True,False,False,False,,missing_positive_eps,76153896.0
INTJ,failed,True,True,False,False,False,,missing_positive_eps,4766250.0
INTR,ok,True,True,True,True,True,forecast_icc,,2388587776.0
INTS,failed,True,True,False,False,False,,missing_positive_eps,13745141.0
INTT,ok,True,True,True,True,True,forecast_icc,,138518496.0
INTU,ok,True,True,True,True,True,forecast_icc,,98281840640.0
INTZ,failed,True,True,False,False,False,,missing_positive_eps,20481368.0
INUV,failed,True,True,False,False,False,,missing_positive_eps,11538155.0
INV,failed,True,True,False,False,False,,missing_positive_eps,109150320.0
INVA,ok,True,True,True,True,True,forecast_icc,,1500538880.0
INVE,failed,True,True,False,False,False,,missing_positive_eps,68102464.0
INVH,ok,True,True,True,True,True,forecast_icc,,17310382080.0
INVX,ok,True,True,True,True,True,forecast_icc,,2141391488.0
INVZ,failed,True,True,False,False,False,,missing_positive_eps,102996000.0
IOND,ok,True,True,True,False,True,forecast_icc,,3226256896.0
IONQ,failed,True,True,False,False,False,,missing_positive_eps,15925882880.0
IONQ-W,failed,False,False,False,False,False,,missing_price,
IONR,failed,True,True,False,False,False,,missing_positive_eps,253425136.0
IONS,failed,True,True,False,False,False,,missing_positive_eps,10030885888.0
IOR,ok,True,True,False,True,True,trailing_eps_fallback_icc,,81404888.0
IOSP,ok,True,True,True,True,True,forecast_icc,,2311870208.0
IOT,ok,True,True,True,True,True,forecast_icc,,23803705344.0
IOTR,failed,True,True,False,False,False,,missing_positive_eps,11965130.0
IOVA,failed,True,True,False,False,False,,missing_positive_eps,3700776448.0
IP,ok,True,True,True,False,True,forecast_icc,,20086585344.0
IPAR,ok,True,True,True,True,True,forecast_icc,,3760787456.0
IPCX,failed,False,True,False,False,False,,missing_price,136169664.0
IPDN,failed,True,True,False,False,False,,missing_positive_eps,1820740.0
IPEX,failed,True,True,False,False,False,,missing_positive_eps,126239376.0
IPFX,failed,True,True,False,False,False,,missing_positive_eps,341043968.0
IPGP,ok,True,True,True,True,True,forecast_icc,,3229110272.0
IPHA,failed,True,True,False,False,False,,missing_positive_eps,242389760.0
IPI,ok,True,True,True,True,True,forecast_icc,,520369568.0
IPM,ok,True,True,True,False,True,forecast_icc,,24246456.0
IPSC,failed,True,True,False,False,False,,missing_positive_eps,371204416.0
IPST,ok,True,True,True,False,True,forecast_icc,,2843017.0
IPVV,failed,True,True,False,False,False,,missing_positive_eps,252594128.0
IPW,ok,True,True,True,False,True,forecast_icc,,411848.0
IPWR,failed,True,True,False,False,False,,missing_positive_eps,80529808.0
IPX,failed,True,True,False,False,False,,missing_positive_eps,791987264.0
IPXG,failed,True,True,False,False,False,,missing_positive_eps,315823200.0
IQ,ok,True,True,True,False,True,forecast_icc,,901236544.0
IQI,ok,True,True,False,True,True,trailing_eps_fallback_icc,,535184000.0
IQMX,failed,True,True,False,False,False,,missing_positive_eps,4974482944.0
IQMXW,failed,True,False,False,False,False,,missing_positive_eps,
IQST,failed,True,True,False,False,False,,missing_positive_eps,10656061.0
IQV,ok,True,True,True,True,True,forecast_icc,,42991874048.0
IR,ok,True,True,True,True,True,forecast_icc,,29895356416.0
IRAB,failed,True,True,False,False,False,,missing_positive_eps,229619280.0
IRAB-U,failed,False,False,False,False,False,,missing_price,
IRAB-W,failed,False,False,False,False,False,,missing_price,
IRD,failed,True,True,False,False,False,,missing_positive_eps,301168864.0
IRDM,ok,True,True,True,True,True,forecast_icc,,4979013120.0
IREN,failed,True,True,False,False,False,,missing_positive_eps,13264110592.0
IRHO,ok,True,True,False,True,True,trailing_eps_fallback_icc,,294666016.0
IRIX,failed,True,True,False,False,False,,missing_positive_eps,12595356.0
IRM,ok,True,True,True,True,True,forecast_icc,,34340020224.0
IRMD,ok,True,True,True,True,True,forecast_icc,,1104540288.0
IRON,failed,True,True,False,False,False,,missing_positive_eps,3019597312.0
IRS,ok,True,True,True,True,True,forecast_icc,,1265789440.0
IRT,ok,True,True,True,True,True,forecast_icc,,3909999360.0
IRTC,ok,True,True,True,False,True,forecast_icc,,3920619776.0
IRWD,ok,True,True,True,True,True,forecast_icc,,702269824.0
ISBA,ok,True,True,True,True,True,forecast_icc,,291728128.0
ISNR,failed,True,True,False,False,False,,missing_positive_eps,336737504.0
ISOU,failed,True,True,False,False,False,,missing_positive_eps,728261696.0
ISPC,failed,True,True,False,False,False,,missing_positive_eps,3878628.0
ISPR,ok,True,True,True,False,True,forecast_icc,,84377112.0
ISRG,ok,True,True,True,True,True,forecast_icc,,135020658688.0
ISSC,failed,False,True,False,False,False,,missing_price,443541504.0
ISTR,ok,True,True,True,True,True,forecast_icc,,415101792.0
IT,ok,True,True,True,True,True,forecast_icc,,12510443520.0
ITG,ok,True,True,True,False,True,forecast_icc,,1506800384.0
ITGR,ok,True,True,True,True,True,forecast_icc,,4252843776.0
ITHA,failed,True,True,False,False,False,,missing_positive_eps,307893344.0
ITIC,ok,True,True,False,True,True,trailing_eps_fallback_icc,,555825984.0
ITOC,failed,True,True,False,False,False,,missing_positive_eps,7259677.0
ITP,failed,True,True,False,False,False,,missing_positive_eps,3030024.0
ITRG,ok,True,True,True,True,True,forecast_icc,,568044608.0
ITRI,ok,True,True,True,True,True,forecast_icc,,4247752960.0
ITRN,ok,True,True,True,True,True,forecast_icc,,1009448384.0
ITT,ok,True,True,True,True,True,forecast_icc,,17994016768.0
ITUB,ok,True,True,True,True,True,forecast_icc,,83876446208.0
ITW,ok,True,True,True,True,True,forecast_icc,,78425374720.0
IVA,failed,True,True,False,False,False,,missing_positive_eps,1105512576.0
IVDA,ok,True,True,True,False,True,forecast_icc,,3592960.0
IVF,ok,True,True,False,True,True,trailing_eps_fallback_icc,,2582178.0
IVR,ok,True,True,True,True,True,forecast_icc,,786851456.0
IVT,ok,True,True,False,True,True,trailing_eps_fallback_icc,,2519483136.0
IVVD,failed,True,True,False,False,False,,missing_positive_eps,281465152.0
IVZ,ok,True,True,True,False,True,forecast_icc,,14472361984.0
IX,ok,True,True,True,True,True,forecast_icc,,42564308992.0
IXHL,failed,True,True,False,False,False,,missing_positive_eps,40081256.0
IZEA,failed,True,True,False,False,False,,missing_positive_eps,52945508.0
IZM,ok,True,True,False,True,True,trailing_eps_fallback_icc,,2944437.0
J,ok,True,True,True,True,True,forecast_icc,,17599954944.0
JACK,ok,True,True,True,False,True,forecast_icc,,316650752.0
JACS,failed,True,True,False,False,False,,missing_positive_eps,317796608.0
JACS-R,failed,False,False,False,False,False,,missing_price,
JACS-U,failed,False,False,False,False,False,,missing_price,
JAGU,failed,True,True,False,False,False,,missing_positive_eps,32915854.0
JAGX,ok,True,True,False,True,True,trailing_eps_fallback_icc,,4088642.0
JAKK,ok,True,True,True,True,True,forecast_icc,,287384256.0
JAN,ok,True,True,True,False,True,forecast_icc,,9231151104.0
JANX,failed,True,True,False,False,False,,missing_positive_eps,1113911936.0
JATT,failed,True,True,False,False,False,,missing_positive_eps,94575000.0
JAZZ,ok,True,True,True,True,True,forecast_icc,,16272785408.0
JBDI,failed,True,True,False,False,False,,missing_positive_eps,11988310.0
JBGS,failed,True,True,False,False,False,,missing_positive_eps,930626240.0
JBHT,ok,True,True,True,True,True,forecast_icc,,24927633408.0
JBI,ok,True,True,True,True,True,forecast_icc,,676721536.0
JBIO,failed,True,True,False,False,False,,missing_positive_eps,1358440192.0
JBK,failed,True,False,False,False,False,,missing_positive_eps,
JBL,ok,True,True,True,True,True,forecast_icc,,31987306496.0
JBLU,failed,True,True,False,False,False,,missing_positive_eps,1735636096.0
JBS,ok,True,True,True,True,True,forecast_icc,,44209045504.0
JBSS,ok,True,True,True,True,True,forecast_icc,,861404800.0
JBTM,ok,True,True,True,True,True,forecast_icc,,6062843392.0
JCAP,ok,True,True,True,False,True,forecast_icc,,1195025408.0
JCE,ok,True,True,False,True,True,trailing_eps_fallback_icc,,290320736.0
JCI,ok,True,True,True,True,True,forecast_icc,,83737698304.0
JCSE,ok,True,True,False,True,True,trailing_eps_fallback_icc,,8008719.0
JCTC,failed,True,True,False,False,False,,missing_positive_eps,10419535.0
JD,ok,True,True,True,True,True,forecast_icc,,38138118144.0
JDZG,failed,True,True,False,False,False,,missing_positive_eps,17590800.0
JEF,ok,True,True,True,True,True,forecast_icc,,10706554880.0
JELD,failed,True,True,False,False,False,,missing_positive_eps,205901664.0
JEM,failed,True,True,False,False,False,,missing_positive_eps,2970169.0
JENA,failed,True,True,False,False,False,,missing_positive_eps,303368256.0
JENA-R,failed,False,False,False,False,False,,missing_price,
JENA-U,failed,False,False,False,False,False,,missing_price,
JF,failed,True,True,False,False,False,,missing_positive_eps,16880278.0
JFB,failed,True,True,False,False,False,,missing_positive_eps,96094416.0
JFIN,ok,True,True,True,True,True,forecast_icc,,105182384.0
JFR,ok,True,True,False,True,True,trailing_eps_fallback_icc,,1237839488.0
JFU,ok,True,True,False,True,True,trailing_eps_fallback_icc,,34378136.0
JG,ok,True,True,True,True,True,forecast_icc,,38048736.0
JGH,ok,True,True,False,True,True,trailing_eps_fallback_icc,,349322880.0
JHI,ok,True,True,False,True,True,trailing_eps_fallback_icc,,116739704.0
JHS,ok,True,True,False,True,True,trailing_eps_fallback_icc,,126714848.0
JHX,ok,True,True,True,True,True,forecast_icc,,17247322112.0
JILL,ok,True,True,True,True,True,forecast_icc,,292001152.0
JJSF,ok,True,True,True,True,True,forecast_icc,,1647344256.0
JKHY,ok,True,True,True,True,True,forecast_icc,,11930137600.0
JKS,ok,True,True,True,False,True,forecast_icc,,658816960.0
JL,ok,True,True,False,True,True,trailing_eps_fallback_icc,,18507570.0
JLHL,ok,True,True,False,True,True,trailing_eps_fallback_icc,,128691792.0
JLL,ok,True,True,True,True,True,forecast_icc,,16832838656.0
JMIA,failed,True,True,False,False,False,,missing_positive_eps,858272640.0
JMKE,ok,True,True,True,False,True,forecast_icc,,4994293248.0
JMSB,ok,True,True,True,True,True,forecast_icc,,322321152.0
JNJ,ok,True,True,True,True,True,forecast_icc,,640671547392.0
JOB,ok,True,True,True,False,True,forecast_icc,,28192818.0
JOBY,failed,True,True,False,False,False,,missing_positive_eps,6765609984.0
JOE,ok,True,True,True,True,True,forecast_icc,,3763102720.0
JOF,ok,True,True,False,True,True,trailing_eps_fallback_icc,,357857056.0
JOUT,ok,True,True,True,False,True,forecast_icc,,471585152.0
JOYY,ok,True,True,True,True,True,forecast_icc,,3655382272.0
JPM,ok,True,True,True,True,True,forecast_icc,,946367430656.0
JRI,ok,True,True,False,True,True,trailing_eps_fallback_icc,,334320000.0
JRS,failed,True,True,False,False,False,,missing_positive_eps,239518592.0
JRSH,ok,True,True,True,True,True,forecast_icc,,71500664.0
JRVR,ok,True,True,True,True,True,forecast_icc,,185418528.0
JSPR,failed,True,True,False,False,False,,missing_positive_eps,23671522.0
JTAI,ok,True,True,False,True,True,trailing_eps_fallback_icc,,2125473.0
JTTT,failed,True,True,False,False,False,,missing_positive_eps,94788752.0
JUNS,ok,True,True,True,False,True,forecast_icc,,4667564.0
JVA,ok,True,True,True,True,True,forecast_icc,,19523412.0
JWEL,failed,True,True,False,False,False,,missing_positive_eps,5797760.0
JXG,failed,True,True,False,False,False,,missing_positive_eps,108659496.0
JXN,ok,True,True,True,True,True,forecast_icc,,9037045760.0
JYD,failed,True,True,False,False,False,,missing_positive_eps,7222532.0
JYNT,ok,True,True,True,True,True,forecast_icc,,119368216.0
JZ,ok,True,True,False,True,True,trailing_eps_fallback_icc,,3082640.0
JZXN,failed,True,True,False,False,False,,missing_positive_eps,1541455.0
KAI,ok,True,True,True,True,True,forecast_icc,,3532579328.0
KALA,failed,True,True,False,False,False,,missing_positive_eps,13009874.0
KALU,ok,True,True,True,True,True,forecast_icc,,2595908864.0
KAPA,failed,True,True,False,False,False,,missing_positive_eps,5687444.0
KARD,failed,True,True,False,False,False,,missing_positive_eps,1885034496.0
KARO,ok,True,True,True,True,True,forecast_icc,,2054713472.0
KAZR,failed,True,True,False,False,False,,missing_positive_eps,37319556.0
KB,ok,True,True,True,True,True,forecast_icc,,43814531072.0
KBDC,ok,True,True,True,True,True,forecast_icc,,898774528.0
KBH,ok,True,True,True,True,True,forecast_icc,,3267808512.0
KBON,failed,True,True,False,False,False,,missing_positive_eps,444551520.0
KBR,ok,True,True,True,True,True,forecast_icc,,4727540736.0
KBSX,ok,True,True,True,True,True,forecast_icc,,44631704.0
KC,failed,True,True,False,False,False,,missing_positive_eps,3065545216.0
KCA-U,failed,False,False,False,False,False,,missing_price,
KCAC-U,failed,False,False,False,False,False,,missing_price,
KCAC-W,failed,False,False,False,False,False,,missing_price,
KCHV,ok,True,True,False,True,True,trailing_eps_fallback_icc,,357647072.0
KD,ok,True,True,True,True,True,forecast_icc,,2929655552.0
KDK,failed,True,True,False,False,False,,missing_positive_eps,758336704.0
KDP,ok,True,True,True,True,True,forecast_icc,,43355918336.0
KE,ok,True,True,True,True,True,forecast_icc,,568035584.0
KEEL,failed,True,True,False,False,False,,missing_positive_eps,1945355648.0
KELYA,ok,True,True,True,False,True,forecast_icc,,597389440.0
KELYB,failed,True,True,False,False,False,,missing_positive_eps,840165760.0
KEN,ok,True,True,False,True,True,trailing_eps_fallback_icc,,3570467072.0
KEP,ok,True,True,True,True,True,forecast_icc,,14893568000.0
KEQU,ok,True,True,True,True,True,forecast_icc,,108056808.0
KEX,ok,True,True,True,True,True,forecast_icc,,7490208256.0
KEY,ok,True,True,True,True,True,forecast_icc,,23060649984.0
KEYS,ok,True,True,True,True,True,forecast_icc,,54955810816.0
KEYY,failed,True,True,False,False,False,,missing_positive_eps,379308352.0
KF,ok,True,True,False,True,True,trailing_eps_fallback_icc,,267922368.0
KFFB,ok,True,True,False,True,True,trailing_eps_fallback_icc,,46094280.0
KFII,ok,True,True,False,True,True,trailing_eps_fallback_icc,,418077024.0
KFRC,ok,True,True,True,True,True,forecast_icc,,1031200256.0
KFY,ok,True,True,True,True,True,forecast_icc,,4393517056.0
KG,failed,True,True,False,False,False,,missing_positive_eps,55315892.0
KGC,ok,True,True,True,True,True,forecast_icc,,36393865216.0
KGEI,ok,True,True,True,True,True,forecast_icc,,216294272.0
KGS,ok,True,True,True,True,True,forecast_icc,,5941883904.0
KHC,ok,True,True,True,False,True,forecast_icc,,30440095744.0
KIDS,failed,True,True,False,False,False,,missing_positive_eps,608619136.0
KIDZ,failed,True,True,False,False,False,,missing_positive_eps,3898867.0
KIM,ok,True,True,True,True,True,forecast_icc,,15904415744.0
KINS,ok,True,True,True,True,True,forecast_icc,,284456000.0
KIO,ok,True,True,False,True,True,trailing_eps_fallback_icc,,453295936.0
KITT,failed,True,True,False,False,False,,missing_positive_eps,6060507.0
KKR,ok,True,True,True,True,True,forecast_icc,,101336350720.0
KLAC,ok,True,True,True,True,True,forecast_icc,,229233639424.0
KLAR,ok,True,True,True,False,True,forecast_icc,,5554486784.0
KLC,ok,True,True,True,False,True,forecast_icc,,298662912.0
KLIC,ok,True,True,True,True,True,forecast_icc,,4189468928.0
KLRA,failed,True,True,False,False,False,,missing_positive_eps,1996512640.0
KLRS,failed,True,True,False,False,False,,missing_positive_eps,96172120.0
KLTR,ok,True,True,True,False,True,forecast_icc,,241030928.0
KLXE,failed,True,True,False,False,False,,missing_positive_eps,32935130.0
KMB,ok,True,True,True,True,True,forecast_icc,,35832958976.0
KMDA,ok,True,True,True,True,True,forecast_icc,,474823840.0
KMI,ok,True,True,True,True,True,forecast_icc,,71728390144.0
KMPR,ok,True,True,True,False,True,forecast_icc,,1660454400.0
KMRK,ok,True,True,False,True,True,trailing_eps_fallback_icc,,24265000.0
KMT,ok,True,True,True,True,True,forecast_icc,,2236266240.0
KMTS,failed,True,True,False,False,False,,missing_positive_eps,1509014272.0
KMX,ok,True,True,True,True,True,forecast_icc,,8703408128.0
KN,ok,True,True,True,True,True,forecast_icc,,2919324928.0
KNDI,ok,True,True,True,False,True,forecast_icc,,61383912.0
KNF,ok,True,True,True,True,True,forecast_icc,,3558466816.0
KNOP,ok,True,True,True,True,True,forecast_icc,,373172672.0
KNRX,failed,True,True,False,False,False,,missing_positive_eps,11451259.0
KNSA,ok,True,True,True,True,True,forecast_icc,,6049635840.0
KNSL,ok,True,True,True,True,True,forecast_icc,,8516852736.0
KNTK,ok,True,True,True,True,True,forecast_icc,,9277229056.0
KNX,ok,True,True,True,True,True,forecast_icc,,11150413824.0
KO,ok,True,True,True,True,True,forecast_icc,,381507010560.0
KOD,failed,True,True,False,False,False,,missing_positive_eps,2347427072.0
KODK,failed,True,True,False,False,False,,missing_positive_eps,879203712.0
KOF,ok,True,True,True,False,True,forecast_icc,,23352852480.0
KOP,ok,True,True,True,False,True,forecast_icc,,867473600.0
KOPN,ok,True,True,False,True,True,trailing_eps_fallback_icc,,825274368.0
KOS,ok,True,True,True,False,True,forecast_icc,,1703094656.0
KOSS,failed,True,True,False,False,False,,missing_positive_eps,32753876.0
KOYN,ok,True,True,False,True,True,trailing_eps_fallback_icc,,322837472.0
KPET,failed,True,True,False,False,False,,missing_positive_eps,289270272.0
KPET-U,failed,False,False,False,False,False,,missing_price,
KPET-W,failed,False,False,False,False,False,,missing_price,
KPLT,ok,True,True,False,True,True,trailing_eps_fallback_icc,,458970720.0
KPRX,failed,True,True,False,False,False,,missing_positive_eps,11105211.0
KPTI,failed,True,True,False,False,False,,missing_positive_eps,46723808.0
KR,ok,True,True,True,True,True,forecast_icc,,35251724288.0
KRAQ,failed,True,True,False,False,False,,missing_positive_eps,430818752.0
KRC,ok,True,True,True,True,True,forecast_icc,,4263164672.0
KREF,ok,True,True,True,False,True,forecast_icc,,489969152.0
KRG,ok,True,True,True,True,True,forecast_icc,,5364236288.0
KRKR,ok,True,True,True,True,True,forecast_icc,,6197566.0
KRMD,ok,True,True,True,False,True,forecast_icc,,152367280.0
KRMN,ok,True,True,True,True,True,forecast_icc,,5493522432.0
KRNT,ok,True,True,True,False,True,forecast_icc,,723556480.0
KRNY,ok,True,True,True,True,True,forecast_icc,,640852992.0
KRO,ok,True,True,True,False,True,forecast_icc,,1015160064.0
KROS,failed,True,True,False,False,False,,missing_positive_eps,219685248.0
KRP,ok,True,True,True,True,True,forecast_icc,,1921242368.0
KRRO,failed,True,True,False,False,False,,missing_positive_eps,183923312.0
KRSP,failed,True,True,False,False,False,,missing_positive_eps,486707520.0
KRSP-U,failed,False,False,False,False,False,,missing_price,
KRSP-W,failed,False,False,False,False,False,,missing_price,
KRT,ok,True,True,True,True,True,forecast_icc,,949547136.0
KRUS,ok,True,True,True,False,True,forecast_icc,,554761536.0
KRYS,ok,True,True,True,True,True,forecast_icc,,10636637184.0
KSCP,failed,True,True,False,False,False,,missing_positive_eps,32829514.0
KSPI,ok,True,True,True,True,True,forecast_icc,,19979466752.0
KSS,ok,True,True,True,True,True,forecast_icc,,2020787840.0
KT,ok,True,True,True,True,True,forecast_icc,,9372868608.0
KTB,ok,True,True,True,True,True,forecast_icc,,4121429760.0
KTCC,failed,True,True,False,False,False,,missing_positive_eps,27256768.0
KTF,ok,True,True,False,True,True,trailing_eps_fallback_icc,,342857440.0
KTN,failed,True,False,False,False,False,,missing_positive_eps,
KTOS,ok,True,True,True,True,True,forecast_icc,,9559769088.0
KTTA,failed,True,True,False,False,False,,missing_positive_eps,19179894.0
KTWO,failed,True,True,False,False,False,,missing_positive_eps,202215312.0
KULR,failed,True,True,False,False,False,,missing_positive_eps,116626408.0
KURA,failed,True,True,False,False,False,,missing_positive_eps,1125351808.0
KUST,failed,True,True,False,False,False,,missing_positive_eps,5754016.0
KVAC,failed,False,True,False,False,False,,missing_price,63380056.0
KVHI,ok,True,True,True,False,True,forecast_icc,,137145664.0
KVUE,ok,True,True,True,True,True,forecast_icc,,36264202240.0
KVYO,ok,True,True,True,True,True,forecast_icc,,5859690496.0
KWM,failed,True,True,False,False,False,,missing_positive_eps,93812584.0
KWR,ok,True,True,True,True,True,forecast_icc,,2853037056.0
KWY,failed,True,True,False,False,False,,missing_positive_eps,298278624.0
KXIN,failed,True,True,False,False,False,,missing_positive_eps,2464105.0
KYIV,ok,True,True,True,True,True,forecast_icc,,3096149248.0
KYMR,failed,True,True,False,False,False,,missing_positive_eps,9879124992.0
KYNB,failed,True,True,False,False,False,,missing_positive_eps,31502186.0
KYTX,failed,True,True,False,False,False,,missing_positive_eps,524123200.0
KZIA,failed,True,True,False,False,False,,missing_positive_eps,157348400.0
L,ok,True,True,True,True,True,forecast_icc,,22137477120.0
LAB,failed,True,True,False,False,False,,missing_positive_eps,258591664.0
LABT,failed,True,True,False,False,False,,missing_positive_eps,5924220.0
LAC,failed,True,True,False,False,False,,missing_positive_eps,1121802624.0
LAD,ok,True,True,True,True,True,forecast_icc,,8074838528.0
LADR,ok,True,True,True,True,True,forecast_icc,,1243280000.0
LAES,failed,True,True,False,False,False,,missing_positive_eps,554707264.0
LAFA,ok,True,True,False,True,True,trailing_eps_fallback_icc,,159490320.0
LAKE,ok,True,True,True,False,True,forecast_icc,,114778376.0
LAMR,ok,True,True,True,True,True,forecast_icc,,15131917312.0
LAND,failed,True,True,False,False,False,,missing_positive_eps,395993760.0
LANDO,failed,True,False,False,False,False,,missing_positive_eps,
LANDP,failed,True,False,False,False,False,,missing_positive_eps,
LANV,failed,True,True,False,False,False,,missing_positive_eps,148162352.0
LAR,ok,True,True,True,False,True,forecast_icc,,1114238976.0
LARK,ok,True,True,True,True,True,forecast_icc,,193874976.0
LASE,failed,True,True,False,False,False,,missing_positive_eps,72255912.0
LASR,ok,True,True,True,False,True,forecast_icc,,2438564608.0
LATA,failed,True,True,False,False,False,,missing_positive_eps,234140000.0
LAUR,ok,True,True,True,True,True,forecast_icc,,5169733120.0
LAW,failed,True,True,False,False,False,,missing_positive_eps,284348576.0
LAWR,failed,True,True,False,False,False,,missing_positive_eps,172350000.0
LAZ,ok,True,True,True,True,True,forecast_icc,,4255461120.0
LB,ok,True,True,True,True,True,forecast_icc,,6751140352.0
LBGJ,failed,True,True,False,False,False,,missing_positive_eps,50879.0
LBRDA,ok,True,True,True,False,True,forecast_icc,,5177567232.0
LBRDK,ok,True,True,True,False,True,forecast_icc,,5168788480.0
LBRT,ok,True,True,True,True,True,forecast_icc,,3216502784.0
LBRX,failed,True,True,False,False,False,,missing_positive_eps,1524568576.0
LBTYA,failed,True,True,False,False,False,,missing_positive_eps,3666691072.0
LBTYB,failed,True,True,False,False,False,,missing_positive_eps,4280648960.0
LBTYK,failed,True,True,False,False,False,,missing_positive_eps,3578008320.0
LCCC,ok,True,True,False,True,True,trailing_eps_fallback_icc,,93414336.0
LCFY,failed,True,True,False,False,False,,missing_positive_eps,5656939.0
LCID,failed,True,True,False,False,False,,missing_positive_eps,1892745472.0
LCII,ok,True,True,True,True,True,forecast_icc,,2446467072.0
LCLN,ok,True,True,True,False,True,forecast_icc,,2655383552.0
LCNB,ok,True,True,True,True,True,forecast_icc,,275548928.0
LCTX,failed,True,True,False,False,False,,missing_positive_eps,278198208.0
LCUT,ok,True,True,True,True,True,forecast_icc,,217244496.0
LDI,ok,True,True,True,False,True,forecast_icc,,419656128.0
LDOS,ok,True,True,True,True,True,forecast_icc,,17636380672.0
LE,ok,True,True,True,True,True,forecast_icc,,363664480.0
LEA,ok,True,True,True,True,True,forecast_icc,,8321179648.0
LECO,ok,True,True,True,True,True,forecast_icc,,15328654336.0
LEDS,failed,True,True,False,False,False,,missing_positive_eps,15802199.0
LEE,ok,True,True,True,False,True,forecast_icc,,178336352.0
LEGH,ok,True,True,True,True,True,forecast_icc,,668976384.0
LEGN,ok,True,True,True,False,True,forecast_icc,,4041469440.0
LEGO,failed,True,True,False,False,False,,missing_positive_eps,311728704.0
LEGO-U,failed,False,False,False,False,False,,missing_price,
LEGO-W,failed,False,False,False,False,False,,missing_price,
LEN,ok,True,True,True,True,True,forecast_icc,,20261689344.0
LEN-B,ok,True,True,True,True,True,forecast_icc,,19816034304.0
LENZ,failed,True,True,False,False,False,,missing_positive_eps,163700000.0
LEO,ok,True,True,False,True,True,trailing_eps_fallback_icc,,384957472.0
LESL,failed,True,True,False,False,False,,missing_positive_eps,4826965.0
LEU,ok,True,True,True,True,True,forecast_icc,,3419919616.0
LEVI,ok,True,True,True,True,True,forecast_icc,,7989497856.0
LEXX,failed,True,True,False,False,False,,missing_positive_eps,18640402.0
LFAC,failed,True,True,False,False,False,,missing_positive_eps,197766416.0
LFCR,failed,True,True,False,False,False,,missing_positive_eps,168824656.0
LFMD,ok,True,True,True,False,True,forecast_icc,,148940576.0
LFS,ok,True,True,False,True,True,trailing_eps_fallback_icc,,58599788.0
LFST,ok,True,True,True,True,True,forecast_icc,,4722207232.0
LFT,ok,True,True,True,False,True,forecast_icc,,38104928.0
LFTO,ok,True,True,True,True,True,forecast_icc,,3146179584.0
LFUS,ok,True,True,True,False,True,forecast_icc,,10468855808.0
LFVN,ok,True,True,True,True,True,forecast_icc,,79298112.0
LFWD,failed,True,True,False,False,False,,missing_positive_eps,21664922.0
LGCL,ok,True,True,False,True,True,trailing_eps_fallback_icc,,1501943.0
LGCY,ok,True,True,True,True,True,forecast_icc,,138539808.0
LGHL,failed,True,True,False,False,False,,missing_positive_eps,468176.0
LGI,ok,True,True,False,True,True,trailing_eps_fallback_icc,,238654816.0
LGIH,ok,True,True,True,True,True,forecast_icc,,1299613696.0
LGL,ok,True,True,True,False,True,forecast_icc,,93841832.0
LGN,ok,True,True,True,False,True,forecast_icc,,8800744448.0
LGND,ok,True,True,True,True,True,forecast_icc,,5663706112.0
LGO,ok,True,True,True,False,True,forecast_icc,,74689640.0
LGPS,ok,True,True,False,True,True,trailing_eps_fallback_icc,,26916392.0
LGVN,failed,True,True,False,False,False,,missing_positive_eps,21998560.0
LH,ok,True,True,True,True,True,forecast_icc,,26978725888.0
LHAI,failed,True,True,False,False,False,,missing_positive_eps,14037276.0
LHSW,failed,True,True,False,False,False,,missing_positive_eps,12642500.0
LHX,ok,True,True,True,True,True,forecast_icc,,49579642880.0
LI,ok,True,True,True,False,True,forecast_icc,,11849846784.0
LICN,failed,True,True,False,False,False,,missing_positive_eps,20217296.0
LIDR,failed,True,True,False,False,False,,missing_positive_eps,53461556.0
LIEN,ok,True,True,True,True,True,forecast_icc,,235964912.0
LIF,ok,True,True,True,True,True,forecast_icc,,3492248576.0
LIFE,ok,True,True,True,False,True,forecast_icc,,3481811200.0
LII,ok,True,True,True,True,True,forecast_icc,,13224297472.0
LILA,ok,True,True,True,False,True,forecast_icc,,1686698880.0
LILAK,ok,True,True,True,False,True,forecast_icc,,1674945024.0
LIME,ok,True,True,True,True,True,forecast_icc,,2585367296.0
LIMN,failed,True,True,False,False,False,,missing_positive_eps,5184779.0
LIN,ok,True,True,True,True,True,forecast_icc,,225686667264.0
LINC,ok,True,True,True,True,True,forecast_icc,,798112448.0
LIND,ok,True,True,True,False,True,forecast_icc,,1742858880.0
LINE,failed,True,True,False,False,False,,missing_positive_eps,9763030016.0
LINK,failed,True,True,False,False,False,,missing_positive_eps,91684840.0
LION,ok,True,True,True,False,True,forecast_icc,,3371351040.0
LIQT,failed,True,True,False,False,False,,missing_positive_eps,19287666.0
LITB,ok,True,True,True,True,True,forecast_icc,,59672912.0
LITE,ok,True,True,True,False,True,forecast_icc,,82053971968.0
LITS,failed,True,True,False,False,False,,missing_positive_eps,33531834.0
LIVE,ok,True,True,True,False,True,forecast_icc,,28689268.0
LIVN,ok,True,True,True,True,True,forecast_icc,,4397012992.0
LKFN,ok,True,True,True,True,True,forecast_icc,,1468849792.0
LKFT,ok,True,True,False,True,True,trailing_eps_fallback_icc,,1866313216.0
LKQ,ok,True,True,True,True,True,forecast_icc,,6350352384.0
LKSP,ok,True,True,False,True,True,trailing_eps_fallback_icc,,160072000.0
LLY,ok,True,True,True,True,True,forecast_icc,,1031059406848.0
LLYVA,ok,True,True,True,False,True,forecast_icc,,9152695296.0
LLYVK,failed,True,True,False,False,False,,missing_positive_eps,9524396032.0
LMAT,ok,True,True,True,True,True,forecast_icc,,1835943808.0
LMB,ok,True,True,True,True,True,forecast_icc,,491386400.0
LMND,failed,True,True,False,False,False,,missing_positive_eps,4042425344.0
LMNR,ok,True,True,True,False,True,forecast_icc,,249496432.0
LMRI,ok,True,True,True,False,True,forecast_icc,,1121195008.0
LMT,ok,True,True,True,True,True,forecast_icc,,129526685696.0
LNAI,failed,True,True,False,False,False,,missing_positive_eps,10314600.0
LNC,ok,True,True,True,True,True,forecast_icc,,8153741824.0
LND,failed,True,True,False,False,False,,missing_positive_eps,378538720.0
LNG,ok,True,True,True,True,True,forecast_icc,,60243951616.0
LNKS,failed,True,True,False,False,False,,missing_positive_eps,1306658.0
LNN,ok,True,True,True,True,True,forecast_icc,,1168506624.0
LNSR,ok,True,True,False,True,True,trailing_eps_fallback_icc,,103078408.0
LNT,ok,True,True,True,True,True,forecast_icc,,17626175488.0
LNTH,ok,True,True,True,True,True,forecast_icc,,6589898240.0
LNZA,ok,True,True,False,True,True,trailing_eps_fallback_icc,,82985296.0
LOAN,ok,True,True,True,True,True,forecast_icc,,45717404.0
LOAR,ok,True,True,True,True,True,forecast_icc,,6575993856.0
LOB,ok,True,True,True,True,True,forecast_icc,,1823111808.0
LOBO,ok,True,True,True,False,True,forecast_icc,,8053239.0
LOCL,failed,True,True,False,False,False,,missing_positive_eps,24081522.0
LOCO,ok,True,True,True,True,True,forecast_icc,,465052416.0
LODE,failed,True,True,False,False,False,,missing_positive_eps,251272320.0
LOGI,ok,True,True,True,True,True,forecast_icc,,14131257344.0
LOMA,ok,True,True,True,True,True,forecast_icc,,1172801152.0
LONA,failed,True,True,False,False,False,,missing_positive_eps,74619568.0
LOOP,ok,True,True,True,False,True,forecast_icc,,23298702.0
LOPE,ok,True,True,True,True,True,forecast_icc,,3861014016.0
LOT,failed,True,True,False,False,False,,missing_positive_eps,745354560.0
LOVE,ok,True,True,True,True,True,forecast_icc,,228286128.0
LOW,ok,True,True,True,True,True,forecast_icc,,114847752192.0
LPA,ok,True,True,True,True,True,forecast_icc,,96046864.0
LPAA,ok,True,True,False,True,True,trailing_eps_fallback_icc,,308775008.0
LPBB,ok,True,True,False,True,True,trailing_eps_fallback_icc,,310500000.0
LPCN,failed,True,True,False,False,False,,missing_positive_eps,18467126.0
LPCV,failed,True,True,False,False,False,,missing_positive_eps,288075008.0
LPG,ok,True,True,True,True,True,forecast_icc,,2140845312.0
LPL,ok,True,True,True,False,True,forecast_icc,,3390000128.0
LPLA,ok,True,True,True,True,True,forecast_icc,,29145278464.0
LPSN,failed,True,True,False,False,False,,missing_positive_eps,38245620.0
LPTH,ok,True,True,True,False,True,forecast_icc,,631661440.0
LPX,ok,True,True,True,True,True,forecast_icc,,4930299392.0
LQDA,ok,True,True,True,True,True,forecast_icc,,6101820928.0
LQDT,ok,True,True,True,True,True,forecast_icc,,1305901824.0
LRCX,ok,True,True,True,True,True,forecast_icc,,377260736512.0
LRE,ok,True,True,False,True,True,trailing_eps_fallback_icc,,17325214.0
LRHC,failed,True,True,False,False,False,,missing_positive_eps,1555732.0
LRMR,failed,True,True,False,False,False,,missing_positive_eps,396832800.0
LRN,ok,True,True,True,True,True,forecast_icc,,3602822912.0
LSAK,ok,True,True,True,False,True,forecast_icc,,391233376.0
LSBK,ok,True,True,False,True,True,trailing_eps_fallback_icc,,135399296.0
LSCC,ok,True,True,True,True,True,forecast_icc,,16349353984.0
LSE,ok,True,True,False,True,True,trailing_eps_fallback_icc,,90234200.0
LSF,ok,True,True,True,False,True,forecast_icc,,46674328.0
LSH,failed,False,True,False,False,False,,missing_price,10810254.0
LSPD,ok,True,True,True,False,True,forecast_icc,,1362817664.0
LSTA,failed,True,True,False,False,False,,missing_positive_eps,13426296.0
LSTR,ok,True,True,True,True,True,forecast_icc,,6130026496.0
LTBR,failed,True,True,False,False,False,,missing_positive_eps,282059456.0
LTC,ok,True,True,True,True,True,forecast_icc,,2173472256.0
LTGO,failed,True,True,False,False,False,,missing_positive_eps,1392501504.0
LTGR,failed,True,True,False,False,False,,missing_positive_eps,228619984.0
LTH,ok,True,True,True,True,True,forecast_icc,,9389871104.0
LTM,ok,True,True,True,True,True,forecast_icc,,14569866240.0
LTRN,failed,True,True,False,False,False,,missing_positive_eps,25951816.0
LTRX,ok,True,True,True,False,True,forecast_icc,,247538160.0
LU,ok,True,True,True,False,True,forecast_icc,,1092028032.0
LUCD,failed,True,True,False,False,False,,missing_positive_eps,186862432.0
LUCK,ok,True,True,True,False,True,forecast_icc,,858866496.0
LUCY,failed,True,True,False,False,False,,missing_positive_eps,7749137.0
LUD,ok,True,True,False,True,True,trailing_eps_fallback_icc,,96545952.0
LULU,ok,True,True,True,True,True,forecast_icc,,13655994368.0
LUMN,failed,True,True,False,False,False,,missing_positive_eps,6439443968.0
LUNG,failed,True,True,False,False,False,,missing_positive_eps,100524552.0
LUNR,failed,True,True,False,False,False,,missing_positive_eps,2464547328.0
LUV,ok,True,True,True,True,True,forecast_icc,,18849191936.0
LUXE,ok,True,True,False,True,True,trailing_eps_fallback_icc,,1048678592.0
LVLU,failed,True,True,False,False,False,,missing_positive_eps,38134528.0
LVO,failed,True,True,False,False,False,,missing_positive_eps,53064620.0
LVS,ok,True,True,True,True,True,forecast_icc,,28375789568.0
LVWR,failed,True,True,False,False,False,,missing_positive_eps,250603216.0
LVWR-W,failed,False,False,False,False,False,,missing_price,
LW,ok,True,True,True,True,True,forecast_icc,,7496955904.0
LWAC,failed,True,True,False,False,False,,missing_positive_eps,310674752.0
LWAY,ok,True,True,True,True,True,forecast_icc,,393228640.0
LWLG,failed,True,True,False,False,False,,missing_positive_eps,837128128.0
LX,ok,True,True,True,True,True,forecast_icc,,176323456.0
LXEH,failed,True,True,False,False,False,,missing_positive_eps,3220000.0
LXEO,failed,True,True,False,False,False,,missing_positive_eps,390540192.0
LXFR,ok,True,True,True,True,True,forecast_icc,,459592832.0
LXP,ok,True,True,True,True,True,forecast_icc,,3579295488.0
LXRX,failed,True,True,False,False,False,,missing_positive_eps,1001150848.0
LXU,ok,True,True,True,True,True,forecast_icc,,768213376.0
LYB,ok,True,True,True,False,True,forecast_icc,,21023309824.0
LYEL,failed,True,True,False,False,False,,missing_positive_eps,350913600.0
LYFT,ok,True,True,True,True,True,forecast_icc,,6397330432.0
LYG,ok,True,True,True,True,True,forecast_icc,,85015347200.0
LYNX,failed,True,True,False,False,False,,missing_positive_eps,1794096512.0
LYTS,ok,True,True,True,True,True,forecast_icc,,719195968.0
LYV,ok,True,True,True,False,True,forecast_icc,,41907085312.0
LZ,ok,True,True,True,True,True,forecast_icc,,1066979776.0
LZB,ok,True,True,True,True,True,forecast_icc,,1267269632.0
LZM,failed,True,True,False,False,False,,missing_positive_eps,416304416.0
LZMH,failed,True,True,False,False,False,,missing_positive_eps,10953770.0
M,ok,True,True,True,True,True,forecast_icc,,5776313344.0
MA,ok,True,True,True,True,True,forecast_icc,,516241391616.0
MAA,ok,True,True,True,True,True,forecast_icc,,15375238144.0
MAAS,failed,True,True,False,False,False,,missing_positive_eps,7211883520.0
MAC,ok,True,True,True,False,True,forecast_icc,,6968617472.0
MACI,ok,True,True,False,True,True,trailing_eps_fallback_icc,,236756752.0
MAGH,failed,True,True,False,False,False,,missing_positive_eps,225446000.0
MAGN,ok,True,True,True,False,True,forecast_icc,,447136000.0
MAIA,ok,True,True,True,False,True,forecast_icc,,79692808.0
MAIN,ok,True,True,True,True,True,forecast_icc,,5509518336.0
MAIR,ok,True,True,True,True,True,forecast_icc,,13245476864.0
MAKO,ok,True,True,False,True,True,trailing_eps_fallback_icc,,881315520.0
MAMA,ok,True,True,True,True,True,forecast_icc,,754651008.0
MAMK,ok,True,True,False,True,True,trailing_eps_fallback_icc,,216124992.0
MAMO,ok,True,True,False,True,True,trailing_eps_fallback_icc,,41615968.0
MAN,ok,True,True,True,True,True,forecast_icc,,2927637248.0
MANE,failed,True,True,False,False,False,,missing_positive_eps,4111583232.0
MANH,ok,True,True,True,True,True,forecast_icc,,13013087232.0
MANU,ok,True,True,True,False,True,forecast_icc,,3752171520.0
MAPP,failed,True,False,False,False,False,,missing_positive_eps,
MAR,ok,True,True,True,True,True,forecast_icc,,89119490048.0
MARA,failed,True,True,False,False,False,,missing_positive_eps,4160443648.0
MAS,ok,True,True,True,True,True,forecast_icc,,14229045248.0
MASK,ok,True,True,False,True,True,trailing_eps_fallback_icc,,4544578.0
MASS,failed,True,True,False,False,False,,missing_positive_eps,441030624.0
MAT,ok,True,True,True,True,True,forecast_icc,,4271214848.0
MATH,ok,True,True,False,True,True,trailing_eps_fallback_icc,,36371420.0
MATV,ok,True,True,True,True,True,forecast_icc,,656210240.0
MATW,ok,True,True,True,False,True,forecast_icc,,648297600.0
MATX,ok,True,True,True,True,True,forecast_icc,,6722596352.0
MAX,ok,True,True,True,True,True,forecast_icc,,668553472.0
MAYS,failed,True,True,False,False,False,,missing_positive_eps,85872224.0
MAZE,failed,True,True,False,False,False,,missing_positive_eps,1475941376.0
MB,failed,True,True,False,False,False,,missing_positive_eps,71193248.0
MBAI,ok,True,True,False,True,True,trailing_eps_fallback_icc,,9092115.0
MBBC,ok,True,True,False,True,True,trailing_eps_fallback_icc,,45028384.0
MBC,ok,True,True,True,False,True,forecast_icc,,1678796544.0
MBGL,ok,True,True,True,True,True,forecast_icc,,5990066176.0
MBI,failed,True,True,False,False,False,,missing_positive_eps,246409424.0
MBIN,ok,True,True,True,True,True,forecast_icc,,2418039808.0
MBIO,failed,True,True,False,False,False,,missing_positive_eps,4072909.0
MBLY,ok,True,True,True,False,True,forecast_icc,,7252100096.0
MBOT,failed,True,True,False,False,False,,missing_positive_eps,100075552.0
MBRX,ok,True,True,False,True,True,trailing_eps_fallback_icc,,12557067.0
MBUU,ok,True,True,True,True,True,forecast_icc,,530499008.0
MBVI,failed,True,True,False,False,False,,missing_positive_eps,440306240.0
MBWM,ok,True,True,True,True,True,forecast_icc,,1033007040.0
MBX,failed,True,True,False,False,False,,missing_positive_eps,2966661888.0
MC,ok,True,True,True,True,True,forecast_icc,,5042686464.0
MCAH,failed,True,True,False,False,False,,missing_positive_eps,86614288.0
MCB,ok,True,True,True,True,True,forecast_icc,,1125470208.0
MCBS,ok,True,True,True,True,True,forecast_icc,,997942656.0
MCD,ok,True,True,True,True,True,forecast_icc,,186491863040.0
MCFT,ok,True,True,True,True,True,forecast_icc,,563894464.0
MCGA,failed,True,True,False,False,False,,missing_positive_eps,243712240.0
MCHB,ok,True,True,True,True,True,forecast_icc,,3485253376.0
MCHP,ok,True,True,True,True,True,forecast_icc,,39883988992.0
MCHX,ok,True,True,True,False,True,forecast_icc,,80251576.0
MCI,ok,True,True,False,True,True,trailing_eps_fallback_icc,,407003872.0
MCK,ok,True,True,True,True,True,forecast_icc,,103219781632.0
MCN,ok,True,True,False,True,True,trailing_eps_fallback_icc,,120502512.0
MCO,ok,True,True,True,True,True,forecast_icc,,87394058240.0
MCRB,failed,True,True,False,False,False,,missing_positive_eps,49319872.0
MCRI,ok,True,True,True,True,True,forecast_icc,,2158767360.0
MCRP,failed,True,True,False,False,False,,missing_positive_eps,34469784.0
MCS,ok,True,True,True,True,True,forecast_icc,,876558336.0
MCTA,ok,True,True,False,True,True,trailing_eps_fallback_icc,,445550176.0
MCY,ok,True,True,True,True,True,forecast_icc,,5647424512.0
MD,ok,True,True,True,True,True,forecast_icc,,2131273344.0
MDA,ok,True,True,True,True,True,forecast_icc,,4682011648.0
MDAI,failed,True,True,False,False,False,,missing_positive_eps,50530340.0
MDB,ok,True,True,True,False,True,forecast_icc,,36465422336.0
MDBH,failed,True,True,False,False,False,,missing_positive_eps,30689578.0
MDCX,failed,True,True,False,False,False,,missing_positive_eps,16540683.0
MDGL,ok,True,True,True,False,True,forecast_icc,,12476921856.0
MDIA,failed,True,True,False,False,False,,missing_positive_eps,91581648.0
MDLN,ok,True,True,True,True,True,forecast_icc,,47130525696.0
MDLZ,ok,True,True,True,True,True,forecast_icc,,79676145664.0
MDRR,ok,True,True,False,True,True,trailing_eps_fallback_icc,,27108730.0
MDT,ok,True,True,True,True,True,forecast_icc,,116030259200.0
MDU,ok,True,True,True,True,True,forecast_icc,,4190161152.0
MDWD,failed,True,True,False,False,False,,missing_positive_eps,162798608.0
MDXG,ok,True,True,True,True,True,forecast_icc,,661752512.0
MDXH,failed,True,True,False,False,False,,missing_positive_eps,68719600.0
MEC,ok,True,True,True,False,True,forecast_icc,,493686432.0
MED,failed,True,True,False,False,False,,missing_positive_eps,135733744.0
MEDP,ok,True,True,True,True,True,forecast_icc,,16579244032.0
MEDS,failed,True,True,False,False,False,,missing_positive_eps,2948628.0
MEGI,ok,True,True,False,True,True,trailing_eps_fallback_icc,,761975936.0
MEGL,failed,True,True,False,False,False,,missing_positive_eps,6000393.0
MEI,ok,True,True,True,False,True,forecast_icc,,647072832.0
MELI,ok,True,True,True,True,True,forecast_icc,,98159140864.0
MENS,failed,True,True,False,False,False,,missing_positive_eps,169541696.0
MEOH,ok,True,True,True,True,True,forecast_icc,,4560623616.0
MERC,failed,True,True,False,False,False,,missing_positive_eps,26150436.0
MESH,failed,True,True,False,False,False,,missing_positive_eps,434268736.0
MESO,ok,True,True,True,False,True,forecast_icc,,2173706496.0
MET,ok,True,True,True,True,True,forecast_icc,,60478337024.0
META,ok,True,True,True,True,True,forecast_icc,,1458039816192.0
METC,ok,True,True,True,False,True,forecast_icc,,902648512.0
METCB,failed,True,True,False,False,False,,missing_positive_eps,479215104.0
MEVO,failed,True,True,False,False,False,,missing_positive_eps,501000032.0
MF,failed,True,True,False,False,False,,missing_positive_eps,39433116.0
MFA,ok,True,True,True,True,True,forecast_icc,,891595584.0
MFC,ok,True,True,True,True,True,forecast_icc,,70368763904.0
MFG,ok,True,True,True,True,True,forecast_icc,,129259462656.0
MFI,ok,True,True,False,True,True,trailing_eps_fallback_icc,,474955552.0
MFIN,ok,True,True,True,True,True,forecast_icc,,271390112.0
MFM,ok,True,True,False,True,True,trailing_eps_fallback_icc,,222001328.0
MFP,ok,True,True,True,True,True,forecast_icc,,2120403840.0
MG,ok,True,True,True,True,True,forecast_icc,,597504000.0
MGA,ok,True,True,True,True,True,forecast_icc,,17541275648.0
MGEE,ok,True,True,True,True,True,forecast_icc,,2935439872.0
MGF,ok,True,True,False,True,True,trailing_eps_fallback_icc,,93533848.0
MGIH,failed,True,True,False,False,False,,missing_positive_eps,16650000.0
MGLD,failed,True,True,False,False,False,,missing_positive_eps,45077024.0
MGM,ok,True,True,True,True,True,forecast_icc,,10405876736.0
MGN,ok,True,True,False,True,True,trailing_eps_fallback_icc,,109705.0
MGNI,ok,True,True,True,True,True,forecast_icc,,3369033472.0
MGNX,failed,True,True,False,False,False,,missing_positive_eps,254163744.0
MGPI,ok,True,True,True,False,True,forecast_icc,,355687808.0
MGRC,ok,True,True,True,True,True,forecast_icc,,2746421760.0
MGRT,ok,True,True,False,True,True,trailing_eps_fallback_icc,,1348462464.0
MGRX,failed,True,True,False,False,False,,missing_positive_eps,8413451.0
MGTX,ok,True,True,True,True,True,forecast_icc,,1326353792.0
MGX,failed,True,True,False,False,False,,missing_positive_eps,44576980.0
MGY,ok,True,True,True,True,True,forecast_icc,,6510912000.0
MGYR,ok,True,True,False,True,True,trailing_eps_fallback_icc,,124976216.0
MH,ok,True,True,True,True,True,forecast_icc,,2511884800.0
MHD,ok,True,True,False,True,True,trailing_eps_fallback_icc,,599628608.0
MHF,ok,True,True,False,True,True,trailing_eps_fallback_icc,,151122000.0
MHH,ok,True,True,True,True,True,forecast_icc,,89373600.0
MHK,ok,True,True,True,True,True,forecast_icc,,8687417344.0
MHO,ok,True,True,True,True,True,forecast_icc,,3762368000.0
MI,failed,True,True,False,False,False,,missing_positive_eps,573199.0
MIAC,failed,True,True,False,False,False,,missing_positive_eps,247285936.0
MIAX,ok,True,True,True,True,True,forecast_icc,,4254028288.0
MICC,ok,True,True,True,True,True,forecast_icc,,12475970560.0
MIDD,ok,True,True,True,True,True,forecast_icc,,5012444672.0
MIMI,failed,True,True,False,False,False,,missing_positive_eps,11085073.0
MIN,ok,True,True,False,True,True,trailing_eps_fallback_icc,,276529728.0
MIND,ok,True,True,True,True,True,forecast_icc,,39537388.0
MINE,failed,True,True,False,False,False,,missing_positive_eps,214171808.0
MIR,ok,True,True,True,True,True,forecast_icc,,3753072384.0
MIRA,failed,True,True,False,False,False,,missing_positive_eps,32365412.0
MIRM,failed,True,True,False,False,False,,missing_positive_eps,5979209728.0
MIST,failed,True,True,False,False,False,,missing_positive_eps,144417664.0
MITK,ok,True,True,True,True,True,forecast_icc,,832959040.0
MITQ,failed,True,True,False,False,False,,missing_positive_eps,6162371.0
MITT,ok,True,True,True,True,True,forecast_icc,,214037392.0
MIY,ok,True,True,False,True,True,trailing_eps_fallback_icc,,368431616.0
MKC,ok,True,True,True,True,True,forecast_icc,,14577131520.0
MKC-V,ok,True,True,False,True,True,trailing_eps_fallback_icc,,14571754496.0
MKDW,failed,True,True,False,False,False,,missing_positive_eps,46156832.0
MKL,ok,True,True,True,True,True,forecast_icc,,22337980416.0
MKLY,failed,True,True,False,False,False,,missing_positive_eps,249529600.0
MKSI,ok,True,True,True,True,True,forecast_icc,,17326323712.0
MKTW,ok,True,True,True,True,True,forecast_icc,,50268800.0
MKTX,ok,True,True,True,True,True,forecast_icc,,5723420160.0
MKZR,failed,True,True,False,False,False,,missing_positive_eps,3382671.0
MLAA,failed,True,False,False,False,False,,missing_positive_eps,
MLAB,ok,True,True,True,True,True,forecast_icc,,715543808.0
MLCI,ok,True,True,True,False,True,forecast_icc,,35915944.0
MLCO,ok,True,True,True,True,True,forecast_icc,,1931639808.0
MLEC,failed,True,True,False,False,False,,missing_positive_eps,4937602.0
MLGO,failed,True,True,False,False,False,,missing_positive_eps,43656660.0
MLI,ok,True,True,True,True,True,forecast_icc,,13803930624.0
MLKN,ok,True,True,True,True,True,forecast_icc,,1538904064.0
MLM,ok,True,True,True,True,True,forecast_icc,,36837756928.0
MLP,failed,True,True,False,False,False,,missing_positive_eps,314569024.0
MLR,ok,True,True,True,True,True,forecast_icc,,635949376.0
MLSS,failed,True,True,False,False,False,,missing_positive_eps,42310844.0
MLTX,failed,True,True,False,False,False,,missing_positive_eps,1280855680.0
MLYS,failed,True,True,False,False,False,,missing_positive_eps,2263028224.0
MMA,failed,True,True,False,False,False,,missing_positive_eps,11954670.0
MMD,ok,True,True,False,True,True,trailing_eps_fallback_icc,,281691776.0
MMED,ok,True,True,True,False,True,forecast_icc,,5700149248.0
MMI,ok,True,True,True,True,True,forecast_icc,,1198995968.0
MMLP,ok,True,True,True,False,True,forecast_icc,,91551768.0
MMM,ok,True,True,True,True,True,forecast_icc,,88616583168.0
MMS,ok,True,True,True,True,True,forecast_icc,,3024708096.0
MMSI,ok,True,True,True,True,True,forecast_icc,,5413346816.0
MMT,ok,True,True,False,True,True,trailing_eps_fallback_icc,,245483184.0
MMTX,failed,True,True,False,False,False,,missing_positive_eps,89737640.0
MMU,ok,True,True,False,True,True,trailing_eps_fallback_icc,,551650368.0
MMYT,ok,True,True,True,True,True,forecast_icc,,5479857664.0
MNDO,ok,True,True,False,True,True,trailing_eps_fallback_icc,,20185166.0
MNDR,failed,True,True,False,False,False,,missing_positive_eps,1875424.0
MNDY,ok,True,True,True,True,True,forecast_icc,,4275604480.0
MNKD,ok,True,True,True,False,True,forecast_icc,,1289393408.0
MNOV,failed,True,True,False,False,False,,missing_positive_eps,70632488.0
MNPR,failed,True,True,False,False,False,,missing_positive_eps,751293440.0
MNR,ok,True,True,True,True,True,forecast_icc,,2086851200.0
MNRO,ok,True,True,True,True,True,forecast_icc,,389336064.0
MNSB,ok,True,True,True,True,True,forecast_icc,,177599632.0
MNSBP,ok,True,False,False,True,True,trailing_eps_fallback_icc,,
MNSO,ok,True,True,True,True,True,forecast_icc,,2776055808.0
MNST,ok,True,True,True,True,True,forecast_icc,,89959653376.0
MNTK,ok,True,True,True,True,True,forecast_icc,,244826752.0
MNTN,ok,True,True,True,True,True,forecast_icc,,983661504.0
MNTS,failed,True,True,False,False,False,,missing_positive_eps,93344448.0
MNY,ok,True,True,True,False,True,forecast_icc,,38347572.0
MO,ok,True,True,True,True,True,forecast_icc,,114344067072.0
MOB,ok,True,True,True,False,True,forecast_icc,,71286800.0
MOBI,failed,True,True,False,False,False,,missing_positive_eps,371528640.0
MOBX,failed,True,True,False,False,False,,missing_positive_eps,22406840.0
MOD,ok,True,True,True,True,True,forecast_icc,,9476899840.0
MODD,failed,True,True,False,False,False,,missing_positive_eps,30647094.0
MOG-A,ok,True,True,True,True,True,forecast_icc,,11765838848.0
MOG-B,ok,True,True,False,True,True,trailing_eps_fallback_icc,,11876687872.0
MOGU,ok,True,True,True,False,True,forecast_icc,,15366445.0
MOH,ok,True,True,True,True,True,forecast_icc,,10375794688.0
MOLN,failed,True,True,False,False,False,,missing_positive_eps,172373568.0
MOMO,ok,True,True,True,True,True,forecast_icc,,818520640.0
MORN,ok,True,True,True,True,True,forecast_icc,,8213221376.0
MOS,ok,True,True,True,False,True,forecast_icc,,7667643392.0
MOV,ok,True,True,True,True,True,forecast_icc,,752592000.0
MOVE,failed,True,True,False,False,False,,missing_positive_eps,302737984.0
MP,ok,True,True,True,False,True,forecast_icc,,9751061504.0
MPA,ok,True,True,False,True,True,trailing_eps_fallback_icc,,142186928.0
MPAA,ok,True,True,True,False,True,forecast_icc,,220003872.0
MPB,ok,True,True,True,True,True,forecast_icc,,922455232.0
MPC,ok,True,True,True,True,True,forecast_icc,,108985786368.0
MPLT,failed,True,True,False,False,False,,missing_positive_eps,601520512.0
MPLX,ok,True,True,True,True,True,forecast_icc,,60041789440.0
MPT,ok,True,True,True,False,True,forecast_icc,,2370884096.0
MPTI,ok,True,True,True,True,True,forecast_icc,,331027616.0
MPU,failed,True,True,False,False,False,,missing_positive_eps,14295706.0
MPV,ok,True,True,True,True,True,forecast_icc,,183252736.0
MPWR,ok,True,True,True,True,True,forecast_icc,,62302023680.0
MQ,ok,True,True,True,True,True,forecast_icc,,1727417600.0
MQY,ok,True,True,False,True,True,trailing_eps_fallback_icc,,794479808.0
MRAM,ok,True,True,True,False,True,forecast_icc,,395687616.0
MRBK,ok,True,True,True,True,True,forecast_icc,,229872768.0
MRCO,failed,True,True,False,False,False,,missing_positive_eps,227010000.0
MRCY,ok,True,True,True,False,True,forecast_icc,,5251688448.0
MRDN,ok,True,True,True,False,True,forecast_icc,,176121648.0
MREO,failed,True,True,False,False,False,,missing_positive_eps,42605552.0
MRK,ok,True,True,True,True,True,forecast_icc,,364549275648.0
MRKR,failed,True,True,False,False,False,,missing_positive_eps,22175260.0
MRLN,failed,True,True,False,False,False,,missing_positive_eps,306235392.0
MRM,ok,True,True,False,True,True,trailing_eps_fallback_icc,,7427834.0
MRNA,failed,True,True,False,False,False,,missing_positive_eps,56028766208.0
MRNO,failed,True,True,False,False,False,,missing_positive_eps,17059830.0
MRP,ok,True,True,True,True,True,forecast_icc,,5051177984.0
MRSH,ok,True,True,True,True,True,forecast_icc,,90574700544.0
MRT,ok,True,True,True,False,True,forecast_icc,,196811280.0
MRTN,ok,True,True,True,True,True,forecast_icc,,1176515328.0
MRVI,failed,True,True,False,False,False,,missing_positive_eps,2829532672.0
MRVL,ok,True,True,True,True,True,forecast_icc,,190219829248.0
MRX,ok,True,True,True,True,True,forecast_icc,,5213550080.0
MS,ok,True,True,True,True,True,forecast_icc,,335033204736.0
MSA,ok,True,True,True,True,True,forecast_icc,,7205266944.0
MSAI,failed,True,True,False,False,False,,missing_positive_eps,11491426.0
MSB,ok,True,True,False,True,True,trailing_eps_fallback_icc,,320915424.0
MSBI,ok,True,True,True,True,True,forecast_icc,,680461760.0
MSC,failed,True,True,False,False,False,,missing_positive_eps,335103424.0
MSCI,ok,True,True,True,True,True,forecast_icc,,41485529088.0
MSD,ok,True,True,False,True,True,trailing_eps_fallback_icc,,147486064.0
MSDL,ok,True,True,True,True,True,forecast_icc,,1291013632.0
MSEX,ok,True,True,True,True,True,forecast_icc,,1092948864.0
MSFT,ok,True,True,True,True,True,forecast_icc,,3766905208832.0
MSGE,ok,True,True,True,True,True,forecast_icc,,3675143680.0
MSGM,ok,True,True,True,True,True,forecast_icc,,17804552.0
MSGS,ok,True,True,False,True,True,trailing_eps_fallback_icc,,9264275456.0
MSGY,failed,True,True,False,False,False,,missing_positive_eps,4027287.0
MSI,ok,True,True,True,True,True,forecast_icc,,80314138624.0
MSIF,ok,True,True,True,True,True,forecast_icc,,584500032.0
MSLE,failed,True,True,False,False,False,,missing_positive_eps,198161552.0
MSM,ok,True,True,True,True,True,forecast_icc,,6639007744.0
MSN,ok,True,True,True,False,True,forecast_icc,,9953174.0
MSS,ok,True,True,True,False,True,forecast_icc,,1340630.0
MSTR,ok,True,True,True,False,True,forecast_icc,,52814626816.0
MT,ok,True,True,True,True,True,forecast_icc,,56251510784.0
MTA,ok,True,True,True,False,True,forecast_icc,,974227008.0
MTAL,failed,True,True,False,False,False,,missing_positive_eps,391000032.0
MTAL-U,failed,False,False,False,False,False,,missing_price,
MTAL-W,failed,False,False,False,False,False,,missing_price,
MTB,ok,True,True,True,True,True,forecast_icc,,33905625088.0
MTC,ok,True,True,False,True,True,trailing_eps_fallback_icc,,412293504.0
MTCH,ok,True,True,True,True,True,forecast_icc,,9331248128.0
MTD,ok,True,True,True,True,True,forecast_icc,,28154171392.0
MTDR,ok,True,True,True,True,True,forecast_icc,,7178981888.0
MTEK,failed,True,True,False,False,False,,missing_positive_eps,11680816.0
MTEN,failed,True,True,False,False,False,,missing_positive_eps,7879360.0
MTEX,failed,True,True,False,False,False,,missing_positive_eps,13855030.0
MTG,ok,True,True,True,True,True,forecast_icc,,6287075840.0
MTH,ok,True,True,True,True,True,forecast_icc,,4525037056.0
MTLS,ok,True,True,True,True,True,forecast_icc,,417176416.0
MTN,ok,True,True,True,True,True,forecast_icc,,4878586368.0
MTNB,failed,True,True,False,False,False,,missing_positive_eps,2904765.0
MTNE,failed,True,True,False,False,False,,missing_positive_eps,292380000.0
MTNE-U,failed,False,False,False,False,False,,missing_price,
MTNE-W,failed,False,False,False,False,False,,missing_price,
MTR,ok,True,True,False,True,True,trailing_eps_fallback_icc,,4193077.0
MTRN,ok,True,True,True,True,True,forecast_icc,,4918425600.0
MTRX,ok,True,True,True,False,True,forecast_icc,,304126944.0
MTSI,ok,True,True,True,True,True,forecast_icc,,20148940800.0
MTUS,ok,True,True,True,True,True,forecast_icc,,812574848.0
MTVA,failed,True,True,False,False,False,,missing_positive_eps,11331534.0
MTW,ok,True,True,True,True,True,forecast_icc,,700323392.0
MTX,ok,True,True,True,False,True,forecast_icc,,2207651840.0
MTZ,ok,True,True,True,True,True,forecast_icc,,19255519232.0
MU,ok,True,True,True,True,True,forecast_icc,,1082783105024.0
MUA,ok,True,True,False,True,True,trailing_eps_fallback_icc,,666697856.0
MUC,ok,True,True,False,True,True,trailing_eps_fallback_icc,,994582208.0
MUFG,ok,True,True,True,True,True,forecast_icc,,256068648960.0
MUJ,ok,True,True,False,True,True,trailing_eps_fallback_icc,,643007808.0
MUR,ok,True,True,True,True,True,forecast_icc,,5221940224.0
MUSA,ok,True,True,True,True,True,forecast_icc,,9473047552.0
MUX,ok,True,True,True,True,True,forecast_icc,,1236988672.0
MUZE,failed,True,True,False,False,False,,missing_positive_eps,273202080.0
MVBF,ok,True,True,True,True,True,forecast_icc,,392526432.0
MVIS,failed,True,True,False,False,False,,missing_positive_eps,55365820.0
MVST,ok,True,True,True,False,True,forecast_icc,,276095776.0
MWA,ok,True,True,True,True,True,forecast_icc,,3768873728.0
MWC,ok,True,True,False,True,True,trailing_eps_fallback_icc,,86158160.0
MWG,failed,True,True,False,False,False,,missing_positive_eps,6221849.0
MWH,ok,True,True,True,True,True,forecast_icc,,5164909056.0
MWYN,failed,True,True,False,False,False,,missing_positive_eps,26253244.0
MX,failed,True,True,False,False,False,,missing_positive_eps,114276656.0
MXC,ok,True,True,False,True,True,trailing_eps_fallback_icc,,20766900.0
MXCT,failed,True,True,False,False,False,,missing_positive_eps,133136008.0
MXE,ok,True,True,False,True,True,trailing_eps_fallback_icc,,59226812.0
MXF,ok,True,True,False,True,True,trailing_eps_fallback_icc,,313348000.0
MXL,ok,True,True,True,False,True,forecast_icc,,5433428992.0
MYE,ok,True,True,True,True,True,forecast_icc,,1207163904.0
MYFW,ok,True,True,True,True,True,forecast_icc,,302426048.0
MYGN,failed,True,True,False,False,False,,missing_positive_eps,307991872.0
MYI,ok,True,True,False,True,True,trailing_eps_fallback_icc,,711864256.0
MYN,ok,True,True,False,True,True,trailing_eps_fallback_icc,,370488736.0
MYND,failed,True,True,False,False,False,,missing_positive_eps,18454148.0
MYO,failed,True,True,False,False,False,,missing_positive_eps,59015704.0
MYPS,ok,True,True,True,False,True,forecast_icc,,61826476.0
MYRG,ok,True,True,True,True,True,forecast_icc,,4537190912.0
MYSE,failed,True,True,False,False,False,,missing_positive_eps,14186254.0
MYSZ,failed,True,True,False,False,False,,missing_positive_eps,12141773.0
MYX,failed,True,True,False,False,False,,missing_positive_eps,145014800.0
MZTI,ok,True,True,True,True,True,forecast_icc,,3074331136.0
MZYX,failed,True,True,False,False,False,,missing_positive_eps,373875008.0
MZYX-U,failed,False,False,False,False,False,,missing_price,
MZYX-W,failed,False,False,False,False,False,,missing_price,
NAAS,ok,True,True,True,False,True,forecast_icc,,55429928.0
NABL,ok,True,True,True,False,True,forecast_icc,,751843968.0
NAD,ok,True,True,False,True,True,trailing_eps_fallback_icc,,2744077824.0
NAGE,ok,True,True,True,True,True,forecast_icc,,249286752.0
NAII,failed,True,True,False,False,False,,missing_positive_eps,13240733.0
NAK,failed,True,True,False,False,False,,missing_positive_eps,944364352.0
NAKA,failed,True,True,False,False,False,,missing_positive_eps,134033128.0
NAMI,failed,True,True,False,False,False,,missing_positive_eps,7590854.0
NAMM,ok,True,True,True,True,True,forecast_icc,,77076320.0
NAMS,failed,True,True,False,False,False,,missing_positive_eps,3029071872.0
NAT,ok,True,True,True,True,True,forecast_icc,,1446257024.0
NATH,ok,True,True,False,True,True,trailing_eps_fallback_icc,,400678464.0
NATL,ok,True,True,True,True,True,forecast_icc,,3393347072.0
NATR,ok,True,True,True,True,True,forecast_icc,,248976608.0
NAUT,failed,True,True,False,False,False,,missing_positive_eps,123571480.0
NAVI,ok,True,True,True,False,True,forecast_icc,,891884160.0
NAVN,ok,True,True,True,False,True,forecast_icc,,7390866432.0
NAZ,ok,True,True,False,True,True,trailing_eps_fallback_icc,,157924128.0
NB,failed,True,True,False,False,False,,missing_positive_eps,610009728.0
NBB,ok,True,True,False,True,True,trailing_eps_fallback_icc,,452385248.0
NBBK,ok,True,True,True,True,True,forecast_icc,,978466816.0
NBH,ok,True,True,False,True,True,trailing_eps_fallback_icc,,300327136.0
NBHC,ok,True,True,True,True,True,forecast_icc,,1839037952.0
NBIS,failed,True,True,False,False,False,,missing_positive_eps,52384276480.0
NBIX,ok,True,True,True,True,True,forecast_icc,,15657023488.0
NBN,ok,True,True,True,True,True,forecast_icc,,1079258624.0
NBP,failed,True,True,False,False,False,,missing_positive_eps,210480288.0
NBR,ok,True,True,True,True,True,forecast_icc,,1422539776.0
NBRG,ok,True,True,False,True,True,trailing_eps_fallback_icc,,75839816.0
NBTB,ok,True,True,True,True,True,forecast_icc,,2671786240.0
NBTX,failed,True,True,False,False,False,,missing_positive_eps,2064972928.0
NBXG,ok,True,True,False,True,True,trailing_eps_fallback_icc,,1203475584.0
NC,ok,True,True,False,True,True,trailing_eps_fallback_icc,,322923072.0
NCDL,ok,True,True,True,True,True,forecast_icc,,617832192.0
NCEL,failed,True,True,False,False,False,,missing_positive_eps,18916820.0
NCEW,failed,True,True,False,False,False,,missing_positive_eps,58208000.0
NCI,ok,True,True,False,True,True,trailing_eps_fallback_icc,,32731088.0
NCLH,ok,True,True,True,True,True,forecast_icc,,7411291648.0
NCMI,ok,True,True,True,False,True,forecast_icc,,237057504.0
NCNA,ok,True,True,False,True,True,trailing_eps_fallback_icc,,6118097.0
NCNO,ok,True,True,True,True,True,forecast_icc,,2389637632.0
NCO,failed,True,True,False,False,False,,missing_positive_eps,145967360.0
NCPL,failed,True,True,False,False,False,,missing_positive_eps,5615956.0
NCRA,failed,True,True,False,False,False,,missing_positive_eps,4415722.0
NCSM,ok,True,True,True,True,True,forecast_icc,,140018304.0
NCT,failed,True,True,False,False,False,,missing_positive_eps,50247000.0
NCTY,failed,True,True,False,False,False,,missing_positive_eps,67659936.0
NCV,ok,True,True,False,True,True,trailing_eps_fallback_icc,,377535552.0
NCZ,ok,True,True,False,True,True,trailing_eps_fallback_icc,,293235968.0
NDAQ,ok,True,True,True,True,True,forecast_icc,,55120756736.0
NDLS,ok,True,True,True,False,True,forecast_icc,,85681232.0
NDMO,ok,True,True,False,True,True,trailing_eps_fallback_icc,,601213056.0
NDRA,failed,True,True,False,False,False,,missing_positive_eps,7506689.0
NDSN,ok,True,True,True,True,True,forecast_icc,,17925578752.0
NE,ok,True,True,True,True,True,forecast_icc,,7316403200.0
NEA,ok,True,True,False,True,True,trailing_eps_fallback_icc,,3398934528.0
NECB,ok,True,True,True,True,True,forecast_icc,,362735648.0
NEE,ok,True,True,True,True,True,forecast_icc,,171728732160.0
NEGG,ok,True,True,False,True,True,trailing_eps_fallback_icc,,341456736.0
NEM,ok,True,True,True,True,True,forecast_icc,,132828446720.0
NEN,failed,True,True,False,False,False,,missing_positive_eps,192307856.0
NEO,ok,True,True,True,False,True,forecast_icc,,2332092928.0
NEOG,ok,True,True,True,False,True,forecast_icc,,2521305344.0
NEON,ok,True,True,False,True,True,trailing_eps_fallback_icc,,14854566.0
NEOV,failed,True,True,False,False,False,,missing_positive_eps,249580160.0
NEPH,ok,True,True,True,True,True,forecast_icc,,46481316.0
NERV,failed,True,True,False,False,False,,missing_positive_eps,217728864.0
NESR,ok,True,True,True,True,True,forecast_icc,,3540904960.0
NET,ok,True,True,True,False,True,forecast_icc,,108643475456.0
NEU,ok,True,True,True,True,True,forecast_icc,,8255613952.0
NEUP,failed,True,True,False,False,False,,missing_positive_eps,20321112.0
NEWP,failed,True,True,False,False,False,,missing_positive_eps,1254773632.0
NEXA,ok,True,True,True,True,True,forecast_icc,,1802489472.0
NEXM,failed,True,True,False,False,False,,missing_positive_eps,89833376.0
NEXN,ok,True,True,True,True,True,forecast_icc,,555276480.0
NEXR,failed,True,True,False,False,False,,missing_positive_eps,1036883.0
NEXT,ok,True,True,True,False,True,forecast_icc,,2007038208.0
NFE,ok,True,True,True,False,True,forecast_icc,,82834048.0
NFG,ok,True,True,True,True,True,forecast_icc,,7894445568.0
NFGC,failed,True,True,False,False,False,,missing_positive_eps,726435712.0
NFJ,ok,True,True,False,True,True,trailing_eps_fallback_icc,,1465164416.0
NFLX,ok,True,True,True,True,True,forecast_icc,,337487331328.0
NG,failed,True,True,False,False,False,,missing_positive_eps,3773513472.0
NGEN,failed,True,True,False,False,False,,missing_positive_eps,237625024.0
NGG,ok,True,True,True,True,True,forecast_icc,,79584305152.0
NGL,ok,True,True,True,False,True,forecast_icc,,2348756992.0
NGNE,failed,True,True,False,False,False,,missing_positive_eps,725212544.0
NGS,ok,True,True,True,True,True,forecast_icc,,454019648.0
NGVC,ok,True,True,True,True,True,forecast_icc,,630764992.0
NGVT,ok,True,True,True,True,True,forecast_icc,,2382046208.0
NHC,ok,True,True,True,True,True,forecast_icc,,3391161856.0
NHI,ok,True,True,True,True,True,forecast_icc,,3492242944.0
NHIC,failed,True,True,False,False,False,,missing_positive_eps,292419168.0
NHIV,failed,True,True,False,False,False,,missing_positive_eps,278042784.0
NHP,ok,True,True,True,False,True,forecast_icc,,1170852352.0
NHS,ok,True,True,False,True,True,trailing_eps_fallback_icc,,249041952.0
NHTC,failed,True,True,False,False,False,,missing_positive_eps,13981894.0
NI,ok,True,True,True,True,True,forecast_icc,,19623598080.0
NIC,ok,True,True,True,True,True,forecast_icc,,3548944896.0
NICE,ok,True,True,True,True,True,forecast_icc,,6380805632.0
NICM,failed,True,True,False,False,False,,missing_positive_eps,124708968.0
NIE,ok,True,True,False,True,True,trailing_eps_fallback_icc,,719047616.0
NIKI,failed,True,True,False,False,False,,missing_positive_eps,5586612.0
NIM,ok,True,True,False,True,True,trailing_eps_fallback_icc,,116375688.0
NINE,ok,True,True,True,False,True,forecast_icc,,148427904.0
NIO,ok,True,True,True,False,True,forecast_icc,,10598971392.0
NIPG,failed,True,True,False,False,False,,missing_positive_eps,107317800.0
NIQ,ok,True,True,True,False,True,forecast_icc,,5621858816.0
NIU,failed,True,True,False,False,False,,missing_positive_eps,158440896.0
NIVF,ok,True,True,True,True,True,forecast_icc,,2880686.0
NIXX,failed,True,True,False,False,False,,missing_positive_eps,18195224.0
NJR,ok,True,True,True,True,True,forecast_icc,,5383156736.0
NKE,ok,True,True,True,True,True,forecast_icc,,57945464832.0
NKLR,ok,True,True,False,True,True,trailing_eps_fallback_icc,,595599872.0
NKSH,ok,True,True,True,True,True,forecast_icc,,262378496.0
NKTR,failed,True,True,False,False,False,,missing_positive_eps,2437126656.0
NKTX,failed,True,True,False,False,False,,missing_positive_eps,194103184.0
NL,ok,True,True,True,False,True,forecast_icc,,326154560.0
NLOP,failed,True,True,False,False,False,,missing_positive_eps,169176736.0
NLY,ok,True,True,True,True,True,forecast_icc,,17275133952.0
NMAD,failed,True,True,False,False,False,,missing_positive_eps,75697328.0
NMAI,ok,True,True,False,True,True,trailing_eps_fallback_icc,,491356992.0
NMAX,ok,True,True,True,True,True,forecast_icc,,1389768576.0
NMCO,ok,True,True,False,True,True,trailing_eps_fallback_icc,,559896832.0
NMFC,ok,True,True,True,False,True,forecast_icc,,720671744.0
NMG,failed,True,True,False,False,False,,missing_positive_eps,483860544.0
NMI,ok,True,True,False,True,True,trailing_eps_fallback_icc,,126217816.0
NMIH,ok,True,True,True,True,True,forecast_icc,,3335911424.0
NML,ok,True,True,False,True,True,trailing_eps_fallback_icc,,609083456.0
NMM,ok,True,True,True,True,True,forecast_icc,,2510746624.0
NMP,ok,True,True,False,True,True,trailing_eps_fallback_icc,,165138432.0
NMR,ok,True,True,True,True,True,forecast_icc,,29751998464.0
NMRA,failed,True,True,False,False,False,,missing_positive_eps,249901568.0
NMRK,ok,True,True,True,True,True,forecast_icc,,3727328256.0
NMT,ok,True,True,False,True,True,trailing_eps_fallback_icc,,129083928.0
NMTC,failed,True,True,False,False,False,,missing_positive_eps,15479798.0
NMZ,ok,True,True,False,True,True,trailing_eps_fallback_icc,,2153677056.0
NN,failed,True,True,False,False,False,,missing_positive_eps,2679013120.0
NNBR,ok,True,True,True,False,True,forecast_icc,,283252384.0
NNDM,ok,True,True,True,False,True,forecast_icc,,331017248.0
NNE,failed,True,True,False,False,False,,missing_positive_eps,982139072.0
NNI,ok,True,True,True,True,True,forecast_icc,,4482090496.0
NNN,ok,True,True,True,True,True,forecast_icc,,8675299328.0
NNNN,ok,True,True,False,True,True,trailing_eps_fallback_icc,,320405760.0
NNOX,failed,True,True,False,False,False,,missing_positive_eps,63452468.0
NNVC,failed,True,True,False,False,False,,missing_positive_eps,31909190.0
NNY,ok,True,True,False,True,True,trailing_eps_fallback_icc,,154110176.0
NOA,ok,True,True,True,True,True,forecast_icc,,360377056.0
NOAH,ok,True,True,True,True,True,forecast_icc,,588294144.0
NOC,ok,True,True,True,True,True,forecast_icc,,76671418368.0
NODK,ok,True,True,False,True,True,trailing_eps_fallback_icc,,306070848.0
NOEM,ok,True,True,False,True,True,trailing_eps_fallback_icc,,39506024.0
NOG,ok,True,True,True,False,True,forecast_icc,,2771342848.0
NOK,ok,True,True,True,True,True,forecast_icc,,56770260992.0
NOMA,failed,True,True,False,False,False,,missing_positive_eps,32095410.0
NOMD,ok,True,True,True,True,True,forecast_icc,,1627169280.0
NOV,ok,True,True,True,True,True,forecast_icc,,7589419520.0
NOVT,ok,True,True,True,True,True,forecast_icc,,5529714176.0
NOW,ok,True,True,True,True,True,forecast_icc,,153001246720.0
NP,ok,True,True,True,True,True,forecast_icc,,4571234304.0
NPAC,ok,True,True,False,True,True,trailing_eps_fallback_icc,,401184096.0
NPB,ok,True,True,True,True,True,forecast_icc,,587545472.0
NPCE,failed,True,True,False,False,False,,missing_positive_eps,502850560.0
NPCT,ok,True,True,False,True,True,trailing_eps_fallback_icc,,278348416.0
NPFD,ok,True,True,False,True,True,trailing_eps_fallback_icc,,454527456.0
NPK,ok,True,True,True,True,True,forecast_icc,,1082612736.0
NPKI,ok,True,True,True,True,True,forecast_icc,,1127603456.0
NPO,ok,True,True,True,True,True,forecast_icc,,6270290432.0
NPT,failed,True,True,False,False,False,,missing_positive_eps,77203800.0
NPV,ok,True,True,False,True,True,trailing_eps_fallback_icc,,204821680.0
NPWR,failed,True,True,False,False,False,,missing_positive_eps,157495600.0
NPWR-W,failed,False,False,False,False,False,,missing_price,
NRC,ok,True,True,True,True,True,forecast_icc,,463597280.0
NRDS,ok,True,True,True,True,True,forecast_icc,,631560960.0
NRDY,failed,True,True,False,False,False,,missing_positive_eps,723026496.0
NREF,ok,True,True,True,True,True,forecast_icc,,396878176.0
NRG,ok,True,True,True,True,True,forecast_icc,,23148378112.0
NRGV,failed,True,True,False,False,False,,missing_positive_eps,618254528.0
NRIM,ok,True,True,True,True,True,forecast_icc,,568798656.0
NRIX,ok,True,True,True,False,True,forecast_icc,,2675491840.0
NRO,ok,True,True,False,True,True,trailing_eps_fallback_icc,,184382944.0
NRP,ok,True,True,True,True,True,forecast_icc,,1491598848.0
NRSN,failed,True,True,False,False,False,,missing_positive_eps,16114793.0
NRT,ok,True,True,False,True,True,trailing_eps_fallback_icc,,83726272.0
NRXP,ok,True,True,True,False,True,forecast_icc,,150669280.0
NRXS,failed,True,True,False,False,False,,missing_positive_eps,75472168.0
NSC,ok,True,True,True,True,True,forecast_icc,,76993503232.0
NSIT,ok,True,True,True,True,True,forecast_icc,,4608356352.0
NSP,ok,True,True,True,False,True,forecast_icc,,2037717760.0
NSPR,failed,True,True,False,False,False,,missing_positive_eps,41724144.0
NSRX,failed,True,True,False,False,False,,missing_positive_eps,47826944.0
NSSC,ok,True,True,True,True,True,forecast_icc,,1296248192.0
NSTS,failed,True,True,False,False,False,,missing_positive_eps,68799600.0
NSYS,ok,True,True,False,True,True,trailing_eps_fallback_icc,,33075148.0
NTAP,ok,True,True,True,True,True,forecast_icc,,36302000128.0
NTB,ok,True,True,True,True,True,forecast_icc,,2315555328.0
NTCL,failed,True,True,False,False,False,,missing_positive_eps,2993807.0
NTCT,ok,True,True,True,True,True,forecast_icc,,2823225088.0
NTES,ok,True,True,True,True,True,forecast_icc,,77969661952.0
NTGR,ok,True,True,True,False,True,forecast_icc,,575108032.0
NTHI,failed,True,True,False,False,False,,missing_positive_eps,128125640.0
NTIC,ok,True,True,True,False,True,forecast_icc,,76030928.0
NTIP,failed,True,True,False,False,False,,missing_positive_eps,35440116.0
NTLA,failed,True,True,False,False,False,,missing_positive_eps,1783812736.0
NTNX,ok,True,True,True,True,True,forecast_icc,,18535876608.0
NTR,ok,True,True,True,True,True,forecast_icc,,36043677696.0
NTRA,failed,True,True,False,False,False,,missing_positive_eps,46408658944.0
NTRB,failed,True,True,False,False,False,,missing_positive_eps,53085180.0
NTRP,failed,True,True,False,False,False,,missing_positive_eps,21573124.0
NTRS,ok,True,True,True,True,True,forecast_icc,,33949249536.0
NTSK,ok,True,True,True,False,True,forecast_icc,,6184071168.0
NTST,ok,True,True,True,True,True,forecast_icc,,1988617344.0
NTWK,ok,True,True,True,True,True,forecast_icc,,48099480.0
NTWO,ok,True,True,False,True,True,trailing_eps_fallback_icc,,263592000.0
NU,ok,True,True,True,True,True,forecast_icc,,70286524416.0
NUAI,failed,True,True,False,False,False,,missing_positive_eps,505624032.0
NUCL,failed,True,True,False,False,False,,missing_positive_eps,206762784.0
NUE,ok,True,True,True,True,True,forecast_icc,,56637243392.0
NUR,failed,True,True,False,False,False,,missing_positive_eps,26389400.0
NUS,ok,True,True,True,False,True,forecast_icc,,228293408.0
NUTR,failed,True,True,False,False,False,,missing_positive_eps,174412512.0
NUTX,ok,True,True,True,True,True,forecast_icc,,1292623360.0
NUV,ok,True,True,False,True,True,trailing_eps_fallback_icc,,1890486272.0
NUVB,failed,True,True,False,False,False,,missing_positive_eps,2338480640.0
NUWE,ok,True,True,False,True,True,trailing_eps_fallback_icc,,2516293.0
NVA,failed,True,True,False,False,False,,missing_positive_eps,197777824.0
NVA-W,failed,False,False,False,False,False,,missing_price,
NVAX,failed,True,True,False,False,False,,missing_positive_eps,1545541504.0
NVCR,failed,True,True,False,False,False,,missing_positive_eps,2055268992.0
NVCT,failed,True,True,False,False,False,,missing_positive_eps,741999616.0
NVDA,ok,True,True,True,True,True,forecast_icc,,5331174293504.0
NVEC,ok,True,True,True,True,True,forecast_icc,,484297184.0
NVGS,ok,True,True,True,True,True,forecast_icc,,1359613056.0
NVMI,ok,True,True,True,True,True,forecast_icc,,11082856448.0
NVNI,failed,True,True,False,False,False,,missing_positive_eps,9814376.0
NVNO,failed,True,True,False,False,False,,missing_positive_eps,7969654.0
NVO,ok,True,True,True,True,True,forecast_icc,,200405286912.0
NVR,ok,True,True,True,True,True,forecast_icc,,16829203456.0
NVRI,failed,True,True,False,False,False,,missing_positive_eps,628075904.0
NVS,ok,True,True,True,True,True,forecast_icc,,289022705664.0
NVST,ok,True,True,True,True,True,forecast_icc,,4359164416.0
NVT,ok,True,True,True,True,True,forecast_icc,,24400082944.0
NVTS,failed,True,True,False,False,False,,missing_positive_eps,3026073600.0
NVX,failed,True,True,False,False,False,,missing_positive_eps,76829416.0
NWAX,failed,True,True,False,False,False,,missing_positive_eps,506715008.0
NWAX-U,failed,False,False,False,False,False,,missing_price,
NWAX-W,failed,False,False,False,False,False,,missing_price,
NWBI,ok,True,True,True,True,True,forecast_icc,,2239360000.0
NWE,ok,True,True,True,True,True,forecast_icc,,4254574592.0
NWFL,ok,True,True,True,True,True,forecast_icc,,372414848.0
NWG,ok,True,True,True,True,True,forecast_icc,,72280039424.0
NWGL,failed,True,True,False,False,False,,missing_positive_eps,14071845.0
NWL,ok,True,True,True,False,True,forecast_icc,,2661874944.0
NWN,ok,True,True,True,True,True,forecast_icc,,2065529856.0
NWPX,ok,True,True,True,True,True,forecast_icc,,1059321216.0
NWSA,ok,True,True,True,True,True,forecast_icc,,16496181248.0
NWTG,failed,True,True,False,False,False,,missing_positive_eps,6398285.0
NX,ok,True,True,True,False,True,forecast_icc,,882735424.0
NXB,ok,True,True,True,False,True,forecast_icc,,55062944.0
NXDR,failed,True,True,False,False,False,,missing_positive_eps,858122368.0
NXDT,failed,True,True,False,False,False,,missing_positive_eps,281992992.0
NXE,failed,True,True,False,False,False,,missing_positive_eps,6930191872.0
NXG,ok,True,True,False,True,True,trailing_eps_fallback_icc,,410454720.0
NXGL,failed,True,True,False,False,False,,missing_positive_eps,3497461.0
NXH,failed,True,True,False,False,False,,missing_positive_eps,375305888.0
NXL,failed,True,True,False,False,False,,missing_positive_eps,6185366.0
NXP,ok,True,True,False,True,True,trailing_eps_fallback_icc,,896083456.0
NXPI,ok,True,True,True,True,True,forecast_icc,,56646160384.0
NXPL,ok,True,True,True,False,True,forecast_icc,,26263990.0
NXRT,failed,True,True,False,False,False,,missing_positive_eps,1223526016.0
NXST,ok,True,True,True,True,True,forecast_icc,,5611116032.0
NXT,ok,True,True,True,True,True,forecast_icc,,12602953728.0
NXTC,failed,True,True,False,False,False,,missing_positive_eps,29249324.0
NXTS,ok,True,True,False,True,True,trailing_eps_fallback_icc,,2615999.0
NXTT,failed,True,True,False,False,False,,missing_positive_eps,8543180.0
NXXT,failed,True,True,False,False,False,,missing_positive_eps,38691000.0
NYAX,ok,True,True,True,True,True,forecast_icc,,1945906048.0
NYC,ok,True,True,True,True,True,forecast_icc,,20183972.0
NYT,ok,True,True,True,True,True,forecast_icc,,10849546240.0
NYXH,failed,True,True,False,False,False,,missing_positive_eps,158870736.0
O,ok,True,True,True,True,True,forecast_icc,,57984241664.0
OABI,failed,True,True,False,False,False,,missing_positive_eps,636809984.0
OACC,ok,True,True,False,True,True,trailing_eps_fallback_icc,,264513056.0
OBA,ok,True,True,False,True,True,trailing_eps_fallback_icc,,325737504.0
OBAI,failed,True,True,False,False,False,,missing_positive_eps,10323571.0
OBDC,ok,True,True,True,True,True,forecast_icc,,5685933568.0
OBE,ok,True,True,True,True,True,forecast_icc,,764007744.0
OBIO,failed,True,True,False,False,False,,missing_positive_eps,302929440.0
OBK,ok,True,True,True,True,True,forecast_icc,,1639043456.0
OBT,ok,True,True,True,True,True,forecast_icc,,508832192.0
OBX,failed,True,True,False,False,False,,missing_positive_eps,1081643136.0
OC,ok,True,True,True,False,True,forecast_icc,,10920574976.0
OCAC,failed,True,True,False,False,False,,missing_positive_eps,156063728.0
OCAC-R,failed,False,False,False,False,False,,missing_price,
OCAC-U,failed,False,False,False,False,False,,missing_price,
OCAC-W,failed,False,False,False,False,False,,missing_price,
OCC,ok,True,True,False,True,True,trailing_eps_fallback_icc,,118520048.0
OCFC,ok,True,True,True,True,True,forecast_icc,,1820795904.0
OCG,failed,True,True,False,False,False,,missing_positive_eps,2985000.0
OCGN,failed,True,True,False,False,False,,missing_positive_eps,451016832.0
OCS,failed,True,True,False,False,False,,missing_positive_eps,680217536.0
OCTV,ok,True,True,True,True,True,forecast_icc,,5368755712.0
OCUL,failed,True,True,False,False,False,,missing_positive_eps,2303770368.0
ODC,ok,True,True,False,True,True,trailing_eps_fallback_icc,,1302911104.0
ODD,ok,True,True,True,True,True,forecast_icc,,664193536.0
ODFL,ok,True,True,True,True,True,forecast_icc,,41463033856.0
ODTX,failed,True,True,False,False,False,,missing_positive_eps,1178395136.0
ODYS,failed,True,True,False,False,False,,missing_positive_eps,61681340.0
OEC,ok,True,True,True,False,True,forecast_icc,,352701632.0
OESX,ok,True,True,True,False,True,forecast_icc,,93992240.0
OFAL,failed,True,True,False,False,False,,missing_positive_eps,1967768.0
OFG,ok,True,True,True,True,True,forecast_icc,,2199919104.0
OFIX,ok,True,True,True,False,True,forecast_icc,,382479200.0
OFLX,ok,True,True,False,True,True,trailing_eps_fallback_icc,,268912736.0
OFRM,ok,True,True,True,False,True,forecast_icc,,727278080.0
OGC,ok,True,True,False,True,True,trailing_eps_fallback_icc,,6539957248.0
OGE,ok,True,True,True,True,True,forecast_icc,,9416860672.0
OGEN,ok,True,True,False,True,True,trailing_eps_fallback_icc,,2300195.0
OGG,failed,True,True,False,False,False,,missing_positive_eps,914455104.0
OGI,ok,True,True,True,True,True,forecast_icc,,170617872.0
OGN,ok,True,True,True,True,True,forecast_icc,,3613506048.0
OGS,ok,True,True,True,True,True,forecast_icc,,4982616576.0
OHAC,failed,True,True,False,False,False,,missing_positive_eps,249630784.0
OHI,ok,True,True,True,True,True,forecast_icc,,14419871744.0
OI,ok,True,True,True,False,True,forecast_icc,,1117106304.0
OIA,ok,True,True,False,True,True,trailing_eps_fallback_icc,,290946240.0
OII,ok,True,True,True,True,True,forecast_icc,,5151654400.0
OIM,failed,True,True,False,False,False,,missing_positive_eps,365530816.0
OIO,failed,True,True,False,False,False,,missing_positive_eps,643840896.0
OIS,ok,True,True,True,False,True,forecast_icc,,532045504.0
OKE,ok,True,True,True,True,True,forecast_icc,,60489453568.0
OKLO,failed,True,True,False,False,False,,missing_positive_eps,7546736128.0
OKTA,ok,True,True,True,True,True,forecast_icc,,30251012096.0
OKUR,failed,True,True,False,False,False,,missing_positive_eps,146635600.0
OKYO,failed,True,True,False,False,False,,missing_positive_eps,79768880.0
OLB,ok,True,True,False,True,True,trailing_eps_fallback_icc,,7110012.0
OLED,ok,True,True,True,True,True,forecast_icc,,3823061760.0
OLLI,ok,True,True,True,True,True,forecast_icc,,4559387136.0
OLMA,failed,True,True,False,False,False,,missing_positive_eps,912600064.0
OLN,ok,True,True,True,False,True,forecast_icc,,1983295232.0
OLOX,ok,True,True,False,True,True,trailing_eps_fallback_icc,,1647067.0
OLP,ok,True,True,True,True,True,forecast_icc,,524077856.0
OM,failed,True,True,False,False,False,,missing_positive_eps,71805168.0
OMAB,ok,True,True,True,True,True,forecast_icc,,4793328128.0
OMC,ok,True,True,True,True,True,forecast_icc,,24946593792.0
OMCL,ok,True,True,True,True,True,forecast_icc,,1603819264.0
OMDA,ok,True,True,True,True,True,forecast_icc,,1502870016.0
OMER,ok,True,True,True,True,True,forecast_icc,,1360176640.0
OMEX,failed,True,True,False,False,False,,missing_positive_eps,50121872.0
OMF,ok,True,True,True,True,True,forecast_icc,,7185490432.0
OMH,failed,True,True,False,False,False,,missing_positive_eps,5471349.0
OMSE,ok,True,True,True,True,True,forecast_icc,,204602768.0
ON,ok,True,True,True,True,True,forecast_icc,,28844615680.0
ONB,ok,True,True,True,True,True,forecast_icc,,9786140672.0
ONC,ok,True,True,True,True,True,forecast_icc,,40676466688.0
ONCH,ok,True,True,False,True,True,trailing_eps_fallback_icc,,222740624.0
ONCO,ok,True,True,False,True,True,trailing_eps_fallback_icc,,2475300.0
ONCY,failed,True,True,False,False,False,,missing_positive_eps,106879304.0
ONDS,failed,True,True,False,False,False,,missing_positive_eps,4367578112.0
ONEG,failed,True,True,False,False,False,,missing_positive_eps,16480000.0
ONEW,ok,True,True,True,False,True,forecast_icc,,199820768.0
ONFO,failed,True,True,False,False,False,,missing_positive_eps,1122000.0
ONIT,ok,True,True,True,True,True,forecast_icc,,286058784.0
ONL,ok,True,True,True,False,True,forecast_icc,,162577424.0
ONMD,failed,True,True,False,False,False,,missing_positive_eps,34919716.0
ONON,ok,True,True,True,True,True,forecast_icc,,9525118976.0
ONT,ok,True,True,True,False,True,forecast_icc,,587163328.0
ONTO,ok,True,True,True,True,True,forecast_icc,,16332792832.0
OOMA,ok,True,True,True,True,True,forecast_icc,,622030016.0
OPAD,failed,True,True,False,False,False,,missing_positive_eps,21288260.0
OPAL,ok,True,True,True,False,True,forecast_icc,,347765600.0
OPBK,ok,True,True,True,True,True,forecast_icc,,224138560.0
OPCH,ok,True,True,True,True,True,forecast_icc,,3512464128.0
OPEN,failed,True,True,False,False,False,,missing_positive_eps,3087157248.0
OPENL,failed,True,False,False,False,False,,missing_positive_eps,
OPENW,failed,True,False,False,False,False,,missing_positive_eps,
OPENZ,failed,True,False,False,False,False,,missing_positive_eps,
OPFI,ok,True,True,True,True,True,forecast_icc,,590493120.0
OPHC,ok,True,True,True,True,True,forecast_icc,,113602232.0
OPI,failed,True,True,False,False,False,,missing_positive_eps,387919680.0
OPK,failed,True,True,False,False,False,,missing_positive_eps,1097102592.0
OPLN,ok,True,True,True,False,True,forecast_icc,,4345687040.0
OPP,ok,True,True,False,True,True,trailing_eps_fallback_icc,,186676272.0
OPRA,ok,True,True,True,True,True,forecast_icc,,1709881216.0
OPRT,ok,True,True,True,True,True,forecast_icc,,338006304.0
OPRX,ok,True,True,True,True,True,forecast_icc,,150310896.0
OPTH,failed,True,True,False,False,False,,missing_positive_eps,28114006.0
OPTT,failed,True,True,False,False,False,,missing_positive_eps,46788040.0
OPTU,failed,True,True,False,False,False,,missing_positive_eps,370980320.0
OPTX,failed,True,True,False,False,False,,missing_positive_eps,329892192.0
OPXS,ok,True,True,True,True,True,forecast_icc,,68485152.0
OPY,ok,True,True,True,True,True,forecast_icc,,1272003968.0
OR,ok,True,True,True,True,True,forecast_icc,,6922742784.0
ORA,ok,True,True,True,True,True,forecast_icc,,6272688128.0
ORBS,failed,True,True,False,False,False,,missing_positive_eps,297061664.0
ORC,ok,True,True,True,True,True,forecast_icc,,1310140160.0
ORCL,ok,True,True,True,True,True,forecast_icc,,429535821824.0
ORGO,failed,True,True,False,False,False,,missing_positive_eps,221320224.0
ORI,ok,True,True,True,True,True,forecast_icc,,10074995712.0
ORIC,failed,True,True,False,False,False,,missing_positive_eps,1346448000.0
ORIO,ok,True,True,True,False,True,forecast_icc,,23826396.0
ORIQ,ok,True,True,False,True,True,trailing_eps_fallback_icc,,89613752.0
ORKA,failed,True,True,False,False,False,,missing_positive_eps,6132342784.0
ORKT,failed,True,True,False,False,False,,missing_positive_eps,5664577.0
ORLY,ok,True,True,True,True,True,forecast_icc,,71835721728.0
ORMP,ok,True,True,True,True,True,forecast_icc,,205448928.0
ORN,ok,True,True,True,True,True,forecast_icc,,380655680.0
ORRF,ok,True,True,True,True,True,forecast_icc,,820223424.0
OSBC,ok,True,True,True,True,True,forecast_icc,,1275963008.0
OSCR,ok,True,True,True,True,True,forecast_icc,,9247003648.0
OSG,ok,True,True,True,False,True,forecast_icc,,196424496.0
OSIS,ok,True,True,True,True,True,forecast_icc,,3314494720.0
OSK,ok,True,True,True,True,True,forecast_icc,,9608960000.0
OSPN,ok,True,True,True,True,True,forecast_icc,,612443456.0
OSPR,failed,True,True,False,False,False,,missing_positive_eps,403597440.0
OSRH,failed,True,True,False,False,False,,missing_positive_eps,9657641.0
OSS,ok,True,True,True,False,True,forecast_icc,,259876160.0
OST,failed,True,True,False,False,False,,missing_positive_eps,10108845.0
OSTX,ok,True,True,True,False,True,forecast_icc,,78535640.0
OSUR,failed,True,True,False,False,False,,missing_positive_eps,247597360.0
OSW,ok,True,True,True,True,True,forecast_icc,,2520212992.0
OTAI,failed,True,False,False,False,False,,missing_positive_eps,
OTAI-R,failed,False,False,False,False,False,,missing_price,
OTAI-U,failed,False,False,False,False,False,,missing_price,
OTEX,ok,True,True,True,True,True,forecast_icc,,6036219392.0
OTF,ok,True,True,True,True,True,forecast_icc,,5351605248.0
OTGA,failed,True,True,False,False,False,,missing_positive_eps,360510496.0
OTIS,ok,True,True,True,True,True,forecast_icc,,27077009408.0
OTLK,failed,True,True,False,False,False,,missing_positive_eps,153708800.0
OTLY,failed,True,True,False,False,False,,missing_positive_eps,451201248.0
OTTR,ok,True,True,True,True,True,forecast_icc,,3798435584.0
OUST,failed,True,True,False,False,False,,missing_positive_eps,2483548672.0
OUT,ok,True,True,True,True,True,forecast_icc,,5174853632.0
OVBC,ok,True,True,False,True,True,trailing_eps_fallback_icc,,215434112.0
OVID,failed,True,True,False,False,False,,missing_positive_eps,521445280.0
OVLY,ok,True,True,False,True,True,trailing_eps_fallback_icc,,282582848.0
OVV,ok,True,True,True,True,True,forecast_icc,,18158790656.0
OWL,ok,True,True,True,True,True,forecast_icc,,19181993984.0
OWLS,failed,True,True,False,False,False,,missing_positive_eps,474350400.0
OWLT,ok,True,True,True,False,True,forecast_icc,,145523952.0
OXBR,ok,True,True,False,True,True,trailing_eps_fallback_icc,,10661535.0
OXM,ok,True,True,True,False,True,forecast_icc,,571705408.0
OXY,ok,True,True,True,True,True,forecast_icc,,60158177280.0
OYSE,ok,True,True,False,True,True,trailing_eps_fallback_icc,,351690784.0
OZ,failed,True,True,False,False,False,,missing_positive_eps,195274048.0
OZK,ok,True,True,True,True,True,forecast_icc,,5351566336.0
P,ok,True,True,True,True,True,forecast_icc,,30897037312.0
PAA,ok,True,True,True,True,True,forecast_icc,,18097778688.0
PAAC,failed,True,True,False,False,False,,missing_positive_eps,176701632.0
PAAI,failed,True,False,False,False,False,,missing_positive_eps,
PAAS,ok,True,True,True,True,True,forecast_icc,,21526964224.0
PAC,ok,True,True,True,True,True,forecast_icc,,12259755008.0
PACB,failed,True,True,False,False,False,,missing_positive_eps,421175680.0
PACH,ok,True,True,False,True,True,trailing_eps_fallback_icc,,326369984.0
PACK,failed,True,True,False,False,False,,missing_positive_eps,407351872.0
PACS,ok,True,True,True,True,True,forecast_icc,,6696504832.0
PAG,ok,True,True,True,True,True,forecast_icc,,14221921280.0
PAGP,ok,True,True,True,True,True,forecast_icc,,6575271936.0
PAGS,ok,True,True,True,True,True,forecast_icc,,2486327296.0
PAHC,ok,True,True,True,True,True,forecast_icc,,1532304640.0
PAII,failed,True,True,False,False,False,,missing_positive_eps,354928768.0
PAII-U,failed,False,False,False,False,False,,missing_price,
PAII-W,failed,False,False,False,False,False,,missing_price,
PAL,ok,True,True,True,False,True,forecast_icc,,141386736.0
PALI,ok,True,True,False,True,True,trailing_eps_fallback_icc,,339827616.0
PALO,failed,True,True,False,False,False,,missing_positive_eps,210598624.0
PAM,ok,True,True,True,True,True,forecast_icc,,4424206336.0
PAMT,failed,True,True,False,False,False,,missing_positive_eps,254029568.0
PANL,ok,True,True,True,True,True,forecast_icc,,531647008.0
PANW,ok,True,True,True,True,True,forecast_icc,,311435952128.0
PAPL,ok,True,True,True,False,True,forecast_icc,,25261088.0
PAR,ok,True,True,True,False,True,forecast_icc,,777618880.0
PARA,ok,True,True,False,True,True,trailing_eps_fallback_icc,,3906057.0
PARK,ok,True,True,True,False,True,forecast_icc,,98624544.0
PARR,ok,True,True,True,True,True,forecast_icc,,4003962112.0
PASG,failed,True,True,False,False,False,,missing_positive_eps,14254898.0
PASW,failed,True,True,False,False,False,,missing_positive_eps,18881780.0
PATH,ok,True,True,True,True,True,forecast_icc,,9673305088.0
PATK,ok,True,True,True,True,True,forecast_icc,,2624704512.0
PAVM,failed,True,True,False,False,False,,missing_positive_eps,41658732.0
PAVS,failed,True,True,False,False,False,,missing_positive_eps,4496089.0
PAX,ok,True,True,True,True,True,forecast_icc,,1830206208.0
PAXS,ok,True,True,False,True,True,trailing_eps_fallback_icc,,659263168.0
PAY,ok,True,True,True,True,True,forecast_icc,,4483451392.0
PAYC,ok,True,True,True,True,True,forecast_icc,,10776624128.0
PAYO,ok,True,True,True,True,True,forecast_icc,,2409229568.0
PAYP,ok,True,True,True,True,True,forecast_icc,,10245175296.0
PAYS,ok,True,True,True,True,True,forecast_icc,,703518464.0
PAYX,ok,True,True,True,True,True,forecast_icc,,45292654592.0
PB,ok,True,True,True,True,True,forecast_icc,,8599848960.0
PBA,ok,True,True,True,True,True,forecast_icc,,28321728512.0
PBAM,ok,True,True,True,True,True,forecast_icc,,507869216.0
PBF,ok,True,True,True,True,True,forecast_icc,,8652004352.0
PBFS,ok,True,True,False,True,True,trailing_eps_fallback_icc,,422178400.0
PBH,ok,True,True,True,True,True,forecast_icc,,2453052672.0
PBHC,ok,True,True,False,True,True,trailing_eps_fallback_icc,,98637480.0
PBI,ok,True,True,True,True,True,forecast_icc,,2348355072.0
PBK,failed,True,True,False,False,False,,missing_positive_eps,23703218.0
PBLS,failed,True,True,False,False,False,,missing_positive_eps,4819031552.0
PBM,failed,True,True,False,False,False,,missing_positive_eps,16554184.0
PBR,ok,True,True,True,True,True,forecast_icc,,124698492928.0
PBR-A,ok,True,True,True,True,True,forecast_icc,,119129341952.0
PBT,ok,True,True,False,True,True,trailing_eps_fallback_icc,,1573979008.0
PBYI,ok,True,True,True,True,True,forecast_icc,,470258752.0
PC,failed,True,True,False,False,False,,missing_positive_eps,30497782.0
PCAP,ok,True,True,False,True,True,trailing_eps_fallback_icc,,392954784.0
PCAR,ok,True,True,True,True,True,forecast_icc,,65337679872.0
PCB,ok,True,True,True,True,True,forecast_icc,,383838976.0
PCF,ok,True,True,False,True,True,trailing_eps_fallback_icc,,103127640.0
PCG,ok,True,True,True,True,True,forecast_icc,,29225410560.0
PCLA,failed,True,True,False,False,False,,missing_positive_eps,64989324.0
PCM,ok,True,True,False,True,True,trailing_eps_fallback_icc,,66065848.0
PCN,ok,True,True,False,True,True,trailing_eps_fallback_icc,,877225280.0
PCOR,ok,True,True,True,False,True,forecast_icc,,9530639360.0
PCQ,ok,True,True,False,True,True,trailing_eps_fallback_icc,,164185648.0
PCRX,ok,True,True,True,True,True,forecast_icc,,1019111232.0
PCSA,ok,True,True,False,True,True,trailing_eps_fallback_icc,,5726441.0
PCT,failed,True,True,False,False,False,,missing_positive_eps,1311908480.0
PCTY,ok,True,True,True,True,True,forecast_icc,,8500786688.0
PCVX,failed,True,True,False,False,False,,missing_positive_eps,9038433280.0
PCYO,ok,True,True,True,True,True,forecast_icc,,267360320.0
PD,ok,True,True,True,True,True,forecast_icc,,1112109184.0
PDC,failed,True,True,False,False,False,,missing_positive_eps,20594592.0
PDCC,ok,True,True,True,False,True,forecast_icc,,60076476.0
PDD,ok,True,True,True,True,True,forecast_icc,,119565303808.0
PDEX,ok,True,True,True,True,True,forecast_icc,,198270336.0
PDFS,ok,True,True,True,True,True,forecast_icc,,1878266496.0
PDI,ok,True,True,False,True,True,trailing_eps_fallback_icc,,7011163136.0
PDLB,ok,True,True,True,True,True,forecast_icc,,490530624.0
PDM,failed,True,True,False,False,False,,missing_positive_eps,1197521024.0
PDO,ok,True,True,False,True,True,trailing_eps_fallback_icc,,1779644672.0
PDS,ok,True,True,True,False,True,forecast_icc,,1186841216.0
PDSB,failed,True,True,False,False,False,,missing_positive_eps,11977866.0
PDX,failed,True,True,False,False,False,,missing_positive_eps,975505600.0
PDYN,failed,True,True,False,False,False,,missing_positive_eps,281722912.0
PEB,failed,True,True,False,False,False,,missing_positive_eps,2037627392.0
PEBK,ok,True,True,False,True,True,trailing_eps_fallback_icc,,232542000.0
PEBO,ok,True,True,True,True,True,forecast_icc,,1415048960.0
PECE,failed,True,True,False,False,False,,missing_positive_eps,84290624.0
PECO,ok,True,True,True,True,True,forecast_icc,,5456280064.0
PED,ok,True,True,True,False,True,forecast_icc,,180904288.0
PEG,ok,True,True,True,True,True,forecast_icc,,36541911040.0
PEGA,ok,True,True,True,True,True,forecast_icc,,6051746304.0
PEN,ok,True,True,True,True,True,forecast_icc,,12726723584.0
PENG,ok,True,True,True,True,True,forecast_icc,,2514991872.0
PENN,ok,True,True,True,False,True,forecast_icc,,2243558656.0
PEO,ok,True,True,True,True,True,forecast_icc,,806653760.0
PEP,ok,True,True,True,True,True,forecast_icc,,191704432640.0
PEPG,failed,True,True,False,False,False,,missing_positive_eps,207085968.0
PERF,ok,True,True,True,True,True,forecast_icc,,193512480.0
PERI,ok,True,True,True,False,True,forecast_icc,,402703168.0
PESI,ok,True,True,True,False,True,forecast_icc,,385113088.0
PETS,ok,True,True,True,False,True,forecast_icc,,40973148.0
PETZ,ok,True,True,False,True,True,trailing_eps_fallback_icc,,11871758.0
PEW,failed,True,True,False,False,False,,missing_positive_eps,69061440.0
PEW-W,failed,False,False,False,False,False,,missing_price,
PFAI,failed,True,True,False,False,False,,missing_positive_eps,33205132.0
PFBC,ok,True,True,True,True,True,forecast_icc,,1214114688.0
PFE,ok,True,True,True,True,True,forecast_icc,,162212708352.0
PFG,ok,True,True,True,True,True,forecast_icc,,23585767424.0
PFGC,ok,True,True,True,True,True,forecast_icc,,15576876032.0
PFIS,ok,True,True,True,True,True,forecast_icc,,687411904.0
PFLT,ok,True,True,True,True,True,forecast_icc,,743142016.0
PFS,ok,True,True,True,True,True,forecast_icc,,3051889152.0
PFSA,failed,True,True,False,False,False,,missing_positive_eps,1817178.0
PFSI,ok,True,True,True,True,True,forecast_icc,,3796227840.0
PFX,ok,True,True,True,True,True,forecast_icc,,90402888.0
PG,ok,True,True,True,True,True,forecast_icc,,337926291456.0
PGAC,ok,True,True,False,True,True,trailing_eps_fallback_icc,,117862592.0
PGC,ok,True,True,True,True,True,forecast_icc,,791375744.0
PGEN,ok,True,True,True,False,True,forecast_icc,,2470620928.0
PGNY,ok,True,True,True,True,True,forecast_icc,,1963438848.0
PGP,ok,True,True,False,True,True,trailing_eps_fallback_icc,,102087472.0
PGR,ok,True,True,True,True,True,forecast_icc,,126726299648.0
PGY,ok,True,True,True,True,True,forecast_icc,,1813677696.0
PGZ,ok,True,True,False,True,True,trailing_eps_fallback_icc,,66003924.0
PH,ok,True,True,True,True,True,forecast_icc,,123455938560.0
PHAR,ok,True,True,True,True,True,forecast_icc,,812532864.0
PHAT,ok,True,True,True,False,True,forecast_icc,,774221952.0
PHG,ok,True,True,True,True,True,forecast_icc,,25970247680.0
PHGE,failed,True,True,False,False,False,,missing_positive_eps,3663842.0
PHI,ok,True,True,True,True,True,forecast_icc,,3858756352.0
PHIN,ok,True,True,True,True,True,forecast_icc,,2507510784.0
PHIO,failed,True,True,False,False,False,,missing_positive_eps,12662804.0
PHM,ok,True,True,True,True,True,forecast_icc,,24062236672.0
PHOE,failed,True,True,False,False,False,,missing_positive_eps,459216000.0
PHOS,failed,True,True,False,False,False,,missing_positive_eps,327220000.0
PHR,ok,True,True,True,True,True,forecast_icc,,754264064.0
PHUN,failed,True,True,False,False,False,,missing_positive_eps,42562364.0
PHVS,failed,True,True,False,False,False,,missing_positive_eps,2429777920.0
PI,ok,True,True,True,False,True,forecast_icc,,5326245376.0
PICS,ok,True,True,True,True,True,forecast_icc,,2292175616.0
PII,ok,True,True,True,False,True,forecast_icc,,3672553472.0
PIII,failed,True,True,False,False,False,,missing_positive_eps,1810812672.0
PIM,ok,True,True,False,True,True,trailing_eps_fallback_icc,,153708048.0
PINE,ok,True,True,True,True,True,forecast_icc,,345387040.0
PINS,ok,True,True,True,True,True,forecast_icc,,12161014784.0
PIPR,ok,True,True,True,True,True,forecast_icc,,5304511488.0
PJT,ok,True,True,True,True,True,forecast_icc,,7684109824.0
PK,ok,True,True,True,False,True,forecast_icc,,3080476672.0
PKBK,ok,True,True,False,True,True,trailing_eps_fallback_icc,,396949600.0
PKE,ok,True,True,True,True,True,forecast_icc,,707784448.0
PKG,ok,True,True,True,True,True,forecast_icc,,20843655168.0
PKOH,ok,True,True,True,True,True,forecast_icc,,653934144.0
PKX,ok,True,True,True,True,True,forecast_icc,,18557337600.0
PL,ok,True,True,True,False,True,forecast_icc,,7074590208.0
PLAB,ok,True,True,True,True,True,forecast_icc,,1659238400.0
PLAG,failed,True,True,False,False,False,,missing_positive_eps,9537342.0
PLAY,failed,True,True,False,False,False,,missing_positive_eps,312054624.0
PLBC,ok,True,True,True,True,True,forecast_icc,,426100544.0
PLBL,failed,True,True,False,False,False,,missing_positive_eps,2073752960.0
PLBY,ok,True,True,True,True,True,forecast_icc,,141373072.0
PLCE,failed,True,True,False,False,False,,missing_positive_eps,55370300.0
PLCI,failed,True,True,False,False,False,,missing_positive_eps,104806344.0
PLD,ok,True,True,True,True,True,forecast_icc,,136015028224.0
PLG,failed,True,True,False,False,False,,missing_positive_eps,190548816.0
PLGO,ok,True,True,True,True,True,forecast_icc,,2086975872.0
PLMK,ok,True,True,False,True,True,trailing_eps_fallback_icc,,113981528.0
PLMR,ok,True,True,True,True,True,forecast_icc,,3488935680.0
PLNT,ok,True,True,True,True,True,forecast_icc,,3913819904.0
PLOW,ok,True,True,True,True,True,forecast_icc,,947774272.0
PLPC,ok,True,True,True,True,True,forecast_icc,,1959635840.0
PLRX,failed,True,True,False,False,False,,missing_positive_eps,68114088.0
PLRZ,failed,True,True,False,False,False,,missing_positive_eps,27160514.0
PLSE,failed,True,True,False,False,False,,missing_positive_eps,3589667072.0
PLSM,failed,True,True,False,False,False,,missing_positive_eps,17037450.0
PLTK,ok,True,True,True,False,True,forecast_icc,,865819264.0
PLTR,ok,True,True,True,True,True,forecast_icc,,447882035200.0
PLTS,ok,True,True,False,True,True,trailing_eps_fallback_icc,,316034432.0
PLUG,failed,True,True,False,False,False,,missing_positive_eps,3017942016.0
PLUN,ok,True,True,False,True,True,trailing_eps_fallback_icc,,141416944.0
PLUN-R,failed,False,False,False,False,False,,missing_price,
PLUN-U,failed,False,False,False,False,False,,missing_price,
PLUR,failed,True,True,False,False,False,,missing_positive_eps,15860633.0
PLUS,ok,True,True,True,True,True,forecast_icc,,2300554752.0
PLUT,failed,True,True,False,False,False,,missing_positive_eps,39142500.0
PLX,ok,True,True,True,True,True,forecast_icc,,207069104.0
PLXS,ok,True,True,True,True,True,forecast_icc,,6382378496.0
PLYX,failed,True,True,False,False,False,,missing_positive_eps,95160024.0
PM,ok,True,True,True,True,True,forecast_icc,,291928276992.0
PMA,failed,True,True,False,False,False,,missing_positive_eps,8370000.0
PMAX,failed,True,True,False,False,False,,missing_positive_eps,1766793.0
PMCB,failed,True,True,False,False,False,,missing_positive_eps,5377486.0
PMEC,failed,True,True,False,False,False,,missing_positive_eps,18452160.0
PMI,failed,True,True,False,False,False,,missing_positive_eps,17376154.0
PML,ok,True,True,False,True,True,trailing_eps_fallback_icc,,487401024.0
PMM,ok,True,True,False,True,True,trailing_eps_fallback_icc,,266423712.0
PMN,failed,True,True,False,False,False,,missing_positive_eps,117207744.0
PMT,ok,True,True,True,True,True,forecast_icc,,812725952.0
PMTR,ok,True,True,False,True,True,trailing_eps_fallback_icc,,321201728.0
PMTS,ok,True,True,True,True,True,forecast_icc,,334043488.0
PMVP,failed,True,True,False,False,False,,missing_positive_eps,64684248.0
PN,failed,True,True,False,False,False,,missing_positive_eps,38950628.0
PNAQ-U,failed,False,False,False,False,False,,missing_price,
PNBK,ok,True,True,True,False,True,forecast_icc,,125866728.0
PNC,ok,True,True,True,True,True,forecast_icc,,95598878720.0
PNFP,ok,True,True,True,True,True,forecast_icc,,15106731008.0
PNI,failed,True,True,False,False,False,,missing_positive_eps,76333288.0
PNNT,ok,True,True,True,True,True,forecast_icc,,244860352.0
PNR,ok,True,True,True,True,True,forecast_icc,,9770670080.0
PNRG,ok,True,True,True,True,True,forecast_icc,,334055200.0
PNTG,ok,True,True,True,True,True,forecast_icc,,1283992576.0
PNW,ok,True,True,True,True,True,forecast_icc,,11833697280.0
POAS,failed,True,True,False,False,False,,missing_positive_eps,5398812.0
POCI,failed,True,True,False,False,False,,missing_positive_eps,47062940.0
PODC,failed,True,True,False,False,False,,missing_positive_eps,84253760.0
PODD,ok,True,True,True,True,True,forecast_icc,,10310195200.0
POET,failed,True,True,False,False,False,,missing_positive_eps,1291013248.0
POLA,failed,True,True,False,False,False,,missing_positive_eps,5854074.0
POLE,ok,True,True,False,True,True,trailing_eps_fallback_icc,,320183520.0
POM,failed,True,True,False,False,False,,missing_positive_eps,7045214.0
PONO,failed,True,True,False,False,False,,missing_positive_eps,173652048.0
PONY,failed,True,True,False,False,False,,missing_positive_eps,3079992576.0
POOL,ok,True,True,True,True,True,forecast_icc,,6778276352.0
POR,ok,True,True,True,True,True,forecast_icc,,5746314240.0
POST,ok,True,True,True,True,True,forecast_icc,,3778090752.0
POWI,ok,True,True,True,True,True,forecast_icc,,2870769920.0
POWL,ok,True,True,True,True,True,forecast_icc,,6547859968.0
POWW,ok,True,True,True,True,True,forecast_icc,,250593184.0
PPBT,failed,True,True,False,False,False,,missing_positive_eps,2765674.0
PPC,ok,True,True,True,True,True,forecast_icc,,7471845376.0
PPCB,ok,True,True,False,True,True,trailing_eps_fallback_icc,,3075801.0
PPG,ok,True,True,True,True,True,forecast_icc,,24935391232.0
PPHC,ok,True,True,True,False,True,forecast_icc,,327547200.0
PPIH,ok,True,True,True,True,True,forecast_icc,,222888304.0
PPL,ok,True,True,True,True,True,forecast_icc,,25684355072.0
PPLI,ok,True,True,True,True,True,forecast_icc,,2850479104.0
PPSI,failed,True,True,False,False,False,,missing_positive_eps,32520850.0
PPT,ok,True,True,False,True,True,trailing_eps_fallback_icc,,328752320.0
PPTA,failed,True,True,False,False,False,,missing_positive_eps,3119889408.0
PR,ok,True,True,True,True,True,forecast_icc,,19506704384.0
PRAA,ok,True,True,True,False,True,forecast_icc,,708535488.0
PRAX,failed,True,True,False,False,False,,missing_positive_eps,9780371456.0
PRCH,ok,True,True,True,False,True,forecast_icc,,1928702080.0
PRCT,failed,True,True,False,False,False,,missing_positive_eps,1214201600.0
PRDO,ok,True,True,True,True,True,forecast_icc,,2080061440.0
PRE,failed,True,True,False,False,False,,missing_positive_eps,440458080.0
PRFX,failed,True,True,False,False,False,,missing_positive_eps,2900689.0
PRG,ok,True,True,True,True,True,forecast_icc,,1518780160.0
PRGO,ok,True,True,True,False,True,forecast_icc,,2031581824.0
PRGS,ok,True,True,True,True,True,forecast_icc,,1897668992.0
PRHI,failed,True,True,False,False,False,,missing_positive_eps,23150848.0
PRI,ok,True,True,True,True,True,forecast_icc,,8853104640.0
PRIM,ok,True,True,True,True,True,forecast_icc,,3881849088.0
PRK,ok,True,True,True,True,True,forecast_icc,,3527749632.0
PRKS,ok,True,True,True,True,True,forecast_icc,,1814105600.0
PRLB,ok,True,True,True,True,True,forecast_icc,,1915186944.0
PRLD,failed,True,True,False,False,False,,missing_positive_eps,446013696.0
PRM,ok,True,True,True,False,True,forecast_icc,,4992451072.0
PRMB,ok,True,True,True,True,True,forecast_icc,,8259555328.0
PRME,failed,True,True,False,False,False,,missing_positive_eps,651142912.0
PROF,failed,True,True,False,False,False,,missing_positive_eps,248421632.0
PROK,failed,True,True,False,False,False,,missing_positive_eps,754455040.0
PROP,ok,True,True,True,False,True,forecast_icc,,57414188.0
PROV,ok,True,True,True,True,True,forecast_icc,,114505080.0
PRPL,failed,True,True,False,False,False,,missing_positive_eps,17396834.0
PRPO,ok,True,True,True,False,True,forecast_icc,,49570308.0
PRQR,failed,True,True,False,False,False,,missing_positive_eps,300583584.0
PRSO,failed,True,True,False,False,False,,missing_positive_eps,9013307.0
PRSU,ok,True,True,True,True,True,forecast_icc,,1308679424.0
PRTA,ok,True,True,True,False,True,forecast_icc,,480000736.0
PRTH,ok,True,True,True,True,True,forecast_icc,,437758336.0
PRTS,failed,True,True,False,False,False,,missing_positive_eps,58553968.0
PRU,ok,True,True,True,True,True,forecast_icc,,40571998208.0
PRVA,ok,True,True,True,True,True,forecast_icc,,2617273856.0
PRZO,failed,True,True,False,False,False,,missing_positive_eps,25560910.0
PS,ok,True,True,True,False,True,forecast_icc,,17167998976.0
PSA,ok,True,True,True,True,True,forecast_icc,,57329074176.0
PSBD,ok,True,True,True,False,True,forecast_icc,,320305248.0
PSF,ok,True,True,False,True,True,trailing_eps_fallback_icc,,234429360.0
PSFE,ok,True,True,True,False,True,forecast_icc,,336267648.0
PSHG,ok,True,True,True,True,True,forecast_icc,,21134670.0
PSIG,failed,True,True,False,False,False,,missing_positive_eps,25070740.0
PSIX,ok,True,True,True,True,True,forecast_icc,,837506496.0
PSKY,ok,True,True,True,True,True,forecast_icc,,12210179072.0
PSMT,ok,True,True,True,True,True,forecast_icc,,5246597632.0
PSN,ok,True,True,True,True,True,forecast_icc,,5195014144.0
PSNL,failed,True,True,False,False,False,,missing_positive_eps,1791279872.0
PSNY,failed,True,True,False,False,False,,missing_positive_eps,1824340608.0
PSNYW,failed,True,True,False,False,False,,missing_positive_eps,833197632.0
PSO,ok,True,True,True,True,True,forecast_icc,,9969474560.0
PSQH,failed,True,True,False,False,False,,missing_positive_eps,20350338.0
PSQH-W,failed,False,False,False,False,False,,missing_price,
PSQL,failed,True,True,False,False,False,,missing_positive_eps,3625791488.0
PSTL,ok,True,True,True,True,True,forecast_icc,,933320704.0
PSTV,failed,False,True,False,False,False,,missing_price,26640680.0
PSUS,ok,True,False,True,False,True,forecast_icc,,
PSX,ok,True,True,True,True,True,forecast_icc,,98390581248.0
PTA,ok,True,True,False,True,True,trailing_eps_fallback_icc,,1020900672.0
PTAC,failed,True,True,False,False,False,,missing_positive_eps,217218752.0
PTC,ok,True,True,True,True,True,forecast_icc,,16898765824.0
PTCT,ok,True,True,True,False,True,forecast_icc,,5803864064.0
PTEN,ok,True,True,True,False,True,forecast_icc,,4798367232.0
PTGX,ok,True,True,True,True,True,forecast_icc,,9560648704.0
PTHS,failed,True,True,False,False,False,,missing_positive_eps,92189536.0
PTLE,failed,True,True,False,False,False,,missing_positive_eps,47862148.0
PTLO,ok,True,True,True,True,True,forecast_icc,,331410368.0
PTN,ok,True,True,False,True,True,trailing_eps_fallback_icc,,17774956.0
PTON,ok,True,True,True,True,True,forecast_icc,,2352353024.0
PTOR,failed,True,True,False,False,False,,missing_positive_eps,423352384.0
PTRN,ok,True,True,True,False,True,forecast_icc,,4127376128.0
PUBM,ok,True,True,True,False,True,forecast_icc,,757497472.0
PUK,ok,True,True,True,True,True,forecast_icc,,33806077952.0
PULM,failed,True,True,False,False,False,,missing_positive_eps,5368859.0
PUMP,ok,True,True,True,False,True,forecast_icc,,1395279744.0
PURR,ok,True,True,True,True,True,forecast_icc,,2423510528.0
PUSA,failed,True,True,False,False,False,,missing_positive_eps,105888280.0
PVH,ok,True,True,True,True,True,forecast_icc,,3419376384.0
PVLA,failed,True,True,False,False,False,,missing_positive_eps,2198578688.0
PW,ok,True,True,True,False,True,forecast_icc,,2724030.0
PWCM,failed,True,True,False,False,False,,missing_positive_eps,2045313.0
PWP,ok,True,True,True,True,True,forecast_icc,,1581139968.0
PWR,ok,True,True,True,True,True,forecast_icc,,91271970816.0
PWRL,failed,True,True,False,False,False,,missing_positive_eps,453188352.0
PXED,ok,True,True,True,True,True,forecast_icc,,1049339136.0
PXLW,failed,True,True,False,False,False,,missing_positive_eps,41559328.0
PXS,ok,True,True,True,True,True,forecast_icc,,54882080.0
PYPD,failed,True,True,False,False,False,,missing_positive_eps,104402472.0
PYPL,ok,True,True,True,True,True,forecast_icc,,45397229568.0
PYT,failed,True,False,False,False,False,,missing_positive_eps,
PYXS,failed,True,True,False,False,False,,missing_positive_eps,270242080.0
PZG,failed,True,True,False,False,False,,missing_positive_eps,120955976.0
PZZA,ok,True,True,True,True,True,forecast_icc,,773001216.0
Q,ok,True,True,True,True,True,forecast_icc,,25001379840.0
QADR,failed,True,True,False,False,False,,missing_positive_eps,249499984.0
QBTS,failed,True,True,False,False,False,,missing_positive_eps,6405967360.0
QCLS,failed,True,True,False,False,False,,missing_positive_eps,19000424.0
QCOM,ok,True,True,True,True,True,forecast_icc,,182082945024.0
QCRH,ok,True,True,True,True,True,forecast_icc,,1628882304.0
QDEL,ok,True,True,True,False,True,forecast_icc,,989543360.0
QETA,ok,True,True,False,True,True,trailing_eps_fallback_icc,,43998560.0
QFIN,ok,True,True,True,True,True,forecast_icc,,1052907392.0
QGEN,ok,True,True,True,True,True,forecast_icc,,8939168768.0
QH,failed,True,True,False,False,False,,missing_positive_eps,367079096320.0
QLEP,failed,True,True,False,False,False,,missing_positive_eps,300094816.0
QLEP-W,failed,False,False,False,False,False,,missing_price,
QLYS,ok,True,True,True,True,True,forecast_icc,,6555293696.0
QMCO,ok,True,True,True,False,True,forecast_icc,,958845312.0
QMLS,failed,True,True,False,False,False,,missing_positive_eps,196401488.0
QMMM,failed,True,True,False,False,False,,missing_positive_eps,6830437376.0
QNBC,ok,True,True,False,True,True,trailing_eps_fallback_icc,,280039552.0
QNC,failed,True,True,False,False,False,,missing_positive_eps,445421920.0
QNCX,failed,True,True,False,False,False,,missing_positive_eps,33125742.0
QNME,failed,True,True,False,False,False,,missing_positive_eps,11636515.0
QNRX,failed,True,True,False,False,False,,missing_positive_eps,12492360.0
QNST,ok,True,True,True,True,True,forecast_icc,,1109759744.0
QNT,failed,True,True,False,False,False,,missing_positive_eps,13191737344.0
QNTM,failed,True,True,False,False,False,,missing_positive_eps,20381816.0
QRED,failed,True,True,False,False,False,,missing_positive_eps,161202000.0
QRED-R,failed,False,False,False,False,False,,missing_price,
QRED-U,failed,False,False,False,False,False,,missing_price,
QRHC,ok,True,True,True,False,True,forecast_icc,,29529998.0
QRVO,ok,True,True,True,True,True,forecast_icc,,8475986432.0
QS,failed,True,True,False,False,False,,missing_positive_eps,3438661120.0
QSEA,ok,True,True,False,True,True,trailing_eps_fallback_icc,,107527232.0
QSI,failed,True,True,False,False,False,,missing_positive_eps,167643184.0
QSR,ok,True,True,True,True,True,forecast_icc,,35677679616.0
QTEX,ok,True,True,True,False,True,forecast_icc,,46087868.0
QTI,failed,True,True,False,False,False,,missing_positive_eps,42885016.0
QTRX,failed,True,True,False,False,False,,missing_positive_eps,126272488.0
QTTB,ok,True,True,False,True,True,trailing_eps_fallback_icc,,442671968.0
QTWO,ok,True,True,True,True,True,forecast_icc,,4055549440.0
QUAD,ok,True,True,True,True,True,forecast_icc,,517700736.0
QUBT,failed,True,True,False,False,False,,missing_positive_eps,1862834560.0
QUCY,failed,True,True,False,False,False,,missing_positive_eps,131987064.0
QUIK,ok,True,True,True,False,True,forecast_icc,,196549344.0
QUMS,ok,True,True,False,True,True,trailing_eps_fallback_icc,,117716624.0
QURE,failed,True,True,False,False,False,,missing_positive_eps,3376757248.0
QVCG,failed,True,False,False,False,False,,missing_positive_eps,
QXL,ok,True,True,False,True,True,trailing_eps_fallback_icc,,63481228.0
QXO,ok,True,True,True,False,True,forecast_icc,,13777875968.0
R,ok,True,True,True,True,True,forecast_icc,,9374275584.0
RA,ok,True,True,False,True,True,trailing_eps_fallback_icc,,693446464.0
RAC,failed,True,True,False,False,False,,missing_positive_eps,309981408.0
RAC-U,failed,False,False,False,False,False,,missing_price,
RAC-W,failed,False,False,False,False,False,,missing_price,
RACC,failed,True,True,False,False,False,,missing_positive_eps,188794480.0
RACD,failed,True,True,False,False,False,,missing_positive_eps,115551320.0
RACE,ok,True,True,True,True,True,forecast_icc,,74278215680.0
RADX,failed,True,True,False,False,False,,missing_positive_eps,32965376.0
RAIL,ok,True,True,True,False,True,forecast_icc,,225931920.0
RAIN,failed,True,True,False,False,False,,missing_positive_eps,10592166.0
RAL,ok,True,True,True,False,True,forecast_icc,,6829807616.0
RAMP,ok,True,True,True,True,True,forecast_icc,,2293186816.0
RANG,ok,True,True,False,True,True,trailing_eps_fallback_icc,,72070168.0
RANI,failed,True,True,False,False,False,,missing_positive_eps,119975568.0
RAPP,failed,True,True,False,False,False,,missing_positive_eps,2335103232.0
RARE,ok,True,True,True,False,True,forecast_icc,,2485425408.0
RAVE,ok,True,True,False,True,True,trailing_eps_fallback_icc,,44624320.0
RAY,ok,True,True,False,True,True,trailing_eps_fallback_icc,,15861806.0
RAYA,failed,True,True,False,False,False,,missing_positive_eps,2457474.0
RBA,ok,True,True,True,True,True,forecast_icc,,15757254656.0
RBB,ok,True,True,True,True,True,forecast_icc,,438969280.0
RBBN,ok,True,True,True,True,True,forecast_icc,,355858496.0
RBC,ok,True,True,True,True,True,forecast_icc,,15647898624.0
RBCAA,ok,True,True,True,True,True,forecast_icc,,1835989632.0
RBKB,ok,True,True,False,True,True,trailing_eps_fallback_icc,,196934992.0
RBLX,failed,True,True,False,False,False,,missing_positive_eps,29496582144.0
RBNE,ok,True,True,False,True,True,trailing_eps_fallback_icc,,1513972.0
RBRK,ok,True,True,True,False,True,forecast_icc,,19150288896.0
RC,failed,True,True,False,False,False,,missing_positive_eps,292954464.0
RCAT,failed,True,True,False,False,False,,missing_positive_eps,1311816448.0
RCBC,ok,True,True,False,True,True,trailing_eps_fallback_icc,,715977792.0
RCEL,failed,True,True,False,False,False,,missing_positive_eps,312361184.0
RCG,ok,True,True,False,True,True,trailing_eps_fallback_icc,,20633426.0
RCI,ok,True,True,True,True,True,forecast_icc,,19928909824.0
RCKT,failed,True,True,False,False,False,,missing_positive_eps,408361504.0
RCKY,ok,True,True,True,True,True,forecast_icc,,338527904.0
RCL,ok,True,True,True,True,True,forecast_icc,,71875067904.0
RCMT,ok,True,True,True,True,True,forecast_icc,,295807552.0
RCON,failed,True,True,False,False,False,,missing_positive_eps,697830.0
RCT,failed,True,True,False,False,False,,missing_positive_eps,16023090.0
RCUS,failed,True,True,False,False,False,,missing_positive_eps,3728321280.0
RDAC,ok,True,True,False,True,True,trailing_eps_fallback_icc,,27136696.0
RDAG,failed,True,True,False,False,False,,missing_positive_eps,390000000.0
RDCM,ok,True,True,True,True,True,forecast_icc,,170898832.0
RDDT,ok,True,True,True,True,True,forecast_icc,,28438128640.0
RDGT,failed,True,True,False,False,False,,missing_positive_eps,842095.0
RDHL,ok,True,True,True,False,True,forecast_icc,,5472828.0
RDI,failed,True,True,False,False,False,,missing_positive_eps,48755976.0
RDIB,failed,True,True,False,False,False,,missing_positive_eps,345640928.0
RDN,ok,True,True,True,True,True,forecast_icc,,4744325632.0
RDNT,ok,True,True,True,False,True,forecast_icc,,5966864384.0
RDNW,ok,True,True,True,False,True,forecast_icc,,220802752.0
RDVT,ok,True,True,True,True,True,forecast_icc,,1173996800.0
RDW,failed,True,True,False,False,False,,missing_positive_eps,2674920960.0
RDWR,ok,True,True,True,True,True,forecast_icc,,1215342208.0
RDY,ok,True,True,True,True,True,forecast_icc,,10104146944.0
RDZN,ok,True,True,True,True,True,forecast_icc,,120082736.0
REA,failed,True,True,False,False,False,,missing_positive_eps,280551744.0
REAL,ok,True,True,True,False,True,forecast_icc,,1245912192.0
REAX,failed,True,True,False,False,False,,missing_positive_eps,413657952.0
REBN,failed,True,True,False,False,False,,missing_positive_eps,10513222.0
RECT,ok,True,True,False,True,True,trailing_eps_fallback_icc,,20592058.0
REED,failed,True,True,False,False,False,,missing_positive_eps,11265417.0
REF,ok,True,True,True,True,True,forecast_icc,,845380544.0
REFI,ok,True,True,True,True,True,forecast_icc,,278758080.0
REFR,failed,True,True,False,False,False,,missing_positive_eps,16286742.0
REG,ok,True,True,True,True,True,forecast_icc,,13978903552.0
REGN,ok,True,True,True,True,True,forecast_icc,,82269274112.0
REI,ok,True,True,True,False,True,forecast_icc,,382993216.0
REKR,failed,True,True,False,False,False,,missing_positive_eps,76305680.0
RELL,ok,True,True,True,True,True,forecast_icc,,257448256.0
RELX,ok,True,True,True,True,True,forecast_icc,,63448911872.0
RELY,ok,True,True,True,True,True,forecast_icc,,5660431360.0
RENT,ok,True,True,False,True,True,trailing_eps_fallback_icc,,119567680.0
RENX,failed,True,True,False,False,False,,missing_positive_eps,5239494.0
REPL,failed,True,True,False,False,False,,missing_positive_eps,1441560448.0
REPX,ok,True,True,True,True,True,forecast_icc,,864662144.0
RERE,ok,True,True,True,True,True,forecast_icc,,912542336.0
RES,ok,True,True,True,True,True,forecast_icc,,1447420288.0
RETO,failed,True,True,False,False,False,,missing_positive_eps,11349654.0
REVB,ok,True,True,False,True,True,trailing_eps_fallback_icc,,3983416.0
REX,ok,True,True,True,True,True,forecast_icc,,1353081472.0
REXR,ok,True,True,True,False,True,forecast_icc,,8468655104.0
REYN,ok,True,True,True,True,True,forecast_icc,,4879264768.0
REZI,ok,True,True,True,True,True,forecast_icc,,2939765248.0
RF,ok,True,True,True,True,True,forecast_icc,,25455652864.0
RFAI,ok,True,True,False,True,True,trailing_eps_fallback_icc,,358865312.0
RFAM,failed,True,True,False,False,False,,missing_positive_eps,138776000.0
RFI,ok,True,True,False,True,True,trailing_eps_fallback_icc,,303062912.0
RFIL,ok,True,True,True,True,True,forecast_icc,,114335400.0
RFL,failed,True,True,False,False,False,,missing_positive_eps,133639984.0
RFM,ok,True,True,False,True,True,trailing_eps_fallback_icc,,88204536.0
RFMZ,ok,True,True,False,True,True,trailing_eps_fallback_icc,,318033952.0
RGA,ok,True,True,True,True,True,forecast_icc,,16066821120.0
RGC,failed,True,True,False,False,False,,missing_positive_eps,2724633856.0
RGCO,ok,True,True,True,True,True,forecast_icc,,223082688.0
RGEN,ok,True,True,True,True,True,forecast_icc,,10213718016.0
RGLD,ok,True,True,True,True,True,forecast_icc,,22153793536.0
RGNT,failed,True,True,False,False,False,,missing_positive_eps,14328799.0
RGNX,failed,True,True,False,False,False,,missing_positive_eps,627125312.0
RGP,failed,True,True,False,False,False,,missing_positive_eps,144318784.0
RGR,ok,True,True,True,True,True,forecast_icc,,606694400.0
RGS,ok,True,True,True,True,True,forecast_icc,,68216640.0
RGT,ok,True,True,False,True,True,trailing_eps_fallback_icc,,100542904.0
RGTI,failed,True,True,False,False,False,,missing_positive_eps,5226818560.0
RGTIW,failed,True,False,False,False,False,,missing_positive_eps,
RH,ok,True,True,True,True,True,forecast_icc,,2822845696.0
RHI,ok,True,True,True,True,True,forecast_icc,,4637991424.0
RHLD,ok,True,True,False,True,True,trailing_eps_fallback_icc,,1059711552.0
RHP,ok,True,True,True,True,True,forecast_icc,,8744448000.0
RIBB,ok,True,True,False,True,True,trailing_eps_fallback_icc,,54446020.0
RICK,ok,True,True,True,False,True,forecast_icc,,222888192.0
RIG,ok,True,True,True,False,True,forecast_icc,,6489073664.0
RIGL,ok,True,True,True,True,True,forecast_icc,,854426048.0
RILY,ok,True,True,False,True,True,trailing_eps_fallback_icc,,278182304.0
RIME,failed,True,True,False,False,False,,missing_positive_eps,4521075.0
RIO,ok,True,True,True,True,True,forecast_icc,,166701826048.0
RIOT,failed,True,True,False,False,False,,missing_positive_eps,7128044032.0
RITM,ok,True,True,True,True,True,forecast_icc,,5600822272.0
RITR,failed,True,True,False,False,False,,missing_positive_eps,5744825.0
RIV,ok,True,True,False,True,True,trailing_eps_fallback_icc,,299441632.0
RIVN,failed,True,True,False,False,False,,missing_positive_eps,23252639744.0
RJET,ok,True,True,False,True,True,trailing_eps_fallback_icc,,815127488.0
RJF,ok,True,True,True,True,True,forecast_icc,,34273085440.0
RKDA,failed,True,True,False,False,False,,missing_positive_eps,1250621.0
RKLB,ok,True,True,True,False,True,forecast_icc,,40871149568.0
RKT,ok,True,True,True,False,True,forecast_icc,,37972324352.0
RKTO,failed,True,True,False,False,False,,missing_positive_eps,17117086.0
RL,ok,True,True,True,True,True,forecast_icc,,20669079552.0
RLAY,failed,True,True,False,False,False,,missing_positive_eps,4027823104.0
RLGT,ok,True,True,True,True,True,forecast_icc,,399942400.0
RLI,ok,True,True,True,True,True,forecast_icc,,5824832512.0
RLJ,ok,True,True,True,True,True,forecast_icc,,1690740608.0
RLMD,failed,True,True,False,False,False,,missing_positive_eps,465080544.0
RLTY,ok,True,True,False,True,True,trailing_eps_fallback_icc,,259030064.0
RLX,ok,True,True,True,True,True,forecast_icc,,2236726016.0
RLYB,ok,True,True,False,True,True,trailing_eps_fallback_icc,,89163280.0
RM,ok,True,True,True,True,True,forecast_icc,,296055744.0
RMBI,ok,True,True,False,True,True,trailing_eps_fallback_icc,,253234384.0
RMBS,ok,True,True,True,True,True,forecast_icc,,9374394368.0
RMCF,ok,True,True,True,False,True,forecast_icc,,10289150.0
RMCO,ok,True,True,True,False,True,forecast_icc,,44911216.0
RMD,ok,True,True,True,True,True,forecast_icc,,34634977280.0
RMI,ok,True,True,False,True,True,trailing_eps_fallback_icc,,96835856.0
RMIX,ok,True,True,True,True,True,forecast_icc,,1674396288.0
RMM,ok,True,True,False,True,True,trailing_eps_fallback_icc,,282671456.0
RMMZ,ok,True,True,False,True,True,trailing_eps_fallback_icc,,125979496.0
RMNI,ok,True,True,True,True,True,forecast_icc,,523727168.0
RMR,ok,True,True,True,True,True,forecast_icc,,329989952.0
RMSG,failed,True,True,False,False,False,,missing_positive_eps,5790000.0
RMT,ok,True,True,False,True,True,trailing_eps_fallback_icc,,758681088.0
RMTI,ok,True,True,True,False,True,forecast_icc,,33493166.0
RNA,failed,True,True,False,False,False,,missing_positive_eps,227847168.0
RNAC,failed,True,True,False,False,False,,missing_positive_eps,280769664.0
RNAZ,failed,True,True,False,False,False,,missing_positive_eps,2222810.0
RNG,ok,True,True,True,True,True,forecast_icc,,5813699072.0
RNGR,ok,True,True,True,True,True,forecast_icc,,390813824.0
RNGT,failed,True,True,False,False,False,,missing_positive_eps,318905504.0
RNP,ok,True,True,False,True,True,trailing_eps_fallback_icc,,966241600.0
RNR,ok,True,True,True,True,True,forecast_icc,,13614062592.0
RNST,ok,True,True,True,True,True,forecast_icc,,3739356672.0
RNTX,failed,True,True,False,False,False,,missing_positive_eps,64691644.0
RNW,ok,True,True,True,True,True,forecast_icc,,2479015936.0
RNXT,failed,True,True,False,False,False,,missing_positive_eps,87099952.0
ROAD,ok,True,True,True,True,True,forecast_icc,,6027440128.0
ROC,failed,True,True,False,False,False,,missing_positive_eps,79564136.0
ROCK,ok,True,True,True,True,True,forecast_icc,,1335478144.0
ROG,ok,True,True,True,True,True,forecast_icc,,2241240576.0
ROIV,failed,True,True,False,False,False,,missing_positive_eps,25021267968.0
ROK,ok,True,True,True,True,True,forecast_icc,,47132385280.0
ROKU,ok,True,True,True,True,True,forecast_icc,,23291387904.0
ROL,ok,True,True,True,True,True,forecast_icc,,17354913792.0
ROLR,ok,True,True,False,True,True,trailing_eps_fallback_icc,,67830280.0
ROMA,failed,True,True,False,False,False,,missing_positive_eps,529529056.0
ROOT,ok,True,True,True,True,True,forecast_icc,,859720576.0
ROP,ok,True,True,True,True,True,forecast_icc,,41997266944.0
ROST,ok,True,True,True,True,True,forecast_icc,,73311305728.0
RPAY,ok,True,True,True,False,True,forecast_icc,,316581952.0
RPC,ok,True,True,True,True,True,forecast_icc,,948050624.0
RPD,ok,True,True,True,True,True,forecast_icc,,907212608.0
RPGL,ok,True,True,False,True,True,trailing_eps_fallback_icc,,25352186.0
RPID,failed,True,True,False,False,False,,missing_positive_eps,76242528.0
RPM,ok,True,True,True,True,True,forecast_icc,,13287635968.0
RPRX,ok,True,True,True,True,True,forecast_icc,,35484876800.0
RPT,ok,True,True,True,False,True,forecast_icc,,98711560.0
RQI,ok,True,True,False,True,True,trailing_eps_fallback_icc,,1642455552.0
RR,ok,True,True,False,True,True,trailing_eps_fallback_icc,,420940608.0
RRBI,ok,True,True,True,True,True,forecast_icc,,658673984.0
RRC,ok,True,True,True,True,True,forecast_icc,,9655638016.0
RREV,failed,True,True,False,False,False,,missing_positive_eps,330666656.0
RRGB,ok,True,True,True,False,True,forecast_icc,,172591264.0
RRR,ok,True,True,True,True,True,forecast_icc,,5727630848.0
RRX,ok,True,True,True,True,True,forecast_icc,,10551481344.0
RS,ok,True,True,True,True,True,forecast_icc,,19606904832.0
RSF,ok,True,True,True,True,True,forecast_icc,,61718680.0
RSG,ok,True,True,True,True,True,forecast_icc,,67648573440.0
RSI,ok,True,True,True,True,True,forecast_icc,,5965352960.0
RSKD,ok,True,True,True,False,True,forecast_icc,,830517376.0
RSSS,ok,True,True,True,True,True,forecast_icc,,75256944.0
RSVR,ok,True,True,True,True,True,forecast_icc,,635766400.0
RTAC,ok,True,True,False,True,True,trailing_eps_fallback_icc,,400048576.0
RTB,failed,True,True,False,False,False,,missing_positive_eps,188690576.0
RTO,ok,True,True,True,True,True,forecast_icc,,11972270080.0
RTX,ok,True,True,True,True,True,forecast_icc,,279969792000.0
RUBI,failed,True,True,False,False,False,,missing_positive_eps,3224530.0
RUM,failed,True,True,False,False,False,,missing_positive_eps,4442459648.0
RUN,ok,True,True,True,True,True,forecast_icc,,2064058496.0
RUSHA,ok,True,True,True,True,True,forecast_icc,,8327737856.0
RUSHB,ok,True,True,False,True,True,trailing_eps_fallback_icc,,9074622464.0
RVI,failed,True,True,False,False,False,,missing_positive_eps,726138304.0
RVII,failed,True,True,False,False,False,,missing_positive_eps,180960000.0
RVLV,ok,True,True,True,True,True,forecast_icc,,1589964160.0
RVMD,failed,True,True,False,False,False,,missing_positive_eps,44061138944.0
RVP,failed,True,True,False,False,False,,missing_positive_eps,21914000.0
RVSB,ok,True,True,True,False,True,forecast_icc,,103756560.0
RVSN,failed,True,True,False,False,False,,missing_positive_eps,10402860.0
RVT,ok,True,True,False,True,True,trailing_eps_fallback_icc,,2307298816.0
RVTY,ok,True,True,True,True,True,forecast_icc,,14357821440.0
RWAY,ok,True,True,True,True,True,forecast_icc,,279958144.0
RXO,ok,True,True,True,False,True,forecast_icc,,3504680192.0
RXRX,failed,True,True,False,False,False,,missing_positive_eps,1823321728.0
RXST,failed,True,True,False,False,False,,missing_positive_eps,304878560.0
RXT,ok,True,True,True,False,True,forecast_icc,,797752064.0
RY,ok,True,True,True,True,True,forecast_icc,,282631340032.0
RYAAY,ok,True,True,True,True,True,forecast_icc,,28725360640.0
RYAM,ok,True,True,True,False,True,forecast_icc,,581063744.0
RYAN,ok,True,True,True,True,True,forecast_icc,,16450456576.0
RYDE,failed,True,True,False,False,False,,missing_positive_eps,121021968.0
RYET,failed,True,True,False,False,False,,missing_positive_eps,32016068.0
RYM,failed,True,True,False,False,False,,missing_positive_eps,48677748.0
RYN,ok,True,True,True,True,True,forecast_icc,,6134615552.0
RYOJ,ok,True,True,False,True,True,trailing_eps_fallback_icc,,66759004.0
RYTM,failed,True,True,False,False,False,,missing_positive_eps,7279836160.0
RYZ,ok,True,True,True,False,True,forecast_icc,,1300580224.0
RZLT,failed,True,True,False,False,False,,missing_positive_eps,451611008.0
RZLV,failed,True,True,False,False,False,,missing_positive_eps,1152611712.0
S,ok,True,True,True,False,True,forecast_icc,,7546754560.0
SA,ok,True,True,False,True,True,trailing_eps_fallback_icc,,3428147200.0
SAAQ,failed,True,True,False,False,False,,missing_positive_eps,394091168.0
SABR,ok,True,True,True,False,True,forecast_icc,,875775552.0
SABS,ok,True,True,False,True,True,trailing_eps_fallback_icc,,337559424.0
SAC,failed,True,True,False,False,False,,missing_positive_eps,316803360.0
SAC-U,failed,False,False,False,False,False,,missing_price,
SAC-W,failed,False,False,False,False,False,,missing_price,
SACH,ok,True,True,True,False,True,forecast_icc,,43159168.0
SAFE,ok,True,True,True,True,True,forecast_icc,,1072158528.0
SAFT,ok,True,True,True,True,True,forecast_icc,,1522953216.0
SAFX,failed,True,True,False,False,False,,missing_positive_eps,146086480.0
SAGT,ok,True,True,False,True,True,trailing_eps_fallback_icc,,13207365.0
SAGU,failed,True,True,False,False,False,,missing_positive_eps,161441600.0
SAGU-R,failed,False,False,False,False,False,,missing_price,
SAGU-U,failed,False,False,False,False,False,,missing_price,
SAGU-W,failed,False,False,False,False,False,,missing_price,
SAH,ok,True,True,True,True,True,forecast_icc,,2486504192.0
SAIA,ok,True,True,True,True,True,forecast_icc,,9448271872.0
SAIC,ok,True,True,True,True,True,forecast_icc,,5420733952.0
SAIH,failed,True,True,False,False,False,,missing_positive_eps,43176360.0
SAIL,ok,True,True,True,False,True,forecast_icc,,11661281280.0
SAM,ok,True,True,True,False,True,forecast_icc,,1851614080.0
SAMG,ok,True,True,True,True,True,forecast_icc,,77125480.0
SAMO,failed,True,False,False,False,False,,missing_positive_eps,
SAMO-U,failed,False,False,False,False,False,,missing_price,
SAMO-W,failed,False,False,False,False,False,,missing_price,
SAN,ok,True,True,True,True,True,forecast_icc,,211609305088.0
SANA,failed,True,True,False,False,False,,missing_positive_eps,1158525696.0
SANG,ok,True,True,True,False,True,forecast_icc,,131581008.0
SANM,ok,True,True,True,True,True,forecast_icc,,10543672320.0
SAP,ok,True,True,True,True,True,forecast_icc,,254952177664.0
SAR,ok,True,True,True,True,True,forecast_icc,,297496960.0
SARO,ok,True,True,True,True,True,forecast_icc,,8104216576.0
SATL,failed,True,True,False,False,False,,missing_positive_eps,748713344.0
SB,ok,True,True,True,True,True,forecast_icc,,878822848.0
SBAC,ok,True,True,True,True,True,forecast_icc,,20120672256.0
SBC,ok,True,True,True,True,True,forecast_icc,,413444704.0
SBCF,ok,True,True,True,True,True,forecast_icc,,3287625216.0
SBET,ok,True,True,True,False,True,forecast_icc,,1872566016.0
SBFG,ok,True,True,True,True,True,forecast_icc,,173207888.0
SBFM,ok,True,True,True,False,True,forecast_icc,,4342617.0
SBGI,ok,True,True,True,True,True,forecast_icc,,1019684736.0
SBH,ok,True,True,True,True,True,forecast_icc,,1533533056.0
SBI,ok,True,True,True,True,True,forecast_icc,,107166424.0
SBLK,ok,True,True,True,True,True,forecast_icc,,3447295744.0
SBMT,failed,True,True,False,False,False,,missing_positive_eps,260146096.0
SBR,ok,True,True,False,True,True,trailing_eps_fallback_icc,,1094908800.0
SBRA,ok,True,True,True,True,True,forecast_icc,,5208885248.0
SBS,ok,True,True,True,True,True,forecast_icc,,17091190784.0
SBSI,ok,True,True,True,True,True,forecast_icc,,938964032.0
SBSW,ok,True,True,True,False,True,forecast_icc,,8571938304.0
SBUX,ok,True,True,True,True,True,forecast_icc,,121125003264.0
SBXD,ok,True,True,False,True,True,trailing_eps_fallback_icc,,275932192.0
SBXD-U,failed,False,False,False,False,False,,missing_price,
SBXD-W,failed,False,False,False,False,False,,missing_price,
SBXE,failed,True,True,False,False,False,,missing_positive_eps,351460352.0
SBXE-U,failed,False,False,False,False,False,,missing_price,
SBXE-W,failed,False,False,False,False,False,,missing_price,
SCAG,failed,True,True,False,False,False,,missing_positive_eps,19648174.0
SCCO,ok,True,True,True,True,True,forecast_icc,,176358064128.0
SCD,ok,True,True,False,True,True,trailing_eps_fallback_icc,,357338848.0
SCHL,ok,True,True,True,True,True,forecast_icc,,724322944.0
SCHW,ok,True,True,True,True,True,forecast_icc,,189915643904.0
SCI,ok,True,True,True,True,True,forecast_icc,,11126844416.0
SCII,failed,True,True,False,False,False,,missing_positive_eps,252215280.0
SCKT,ok,True,True,True,False,True,forecast_icc,,5323259.0
SCL,ok,True,True,True,False,True,forecast_icc,,1423284352.0
SCLX,ok,True,True,True,False,True,forecast_icc,,38655880.0
SCM,ok,True,True,True,True,True,forecast_icc,,246636240.0
SCNI,ok,True,True,False,True,True,trailing_eps_fallback_icc,,1693952.0
SCNX,failed,True,True,False,False,False,,missing_positive_eps,15953420.0
SCOR,ok,True,True,False,True,True,trailing_eps_fallback_icc,,79717712.0
SCPQ,failed,True,True,False,False,False,,missing_positive_eps,137243824.0
SCSC,ok,True,True,True,True,True,forecast_icc,,1160327296.0
SCTX,failed,True,True,False,False,False,,missing_positive_eps,576118336.0
SCWO,failed,True,True,False,False,False,,missing_positive_eps,50319572.0
SCYX,failed,True,True,False,False,False,,missing_positive_eps,52036456.0
SCZM,ok,True,True,True,True,True,forecast_icc,,870389056.0
SD,ok,True,True,True,True,True,forecast_icc,,523503168.0
SDA,ok,True,True,True,False,True,forecast_icc,,72732672.0
SDEV,failed,True,True,False,False,False,,missing_positive_eps,47841712.0
SDGR,failed,True,True,False,False,False,,missing_positive_eps,1458709760.0
SDHC,ok,True,True,True,True,True,forecast_icc,,101381208.0
SDHI,ok,True,True,False,True,True,trailing_eps_fallback_icc,,366147392.0
SDHY,ok,True,True,False,True,True,trailing_eps_fallback_icc,,395015648.0
SDOT,ok,True,True,True,False,True,forecast_icc,,20716750.0
SDRL,ok,True,True,True,True,True,forecast_icc,,3047019264.0
SDST,failed,True,True,False,False,False,,missing_positive_eps,5373855.0
SE,ok,True,True,True,True,True,forecast_icc,,69504745472.0
SEAT,failed,True,True,False,False,False,,missing_positive_eps,65873404.0
SEB,ok,True,True,False,True,True,trailing_eps_fallback_icc,,3745217792.0
SECZ,failed,True,True,False,False,False,,missing_positive_eps,1054696320.0
SEDG,ok,True,True,True,False,True,forecast_icc,,1981129088.0
SEED,failed,True,True,False,False,False,,missing_positive_eps,12086090.0
SEER,failed,True,True,False,False,False,,missing_positive_eps,108529152.0
SEG,ok,True,True,True,False,True,forecast_icc,,336762720.0
SEGG,failed,True,True,False,False,False,,missing_positive_eps,8996184.0
SEI,ok,True,True,True,True,True,forecast_icc,,5108800512.0
SEIC,ok,True,True,True,True,True,forecast_icc,,13319729152.0
SELF,ok,True,True,True,True,True,forecast_icc,,59962456.0
SENEA,ok,True,True,True,True,True,forecast_icc,,1342513920.0
SENEB,ok,True,True,False,True,True,trailing_eps_fallback_icc,,1311234432.0
SENS,failed,True,True,False,False,False,,missing_positive_eps,488027488.0
SEPN,failed,True,True,False,False,False,,missing_positive_eps,1780725632.0
SER,failed,True,True,False,False,False,,missing_positive_eps,61469144.0
SERA,failed,True,True,False,False,False,,missing_positive_eps,83632856.0
SERV,failed,True,True,False,False,False,,missing_positive_eps,422265536.0
SES,failed,True,True,False,False,False,,missing_positive_eps,192958048.0
SEV,failed,True,True,False,False,False,,missing_positive_eps,93696912.0
SEVN,ok,True,True,True,True,True,forecast_icc,,171510512.0
SEZL,ok,True,True,True,True,True,forecast_icc,,4059523328.0
SF,ok,True,True,True,True,True,forecast_icc,,12197919744.0
SFBC,ok,True,True,False,True,True,trailing_eps_fallback_icc,,120415536.0
SFBS,ok,True,True,True,True,True,forecast_icc,,4706209792.0
SFD,ok,True,True,True,True,True,forecast_icc,,8627443712.0
SFHG,failed,True,True,False,False,False,,missing_positive_eps,9825200.0
SFIX,failed,True,True,False,False,False,,missing_positive_eps,422959968.0
SFL,ok,True,True,True,True,True,forecast_icc,,1726445056.0
SFM,ok,True,True,True,True,True,forecast_icc,,7650035200.0
SFNC,ok,True,True,True,False,True,forecast_icc,,3263121408.0
SFST,ok,True,True,True,True,True,forecast_icc,,581092160.0
SFWL,ok,True,True,False,True,True,trailing_eps_fallback_icc,,74247760.0
SG,ok,True,True,False,True,True,trailing_eps_fallback_icc,,828527552.0
SGA,ok,True,True,True,False,True,forecast_icc,,56013876.0
SGC,ok,True,True,True,True,True,forecast_icc,,190545152.0
SGHC,ok,True,True,True,True,True,forecast_icc,,6879360000.0
SGHT,failed,True,True,False,False,False,,missing_positive_eps,468247936.0
SGI,ok,True,True,True,True,True,forecast_icc,,13621165056.0
SGLY,failed,True,True,False,False,False,,missing_positive_eps,7349152.0
SGML,ok,True,True,True,False,True,forecast_icc,,1422863488.0
SGMT,failed,True,True,False,False,False,,missing_positive_eps,637747776.0
SGP,failed,True,True,False,False,False,,missing_positive_eps,872992320.0
SGRY,ok,True,True,True,False,True,forecast_icc,,1818454656.0
SGU,ok,True,True,True,True,True,forecast_icc,,419327328.0
SHAK,ok,True,True,True,True,True,forecast_icc,,2951174400.0
SHAZ,failed,True,True,False,False,False,,missing_positive_eps,1964180224.0
SHBI,ok,True,True,True,True,True,forecast_icc,,766227456.0
SHC,ok,True,True,True,True,True,forecast_icc,,5393583104.0
SHEL,ok,True,True,True,True,True,forecast_icc,,251711602688.0
SHEN,failed,True,True,False,False,False,,missing_positive_eps,684861056.0
SHFS,failed,True,True,False,False,False,,missing_positive_eps,1965873.0
SHG,ok,True,True,True,True,True,forecast_icc,,37278330880.0
SHIM,ok,True,True,True,False,True,forecast_icc,,145915456.0
SHIP,ok,True,True,True,True,True,forecast_icc,,382660384.0
SHLS,ok,True,True,True,True,True,forecast_icc,,1164635648.0
SHMD,ok,True,True,True,False,True,forecast_icc,,203483216.0
SHO,ok,True,True,True,True,True,forecast_icc,,2076993792.0
SHOE,ok,True,True,True,True,True,forecast_icc,,371972928.0
SHOO,ok,True,True,True,True,True,forecast_icc,,3159787008.0
SHOP,ok,True,True,True,True,True,forecast_icc,,189612720128.0
SHOT,failed,True,True,False,False,False,,missing_positive_eps,286405184.0
SHPH,ok,True,True,False,True,True,trailing_eps_fallback_icc,,1966033.0
SHW,ok,True,True,True,True,True,forecast_icc,,82248884224.0
SI,failed,True,True,False,False,False,,missing_positive_eps,436365312.0
SIBN,failed,True,True,False,False,False,,missing_positive_eps,843523392.0
SID,ok,True,True,True,False,True,forecast_icc,,1379137664.0
SIDU,failed,True,True,False,False,False,,missing_positive_eps,219658976.0
SIEB,failed,True,True,False,False,False,,missing_positive_eps,90888880.0
SIF,ok,True,True,False,True,True,trailing_eps_fallback_icc,,146596768.0
SIFY,ok,True,True,True,False,True,forecast_icc,,1080000128.0
SIG,ok,True,True,True,True,True,forecast_icc,,3236054528.0
SIGA,ok,True,True,True,False,True,forecast_icc,,225608096.0
SIGI,ok,True,True,True,True,True,forecast_icc,,5440884224.0
SII,ok,True,True,True,True,True,forecast_icc,,3392853760.0
SILC,ok,True,True,True,False,True,forecast_icc,,247434656.0
SILO,failed,True,True,False,False,False,,missing_positive_eps,4348060.0
SIM,ok,True,True,True,True,True,forecast_icc,,4645418496.0
SIMA,ok,True,True,False,True,True,trailing_eps_fallback_icc,,90249392.0
SIMO,ok,True,True,True,True,True,forecast_icc,,8369789440.0
SIND,failed,True,True,False,False,False,,missing_positive_eps,2478725632.0
SINT,failed,True,True,False,False,False,,missing_positive_eps,10196737.0
SION,failed,True,True,False,False,False,,missing_positive_eps,272630784.0
SIRI,ok,True,True,True,True,True,forecast_icc,,9495174144.0
SITC,ok,True,True,False,True,True,trailing_eps_fallback_icc,,154802256.0
SITE,ok,True,True,True,True,True,forecast_icc,,4365689856.0
SITM,ok,True,True,True,True,True,forecast_icc,,17002764288.0
SJ,failed,True,True,False,False,False,,missing_positive_eps,42462768.0
SJM,ok,True,True,True,True,True,forecast_icc,,14010929152.0
SJT,failed,True,True,False,False,False,,missing_positive_eps,128640280.0
SKE,failed,True,True,False,False,False,,missing_positive_eps,4093848064.0
SKHY,ok,True,True,True,True,True,forecast_icc,,1168279207936.0
SKIL,ok,True,True,True,False,True,forecast_icc,,61696600.0
SKIN,ok,True,True,True,False,True,forecast_icc,,87988168.0
SKK,failed,True,True,False,False,False,,missing_positive_eps,18495984.0
SKM,ok,True,True,True,True,True,forecast_icc,,14737465344.0
SKT,ok,True,True,True,True,True,forecast_icc,,4507806208.0
SKWD,ok,True,True,True,True,True,forecast_icc,,2327577344.0
SKY,ok,True,True,True,True,True,forecast_icc,,4845587456.0
SKYA,failed,True,True,False,False,False,,missing_positive_eps,59249080.0
SKYE,failed,True,True,False,False,False,,missing_positive_eps,7438495.0
SKYH,failed,True,True,False,False,False,,missing_positive_eps,860374976.0
SKYH-W,failed,False,False,False,False,False,,missing_price,
SKYQ,ok,True,True,False,True,True,trailing_eps_fallback_icc,,23585152.0
SKYT,failed,False,True,False,False,False,,missing_price,1597181312.0
SKYW,ok,True,True,True,True,True,forecast_icc,,3754242304.0
SKYX,failed,True,True,False,False,False,,missing_positive_eps,181477536.0
SLAB,ok,True,True,True,False,True,forecast_icc,,7308988928.0
SLB,ok,True,True,True,True,True,forecast_icc,,89197002752.0
SLBT,failed,True,True,False,False,False,,missing_positive_eps,1530874112.0
SLDB,failed,True,True,False,False,False,,missing_positive_eps,1027217792.0
SLDE,ok,True,True,True,True,True,forecast_icc,,2715872512.0
SLDP,failed,True,True,False,False,False,,missing_positive_eps,531662208.0
SLE,ok,True,True,False,True,True,trailing_eps_fallback_icc,,181562640.0
SLF,ok,True,True,True,True,True,forecast_icc,,43635286016.0
SLG,failed,True,True,False,False,False,,missing_positive_eps,4295245824.0
SLGB,failed,True,True,False,False,False,,missing_positive_eps,21600000.0
SLGL,failed,True,True,False,False,False,,missing_positive_eps,226233328.0
SLGN,ok,True,True,True,True,True,forecast_icc,,4390030848.0
SLI,failed,True,True,False,False,False,,missing_positive_eps,658913728.0
SLM,ok,True,True,True,True,True,forecast_icc,,4882359808.0
SLMT,failed,True,True,False,False,False,,missing_positive_eps,45358292.0
SLN,failed,True,True,False,False,False,,missing_positive_eps,840944768.0
SLND,ok,True,True,True,False,True,forecast_icc,,34805904.0
SLNG,failed,True,True,False,False,False,,missing_positive_eps,111577800.0
SLNH,failed,True,True,False,False,False,,missing_positive_eps,264157840.0
SLP,ok,True,True,True,True,True,forecast_icc,,372137024.0
SLQT,ok,True,True,True,False,True,forecast_icc,,98880960.0
SLS,failed,True,True,False,False,False,,missing_positive_eps,2693955840.0
SLSN,failed,True,True,False,False,False,,missing_positive_eps,63589408.0
SLSR,failed,True,True,False,False,False,,missing_positive_eps,1441828096.0
SLVM,ok,True,True,True,True,True,forecast_icc,,1428187904.0
SLXN,failed,True,True,False,False,False,,missing_positive_eps,2055626.0
SM,ok,True,True,True,True,True,forecast_icc,,8843414528.0
SMA,ok,True,True,True,True,True,forecast_icc,,1797828352.0
SMBC,ok,True,True,True,True,True,forecast_icc,,810307456.0
SMBK,ok,True,True,True,True,True,forecast_icc,,864327744.0
SMC,failed,True,True,False,False,False,,missing_positive_eps,480083456.0
SMCI,ok,True,True,True,True,True,forecast_icc,,24115425280.0
SMFG,ok,True,True,True,True,True,forecast_icc,,163632234496.0
SMG,ok,True,True,True,True,True,forecast_icc,,3481572096.0
SMHI,failed,True,True,False,False,False,,missing_positive_eps,259118496.0
SMID,ok,True,True,False,True,True,trailing_eps_fallback_icc,,139405056.0
SMJF,failed,True,True,False,False,False,,missing_positive_eps,29367298.0
SMMT,failed,True,True,False,False,False,,missing_positive_eps,10865349632.0
SMP,ok,True,True,True,True,True,forecast_icc,,839770944.0
SMPL,ok,True,True,True,False,True,forecast_icc,,1012651840.0
SMR,failed,True,True,False,False,False,,missing_positive_eps,3804311296.0
SMRT,failed,True,True,False,False,False,,missing_positive_eps,254843696.0
SMSI,ok,True,True,True,False,True,forecast_icc,,16042955.0
SMTC,ok,True,True,True,True,True,forecast_icc,,12408576000.0
SMTI,ok,True,True,True,False,True,forecast_icc,,320478656.0
SMTK,failed,True,True,False,False,False,,missing_positive_eps,1735394.0
SMWB,ok,True,True,True,False,True,forecast_icc,,819830464.0
SMX,failed,True,True,False,False,False,,missing_positive_eps,17428614.0
SMXT,failed,True,True,False,False,False,,missing_positive_eps,13823557.0
SN,ok,True,True,True,True,True,forecast_icc,,27116365824.0
SNA,ok,True,True,True,True,True,forecast_icc,,19982704640.0
SNAL,ok,True,True,True,False,True,forecast_icc,,25971852.0
SNAP,ok,True,True,True,False,True,forecast_icc,,9386147840.0
SND,ok,True,True,True,True,True,forecast_icc,,223443040.0
SNDA,failed,True,True,False,False,False,,missing_positive_eps,1801799680.0
SNDK,ok,True,True,True,True,True,forecast_icc,,229394644992.0
SNDL,ok,True,True,True,False,True,forecast_icc,,340667168.0
SNDR,ok,True,True,True,True,True,forecast_icc,,6049633792.0
SNDX,failed,True,True,False,False,False,,missing_positive_eps,1709287424.0
SNES,failed,True,True,False,False,False,,missing_positive_eps,5748954.0
SNEX,ok,True,True,True,True,True,forecast_icc,,8259834368.0
SNFCA,ok,True,True,False,True,True,trailing_eps_fallback_icc,,226584256.0
SNGX,failed,True,True,False,False,False,,missing_positive_eps,8270882.0
SNN,ok,True,True,True,True,True,forecast_icc,,12036243456.0
SNOA,failed,True,True,False,False,False,,missing_positive_eps,6177068.0
SNOW,ok,True,True,True,False,True,forecast_icc,,114873638912.0
SNPS,ok,True,True,True,True,True,forecast_icc,,84241547264.0
SNSC,failed,True,False,False,False,False,,missing_positive_eps,
SNT,ok,True,True,False,True,True,trailing_eps_fallback_icc,,41063708.0
SNTG,failed,True,True,False,False,False,,missing_positive_eps,5042571.0
SNTI,failed,True,True,False,False,False,,missing_positive_eps,11782061.0
SNWV,ok,True,True,False,True,True,trailing_eps_fallback_icc,,40344828.0
SNX,ok,True,True,True,True,True,forecast_icc,,20217571328.0
SNY,ok,True,True,True,True,True,forecast_icc,,106292658176.0
SNYR,ok,True,True,True,False,True,forecast_icc,,1570447.0
SO,ok,True,True,True,True,True,forecast_icc,,101231943680.0
SOAR,failed,True,True,False,False,False,,missing_positive_eps,12469730.0
SOBO,ok,True,True,True,True,True,forecast_icc,,7878373888.0
SOBR,failed,True,True,False,False,False,,missing_positive_eps,2505052.0
SOC,ok,True,True,True,False,True,forecast_icc,,926729984.0
SOCA,failed,True,True,False,False,False,,missing_positive_eps,242707504.0
SOFI,ok,True,True,True,True,True,forecast_icc,,23093276672.0
SOGP,ok,True,True,False,True,True,trailing_eps_fallback_icc,,50308232.0
SOHU,ok,True,True,False,True,True,trailing_eps_fallback_icc,,422418880.0
SOLS,ok,True,True,True,True,True,forecast_icc,,10069335040.0
SOLV,ok,True,True,True,True,True,forecast_icc,,15500572672.0
SON,ok,True,True,True,True,True,forecast_icc,,5452608512.0
SONM,ok,True,True,True,False,True,forecast_icc,,5447782.0
SONO,ok,True,True,True,True,True,forecast_icc,,1845386112.0
SONY,ok,True,True,True,True,True,forecast_icc,,143769468928.0
SOPH,failed,True,True,False,False,False,,missing_positive_eps,715073664.0
SOR,ok,True,True,False,True,True,trailing_eps_fallback_icc,,386937920.0
SORA,ok,True,True,False,True,True,trailing_eps_fallback_icc,,47490240.0
SORN,failed,True,True,False,False,False,,missing_positive_eps,345944032.0
SOS,failed,True,True,False,False,False,,missing_positive_eps,15406614.0
SOTK,ok,True,True,True,True,True,forecast_icc,,83455800.0
SOUL,ok,True,True,False,True,True,trailing_eps_fallback_icc,,355830912.0
SOUL-R,failed,False,False,False,False,False,,missing_price,
SOUL-U,failed,False,False,False,False,False,,missing_price,
SOUN,failed,True,True,False,False,False,,missing_positive_eps,3179826432.0
SOWG,ok,True,True,True,False,True,forecast_icc,,66128644.0
SPAI,failed,True,True,False,False,False,,missing_positive_eps,107515912.0
SPB,ok,True,True,True,True,True,forecast_icc,,1984749824.0
SPCB,ok,True,True,True,True,True,forecast_icc,,64123416.0
SPCE,failed,True,True,False,False,False,,missing_positive_eps,442660064.0
SPCX,ok,True,True,True,False,True,forecast_icc,,1892998971392.0
SPE,ok,True,True,False,True,True,trailing_eps_fallback_icc,,144368672.0
SPEG,ok,True,True,False,True,True,trailing_eps_fallback_icc,,159006656.0
SPFI,ok,True,True,True,True,True,forecast_icc,,821384896.0
SPG,ok,True,True,True,True,True,forecast_icc,,80601661440.0
SPGI,ok,True,True,True,True,True,forecast_icc,,128485629952.0
SPH,ok,True,True,True,True,True,forecast_icc,,1174805248.0
SPHL,failed,True,True,False,False,False,,missing_positive_eps,5587093.0
SPHR,failed,True,True,False,False,False,,missing_positive_eps,4895024640.0
SPIR,failed,True,True,False,False,False,,missing_positive_eps,539058880.0
SPKL,failed,True,True,False,False,False,,missing_positive_eps,100095624.0
SPMC,ok,True,True,True,False,True,forecast_icc,,203112320.0
SPNT,ok,True,True,True,True,True,forecast_icc,,2810031872.0
SPOK,ok,True,True,True,True,True,forecast_icc,,219849616.0
SPOT,ok,True,True,True,True,True,forecast_icc,,111779176448.0
SPPL,failed,True,True,False,False,False,,missing_positive_eps,19572370.0
SPRB,ok,True,True,True,False,True,forecast_icc,,169480544.0
SPRC,ok,True,True,False,True,True,trailing_eps_fallback_icc,,152975616.0
SPRO,ok,True,True,False,True,True,trailing_eps_fallback_icc,,71046488.0
SPRU,failed,True,True,False,False,False,,missing_positive_eps,35809068.0
SPRY,failed,True,True,False,False,False,,missing_positive_eps,596684032.0
SPSC,ok,True,True,True,True,True,forecast_icc,,3074415104.0
SPT,ok,True,True,True,False,True,forecast_icc,,689539392.0
SPTX,failed,True,True,False,False,False,,missing_positive_eps,1267603456.0
SPWH,failed,True,True,False,False,False,,missing_positive_eps,46433560.0
SPWR,ok,True,True,True,False,True,forecast_icc,,58463144.0
SPXC,ok,True,True,True,True,True,forecast_icc,,9854393344.0
SQFT,failed,True,True,False,False,False,,missing_positive_eps,2811486.0
SQFTW,failed,True,False,False,False,False,,missing_positive_eps,
SQM,ok,True,True,True,True,True,forecast_icc,,22568245248.0
SQNS,failed,True,True,False,False,False,,missing_positive_eps,43435228.0
SR,ok,True,True,True,True,True,forecast_icc,,4837791744.0
SRAD,ok,True,True,True,True,True,forecast_icc,,3678679040.0
SRBK,ok,True,True,True,True,True,forecast_icc,,141668944.0
SRCE,ok,True,True,True,True,True,forecast_icc,,2061019136.0
SRE,ok,True,True,True,True,True,forecast_icc,,53423656960.0
SRFM,failed,True,True,False,False,False,,missing_positive_eps,86860080.0
SRG,ok,True,True,True,False,True,forecast_icc,,117155184.0
SRI,ok,True,True,True,False,True,forecast_icc,,197378288.0
SRL,failed,True,True,False,False,False,,missing_positive_eps,88921896.0
SRPT,ok,True,True,True,False,True,forecast_icc,,2221336320.0
SRRK,failed,True,True,False,False,False,,missing_positive_eps,6917403648.0
SRTA,failed,True,True,False,False,False,,missing_positive_eps,500722112.0
SRTS,failed,True,True,False,False,False,,missing_positive_eps,58275688.0
SRV,ok,True,True,False,True,True,trailing_eps_fallback_icc,,279611712.0
SRXH,failed,True,True,False,False,False,,missing_positive_eps,34045856.0
SRZN,failed,True,True,False,False,False,,missing_positive_eps,258813360.0
SSAC,failed,True,True,False,False,False,,missing_positive_eps,242644256.0
SSB,ok,True,True,True,True,True,forecast_icc,,10171659264.0
SSBI,ok,True,True,False,True,True,trailing_eps_fallback_icc,,87018680.0
SSD,ok,True,True,True,True,True,forecast_icc,,7484212224.0
SSEA,failed,True,True,False,False,False,,missing_positive_eps,78649480.0
SSII,failed,True,True,False,False,False,,missing_positive_eps,683314368.0
SSL,ok,True,True,True,True,True,forecast_icc,,7705273344.0
SSM,failed,True,True,False,False,False,,missing_positive_eps,3925755.0
SSMR,failed,True,True,False,False,False,,missing_positive_eps,2519527424.0
SSNC,ok,True,True,True,True,True,forecast_icc,,19469324288.0
SSP,failed,True,True,False,False,False,,missing_positive_eps,306734368.0
SSRM,ok,True,True,True,True,True,forecast_icc,,7803739136.0
SST,failed,True,True,False,False,False,,missing_positive_eps,19507986.0
SSTI,failed,True,True,False,False,False,,missing_positive_eps,84774808.0
SSTK,ok,True,True,True,False,True,forecast_icc,,204690160.0
SSYS,ok,True,True,True,False,True,forecast_icc,,678799232.0
ST,ok,True,True,True,True,True,forecast_icc,,5971336192.0
STAA,ok,True,True,True,True,True,forecast_icc,,1132752640.0
STAG,ok,True,True,True,True,True,forecast_icc,,7330897920.0
STAK,failed,True,True,False,False,False,,missing_positive_eps,25165554.0
STBA,ok,True,True,True,True,True,forecast_icc,,1744936576.0
STC,ok,True,True,True,True,True,forecast_icc,,2090392576.0
STDN,failed,True,True,False,False,False,,missing_positive_eps,2588450816.0
STE,ok,True,True,True,True,True,forecast_icc,,22682425344.0
STEM,failed,True,True,False,False,False,,missing_positive_eps,55064972.0
STEP,ok,True,True,True,False,True,forecast_icc,,6745926144.0
STEW,ok,True,True,False,True,True,trailing_eps_fallback_icc,,1780310016.0
STEX,failed,True,True,False,False,False,,missing_positive_eps,168813296.0
STFS,failed,True,True,False,False,False,,missing_positive_eps,5336178.0
STG,ok,True,True,False,True,True,trailing_eps_fallback_icc,,37499204.0
STGW,ok,True,True,True,True,True,forecast_icc,,2122046976.0
STHO,ok,True,True,False,True,True,trailing_eps_fallback_icc,,118832616.0
STI,failed,True,True,False,False,False,,missing_positive_eps,66186796.0
STIM,failed,True,True,False,False,False,,missing_positive_eps,216400112.0
STKE,failed,True,True,False,False,False,,missing_positive_eps,47779128.0
STKH,ok,True,True,False,True,True,trailing_eps_fallback_icc,,3329750.0
STKS,ok,True,True,True,False,True,forecast_icc,,53028024.0
STLA,ok,True,True,True,False,True,forecast_icc,,20682606592.0
STLD,ok,True,True,True,True,True,forecast_icc,,33340981248.0
STLN,failed,True,True,False,False,False,,missing_positive_eps,602324224.0
STM,ok,True,True,True,False,True,forecast_icc,,44747616256.0
STN,ok,True,True,True,True,True,forecast_icc,,8205178368.0
STNE,ok,True,True,True,True,True,forecast_icc,,2236777472.0
STNG,ok,True,True,True,True,True,forecast_icc,,3949415424.0
STOK,failed,True,True,False,False,False,,missing_positive_eps,2013218688.0
STRA,ok,True,True,True,True,True,forecast_icc,,1839674240.0
STRL,ok,True,True,True,True,True,forecast_icc,,14378744832.0
STRO,failed,True,True,False,False,False,,missing_positive_eps,335602912.0
STRR,ok,True,True,True,False,True,forecast_icc,,38158756.0
STRS,ok,True,True,False,True,True,trailing_eps_fallback_icc,,152070864.0
STRT,ok,True,True,True,True,True,forecast_icc,,278993920.0
STRW,ok,True,True,True,True,True,forecast_icc,,762446656.0
STRZ,failed,True,True,False,False,False,,missing_positive_eps,453362464.0
STT,ok,True,True,True,True,True,forecast_icc,,52572422144.0
STTK,failed,True,True,False,False,False,,missing_positive_eps,703546432.0
STUB,ok,True,True,True,False,True,forecast_icc,,2437733888.0
STVN,ok,True,True,True,True,True,forecast_icc,,5850468864.0
STWD,ok,True,True,True,True,True,forecast_icc,,5962372608.0
STX,ok,True,True,True,True,True,forecast_icc,,188042264576.0
STXS,failed,True,True,False,False,False,,missing_positive_eps,144291136.0
STZ,ok,True,True,True,True,True,forecast_icc,,22310463488.0
SU,ok,True,True,True,True,True,forecast_icc,,78154645504.0
SUGP,failed,True,True,False,False,False,,missing_positive_eps,4024839.0
SUI,ok,True,True,True,True,True,forecast_icc,,15524858880.0
SUIG,failed,True,True,False,False,False,,missing_positive_eps,75266816.0
SUJA,ok,True,True,True,False,True,forecast_icc,,388953856.0
SUMA,failed,True,True,False,False,False,,missing_positive_eps,232117872.0
SUN,ok,True,True,True,True,True,forecast_icc,,14326989824.0
SUNB,ok,True,True,True,True,True,forecast_icc,,29631008768.0
SUNC,ok,True,True,True,True,True,forecast_icc,,4002886400.0
SUNE,ok,True,True,False,True,True,trailing_eps_fallback_icc,,15045279.0
SUNS,ok,True,True,True,True,True,forecast_icc,,101233720.0
SUPN,ok,True,True,True,False,True,forecast_icc,,2569795072.0
SUPV,ok,True,True,True,False,True,forecast_icc,,826001728.0
SUPX,failed,True,True,False,False,False,,missing_positive_eps,401310816.0
SURG,ok,True,True,True,False,True,forecast_icc,,4195356.0
SUZ,ok,True,True,True,True,True,forecast_icc,,10739209216.0
SVA,failed,True,False,False,False,False,,missing_positive_eps,
SVAQ,failed,True,True,False,False,False,,missing_positive_eps,294528960.0
SVC,failed,True,True,False,False,False,,missing_positive_eps,1010174016.0
SVCC,ok,True,True,False,True,True,trailing_eps_fallback_icc,,230631248.0
SVCO,ok,True,True,True,False,True,forecast_icc,,235167184.0
SVIV,failed,True,True,False,False,False,,missing_positive_eps,312800000.0
SVM,ok,True,True,True,True,True,forecast_icc,,2751806208.0
SVRA,failed,True,True,False,False,False,,missing_positive_eps,1104557696.0
SVRE,failed,True,True,False,False,False,,missing_positive_eps,6233770.0
SVRN,failed,True,True,False,False,False,,missing_positive_eps,16994894.0
SVV,ok,True,True,True,True,True,forecast_icc,,1582913024.0
SW,ok,True,True,True,True,True,forecast_icc,,24600125440.0
SWAG,ok,True,True,False,True,True,trailing_eps_fallback_icc,,32619282.0
SWBI,ok,True,True,True,True,True,forecast_icc,,570360768.0
SWIM,ok,True,True,True,True,True,forecast_icc,,831757888.0
SWK,ok,True,True,True,True,True,forecast_icc,,14553474048.0
SWKS,ok,True,True,True,True,True,forecast_icc,,10078704640.0
SWMR,ok,True,True,True,False,True,forecast_icc,,528151552.0
SWVL,ok,True,True,False,True,True,trailing_eps_fallback_icc,,28996242.0
SWX,ok,True,True,True,True,True,forecast_icc,,6399142400.0
SWZ,failed,True,True,False,False,False,,missing_positive_eps,77713424.0
SXC,ok,True,True,True,False,True,forecast_icc,,876757184.0
SXI,ok,True,True,True,True,True,forecast_icc,,3510524160.0
SXT,ok,True,True,True,True,True,forecast_icc,,5744255488.0
SXTC,failed,True,True,False,False,False,,missing_positive_eps,1366978.0
SXTP,failed,True,True,False,False,False,,missing_positive_eps,3798347.0
SY,failed,True,True,False,False,False,,missing_positive_eps,292106880.0
SYBT,ok,True,True,True,True,True,forecast_icc,,2460788736.0
SYF,ok,True,True,True,True,True,forecast_icc,,25079584768.0
SYK,ok,True,True,True,True,True,forecast_icc,,124200951808.0
SYM,ok,True,True,True,True,True,forecast_icc,,24014821376.0
SYNA,ok,True,True,True,False,True,forecast_icc,,3782427648.0
SYNX,failed,True,True,False,False,False,,missing_positive_eps,5909295.0
SYPR,failed,True,True,False,False,False,,missing_positive_eps,41908108.0
SYRE,failed,True,True,False,False,False,,missing_positive_eps,7757529600.0
SYY,ok,True,True,True,True,True,forecast_icc,,38845104128.0
SZZL,ok,True,True,False,True,True,trailing_eps_fallback_icc,,327049344.0
T,ok,True,True,True,True,True,forecast_icc,,177408262144.0
TAC,ok,True,True,True,False,True,forecast_icc,,3824067072.0
TACH,ok,True,True,False,True,True,trailing_eps_fallback_icc,,361904992.0
TACO,ok,True,True,False,True,True,trailing_eps_fallback_icc,,393571712.0
TACT,failed,True,True,False,False,False,,missing_positive_eps,51312620.0
TAK,ok,True,True,True,False,True,forecast_icc,,57419182080.0
TAL,ok,True,True,True,True,True,forecast_icc,,6512192512.0
TALK,failed,False,True,False,False,False,,missing_price,870574976.0
TALO,ok,True,True,True,False,True,forecast_icc,,2881824000.0
TANH,failed,True,True,False,False,False,,missing_positive_eps,4999401.0
TAOP,ok,True,True,True,False,True,forecast_icc,,7693124.0
TAOX,ok,True,True,False,True,True,trailing_eps_fallback_icc,,29558806.0
TAP,ok,True,True,True,False,True,forecast_icc,,7413408256.0
TAP-A,failed,True,True,False,False,False,,missing_positive_eps,8942330880.0
TARA,failed,True,True,False,False,False,,missing_positive_eps,228108576.0
TARS,ok,True,True,True,False,True,forecast_icc,,3257873408.0
TASK,ok,True,True,True,True,True,forecast_icc,,756417920.0
TATT,ok,True,True,True,True,True,forecast_icc,,472222336.0
TAVI,ok,True,True,False,True,True,trailing_eps_fallback_icc,,170352912.0
TAYD,ok,True,True,True,True,True,forecast_icc,,193565408.0
TBBB,failed,True,True,False,False,False,,missing_positive_eps,5855733760.0
TBBK,ok,True,True,True,True,True,forecast_icc,,2651142400.0
TBCH,ok,True,True,True,False,True,forecast_icc,,229423424.0
TBI,ok,True,True,True,False,True,forecast_icc,,319361152.0
TBLA,ok,True,True,True,True,True,forecast_icc,,1007679616.0
TBN,failed,True,True,False,False,False,,missing_positive_eps,1320360960.0
TBPH,ok,True,True,True,True,True,forecast_icc,,884695552.0
TC,ok,True,True,True,True,True,forecast_icc,,52053200.0
TCBI,ok,True,True,True,True,True,forecast_icc,,4224839168.0
TCBK,ok,True,True,True,True,True,forecast_icc,,1706378752.0
TCBS,ok,True,True,False,True,True,trailing_eps_fallback_icc,,49755632.0
TCBX,ok,True,True,True,True,True,forecast_icc,,742105024.0
TCGX,failed,True,True,False,False,False,,missing_positive_eps,139237504.0
TCI,ok,True,True,False,True,True,trailing_eps_fallback_icc,,320074240.0
TCMD,ok,True,True,True,True,True,forecast_icc,,520549536.0
TCOM,ok,True,True,True,True,True,forecast_icc,,28116338688.0
TCRT,failed,True,True,False,False,False,,missing_positive_eps,4318816.0
TCRX,failed,True,True,False,False,False,,missing_positive_eps,47686492.0
TCX,ok,True,True,True,False,True,forecast_icc,,118306744.0
TD,ok,True,True,True,True,True,forecast_icc,,198112362496.0
TDAC,ok,True,True,False,True,True,trailing_eps_fallback_icc,,209500528.0
TDAY,ok,True,True,True,False,True,forecast_icc,,923484800.0
TDC,ok,True,True,True,True,True,forecast_icc,,2696999936.0
TDF,ok,True,True,False,True,True,trailing_eps_fallback_icc,,272718464.0
TDG,ok,True,True,True,True,True,forecast_icc,,65539616768.0
TDIC,failed,True,True,False,False,False,,missing_positive_eps,8670501.0
TDOC,failed,True,True,False,False,False,,missing_positive_eps,1151876736.0
TDS,ok,True,True,True,True,True,forecast_icc,,3877106944.0
TDTH,failed,True,True,False,False,False,,missing_positive_eps,2164022016.0
TDUP,failed,True,True,False,False,False,,missing_positive_eps,353287520.0
TDW,ok,True,True,True,True,True,forecast_icc,,4633300480.0
TDWD,failed,True,True,False,False,False,,missing_positive_eps,237804512.0
TDY,ok,True,True,True,True,True,forecast_icc,,28397445120.0
TE,ok,True,True,True,False,True,forecast_icc,,1310645376.0
TEAD,failed,True,True,False,False,False,,missing_positive_eps,49228708.0
TEAM,ok,True,True,True,False,True,forecast_icc,,49151963136.0
TECH,ok,True,True,True,True,True,forecast_icc,,11339526144.0
TECK,ok,True,True,True,True,True,forecast_icc,,33419673600.0
TECX,failed,True,True,False,False,False,,missing_positive_eps,585308032.0
TEI,ok,True,True,False,True,True,trailing_eps_fallback_icc,,319264096.0
TEL,ok,True,True,True,True,True,forecast_icc,,59510321152.0
TELA,failed,True,True,False,False,False,,missing_positive_eps,33132328.0
TELO,failed,True,True,False,False,False,,missing_positive_eps,77027952.0
TEM,failed,True,True,False,False,False,,missing_positive_eps,11376410624.0
TEN,ok,True,True,True,True,True,forecast_icc,,1277410432.0
TENB,ok,True,True,True,True,True,forecast_icc,,4206876160.0
TENX,failed,True,True,False,False,False,,missing_positive_eps,68860008.0
TEO,ok,True,True,True,True,True,forecast_icc,,5720195072.0
TER,ok,True,True,True,True,True,forecast_icc,,54692683776.0
TEVA,ok,True,True,True,True,True,forecast_icc,,42008924160.0
TEX,ok,True,True,True,True,True,forecast_icc,,7259192832.0
TFC,ok,True,True,True,True,True,forecast_icc,,60568231936.0
TFII,ok,True,True,True,True,True,forecast_icc,,11029483520.0
TFIN,ok,True,True,True,True,True,forecast_icc,,1702485632.0
TFPM,ok,True,True,True,True,True,forecast_icc,,6942302208.0
TFSL,ok,True,True,True,True,True,forecast_icc,,4899334656.0
TFX,ok,True,True,True,False,True,forecast_icc,,6018998784.0
TG,ok,True,True,True,True,True,forecast_icc,,267809056.0
TGB,ok,True,True,True,True,True,forecast_icc,,3308850944.0
TGE,failed,True,True,False,False,False,,missing_positive_eps,44482420.0
TGE-W,failed,False,False,False,False,False,,missing_price,
TGEN,ok,True,True,True,False,True,forecast_icc,,92374736.0
TGHL,failed,True,True,False,False,False,,missing_positive_eps,19255686.0
TGL,failed,True,True,False,False,False,,missing_positive_eps,5072789.0
TGLS,ok,True,True,True,True,True,forecast_icc,,1761275264.0
TGS,ok,True,True,True,True,True,forecast_icc,,4350958592.0
TGT,ok,True,True,True,True,True,forecast_icc,,73086410752.0
TGTX,ok,True,True,True,True,True,forecast_icc,,8311649792.0
TH,ok,True,True,True,False,True,forecast_icc,,1845025920.0
THC,ok,True,True,True,True,True,forecast_icc,,21410807808.0
THCH,failed,True,True,False,False,False,,missing_positive_eps,44210408.0
THEO,failed,True,True,False,False,False,,missing_positive_eps,249564336.0
THFF,ok,True,True,True,True,True,forecast_icc,,930897600.0
THG,ok,True,True,True,True,True,forecast_icc,,7873200128.0
THH,failed,True,True,False,False,False,,missing_positive_eps,10659852.0
THM,failed,True,True,False,False,False,,missing_positive_eps,659244800.0
THO,ok,True,True,True,True,True,forecast_icc,,3956360192.0
THRM,ok,True,True,True,True,True,forecast_icc,,1206407680.0
THRY,failed,True,True,False,False,False,,missing_positive_eps,84878704.0
TIC,ok,True,True,True,False,True,forecast_icc,,2070911104.0
TIGO,ok,True,True,True,True,True,forecast_icc,,15724489728.0
TIGR,ok,True,True,True,True,True,forecast_icc,,906420608.0
TII,failed,True,True,False,False,False,,missing_positive_eps,287042976.0
TIL,failed,True,True,False,False,False,,missing_positive_eps,51610844.0
TILE,ok,True,True,True,True,True,forecast_icc,,2191793408.0
TIMB,ok,True,True,True,True,True,forecast_icc,,8522451968.0
TIPT,failed,True,True,False,False,False,,missing_positive_eps,689679104.0
TISI,failed,True,True,False,False,False,,missing_positive_eps,112976104.0
TITN,failed,True,True,False,False,False,,missing_positive_eps,479325824.0
TJGC,failed,True,True,False,False,False,,missing_positive_eps,101808232.0
TJX,ok,True,True,True,True,True,forecast_icc,,147930972160.0
TK,ok,True,True,True,True,True,forecast_icc,,1154018432.0
TKC,ok,True,True,True,True,True,forecast_icc,,4379002368.0
TKLF,ok,True,True,False,True,True,trailing_eps_fallback_icc,,7195728.0
TKNO,failed,True,True,False,False,False,,missing_positive_eps,385481600.0
TKO,ok,True,True,True,True,True,forecast_icc,,34562543616.0
TKR,ok,True,True,True,True,True,forecast_icc,,8370613760.0
TLF,ok,True,True,True,False,True,forecast_icc,,21463236.0
TLIH,ok,True,True,False,True,True,trailing_eps_fallback_icc,,17010416.0
TLK,ok,True,True,True,True,True,forecast_icc,,14373101568.0
TLN,ok,True,True,True,False,True,forecast_icc,,14171121664.0
TLNC,failed,True,True,False,False,False,,missing_positive_eps,432514144.0
TLPH,failed,True,True,False,False,False,,missing_positive_eps,61767900.0
TLRY,ok,True,True,True,False,True,forecast_icc,,628744768.0
TLS,ok,True,True,True,False,True,forecast_icc,,360231360.0
TLSA,failed,True,True,False,False,False,,missing_positive_eps,125732016.0
TLSI,failed,True,True,False,False,False,,missing_positive_eps,304794272.0
TLX,ok,True,True,True,True,True,forecast_icc,,3757037568.0
TLYS,ok,True,True,True,False,True,forecast_icc,,119514608.0
TM,ok,True,True,True,True,True,forecast_icc,,232739405824.0
TMC,failed,True,True,False,False,False,,missing_positive_eps,2699042048.0
TMCI,failed,True,True,False,False,False,,missing_positive_eps,305662368.0
TMCR,failed,True,True,False,False,False,,missing_positive_eps,428753216.0
TMDE,ok,True,True,False,True,True,trailing_eps_fallback_icc,,16929096.0
TMDX,ok,True,True,True,True,True,forecast_icc,,2933184768.0
TME,ok,True,True,True,True,True,forecast_icc,,13550859264.0
TMO,ok,True,True,True,True,True,forecast_icc,,228171055104.0
TMP,ok,True,True,True,True,True,forecast_icc,,1396867712.0
TMQ,failed,True,True,False,False,False,,missing_positive_eps,623611712.0
TMS,failed,True,True,False,False,False,,missing_positive_eps,468480864.0
TMTS,failed,True,True,False,False,False,,missing_positive_eps,308813344.0
TMUS,ok,True,True,True,True,True,forecast_icc,,193552875520.0
TNC,ok,True,True,True,True,True,forecast_icc,,1186631552.0
TNDM,ok,True,True,True,False,True,forecast_icc,,1531427328.0
TNET,ok,True,True,True,True,True,forecast_icc,,3226643968.0
TNGX,failed,True,True,False,False,False,,missing_positive_eps,3851060736.0
TNK,ok,True,True,True,True,True,forecast_icc,,3105475328.0
TNL,ok,True,True,True,True,True,forecast_icc,,4213756160.0
TNMG,failed,True,True,False,False,False,,missing_positive_eps,1437488.0
TNON,failed,True,True,False,False,False,,missing_positive_eps,3021723.0
TNXP,failed,True,True,False,False,False,,missing_positive_eps,241829440.0
TNYA,failed,True,True,False,False,False,,missing_positive_eps,154225408.0
TOI,failed,False,True,False,False,False,,missing_price,512912480.0
TOL,ok,True,True,True,True,True,forecast_icc,,13250189312.0
TOMZ,ok,True,True,True,False,True,forecast_icc,,13435252.0
TONT,ok,True,True,False,True,True,trailing_eps_fallback_icc,,153775024.0
TONT-U,failed,False,False,False,False,False,,missing_price,
TONT-W,failed,False,False,False,False,False,,missing_price,
TONX,failed,True,True,False,False,False,,missing_positive_eps,187244768.0
TOON,ok,True,True,False,True,True,trailing_eps_fallback_icc,,39269448.0
TOP,failed,True,True,False,False,False,,missing_positive_eps,2057222528.0
TOPP,failed,True,True,False,False,False,,missing_positive_eps,4347200.0
TOPS,ok,True,True,True,True,True,forecast_icc,,4172877.0
TORO,ok,True,True,False,True,True,trailing_eps_fallback_icc,,211503088.0
TOST,ok,True,True,True,True,True,forecast_icc,,19704020992.0
TOUR,ok,True,True,True,True,True,forecast_icc,,52471944.0
TOVX,ok,True,True,False,True,True,trailing_eps_fallback_icc,,11473167.0
TOWN,ok,True,True,True,True,True,forecast_icc,,3423876608.0
TOYO,ok,True,True,True,True,True,forecast_icc,,179846768.0
TP,ok,True,True,False,True,True,trailing_eps_fallback_icc,,122749128.0
TPB,ok,True,True,True,True,True,forecast_icc,,1568189312.0
TPC,ok,True,True,True,True,True,forecast_icc,,4653417984.0
TPCS,ok,True,True,True,False,True,forecast_icc,,55854720.0
TPET,failed,True,True,False,False,False,,missing_positive_eps,9050279.0
TPG,ok,True,True,True,True,True,forecast_icc,,21137504256.0
TPL,ok,True,True,True,True,True,forecast_icc,,25819981824.0
TPR,ok,True,True,True,True,True,forecast_icc,,24602939392.0
TPST,failed,True,True,False,False,False,,missing_positive_eps,18028346.0
TPVG,ok,True,True,True,True,True,forecast_icc,,223089296.0
TR,ok,True,True,False,True,True,trailing_eps_fallback_icc,,3071162624.0
TRAD,failed,True,True,False,False,False,,missing_positive_eps,147101856.0
TRAD-R,failed,False,False,False,False,False,,missing_price,
TRAD-U,failed,False,False,False,False,False,,missing_price,
TRAK,ok,True,True,True,True,True,forecast_icc,,145570256.0
TRAW,failed,True,True,False,False,False,,missing_positive_eps,9098020.0
TRAX,failed,True,True,False,False,False,,missing_positive_eps,1494978560.0
TRBG,failed,False,False,False,False,False,,missing_price,
TRC,ok,True,True,True,True,True,forecast_icc,,434504832.0
TRDA,failed,True,True,False,False,False,,missing_positive_eps,274503520.0
TREE,ok,True,True,True,True,True,forecast_icc,,393669312.0
TREO,failed,True,True,False,False,False,,missing_positive_eps,11196170.0
TREX,ok,True,True,True,True,True,forecast_icc,,4735704064.0
TRGP,ok,True,True,True,True,True,forecast_icc,,62967668736.0
TRGS,failed,True,True,False,False,False,,missing_positive_eps,259109408.0
TRI,ok,True,True,True,True,True,forecast_icc,,46493663232.0
TRIB,failed,True,True,False,False,False,,missing_positive_eps,8025612.0
TRIN,ok,True,True,True,True,True,forecast_icc,,1763194496.0
TRIP,ok,True,True,True,False,True,forecast_icc,,1115737856.0
TRLV,ok,True,True,True,False,True,forecast_icc,,2216425728.0
TRMB,ok,True,True,True,False,True,forecast_icc,,13976799232.0
TRMD,ok,True,True,True,True,True,forecast_icc,,3358665472.0
TRMK,ok,True,True,True,True,True,forecast_icc,,2666600704.0
TRN,ok,True,True,True,True,True,forecast_icc,,2296074496.0
TRNO,ok,True,True,True,True,True,forecast_icc,,7214924288.0
TRNR,failed,True,True,False,False,False,,missing_positive_eps,4127384.0
TRNS,ok,True,True,True,True,True,forecast_icc,,809529920.0
TRON,failed,True,True,False,False,False,,missing_positive_eps,830168640.0
TROO,failed,True,True,False,False,False,,missing_positive_eps,277303584.0
TROW,ok,True,True,True,True,True,forecast_icc,,23737788416.0
TROX,failed,True,True,False,False,False,,missing_positive_eps,844813184.0
TRP,ok,True,True,True,True,True,forecast_icc,,65141682176.0
TRS,ok,True,True,True,True,True,forecast_icc,,1391188736.0
TRSG,failed,True,True,False,False,False,,missing_positive_eps,22731346.0
TRST,ok,True,True,True,True,True,forecast_icc,,965813440.0
TRT,ok,True,True,False,True,True,trailing_eps_fallback_icc,,101125992.0
TRTX,ok,True,True,True,True,True,forecast_icc,,597592448.0
TRU,ok,True,True,True,True,True,forecast_icc,,16268756992.0
TRUG,failed,True,True,False,False,False,,missing_positive_eps,905873.0
TRUP,ok,True,True,True,True,True,forecast_icc,,1278886656.0
TRV,ok,True,True,True,True,True,forecast_icc,,76323856384.0
TRVG,ok,True,True,True,True,True,forecast_icc,,404299968.0
TRVI,failed,True,True,False,False,False,,missing_positive_eps,2365099008.0
TRX,ok,True,True,True,False,True,forecast_icc,,373320384.0
TS,ok,True,True,True,True,True,forecast_icc,,28204285952.0
TSAT,failed,True,True,False,False,False,,missing_positive_eps,2229777920.0
TSBK,ok,True,True,False,True,True,trailing_eps_fallback_icc,,354492704.0
TSCO,ok,True,True,True,True,True,forecast_icc,,18184300544.0
TSEM,ok,True,True,True,True,True,forecast_icc,,23177056256.0
TSHA,failed,True,True,False,False,False,,missing_positive_eps,1853992832.0
TSI,ok,True,True,False,True,True,trailing_eps_fallback_icc,,279066976.0
TSLA,ok,True,True,True,True,True,forecast_icc,,1453236027392.0
TSLX,ok,True,True,True,True,True,forecast_icc,,1798171648.0
TSM,ok,True,True,True,True,True,forecast_icc,,2154046423040.0
TSN,ok,True,True,True,True,True,forecast_icc,,19398334464.0
TSQ,ok,True,True,True,False,True,forecast_icc,,105561192.0
TSSI,ok,True,True,True,True,True,forecast_icc,,222084080.0
TT,ok,True,True,True,True,True,forecast_icc,,97778302976.0
TTAM,ok,True,True,True,True,True,forecast_icc,,2750850304.0
TTAN,ok,True,True,True,False,True,forecast_icc,,9352778752.0
TTC,ok,True,True,True,True,True,forecast_icc,,9314400256.0
TTD,ok,True,True,True,True,True,forecast_icc,,6446756352.0
TTE,ok,True,True,True,True,True,forecast_icc,,195400679424.0
TTEC,ok,True,True,True,False,True,forecast_icc,,66056560.0
TTEK,ok,True,True,True,True,True,forecast_icc,,9253445632.0
TTGT,ok,True,True,True,False,True,forecast_icc,,279927360.0
TTI,ok,True,True,True,True,True,forecast_icc,,1021702208.0
TTMI,ok,True,True,True,True,True,forecast_icc,,12528087040.0
TTRX,failed,True,True,False,False,False,,missing_positive_eps,291529984.0
TTWO,ok,True,True,True,False,True,forecast_icc,,41079603200.0
TU,ok,True,True,True,False,True,forecast_icc,,15246001152.0
TULP,failed,True,True,False,False,False,,missing_positive_eps,16226694.0
TURB,failed,True,True,False,False,False,,missing_positive_eps,14180225.0
TUSK,failed,True,True,False,False,False,,missing_positive_eps,150639344.0
TUYA,ok,True,True,True,True,True,forecast_icc,,1152648064.0
TV,ok,True,True,True,False,True,forecast_icc,,1449415040.0
TVA,ok,True,True,False,True,True,trailing_eps_fallback_icc,,316500000.0
TVAI,ok,True,True,False,True,True,trailing_eps_fallback_icc,,282292736.0
TVC,failed,True,False,False,False,False,,missing_positive_eps,
TVE,failed,True,False,False,False,False,,missing_positive_eps,
TVGN,failed,True,True,False,False,False,,missing_positive_eps,45450548.0
TVIV,failed,True,True,False,False,False,,missing_positive_eps,205840000.0
TVRD,failed,True,True,False,False,False,,missing_positive_eps,24010096.0
TVTX,ok,True,True,True,False,True,forecast_icc,,6163569664.0
TW,ok,True,True,True,True,True,forecast_icc,,23481401344.0
TWAV,failed,True,True,False,False,False,,missing_positive_eps,4700362.0
TWFG,ok,True,True,True,True,True,forecast_icc,,371340000.0
TWG,ok,True,True,False,True,True,trailing_eps_fallback_icc,,30320080.0
TWI,ok,True,True,True,False,True,forecast_icc,,464059520.0
TWIN,ok,True,True,True,True,True,forecast_icc,,331003904.0
TWLO,ok,True,True,True,True,True,forecast_icc,,36186927104.0
TWLV,ok,True,True,False,True,True,trailing_eps_fallback_icc,,236015616.0
TWN,ok,True,True,False,True,True,trailing_eps_fallback_icc,,586032512.0
TWST,failed,True,True,False,False,False,,missing_positive_eps,8716332032.0
TX,ok,True,True,True,True,True,forecast_icc,,10761586688.0
TXG,ok,True,True,True,False,True,forecast_icc,,8136683520.0
TXMD,ok,True,True,True,False,True,forecast_icc,,25232110.0
TXN,ok,True,True,True,True,True,forecast_icc,,238275461120.0
TXNM,ok,True,True,True,True,True,forecast_icc,,5936486400.0
TXO,ok,True,True,True,False,True,forecast_icc,,802863936.0
TXRH,ok,True,True,True,True,True,forecast_icc,,12839365632.0
TXT,ok,True,True,True,True,True,forecast_icc,,14008495104.0
TY,ok,True,True,False,True,True,trailing_eps_fallback_icc,,1893511424.0
TYG,ok,True,True,False,True,True,trailing_eps_fallback_icc,,1109667456.0
TYGO,ok,True,True,False,True,True,trailing_eps_fallback_icc,,81224552.0
TYL,ok,True,True,True,True,True,forecast_icc,,15243254784.0
TYRA,failed,True,True,False,False,False,,missing_positive_eps,1488543616.0
TZOO,ok,True,True,True,True,True,forecast_icc,,66111144.0
U,ok,True,True,True,False,True,forecast_icc,,18527744000.0
UA,ok,True,True,True,False,True,forecast_icc,,2117659392.0
UAA,ok,True,True,True,False,True,forecast_icc,,2164909568.0
UAC,failed,True,True,False,False,False,,missing_positive_eps,137844112.0
UAC-U,failed,False,False,False,False,False,,missing_price,
UAC-W,failed,False,False,False,False,False,,missing_price,
UAL,ok,True,True,True,True,True,forecast_icc,,35050283008.0
UAMY,ok,True,True,True,False,True,forecast_icc,,728889856.0
UAN,ok,True,True,False,True,True,trailing_eps_fallback_icc,,1336002304.0
UAVS,failed,True,True,False,False,False,,missing_positive_eps,70454392.0
UBCP,ok,True,True,True,True,True,forecast_icc,,88671112.0
UBER,ok,True,True,True,True,True,forecast_icc,,154519683072.0
UBS,ok,True,True,True,True,True,forecast_icc,,170600267776.0
UBSI,ok,True,True,True,True,True,forecast_icc,,6419698688.0
UCAR,failed,True,True,False,False,False,,missing_positive_eps,14147777.0
UCB,ok,True,True,True,True,True,forecast_icc,,4200850688.0
UCFI,ok,True,True,False,True,True,trailing_eps_fallback_icc,,287814784.0
UCL,ok,True,True,True,False,True,forecast_icc,,14334113.0
UCTT,ok,True,True,True,False,True,forecast_icc,,3040707072.0
UDR,ok,True,True,True,True,True,forecast_icc,,13690553344.0
UE,ok,True,True,True,True,True,forecast_icc,,2913459712.0
UEC,failed,True,True,False,False,False,,missing_positive_eps,6057237504.0
UEIC,ok,True,True,True,False,True,forecast_icc,,58755880.0
UFCS,ok,True,True,True,True,True,forecast_icc,,1382097664.0
UFG,ok,True,True,True,False,True,forecast_icc,,18186892.0
UFI,ok,True,True,True,False,True,forecast_icc,,137371488.0
UFPI,ok,True,True,True,True,True,forecast_icc,,4662248960.0
UFPT,ok,True,True,True,True,True,forecast_icc,,2307858176.0
UG,ok,True,True,False,True,True,trailing_eps_fallback_icc,,33262868.0
UGI,ok,True,True,True,True,True,forecast_icc,,8247331328.0
UGP,ok,True,True,True,True,True,forecast_icc,,7097029120.0
UHAL,ok,True,True,True,True,True,forecast_icc,,13092401152.0
UHAL-B,ok,True,True,True,True,True,forecast_icc,,11599459328.0
UHS,ok,True,True,True,True,True,forecast_icc,,10038657024.0
UHT,ok,True,True,False,True,True,trailing_eps_fallback_icc,,569568064.0
UI,ok,True,True,True,True,True,forecast_icc,,35712954368.0
UIS,ok,True,True,True,False,True,forecast_icc,,196873072.0
UK,failed,True,True,False,False,False,,missing_positive_eps,7474474.0
UL,ok,True,True,True,True,True,forecast_icc,,139639193600.0
ULBI,ok,True,True,True,False,True,forecast_icc,,105145224.0
ULCC,ok,True,True,True,False,True,forecast_icc,,1312229888.0
ULH,ok,True,True,True,False,True,forecast_icc,,492550592.0
ULS,ok,True,True,True,True,True,forecast_icc,,15020482560.0
ULTA,ok,True,True,True,True,True,forecast_icc,,22965037056.0
UMAC,failed,True,True,False,False,False,,missing_positive_eps,1182470400.0
UMBF,ok,True,True,True,True,True,forecast_icc,,10756803584.0
UMC,ok,True,True,True,True,True,forecast_icc,,49857220608.0
UMH,ok,True,True,True,True,True,forecast_icc,,1404593152.0
UNB,ok,True,True,False,True,True,trailing_eps_fallback_icc,,116598840.0
UNCY,ok,True,True,True,False,True,forecast_icc,,142443744.0
UNF,ok,True,True,True,True,True,forecast_icc,,5002082304.0
UNFI,ok,True,True,True,False,True,forecast_icc,,2654369536.0
UNH,ok,True,True,True,True,True,forecast_icc,,349532389376.0
UNIT,ok,True,True,False,True,True,trailing_eps_fallback_icc,,2407833344.0
UNM,ok,True,True,True,True,True,forecast_icc,,14757359616.0
UNP,ok,True,True,True,True,True,forecast_icc,,178620694528.0
UNTY,ok,True,True,True,True,True,forecast_icc,,582770816.0
UONE,failed,True,True,False,False,False,,missing_positive_eps,21866242.0
UONEK,failed,True,True,False,False,False,,missing_positive_eps,18973268.0
UP,failed,True,True,False,False,False,,missing_positive_eps,160339216.0
UPB,failed,True,True,False,False,False,,missing_positive_eps,362584288.0
UPBD,ok,True,True,True,True,True,forecast_icc,,1066879040.0
UPC,failed,True,True,False,False,False,,missing_positive_eps,3040730.0
UPLD,ok,True,True,True,False,True,forecast_icc,,12863781.0
UPS,ok,True,True,True,True,True,forecast_icc,,88676966400.0
UPST,ok,True,True,True,True,True,forecast_icc,,2745007872.0
UPWK,ok,True,True,True,True,True,forecast_icc,,1127877376.0
UPXI,ok,True,True,False,True,True,trailing_eps_fallback_icc,,80063072.0
URBN,ok,True,True,True,True,True,forecast_icc,,6911130112.0
URG,failed,True,True,False,False,False,,missing_positive_eps,564966464.0
URGN,ok,True,True,True,False,True,forecast_icc,,2106263552.0
URI,ok,True,True,True,True,True,forecast_icc,,64607703040.0
UROY,ok,True,True,True,True,True,forecast_icc,,1604293504.0
USA,ok,True,True,True,True,True,forecast_icc,,1846233856.0
USAC,ok,True,True,True,True,True,forecast_icc,,3922166784.0
USAR,failed,True,True,False,False,False,,missing_positive_eps,4360039424.0
USAS,ok,True,True,True,False,True,forecast_icc,,1815906304.0
USAU,failed,True,True,False,False,False,,missing_positive_eps,261278640.0
USB,ok,True,True,True,True,True,forecast_icc,,95944810496.0
USBC,failed,True,True,False,False,False,,missing_positive_eps,164185088.0
USCB,ok,True,True,True,True,True,forecast_icc,,410872224.0
USDE,failed,True,True,False,False,False,,missing_positive_eps,213140560.0
USEA,ok,True,True,True,False,True,forecast_icc,,26325264.0
USFD,ok,True,True,True,True,True,forecast_icc,,22680111104.0
USGO,failed,True,True,False,False,False,,missing_positive_eps,125619832.0
USIO,ok,True,True,True,False,True,forecast_icc,,79217248.0
USLM,ok,True,True,True,True,True,forecast_icc,,3388956416.0
USNA,ok,True,True,True,False,True,forecast_icc,,263475376.0
USPH,ok,True,True,True,True,True,forecast_icc,,1160090496.0
UTF,ok,True,True,False,True,True,trailing_eps_fallback_icc,,3032289792.0
UTG,ok,True,True,False,True,True,trailing_eps_fallback_icc,,3475278592.0
UTHR,ok,True,True,True,True,True,forecast_icc,,21890551808.0
UTI,ok,True,True,True,True,True,forecast_icc,,1164162176.0
UTL,ok,True,True,True,True,True,forecast_icc,,976391552.0
UTMD,ok,True,True,False,True,True,trailing_eps_fallback_icc,,226464960.0
UTSI,failed,True,True,False,False,False,,missing_positive_eps,22785864.0
UTZ,ok,True,True,True,False,True,forecast_icc,,1258307712.0
UUU,failed,True,True,False,False,False,,missing_positive_eps,15324023.0
UUUU,ok,True,True,True,False,True,forecast_icc,,3686983680.0
UVE,ok,True,True,True,True,True,forecast_icc,,1196148736.0
UVSP,ok,True,True,True,True,True,forecast_icc,,1145153536.0
UVV,ok,True,True,True,True,True,forecast_icc,,1132916096.0
UWMC,ok,True,True,True,False,True,forecast_icc,,4155687680.0
UXIN,failed,True,True,False,False,False,,missing_positive_eps,252977296.0
UYSC,ok,True,True,False,True,True,trailing_eps_fallback_icc,,84165240.0
UZX,failed,True,True,False,False,False,,missing_positive_eps,7647734.0
V,ok,True,True,True,True,True,forecast_icc,,708301750272.0
VABK,ok,True,True,False,True,True,trailing_eps_fallback_icc,,251190560.0
VAC,ok,True,True,True,False,True,forecast_icc,,3586056192.0
VACI,failed,True,True,False,False,False,,missing_positive_eps,329243296.0
VACI-U,failed,False,False,False,False,False,,missing_price,
VACI-W,failed,False,False,False,False,False,,missing_price,
VAI,failed,True,True,False,False,False,,missing_positive_eps,24456580.0
VAL,ok,True,True,True,True,True,forecast_icc,,5997170688.0
VALE,ok,True,True,True,True,True,forecast_icc,,64219459584.0
VALN,ok,True,True,True,False,True,forecast_icc,,597387776.0
VALU,ok,True,True,False,True,True,trailing_eps_fallback_icc,,347237920.0
VANI,failed,True,True,False,False,False,,missing_positive_eps,125382672.0
VATE,failed,True,True,False,False,False,,missing_positive_eps,101495480.0
VBF,ok,True,True,False,True,True,trailing_eps_fallback_icc,,167491808.0
VBIO,failed,True,True,False,False,False,,missing_positive_eps,3168692.0
VBNK,ok,True,True,True,True,True,forecast_icc,,622225280.0
VC,ok,True,True,True,True,True,forecast_icc,,2717985024.0
VCEL,ok,True,True,True,True,True,forecast_icc,,2043144064.0
VCIG,failed,True,True,False,False,False,,missing_positive_eps,1275127.0
VCRE,failed,True,True,False,False,False,,missing_positive_eps,310804256.0
VCTR,ok,True,True,True,True,True,forecast_icc,,7258744832.0
VCV,ok,True,True,False,True,True,trailing_eps_fallback_icc,,514723072.0
VCX,failed,True,False,False,False,False,,missing_positive_eps,
VCYT,ok,True,True,True,True,True,forecast_icc,,3472075520.0
VECA,failed,True,True,False,False,False,,missing_positive_eps,132527032.0
VECA-R,failed,False,False,False,False,False,,missing_price,
VECA-U,failed,False,False,False,False,False,,missing_price,
VECO,ok,True,True,True,True,True,forecast_icc,,2708043008.0
VEEA,failed,True,True,False,False,False,,missing_positive_eps,111985480.0
VEEE,failed,True,True,False,False,False,,missing_positive_eps,5802470.0
VEEV,ok,True,True,True,True,True,forecast_icc,,46255738880.0
VEL,ok,True,True,True,True,True,forecast_icc,,708692160.0
VELO,failed,True,True,False,False,False,,missing_positive_eps,382896000.0
VENU,ok,True,True,True,False,True,forecast_icc,,107924256.0
VEON,ok,True,True,True,True,True,forecast_icc,,4261130752.0
VERA,failed,True,True,False,False,False,,missing_positive_eps,2455918592.0
VERI,failed,True,True,False,False,False,,missing_positive_eps,79732776.0
VERU,failed,True,True,False,False,False,,missing_positive_eps,47740896.0
VERX,ok,True,True,True,True,True,forecast_icc,,2291327744.0
VET,ok,True,True,True,False,True,forecast_icc,,1960423936.0
VFC,ok,True,True,True,True,True,forecast_icc,,5283728384.0
VFF,ok,True,True,True,True,True,forecast_icc,,352184544.0
VFS,failed,True,True,False,False,False,,missing_positive_eps,7357840896.0
VG,ok,True,True,True,True,True,forecast_icc,,36601360384.0
VGAS,failed,True,True,False,False,False,,missing_positive_eps,57914508.0
VGI,ok,True,True,False,True,True,trailing_eps_fallback_icc,,83151240.0
VGM,ok,True,True,False,True,True,trailing_eps_fallback_icc,,562385472.0
VGNT,ok,True,True,True,True,True,forecast_icc,,3357591552.0
VGZ,failed,True,True,False,False,False,,missing_positive_eps,318217536.0
VHC,ok,True,True,True,False,True,forecast_icc,,49756272.0
VHCP,failed,True,True,False,False,False,,missing_positive_eps,308506688.0
VHI,ok,True,True,True,False,True,forecast_icc,,529323104.0
VHUB,failed,True,True,False,False,False,,missing_positive_eps,80087560.0
VIA,ok,True,True,True,False,True,forecast_icc,,2276451840.0
VIAV,ok,True,True,True,False,True,forecast_icc,,8954551296.0
VICI,ok,True,True,True,True,True,forecast_icc,,28242636800.0
VICR,ok,True,True,True,True,True,forecast_icc,,8653310976.0
VIDA,failed,True,True,False,False,False,,missing_positive_eps,54825576.0
VII,failed,True,False,False,False,False,,missing_positive_eps,
VII-U,failed,False,False,False,False,False,,missing_price,
VII-W,failed,False,False,False,False,False,,missing_price,
VIK,ok,True,True,True,True,True,forecast_icc,,38473408512.0
VINP,ok,True,True,True,True,True,forecast_icc,,642069376.0
VIOT,failed,True,True,False,False,False,,missing_positive_eps,62710488.0
VIP,ok,True,True,False,True,True,trailing_eps_fallback_icc,,31883730.0
VIPS,ok,True,True,True,True,True,forecast_icc,,6229050368.0
VIR,failed,True,True,False,False,False,,missing_positive_eps,1851222400.0
VIRC,ok,True,True,True,False,True,forecast_icc,,94377256.0
VIRT,ok,True,True,True,True,True,forecast_icc,,5796056576.0
VISN,ok,True,True,True,False,True,forecast_icc,,1455252608.0
VIST,ok,True,True,True,True,True,forecast_icc,,7904719872.0
VITL,ok,True,True,True,False,True,forecast_icc,,458508640.0
VIV,ok,True,True,True,True,True,forecast_icc,,18438647808.0
VIVK,failed,True,True,False,False,False,,missing_positive_eps,2135640.0
VIVO,failed,True,True,False,False,False,,missing_positive_eps,125047024.0
VIVS,failed,True,True,False,False,False,,missing_positive_eps,3902075.0
VKI,ok,True,True,False,True,True,trailing_eps_fallback_icc,,398599392.0
VKQ,ok,True,True,False,True,True,trailing_eps_fallback_icc,,537307840.0
VKTX,failed,True,True,False,False,False,,missing_positive_eps,3823883008.0
VLGEA,ok,True,True,False,True,True,trailing_eps_fallback_icc,,640954752.0
VLN,failed,True,True,False,False,False,,missing_positive_eps,192738496.0
VLO,ok,True,True,True,True,True,forecast_icc,,103342923776.0
VLOS,ok,True,True,False,True,True,trailing_eps_fallback_icc,,250552000.0
VLRS,failed,True,True,False,False,False,,missing_positive_eps,751781952.0
VLT,ok,True,True,False,True,True,trailing_eps_fallback_icc,,64331080.0
VLTO,ok,True,True,True,True,True,forecast_icc,,24030709760.0
VLY,ok,True,True,True,True,True,forecast_icc,,7537536000.0
VMAR,failed,True,True,False,False,False,,missing_positive_eps,5080698.0
VMC,ok,True,True,True,True,True,forecast_icc,,34931834880.0
VMD,ok,True,True,True,True,True,forecast_icc,,336699936.0
VMET,ok,True,True,False,True,True,trailing_eps_fallback_icc,,1115502464.0
VMI,ok,True,True,True,True,True,forecast_icc,,9117815808.0
VMO,ok,True,True,False,True,True,trailing_eps_fallback_icc,,653500224.0
VMRK,ok,True,True,True,True,True,forecast_icc,,25980092416.0
VNCE,ok,True,True,True,True,True,forecast_icc,,87875496.0
VNDA,ok,True,True,True,False,True,forecast_icc,,326498528.0
VNET,ok,True,True,True,False,True,forecast_icc,,1725231360.0
VNME,failed,True,True,False,False,False,,missing_positive_eps,256750016.0
VNO,ok,True,True,True,True,True,forecast_icc,,7655126016.0
VNOM,ok,True,True,True,False,True,forecast_icc,,23469277184.0
VNRX,failed,True,True,False,False,False,,missing_positive_eps,6258029.0
VNT,ok,True,True,True,True,True,forecast_icc,,4354791936.0
VNTG,failed,True,True,False,False,False,,missing_positive_eps,18763378.0
VOD,ok,True,True,True,False,True,forecast_icc,,37068976128.0
VOGX,failed,True,True,False,False,False,,missing_positive_eps,505072960.0
VOR,ok,True,True,False,True,True,trailing_eps_fallback_icc,,1218098432.0
VOXR,ok,True,True,True,True,True,forecast_icc,,381876544.0
VOYA,ok,True,True,True,True,True,forecast_icc,,9179222016.0
VOYG,failed,True,True,False,False,False,,missing_positive_eps,2052407296.0
VPG,ok,True,True,True,True,True,forecast_icc,,823335808.0
VPV,ok,True,True,False,True,True,trailing_eps_fallback_icc,,200967872.0
VRA,failed,True,True,False,False,False,,missing_positive_eps,96690056.0
VRAX,failed,True,True,False,False,False,,missing_positive_eps,2247506.0
VRCA,failed,True,True,False,False,False,,missing_positive_eps,93796184.0
VRDN,failed,True,True,False,False,False,,missing_positive_eps,2623848960.0
VREX,ok,True,True,True,True,True,forecast_icc,,779321216.0
VRM,failed,True,True,False,False,False,,missing_positive_eps,48430932.0
VRME,ok,True,True,True,False,True,forecast_icc,,8380964.0
VRNS,ok,True,True,True,False,True,forecast_icc,,5027443712.0
VRRM,ok,True,True,True,True,True,forecast_icc,,673283776.0
VRSK,ok,True,True,True,True,True,forecast_icc,,25389412352.0
VRSN,ok,True,True,True,True,True,forecast_icc,,26060511232.0
VRT,ok,True,True,True,True,True,forecast_icc,,99604135936.0
VRTS,ok,True,True,True,True,True,forecast_icc,,1105891200.0
VRTX,ok,True,True,True,True,True,forecast_icc,,137926918144.0
VRXA,failed,True,True,False,False,False,,missing_positive_eps,190900544.0
VS,failed,True,True,False,False,False,,missing_positive_eps,7890060.0
VSA,failed,True,True,False,False,False,,missing_positive_eps,9244618.0
VSAT,ok,True,True,True,False,True,forecast_icc,,9266832384.0
VSEC,ok,True,True,True,True,True,forecast_icc,,5856598016.0
VSEE,failed,True,True,False,False,False,,missing_positive_eps,793517.0
VSH,ok,True,True,True,True,True,forecast_icc,,4667328000.0
VSME,failed,True,True,False,False,False,,missing_positive_eps,2903323.0
VSNT,ok,True,True,True,True,True,forecast_icc,,5722673664.0
VST,ok,True,True,True,True,True,forecast_icc,,46106206208.0
VSTM,failed,True,True,False,False,False,,missing_positive_eps,653868032.0
VSTS,ok,True,True,True,False,True,forecast_icc,,1653322880.0
VSXY,ok,True,True,True,True,True,forecast_icc,,6789388288.0
VTAK,failed,True,True,False,False,False,,missing_positive_eps,735249.0
VTEX,ok,True,True,True,True,True,forecast_icc,,613750016.0
VTGN,failed,True,True,False,False,False,,missing_positive_eps,11316112.0
VTIX,failed,True,True,False,False,False,,missing_positive_eps,45181896.0
VTMX,ok,True,True,True,True,True,forecast_icc,,3193766144.0
VTN,ok,True,True,False,True,True,trailing_eps_fallback_icc,,157058336.0
VTOL,ok,True,True,True,True,True,forecast_icc,,1345450368.0
VTR,ok,True,True,True,True,True,forecast_icc,,46765318144.0
VTRS,ok,True,True,True,False,True,forecast_icc,,18963234816.0
VTS,ok,True,True,True,False,True,forecast_icc,,736404480.0
VTSI,ok,True,True,True,False,True,forecast_icc,,34977636.0
VTVT,failed,True,True,False,False,False,,missing_positive_eps,126525696.0
VUZI,failed,True,True,False,False,False,,missing_positive_eps,220321136.0
VVOS,failed,True,True,False,False,False,,missing_positive_eps,3943132.0
VVR,ok,True,True,False,True,True,trailing_eps_fallback_icc,,454078816.0
VVV,ok,True,True,True,True,True,forecast_icc,,4090856192.0
VVX,ok,True,True,True,True,True,forecast_icc,,2418607872.0
VWAV,failed,True,True,False,False,False,,missing_positive_eps,24921468.0
VYGR,failed,True,True,False,False,False,,missing_positive_eps,212581920.0
VYX,ok,True,True,True,True,True,forecast_icc,,1157025792.0
VZ,ok,True,True,True,True,True,forecast_icc,,207821864960.0
VZLA,failed,True,True,False,False,False,,missing_positive_eps,1421623552.0
W,ok,True,True,True,False,True,forecast_icc,,13103291392.0
WAB,ok,True,True,True,True,True,forecast_icc,,48296677376.0
WABC,ok,True,True,True,True,True,forecast_icc,,1341602304.0
WAFD,ok,True,True,True,True,True,forecast_icc,,2644599808.0
WAFDP,ok,True,False,False,True,True,trailing_eps_fallback_icc,,
WAFU,failed,True,True,False,False,False,,missing_positive_eps,5954255.0
WAL,ok,True,True,True,True,True,forecast_icc,,8524050432.0
WALD,failed,True,True,False,False,False,,missing_positive_eps,178281216.0
WASH,ok,True,True,True,True,True,forecast_icc,,746378176.0
WAT,ok,True,True,True,True,True,forecast_icc,,40710803456.0
WATR,failed,True,True,False,False,False,,missing_positive_eps,68753368.0
WATT,ok,True,True,True,False,True,forecast_icc,,61239948.0
WAVE,failed,True,True,False,False,False,,missing_positive_eps,38061948.0
WAY,ok,True,True,True,True,True,forecast_icc,,5019973632.0
WB,ok,True,True,True,True,True,forecast_icc,,1677943680.0
WBD,ok,True,True,True,False,True,forecast_icc,,71528611840.0
WBI,ok,True,True,True,False,True,forecast_icc,,3925907200.0
WBTN,ok,True,True,True,False,True,forecast_icc,,1430394752.0
WBUY,failed,True,True,False,False,False,,missing_positive_eps,4932993.0
WBX,failed,True,True,False,False,False,,missing_positive_eps,73007320.0
WCC,ok,True,True,True,True,True,forecast_icc,,16588663808.0
WCN,ok,True,True,True,True,True,forecast_icc,,41589428224.0
WCT,failed,True,True,False,False,False,,missing_positive_eps,5753571.0
WD,ok,True,True,True,True,True,forecast_icc,,1391222400.0
WDAY,ok,True,True,True,True,True,forecast_icc,,47585447936.0
WDC,ok,True,True,True,True,True,forecast_icc,,162441707520.0
WDFC,ok,True,True,True,True,True,forecast_icc,,2874127616.0
WDH,ok,True,True,True,True,True,forecast_icc,,353912416.0
WDI,ok,True,True,False,True,True,trailing_eps_fallback_icc,,668108928.0
WDS,ok,True,True,True,True,True,forecast_icc,,44257611776.0
WEAV,ok,True,True,True,False,True,forecast_icc,,584793536.0
WEC,ok,True,True,True,True,True,forecast_icc,,34595426304.0
WELL,ok,True,True,True,True,True,forecast_icc,,170227941376.0
WEN,ok,True,True,True,True,True,forecast_icc,,1582303744.0
WENC,failed,True,True,False,False,False,,missing_positive_eps,160495824.0
WENC-R,failed,False,False,False,False,False,,missing_price,
WENC-U,failed,False,False,False,False,False,,missing_price,
WENN,ok,True,True,False,True,True,trailing_eps_fallback_icc,,389819840.0
WERN,ok,True,True,True,False,True,forecast_icc,,2348845568.0
WES,ok,True,True,True,True,True,forecast_icc,,19873697792.0
WEST,ok,True,True,True,False,True,forecast_icc,,760517312.0
WETH,ok,True,True,False,True,True,trailing_eps_fallback_icc,,15990934.0
WETO,failed,True,True,False,False,False,,missing_positive_eps,5906349.0
WEX,ok,True,True,True,True,True,forecast_icc,,6495273472.0
WEYS,ok,True,True,True,True,True,forecast_icc,,427597504.0
WF,ok,True,True,True,True,True,forecast_icc,,17749510144.0
WFC,ok,True,True,True,True,True,forecast_icc,,261243289600.0
WFCF,ok,True,True,True,True,True,forecast_icc,,63988672.0
WFF,failed,True,True,False,False,False,,missing_positive_eps,18321958.0
WFG,ok,True,True,True,False,True,forecast_icc,,5337188864.0
WFRD,ok,True,True,True,True,True,forecast_icc,,7008685056.0
WGO,ok,True,True,True,True,True,forecast_icc,,850610944.0
WGS,ok,True,True,True,False,True,forecast_icc,,2529249536.0
WH,ok,True,True,True,True,True,forecast_icc,,5466391552.0
WHD,ok,True,True,True,True,True,forecast_icc,,4903636480.0
WHG,ok,True,True,False,True,True,trailing_eps_fallback_icc,,184850864.0
WHK,ok,True,True,True,False,True,forecast_icc,,652947136.0
WHLR,ok,True,True,False,True,True,trailing_eps_fallback_icc,,524994.0
WHR,ok,True,True,True,True,True,forecast_icc,,2662742528.0
WHWK,failed,True,True,False,False,False,,missing_positive_eps,258820896.0
WILC,ok,True,True,False,True,True,trailing_eps_fallback_icc,,397167104.0
WIMI,ok,True,True,True,True,True,forecast_icc,,24819824.0
WINA,ok,True,True,True,True,True,forecast_icc,,1195186432.0
WING,ok,True,True,True,True,True,forecast_icc,,2982513920.0
WIT,ok,True,True,True,True,True,forecast_icc,,18301616128.0
WIX,ok,True,True,True,False,True,forecast_icc,,3693219328.0
WK,ok,True,True,True,True,True,forecast_icc,,4489546752.0
WKC,ok,True,True,True,False,True,forecast_icc,,1828670464.0
WKEY,ok,True,True,True,False,True,forecast_icc,,76860024.0
WKHS,failed,True,True,False,False,False,,missing_positive_eps,37485048.0
WKSP,failed,True,True,False,False,False,,missing_positive_eps,9328923.0
WLCO,failed,True,True,False,False,False,,missing_positive_eps,282900000.0
WLDN,ok,True,True,True,True,True,forecast_icc,,1339662336.0
WLDS,failed,True,True,False,False,False,,missing_positive_eps,5534417.0
WLFC,ok,True,True,True,True,True,forecast_icc,,1293698816.0
WLII,failed,True,True,False,False,False,,missing_positive_eps,260693968.0
WLK,ok,True,True,True,False,True,forecast_icc,,9593686016.0
WLKP,ok,True,True,True,True,True,forecast_icc,,762720832.0
WLTH,ok,True,True,True,False,True,forecast_icc,,1375616768.0
WLY,ok,True,True,True,True,True,forecast_icc,,2659504640.0
WLYB,ok,True,True,False,True,True,trailing_eps_fallback_icc,,2750371328.0
WM,ok,True,True,True,True,True,forecast_icc,,87505649664.0
WMB,ok,True,True,True,True,True,forecast_icc,,91798724608.0
WMG,ok,True,True,True,True,True,forecast_icc,,14756925440.0
WMK,ok,True,True,False,True,True,trailing_eps_fallback_icc,,1758103680.0
WMS,ok,True,True,True,True,True,forecast_icc,,10234767360.0
WMT,ok,True,True,True,True,True,forecast_icc,,834563735552.0
WNC,ok,True,True,True,False,True,forecast_icc,,549544448.0
WNEB,ok,True,True,True,True,True,forecast_icc,,275430272.0
WNW,failed,True,True,False,False,False,,missing_positive_eps,66089484.0
WOK,failed,True,True,False,False,False,,missing_positive_eps,5417077.0
WOLF,failed,True,True,False,False,False,,missing_positive_eps,1424035584.0
WOOF,ok,True,True,True,True,True,forecast_icc,,759603584.0
WOR,ok,True,True,True,True,True,forecast_icc,,2810354432.0
WPAC,failed,True,True,False,False,False,,missing_positive_eps,157291248.0
WPAC-R,failed,False,False,False,False,False,,missing_price,
WPAC-U,failed,False,False,False,False,False,,missing_price,
WPC,ok,True,True,True,True,True,forecast_icc,,15937394688.0
WPM,ok,True,True,True,True,True,forecast_icc,,68500946944.0
WPP,ok,True,True,True,False,True,forecast_icc,,5517731840.0
WPRT,failed,True,True,False,False,False,,missing_positive_eps,35142108.0
WRAP,failed,True,True,False,False,False,,missing_positive_eps,100695664.0
WRB,ok,True,True,True,True,True,forecast_icc,,25080129536.0
WRBY,ok,True,True,True,True,True,forecast_icc,,3040758272.0
WRD,failed,True,True,False,False,False,,missing_positive_eps,1894787328.0
WRLD,ok,True,True,True,True,True,forecast_icc,,857139136.0
WRN,ok,True,True,False,True,True,trailing_eps_fallback_icc,,567700288.0
WSBC,ok,True,True,True,True,True,forecast_icc,,3837194496.0
WSBF,ok,True,True,True,True,True,forecast_icc,,376798496.0
WSBK,ok,True,True,False,True,True,trailing_eps_fallback_icc,,116131232.0
WSC,ok,True,True,True,False,True,forecast_icc,,3750652928.0
WSE,ok,True,True,True,True,True,forecast_icc,,12896692224.0
WSFS,ok,True,True,True,True,True,forecast_icc,,3956967168.0
WSHP,failed,True,True,False,False,False,,missing_positive_eps,58653484.0
WSM,ok,True,True,True,True,True,forecast_icc,,26880546816.0
WSO,ok,True,True,True,True,True,forecast_icc,,12780753920.0
WSO-B,ok,True,True,False,True,True,trailing_eps_fallback_icc,,13037754368.0
WST,ok,True,True,True,True,True,forecast_icc,,24005873664.0
WSTN,failed,True,True,False,False,False,,missing_positive_eps,81838800.0
WTBA,ok,True,True,True,True,True,forecast_icc,,481485760.0
WTF,failed,True,True,False,False,False,,missing_positive_eps,128311680.0
WTFC,ok,True,True,True,True,True,forecast_icc,,10144183296.0
WTG,ok,True,True,False,True,True,trailing_eps_fallback_icc,,77618848.0
WTI,failed,True,True,False,False,False,,missing_positive_eps,559998336.0
WTM,ok,True,True,True,True,True,forecast_icc,,5016911360.0
WTRG,ok,True,True,True,True,True,forecast_icc,,11683164160.0
WTS,ok,True,True,True,True,True,forecast_icc,,12209850368.0
WTTR,ok,True,True,True,True,True,forecast_icc,,2783308288.0
WTW,ok,True,True,True,True,True,forecast_icc,,31441793024.0
WU,ok,True,True,True,True,True,forecast_icc,,2233053440.0
WULF,failed,True,True,False,False,False,,missing_positive_eps,7549395968.0
WVE,failed,True,True,False,False,False,,missing_positive_eps,965536064.0
WVVI,failed,True,True,False,False,False,,missing_positive_eps,11054555.0
WW,ok,True,True,False,True,True,trailing_eps_fallback_icc,,166879312.0
WWD,ok,True,True,True,True,True,forecast_icc,,20064950272.0
WWR,failed,True,True,False,False,False,,missing_positive_eps,75300416.0
WWW,ok,True,True,True,True,True,forecast_icc,,1619168768.0
WXM,failed,True,True,False,False,False,,missing_positive_eps,12740529.0
WY,ok,True,True,True,True,True,forecast_icc,,16843600896.0
WYFI,ok,True,True,True,False,True,forecast_icc,,735006464.0
WYHG,ok,True,True,False,True,True,trailing_eps_fallback_icc,,58250800.0
WYNN,ok,True,True,True,True,True,forecast_icc,,9399456768.0
WYY,ok,True,True,True,False,True,forecast_icc,,101782240.0
XAIR,ok,True,True,False,True,True,trailing_eps_fallback_icc,,3908095.0
XBIO,failed,True,True,False,False,False,,missing_positive_eps,9817929.0
XBIT,ok,True,True,True,False,True,forecast_icc,,70121784.0
XBP,ok,True,True,True,False,True,forecast_icc,,35168764.0
XCBE,failed,True,True,False,False,False,,missing_positive_eps,280968736.0
XCH,failed,True,True,False,False,False,,missing_positive_eps,15713840.0
XCUR,failed,True,True,False,False,False,,missing_positive_eps,8575253.0
XE,failed,True,True,False,False,False,,missing_positive_eps,5303613440.0
XEL,ok,True,True,True,True,True,forecast_icc,,47278571520.0
XELB,failed,True,True,False,False,False,,missing_positive_eps,6101055.0
XELLL,failed,True,False,False,False,False,,missing_positive_eps,
XENE,failed,True,True,False,False,False,,missing_positive_eps,5831730688.0
XERS,ok,True,True,True,False,True,forecast_icc,,1538783232.0
XFLH,failed,True,True,False,False,False,,missing_positive_eps,144458576.0
XFLH-R,failed,False,False,False,False,False,,missing_price,
XFLH-U,failed,False,False,False,False,False,,missing_price,
XFLT,failed,True,True,False,False,False,,missing_positive_eps,287254496.0
XFOR,ok,True,True,False,True,True,trailing_eps_fallback_icc,,400552832.0
XGN,failed,True,True,False,False,False,,missing_positive_eps,177814000.0
XHG,failed,True,True,False,False,False,,missing_positive_eps,179902272.0
XHLD,ok,True,True,True,False,True,forecast_icc,,108874960.0
XHR,ok,True,True,True,False,True,forecast_icc,,1854905216.0
XIFR,ok,True,True,True,True,True,forecast_icc,,1131600000.0
XLAB,failed,True,True,False,False,False,,missing_positive_eps,264175984.0
XLO,failed,True,True,False,False,False,,missing_positive_eps,58892368.0
XMAX,ok,True,True,False,True,True,trailing_eps_fallback_icc,,578775104.0
XMTR,ok,True,True,True,False,True,forecast_icc,,5120738304.0
XNCR,failed,True,True,False,False,False,,missing_positive_eps,2027245440.0
XNDU,failed,True,True,False,False,False,,missing_positive_eps,3275272192.0
XNET,ok,True,True,False,True,True,trailing_eps_fallback_icc,,314240384.0
XOM,ok,True,True,True,True,True,forecast_icc,,661812215808.0
XOS,failed,True,True,False,False,False,,missing_positive_eps,44786236.0
XP,ok,True,True,True,True,True,forecast_icc,,9250684928.0
XPEL,ok,True,True,True,True,True,forecast_icc,,1358135040.0
XPER,ok,True,True,True,False,True,forecast_icc,,289704640.0
XPEV,ok,True,True,True,False,True,forecast_icc,,10866903040.0
XPL,failed,True,True,False,False,False,,missing_positive_eps,74043248.0
XPO,ok,True,True,True,True,True,forecast_icc,,22713604096.0
XPOF,ok,True,True,True,False,True,forecast_icc,,269867648.0
XPON,failed,True,True,False,False,False,,missing_positive_eps,6681869.0
XPRO,ok,True,True,True,True,True,forecast_icc,,2054736896.0
XRAY,ok,True,True,True,False,True,forecast_icc,,2226782720.0
XRN,ok,True,True,False,True,True,trailing_eps_fallback_icc,,528524224.0
XRPN,ok,True,True,False,True,True,trailing_eps_fallback_icc,,332326816.0
XRTX,ok,True,True,True,False,True,forecast_icc,,4214430.0
XRX,ok,True,True,True,False,True,forecast_icc,,424145888.0
XSLL,failed,True,True,False,False,False,,missing_positive_eps,275693216.0
XTER,failed,True,True,False,False,False,,missing_positive_eps,268522848.0
XTIA,failed,True,True,False,False,False,,missing_positive_eps,51945016.0
XTLB,failed,True,True,False,False,False,,missing_positive_eps,6119083.0
XTNT,failed,True,True,False,False,False,,missing_positive_eps,54992884.0
XWEL,failed,True,True,False,False,False,,missing_positive_eps,7839423.0
XXI,failed,True,True,False,False,False,,missing_positive_eps,3441718016.0
XXII,ok,True,True,False,True,True,trailing_eps_fallback_icc,,2284780.0
XYF,ok,True,True,True,True,True,forecast_icc,,219542176.0
XYL,ok,True,True,True,True,True,forecast_icc,,25709234176.0
XYZ,ok,True,True,True,True,True,forecast_icc,,49277206528.0
XZO,ok,True,True,True,True,True,forecast_icc,,1511641856.0
YAAS,failed,True,True,False,False,False,,missing_positive_eps,30800690.0
YALA,ok,True,True,True,True,True,forecast_icc,,833541120.0
YARW,failed,True,True,False,False,False,,missing_positive_eps,87994824.0
YB,ok,True,True,True,True,True,forecast_icc,,637749952.0
YCBD,ok,True,True,False,True,True,trailing_eps_fallback_icc,,5490472.0
YCY,failed,True,True,False,False,False,,missing_positive_eps,151331024.0
YCY-U,failed,False,False,False,False,False,,missing_price,
YCY-W,failed,False,False,False,False,False,,missing_price,
YDDL,ok,True,True,True,True,True,forecast_icc,,127755992.0
YDES,failed,True,True,False,False,False,,missing_positive_eps,262784288.0
YDKG,failed,True,True,False,False,False,,missing_positive_eps,5477767.0
YELP,ok,True,True,True,True,True,forecast_icc,,1212791936.0
YETI,ok,True,True,True,True,True,forecast_icc,,2996190208.0
YEXT,ok,True,True,True,True,True,forecast_icc,,678679744.0
YHC,ok,True,True,False,True,True,trailing_eps_fallback_icc,,2151364.0
YHGJ,failed,True,True,False,False,False,,missing_positive_eps,7331975.0
YHNA,ok,True,True,False,True,True,trailing_eps_fallback_icc,,47272604.0
YI,ok,True,True,True,False,True,forecast_icc,,29029980.0
YIBO,failed,True,True,False,False,False,,missing_positive_eps,76115968.0
YICC,failed,True,True,False,False,False,,missing_positive_eps,380649984.0
YJ,ok,True,True,True,True,True,forecast_icc,,13151192.0
YMAT,failed,True,True,False,False,False,,missing_positive_eps,7422700.0
YMM,ok,True,True,True,True,True,forecast_icc,,8858724352.0
YMT,failed,True,True,False,False,False,,missing_positive_eps,1348695.0
YORW,ok,True,True,True,True,True,forecast_icc,,553070080.0
YOU,ok,True,True,True,True,True,forecast_icc,,5995043840.0
YOUL,ok,True,True,False,True,True,trailing_eps_fallback_icc,,42047464.0
YPF,ok,True,True,True,True,True,forecast_icc,,20223232000.0
YQ,failed,True,True,False,False,False,,missing_positive_eps,18985104.0
YRD,ok,True,True,True,False,True,forecast_icc,,88363344.0
YSG,ok,True,True,True,False,True,forecast_icc,,257965056.0
YSS,failed,True,True,False,False,False,,missing_positive_eps,1248580608.0
YSWY,ok,True,True,True,False,True,forecast_icc,,776832320.0
YSXT,ok,True,True,False,True,True,trailing_eps_fallback_icc,,37940176.0
YTRA,ok,True,True,True,False,True,forecast_icc,,63990176.0
YUM,ok,True,True,True,True,True,forecast_icc,,41838465024.0
YUMC,ok,True,True,True,True,True,forecast_icc,,15206903808.0
YXT,failed,True,True,False,False,False,,missing_positive_eps,17318896.0
YYAI,failed,True,True,False,False,False,,missing_positive_eps,44170.0
YYGH,failed,True,True,False,False,False,,missing_positive_eps,4226328.0
Z,ok,True,True,True,True,True,forecast_icc,,7861628416.0
ZBAO,failed,True,True,False,False,False,,missing_positive_eps,5780269.0
ZBH,ok,True,True,True,True,True,forecast_icc,,19081398272.0
ZBIO,failed,True,True,False,False,False,,missing_positive_eps,2106511744.0
ZBRA,ok,True,True,True,True,True,forecast_icc,,16840784896.0
ZCMD,failed,True,True,False,False,False,,missing_positive_eps,5397752.0
ZD,ok,True,True,True,False,True,forecast_icc,,1890939520.0
ZDAI,failed,True,True,False,False,False,,missing_positive_eps,13589326.0
ZDGE,ok,True,True,True,False,True,forecast_icc,,39728636.0
ZENA,failed,True,True,False,False,False,,missing_positive_eps,155547328.0
ZEO,failed,True,True,False,False,False,,missing_positive_eps,21645792.0
ZEPP,ok,True,True,True,False,True,forecast_icc,,70685208.0
ZETA,ok,True,True,True,False,True,forecast_icc,,7773891072.0
ZG,ok,True,True,True,True,True,forecast_icc,,8048274944.0
ZGN,ok,True,True,True,True,True,forecast_icc,,3643677696.0
ZH,ok,True,True,True,False,True,forecast_icc,,234788960.0
ZIM,ok,True,True,True,True,True,forecast_icc,,3302238720.0
ZION,ok,True,True,True,True,True,forecast_icc,,9733629952.0
ZIP,ok,True,True,True,True,True,forecast_icc,,350283456.0
ZJK,ok,True,True,True,True,True,forecast_icc,,142795392.0
ZJYL,ok,True,True,False,True,True,trailing_eps_fallback_icc,,173219136.0
ZKH,ok,True,True,True,False,True,forecast_icc,,460688832.0
ZKIN,failed,True,True,False,False,False,,missing_positive_eps,78318872.0
ZKP,failed,True,True,False,False,False,,missing_positive_eps,391715200.0
ZLAB,failed,True,True,False,False,False,,missing_positive_eps,2858297856.0
ZM,ok,True,True,True,True,True,forecast_icc,,28209649664.0
ZNB,failed,True,True,False,False,False,,missing_positive_eps,1639063.0
ZNTL,failed,True,True,False,False,False,,missing_positive_eps,355966400.0
ZONE,failed,True,True,False,False,False,,missing_positive_eps,33423990.0
ZOOZ,ok,True,True,True,False,True,forecast_icc,,53584276.0
ZS,ok,True,True,True,False,True,forecast_icc,,30463647744.0
ZSQR,failed,True,True,False,False,False,,missing_positive_eps,156351168.0
ZSTK,failed,True,True,False,False,False,,missing_positive_eps,92346296.0
ZTEK,failed,True,True,False,False,False,,missing_positive_eps,65588920.0
ZTG,failed,True,True,False,False,False,,missing_positive_eps,16333421.0
ZTO,ok,True,True,True,True,True,forecast_icc,,16068333568.0
ZTS,ok,True,True,True,True,True,forecast_icc,,31859539968.0
ZUMZ,ok,True,True,True,True,True,forecast_icc,,302012672.0
ZURA,failed,True,True,False,False,False,,missing_positive_eps,530893408.0
ZVIA,failed,True,True,False,False,False,,missing_positive_eps,101712480.0
ZVRA,ok,True,True,True,True,True,forecast_icc,,697165568.0
ZYBT,failed,True,True,False,False,False,,missing_positive_eps,81987080.0
ZYME,ok,True,True,True,False,True,forecast_icc,,2103086720.0
