ticker,fetch_status,has_price,has_market_cap,has_forward_eps,has_trailing_eps,has_icc,icc_method,unavailable_reason,mktcap
A,ok,True,True,True,True,True,forecast_icc,,39176134656.0
AA,ok,True,False,True,True,True,forecast_icc,,
AAC-U,failed,False,False,False,False,False,,missing_price,
AACB,ok,True,True,False,True,True,trailing_eps_fallback_icc,,291417728.0
AACG,failed,True,True,False,False,False,,missing_positive_eps,39613328.0
AACI,failed,True,True,False,False,False,,missing_positive_eps,339617696.0
AACO,failed,True,True,False,False,False,,missing_positive_eps,311734976.0
AACP,failed,True,True,False,False,False,,missing_positive_eps,292492192.0
AADX,ok,True,False,True,False,True,forecast_icc,,
AAL,ok,True,True,True,False,True,forecast_icc,,10214196224.0
AAME,ok,True,True,False,True,True,trailing_eps_fallback_icc,,31615702.0
AAMI,ok,True,True,True,True,True,forecast_icc,,2991053312.0
AAOI,ok,True,True,True,False,True,forecast_icc,,7230675968.0
AAON,ok,True,True,True,True,True,forecast_icc,,7174646784.0
AAP,ok,True,False,True,True,True,forecast_icc,,
AAPG,failed,True,True,False,False,False,,missing_positive_eps,1686603520.0
AAPL,ok,True,True,True,True,True,forecast_icc,,4897204862976.0
AARD,failed,True,True,False,False,False,,missing_positive_eps,140058608.0
AAT,ok,True,False,True,True,True,forecast_icc,,
AAUC,failed,True,True,False,False,False,,missing_positive_eps,2257614592.0
ABAT,failed,True,True,False,False,False,,missing_positive_eps,278285408.0
ABBV,ok,True,True,True,True,True,forecast_icc,,454790152192.0
ABCB,ok,True,True,True,True,True,forecast_icc,,5876524032.0
ABCL,failed,True,True,False,False,False,,missing_positive_eps,1737586048.0
ABEO,ok,True,True,True,True,True,forecast_icc,,368758560.0
ABEV,ok,True,True,True,True,True,forecast_icc,,48212717568.0
ABG,ok,True,True,True,True,True,forecast_icc,,4340787200.0
ABLV,failed,True,True,False,False,False,,missing_positive_eps,42638320.0
ABM,ok,True,True,True,True,True,forecast_icc,,2788451840.0
ABNB,ok,True,True,True,True,True,forecast_icc,,90260226048.0
ABOS,failed,True,True,False,False,False,,missing_positive_eps,156733856.0
ABR,ok,True,False,True,True,True,forecast_icc,,
ABSI,failed,True,True,False,False,False,,missing_positive_eps,1294218496.0
ABT,ok,True,True,True,True,True,forecast_icc,,182745792512.0
ABTC,ok,True,True,True,False,True,forecast_icc,,719800000.0
ABTS,failed,True,True,False,False,False,,missing_positive_eps,3346435.0
ABUS,ok,True,True,False,True,True,trailing_eps_fallback_icc,,871141248.0
ABVC,failed,True,True,False,False,False,,missing_positive_eps,28080478.0
ABVX,failed,True,True,False,False,False,,missing_positive_eps,10836686848.0
ABX,ok,True,True,True,True,True,forecast_icc,,1004307200.0
ACA,ok,True,True,True,True,True,forecast_icc,,7131781632.0
ACAA,failed,True,True,False,False,False,,missing_positive_eps,355040992.0
ACAD,ok,True,True,True,True,True,forecast_icc,,4546312192.0
ACB,failed,True,True,False,False,False,,missing_positive_eps,175296256.0
ACCL,ok,True,True,False,True,True,trailing_eps_fallback_icc,,30885078.0
ACCO,ok,True,False,True,True,True,forecast_icc,,
ACCS,ok,True,True,True,False,True,forecast_icc,,26359758.0
ACDC,failed,True,True,False,False,False,,missing_positive_eps,671216000.0
ACEL,ok,True,True,True,True,True,forecast_icc,,973459008.0
ACET,failed,True,True,False,False,False,,missing_positive_eps,84695024.0
ACFN,ok,True,True,False,True,True,trailing_eps_fallback_icc,,49312352.0
ACGC,failed,True,True,False,False,False,,missing_positive_eps,295836544.0
ACGL,ok,True,True,True,True,True,forecast_icc,,34488737792.0
ACH,ok,True,False,True,False,True,forecast_icc,,
ACHC,ok,True,True,True,False,True,forecast_icc,,2619841536.0
ACHR,failed,True,True,False,False,False,,missing_positive_eps,3615979520.0
ACHR-W,failed,False,False,False,False,False,,missing_price,
ACHV,failed,True,True,False,False,False,,missing_positive_eps,646752064.0
ACI,ok,True,True,True,True,True,forecast_icc,,5629778432.0
ACIC,ok,True,True,True,True,True,forecast_icc,,514688192.0
ACIU,ok,True,True,True,False,True,forecast_icc,,241203360.0
ACIW,ok,True,True,True,True,True,forecast_icc,,5864855552.0
ACLS,ok,True,True,True,True,True,forecast_icc,,3848190976.0
ACM,ok,True,False,True,True,True,forecast_icc,,
ACMR,ok,True,True,True,True,True,forecast_icc,,5435461120.0
ACN,ok,True,True,True,True,True,forecast_icc,,99924017152.0
ACNB,ok,True,True,True,True,True,forecast_icc,,649146624.0
ACNT,ok,True,True,True,False,True,forecast_icc,,140273104.0
ACOG,failed,True,True,False,False,False,,missing_positive_eps,190087920.0
ACON,failed,True,True,False,False,False,,missing_positive_eps,4973745.0
ACP,ok,True,True,False,True,True,trailing_eps_fallback_icc,,636136384.0
ACR,ok,True,True,True,True,True,forecast_icc,,128519408.0
ACRE,ok,True,True,True,False,True,forecast_icc,,239123584.0
ACRS,failed,True,True,False,False,False,,missing_positive_eps,743010816.0
ACRV,failed,True,True,False,False,False,,missing_positive_eps,65058624.0
ACT,ok,True,True,True,True,True,forecast_icc,,6629640192.0
ACTG,failed,True,True,False,False,False,,missing_positive_eps,425958080.0
ACTU,failed,True,True,False,False,False,,missing_positive_eps,27993246.0
ACU,ok,True,False,True,True,True,forecast_icc,,
ACV,ok,True,True,False,True,True,trailing_eps_fallback_icc,,277054144.0
ACVA,ok,True,True,True,False,True,forecast_icc,,1401916672.0
ACXP,failed,True,True,False,False,False,,missing_positive_eps,6102788.0
AD,ok,True,True,True,True,True,forecast_icc,,3023774464.0
ADAC,failed,True,True,False,False,False,,missing_positive_eps,290375008.0
ADAG,failed,True,True,False,False,False,,missing_positive_eps,246450768.0
ADAM,ok,True,True,True,True,True,forecast_icc,,803358208.0
ADBE,ok,True,True,True,True,True,forecast_icc,,98540249088.0
ADC,ok,True,True,True,True,True,forecast_icc,,9444523008.0
ADCT,failed,True,True,False,False,False,,missing_positive_eps,141182192.0
ADEA,ok,True,True,True,True,True,forecast_icc,,2801461248.0
ADGM,failed,True,True,False,False,False,,missing_positive_eps,8317817.0
ADI,ok,True,False,True,True,True,forecast_icc,,
ADIG-V,failed,False,False,False,False,False,,missing_price,
ADIL,failed,True,True,False,False,False,,missing_positive_eps,7200063.0
ADM,ok,True,False,True,True,True,forecast_icc,,
ADMA,ok,True,True,True,True,True,forecast_icc,,2009469440.0
ADNT,ok,True,True,True,True,True,forecast_icc,,1715684736.0
ADP,ok,True,True,True,True,True,forecast_icc,,105477881856.0
ADPT,failed,True,True,False,False,False,,missing_positive_eps,3869873152.0
ADSE,ok,True,True,True,False,True,forecast_icc,,939121600.0
ADSEW,failed,True,False,False,False,False,,missing_positive_eps,
ADSK,ok,True,True,True,True,True,forecast_icc,,49612800000.0
ADT,ok,True,False,True,True,True,forecast_icc,,
ADTN,ok,True,True,True,False,True,forecast_icc,,682003968.0
ADUR,failed,True,True,False,False,False,,missing_positive_eps,485574912.0
ADUS,ok,True,True,True,True,True,forecast_icc,,2177806080.0
ADV,ok,True,True,True,False,True,forecast_icc,,539655424.0
ADVB,ok,True,True,False,True,True,trailing_eps_fallback_icc,,16653501.0
ADXN,failed,True,True,False,False,False,,missing_positive_eps,7082397.0
AEAQ,failed,True,True,False,False,False,,missing_positive_eps,313742912.0
AEBI,ok,True,True,True,True,True,forecast_icc,,1005254528.0
AEC,failed,True,False,False,False,False,,missing_positive_eps,
AEE,ok,True,False,True,True,True,forecast_icc,,
AEF,ok,True,True,False,True,True,trailing_eps_fallback_icc,,348360224.0
AEG,ok,True,True,True,True,True,forecast_icc,,13958133760.0
AEHL,failed,True,True,False,False,False,,missing_positive_eps,9166984.0
AEHR,ok,True,True,True,False,True,forecast_icc,,2507534080.0
AEI,failed,True,True,False,False,False,,missing_positive_eps,41229580.0
AEIS,ok,True,True,True,True,True,forecast_icc,,10973323264.0
AEM,ok,True,True,True,True,True,forecast_icc,,75380457472.0
AEMD,failed,True,True,False,False,False,,missing_positive_eps,1490594.0
AENT,ok,True,True,True,True,True,forecast_icc,,281794240.0
AEO,ok,True,False,True,True,True,forecast_icc,,
AEON,failed,True,True,False,False,False,,missing_positive_eps,11269328.0
AEP,ok,True,True,True,True,True,forecast_icc,,69525741568.0
AER,ok,True,False,True,True,True,forecast_icc,,
AERO,ok,True,True,True,True,True,forecast_icc,,2261502720.0
AERT,ok,True,True,False,True,True,trailing_eps_fallback_icc,,36846620.0
AES,ok,True,True,True,True,True,forecast_icc,,10590392320.0
AESI,ok,True,True,True,False,True,forecast_icc,,1286527488.0
AESP,failed,True,True,False,False,False,,missing_positive_eps,206318304.0
AEVA,failed,True,True,False,False,False,,missing_positive_eps,1111629312.0
AEXA,failed,True,True,False,False,False,,missing_positive_eps,558906048.0
AEYE,ok,True,True,True,False,True,forecast_icc,,72836608.0
AFBI,ok,True,True,False,True,True,trailing_eps_fallback_icc,,140182352.0
AFCG,ok,True,True,True,False,True,forecast_icc,,61128292.0
AFG,ok,True,False,True,True,True,forecast_icc,,
AFJK,ok,True,True,False,True,True,trailing_eps_fallback_icc,,37995984.0
AFL,ok,True,False,True,True,True,forecast_icc,,
AFRI,failed,True,True,False,False,False,,missing_positive_eps,281502240.0
AFRM,ok,True,True,True,True,True,forecast_icc,,24531318784.0
AFYA,ok,True,True,True,True,True,forecast_icc,,1306857984.0
AG,ok,True,True,True,True,True,forecast_icc,,7747244544.0
AGBK,ok,True,True,True,True,True,forecast_icc,,1140301312.0
AGCC,ok,True,True,False,True,True,trailing_eps_fallback_icc,,345443328.0
AGCO,ok,True,True,True,True,True,forecast_icc,,7757125632.0
AGD,ok,True,False,False,True,True,trailing_eps_fallback_icc,,
AGEN,ok,True,True,True,True,True,forecast_icc,,329391616.0
AGI,ok,True,False,True,True,True,forecast_icc,,
AGIG,failed,True,True,False,False,False,,missing_positive_eps,41381452.0
AGIO,failed,True,True,False,False,False,,missing_positive_eps,1947695104.0
AGL,failed,True,True,False,False,False,,missing_positive_eps,1614156288.0
AGM,ok,True,True,True,True,True,forecast_icc,,2390034176.0
AGM-A,ok,True,True,False,True,True,trailing_eps_fallback_icc,,1673675008.0
AGMB,failed,True,True,False,False,False,,missing_positive_eps,628157952.0
AGMH,ok,True,True,False,True,True,trailing_eps_fallback_icc,,1751555.0
AGNC,ok,True,True,True,True,True,forecast_icc,,12712291328.0
AGNT,ok,True,True,True,False,True,forecast_icc,,640863296.0
AGO,ok,True,False,True,True,True,forecast_icc,,
AGPU,failed,True,True,False,False,False,,missing_positive_eps,96771992.0
AGRO,ok,True,True,True,True,True,forecast_icc,,1466173952.0
AGRZ,ok,True,True,False,True,True,trailing_eps_fallback_icc,,7065556.0
AGX,ok,True,True,True,True,True,forecast_icc,,8129340928.0
AGYS,ok,True,True,True,True,True,forecast_icc,,3036353024.0
AHCO,ok,True,True,True,False,True,forecast_icc,,1453058304.0
AHG,failed,True,True,False,False,False,,missing_positive_eps,1362159744.0
AHMA,ok,True,True,False,True,True,trailing_eps_fallback_icc,,41317748.0
AHR,ok,True,True,True,True,True,forecast_icc,,11520633856.0
AHRT,failed,True,True,False,False,False,,missing_positive_eps,686737536.0
AHT,failed,True,False,False,False,False,,missing_positive_eps,
AI,failed,True,False,False,False,False,,missing_positive_eps,
AIAI,failed,True,True,False,False,False,,missing_positive_eps,352976224.0
AIB,failed,True,False,False,False,False,,missing_positive_eps,
AIBZ,failed,True,True,False,False,False,,missing_positive_eps,360408448.0
AIDX,failed,True,True,False,False,False,,missing_positive_eps,4913955.0
AIFA,failed,True,True,False,False,False,,missing_positive_eps,9757607.0
AIFC,failed,True,True,False,False,False,,missing_positive_eps,52117068.0
AIFF,failed,True,True,False,False,False,,missing_positive_eps,15761879.0
AIFU,ok,True,True,True,False,True,forecast_icc,,208584848.0
AIG,ok,True,False,True,True,True,forecast_icc,,
AIHS,failed,True,True,False,False,False,,missing_positive_eps,20817208.0
AII,ok,True,True,True,True,True,forecast_icc,,396909952.0
AIIA,failed,True,True,False,False,False,,missing_positive_eps,196565088.0
AIIA-R,failed,False,False,False,False,False,,missing_price,
AIIA-U,failed,False,False,False,False,False,,missing_price,
AIIO,failed,True,True,False,False,False,,missing_positive_eps,475794304.0
AIIR,ok,True,True,True,True,True,forecast_icc,,938261632.0
AIM,failed,True,True,False,False,False,,missing_positive_eps,6515197.0
AIMD,failed,True,True,False,False,False,,missing_positive_eps,10015777.0
AIN,ok,True,True,True,False,True,forecast_icc,,2101670016.0
AIO,ok,True,True,False,True,True,trailing_eps_fallback_icc,,863042304.0
AIOS,failed,True,True,False,False,False,,missing_positive_eps,38847600.0
AIOT,ok,True,True,True,False,True,forecast_icc,,524647264.0
AIP,ok,True,True,True,False,True,forecast_icc,,1352839040.0
AIR,ok,True,True,True,True,True,forecast_icc,,5564201984.0
AIRE,failed,True,True,False,False,False,,missing_positive_eps,7510651.0
AIRG,ok,True,True,True,False,True,forecast_icc,,72758976.0
AIRI,ok,True,True,True,False,True,forecast_icc,,13290803.0
AIRJ,failed,True,True,False,False,False,,missing_positive_eps,317838592.0
AIRO,failed,True,True,False,False,False,,missing_positive_eps,205968976.0
AIRS,ok,True,True,True,False,True,forecast_icc,,342146528.0
AIRT,ok,True,True,False,True,True,trailing_eps_fallback_icc,,75366592.0
AISP,ok,True,True,True,True,True,forecast_icc,,60613624.0
AIT,ok,True,False,True,True,True,forecast_icc,,
AIV,ok,True,False,False,True,True,trailing_eps_fallback_icc,,
AIXC,failed,True,True,False,False,False,,missing_positive_eps,13561491.0
AIXI,failed,True,True,False,False,False,,missing_positive_eps,975823.0
AIZ,ok,True,False,True,True,True,forecast_icc,,
AJG,ok,True,False,True,True,True,forecast_icc,,
AKA,failed,True,True,False,False,False,,missing_positive_eps,119043008.0
AKAM,ok,True,True,True,True,True,forecast_icc,,16537595904.0
AKAN,failed,True,True,False,False,False,,missing_positive_eps,3455974.0
AKBA,failed,True,True,False,False,False,,missing_positive_eps,362148640.0
AKO-A,ok,True,True,False,True,True,trailing_eps_fallback_icc,,3581192192.0
AKO-B,ok,True,True,True,True,True,forecast_icc,,4721809408.0
AKR,ok,True,True,True,True,True,forecast_icc,,3270139136.0
AKTS,failed,True,True,False,False,False,,missing_positive_eps,1271381248.0
AKTX,failed,True,True,False,False,False,,missing_positive_eps,14003280.0
ALAB,ok,True,True,True,True,True,forecast_icc,,51369246720.0
ALAR,ok,True,True,True,True,True,forecast_icc,,12272539.0
ALB,ok,True,True,True,False,True,forecast_icc,,13887984640.0
ALBT,failed,False,True,False,False,False,,missing_price,3707637.0
ALC,ok,True,True,True,True,True,forecast_icc,,33948796928.0
ALCO,failed,True,True,False,False,False,,missing_positive_eps,283155360.0
ALDF,ok,True,True,False,True,True,trailing_eps_fallback_icc,,321829984.0
ALDX,failed,True,True,False,False,False,,missing_positive_eps,96513712.0
ALEC,failed,True,True,False,False,False,,missing_positive_eps,179860800.0
ALF,ok,True,True,False,True,True,trailing_eps_fallback_icc,,386328128.0
ALG,ok,True,False,True,True,True,forecast_icc,,
ALGM,ok,True,True,True,False,True,forecast_icc,,7722510336.0
ALGN,ok,True,True,True,True,True,forecast_icc,,12419299328.0
ALGS,failed,True,True,False,False,False,,missing_positive_eps,26733124.0
ALGT,ok,True,True,True,False,True,forecast_icc,,2661141248.0
ALH,ok,True,True,True,True,True,forecast_icc,,5207518720.0
ALHC,ok,True,True,True,True,True,forecast_icc,,3847316480.0
ALIS,ok,True,True,False,True,True,trailing_eps_fallback_icc,,85665536.0
ALIT,ok,True,True,True,False,True,forecast_icc,,855744256.0
ALK,ok,True,True,True,False,True,forecast_icc,,5270423552.0
ALKS,ok,True,True,True,True,True,forecast_icc,,8393196032.0
ALKT,ok,True,True,True,False,True,forecast_icc,,1906011520.0
ALL,ok,True,True,True,True,True,forecast_icc,,68314365952.0
ALLE,ok,True,True,True,True,True,forecast_icc,,13355877376.0
ALLO,failed,True,True,False,False,False,,missing_positive_eps,679954496.0
ALLR,failed,True,True,False,False,False,,missing_positive_eps,19570190.0
ALLT,ok,True,True,True,True,True,forecast_icc,,367412480.0
ALLY,ok,True,True,True,True,True,forecast_icc,,13226601472.0
ALM,ok,True,True,True,False,True,forecast_icc,,3311267584.0
ALMR,failed,True,True,False,False,False,,missing_positive_eps,1737631360.0
ALMS,failed,True,True,False,False,False,,missing_positive_eps,3690893056.0
ALMU,failed,True,True,False,False,False,,missing_positive_eps,280620800.0
ALNT,ok,True,True,True,True,True,forecast_icc,,1465269248.0
ALNY,ok,True,True,True,True,True,forecast_icc,,27434164224.0
ALOT,ok,True,True,True,False,True,forecast_icc,,224125040.0
ALOV,failed,True,True,False,False,False,,missing_positive_eps,372936384.0
ALOY,failed,True,True,False,False,False,,missing_positive_eps,601456576.0
ALP,failed,True,True,False,False,False,,missing_positive_eps,4683343.0
ALPS,failed,True,True,False,False,False,,missing_positive_eps,75346064.0
ALPX,failed,True,True,False,False,False,,missing_positive_eps,146149904.0
ALRM,ok,True,True,True,True,True,forecast_icc,,2681752832.0
ALRS,ok,True,True,True,True,True,forecast_icc,,843317376.0
ALSN,ok,True,True,True,True,True,forecast_icc,,9574130688.0
ALT,failed,True,True,False,False,False,,missing_positive_eps,579532992.0
ALTG,failed,True,True,False,False,False,,missing_positive_eps,197490736.0
ALTI,ok,True,True,True,False,True,forecast_icc,,545824192.0
ALTO,ok,True,True,True,True,True,forecast_icc,,357985536.0
ALUB,failed,True,True,False,False,False,,missing_positive_eps,362968768.0
ALUB-U,failed,False,False,False,False,False,,missing_price,
ALUB-W,failed,False,False,False,False,False,,missing_price,
ALV,ok,True,True,True,True,True,forecast_icc,,9093133312.0
ALVO,ok,True,True,True,False,True,forecast_icc,,1207444864.0
ALX,ok,True,True,True,True,True,forecast_icc,,1357670784.0
ALXO,failed,True,True,False,False,False,,missing_positive_eps,262397680.0
ALZN,failed,True,True,False,False,False,,missing_positive_eps,6468559.0
AM,ok,True,True,True,True,True,forecast_icc,,10235819008.0
AMAL,ok,True,True,True,True,True,forecast_icc,,1475148288.0
AMAN,failed,True,True,False,False,False,,missing_positive_eps,98880000.0
AMAT,ok,True,True,True,True,True,forecast_icc,,398385020928.0
AMBA,ok,True,True,True,False,True,forecast_icc,,3250193664.0
AMBO,ok,True,False,False,True,True,trailing_eps_fallback_icc,,
AMBP,ok,True,True,True,True,True,forecast_icc,,2898875392.0
AMBQ,failed,True,True,False,False,False,,missing_positive_eps,1526716032.0
AMBR,ok,True,True,False,True,True,trailing_eps_fallback_icc,,133870848.0
AMC,failed,True,False,False,False,False,,missing_positive_eps,
AMCI,failed,True,True,False,False,False,,missing_positive_eps,114558600.0
AMCR,ok,True,True,True,True,True,forecast_icc,,20874909696.0
AMCX,ok,True,True,True,True,True,forecast_icc,,426538080.0
AMD,ok,True,False,True,True,True,forecast_icc,,
AME,ok,True,True,True,True,True,forecast_icc,,55011012608.0
AMG,ok,True,False,True,True,True,forecast_icc,,
AMGN,ok,True,True,True,True,True,forecast_icc,,209212522496.0
AMH,ok,True,False,True,True,True,forecast_icc,,
AMIX,failed,True,True,False,False,False,,missing_positive_eps,1949370.0
AMKR,ok,True,True,True,True,True,forecast_icc,,11990316032.0
AMLX,failed,True,True,False,False,False,,missing_positive_eps,2307116032.0
AMN,ok,True,True,True,False,True,forecast_icc,,1346263808.0
AMOD,failed,True,True,False,False,False,,missing_positive_eps,18238458.0
AMP,ok,True,True,True,True,True,forecast_icc,,48130265088.0
AMPG,ok,True,True,True,False,True,forecast_icc,,124413504.0
AMPH,ok,True,True,True,True,True,forecast_icc,,898613696.0
AMPL,ok,True,True,True,False,True,forecast_icc,,1141851648.0
AMPX,ok,True,True,True,False,True,forecast_icc,,1341209344.0
AMPX-W,failed,False,False,False,False,False,,missing_price,
AMPY,ok,True,True,True,True,True,forecast_icc,,154827888.0
AMR,ok,True,True,True,False,True,forecast_icc,,1824301056.0
AMRC,ok,True,True,True,True,True,forecast_icc,,1093976192.0
AMRN,ok,True,True,True,False,True,forecast_icc,,298390400.0
AMRX,ok,True,True,True,True,True,forecast_icc,,5907630080.0
AMRZ,ok,True,True,True,True,True,forecast_icc,,27455416320.0
AMS,failed,True,False,False,False,False,,missing_positive_eps,
AMSC,ok,True,True,True,True,True,forecast_icc,,1427214976.0
AMSF,ok,True,True,True,True,True,forecast_icc,,548955712.0
AMSS,failed,True,True,False,False,False,,missing_positive_eps,14166151.0
AMST,failed,True,True,False,False,False,,missing_positive_eps,6389379.0
AMT,ok,True,True,True,True,True,forecast_icc,,81291395072.0
AMTB,ok,True,True,True,True,True,forecast_icc,,1160201344.0
AMTD,ok,True,True,False,True,True,trailing_eps_fallback_icc,,71192088.0
AMTM,ok,True,True,True,True,True,forecast_icc,,5308993536.0
AMTX,failed,True,True,False,False,False,,missing_positive_eps,109771704.0
AMWL,failed,True,True,False,False,False,,missing_positive_eps,181119952.0
AMX,ok,True,True,True,True,True,forecast_icc,,75985952768.0
AMZE,ok,True,True,True,False,True,forecast_icc,,1469649.0
AMZN,ok,True,True,True,True,True,forecast_icc,,2533299322880.0
AN,ok,True,True,True,True,True,forecast_icc,,7182510080.0
ANAB,ok,True,True,True,False,True,forecast_icc,,1629650816.0
ANDE,ok,True,True,True,True,True,forecast_icc,,2435545856.0
ANDG,ok,True,True,True,False,True,forecast_icc,,5183343104.0
ANET,ok,True,True,True,True,True,forecast_icc,,215343153152.0
ANF,ok,True,True,True,True,True,forecast_icc,,4454723584.0
ANGH,failed,True,True,False,False,False,,missing_positive_eps,30820348.0
ANGI,ok,True,True,True,True,True,forecast_icc,,228935760.0
ANGO,failed,True,True,False,False,False,,missing_positive_eps,610479360.0
ANGX,failed,True,True,False,False,False,,missing_positive_eps,762802240.0
ANIK,ok,True,True,True,False,True,forecast_icc,,240432624.0
ANIP,ok,True,True,True,True,True,forecast_icc,,1828545280.0
ANIX,failed,True,True,False,False,False,,missing_positive_eps,121122104.0
ANL,failed,True,True,False,False,False,,missing_positive_eps,837173184.0
ANNA,ok,True,True,False,True,True,trailing_eps_fallback_icc,,114632000.0
ANNX,failed,True,True,False,False,False,,missing_positive_eps,863450176.0
ANPA,ok,True,True,False,True,True,trailing_eps_fallback_icc,,61766180.0
ANRO,failed,True,True,False,False,False,,missing_positive_eps,1004739456.0
ANSC,ok,True,True,False,True,True,trailing_eps_fallback_icc,,476546816.0
ANTA,ok,True,True,True,True,True,forecast_icc,,76845904.0
ANTX,failed,True,True,False,False,False,,missing_positive_eps,191966128.0
ANVS,failed,True,True,False,False,False,,missing_positive_eps,75299104.0
ANY,failed,True,True,False,False,False,,missing_positive_eps,17958152.0
AOD,ok,True,False,False,True,True,trailing_eps_fallback_icc,,
AOMR,ok,True,True,True,True,True,forecast_icc,,221989504.0
AON,ok,True,True,True,True,True,forecast_icc,,78290903040.0
AORT,ok,True,True,True,True,True,forecast_icc,,1343194496.0
AOS,ok,True,True,True,True,True,forecast_icc,,8243530240.0
AOSL,failed,True,True,False,False,False,,missing_positive_eps,931109184.0
AOUT,ok,True,True,True,False,True,forecast_icc,,158215056.0
AP,failed,True,False,False,False,False,,missing_positive_eps,
APA,ok,True,False,True,True,True,forecast_icc,,
APAC,ok,True,True,False,True,True,trailing_eps_fallback_icc,,82032944.0
APAM,ok,True,True,True,True,True,forecast_icc,,2815592448.0
APC,ok,True,True,True,True,True,forecast_icc,,1666267136.0
APD,ok,True,False,True,True,True,forecast_icc,,
APEI,ok,True,True,True,True,True,forecast_icc,,910387328.0
APG,ok,True,True,True,False,True,forecast_icc,,16982538240.0
APGE,failed,True,True,False,False,False,,missing_positive_eps,10156682240.0
APH,ok,True,False,True,True,True,forecast_icc,,
API,ok,True,True,True,True,True,forecast_icc,,336508128.0
APLD,ok,True,True,True,False,True,forecast_icc,,8052104704.0
APLE,ok,True,True,True,True,True,forecast_icc,,3921082112.0
APLM,failed,True,True,False,False,False,,missing_positive_eps,38101504.0
APM,failed,False,True,False,False,False,,missing_price,570062.0
APMC,failed,True,True,False,False,False,,missing_positive_eps,197589888.0
APO,ok,True,True,True,True,True,forecast_icc,,69326233600.0
APOG,ok,True,True,True,True,True,forecast_icc,,831810240.0
APP,ok,True,True,True,True,True,forecast_icc,,135675895808.0
APPF,ok,True,True,True,True,True,forecast_icc,,6234099200.0
APPN,ok,True,True,True,True,True,forecast_icc,,1943952896.0
APPS,ok,True,True,True,False,True,forecast_icc,,990466112.0
APRE,failed,True,True,False,False,False,,missing_positive_eps,7863062.0
APT,ok,True,True,True,True,True,forecast_icc,,50675984.0
APTV,ok,True,True,True,True,True,forecast_icc,,12293036032.0
APUR,failed,True,True,False,False,False,,missing_positive_eps,146746688.0
APUS,failed,True,True,False,False,False,,missing_positive_eps,7424856.0
APVO,ok,True,True,False,True,True,trailing_eps_fallback_icc,,5146414.0
APWC,ok,True,True,False,True,True,trailing_eps_fallback_icc,,61024036.0
APXT,failed,True,True,False,False,False,,missing_positive_eps,465115200.0
APYX,failed,True,True,False,False,False,,missing_positive_eps,173494640.0
AQB,failed,True,True,False,False,False,,missing_positive_eps,4683956.0
AQMS,failed,True,True,False,False,False,,missing_positive_eps,10167071.0
AQN,ok,True,True,True,True,True,forecast_icc,,4602599936.0
AQNB,failed,True,False,False,False,False,,missing_positive_eps,
AQST,failed,True,True,False,False,False,,missing_positive_eps,466737216.0
AR,ok,True,True,True,True,True,forecast_icc,,10937210880.0
ARAI,failed,True,False,False,False,False,,missing_positive_eps,
ARAY,failed,True,True,False,False,False,,missing_positive_eps,33904652.0
ARBB,failed,True,True,False,False,False,,missing_positive_eps,7264028.0
ARBE,failed,True,True,False,False,False,,missing_positive_eps,73589848.0
ARBK,ok,True,True,False,True,True,trailing_eps_fallback_icc,,42587552.0
ARCB,ok,True,True,True,True,True,forecast_icc,,3174740224.0
ARCI,failed,True,True,False,False,False,,missing_positive_eps,356146208.0
ARCL,failed,True,True,False,False,False,,missing_positive_eps,178433344.0
ARCO,ok,True,True,True,True,True,forecast_icc,,1725330304.0
ARCT,failed,True,True,False,False,False,,missing_positive_eps,168264560.0
ARDC,ok,True,True,False,True,True,trailing_eps_fallback_icc,,295740448.0
ARDT,ok,True,True,True,True,True,forecast_icc,,1538145792.0
ARDX,ok,True,True,True,False,True,forecast_icc,,1245028096.0
ARE,ok,True,False,True,False,True,forecast_icc,,
AREC,ok,True,True,True,False,True,forecast_icc,,195757440.0
AREN,ok,True,True,True,True,True,forecast_icc,,55695264.0
ARES,ok,True,True,True,True,True,forecast_icc,,40940564480.0
ARGX,ok,True,True,True,True,True,forecast_icc,,54263808000.0
ARHS,ok,True,True,True,True,True,forecast_icc,,1038904064.0
ARI,ok,True,True,True,True,True,forecast_icc,,851157120.0
ARIS,ok,True,True,True,True,True,forecast_icc,,2941199872.0
ARKO,ok,True,True,True,True,True,forecast_icc,,903095040.0
ARKR,failed,True,True,False,False,False,,missing_positive_eps,20374788.0
ARL,ok,True,False,False,True,True,trailing_eps_fallback_icc,,
ARLO,ok,True,True,True,True,True,forecast_icc,,1571584128.0
ARLP,ok,True,True,True,True,True,forecast_icc,,3369574144.0
ARM,ok,True,True,True,True,True,forecast_icc,,257983741952.0
ARMK,ok,True,True,True,True,True,forecast_icc,,15054091264.0
ARMP,failed,True,True,False,False,False,,missing_positive_eps,175477664.0
AROC,ok,True,True,True,True,True,forecast_icc,,6207765504.0
AROW,ok,True,True,True,True,True,forecast_icc,,660169024.0
ARQ,ok,True,True,True,False,True,forecast_icc,,88428088.0
ARQQ,failed,True,True,False,False,False,,missing_positive_eps,308196704.0
ARQT,ok,True,True,True,False,True,forecast_icc,,3501083648.0
ARR,ok,True,True,True,True,True,forecast_icc,,2328547584.0
ARRY,ok,True,True,True,False,True,forecast_icc,,781438016.0
ARTC,failed,True,False,False,False,False,,missing_positive_eps,
ARTL,failed,True,True,False,False,False,,missing_positive_eps,2632280.0
ARTNA,ok,True,True,True,True,True,forecast_icc,,355367136.0
ARTV,failed,True,True,False,False,False,,missing_positive_eps,506774944.0
ARTW,failed,True,True,False,False,False,,missing_positive_eps,11287008.0
ARVN,failed,True,True,False,False,False,,missing_positive_eps,535525984.0
ARW,ok,True,True,True,True,True,forecast_icc,,10883860480.0
ARWR,failed,True,True,False,False,False,,missing_positive_eps,12299635712.0
ARX,ok,True,True,True,False,True,forecast_icc,,2443855104.0
ARXS,ok,True,True,True,True,True,forecast_icc,,20098193408.0
AS,ok,True,False,True,True,True,forecast_icc,,
ASA,ok,True,False,False,True,True,trailing_eps_fallback_icc,,
ASAN,ok,True,True,True,False,True,forecast_icc,,1832553088.0
ASB,ok,True,True,True,True,True,forecast_icc,,5804965888.0
ASBP,failed,True,True,False,False,False,,missing_positive_eps,8703972.0
ASC,ok,True,True,True,True,True,forecast_icc,,703029056.0
ASGI,ok,True,True,False,True,True,trailing_eps_fallback_icc,,753399104.0
ASH,ok,True,True,True,True,True,forecast_icc,,3328771072.0
ASIC,ok,True,False,True,True,True,forecast_icc,,
ASIX,ok,True,True,True,True,True,forecast_icc,,555356160.0
ASLE,ok,True,True,True,True,True,forecast_icc,,290604896.0
ASM,ok,True,False,True,True,True,forecast_icc,,
ASMB,ok,True,True,True,True,True,forecast_icc,,516437536.0
ASML,ok,True,True,True,True,True,forecast_icc,,634318094336.0
ASND,ok,True,True,True,True,True,forecast_icc,,16468392960.0
ASO,ok,True,True,True,True,True,forecast_icc,,2998588160.0
ASPC,ok,True,True,False,True,True,trailing_eps_fallback_icc,,25269252.0
ASPI,failed,True,True,False,False,False,,missing_positive_eps,501095712.0
ASPN,failed,True,True,False,False,False,,missing_positive_eps,373777344.0
ASPS,ok,True,True,True,False,True,forecast_icc,,58814060.0
ASR,ok,True,False,True,True,True,forecast_icc,,
ASRV,ok,True,True,False,True,True,trailing_eps_fallback_icc,,77526704.0
ASST,failed,True,True,False,False,False,,missing_positive_eps,1004153664.0
ASTC,failed,True,True,False,False,False,,missing_positive_eps,12596743.0
ASTE,ok,True,True,True,True,True,forecast_icc,,1181821184.0
ASTH,ok,True,True,True,True,True,forecast_icc,,1818719744.0
ASTI,failed,True,False,False,False,False,,missing_positive_eps,
ASTL,failed,True,True,False,False,False,,missing_positive_eps,404165344.0
ASTS,failed,True,True,False,False,False,,missing_positive_eps,22681999360.0
ASUR,ok,True,True,True,False,True,forecast_icc,,240065264.0
ASX,ok,True,True,True,True,True,forecast_icc,,76283494400.0
ASYS,ok,True,True,True,True,True,forecast_icc,,258589840.0
ATAI,failed,True,True,False,False,False,,missing_positive_eps,2656272640.0
ATAT,ok,True,True,True,True,True,forecast_icc,,4731487232.0
ATCH,ok,True,True,True,False,True,forecast_icc,,26940528.0
ATCX,failed,True,True,False,False,False,,missing_positive_eps,15092287.0
ATEC,ok,True,True,True,False,True,forecast_icc,,1485604736.0
ATEN,ok,True,True,True,True,True,forecast_icc,,2156345344.0
ATER,failed,True,True,False,False,False,,missing_positive_eps,4231269.0
ATEX,ok,True,True,False,True,True,trailing_eps_fallback_icc,,1824667008.0
ATGL,failed,True,True,False,False,False,,missing_positive_eps,137628144.0
ATHE,failed,True,True,False,False,False,,missing_positive_eps,81474992.0
ATHM,ok,True,True,True,True,True,forecast_icc,,2633958912.0
ATHR,failed,True,True,False,False,False,,missing_positive_eps,40684844.0
ATI,ok,True,True,True,True,True,forecast_icc,,24823969792.0
ATII,ok,True,True,False,True,True,trailing_eps_fallback_icc,,315133504.0
ATKR,ok,True,True,True,False,True,forecast_icc,,2397475840.0
ATLC,ok,True,True,True,True,True,forecast_icc,,1603263616.0
ATLN,failed,False,True,False,False,False,,missing_price,73171856.0
ATLO,ok,True,True,True,True,True,forecast_icc,,269170912.0
ATLX,failed,True,True,False,False,False,,missing_positive_eps,80215216.0
ATMU,ok,True,True,True,True,True,forecast_icc,,4216747776.0
ATNI,ok,True,True,True,False,True,forecast_icc,,361450048.0
ATNM,failed,True,True,False,False,False,,missing_positive_eps,26260870.0
ATO,ok,True,True,True,True,True,forecast_icc,,29087447040.0
ATOM,failed,True,True,False,False,False,,missing_positive_eps,197066992.0
ATOS,failed,True,True,False,False,False,,missing_positive_eps,21845244.0
ATPC,ok,True,True,False,True,True,trailing_eps_fallback_icc,,2351471.0
ATR,ok,True,True,True,True,True,forecast_icc,,8543625216.0
ATRA,ok,True,True,True,False,True,forecast_icc,,73613104.0
ATRC,ok,True,True,True,True,True,forecast_icc,,2042281856.0
ATRO,ok,True,True,True,True,True,forecast_icc,,3375924736.0
ATS,ok,True,True,True,True,True,forecast_icc,,2598821376.0
ATXG,failed,True,True,False,False,False,,missing_positive_eps,3640965.0
ATYR,failed,True,True,False,False,False,,missing_positive_eps,47064584.0
AU,ok,True,True,True,True,True,forecast_icc,,41638080512.0
AUB,ok,True,True,True,True,True,forecast_icc,,6000553472.0
AUBN,ok,True,True,False,True,True,trailing_eps_fallback_icc,,91208920.0
AUC,failed,True,True,False,False,False,,missing_positive_eps,75287624.0
AUDC,ok,True,True,True,True,True,forecast_icc,,235445936.0
AUGO,ok,True,True,True,True,True,forecast_icc,,4755324928.0
AUID,failed,True,True,False,False,False,,missing_positive_eps,10996967.0
AUNA,ok,True,True,True,True,True,forecast_icc,,384352320.0
AUPH,ok,True,True,True,True,True,forecast_icc,,1929025024.0
AUR,failed,True,True,False,False,False,,missing_positive_eps,12237906944.0
AURA,failed,True,True,False,False,False,,missing_positive_eps,735432960.0
AURE,failed,True,True,False,False,False,,missing_positive_eps,66240000.0
AUST,failed,True,True,False,False,False,,missing_positive_eps,13829931.0
AUTL,failed,True,True,False,False,False,,missing_positive_eps,407199200.0
AUUD,failed,True,True,False,False,False,,missing_positive_eps,5632252.0
AVA,ok,True,True,True,True,True,forecast_icc,,3390654720.0
AVAH,ok,True,True,True,True,True,forecast_icc,,2110047744.0
AVAL,ok,True,True,True,True,True,forecast_icc,,6113945088.0
AVAT,failed,True,True,False,False,False,,missing_positive_eps,12277250.0
AVAV,ok,True,True,True,False,True,forecast_icc,,7417619456.0
AVB,ok,True,True,True,True,True,forecast_icc,,26849474560.0
AVBC,ok,True,True,True,True,True,forecast_icc,,416165632.0
AVBH,ok,True,True,True,False,True,forecast_icc,,359986784.0
AVBP,failed,True,False,False,False,False,,missing_positive_eps,
AVD,failed,True,False,False,False,False,,missing_positive_eps,
AVEX,ok,True,True,True,True,True,forecast_icc,,898442944.0
AVGO,ok,True,True,True,True,True,forecast_icc,,1845179973632.0
AVIR,failed,True,True,False,False,False,,missing_positive_eps,379328416.0
AVLN,failed,True,True,False,False,False,,missing_positive_eps,1299403008.0
AVNT,ok,True,True,True,True,True,forecast_icc,,3363929088.0
AVNW,ok,True,True,True,True,True,forecast_icc,,271081760.0
AVO,ok,True,True,True,True,True,forecast_icc,,1126077568.0
AVPT,ok,True,True,True,True,True,forecast_icc,,2718060544.0
AVR,failed,True,True,False,False,False,,missing_positive_eps,802099712.0
AVT,ok,True,True,True,True,True,forecast_icc,,7119690240.0
AVTR,ok,True,True,True,False,True,forecast_icc,,9374332928.0
AVTX,failed,True,True,False,False,False,,missing_positive_eps,1025788928.0
AVX,failed,True,False,False,False,False,,missing_positive_eps,
AVXL,failed,True,True,False,False,False,,missing_positive_eps,250213760.0
AVY,ok,True,False,True,True,True,forecast_icc,,
AWI,ok,True,True,True,True,True,forecast_icc,,7369368576.0
AWK,ok,True,False,True,True,True,forecast_icc,,
AWP,ok,True,True,False,True,True,trailing_eps_fallback_icc,,374896096.0
AWR,ok,True,True,True,True,True,forecast_icc,,3369000448.0
AWRE,failed,True,True,False,False,False,,missing_positive_eps,24892986.0
AWX,ok,True,True,False,True,True,trailing_eps_fallback_icc,,9865953.0
AX,ok,True,True,True,True,True,forecast_icc,,5601999360.0
AXG,failed,True,True,False,False,False,,missing_positive_eps,578979648.0
AXGN,ok,True,True,True,False,True,forecast_icc,,2198903040.0
AXIA,ok,True,True,True,True,True,forecast_icc,,23928766464.0
AXIL,ok,True,True,True,True,True,forecast_icc,,40633592.0
AXIN,failed,True,True,False,False,False,,missing_positive_eps,349174016.0
AXON,ok,True,True,True,True,True,forecast_icc,,42340270080.0
AXP,ok,True,True,True,True,True,forecast_icc,,227930570752.0
AXR,ok,True,True,True,True,True,forecast_icc,,124513016.0
AXS,ok,True,True,True,True,True,forecast_icc,,7665112064.0
AXSM,ok,True,True,True,False,True,forecast_icc,,12074519552.0
AXTA,ok,True,True,True,True,True,forecast_icc,,7711101952.0
AXTI,ok,True,True,True,False,True,forecast_icc,,3070964224.0
AYA,ok,True,True,True,True,True,forecast_icc,,2937236224.0
AYI,ok,True,True,True,True,True,forecast_icc,,10113725440.0
AYTU,failed,True,True,False,False,False,,missing_positive_eps,23076398.0
AZ,ok,True,True,True,False,True,forecast_icc,,250270752.0
AZI,failed,True,True,False,False,False,,missing_positive_eps,3587222.0
AZIO,failed,True,True,False,False,False,,missing_positive_eps,25703086.0
AZN,ok,True,False,True,True,True,forecast_icc,,
AZO,ok,True,False,True,True,True,forecast_icc,,
AZTA,ok,True,True,True,False,True,forecast_icc,,1327472768.0
AZTR,failed,True,True,False,False,False,,missing_positive_eps,2121209.0
AZUL,ok,True,True,False,True,True,trailing_eps_fallback_icc,,1612440960.0
AZZ,ok,True,True,True,True,True,forecast_icc,,4356265472.0
B,ok,True,False,True,True,True,forecast_icc,,
BA,ok,True,True,True,True,True,forecast_icc,,174592737280.0
BABA,ok,True,True,True,True,True,forecast_icc,,278804168704.0
BAC,ok,True,False,True,True,True,forecast_icc,,
BACC,failed,True,True,False,False,False,,missing_positive_eps,293323104.0
BAER,failed,True,True,False,False,False,,missing_positive_eps,114122528.0
BAFN,failed,True,True,False,False,False,,missing_positive_eps,33170778.0
BAH,ok,True,True,True,True,True,forecast_icc,,8216666624.0
BAK,ok,True,True,True,False,True,forecast_icc,,960346944.0
BALL,ok,True,True,True,True,True,forecast_icc,,17388558336.0
BALY,failed,True,True,False,False,False,,missing_positive_eps,700457280.0
BAM,ok,True,True,True,True,True,forecast_icc,,76581879808.0
BANC,ok,True,True,True,True,True,forecast_icc,,2905167872.0
BAND,ok,True,True,True,False,True,forecast_icc,,1249580032.0
BANF,ok,True,True,True,True,True,forecast_icc,,3767049472.0
BANL,failed,True,True,False,False,False,,missing_positive_eps,9627966.0
BANR,ok,True,True,True,True,True,forecast_icc,,2373505792.0
BAOS,failed,True,True,False,False,False,,missing_positive_eps,967340.0
BAP,ok,True,True,True,True,True,forecast_icc,,31959674880.0
BAR,failed,True,False,False,False,False,,missing_positive_eps,
BARK,failed,True,True,False,False,False,,missing_positive_eps,77641384.0
BATL,ok,True,True,True,False,True,forecast_icc,,30165822.0
BATRA,failed,True,True,False,False,False,,missing_positive_eps,3486857984.0
BATRK,ok,True,True,True,False,True,forecast_icc,,3258505984.0
BAX,ok,True,True,True,False,True,forecast_icc,,13815545856.0
BAYA,failed,False,True,False,False,False,,missing_price,33242866.0
BB,ok,True,True,True,True,True,forecast_icc,,4946687488.0
BBAI,failed,True,True,False,False,False,,missing_positive_eps,1355426816.0
BBAI-W,failed,False,False,False,False,False,,missing_price,
BBAR,ok,True,True,True,True,True,forecast_icc,,4039801856.0
BBBY,failed,True,True,False,False,False,,missing_positive_eps,471558144.0
BBBY-W,failed,False,False,False,False,False,,missing_price,
BBCP,ok,True,True,True,True,True,forecast_icc,,495871264.0
BBCQ,failed,True,True,False,False,False,,missing_positive_eps,392149984.0
BBD,ok,True,True,True,True,True,forecast_icc,,37948854272.0
BBDC,ok,True,True,True,True,True,forecast_icc,,864878848.0
BBDO,ok,True,True,False,True,True,trailing_eps_fallback_icc,,34143399936.0
BBGI,ok,True,True,True,False,True,forecast_icc,,36360692.0
BBIO,ok,True,True,True,False,True,forecast_icc,,16088042496.0
BBLG,failed,True,True,False,False,False,,missing_positive_eps,1557107.0
BBN,ok,True,True,False,True,True,trailing_eps_fallback_icc,,976321728.0
BBNX,failed,True,True,False,False,False,,missing_positive_eps,635895424.0
BBOT,failed,True,True,False,False,False,,missing_positive_eps,680910400.0
BBSI,ok,True,True,True,True,True,forecast_icc,,981649152.0
BBT,ok,True,True,True,True,True,forecast_icc,,2567286784.0
BBUC,ok,True,True,True,False,True,forecast_icc,,6496258048.0
BBVA,ok,True,True,True,True,True,forecast_icc,,152497881088.0
BBW,ok,True,False,True,True,True,forecast_icc,,
BBWI,ok,True,True,True,True,True,forecast_icc,,4021158144.0
BBY,ok,True,False,True,True,True,forecast_icc,,
BC,ok,True,True,True,False,True,forecast_icc,,5181711360.0
BCAB,failed,True,True,False,False,False,,missing_positive_eps,5609292.0
BCAL,ok,True,True,True,True,True,forecast_icc,,679450048.0
BCAR,failed,True,True,False,False,False,,missing_positive_eps,200644000.0
BCAT,ok,True,True,False,True,True,trailing_eps_fallback_icc,,1636589696.0
BCAX,failed,True,True,False,False,False,,missing_positive_eps,1726040576.0
BCBP,ok,True,True,True,False,True,forecast_icc,,177277824.0
BCC,ok,True,True,True,True,True,forecast_icc,,2652602112.0
BCDA,failed,True,True,False,False,False,,missing_positive_eps,11477305.0
BCE,ok,True,True,True,True,True,forecast_icc,,20235810816.0
BCG,ok,True,True,False,True,True,trailing_eps_fallback_icc,,24374692.0
BCH,ok,True,True,True,True,True,forecast_icc,,21339858944.0
BCHT,ok,True,True,True,False,True,forecast_icc,,36302232.0
BCML,ok,True,True,True,True,True,forecast_icc,,329570464.0
BCO,ok,True,False,True,True,True,forecast_icc,,
BCPC,ok,True,True,True,True,True,forecast_icc,,5228488192.0
BCRX,ok,True,True,True,False,True,forecast_icc,,2348462848.0
BCS,ok,True,True,True,True,True,forecast_icc,,93395484672.0
BCSF,ok,True,True,True,True,True,forecast_icc,,810207680.0
BCSS,failed,True,True,False,False,False,,missing_positive_eps,596848000.0
BCSS-U,failed,False,False,False,False,False,,missing_price,
BCSS-W,failed,False,False,False,False,False,,missing_price,
BCTX,failed,True,True,False,False,False,,missing_positive_eps,31580228.0
BCX,ok,True,True,False,True,True,trailing_eps_fallback_icc,,901896576.0
BCYC,failed,True,False,False,False,False,,missing_positive_eps,
BDC,ok,True,False,True,True,True,forecast_icc,,
BDCI,ok,True,True,False,True,True,trailing_eps_fallback_icc,,350246400.0
BDJ,ok,True,True,False,True,True,trailing_eps_fallback_icc,,1714593920.0
BDL,ok,True,False,False,True,True,trailing_eps_fallback_icc,,
BDMD,failed,True,True,False,False,False,,missing_positive_eps,33261020.0
BDN,failed,True,True,False,False,False,,missing_positive_eps,526890080.0
BDRX,failed,True,True,False,False,False,,missing_positive_eps,133.0
BDSX,failed,True,True,False,False,False,,missing_positive_eps,220941168.0
BDTX,failed,True,True,False,False,False,,missing_positive_eps,98272544.0
BDX,ok,True,False,True,True,True,forecast_icc,,
BE,ok,True,True,True,True,True,forecast_icc,,61002506240.0
BEAG,ok,True,True,False,True,True,trailing_eps_fallback_icc,,334163072.0
BEAM,failed,True,True,False,False,False,,missing_positive_eps,2725270528.0
BEAT,failed,True,True,False,False,False,,missing_positive_eps,28708136.0
BEBE,failed,True,True,False,False,False,,missing_positive_eps,199599984.0
BEBE-U,failed,False,False,False,False,False,,missing_price,
BEBE-W,failed,False,False,False,False,False,,missing_price,
BEEM,failed,True,True,False,False,False,,missing_positive_eps,23089648.0
BEEP,failed,True,True,False,False,False,,missing_positive_eps,72498736.0
BEKE,ok,True,True,True,True,True,forecast_icc,,18772633600.0
BELFA,ok,True,True,True,True,True,forecast_icc,,2668206080.0
BELFB,ok,True,True,True,True,True,forecast_icc,,3604176128.0
BEN,ok,True,True,True,True,True,forecast_icc,,17236363264.0
BENF,ok,True,True,True,False,True,forecast_icc,,44190108.0
BEPC,failed,True,True,False,False,False,,missing_positive_eps,6044125696.0
BEPH,failed,True,False,False,False,False,,missing_positive_eps,
BEPI,failed,True,False,False,False,False,,missing_positive_eps,
BEPJ,failed,True,False,False,False,False,,missing_positive_eps,
BESS,ok,True,True,True,False,True,forecast_icc,,18666618.0
BESS-W,failed,False,False,False,False,False,,missing_price,
BETA,failed,True,True,False,False,False,,missing_positive_eps,4203754240.0
BETR,ok,True,True,True,False,True,forecast_icc,,401549856.0
BF-A,ok,True,True,False,True,True,trailing_eps_fallback_icc,,13403424768.0
BF-B,ok,True,True,True,True,True,forecast_icc,,13229056000.0
BFAM,ok,True,True,True,True,True,forecast_icc,,4100690176.0
BFC,ok,True,True,True,True,True,forecast_icc,,1676481280.0
BFH,ok,True,True,True,True,True,forecast_icc,,4469829632.0
BFLY,failed,True,True,False,False,False,,missing_positive_eps,2137606272.0
BFRG,failed,True,True,False,False,False,,missing_positive_eps,10661450.0
BFRI,ok,True,True,True,False,True,forecast_icc,,15748113.0
BFS,ok,True,False,False,True,True,trailing_eps_fallback_icc,,
BFST,ok,True,True,True,True,True,forecast_icc,,1043734336.0
BG,ok,True,False,True,True,True,forecast_icc,,
BGB,ok,True,False,False,True,True,trailing_eps_fallback_icc,,
BGC,ok,True,True,True,True,True,forecast_icc,,5595381760.0
BGDE,failed,True,True,False,False,False,,missing_positive_eps,31139860.0
BGH,ok,True,False,False,True,True,trailing_eps_fallback_icc,,
BGI,failed,True,False,False,False,False,,missing_positive_eps,
BGIN,failed,True,True,False,False,False,,missing_positive_eps,197987904.0
BGL,ok,True,True,True,False,True,forecast_icc,,9548030.0
BGLC,failed,True,True,False,False,False,,missing_positive_eps,3190854.0
BGM,failed,True,True,False,False,False,,missing_positive_eps,108889432.0
BGMS,ok,True,True,False,True,True,trailing_eps_fallback_icc,,5038159.0
BGR,ok,True,True,False,True,True,trailing_eps_fallback_icc,,416717568.0
BGS,ok,True,True,True,False,True,forecast_icc,,293012864.0
BGSF,ok,True,True,True,False,True,forecast_icc,,56269368.0
BGSI,ok,True,True,True,True,True,forecast_icc,,2876515328.0
BGT,ok,True,True,False,True,True,trailing_eps_fallback_icc,,320615744.0
BGX,ok,True,True,False,True,True,trailing_eps_fallback_icc,,136232704.0
BGY,ok,True,True,False,True,True,trailing_eps_fallback_icc,,521033120.0
BH,failed,True,True,False,False,False,,missing_positive_eps,1252531712.0
BH-A,failed,True,True,False,False,False,,missing_positive_eps,1248042880.0
BHAV,failed,True,True,False,False,False,,missing_positive_eps,145042656.0
BHB,ok,True,True,True,True,True,forecast_icc,,660442624.0
BHC,ok,True,True,True,False,True,forecast_icc,,2252058112.0
BHE,ok,True,False,True,True,True,forecast_icc,,
BHF,ok,True,True,True,False,True,forecast_icc,,3644934912.0
BHM,failed,True,True,False,False,False,,missing_positive_eps,98855000.0
BHP,ok,True,True,True,True,True,forecast_icc,,218215645184.0
BHR,failed,True,True,False,False,False,,missing_positive_eps,172264624.0
BHRB,ok,True,True,True,True,True,forecast_icc,,1472460800.0
BHST,failed,True,True,False,False,False,,missing_positive_eps,48509184.0
BHVN,failed,True,True,False,False,False,,missing_positive_eps,2080752896.0
BIAF,failed,True,True,False,False,False,,missing_positive_eps,4048804.0
BID,failed,True,True,False,False,False,,missing_positive_eps,196570416.0
BIDU,ok,True,True,True,False,True,forecast_icc,,36455768064.0
BIIB,ok,True,True,True,True,True,forecast_icc,,30722488320.0
BIII,failed,True,True,False,False,False,,missing_positive_eps,228850000.0
BIII-U,failed,False,False,False,False,False,,missing_price,
BIII-W,failed,False,False,False,False,False,,missing_price,
BILI,ok,True,True,True,True,True,forecast_icc,,7826058240.0
BILL,ok,True,True,True,False,True,forecast_icc,,4520695296.0
BIO,ok,True,True,True,True,True,forecast_icc,,8743548928.0
BIO-B,ok,True,True,False,True,True,trailing_eps_fallback_icc,,8279342592.0
BIOA,failed,True,True,False,False,False,,missing_positive_eps,1104650496.0
BIOT,failed,True,False,False,False,False,,missing_positive_eps,
BIOX,ok,True,True,True,False,True,forecast_icc,,21384706.0
BIPC,ok,True,True,True,False,True,forecast_icc,,5238172672.0
BIPI,failed,True,False,False,False,False,,missing_positive_eps,
BIRD,failed,True,True,False,False,False,,missing_positive_eps,20253916.0
BIRK,ok,True,True,True,True,True,forecast_icc,,7446355968.0
BIT,ok,True,True,False,True,True,trailing_eps_fallback_icc,,696165056.0
BIVI,failed,True,True,False,False,False,,missing_positive_eps,10785543.0
BIXI,failed,True,True,False,False,False,,missing_positive_eps,301785888.0
BIYA,failed,True,True,False,False,False,,missing_positive_eps,103217512.0
BJ,ok,True,True,True,True,True,forecast_icc,,12571471872.0
BJDX,failed,True,True,False,False,False,,missing_positive_eps,961560.0
BJRI,ok,True,True,True,True,True,forecast_icc,,1560716800.0
BKD,ok,True,False,True,False,True,forecast_icc,,
BKE,ok,True,False,True,True,True,forecast_icc,,
BKH,ok,True,True,True,True,True,forecast_icc,,5498734592.0
BKHA,ok,True,True,False,True,True,trailing_eps_fallback_icc,,48929136.0
BKKT,ok,True,True,True,False,True,forecast_icc,,332619520.0
BKKT-W,failed,False,False,False,False,False,,missing_price,
BKNG,ok,True,True,True,True,True,forecast_icc,,149737521152.0
BKR,ok,True,True,True,True,True,forecast_icc,,59461177344.0
BKSY,failed,True,True,False,False,False,,missing_positive_eps,919099648.0
BKSY-W,failed,True,False,False,False,False,,missing_positive_eps,
BKT,ok,True,True,False,True,True,trailing_eps_fallback_icc,,331015104.0
BKTI,ok,True,True,True,True,True,forecast_icc,,299049120.0
BKU,ok,True,True,True,True,True,forecast_icc,,3330502656.0
BKV,ok,True,True,True,True,True,forecast_icc,,2632935680.0
BKYI,ok,True,True,True,False,True,forecast_icc,,4699608.0
BL,ok,True,True,True,True,True,forecast_icc,,1798543616.0
BLBD,ok,True,True,True,True,True,forecast_icc,,2360835328.0
BLCO,ok,True,True,True,False,True,forecast_icc,,6057552384.0
BLDP,failed,True,True,False,False,False,,missing_positive_eps,841117568.0
BLDR,ok,True,True,True,True,True,forecast_icc,,7100027392.0
BLFS,ok,True,True,True,False,True,forecast_icc,,1545848576.0
BLIN,ok,True,True,True,False,True,forecast_icc,,14678859.0
BLIV,failed,True,True,False,False,False,,missing_positive_eps,23902564.0
BLK,ok,True,False,True,True,True,forecast_icc,,
BLKB,ok,True,True,True,True,True,forecast_icc,,1840958848.0
BLLN,ok,True,True,True,True,True,forecast_icc,,6420509696.0
BLMN,ok,True,True,True,True,True,forecast_icc,,758542592.0
BLND,ok,True,True,True,False,True,forecast_icc,,423704160.0
BLNE,ok,True,True,True,True,True,forecast_icc,,29929514.0
BLNK,failed,True,True,False,False,False,,missing_positive_eps,70404304.0
BLRK,failed,True,True,False,False,False,,missing_positive_eps,232530000.0
BLRX,failed,True,True,False,False,False,,missing_positive_eps,12148410.0
BLSH,ok,True,True,True,False,True,forecast_icc,,3425736192.0
BLTE,ok,True,True,True,False,True,forecast_icc,,6410407936.0
BLUW,ok,True,True,False,True,True,trailing_eps_fallback_icc,,334710880.0
BLW,ok,True,True,False,True,True,trailing_eps_fallback_icc,,490900096.0
BLX,ok,True,False,True,True,True,forecast_icc,,
BLZE,ok,True,True,True,False,True,forecast_icc,,757986048.0
BLZR,failed,True,True,False,False,False,,missing_positive_eps,348562496.0
BMA,ok,True,True,True,True,True,forecast_icc,,6024975360.0
BMBL,ok,True,True,True,False,True,forecast_icc,,441387680.0
BME,ok,True,False,False,True,True,trailing_eps_fallback_icc,,
BMEA,failed,True,True,False,False,False,,missing_positive_eps,88205320.0
BMEZ,ok,True,True,False,True,True,trailing_eps_fallback_icc,,975021952.0
BMGL,failed,True,True,False,False,False,,missing_positive_eps,9314606.0
BMHL,ok,True,True,False,True,True,trailing_eps_fallback_icc,,142912832.0
BMI,ok,True,True,True,True,True,forecast_icc,,3779595008.0
BMM,failed,True,True,False,False,False,,missing_positive_eps,547384832.0
BMN,ok,True,True,False,True,True,trailing_eps_fallback_icc,,154552000.0
BMNR,ok,True,True,True,False,True,forecast_icc,,10906333184.0
BMO,ok,True,True,True,True,True,forecast_icc,,125108420608.0
BMR,failed,True,True,False,False,False,,missing_positive_eps,18946424.0
BMRA,ok,True,True,True,False,True,forecast_icc,,4913218.0
BMRC,ok,True,True,True,False,True,forecast_icc,,464555744.0
BMRN,ok,True,True,True,True,True,forecast_icc,,11709171712.0
BMY,ok,True,True,True,True,True,forecast_icc,,132448747520.0
BN,ok,True,True,True,True,True,forecast_icc,,93878026240.0
BNAI,failed,True,True,False,False,False,,missing_positive_eps,80914896.0
BNBX,ok,True,True,False,True,True,trailing_eps_fallback_icc,,935639.0
BNC,ok,True,True,True,True,True,forecast_icc,,109934176.0
BNED,ok,True,True,True,True,True,forecast_icc,,430270688.0
BNGO,failed,True,True,False,False,False,,missing_positive_eps,12163499.0
BNJ,failed,True,False,False,False,False,,missing_positive_eps,
BNKK,failed,True,True,False,False,False,,missing_positive_eps,7961735.0
BNL,ok,True,True,True,True,True,forecast_icc,,4301345280.0
BNR,failed,True,True,False,False,False,,missing_positive_eps,93335136.0
BNRG,failed,True,True,False,False,False,,missing_positive_eps,1314842.0
BNS,ok,True,True,True,True,True,forecast_icc,,107085168640.0
BNT,ok,True,True,False,True,True,trailing_eps_fallback_icc,,11729488896.0
BNTC,failed,True,True,False,False,False,,missing_positive_eps,407442400.0
BNTX,failed,True,True,False,False,False,,missing_positive_eps,23480303616.0
BNY,ok,True,True,True,True,True,forecast_icc,,105900908544.0
BNZI,ok,True,True,False,True,True,trailing_eps_fallback_icc,,6032221.0
BOBS,ok,True,True,True,True,True,forecast_icc,,2144903424.0
BOC,failed,True,True,False,False,False,,missing_positive_eps,424517888.0
BODI,ok,True,True,True,True,True,forecast_icc,,72345224.0
BOE,ok,True,False,False,True,True,trailing_eps_fallback_icc,,
BOF,failed,True,True,False,False,False,,missing_positive_eps,60498320.0
BOH,ok,True,True,True,True,True,forecast_icc,,3150903296.0
BOKF,ok,True,True,True,True,True,forecast_icc,,8571412480.0
BOLD,failed,True,True,False,False,False,,missing_positive_eps,56186940.0
BOLT,failed,True,True,False,False,False,,missing_positive_eps,7474896.0
BON,ok,True,True,True,False,True,forecast_icc,,11248737.0
BOOM,ok,True,True,True,False,True,forecast_icc,,128134744.0
BOOT,ok,True,True,True,True,True,forecast_icc,,4682304000.0
BORR,ok,True,True,True,True,True,forecast_icc,,1231660032.0
BOSC,ok,True,True,True,True,True,forecast_icc,,31724144.0
BOT,failed,True,True,False,False,False,,missing_positive_eps,709861824.0
BOTJ,ok,True,True,False,True,True,trailing_eps_fallback_icc,,125441592.0
BOW,ok,True,True,True,True,True,forecast_icc,,999918208.0
BOX,ok,True,False,True,True,True,forecast_icc,,
BOXL,failed,True,True,False,False,False,,missing_positive_eps,1887771.0
BP,ok,True,True,True,True,True,forecast_icc,,113872257024.0
BPAC,failed,True,True,False,False,False,,missing_positive_eps,75029056.0
BPOP,ok,True,True,True,True,True,forecast_icc,,11184971776.0
BPRE,failed,True,False,False,False,False,,missing_positive_eps,
BPRN,ok,True,True,True,True,True,forecast_icc,,280415040.0
BPYPM,failed,True,False,False,False,False,,missing_positive_eps,
BPYPN,ok,True,False,False,True,True,trailing_eps_fallback_icc,,
BPYPO,ok,True,False,False,True,True,trailing_eps_fallback_icc,,
BPYPP,ok,True,False,False,True,True,trailing_eps_fallback_icc,,
BQ,failed,True,True,False,False,False,,missing_positive_eps,5888194.0
BR,ok,True,False,True,True,True,forecast_icc,,
BRAG,ok,True,True,True,False,True,forecast_icc,,43532616.0
BRAI,failed,True,True,False,False,False,,missing_positive_eps,1172642048.0
BRBI,ok,True,True,False,True,True,trailing_eps_fallback_icc,,300550208.0
BRBR,ok,True,True,True,True,True,forecast_icc,,1529053696.0
BRBS,ok,True,True,False,True,True,trailing_eps_fallback_icc,,313793216.0
BRC,ok,True,False,True,True,True,forecast_icc,,
BRCB,ok,True,True,True,False,True,forecast_icc,,171935952.0
BRCC,ok,True,True,True,False,True,forecast_icc,,119344088.0
BREZ,failed,True,False,False,False,False,,missing_positive_eps,
BRFH,failed,True,True,False,False,False,,missing_positive_eps,27605388.0
BRIA,ok,True,True,True,True,True,forecast_icc,,30750000.0
BRID,failed,True,True,False,False,False,,missing_positive_eps,58636336.0
BRK-A,ok,True,True,True,True,True,forecast_icc,,1099981389824.0
BRK-B,ok,True,True,True,True,True,forecast_icc,,1099305189376.0
BRKH,failed,True,True,False,False,False,,missing_positive_eps,116900072.0
BRKR,ok,True,True,True,False,True,forecast_icc,,9794196480.0
BRLS,failed,True,True,False,False,False,,missing_positive_eps,17943326.0
BRLT,ok,True,True,True,False,True,forecast_icc,,112333336.0
BRN,failed,True,True,False,False,False,,missing_positive_eps,13877320.0
BRNS,failed,True,True,False,False,False,,missing_positive_eps,22752832.0
BRO,ok,True,True,True,True,True,forecast_icc,,23713837056.0
BROS,ok,True,True,True,True,True,forecast_icc,,11429535744.0
BRR,failed,True,True,False,False,False,,missing_positive_eps,154880720.0
BRSL,ok,True,True,True,True,True,forecast_icc,,1868106496.0
BRSP,ok,True,True,True,False,True,forecast_icc,,632682048.0
BRT,failed,True,True,False,False,False,,missing_positive_eps,284217024.0
BRTX,failed,True,True,False,False,False,,missing_positive_eps,5745328.0
BRUN,ok,True,True,True,False,True,forecast_icc,,1219359104.0
BRX,ok,True,True,True,True,True,forecast_icc,,9666478080.0
BRZE,ok,True,True,True,False,True,forecast_icc,,2822549760.0
BSAA,ok,True,True,False,True,True,trailing_eps_fallback_icc,,78878672.0
BSAC,ok,True,True,True,True,True,forecast_icc,,16522014720.0
BSBK,ok,True,True,True,True,True,forecast_icc,,116203776.0
BSBR,ok,True,True,True,True,True,forecast_icc,,18906007552.0
BSET,ok,True,True,True,True,True,forecast_icc,,167710672.0
BSIN,ok,True,True,True,False,True,forecast_icc,,58598880.0
BSL,ok,True,False,False,True,True,trailing_eps_fallback_icc,,
BSM,ok,True,True,True,True,True,forecast_icc,,3144990208.0
BSP,ok,True,True,True,True,True,forecast_icc,,22067521536.0
BSRR,ok,True,True,True,True,True,forecast_icc,,527091712.0
BST,ok,True,False,False,True,True,trailing_eps_fallback_icc,,
BSTZ,ok,True,True,False,True,True,trailing_eps_fallback_icc,,1920711680.0
BSVN,ok,True,True,True,True,True,forecast_icc,,475966784.0
BSX,ok,True,True,True,True,True,forecast_icc,,68372340736.0
BSY,ok,True,True,True,True,True,forecast_icc,,10696680448.0
BTAI,failed,True,True,False,False,False,,missing_positive_eps,24479764.0
BTBD,failed,True,True,False,False,False,,missing_positive_eps,7236127.0
BTBT,failed,True,True,False,False,False,,missing_positive_eps,501828000.0
BTCS,failed,True,True,False,False,False,,missing_positive_eps,52264140.0
BTCT,failed,True,True,False,False,False,,missing_positive_eps,8747748.0
BTDR,failed,True,True,False,False,False,,missing_positive_eps,2700781568.0
BTE,ok,True,False,True,False,True,forecast_icc,,
BTG,ok,True,False,True,True,True,forecast_icc,,
BTGO,ok,True,True,True,False,True,forecast_icc,,585595008.0
BTI,ok,True,True,True,True,True,forecast_icc,,133060747264.0
BTMD,ok,True,True,True,True,True,forecast_icc,,78927840.0
BTO,ok,True,False,False,True,True,trailing_eps_fallback_icc,,
BTOC,failed,True,True,False,False,False,,missing_positive_eps,10247415.0
BTOG,failed,True,True,False,False,False,,missing_positive_eps,2191700.0
BTQ,failed,True,True,False,False,False,,missing_positive_eps,509678080.0
BTSG,ok,True,True,True,True,True,forecast_icc,,14303312896.0
BTT,ok,True,True,False,True,True,trailing_eps_fallback_icc,,1434116864.0
BTTC,failed,True,True,False,False,False,,missing_positive_eps,7426946.0
BTU,ok,True,False,True,False,True,forecast_icc,,
BTX,ok,True,True,False,True,True,trailing_eps_fallback_icc,,922011328.0
BTZ,ok,True,False,False,True,True,trailing_eps_fallback_icc,,
BUD,ok,True,True,True,True,True,forecast_icc,,166340214784.0
BUDA,ok,True,True,True,True,True,forecast_icc,,94375664.0
BULL,ok,True,True,True,False,True,forecast_icc,,3802503424.0
BUR,ok,True,False,True,False,True,forecast_icc,,
BURL,ok,True,True,True,True,True,forecast_icc,,23426459648.0
BUSE,ok,True,True,True,True,True,forecast_icc,,2602167808.0
BUUU,failed,True,True,False,False,False,,missing_positive_eps,361446752.0
BV,ok,True,True,True,True,True,forecast_icc,,1229307904.0
BVC,ok,True,True,False,True,True,trailing_eps_fallback_icc,,1832880000.0
BVFL,ok,True,True,False,True,True,trailing_eps_fallback_icc,,179586928.0
BVN,ok,True,False,True,True,True,forecast_icc,,
BVS,ok,True,True,True,True,True,forecast_icc,,892919296.0
BW,ok,True,True,True,False,True,forecast_icc,,1409510400.0
BWA,ok,True,False,True,True,True,forecast_icc,,
BWAY,ok,True,True,True,True,True,forecast_icc,,612001664.0
BWB,ok,True,True,True,True,True,forecast_icc,,571556992.0
BWEN,ok,True,True,False,True,True,trailing_eps_fallback_icc,,91276056.0
BWFG,ok,True,True,True,True,True,forecast_icc,,539864000.0
BWIN,ok,True,True,True,False,True,forecast_icc,,2602006784.0
BWIV,failed,True,True,False,False,False,,missing_positive_eps,180527184.0
BWIV-U,failed,False,False,False,False,False,,missing_price,
BWIV-W,failed,False,False,False,False,False,,missing_price,
BWLP,ok,True,True,False,True,True,trailing_eps_fallback_icc,,3396092928.0
BWMN,ok,True,True,True,True,True,forecast_icc,,452574944.0
BWMX,ok,True,True,True,True,True,forecast_icc,,655120576.0
BWXT,ok,True,True,True,True,True,forecast_icc,,15170468864.0
BX,ok,True,True,True,True,True,forecast_icc,,159396872192.0
BXBL,failed,True,True,False,False,False,,missing_positive_eps,1649095552.0
BXC,ok,True,True,True,False,True,forecast_icc,,416046816.0
BXDC,ok,True,True,True,False,True,forecast_icc,,2074372096.0
BXMT,ok,True,True,True,True,True,forecast_icc,,2525192448.0
BXP,ok,True,True,True,True,True,forecast_icc,,12779579392.0
BXSL,ok,True,True,True,True,True,forecast_icc,,5388220416.0
BY,ok,True,True,True,True,True,forecast_icc,,1780951296.0
BYAH,failed,True,True,False,False,False,,missing_positive_eps,2214747.0
BYD,ok,True,True,True,True,True,forecast_icc,,6470440448.0
BYFC,failed,True,True,False,False,False,,missing_positive_eps,93663608.0
BYND,failed,True,True,False,False,False,,missing_positive_eps,286375776.0
BYRN,failed,True,True,False,False,False,,missing_positive_eps,103481704.0
BYSI,failed,True,True,False,False,False,,missing_positive_eps,46465396.0
BZ,ok,True,False,True,True,True,forecast_icc,,
BZAI,failed,True,True,False,False,False,,missing_positive_eps,115148720.0
BZFD,failed,True,True,False,False,False,,missing_positive_eps,99880072.0
BZH,ok,True,True,True,False,True,forecast_icc,,890809344.0
BZUN,ok,True,True,True,False,True,forecast_icc,,173260144.0
C,ok,True,True,True,True,True,forecast_icc,,221953589248.0
CAAP,ok,True,True,True,True,True,forecast_icc,,4261744896.0
CAAS,ok,True,True,True,True,True,forecast_icc,,129130608.0
CABA,failed,True,True,False,False,False,,missing_positive_eps,443509056.0
CABO,ok,True,False,True,False,True,forecast_icc,,
CABR,failed,True,True,False,False,False,,missing_positive_eps,14182749.0
CAC,ok,True,True,True,True,True,forecast_icc,,977449280.0
CACC,ok,True,True,True,True,True,forecast_icc,,5812347392.0
CACI,ok,True,True,True,True,True,forecast_icc,,10545284096.0
CADL,failed,True,True,False,False,False,,missing_positive_eps,723177280.0
CAE,ok,True,True,True,True,True,forecast_icc,,8306403328.0
CAES,failed,True,True,False,False,False,,missing_positive_eps,320411008.0
CAF,ok,True,True,False,True,True,trailing_eps_fallback_icc,,325088608.0
CAG,ok,True,False,True,False,True,forecast_icc,,
CAH,ok,True,True,True,True,True,forecast_icc,,53181124608.0
CAI,ok,True,True,True,False,True,forecast_icc,,4548332544.0
CAII,failed,True,True,False,False,False,,missing_positive_eps,336949408.0
CAKE,ok,True,True,True,True,True,forecast_icc,,5033624064.0
CAL,ok,True,True,True,False,True,forecast_icc,,437338496.0
CALC,failed,True,True,False,False,False,,missing_positive_eps,13270346.0
CALM,ok,True,True,True,True,True,forecast_icc,,4125553408.0
CALX,ok,True,True,True,True,True,forecast_icc,,2215073024.0
CALY,ok,True,True,True,True,True,forecast_icc,,3330907904.0
CAMP,failed,True,True,False,False,False,,missing_positive_eps,180182528.0
CAMT,ok,True,True,True,True,True,forecast_icc,,6402674176.0
CAN,failed,True,True,False,False,False,,missing_positive_eps,181679424.0
CANF,failed,True,True,False,False,False,,missing_positive_eps,7027554.0
CANG,ok,True,True,True,False,True,forecast_icc,,58661412.0
CAPL,ok,True,True,True,True,True,forecast_icc,,831001408.0
CAPN,ok,True,True,False,True,True,trailing_eps_fallback_icc,,58697824.0
CAPR,failed,True,True,False,False,False,,missing_positive_eps,242650832.0
CAPS,ok,True,True,True,False,True,forecast_icc,,3650281.0
CAQ,failed,True,True,False,False,False,,missing_positive_eps,249409824.0
CAR,ok,True,False,True,False,True,forecast_icc,,
CARE,ok,True,True,True,True,True,forecast_icc,,756396288.0
CARG,ok,True,True,True,True,True,forecast_icc,,3246735360.0
CARL,failed,True,True,False,False,False,,missing_positive_eps,344161248.0
CARR,ok,True,True,True,True,True,forecast_icc,,50605314048.0
CARS,ok,True,True,True,True,True,forecast_icc,,664128000.0
CART,ok,True,True,True,True,True,forecast_icc,,10517583872.0
CASH,ok,True,True,True,True,True,forecast_icc,,1851349888.0
CASS,ok,True,True,True,True,True,forecast_icc,,712389760.0
CAST,failed,True,True,False,False,False,,missing_positive_eps,62807008.0
CASY,ok,True,True,True,True,True,forecast_icc,,32101761024.0
CAT,ok,True,False,True,True,True,forecast_icc,,
CATO,ok,True,True,True,False,True,forecast_icc,,66462996.0
CATX,failed,True,True,False,False,False,,missing_positive_eps,340998144.0
CATY,ok,True,True,True,True,True,forecast_icc,,4212002816.0
CAVA,ok,True,True,True,True,True,forecast_icc,,7738523136.0
CB,ok,True,True,True,True,True,forecast_icc,,135087824896.0
CBAN,ok,True,True,True,True,True,forecast_icc,,461567712.0
CBAT,ok,True,True,True,False,True,forecast_icc,,43888556.0
CBC,ok,True,True,True,True,True,forecast_icc,,7871589376.0
CBFV,ok,True,True,True,True,True,forecast_icc,,191126080.0
CBIO,failed,True,True,False,False,False,,missing_positive_eps,555180096.0
CBK,ok,True,True,True,True,True,forecast_icc,,467624352.0
CBL,ok,True,False,False,True,True,trailing_eps_fallback_icc,,
CBLL,failed,True,True,False,False,False,,missing_positive_eps,669309184.0
CBNA,ok,True,True,True,True,True,forecast_icc,,299546944.0
CBNK,ok,True,True,True,True,True,forecast_icc,,603192320.0
CBOE,ok,True,True,True,True,True,forecast_icc,,31031939072.0
CBRE,ok,True,True,True,True,True,forecast_icc,,43764367360.0
CBRL,ok,True,True,True,True,True,forecast_icc,,1275821440.0
CBRS,ok,True,True,True,True,True,forecast_icc,,45254266880.0
CBSH,ok,True,True,True,True,True,forecast_icc,,8553067008.0
CBT,ok,True,True,True,True,True,forecast_icc,,4554557952.0
CBU,ok,True,True,True,True,True,forecast_icc,,3423077888.0
CBUS,failed,True,True,False,False,False,,missing_positive_eps,156280336.0
CBZ,ok,True,True,True,True,True,forecast_icc,,2998660864.0
CC,ok,True,True,True,False,True,forecast_icc,,2572962816.0
CCAP,ok,True,True,True,True,True,forecast_icc,,399778592.0
CCAQ,ok,True,True,False,True,True,trailing_eps_fallback_icc,,212039856.0
CCB,ok,True,True,True,True,True,forecast_icc,,608579904.0
CCBG,ok,True,True,True,True,True,forecast_icc,,882090624.0
CCC,ok,True,True,True,True,True,forecast_icc,,3556859648.0
CCCC,failed,True,True,False,False,False,,missing_positive_eps,404676064.0
CCEC,ok,True,True,True,True,True,forecast_icc,,1345939968.0
CCEL,ok,True,True,True,False,True,forecast_icc,,27090504.0
CCEP,ok,True,True,True,True,True,forecast_icc,,49326501888.0
CCG,ok,True,True,True,False,True,forecast_icc,,32821082.0
CCHH,failed,True,True,False,False,False,,missing_positive_eps,5419617.0
CCI,ok,True,True,True,True,True,forecast_icc,,33434871808.0
CCII,ok,True,True,False,True,True,trailing_eps_fallback_icc,,358729056.0
CCIX,ok,True,True,False,True,True,trailing_eps_fallback_icc,,398888000.0
CCJ,ok,True,False,True,True,True,forecast_icc,,
CCK,ok,True,True,True,True,True,forecast_icc,,12874675200.0
CCL,ok,True,True,True,True,True,forecast_icc,,38035156992.0
CCLD,ok,True,True,True,True,True,forecast_icc,,102408008.0
CCM,failed,True,True,False,False,False,,missing_positive_eps,20189012.0
CCNE,ok,True,True,True,True,True,forecast_icc,,1036537536.0
CCO,failed,True,False,False,False,False,,missing_positive_eps,
CCOI,failed,True,True,False,False,False,,missing_positive_eps,663028288.0
CCRN,ok,True,True,True,False,True,forecast_icc,,428060928.0
CCS,ok,True,True,True,True,True,forecast_icc,,1949643904.0
CCSI,ok,True,True,True,True,True,forecast_icc,,657358720.0
CCTG,failed,True,True,False,False,False,,missing_positive_eps,2703443.0
CCU,ok,True,False,True,True,True,forecast_icc,,
CCXI,failed,True,True,False,False,False,,missing_positive_eps,779800000.0
CCZ,failed,True,False,False,False,False,,missing_positive_eps,
CD,failed,True,True,False,False,False,,missing_positive_eps,224825952.0
CDE,ok,True,True,True,True,True,forecast_icc,,15870231552.0
CDIO,failed,True,True,False,False,False,,missing_positive_eps,4646366.0
CDLR,ok,True,True,False,True,True,trailing_eps_fallback_icc,,2186998016.0
CDLX,failed,True,True,False,False,False,,missing_positive_eps,22069880.0
CDNA,ok,True,True,True,False,True,forecast_icc,,1968226048.0
CDNL,ok,True,True,True,True,True,forecast_icc,,1252657408.0
CDNS,ok,True,True,True,True,True,forecast_icc,,91656298496.0
CDP,ok,True,True,True,True,True,forecast_icc,,4429074944.0
CDRE,ok,True,True,True,True,True,forecast_icc,,1309602048.0
CDRO,ok,True,True,True,True,True,forecast_icc,,421278784.0
CDT,failed,True,True,False,False,False,,missing_positive_eps,1691286.0
CDTG,failed,True,True,False,False,False,,missing_positive_eps,2990816.0
CDW,ok,True,False,True,True,True,forecast_icc,,
CDXS,failed,True,True,False,False,False,,missing_positive_eps,159190880.0
CDZI,failed,True,True,False,False,False,,missing_positive_eps,264030960.0
CDZIP,failed,True,False,False,False,False,,missing_positive_eps,
CE,ok,True,True,True,False,True,forecast_icc,,4913978368.0
CECO,ok,True,True,True,True,True,forecast_icc,,3827734784.0
CEE,ok,True,False,False,True,True,trailing_eps_fallback_icc,,
CEG,ok,True,True,True,True,True,forecast_icc,,94117806080.0
CELC,ok,True,True,True,False,True,forecast_icc,,4273877504.0
CELH,ok,True,True,True,True,True,forecast_icc,,7503044608.0
CELU,failed,True,True,False,False,False,,missing_positive_eps,19683254.0
CELZ,failed,True,True,False,False,False,,missing_positive_eps,4958020.0
CENN,failed,True,True,False,False,False,,missing_positive_eps,8062275.0
CENT,ok,True,True,True,True,True,forecast_icc,,2708063232.0
CENTA,ok,True,True,True,True,True,forecast_icc,,2382695424.0
CENX,ok,True,True,True,True,True,forecast_icc,,4441955328.0
CEPF,ok,True,True,False,True,True,trailing_eps_fallback_icc,,594931520.0
CEPL,ok,True,True,True,False,True,forecast_icc,,256524240.0
CEPO,failed,True,True,False,False,False,,missing_positive_eps,272084992.0
CEPS,ok,True,True,False,True,True,trailing_eps_fallback_icc,,152620000.0
CEPT,failed,False,True,False,False,False,,missing_price,360232384.0
CEPU,ok,True,True,True,True,True,forecast_icc,,2324786688.0
CEPV,ok,True,True,False,True,True,trailing_eps_fallback_icc,,330616000.0
CERS,failed,True,True,False,False,False,,missing_positive_eps,579066368.0
CERT,ok,True,True,True,False,True,forecast_icc,,1210292736.0
CET,ok,True,False,False,True,True,trailing_eps_fallback_icc,,
CETX,ok,True,True,True,True,True,forecast_icc,,4302852.0
CETY,failed,True,True,False,False,False,,missing_positive_eps,10888665.0
CEV,ok,True,True,False,True,True,trailing_eps_fallback_icc,,70757768.0
CEVA,ok,True,True,True,False,True,forecast_icc,,916294592.0
CF,ok,True,True,True,True,True,forecast_icc,,19321954304.0
CFBK,ok,True,True,True,True,True,forecast_icc,,235265568.0
CFFI,ok,True,True,False,True,True,trailing_eps_fallback_icc,,271920704.0
CFFN,ok,True,True,True,True,True,forecast_icc,,1102119424.0
CFG,ok,True,True,True,True,True,forecast_icc,,30318669824.0
CFND,failed,True,True,False,False,False,,missing_positive_eps,20933332.0
CFR,ok,True,True,True,True,True,forecast_icc,,10266689536.0
CG,ok,True,False,True,True,True,forecast_icc,,
CGAU,ok,True,True,True,True,True,forecast_icc,,3583529984.0
CGC,failed,True,True,False,False,False,,missing_positive_eps,411646208.0
CGEM,failed,True,True,False,False,False,,missing_positive_eps,1076745088.0
CGEN,ok,True,True,False,True,True,trailing_eps_fallback_icc,,220855136.0
CGNT,ok,True,True,True,False,True,forecast_icc,,647137792.0
CGNX,ok,True,True,True,True,True,forecast_icc,,10421186560.0
CGON,failed,True,True,False,False,False,,missing_positive_eps,6441426432.0
CGTL,failed,True,True,False,False,False,,missing_positive_eps,7048646.0
CGTX,failed,True,True,False,False,False,,missing_positive_eps,81980184.0
CHA,ok,True,True,True,True,True,forecast_icc,,2134641536.0
CHAI,failed,True,True,False,False,False,,missing_positive_eps,9295278.0
CHAR,ok,True,True,False,True,True,trailing_eps_fallback_icc,,116321568.0
CHCI,ok,True,True,False,True,True,trailing_eps_fallback_icc,,150810656.0
CHCO,ok,True,True,True,True,True,forecast_icc,,2039063424.0
CHCT,ok,True,True,True,True,True,forecast_icc,,530292448.0
CHD,ok,True,False,True,True,True,forecast_icc,,
CHDN,ok,True,True,True,True,True,forecast_icc,,5763237888.0
CHE,ok,True,True,True,True,True,forecast_icc,,7098857984.0
CHEC,ok,True,True,False,True,True,trailing_eps_fallback_icc,,176201616.0
CHEF,ok,True,True,True,True,True,forecast_icc,,4578136576.0
CHGA,failed,True,True,False,False,False,,missing_positive_eps,2541440.0
CHGG,failed,True,True,False,False,False,,missing_positive_eps,117556776.0
CHH,ok,True,True,True,True,True,forecast_icc,,5080026624.0
CHKP,ok,True,True,True,True,True,forecast_icc,,13092363264.0
CHMG,ok,True,True,True,True,True,forecast_icc,,390935616.0
CHMI,ok,True,True,True,True,True,forecast_icc,,83860304.0
CHNR,failed,True,True,False,False,False,,missing_positive_eps,4682558.0
CHOW,failed,True,True,False,False,False,,missing_positive_eps,12847380.0
CHPG,ok,True,True,False,True,True,trailing_eps_fallback_icc,,104067520.0
CHPT,failed,True,True,False,False,False,,missing_positive_eps,142178000.0
CHR,ok,True,True,False,True,True,trailing_eps_fallback_icc,,3580179.0
CHRD,ok,True,True,True,False,True,forecast_icc,,7783362048.0
CHRN,failed,True,True,False,False,False,,missing_positive_eps,3058224384.0
CHRS,failed,True,True,False,False,False,,missing_positive_eps,226747360.0
CHRW,ok,True,True,True,True,True,forecast_icc,,17317906432.0
CHSCL,failed,True,False,False,False,False,,missing_positive_eps,
CHSCM,failed,True,False,False,False,False,,missing_positive_eps,
CHSCN,failed,True,False,False,False,False,,missing_positive_eps,
CHSCO,failed,True,False,False,False,False,,missing_positive_eps,
CHSN,ok,True,True,False,True,True,trailing_eps_fallback_icc,,2550995.0
CHT,ok,True,True,True,True,True,forecast_icc,,33108781056.0
CHTR,ok,True,True,True,True,True,forecast_icc,,19138402304.0
CHWY,ok,True,True,True,True,True,forecast_icc,,9343059968.0
CHYM,ok,True,True,True,False,True,forecast_icc,,8611033088.0
CI,ok,True,True,True,True,True,forecast_icc,,76095389696.0
CIA,ok,True,True,True,True,True,forecast_icc,,245690320.0
CIB,ok,True,True,True,True,True,forecast_icc,,22276833280.0
CIEN,ok,True,True,True,True,True,forecast_icc,,52667600896.0
CIFR,ok,True,True,True,False,True,forecast_icc,,9267009536.0
CIG,ok,True,False,True,True,True,forecast_icc,,
CIG-C,ok,True,True,False,True,True,trailing_eps_fallback_icc,,9011148800.0
CIGI,ok,True,True,True,True,True,forecast_icc,,5078697472.0
CIGL,failed,True,True,False,False,False,,missing_positive_eps,104231728.0
CII,ok,True,True,False,True,True,trailing_eps_fallback_icc,,980326592.0
CIIT,failed,True,True,False,False,False,,missing_positive_eps,3337495.0
CIK,ok,True,False,False,True,True,trailing_eps_fallback_icc,,
CIM,ok,True,True,True,False,True,forecast_icc,,1058958528.0
CINF,ok,True,True,True,True,True,forecast_icc,,26817218560.0
CING,failed,True,True,False,False,False,,missing_positive_eps,64112616.0
CINT,ok,True,True,True,True,True,forecast_icc,,413874656.0
CION,ok,True,True,True,False,True,forecast_icc,,294254208.0
CIRC,failed,True,True,False,False,False,,missing_positive_eps,64422628.0
CISO,ok,True,True,False,True,True,trailing_eps_fallback_icc,,11391772.0
CISS,failed,True,True,False,False,False,,missing_positive_eps,201722.0
CITR,failed,True,False,False,False,False,,missing_positive_eps,
CIVB,ok,True,True,True,True,True,forecast_icc,,600638720.0
CIX,ok,True,False,False,True,True,trailing_eps_fallback_icc,,
CJMB,failed,True,True,False,False,False,,missing_positive_eps,8356254.0
CKX,ok,True,True,False,True,True,trailing_eps_fallback_icc,,22173794.0
CL,ok,True,False,True,True,True,forecast_icc,,
CLAR,ok,True,True,True,False,True,forecast_icc,,123397176.0
CLB,ok,True,True,True,True,True,forecast_icc,,477100640.0
CLBK,ok,True,True,True,True,True,forecast_icc,,1139437568.0
CLBR,failed,True,True,False,False,False,,missing_positive_eps,412171680.0
CLBR-U,failed,False,False,False,False,False,,missing_price,
CLBR-W,failed,False,False,False,False,False,,missing_price,
CLBT,ok,True,True,True,True,True,forecast_icc,,3634338048.0
CLDI,failed,True,True,False,False,False,,missing_positive_eps,1801774.0
CLDT,ok,True,True,False,True,True,trailing_eps_fallback_icc,,654239936.0
CLDX,failed,True,True,False,False,False,,missing_positive_eps,3020767488.0
CLF,ok,True,True,True,False,True,forecast_icc,,6635380736.0
CLFD,ok,True,True,True,True,True,forecast_icc,,419778400.0
CLGN,failed,True,True,False,False,False,,missing_positive_eps,5670571.0
CLH,ok,True,False,True,True,True,forecast_icc,,
CLIK,failed,True,True,False,False,False,,missing_positive_eps,12245137.0
CLIR,failed,True,True,False,False,False,,missing_positive_eps,24599076.0
CLLS,failed,True,True,False,False,False,,missing_positive_eps,286989760.0
CLM,ok,True,True,False,True,True,trailing_eps_fallback_icc,,2180788992.0
CLMB,ok,True,True,True,True,True,forecast_icc,,497289120.0
CLMT,ok,True,True,True,False,True,forecast_icc,,3812687616.0
CLNE,ok,True,True,True,False,True,forecast_icc,,425033536.0
CLNN,failed,True,True,False,False,False,,missing_positive_eps,64402668.0
CLOV,ok,True,True,True,False,True,forecast_icc,,2285809920.0
CLPR,ok,True,True,True,False,True,forecast_icc,,118929888.0
CLPS,failed,True,True,False,False,False,,missing_positive_eps,24470298.0
CLPT,failed,True,True,False,False,False,,missing_positive_eps,437247840.0
CLRB,failed,True,True,False,False,False,,missing_positive_eps,20219284.0
CLRO,failed,True,True,False,False,False,,missing_positive_eps,11531026.0
CLS,ok,True,True,True,True,True,forecast_icc,,40541532160.0
CLSK,failed,True,True,False,False,False,,missing_positive_eps,3731089152.0
CLST,ok,True,True,False,True,True,trailing_eps_fallback_icc,,67869256.0
CLVT,ok,True,True,True,False,True,forecast_icc,,1285724672.0
CLW,failed,True,True,False,False,False,,missing_positive_eps,341102208.0
CLX,ok,True,False,True,True,True,forecast_icc,,
CLYM,failed,True,True,False,False,False,,missing_positive_eps,691737344.0
CM,ok,True,True,True,True,True,forecast_icc,,107956936704.0
CMBT,ok,True,True,True,True,True,forecast_icc,,4645618176.0
CMC,ok,True,False,True,True,True,forecast_icc,,
CMCL,ok,True,True,True,True,True,forecast_icc,,364436864.0
CMCM,ok,True,True,True,False,True,forecast_icc,,88460088.0
CMCO,ok,True,True,True,False,True,forecast_icc,,596254016.0
CMCSA,ok,True,True,True,True,True,forecast_icc,,83996229632.0
CMCT,failed,True,True,False,False,False,,missing_positive_eps,10052124.0
CMDB,failed,True,True,False,False,False,,missing_positive_eps,470517408.0
CME,ok,True,True,True,True,True,forecast_icc,,96086769664.0
CMG,ok,True,False,True,True,True,forecast_icc,,
CMI,ok,True,True,True,True,True,forecast_icc,,87344316416.0
CMII,failed,True,True,False,False,False,,missing_positive_eps,313160032.0
CMMB,failed,True,True,False,False,False,,missing_positive_eps,11211320.0
CMND,failed,True,True,False,False,False,,missing_positive_eps,2406592.0
CMP,ok,True,False,True,True,True,forecast_icc,,
CMPR,ok,True,True,True,True,True,forecast_icc,,2294778880.0
CMPS,failed,True,True,False,False,False,,missing_positive_eps,1561363456.0
CMPX,failed,True,True,False,False,False,,missing_positive_eps,349370560.0
CMRC,ok,True,True,True,False,True,forecast_icc,,260738688.0
CMRE,ok,True,True,True,True,True,forecast_icc,,1873859456.0
CMS,ok,True,True,True,True,True,forecast_icc,,22659086336.0
CMT,ok,True,True,True,True,True,forecast_icc,,199781760.0
CMTG,failed,True,True,False,False,False,,missing_positive_eps,255198160.0
CMTL,failed,True,True,False,False,False,,missing_positive_eps,50934436.0
CMTV,ok,True,True,False,True,True,trailing_eps_fallback_icc,,221413616.0
CNA,ok,True,False,True,True,True,forecast_icc,,
CNC,ok,True,True,True,False,True,forecast_icc,,30054656000.0
CNCK,failed,True,True,False,False,False,,missing_positive_eps,352397248.0
CNDT,failed,True,True,False,False,False,,missing_positive_eps,245052976.0
CNET,failed,True,True,False,False,False,,missing_positive_eps,6309698.0
CNEY,failed,True,True,False,False,False,,missing_positive_eps,4582367.0
CNF,ok,True,True,True,False,True,forecast_icc,,37088076.0
CNH,ok,True,True,True,True,True,forecast_icc,,12796290048.0
CNI,ok,True,True,True,True,True,forecast_icc,,76900933632.0
CNK,ok,True,False,True,True,True,forecast_icc,,
CNL,failed,True,True,False,False,False,,missing_positive_eps,1219524480.0
CNM,ok,True,True,True,True,True,forecast_icc,,8424797184.0
CNMD,ok,True,True,True,True,True,forecast_icc,,1414529920.0
CNNE,failed,True,True,False,False,False,,missing_positive_eps,646364800.0
CNO,ok,True,False,True,True,True,forecast_icc,,
CNOB,ok,True,True,True,True,True,forecast_icc,,1657005952.0
CNP,ok,True,True,True,True,True,forecast_icc,,27765059584.0
CNQ,ok,True,True,True,True,True,forecast_icc,,98612363264.0
CNR,ok,True,True,True,False,True,forecast_icc,,4089569024.0
CNS,ok,True,False,True,True,True,forecast_icc,,
CNSP,failed,True,True,False,False,False,,missing_positive_eps,7088027.0
CNTB,failed,True,True,False,False,False,,missing_positive_eps,131594448.0
CNTN,failed,True,True,False,False,False,,missing_positive_eps,142676784.0
CNTX,failed,True,True,False,False,False,,missing_positive_eps,55798224.0
CNTY,failed,True,True,False,False,False,,missing_positive_eps,33197574.0
CNVS,failed,True,True,False,False,False,,missing_positive_eps,55966680.0
CNX,ok,True,False,True,True,True,forecast_icc,,
CNXC,ok,True,True,True,False,True,forecast_icc,,1519356928.0
CNXN,ok,True,True,True,True,True,forecast_icc,,2080896640.0
CNXU,failed,True,True,False,False,False,,missing_positive_eps,236276048.0
COAG,failed,True,True,False,False,False,,missing_positive_eps,2217105664.0
COCH,failed,True,True,False,False,False,,missing_positive_eps,51334568.0
COCO,ok,True,True,True,True,True,forecast_icc,,3823691264.0
COCP,failed,True,True,False,False,False,,missing_positive_eps,11963373.0
CODA,ok,True,True,True,True,True,forecast_icc,,114950880.0
CODI,ok,True,True,True,False,True,forecast_icc,,756121472.0
CODX,failed,True,True,False,False,False,,missing_positive_eps,5749089.0
COE,failed,True,True,False,False,False,,missing_positive_eps,104707504.0
COF,ok,True,True,True,True,True,forecast_icc,,128917708800.0
COFS,ok,True,True,True,True,True,forecast_icc,,505774496.0
COGT,failed,True,True,False,False,False,,missing_positive_eps,7067100672.0
COHN,ok,True,True,True,True,True,forecast_icc,,33893844.0
COHR,ok,True,True,True,True,True,forecast_icc,,48725929984.0
COHU,ok,True,True,True,False,True,forecast_icc,,2191294976.0
COIN,ok,True,True,True,True,True,forecast_icc,,43096911872.0
COKE,ok,True,True,True,True,True,forecast_icc,,12635900928.0
COLA,ok,True,True,False,True,True,trailing_eps_fallback_icc,,47978136.0
COLB,ok,True,True,True,True,True,forecast_icc,,8838031360.0
COLD,ok,True,True,True,False,True,forecast_icc,,4145282560.0
COLL,ok,True,True,True,True,True,forecast_icc,,1166967424.0
COLM,ok,True,True,True,True,True,forecast_icc,,3211130368.0
COMP,ok,True,True,True,True,True,forecast_icc,,8562373632.0
CON,ok,True,True,True,True,True,forecast_icc,,4046151424.0
COO,ok,True,False,True,True,True,forecast_icc,,
COOK,ok,True,True,True,False,True,forecast_icc,,170886400.0
COOT,failed,True,True,False,False,False,,missing_positive_eps,11792906.0
COP,ok,True,True,True,True,True,forecast_icc,,145013538816.0
COPL,ok,True,True,False,True,True,trailing_eps_fallback_icc,,248436272.0
COPL-U,failed,False,False,False,False,False,,missing_price,
COPL-W,failed,False,False,False,False,False,,missing_price,
COPR,failed,True,True,False,False,False,,missing_positive_eps,31353892.0
COPR-W,failed,False,False,False,False,False,,missing_price,
COR,ok,True,True,True,True,True,forecast_icc,,60747800576.0
CORT,ok,True,True,True,True,True,forecast_icc,,12701840384.0
CORZ,ok,True,True,True,False,True,forecast_icc,,7008435200.0
COSM,ok,True,True,True,False,True,forecast_icc,,12421887.0
COSO,ok,True,True,True,True,True,forecast_icc,,325042336.0
COST,ok,True,True,True,True,True,forecast_icc,,423154188288.0
COTY,ok,True,True,True,False,True,forecast_icc,,2368454656.0
COUR,ok,True,True,True,False,True,forecast_icc,,1509109888.0
COYA,failed,True,True,False,False,False,,missing_positive_eps,95705312.0
CP,ok,True,True,True,True,True,forecast_icc,,78262845440.0
CPA,ok,True,True,True,True,True,forecast_icc,,5802907136.0
CPAC,ok,True,True,True,True,True,forecast_icc,,1011188416.0
CPAY,ok,True,True,True,True,True,forecast_icc,,25498992640.0
CPB,ok,True,False,True,True,True,forecast_icc,,
CPBI,ok,True,True,False,True,True,trailing_eps_fallback_icc,,83286200.0
CPF,ok,True,True,True,True,True,forecast_icc,,1015998656.0
CPHC,failed,True,True,False,False,False,,missing_positive_eps,78542592.0
CPHI,failed,True,True,False,False,False,,missing_positive_eps,52678600.0
CPIX,ok,True,True,True,False,True,forecast_icc,,100836312.0
CPK,ok,True,True,True,True,True,forecast_icc,,3196713728.0
CPNG,ok,True,True,True,False,True,forecast_icc,,28882583552.0
CPOP,failed,True,True,False,False,False,,missing_positive_eps,4676952.0
CPRI,ok,True,True,True,True,True,forecast_icc,,1824110080.0
CPRT,ok,True,True,True,True,True,forecast_icc,,27371616256.0
CPRX,failed,False,True,False,False,False,,missing_price,3854925568.0
CPS,ok,True,True,True,False,True,forecast_icc,,514370560.0
CPSH,ok,True,True,True,False,True,forecast_icc,,77266480.0
CPSS,ok,True,True,True,True,True,forecast_icc,,207655248.0
CPT,ok,True,False,True,True,True,forecast_icc,,
CQP,ok,True,False,True,True,True,forecast_icc,,
CR,ok,True,False,True,True,True,forecast_icc,,
CRAC,failed,True,True,False,False,False,,missing_positive_eps,227042800.0
CRAI,ok,True,True,True,True,True,forecast_icc,,1189028992.0
CRAN,failed,True,True,False,False,False,,missing_positive_eps,475566016.0
CRAQ,ok,True,True,False,True,True,trailing_eps_fallback_icc,,403565152.0
CRBG,ok,True,True,True,True,True,forecast_icc,,14397548544.0
CRBP,failed,True,True,False,False,False,,missing_positive_eps,167676560.0
CRBU,failed,True,True,False,False,False,,missing_positive_eps,149762672.0
CRC,ok,True,True,True,False,True,forecast_icc,,4534755840.0
CRCL,ok,True,True,True,False,True,forecast_icc,,17170753536.0
CRCT,ok,True,True,True,True,True,forecast_icc,,976028672.0
CRD-A,ok,True,True,True,True,True,forecast_icc,,532251072.0
CRD-B,ok,True,True,True,True,True,forecast_icc,,488871616.0
CRDF,failed,True,True,False,False,False,,missing_positive_eps,66203756.0
CRDL,failed,True,True,False,False,False,,missing_positive_eps,139479408.0
CRDO,ok,True,True,True,True,True,forecast_icc,,37496975360.0
CRE,ok,True,True,False,True,True,trailing_eps_fallback_icc,,5216221.0
CREG,ok,True,True,False,True,True,trailing_eps_fallback_icc,,494264.0
CRESY,ok,True,True,True,True,True,forecast_icc,,823441536.0
CREX,ok,True,True,True,False,True,forecast_icc,,39555632.0
CRF,ok,True,False,False,True,True,trailing_eps_fallback_icc,,
CRGO,failed,True,True,False,False,False,,missing_positive_eps,60986524.0
CRGY,ok,True,True,True,False,True,forecast_icc,,3688910592.0
CRH,ok,True,False,True,True,True,forecast_icc,,
CRI,ok,True,False,True,True,True,forecast_icc,,
CRIS,failed,True,True,False,False,False,,missing_positive_eps,9666713.0
CRK,ok,True,False,True,True,True,forecast_icc,,
CRL,ok,True,False,True,False,True,forecast_icc,,
CRM,ok,True,False,True,True,True,forecast_icc,,
CRMD,ok,True,True,True,True,True,forecast_icc,,587604608.0
CRML,failed,True,True,False,False,False,,missing_positive_eps,816701440.0
CRMT,failed,True,True,False,False,False,,missing_positive_eps,26730726.0
CRNC,ok,True,True,True,False,True,forecast_icc,,374606912.0
CRNT,ok,True,True,True,False,True,forecast_icc,,197239328.0
CRNX,failed,True,True,False,False,False,,missing_positive_eps,8851418112.0
CRON,ok,True,True,True,False,True,forecast_icc,,1079883392.0
CROX,ok,True,True,True,False,True,forecast_icc,,6144622080.0
CRS,ok,True,False,True,True,True,forecast_icc,,
CRSP,failed,True,True,False,False,False,,missing_positive_eps,4770571264.0
CRSR,ok,True,True,True,True,True,forecast_icc,,1136157824.0
CRT,ok,True,True,False,True,True,trailing_eps_fallback_icc,,61020000.0
CRTO,ok,True,True,True,True,True,forecast_icc,,1102364928.0
CRUS,ok,True,True,True,True,True,forecast_icc,,6652695552.0
CRVL,ok,True,True,False,True,True,trailing_eps_fallback_icc,,3034529024.0
CRVO,failed,True,True,False,False,False,,missing_positive_eps,23331972.0
CRVS,failed,True,True,False,False,False,,missing_positive_eps,1109152640.0
CRWD,ok,True,True,True,False,True,forecast_icc,,188601974784.0
CRWV,failed,True,True,False,False,False,,missing_positive_eps,40317652992.0
CSAI,failed,True,True,False,False,False,,missing_positive_eps,4952080.0
CSAN,ok,True,True,True,False,True,forecast_icc,,3116049664.0
CSBR,ok,True,True,True,False,True,forecast_icc,,73080176.0
CSCO,ok,True,True,True,True,True,forecast_icc,,447589318656.0
CSGP,ok,True,True,True,True,True,forecast_icc,,12030158848.0
CSHR,ok,True,True,True,True,True,forecast_icc,,562701504.0
CSIQ,failed,True,True,False,False,False,,missing_positive_eps,1002156096.0
CSL,ok,True,True,True,True,True,forecast_icc,,14967222272.0
CSPI,failed,True,True,False,False,False,,missing_positive_eps,79164720.0
CSQR,failed,True,True,False,False,False,,missing_positive_eps,3250784000.0
CSR,ok,True,True,False,True,True,trailing_eps_fallback_icc,,992673472.0
CSTE,failed,True,True,False,False,False,,missing_positive_eps,71574544.0
CSTL,failed,True,True,False,False,False,,missing_positive_eps,812539456.0
CSTM,ok,True,True,True,True,True,forecast_icc,,3889818368.0
CSV,ok,True,False,True,True,True,forecast_icc,,
CSW,ok,True,True,True,True,True,forecast_icc,,5107249664.0
CSWC,ok,True,True,True,True,True,forecast_icc,,1465899776.0
CSX,ok,True,True,True,True,True,forecast_icc,,92975710208.0
CTAA,failed,True,True,False,False,False,,missing_positive_eps,207331824.0
CTAS,ok,True,True,True,True,True,forecast_icc,,82746400768.0
CTBI,ok,True,True,True,True,True,forecast_icc,,1418041600.0
CTEV,ok,True,True,True,False,True,forecast_icc,,401986848.0
CTGO,ok,True,True,True,False,True,forecast_icc,,542994752.0
CTKB,ok,True,True,True,False,True,forecast_icc,,556604544.0
CTM,ok,True,True,True,False,True,forecast_icc,,67444584.0
CTMX,failed,True,True,False,False,False,,missing_positive_eps,714065536.0
CTNM,failed,True,True,False,False,False,,missing_positive_eps,588835392.0
CTNT,failed,True,True,False,False,False,,missing_positive_eps,5908061.0
CTO,ok,True,True,True,True,True,forecast_icc,,819806976.0
CTOR,failed,True,True,False,False,False,,missing_positive_eps,53352616.0
CTOS,ok,True,True,True,False,True,forecast_icc,,2256133632.0
CTRE,ok,True,True,True,True,True,forecast_icc,,9837043712.0
CTRI,ok,True,True,True,True,True,forecast_icc,,2709086464.0
CTRM,ok,True,True,False,True,True,trailing_eps_fallback_icc,,18938214.0
CTRN,ok,True,True,True,True,True,forecast_icc,,564763712.0
CTS,ok,True,True,True,True,True,forecast_icc,,1790473472.0
CTSH,ok,True,True,True,True,True,forecast_icc,,24276690944.0
CTSO,failed,True,True,False,False,False,,missing_positive_eps,22001246.0
CTVA,ok,True,True,True,True,True,forecast_icc,,59752374272.0
CTW,ok,True,True,True,True,True,forecast_icc,,152256000.0
CTXR,failed,True,True,False,False,False,,missing_positive_eps,17350026.0
CUB,ok,True,True,False,True,True,trailing_eps_fallback_icc,,283081824.0
CUBE,ok,True,False,True,True,True,forecast_icc,,
CUBI,ok,True,True,True,True,True,forecast_icc,,2645121792.0
CUE,failed,True,True,False,False,False,,missing_positive_eps,127690424.0
CULP,ok,True,True,True,False,True,forecast_icc,,44826256.0
CUPR,failed,True,True,False,False,False,,missing_positive_eps,7132125.0
CURB,ok,True,True,True,True,True,forecast_icc,,3517862656.0
CURI,ok,True,True,True,False,True,forecast_icc,,143476000.0
CURR,failed,True,True,False,False,False,,missing_positive_eps,364916128.0
CURV,ok,True,True,True,False,True,forecast_icc,,259748192.0
CURX,failed,True,True,False,False,False,,missing_positive_eps,5413095.0
CUVL,ok,True,True,False,True,True,trailing_eps_fallback_icc,,349465312.0
CUZ,ok,True,True,True,False,True,forecast_icc,,5254571008.0
CV,failed,True,True,False,False,False,,missing_positive_eps,334756000.0
CVBF,ok,True,True,True,True,True,forecast_icc,,3995522560.0
CVCO,ok,True,True,True,True,True,forecast_icc,,4334715392.0
CVE,ok,True,False,True,True,True,forecast_icc,,
CVEO,ok,True,True,True,False,True,forecast_icc,,350294880.0
CVGI,ok,True,True,True,False,True,forecast_icc,,147316368.0
CVI,ok,True,True,True,False,True,forecast_icc,,3828205312.0
CVKD,failed,True,True,False,False,False,,missing_positive_eps,6476057.0
CVLG,ok,True,True,True,True,True,forecast_icc,,927550848.0
CVLT,ok,True,True,True,True,True,forecast_icc,,4822312960.0
CVM,failed,True,True,False,False,False,,missing_positive_eps,21322116.0
CVNA,ok,True,True,True,True,True,forecast_icc,,67389583360.0
CVR,failed,True,True,False,False,False,,missing_positive_eps,10144386.0
CVRX,failed,True,True,False,False,False,,missing_positive_eps,142763376.0
CVS,ok,True,True,True,True,True,forecast_icc,,134253068288.0
CVSA,ok,True,True,True,True,True,forecast_icc,,4302865408.0
CVU,ok,True,False,False,True,True,trailing_eps_fallback_icc,,
CVV,failed,True,False,False,False,False,,missing_positive_eps,
CVX,ok,True,True,True,True,True,forecast_icc,,383004147712.0
CW,ok,True,False,True,True,True,forecast_icc,,
CWBC,ok,True,True,True,True,True,forecast_icc,,682425280.0
CWCO,ok,True,True,True,True,True,forecast_icc,,473765632.0
CWD,failed,True,True,False,False,False,,missing_positive_eps,4529730.0
CWEN,ok,True,True,True,True,True,forecast_icc,,7618270208.0
CWH,ok,True,True,True,False,True,forecast_icc,,400174656.0
CWK,ok,True,True,True,True,True,forecast_icc,,3228660992.0
CWST,ok,True,True,True,True,True,forecast_icc,,5693089792.0
CX,ok,True,False,True,False,True,forecast_icc,,
CXAI,failed,True,True,False,False,False,,missing_positive_eps,13581288.0
CXDO,ok,True,True,True,True,True,forecast_icc,,220748688.0
CXII,failed,True,True,False,False,False,,missing_positive_eps,587441216.0
CXM,ok,True,False,True,True,True,forecast_icc,,
CXT,ok,True,True,True,True,True,forecast_icc,,2969186048.0
CXW,ok,True,True,True,True,True,forecast_icc,,2946876160.0
CYAB,failed,True,True,False,False,False,,missing_positive_eps,4248711.0
CYCN,failed,True,True,False,False,False,,missing_positive_eps,15156099.0
CYCU,ok,True,True,False,True,True,trailing_eps_fallback_icc,,18470866.0
CYD,ok,True,False,True,True,True,forecast_icc,,
CYH,ok,True,True,False,True,True,trailing_eps_fallback_icc,,390595936.0
CYN,failed,True,False,False,False,False,,missing_positive_eps,
CYPH,failed,True,True,False,False,False,,missing_positive_eps,66604176.0
CYRX,failed,True,True,False,False,False,,missing_positive_eps,772667456.0
CYTK,failed,True,True,False,False,False,,missing_positive_eps,10918670336.0
CZFS,ok,True,True,True,True,True,forecast_icc,,367000992.0
CZNC,ok,True,True,True,True,True,forecast_icc,,456267712.0
CZR,ok,True,True,True,False,True,forecast_icc,,6032160256.0
CZWI,ok,True,True,True,True,True,forecast_icc,,210664544.0
D,ok,True,True,True,True,True,forecast_icc,,61329346560.0
DAAQ,ok,True,True,False,True,True,trailing_eps_fallback_icc,,193204592.0
DAC,ok,True,False,True,True,True,forecast_icc,,
DAIC,failed,True,True,False,False,False,,missing_positive_eps,826207.0
DAIO,ok,True,True,True,False,True,forecast_icc,,29971646.0
DAKT,ok,True,True,True,True,True,forecast_icc,,940588736.0
DAL,ok,True,False,True,True,True,forecast_icc,,
DAN,ok,True,False,True,False,True,forecast_icc,,
DAO,ok,True,True,True,True,True,forecast_icc,,1974788992.0
DAR,ok,True,False,True,True,True,forecast_icc,,
DARE,failed,True,True,False,False,False,,missing_positive_eps,18574582.0
DASH,ok,True,True,True,True,True,forecast_icc,,86067519488.0
DAVA,ok,True,True,True,False,True,forecast_icc,,152715456.0
DAVE,ok,True,True,True,True,True,forecast_icc,,4801408512.0
DB,ok,True,True,True,True,True,forecast_icc,,69579366400.0
DBCA,failed,True,True,False,False,False,,missing_positive_eps,555378176.0
DBD,ok,True,True,True,True,True,forecast_icc,,2467619328.0
DBGI,failed,True,True,False,False,False,,missing_positive_eps,8154127.0
DBI,ok,True,True,True,True,True,forecast_icc,,314310144.0
DBL,ok,True,False,False,True,True,trailing_eps_fallback_icc,,
DBRG,ok,True,True,True,True,True,forecast_icc,,2930356992.0
DBVT,failed,True,True,False,False,False,,missing_positive_eps,817384576.0
DBX,ok,True,True,True,True,True,forecast_icc,,7491283968.0
DC,failed,True,True,False,False,False,,missing_positive_eps,624104896.0
DCBG,failed,True,False,False,False,False,,missing_positive_eps,
DCBO,ok,True,True,True,True,True,forecast_icc,,528212960.0
DCGO,ok,True,True,True,False,True,forecast_icc,,65875324.0
DCH,ok,True,True,True,False,True,forecast_icc,,1390969088.0
DCI,ok,True,False,True,True,True,forecast_icc,,
DCO,ok,True,False,True,False,True,forecast_icc,,
DCOM,ok,True,True,True,True,True,forecast_icc,,1799830400.0
DCOY,ok,True,True,False,True,True,trailing_eps_fallback_icc,,2085314.0
DCTH,ok,True,True,False,True,True,trailing_eps_fallback_icc,,415640640.0
DCX,ok,True,True,False,True,True,trailing_eps_fallback_icc,,435955712.0
DD,ok,True,False,True,True,True,forecast_icc,,
DDC,failed,True,True,False,False,False,,missing_positive_eps,22852330.0
DDD,ok,True,True,False,True,True,trailing_eps_fallback_icc,,441019360.0
DDI,ok,True,True,True,True,True,forecast_icc,,574819904.0
DDL,ok,True,True,True,True,True,forecast_icc,,529150240.0
DDOG,ok,True,True,True,True,True,forecast_icc,,95596666880.0
DDS,ok,True,False,True,True,True,forecast_icc,,
DDT,failed,True,False,False,False,False,,missing_positive_eps,
DE,ok,True,True,True,True,True,forecast_icc,,161819394048.0
DEA,ok,True,True,True,True,True,forecast_icc,,1189380480.0
DEC,ok,True,True,True,True,True,forecast_icc,,902297024.0
DECK,ok,True,True,True,True,True,forecast_icc,,13575969792.0
DEFT,ok,True,True,True,True,True,forecast_icc,,166368592.0
DEI,failed,True,True,False,False,False,,missing_positive_eps,2421010176.0
DELL,ok,True,True,True,True,True,forecast_icc,,261564907520.0
DEO,ok,True,True,True,True,True,forecast_icc,,49508114432.0
DERM,ok,True,True,True,False,True,forecast_icc,,177597824.0
DETX,failed,True,True,False,False,False,,missing_positive_eps,17596196.0
DFDV,failed,True,True,False,False,False,,missing_positive_eps,80114424.0
DFH,ok,True,True,True,True,True,forecast_icc,,1221082624.0
DFIN,ok,True,True,True,True,True,forecast_icc,,1174921088.0
DFLI,failed,True,True,False,False,False,,missing_positive_eps,16531788.0
DFNS,failed,True,True,False,False,False,,missing_positive_eps,85871872.0
DFP,ok,True,True,False,True,True,trailing_eps_fallback_icc,,428220128.0
DFSC,failed,True,True,False,False,False,,missing_positive_eps,3839950.0
DFTX,failed,True,True,False,False,False,,missing_positive_eps,5905747456.0
DG,ok,True,True,True,True,True,forecast_icc,,28124796928.0
DGAC,failed,True,False,False,False,False,,missing_positive_eps,
DGAC-R,failed,False,False,False,False,False,,missing_price,
DGAC-U,failed,False,False,False,False,False,,missing_price,
DGICA,ok,True,True,True,True,True,forecast_icc,,732100160.0
DGICB,ok,True,True,False,True,True,trailing_eps_fallback_icc,,811386304.0
DGII,ok,True,True,True,True,True,forecast_icc,,2570913024.0
DGNX,failed,True,True,False,False,False,,missing_positive_eps,52381692.0
DGX,ok,True,True,True,True,True,forecast_icc,,25860478976.0
DGXX,failed,True,True,False,False,False,,missing_positive_eps,374477408.0
DH,ok,True,True,True,False,True,forecast_icc,,75671432.0
DHC,failed,True,True,False,False,False,,missing_positive_eps,2171699200.0
DHF,ok,True,True,False,True,True,trailing_eps_fallback_icc,,170203488.0
DHI,ok,True,True,True,True,True,forecast_icc,,40704925696.0
DHR,ok,True,True,True,True,True,forecast_icc,,137904766976.0
DHT,ok,True,False,True,True,True,forecast_icc,,
DHX,ok,True,True,True,False,True,forecast_icc,,176249904.0
DHY,ok,True,False,False,True,True,trailing_eps_fallback_icc,,
DIBS,failed,True,True,False,False,False,,missing_positive_eps,147340752.0
DIN,ok,True,True,True,True,True,forecast_icc,,456666304.0
DINO,ok,True,True,True,True,True,forecast_icc,,16664662016.0
DIOD,ok,True,True,True,True,True,forecast_icc,,3767468288.0
DIS,ok,True,False,True,True,True,forecast_icc,,
DIT,ok,True,False,False,True,True,trailing_eps_fallback_icc,,
DJCO,ok,True,True,False,True,True,trailing_eps_fallback_icc,,819193472.0
DJT,failed,True,True,False,False,False,,missing_positive_eps,2874780672.0
DK,ok,True,False,True,False,True,forecast_icc,,
DKI,failed,True,True,False,False,False,,missing_positive_eps,9026537.0
DKL,ok,True,True,True,True,True,forecast_icc,,3144899328.0
DKNG,ok,True,True,True,True,True,forecast_icc,,11768175616.0
DKS,ok,True,True,True,True,True,forecast_icc,,17892452352.0
DLB,ok,True,True,True,True,True,forecast_icc,,4898290176.0
DLHC,failed,True,True,False,False,False,,missing_positive_eps,71015872.0
DLNG,ok,True,True,True,True,True,forecast_icc,,133885808.0
DLO,ok,True,True,True,True,True,forecast_icc,,4405208576.0
DLPN,ok,True,True,True,False,True,forecast_icc,,13733220.0
DLR,ok,True,True,True,True,True,forecast_icc,,72691408896.0
DLTH,failed,True,True,False,False,False,,missing_positive_eps,154288416.0
DLTR,ok,True,True,True,True,True,forecast_icc,,24707889152.0
DLX,ok,True,True,True,True,True,forecast_icc,,1189469824.0
DLXY,failed,True,True,False,False,False,,missing_positive_eps,6844110.0
DLY,ok,True,True,False,True,True,trailing_eps_fallback_icc,,676634432.0
DMA,failed,True,True,False,False,False,,missing_positive_eps,67582824.0
DMAA,ok,True,True,False,True,True,trailing_eps_fallback_icc,,259762960.0
DMAC,failed,True,True,False,False,False,,missing_positive_eps,350780576.0
DMB,ok,True,True,False,True,True,trailing_eps_fallback_icc,,194551120.0
DMC,ok,True,True,True,True,True,forecast_icc,,1406364544.0
DMII,ok,True,True,False,True,True,trailing_eps_fallback_icc,,644643968.0
DMLP,ok,True,True,False,True,True,trailing_eps_fallback_icc,,1300484352.0
DMO,ok,True,True,False,True,True,trailing_eps_fallback_icc,,118270776.0
DMRA,failed,True,True,False,False,False,,missing_positive_eps,1797968640.0
DMRC,failed,True,True,False,False,False,,missing_positive_eps,146093168.0
DNA,failed,True,True,False,False,False,,missing_positive_eps,528475136.0
DNLI,failed,True,True,False,False,False,,missing_positive_eps,3864582400.0
DNMX,failed,True,True,False,False,False,,missing_positive_eps,268869984.0
DNN,failed,True,True,False,False,False,,missing_positive_eps,2642649600.0
DNOW,ok,True,True,True,False,True,forecast_icc,,2508181760.0
DNP,ok,True,True,False,True,True,trailing_eps_fallback_icc,,4122424064.0
DNTH,failed,True,True,False,False,False,,missing_positive_eps,6157604352.0
DNUT,ok,True,True,True,False,True,forecast_icc,,553404032.0
DOC,ok,True,False,True,True,True,forecast_icc,,
DOCN,ok,True,True,True,True,True,forecast_icc,,14055861248.0
DOCS,ok,True,True,True,True,True,forecast_icc,,3817965056.0
DOCU,ok,True,True,True,True,True,forecast_icc,,10366383104.0
DOGZ,failed,True,True,False,False,False,,missing_positive_eps,12769379.0
DOLE,ok,True,True,True,True,True,forecast_icc,,1361724672.0
DOMH,failed,True,True,False,False,False,,missing_positive_eps,54951488.0
DOMO,ok,True,True,True,False,True,forecast_icc,,174033792.0
DOO,ok,True,True,True,True,True,forecast_icc,,4576083968.0
DORM,ok,True,True,True,True,True,forecast_icc,,3979789568.0
DOUG,ok,True,True,True,True,True,forecast_icc,,155449408.0
DOV,ok,True,True,True,True,True,forecast_icc,,27482845184.0
DOW,ok,True,True,True,False,True,forecast_icc,,21735233536.0
DOX,ok,True,False,True,True,True,forecast_icc,,
DOYU,ok,True,True,True,True,True,forecast_icc,,142444208.0
DPC,ok,True,True,True,False,True,forecast_icc,,6806167552.0
DPRO,failed,True,True,False,False,False,,missing_positive_eps,153433008.0
DPU,failed,True,False,False,False,False,,missing_positive_eps,
DPZ,ok,True,True,True,True,True,forecast_icc,,11653041152.0
DQ,failed,True,True,False,False,False,,missing_positive_eps,819436864.0
DRCT,failed,True,True,False,False,False,,missing_positive_eps,1841432.0
DRD,ok,True,False,True,True,True,forecast_icc,,
DRDB,failed,True,True,False,False,False,,missing_positive_eps,325373344.0
DRH,ok,True,True,True,True,True,forecast_icc,,2650087424.0
DRI,ok,True,True,True,True,True,forecast_icc,,23705309184.0
DRIO,failed,True,True,False,False,False,,missing_positive_eps,70196096.0
DRMA,failed,True,True,False,False,False,,missing_positive_eps,4746128.0
DRS,ok,True,True,True,True,True,forecast_icc,,12169686016.0
DRTS,failed,True,True,False,False,False,,missing_positive_eps,1073974656.0
DRUG,failed,True,True,False,False,False,,missing_positive_eps,732274112.0
DRVN,ok,True,True,True,True,True,forecast_icc,,2367118080.0
DSAC,failed,True,True,False,False,False,,missing_positive_eps,346306624.0
DSC,ok,True,True,True,False,True,forecast_icc,,264382768.0
DSGN,failed,True,True,False,False,False,,missing_positive_eps,788207040.0
DSGR,ok,True,True,True,True,True,forecast_icc,,1598587520.0
DSGX,ok,True,True,True,True,True,forecast_icc,,6388251136.0
DSL,ok,True,True,False,True,True,trailing_eps_fallback_icc,,1225910656.0
DSM,failed,True,True,False,False,False,,missing_positive_eps,288169280.0
DSP,ok,True,True,True,True,True,forecast_icc,,749368064.0
DSS,failed,True,False,False,False,False,,missing_positive_eps,
DSU,ok,True,True,False,True,True,trailing_eps_fallback_icc,,590922432.0
DSWL,ok,True,True,False,True,True,trailing_eps_fallback_icc,,51547600.0
DSX,ok,True,True,True,True,True,forecast_icc,,286125696.0
DSY,failed,True,True,False,False,False,,missing_positive_eps,15253513.0
DT,ok,True,True,True,True,True,forecast_icc,,12854079488.0
DTCX,failed,True,True,False,False,False,,missing_positive_eps,69972520.0
DTE,ok,True,True,True,True,True,forecast_icc,,29486077952.0
DTF,ok,True,True,False,True,True,trailing_eps_fallback_icc,,80488544.0
DTI,ok,True,True,True,False,True,forecast_icc,,81522704.0
DTIL,failed,True,True,False,False,False,,missing_positive_eps,180615744.0
DTM,ok,True,True,True,True,True,forecast_icc,,13952472064.0
DTSQ,ok,True,True,False,True,True,trailing_eps_fallback_icc,,41356588.0
DTSS,ok,True,True,True,False,True,forecast_icc,,8096543.0
DTST,failed,True,True,False,False,False,,missing_positive_eps,6791129.0
DUK,ok,True,True,True,True,True,forecast_icc,,98439610368.0
DUKR,failed,True,True,False,False,False,,missing_positive_eps,17499962.0
DUO,failed,True,True,False,False,False,,missing_positive_eps,22562386.0
DUOL,ok,True,True,True,True,True,forecast_icc,,6224840704.0
DUOT,ok,True,True,True,False,True,forecast_icc,,255703424.0
DV,ok,True,True,True,True,True,forecast_icc,,1694244736.0
DVA,ok,True,True,True,True,True,forecast_icc,,15331228672.0
DVLT,failed,True,True,False,False,False,,missing_positive_eps,297821120.0
DVN,ok,True,False,True,True,True,forecast_icc,,
DWSN,ok,True,True,False,True,True,trailing_eps_fallback_icc,,143153600.0
DWTX,ok,True,True,False,True,True,trailing_eps_fallback_icc,,53134692.0
DX,ok,True,True,True,True,True,forecast_icc,,3181499648.0
DXC,ok,True,True,True,True,True,forecast_icc,,1821782016.0
DXCM,ok,True,True,True,True,True,forecast_icc,,28762972160.0
DXF,failed,True,True,False,False,False,,missing_positive_eps,1472360.0
DXLG,failed,True,True,False,False,False,,missing_positive_eps,29316846.0
DXPE,ok,True,True,True,True,True,forecast_icc,,2399912192.0
DXST,failed,True,True,False,False,False,,missing_positive_eps,4983982.0
DXYZ,ok,True,True,False,True,True,trailing_eps_fallback_icc,,715943104.0
DY,ok,True,False,True,True,True,forecast_icc,,
DYAI,failed,True,True,False,False,False,,missing_positive_eps,38989416.0
DYN,failed,True,True,False,False,False,,missing_positive_eps,4795011584.0
DYNC,failed,True,True,False,False,False,,missing_positive_eps,240146656.0
DYOR,failed,True,True,False,False,False,,missing_positive_eps,231840000.0
E,ok,True,True,True,True,True,forecast_icc,,80492920832.0
EA,ok,True,True,True,True,True,forecast_icc,,52897128448.0
EAD,ok,True,True,False,True,True,trailing_eps_fallback_icc,,372281728.0
EAF,failed,True,True,False,False,False,,missing_positive_eps,169050768.0
EARN,ok,True,True,True,True,True,forecast_icc,,168308224.0
EAT,ok,True,True,True,True,True,forecast_icc,,9000431616.0
EBAY,ok,True,True,True,True,True,forecast_icc,,50402877440.0
EBC,ok,True,True,True,True,True,forecast_icc,,5289879040.0
EBF,ok,True,False,True,True,True,forecast_icc,,
EBMT,ok,True,True,True,True,True,forecast_icc,,188302784.0
EBON,failed,True,True,False,False,False,,missing_positive_eps,12247201.0
EBS,failed,True,False,False,False,False,,missing_positive_eps,
EC,ok,True,True,True,True,True,forecast_icc,,35031425024.0
ECAT,ok,True,True,False,True,True,trailing_eps_fallback_icc,,1496998016.0
ECBK,ok,True,True,False,True,True,trailing_eps_fallback_icc,,177618064.0
ECC,ok,True,False,True,False,True,forecast_icc,,
ECG,ok,True,True,True,True,True,forecast_icc,,6275055616.0
ECHO,failed,True,True,False,False,False,,missing_positive_eps,24961636352.0
ECL,ok,True,True,True,True,True,forecast_icc,,78616748032.0
ECO,ok,True,True,True,True,True,forecast_icc,,2337213184.0
ECOR,failed,True,True,False,False,False,,missing_positive_eps,56709916.0
ECPG,ok,True,True,True,True,True,forecast_icc,,2017328256.0
ECVT,ok,True,True,True,True,True,forecast_icc,,1323292672.0
ECX,ok,True,True,True,False,True,forecast_icc,,428360064.0
ED,ok,True,False,True,True,True,forecast_icc,,
EDBL,failed,True,True,False,False,False,,missing_positive_eps,1599585.0
EDD,ok,True,False,False,True,True,trailing_eps_fallback_icc,,
EDF,ok,True,False,False,True,True,trailing_eps_fallback_icc,,
EDHL,failed,True,True,False,False,False,,missing_positive_eps,6931703.0
EDIT,failed,True,True,False,False,False,,missing_positive_eps,412812352.0
EDN,ok,True,False,True,True,True,forecast_icc,,
EDRY,ok,True,True,True,False,True,forecast_icc,,73737856.0
EDSA,failed,True,False,False,False,False,,missing_positive_eps,
EDTK,failed,True,True,False,False,False,,missing_positive_eps,14686954.0
EDU,ok,True,False,True,True,True,forecast_icc,,
EDUC,ok,True,True,True,True,True,forecast_icc,,11849700.0
EE,ok,True,False,True,True,True,forecast_icc,,
EEA,ok,True,True,False,True,True,trailing_eps_fallback_icc,,75439336.0
EEFT,ok,True,True,True,True,True,forecast_icc,,2919217664.0
EEIQ,failed,True,True,False,False,False,,missing_positive_eps,3359110.0
EFC,ok,True,True,True,True,True,forecast_icc,,1718817664.0
EFOI,failed,True,True,False,False,False,,missing_positive_eps,19808280.0
EFOR,ok,True,True,True,True,True,forecast_icc,,1130370048.0
EFR,ok,True,True,True,True,True,forecast_icc,,313540832.0
EFSC,ok,True,True,True,True,True,forecast_icc,,2391215104.0
EFSI,ok,True,True,True,True,True,forecast_icc,,222015664.0
EFT,ok,True,False,False,True,True,trailing_eps_fallback_icc,,
EFTY,ok,True,True,False,True,True,trailing_eps_fallback_icc,,302052224.0
EFX,ok,True,True,True,True,True,forecast_icc,,20692615168.0
EFXT,ok,True,True,True,True,True,forecast_icc,,2694017536.0
EG,ok,True,True,True,True,True,forecast_icc,,14853595136.0
EGAN,ok,True,True,True,True,True,forecast_icc,,183366528.0
EGBN,ok,True,True,True,False,True,forecast_icc,,838181312.0
EGG,ok,True,True,False,True,True,trailing_eps_fallback_icc,,100242720.0
EGHA,ok,True,True,False,True,True,trailing_eps_fallback_icc,,211945408.0
EGHT,ok,True,True,True,True,True,forecast_icc,,262297296.0
EGO,ok,True,True,True,True,True,forecast_icc,,8529947136.0
EGP,ok,True,True,True,True,True,forecast_icc,,11269811200.0
EGY,ok,True,True,True,False,True,forecast_icc,,567164416.0
EH,ok,True,True,True,False,True,forecast_icc,,392878944.0
EHC,ok,True,True,True,True,True,forecast_icc,,11000185856.0
EHGO,failed,True,True,False,False,False,,missing_positive_eps,6777911.0
EHI,ok,True,True,False,True,True,trailing_eps_fallback_icc,,174829504.0
EHLD,ok,True,True,False,True,True,trailing_eps_fallback_icc,,22859648.0
EHTH,ok,True,True,True,False,True,forecast_icc,,43802604.0
EIC,ok,True,True,True,False,True,forecast_icc,,233398224.0
EIG,ok,True,True,True,True,True,forecast_icc,,941152256.0
EIKN,failed,True,True,False,False,False,,missing_positive_eps,520813600.0
EIM,ok,True,True,False,True,True,trailing_eps_fallback_icc,,493690656.0
EIX,ok,True,False,True,True,True,forecast_icc,,
EJH,ok,True,True,False,True,True,trailing_eps_fallback_icc,,3680177.0
EL,ok,True,False,True,False,True,forecast_icc,,
ELA,ok,True,True,True,True,True,forecast_icc,,562888192.0
ELAB,failed,True,True,False,False,False,,missing_positive_eps,4313383.0
ELAN,ok,True,True,True,False,True,forecast_icc,,13215434752.0
ELBM,failed,True,True,False,False,False,,missing_positive_eps,54070292.0
ELDN,failed,True,True,False,False,False,,missing_positive_eps,263210480.0
ELE,ok,True,True,True,False,True,forecast_icc,,1037210688.0
ELF,ok,True,True,True,True,True,forecast_icc,,4848161280.0
ELLO,failed,True,True,False,False,False,,missing_positive_eps,272907936.0
ELMD,ok,True,True,True,True,True,forecast_icc,,333438176.0
ELME,failed,True,True,False,False,False,,missing_positive_eps,143949760.0
ELMT,ok,True,True,True,False,True,forecast_icc,,408325760.0
ELOG,ok,True,True,False,True,True,trailing_eps_fallback_icc,,10971360.0
ELOX,failed,True,True,False,False,False,,missing_positive_eps,45702976.0
ELPC,ok,True,True,True,True,True,forecast_icc,,8767775744.0
ELPW,failed,True,True,False,False,False,,missing_positive_eps,620876.0
ELS,ok,True,True,True,True,True,forecast_icc,,13139479552.0
ELSE,ok,True,True,False,True,True,trailing_eps_fallback_icc,,27341306.0
ELTK,ok,True,True,True,False,True,forecast_icc,,55614840.0
ELTX,failed,True,True,False,False,False,,missing_positive_eps,76429536.0
ELUT,failed,True,True,False,False,False,,missing_positive_eps,40008452.0
ELV,ok,True,True,True,True,True,forecast_icc,,81629601792.0
ELVA,ok,True,True,True,True,True,forecast_icc,,423784064.0
ELVN,failed,True,True,False,False,False,,missing_positive_eps,3854095360.0
ELVR,ok,True,True,True,False,True,forecast_icc,,1033523456.0
EMA,ok,True,True,True,True,True,forecast_icc,,16552249344.0
EMAT,failed,True,True,False,False,False,,missing_positive_eps,2748314624.0
EMBC,ok,True,True,True,True,True,forecast_icc,,217139296.0
EMBJ,ok,True,True,True,True,True,forecast_icc,,12120735744.0
EMD,ok,True,False,False,True,True,trailing_eps_fallback_icc,,
EME,ok,True,True,True,True,True,forecast_icc,,35731595264.0
EMF,ok,True,True,False,True,True,trailing_eps_fallback_icc,,311514176.0
EMIS,failed,True,True,False,False,False,,missing_positive_eps,161071248.0
EML,ok,True,False,False,True,True,trailing_eps_fallback_icc,,
EMN,ok,True,False,True,True,True,forecast_icc,,
EMO,failed,True,False,False,False,False,,missing_positive_eps,
EMPD,failed,True,True,False,False,False,,missing_positive_eps,86579144.0
EMPG,ok,True,True,False,True,True,trailing_eps_fallback_icc,,143046400.0
EMR,ok,True,True,True,True,True,forecast_icc,,83253256192.0
ENB,ok,True,False,True,True,True,forecast_icc,,
ENGN,failed,True,True,False,False,False,,missing_positive_eps,117901456.0
ENGS,failed,True,True,False,False,False,,missing_positive_eps,81883944.0
ENHA,ok,True,True,True,False,True,forecast_icc,,356380384.0
ENIC,ok,True,True,True,True,True,forecast_icc,,6294157312.0
ENLT,ok,True,True,True,True,True,forecast_icc,,11992690688.0
ENLV,ok,True,True,False,True,True,trailing_eps_fallback_icc,,32822432.0
ENOV,ok,True,True,True,False,True,forecast_icc,,1686584192.0
ENPH,ok,True,True,True,True,True,forecast_icc,,4939567104.0
ENR,ok,True,True,True,True,True,forecast_icc,,1439997440.0
ENRD,failed,True,True,False,False,False,,missing_positive_eps,686191360.0
ENS,ok,True,True,True,True,True,forecast_icc,,6735269888.0
ENSC,failed,True,True,False,False,False,,missing_positive_eps,3948941.0
ENSG,ok,True,True,True,True,True,forecast_icc,,10422647808.0
ENTA,failed,True,True,False,False,False,,missing_positive_eps,378018944.0
ENTG,ok,True,True,True,True,True,forecast_icc,,17835853824.0
ENTX,failed,True,True,False,False,False,,missing_positive_eps,145406192.0
ENVA,ok,True,True,True,True,True,forecast_icc,,6308002816.0
ENVB,failed,True,True,False,False,False,,missing_positive_eps,5760722.0
ENVX,failed,True,True,False,False,False,,missing_positive_eps,911881344.0
EOD,ok,True,True,False,True,True,trailing_eps_fallback_icc,,277344480.0
EOG,ok,True,True,True,True,True,forecast_icc,,77502775296.0
EOLS,ok,True,True,True,False,True,forecast_icc,,395787072.0
EONR,ok,True,True,True,False,True,forecast_icc,,24669372.0
EONR-W,failed,False,False,False,False,False,,missing_price,
EOS,ok,True,True,False,True,True,trailing_eps_fallback_icc,,1121769088.0
EOSE,ok,True,True,True,False,True,forecast_icc,,1305691264.0
EP,failed,True,True,False,False,False,,missing_positive_eps,102265960.0
EPAC,ok,True,True,True,True,True,forecast_icc,,1876171392.0
EPAM,ok,True,True,True,True,True,forecast_icc,,5415660032.0
EPC,ok,True,True,True,False,True,forecast_icc,,1255716224.0
EPD,ok,True,True,True,True,True,forecast_icc,,82473312256.0
EPM,ok,True,True,True,False,True,forecast_icc,,130748144.0
EPOW,failed,True,True,False,False,False,,missing_positive_eps,16363108.0
EPR,ok,True,True,True,True,True,forecast_icc,,4897255936.0
EPRT,ok,True,True,True,True,True,forecast_icc,,6779921920.0
EPRX,failed,True,True,False,False,False,,missing_positive_eps,427891520.0
EPSM,failed,True,True,False,False,False,,missing_positive_eps,18255326.0
EPSN,ok,True,True,True,False,True,forecast_icc,,166367392.0
EQ,failed,True,True,False,False,False,,missing_positive_eps,146685600.0
EQBK,ok,True,True,True,True,True,forecast_icc,,1043364288.0
EQH,ok,True,True,True,False,True,forecast_icc,,13342194688.0
EQIX,ok,True,True,True,True,True,forecast_icc,,103311859712.0
EQNR,ok,True,True,True,True,True,forecast_icc,,96775962624.0
EQPT,ok,True,True,True,True,True,forecast_icc,,4747175424.0
EQR,ok,True,False,True,True,True,forecast_icc,,
EQS,failed,True,True,False,False,False,,missing_positive_eps,16201367.0
EQT,ok,True,True,True,True,True,forecast_icc,,32970948608.0
EQX,ok,True,True,True,True,True,forecast_icc,,7425974784.0
ERAS,failed,True,True,False,False,False,,missing_positive_eps,6484339712.0
ERC,ok,True,True,False,True,True,trailing_eps_fallback_icc,,253606352.0
ERH,ok,True,False,False,True,True,trailing_eps_fallback_icc,,
ERIC,ok,True,True,True,True,True,forecast_icc,,32081577984.0
ERIE,ok,True,True,True,True,True,forecast_icc,,12218573824.0
ERII,ok,True,True,True,True,True,forecast_icc,,434526560.0
ERNA,failed,True,True,False,False,False,,missing_positive_eps,4047175.0
ERO,ok,True,True,True,True,True,forecast_icc,,2820718848.0
EROC,ok,True,True,True,True,True,forecast_icc,,2700209920.0
EROK,ok,True,True,True,True,True,forecast_icc,,521395264.0
ES,ok,True,True,True,True,True,forecast_icc,,27769747456.0
ESAB,ok,True,True,True,True,True,forecast_icc,,5318217216.0
ESCA,ok,True,True,True,True,True,forecast_icc,,288249184.0
ESE,ok,True,False,True,True,True,forecast_icc,,
ESEA,ok,True,True,True,True,True,forecast_icc,,560126720.0
ESI,ok,True,True,True,True,True,forecast_icc,,8680269824.0
ESLA,failed,True,True,False,False,False,,missing_positive_eps,30988946.0
ESLT,ok,True,True,True,True,True,forecast_icc,,36823150592.0
ESNT,ok,True,True,True,True,True,forecast_icc,,6124479488.0
ESOA,ok,True,True,True,True,True,forecast_icc,,264967456.0
ESP,ok,True,False,True,True,True,forecast_icc,,
ESPR,failed,False,True,False,False,False,,missing_price,819464832.0
ESQ,ok,True,True,True,True,True,forecast_icc,,1121178496.0
ESRT,ok,True,True,True,True,True,forecast_icc,,1530722048.0
ESS,ok,True,True,True,True,True,forecast_icc,,19427534848.0
ESTA,ok,True,True,True,False,True,forecast_icc,,2751152896.0
ESTC,ok,True,True,True,True,True,forecast_icc,,6678892544.0
ET,ok,True,True,True,True,True,forecast_icc,,69649063936.0
ETB,ok,True,True,False,True,True,trailing_eps_fallback_icc,,448551936.0
ETD,ok,True,True,True,True,True,forecast_icc,,582975616.0
ETG,ok,True,True,False,True,True,trailing_eps_fallback_icc,,1803486464.0
ETJ,ok,True,True,False,True,True,trailing_eps_fallback_icc,,563315904.0
ETN,ok,True,False,True,True,True,forecast_icc,,
ETO,ok,True,True,False,True,True,trailing_eps_fallback_icc,,506229568.0
ETON,ok,True,True,True,False,True,forecast_icc,,1343047296.0
ETOR,ok,True,True,True,True,True,forecast_icc,,2874108928.0
ETR,ok,True,True,True,True,True,forecast_icc,,50406268928.0
ETS,failed,True,True,False,False,False,,missing_positive_eps,52614008.0
ETSS,failed,True,True,False,False,False,,missing_positive_eps,197600000.0
ETSS-U,failed,False,False,False,False,False,,missing_price,
ETSS-W,failed,False,False,False,False,False,,missing_price,
ETSY,ok,True,True,True,True,True,forecast_icc,,7890621952.0
ETV,ok,True,True,False,True,True,trailing_eps_fallback_icc,,1698779008.0
ETW,ok,True,True,False,True,True,trailing_eps_fallback_icc,,1027335040.0
ETX,ok,True,True,False,True,True,trailing_eps_fallback_icc,,197763536.0
ETY,ok,True,False,False,True,True,trailing_eps_fallback_icc,,
EU,failed,True,False,False,False,False,,missing_positive_eps,
EUDA,ok,True,True,True,False,True,forecast_icc,,58554028.0
EURK,failed,True,True,False,False,False,,missing_positive_eps,26025506.0
EVAC,ok,True,True,False,True,True,trailing_eps_fallback_icc,,597921536.0
EVAC-U,failed,False,False,False,False,False,,missing_price,
EVAC-W,failed,False,False,False,False,False,,missing_price,
EVAX,ok,True,True,True,False,True,forecast_icc,,23602808.0
EVC,failed,True,True,False,False,False,,missing_positive_eps,1069495296.0
EVCM,ok,True,True,True,True,True,forecast_icc,,2148181504.0
EVER,ok,True,True,True,True,True,forecast_icc,,886100608.0
EVEX,failed,True,True,False,False,False,,missing_positive_eps,811549632.0
EVEX-W,failed,False,False,False,False,False,,missing_price,
EVF,ok,True,True,False,True,True,trailing_eps_fallback_icc,,90124632.0
EVG,ok,True,False,False,True,True,trailing_eps_fallback_icc,,
EVGN,failed,True,True,False,False,False,,missing_positive_eps,5923921.0
EVGO,failed,True,True,False,False,False,,missing_positive_eps,524145120.0
EVGOW,failed,True,False,False,False,False,,missing_positive_eps,
EVH,ok,True,True,True,False,True,forecast_icc,,357689792.0
EVI,ok,True,True,True,True,True,forecast_icc,,188403824.0
EVLV,failed,True,True,False,False,False,,missing_positive_eps,985695296.0
EVMN,failed,True,True,False,False,False,,missing_positive_eps,408808544.0
EVN,ok,True,True,False,True,True,trailing_eps_fallback_icc,,416228448.0
EVO,failed,True,True,False,False,False,,missing_positive_eps,685900992.0
EVOX,failed,True,True,False,False,False,,missing_positive_eps,321920000.0
EVR,ok,True,False,True,True,True,forecast_icc,,
EVRG,ok,True,True,True,True,True,forecast_icc,,19190208512.0
EVT,ok,True,True,False,True,True,trailing_eps_fallback_icc,,2092415872.0
EVTC,ok,True,True,True,True,True,forecast_icc,,1947202944.0
EVTL,failed,True,True,False,False,False,,missing_positive_eps,165526400.0
EVTV,failed,False,True,False,False,False,,missing_price,29858676.0
EVV,ok,True,False,False,True,True,trailing_eps_fallback_icc,,
EW,ok,True,True,True,True,True,forecast_icc,,50048536576.0
EWBC,ok,True,True,True,True,True,forecast_icc,,17934180352.0
EWTX,failed,True,True,False,False,False,,missing_positive_eps,4424224256.0
EXC,ok,True,False,True,True,True,forecast_icc,,
EXE,ok,True,True,True,True,True,forecast_icc,,21395580928.0
EXEL,ok,True,True,True,True,True,forecast_icc,,14068344832.0
EXFY,ok,True,True,True,False,True,forecast_icc,,178410528.0
EXG,ok,True,False,False,True,True,trailing_eps_fallback_icc,,
EXK,ok,True,True,True,False,True,forecast_icc,,2300454656.0
EXLS,ok,True,True,True,True,True,forecast_icc,,5209405440.0
EXOD,ok,True,True,True,False,True,forecast_icc,,160268288.0
EXOZ,failed,True,True,False,False,False,,missing_positive_eps,42694252.0
EXP,ok,True,True,True,True,True,forecast_icc,,6348403200.0
EXPD,ok,True,True,True,True,True,forecast_icc,,21843427328.0
EXPE,ok,True,True,True,True,True,forecast_icc,,35158065152.0
EXPO,ok,True,True,True,True,True,forecast_icc,,3132395776.0
EXR,ok,True,True,True,True,True,forecast_icc,,32710846464.0
EXTR,ok,True,True,True,True,True,forecast_icc,,3902418176.0
EXYN,failed,True,True,False,False,False,,missing_positive_eps,17498706.0
EYE,ok,True,False,True,True,True,forecast_icc,,
EYPT,failed,True,True,False,False,False,,missing_positive_eps,1078199040.0
EZGO,failed,True,True,False,False,False,,missing_positive_eps,2165931.0
EZPW,ok,True,True,True,True,True,forecast_icc,,1794388992.0
EZRA,failed,True,True,False,False,False,,missing_positive_eps,1621372.0
F,ok,True,True,True,False,True,forecast_icc,,59255672832.0
FA,ok,True,True,True,True,True,forecast_icc,,3439317504.0
FABC,failed,True,True,False,False,False,,missing_positive_eps,17034014.0
FAC,failed,True,True,False,False,False,,missing_positive_eps,570378880.0
FACT,failed,True,True,False,False,False,,missing_positive_eps,259266736.0
FAF,ok,True,True,True,True,True,forecast_icc,,7711612928.0
FAMI,failed,True,True,False,False,False,,missing_positive_eps,5870271.0
FANG,ok,True,True,True,True,True,forecast_icc,,56197959680.0
FAST,ok,True,True,True,True,True,forecast_icc,,53542236160.0
FATE,failed,True,True,False,False,False,,missing_positive_eps,292563552.0
FATN,ok,True,True,True,True,True,forecast_icc,,71810392.0
FAX,ok,True,True,False,True,True,trailing_eps_fallback_icc,,596946816.0
FBGL,failed,True,True,False,False,False,,missing_positive_eps,6885000.0
FBIN,ok,True,True,True,True,True,forecast_icc,,5875200512.0
FBIO,ok,True,True,True,True,True,forecast_icc,,109290744.0
FBIZ,ok,True,True,True,True,True,forecast_icc,,562439296.0
FBK,ok,True,True,True,True,True,forecast_icc,,3096560128.0
FBLA,ok,True,True,False,True,True,trailing_eps_fallback_icc,,248095696.0
FBLG,failed,True,True,False,False,False,,missing_positive_eps,3746251.0
FBNC,ok,True,True,True,True,True,forecast_icc,,2605748480.0
FBP,ok,True,True,True,True,True,forecast_icc,,4395495936.0
FBRT,ok,True,True,True,True,True,forecast_icc,,595693696.0
FBRX,failed,True,True,False,False,False,,missing_positive_eps,1577319680.0
FBYD,ok,True,True,False,True,True,trailing_eps_fallback_icc,,485710496.0
FC,ok,True,False,True,True,True,forecast_icc,,
FCAP,ok,True,True,False,True,True,trailing_eps_fallback_icc,,210935728.0
FCBC,ok,True,True,True,True,True,forecast_icc,,898622272.0
FCBM,ok,True,True,True,True,True,forecast_icc,,377466976.0
FCCO,ok,True,True,True,True,True,forecast_icc,,320624832.0
FCEL,failed,True,True,False,False,False,,missing_positive_eps,1888518144.0
FCF,ok,True,True,True,True,True,forecast_icc,,2182781952.0
FCFS,ok,True,True,True,True,True,forecast_icc,,8758501376.0
FCHL,failed,True,True,False,False,False,,missing_positive_eps,1331929.0
FCN,ok,True,False,True,True,True,forecast_icc,,
FCNCA,ok,True,True,True,True,True,forecast_icc,,24560336896.0
FCPT,ok,True,True,True,True,True,forecast_icc,,2802994688.0
FCRS,failed,True,True,False,False,False,,missing_positive_eps,367820288.0
FCRS-U,failed,False,False,False,False,False,,missing_price,
FCRS-W,failed,False,False,False,False,False,,missing_price,
FCT,ok,True,False,False,True,True,trailing_eps_fallback_icc,,
FCUV,failed,True,True,False,False,False,,missing_positive_eps,1321284.0
FCX,ok,True,False,True,True,True,forecast_icc,,
FDBC,ok,True,True,False,True,True,trailing_eps_fallback_icc,,304714848.0
FDMT,failed,True,True,False,False,False,,missing_positive_eps,526421888.0
FDS,ok,True,True,True,True,True,forecast_icc,,9354805248.0
FDSB,ok,True,True,False,True,True,trailing_eps_fallback_icc,,92661464.0
FDX,ok,True,True,True,True,True,forecast_icc,,72997117952.0
FDXF,ok,True,True,True,True,True,forecast_icc,,20482041856.0
FE,ok,True,True,True,True,True,forecast_icc,,28185550848.0
FEAM,failed,True,True,False,False,False,,missing_positive_eps,46081900.0
FEBO,failed,True,True,False,False,False,,missing_positive_eps,9191831.0
FEDU,ok,True,True,True,True,True,forecast_icc,,17579966.0
FEED,failed,True,True,False,False,False,,missing_positive_eps,1946342.0
FEIM,ok,True,True,True,False,True,forecast_icc,,591118912.0
FELE,ok,True,True,True,True,True,forecast_icc,,4571535360.0
FEMY,failed,True,True,False,False,False,,missing_positive_eps,8786844.0
FENC,ok,True,True,True,False,True,forecast_icc,,344243968.0
FENG,ok,True,True,True,True,True,forecast_icc,,17715894.0
FER,ok,True,True,True,True,True,forecast_icc,,46948405248.0
FERA,ok,True,True,False,True,True,trailing_eps_fallback_icc,,326424000.0
FERG,ok,True,True,True,True,True,forecast_icc,,43899764736.0
FET,ok,True,False,True,False,True,forecast_icc,,
FF,ok,True,True,True,False,True,forecast_icc,,218001632.0
FFA,ok,True,True,False,True,True,trailing_eps_fallback_icc,,450931200.0
FFAI,failed,True,True,False,False,False,,missing_positive_eps,13715062.0
FFBC,ok,True,True,True,True,True,forecast_icc,,3546478848.0
FFIN,ok,True,True,True,True,True,forecast_icc,,5004727808.0
FFIV,ok,True,True,True,True,True,forecast_icc,,22091108352.0
FG,ok,True,True,True,True,True,forecast_icc,,3859287808.0
FGBI,ok,True,True,True,False,True,forecast_icc,,158113744.0
FGI,ok,True,True,True,False,True,forecast_icc,,8111338.0
FGII,failed,True,True,False,False,False,,missing_positive_eps,287952992.0
FGL,failed,True,True,False,False,False,,missing_positive_eps,1089064.0
FGMC,failed,False,True,False,False,False,,missing_price,85455144.0
FGNX,ok,True,True,False,True,True,trailing_eps_fallback_icc,,43711512.0
FHB,ok,True,True,True,True,True,forecast_icc,,3397200896.0
FHI,ok,True,True,True,True,True,forecast_icc,,4514525696.0
FHN,ok,True,False,True,True,True,forecast_icc,,
FHTX,failed,True,True,False,False,False,,missing_positive_eps,278303968.0
FIBK,ok,True,True,True,True,True,forecast_icc,,3736115200.0
FICO,ok,True,True,True,True,True,forecast_icc,,26426966016.0
FIEE,ok,True,True,False,True,True,trailing_eps_fallback_icc,,25926938.0
FIG,ok,True,False,True,False,True,forecast_icc,,
FIGR,ok,True,True,True,True,True,forecast_icc,,5706612736.0
FIGS,ok,True,True,True,True,True,forecast_icc,,1752325632.0
FIGX,failed,True,True,False,False,False,,missing_positive_eps,198702272.0
FINS,ok,True,True,False,True,True,trailing_eps_fallback_icc,,418379008.0
FINV,ok,True,True,True,True,True,forecast_icc,,1154499584.0
FINW,ok,True,True,True,True,True,forecast_icc,,187909792.0
FIP,failed,True,True,False,False,False,,missing_positive_eps,472654208.0
FIRY,failed,True,True,False,False,False,,missing_positive_eps,152485840.0
FIS,ok,True,True,True,True,True,forecast_icc,,23776440320.0
FISI,ok,True,True,True,True,True,forecast_icc,,812259584.0
FISN,failed,True,True,False,False,False,,missing_positive_eps,580406464.0
FISV,ok,True,True,True,False,True,forecast_icc,,28833042432.0
FITB,ok,True,True,True,True,True,forecast_icc,,51302965248.0
FIVE,ok,True,True,True,True,True,forecast_icc,,12119081984.0
FIVN,ok,True,True,True,True,True,forecast_icc,,2117759744.0
FIX,ok,True,True,True,True,True,forecast_icc,,59754336256.0
FIZZ,ok,True,True,True,True,True,forecast_icc,,3001204224.0
FJET,failed,True,True,False,False,False,,missing_positive_eps,176173552.0
FKWL,ok,True,True,True,False,True,forecast_icc,,27280608.0
FLC,ok,True,True,False,True,True,trailing_eps_fallback_icc,,174210640.0
FLD,failed,True,True,False,False,False,,missing_positive_eps,22933762.0
FLEX,ok,True,True,True,True,True,forecast_icc,,41002659840.0
FLG,ok,True,True,True,True,True,forecast_icc,,5942520320.0
FLGT,failed,True,True,False,False,False,,missing_positive_eps,573976576.0
FLL,failed,True,False,False,False,False,,missing_positive_eps,
FLNA,failed,True,True,False,False,False,,missing_positive_eps,46375580.0
FLNC,ok,True,True,True,False,True,forecast_icc,,2482664960.0
FLNG,ok,True,True,True,True,True,forecast_icc,,1682272896.0
FLNT,failed,True,True,False,False,False,,missing_positive_eps,103758680.0
FLO,ok,True,True,True,True,True,forecast_icc,,1513631616.0
FLOC,ok,True,True,True,True,True,forecast_icc,,2104149248.0
FLR,ok,True,False,True,True,True,forecast_icc,,
FLS,ok,True,False,True,True,True,forecast_icc,,
FLUT,ok,True,True,True,False,True,forecast_icc,,17717628928.0
FLUX,failed,True,True,False,False,False,,missing_positive_eps,11492424.0
FLX,ok,True,True,True,True,True,forecast_icc,,156498016.0
FLXS,ok,True,True,True,True,True,forecast_icc,,301476640.0
FLY,failed,True,False,False,False,False,,missing_positive_eps,
FLYE,failed,True,True,False,False,False,,missing_positive_eps,2660789.0
FLYW,ok,True,True,True,True,True,forecast_icc,,2008008960.0
FLYX,failed,True,True,False,False,False,,missing_positive_eps,116967872.0
FLYX-W,failed,False,False,False,False,False,,missing_price,
FLZH,failed,True,True,False,False,False,,missing_positive_eps,64782336.0
FMAC,failed,True,True,False,False,False,,missing_positive_eps,158118368.0
FMAO,ok,True,True,True,True,True,forecast_icc,,459031392.0
FMBH,ok,True,True,True,True,True,forecast_icc,,1381892096.0
FMC,ok,True,True,True,False,True,forecast_icc,,1481431424.0
FMFC,failed,True,True,False,False,False,,missing_positive_eps,3972930.0
FMNB,ok,True,True,True,True,True,forecast_icc,,940926720.0
FMS,ok,True,True,True,True,True,forecast_icc,,13804222464.0
FMST,failed,True,True,False,False,False,,missing_positive_eps,23743926.0
FMX,ok,True,True,True,True,True,forecast_icc,,43184783360.0
FMY,ok,True,True,False,True,True,trailing_eps_fallback_icc,,48324432.0
FN,ok,True,False,True,True,True,forecast_icc,,
FNB,ok,True,True,True,True,True,forecast_icc,,6759755264.0
FND,ok,True,True,True,True,True,forecast_icc,,5977606656.0
FNF,ok,True,True,True,True,True,forecast_icc,,14012341248.0
FNGR,ok,True,True,True,False,True,forecast_icc,,14530556.0
FNKO,ok,True,True,True,False,True,forecast_icc,,337829504.0
FNLC,ok,True,True,False,True,True,trailing_eps_fallback_icc,,394080448.0
FNRN,ok,True,True,False,True,True,trailing_eps_fallback_icc,,299263776.0
FNUC,failed,True,True,False,False,False,,missing_positive_eps,40530232.0
FNV,ok,True,False,True,True,True,forecast_icc,,
FNWB,ok,True,True,True,True,True,forecast_icc,,112186736.0
FNWD,ok,True,True,True,True,True,forecast_icc,,192211968.0
FOA,ok,True,True,True,True,True,forecast_icc,,207149696.0
FOCL,failed,True,True,False,False,False,,missing_positive_eps,230139376.0
FOF,ok,True,False,False,True,True,trailing_eps_fallback_icc,,
FOFO,failed,True,True,False,False,False,,missing_positive_eps,15217867.0
FOR,ok,True,False,True,True,True,forecast_icc,,
FORM,ok,True,True,True,True,True,forecast_icc,,8214873088.0
FORR,ok,True,True,True,False,True,forecast_icc,,189072880.0
FORTY,ok,True,True,False,True,True,trailing_eps_fallback_icc,,1627621504.0
FOSL,failed,True,True,False,False,False,,missing_positive_eps,287824800.0
FOUR,ok,True,True,True,True,True,forecast_icc,,5326252032.0
FOX,ok,True,True,True,True,True,forecast_icc,,21977600000.0
FOXA,ok,True,True,True,True,True,forecast_icc,,24698556416.0
FOXF,ok,True,True,True,False,True,forecast_icc,,746882496.0
FOXX,failed,True,True,False,False,False,,missing_positive_eps,18095862.0
FPF,ok,True,True,False,True,True,trailing_eps_fallback_icc,,1070921792.0
FPH,ok,True,True,True,True,True,forecast_icc,,785702080.0
FPI,ok,True,False,True,True,True,forecast_icc,,
FPS,ok,True,True,True,True,True,forecast_icc,,10131393536.0
FR,ok,True,True,True,True,True,forecast_icc,,9040346112.0
FRA,ok,True,False,False,True,True,trailing_eps_fallback_icc,,
FRAF,ok,True,True,True,True,True,forecast_icc,,283555264.0
FRBA,ok,True,True,True,True,True,forecast_icc,,461685280.0
FRBT,ok,True,False,True,True,True,forecast_icc,,
FRD,ok,True,True,False,True,True,trailing_eps_fallback_icc,,242205536.0
FRGT,failed,True,True,False,False,False,,missing_positive_eps,1573343.0
FRHC,ok,True,True,True,True,True,forecast_icc,,9876652032.0
FRME,ok,True,True,True,True,True,forecast_icc,,2689767168.0
FRMI,ok,True,True,True,False,True,forecast_icc,,4294300928.0
FRMM,ok,True,True,True,False,True,forecast_icc,,70938480.0
FRNM,failed,True,True,False,False,False,,missing_positive_eps,1059927680.0
FRO,ok,True,True,True,True,True,forecast_icc,,8704555008.0
FROG,ok,True,True,True,False,True,forecast_icc,,9498209280.0
FRPH,ok,True,True,True,True,True,forecast_icc,,433439968.0
FRPT,ok,True,True,True,True,True,forecast_icc,,2984933376.0
FRSH,ok,True,True,True,True,True,forecast_icc,,3112648960.0
FRST,ok,True,True,True,True,True,forecast_icc,,395570048.0
FRSX,failed,True,True,False,False,False,,missing_positive_eps,3814799.0
FRT,ok,True,True,True,True,True,forecast_icc,,10785703936.0
FRTT,failed,True,False,False,False,False,,missing_positive_eps,
FRVO,failed,True,True,False,False,False,,missing_positive_eps,6570582528.0
FSBC,ok,True,True,True,True,True,forecast_icc,,1009809472.0
FSBW,ok,True,True,True,True,True,forecast_icc,,317713120.0
FSCO,ok,True,True,False,True,True,trailing_eps_fallback_icc,,1005280128.0
FSEA,failed,True,True,False,False,False,,missing_positive_eps,79523400.0
FSHP,ok,True,True,False,True,True,trailing_eps_fallback_icc,,56210408.0
FSI,ok,True,True,True,True,True,forecast_icc,,64119916.0
FSK,ok,True,True,True,False,True,forecast_icc,,2957501696.0
FSLR,ok,True,True,True,True,True,forecast_icc,,22136465408.0
FSLY,ok,True,True,True,False,True,forecast_icc,,3372574976.0
FSM,ok,True,True,True,True,True,forecast_icc,,2656936448.0
FSP,failed,True,True,False,False,False,,missing_positive_eps,48084616.0
FSS,ok,True,False,True,True,True,forecast_icc,,
FSSL,failed,True,True,False,False,False,,missing_positive_eps,841927616.0
FSTR,ok,True,True,True,True,True,forecast_icc,,430793024.0
FSUN,ok,True,True,True,True,True,forecast_icc,,1925258624.0
FSV,ok,True,True,True,True,True,forecast_icc,,6648042496.0
FT,ok,True,False,False,True,True,trailing_eps_fallback_icc,,
FTAI,ok,True,True,True,True,True,forecast_icc,,20260136960.0
FTCI,ok,True,True,True,False,True,forecast_icc,,42093924.0
FTDR,ok,True,True,True,True,True,forecast_icc,,5163671040.0
FTEK,failed,True,True,False,False,False,,missing_positive_eps,44877960.0
FTF,ok,True,False,False,True,True,trailing_eps_fallback_icc,,
FTFT,ok,True,True,False,True,True,trailing_eps_fallback_icc,,1718722.0
FTH,failed,True,True,False,False,False,,missing_positive_eps,742943680.0
FTHA,failed,True,True,False,False,False,,missing_positive_eps,174899984.0
FTHM,failed,True,True,False,False,False,,missing_positive_eps,26310852.0
FTHY,ok,True,True,False,True,True,trailing_eps_fallback_icc,,500112640.0
FTI,ok,True,False,True,True,True,forecast_icc,,
FTK,ok,True,False,True,True,True,forecast_icc,,
FTLF,ok,True,True,True,True,True,forecast_icc,,92877704.0
FTNT,ok,True,True,True,True,True,forecast_icc,,113011015680.0
FTRA,failed,True,False,False,False,False,,missing_positive_eps,
FTRA-U,failed,False,False,False,False,False,,missing_price,
FTRA-W,failed,False,False,False,False,False,,missing_price,
FTRE,ok,True,True,True,False,True,forecast_icc,,1804676608.0
FTRK,failed,True,True,False,False,False,,missing_positive_eps,8376000.0
FTS,ok,True,True,True,True,True,forecast_icc,,29259874304.0
FTV,ok,True,True,True,True,True,forecast_icc,,17661958144.0
FTW,ok,True,False,False,True,True,trailing_eps_fallback_icc,,
FTW-W,failed,False,False,False,False,False,,missing_price,
FUBO,ok,True,True,True,True,True,forecast_icc,,252921888.0
FUFU,ok,True,True,True,False,True,forecast_icc,,218316208.0
FUL,ok,True,True,True,True,True,forecast_icc,,2978746880.0
FULC,failed,True,True,False,False,False,,missing_positive_eps,247875952.0
FULT,ok,True,True,True,True,True,forecast_icc,,4660160512.0
FUN,ok,True,True,True,False,True,forecast_icc,,1809009920.0
FUNC,ok,True,True,True,True,True,forecast_icc,,282936160.0
FURY,ok,True,True,False,True,True,trailing_eps_fallback_icc,,104952968.0
FUSB,ok,True,True,False,True,True,trailing_eps_fallback_icc,,93693208.0
FUSE,failed,True,True,False,False,False,,missing_positive_eps,23637514.0
FUTU,ok,True,True,True,True,True,forecast_icc,,14498914304.0
FVAV,failed,True,True,False,False,False,,missing_positive_eps,367518368.0
FVCB,ok,True,True,True,True,True,forecast_icc,,331140960.0
FVN,ok,True,True,False,True,True,trailing_eps_fallback_icc,,70385520.0
FVR,ok,True,True,True,False,True,forecast_icc,,590606016.0
FVRR,ok,True,True,True,True,True,forecast_icc,,330027680.0
FWDI,ok,True,True,True,False,True,forecast_icc,,303494560.0
FWONA,ok,True,True,True,True,True,forecast_icc,,23053219840.0
FWONK,ok,True,True,True,True,True,forecast_icc,,25060571136.0
FWRD,failed,True,True,False,False,False,,missing_positive_eps,448759392.0
FWRG,ok,True,True,True,True,True,forecast_icc,,822342784.0
FXAC,failed,True,True,False,False,False,,missing_positive_eps,126571936.0
FXHO,failed,True,True,False,False,False,,missing_positive_eps,2376539.0
FXNC,ok,True,True,True,True,True,forecast_icc,,286056192.0
G,ok,True,False,True,True,True,forecast_icc,,
GAB,ok,True,False,False,True,True,trailing_eps_fallback_icc,,
GABC,ok,True,True,True,True,True,forecast_icc,,1920547840.0
GAIA,failed,True,True,False,False,False,,missing_positive_eps,46831228.0
GAIN,ok,True,False,True,True,True,forecast_icc,,
GAING,failed,True,False,False,False,False,,missing_positive_eps,
GAINI,failed,True,False,False,False,False,,missing_positive_eps,
GAINZ,failed,True,False,False,False,False,,missing_positive_eps,
GALT,failed,True,True,False,False,False,,missing_positive_eps,212717776.0
GAM,ok,True,True,False,True,True,trailing_eps_fallback_icc,,1552653184.0
GAMB,failed,False,True,False,False,False,,missing_price,64852964.0
GAME,failed,True,True,False,False,False,,missing_positive_eps,37219136.0
GANX,failed,True,True,False,False,False,,missing_positive_eps,75071112.0
GAP,ok,True,False,True,True,True,forecast_icc,,
GASS,ok,True,True,True,True,True,forecast_icc,,328721472.0
GATX,ok,True,True,True,True,True,forecast_icc,,6450851328.0
GAU,ok,True,True,True,True,True,forecast_icc,,467572608.0
GAUZ,ok,True,True,True,False,True,forecast_icc,,5622941.0
GBAB,ok,True,True,False,True,True,trailing_eps_fallback_icc,,382297984.0
GBCI,ok,True,True,True,True,True,forecast_icc,,6375994880.0
GBFH,ok,True,True,True,True,True,forecast_icc,,304166816.0
GBLI,ok,True,True,True,True,True,forecast_icc,,401721760.0
GBR,failed,True,True,False,False,False,,missing_positive_eps,3520506.0
GBTG,ok,True,True,True,True,True,forecast_icc,,4919929344.0
GBX,ok,True,True,True,True,True,forecast_icc,,1518519808.0
GCBC,ok,True,True,False,True,True,trailing_eps_fallback_icc,,569332160.0
GCDT,failed,True,True,False,False,False,,missing_positive_eps,4671050.0
GCGR,failed,True,True,False,False,False,,missing_positive_eps,514713536.0
GCL,ok,True,True,False,True,True,trailing_eps_fallback_icc,,62468248.0
GCMG,ok,True,True,True,True,True,forecast_icc,,750562752.0
GCO,ok,True,True,True,True,True,forecast_icc,,428729152.0
GCT,ok,True,True,True,True,True,forecast_icc,,1573971712.0
GCTK,ok,True,True,False,True,True,trailing_eps_fallback_icc,,5116237.0
GCTS,failed,True,True,False,False,False,,missing_positive_eps,171920080.0
GCTS-W,failed,False,False,False,False,False,,missing_price,
GCV,ok,True,True,False,True,True,trailing_eps_fallback_icc,,90865168.0
GD,ok,True,True,True,True,True,forecast_icc,,103358414848.0
GDC,failed,True,True,False,False,False,,missing_positive_eps,6535092.0
GDDY,ok,True,True,True,True,True,forecast_icc,,13152270336.0
GDEV,ok,True,True,True,True,True,forecast_icc,,217805856.0
GDHG,ok,True,True,False,True,True,trailing_eps_fallback_icc,,26242044.0
GDL,ok,True,False,False,True,True,trailing_eps_fallback_icc,,
GDO,ok,True,False,False,True,True,trailing_eps_fallback_icc,,
GDOT,ok,True,True,True,False,True,forecast_icc,,743110208.0
GDRX,ok,True,True,True,True,True,forecast_icc,,1073600896.0
GDS,ok,True,True,True,True,True,forecast_icc,,6406072320.0
GDTC,failed,True,True,False,False,False,,missing_positive_eps,11707407.0
GDV,ok,True,True,False,True,True,trailing_eps_fallback_icc,,2600652800.0
GDYN,ok,True,True,True,True,True,forecast_icc,,590399936.0
GE,ok,True,True,True,True,True,forecast_icc,,368376184832.0
GEF,ok,True,True,True,True,True,forecast_icc,,4960617472.0
GEF-B,ok,True,True,True,True,True,forecast_icc,,4142276096.0
GEG,ok,True,True,True,False,True,forecast_icc,,68358280.0
GEHC,ok,True,True,True,True,True,forecast_icc,,31590936576.0
GEL,ok,True,True,True,False,True,forecast_icc,,1871254784.0
GELS,failed,True,True,False,False,False,,missing_positive_eps,5901793.0
GEMI,failed,True,True,False,False,False,,missing_positive_eps,519638784.0
GEN,ok,True,True,True,True,True,forecast_icc,,16335169536.0
GENB,failed,True,True,False,False,False,,missing_positive_eps,1798540416.0
GENC,ok,True,True,True,True,True,forecast_icc,,211217488.0
GENI,ok,True,True,True,False,True,forecast_icc,,1866025984.0
GENK,failed,True,True,False,False,False,,missing_positive_eps,66258880.0
GEO,ok,True,False,True,True,True,forecast_icc,,
GEOS,ok,True,True,True,False,True,forecast_icc,,93136336.0
GERN,ok,True,True,True,False,True,forecast_icc,,859638080.0
GETY,ok,True,True,True,False,True,forecast_icc,,158282800.0
GEV,ok,True,True,True,True,True,forecast_icc,,261534253056.0
GEVO,ok,True,True,True,False,True,forecast_icc,,372419328.0
GF,ok,True,False,False,True,True,trailing_eps_fallback_icc,,
GFAI,ok,True,True,True,False,True,forecast_icc,,9690754.0
GFF,ok,True,True,True,True,True,forecast_icc,,4031676928.0
GFI,ok,True,False,True,True,True,forecast_icc,,
GFL,ok,True,True,True,False,True,forecast_icc,,14933382144.0
GFR,ok,True,True,True,False,True,forecast_icc,,793965568.0
GFS,ok,True,True,True,True,True,forecast_icc,,27374686208.0
GFUZ,failed,True,True,False,False,False,,missing_positive_eps,757182144.0
GGAL,ok,True,True,True,True,True,forecast_icc,,8745492480.0
GGB,ok,True,False,True,True,True,forecast_icc,,
GGG,ok,True,True,True,True,True,forecast_icc,,12954686464.0
GGN,ok,True,False,False,True,True,trailing_eps_fallback_icc,,
GGR,failed,True,True,False,False,False,,missing_positive_eps,56808228.0
GGRP,failed,True,True,False,False,False,,missing_positive_eps,18580692.0
GGT,ok,True,True,False,True,True,trailing_eps_fallback_icc,,168492832.0
GGZ,ok,True,False,False,True,True,trailing_eps_fallback_icc,,
GH,failed,True,True,False,False,False,,missing_positive_eps,20201598976.0
GHC,ok,True,False,True,True,True,forecast_icc,,
GHG,ok,True,True,True,True,True,forecast_icc,,116031928.0
GHM,ok,True,True,True,True,True,forecast_icc,,1101539200.0
GHRS,failed,True,True,False,False,False,,missing_positive_eps,1947121152.0
GIB,ok,True,True,True,True,True,forecast_icc,,15166202880.0
GIBO,failed,True,True,False,False,False,,missing_positive_eps,70249128.0
GIC,ok,True,True,True,True,True,forecast_icc,,1347173248.0
GIFT,failed,True,True,False,False,False,,missing_positive_eps,29501434.0
GIGM,failed,True,True,False,False,False,,missing_positive_eps,14479533.0
GIII,ok,True,True,True,True,True,forecast_icc,,1547971968.0
GIL,ok,True,True,True,True,True,forecast_icc,,9722000384.0
GILD,ok,True,True,True,True,True,forecast_icc,,162993291264.0
GILT,ok,True,True,True,True,True,forecast_icc,,830180352.0
GIPR,failed,True,True,False,False,False,,missing_positive_eps,566752.0
GIS,ok,True,False,True,False,True,forecast_icc,,
GITS,failed,True,True,False,False,False,,missing_positive_eps,7826063.0
GIW,failed,True,True,False,False,False,,missing_positive_eps,478539264.0
GIX,failed,True,True,False,False,False,,missing_positive_eps,363640768.0
GJH,failed,True,False,False,False,False,,missing_positive_eps,
GJO,failed,True,False,False,False,False,,missing_positive_eps,
GJP,failed,True,False,False,False,False,,missing_positive_eps,
GJR,failed,True,False,False,False,False,,missing_positive_eps,
GJS,failed,True,False,False,False,False,,missing_positive_eps,
GJT,failed,True,False,False,False,False,,missing_positive_eps,
GKOS,ok,True,True,True,False,True,forecast_icc,,9897838592.0
GL,ok,True,True,True,True,True,forecast_icc,,14207437824.0
GLAD,ok,True,True,True,True,True,forecast_icc,,426105280.0
GLAS,ok,True,True,True,False,True,forecast_icc,,887855360.0
GLBE,ok,True,True,True,True,True,forecast_icc,,6696859648.0
GLBS,ok,True,True,True,False,True,forecast_icc,,63883608.0
GLDG,failed,True,True,False,False,False,,missing_positive_eps,185006528.0
GLE,failed,True,True,False,False,False,,missing_positive_eps,5819400.0
GLED,failed,True,True,False,False,False,,missing_positive_eps,159025872.0
GLED-R,failed,False,False,False,False,False,,missing_price,
GLED-U,failed,False,False,False,False,False,,missing_price,
GLIBA,ok,True,True,True,False,True,forecast_icc,,934574912.0
GLIBK,failed,True,True,False,False,False,,missing_positive_eps,919411072.0
GLMD,failed,True,True,False,False,False,,missing_positive_eps,4949508.0
GLND,failed,True,True,False,False,False,,missing_positive_eps,85711176.0
GLNG,ok,True,True,True,True,True,forecast_icc,,4909347328.0
GLO,ok,True,False,False,True,True,trailing_eps_fallback_icc,,
GLOB,ok,True,True,True,True,True,forecast_icc,,1571304064.0
GLOO,ok,True,True,True,False,True,forecast_icc,,275852704.0
GLP,ok,True,True,True,True,True,forecast_icc,,1663579904.0
GLPI,ok,True,True,True,True,True,forecast_icc,,13030585344.0
GLQ,ok,True,False,False,True,True,trailing_eps_fallback_icc,,
GLRE,ok,True,True,True,True,True,forecast_icc,,552221376.0
GLSI,failed,True,True,False,False,False,,missing_positive_eps,205788480.0
GLU,ok,True,False,False,True,True,trailing_eps_fallback_icc,,
GLUE,failed,True,True,False,False,False,,missing_positive_eps,1915993216.0
GLV,ok,True,True,False,True,True,trailing_eps_fallback_icc,,78056912.0
GLW,ok,True,True,True,True,True,forecast_icc,,116240228352.0
GLXG,failed,True,True,False,False,False,,missing_positive_eps,5848246.0
GLXY,ok,True,True,True,False,True,forecast_icc,,8390650368.0
GM,ok,True,True,True,True,True,forecast_icc,,79953518592.0
GMAB,ok,True,True,True,True,True,forecast_icc,,17583122432.0
GME,ok,True,True,True,True,True,forecast_icc,,9817364480.0
GME-W,failed,False,False,False,False,False,,missing_price,
GMED,ok,True,True,True,True,True,forecast_icc,,10894863360.0
GMEX,failed,True,True,False,False,False,,missing_positive_eps,1321781.0
GMHS,ok,True,True,False,True,True,trailing_eps_fallback_icc,,48165336.0
GMM,failed,True,True,False,False,False,,missing_positive_eps,5586552.0
GMRS,ok,True,True,True,True,True,forecast_icc,,676226688.0
GMTL,failed,True,True,False,False,False,,missing_positive_eps,382992480.0
GNE,ok,True,False,False,True,True,trailing_eps_fallback_icc,,
GNK,ok,True,True,True,True,True,forecast_icc,,1132131840.0
GNL,failed,True,True,False,False,False,,missing_positive_eps,1857592192.0
GNLN,failed,True,True,False,False,False,,missing_positive_eps,1117682.0
GNLX,failed,True,True,False,False,False,,missing_positive_eps,136763264.0
GNPX,failed,True,True,False,False,False,,missing_positive_eps,3059912.0
GNRC,ok,True,True,True,True,True,forecast_icc,,11323772928.0
GNS,failed,True,True,False,False,False,,missing_positive_eps,29233604.0
GNSS,ok,True,True,True,False,True,forecast_icc,,80153936.0
GNT,ok,True,True,False,True,True,trailing_eps_fallback_icc,,134002984.0
GNTA,failed,True,True,False,False,False,,missing_positive_eps,72807456.0
GNTX,ok,True,True,True,True,True,forecast_icc,,5033116672.0
GNW,ok,True,True,True,True,True,forecast_icc,,3814772224.0
GO,ok,True,False,True,False,True,forecast_icc,,
GOAI,failed,True,True,False,False,False,,missing_positive_eps,69417240.0
GOF,ok,True,False,False,True,True,trailing_eps_fallback_icc,,
GOGO,ok,True,True,True,True,True,forecast_icc,,559211328.0
GOLD,ok,True,True,True,True,True,forecast_icc,,1220504064.0
GOLF,ok,True,False,True,True,True,forecast_icc,,
GOOD,ok,True,True,True,True,True,forecast_icc,,611297664.0
GOODN,failed,True,False,False,False,False,,missing_positive_eps,
GOODO,failed,True,False,False,False,False,,missing_positive_eps,
GOOG,ok,True,True,True,True,True,forecast_icc,,4080884776960.0
GOOGL,ok,True,True,True,True,True,forecast_icc,,4080640196608.0
GOOS,ok,True,True,True,True,True,forecast_icc,,904347328.0
GORO,ok,True,True,True,False,True,forecast_icc,,168102928.0
GOSS,failed,True,True,False,False,False,,missing_positive_eps,87161368.0
GOTU,ok,True,True,True,False,True,forecast_icc,,438754912.0
GOVX,failed,True,True,False,False,False,,missing_positive_eps,3660872.0
GP,failed,True,True,False,False,False,,missing_positive_eps,10618740.0
GPAC,failed,True,True,False,False,False,,missing_positive_eps,294835232.0
GPAT,ok,True,True,False,True,True,trailing_eps_fallback_icc,,392437504.0
GPC,ok,True,True,True,True,True,forecast_icc,,17209034752.0
GPCR,failed,True,True,False,False,False,,missing_positive_eps,3516056320.0
GPGI,ok,True,True,True,False,True,forecast_icc,,3904433664.0
GPI,ok,True,True,True,True,True,forecast_icc,,3530312704.0
GPK,ok,True,False,True,True,True,forecast_icc,,
GPMT,failed,True,True,False,False,False,,missing_positive_eps,64691492.0
GPN,ok,True,False,True,True,True,forecast_icc,,
GPOR,ok,True,True,True,True,True,forecast_icc,,2819795968.0
GPRE,ok,True,True,True,False,True,forecast_icc,,1210121472.0
GPRK,ok,True,True,True,True,True,forecast_icc,,622350272.0
GPRO,ok,True,True,True,False,True,forecast_icc,,123606432.0
GPUS,ok,True,True,False,True,True,trailing_eps_fallback_icc,,42778496.0
GRAB,ok,True,True,True,True,True,forecast_icc,,13905999872.0
GRAL,failed,True,True,False,False,False,,missing_positive_eps,3053086208.0
GRAN,failed,True,True,False,False,False,,missing_positive_eps,36823892.0
GRBK,ok,True,True,True,True,True,forecast_icc,,3025727232.0
GRC,ok,True,True,True,True,True,forecast_icc,,2131042688.0
GRCE,failed,True,True,False,False,False,,missing_positive_eps,33687232.0
GRDN,ok,True,True,True,True,True,forecast_icc,,2608809984.0
GRDX,failed,True,True,False,False,False,,missing_positive_eps,21417628.0
GREE,ok,True,True,False,True,True,trailing_eps_fallback_icc,,51500392.0
GRF,ok,True,True,False,True,True,trailing_eps_fallback_icc,,41463884.0
GRFS,ok,True,True,True,True,True,forecast_icc,,5580759552.0
GRI,ok,True,True,False,True,True,trailing_eps_fallback_icc,,2496881.0
GRML,failed,True,True,False,False,False,,missing_positive_eps,29518788.0
GRMN,ok,True,True,True,True,True,forecast_icc,,57383272448.0
GRN,failed,True,False,False,False,False,,missing_positive_eps,
GRND,ok,True,True,True,True,True,forecast_icc,,3012455680.0
GRNQ,failed,True,True,False,False,False,,missing_positive_eps,21118728.0
GRNT,ok,True,True,True,False,True,forecast_icc,,614635328.0
GRO,failed,True,True,False,False,False,,missing_positive_eps,125654576.0
GROV,failed,True,True,False,False,False,,missing_positive_eps,45390324.0
GROW,ok,True,True,False,True,True,trailing_eps_fallback_icc,,35848128.0
GROY,ok,True,True,True,False,True,forecast_icc,,620876736.0
GRPN,ok,True,True,True,False,True,forecast_icc,,1059373184.0
GRRR,ok,True,True,True,False,True,forecast_icc,,318378240.0
GRSD,ok,True,True,True,False,True,forecast_icc,,65910348.0
GRVY,ok,True,True,False,True,True,trailing_eps_fallback_icc,,430484352.0
GRWG,failed,True,True,False,False,False,,missing_positive_eps,87131816.0
GRX,ok,True,False,False,True,True,trailing_eps_fallback_icc,,
GS,ok,True,False,True,True,True,forecast_icc,,
GSAT,ok,True,True,True,False,True,forecast_icc,,10314704896.0
GSBC,ok,True,True,True,True,True,forecast_icc,,872279360.0
GSBD,ok,True,True,True,True,True,forecast_icc,,974848064.0
GSHD,ok,True,True,True,True,True,forecast_icc,,3030239744.0
GSHR,ok,True,True,False,True,True,trailing_eps_fallback_icc,,214154512.0
GSIT,failed,True,True,False,False,False,,missing_positive_eps,224092912.0
GSIW,failed,True,True,False,False,False,,missing_positive_eps,32507030.0
GSK,ok,True,True,True,True,True,forecast_icc,,104319442944.0
GSL,ok,True,False,True,True,True,forecast_icc,,
GSM,ok,True,False,True,False,True,forecast_icc,,
GSRF,ok,True,True,False,True,True,trailing_eps_fallback_icc,,298759872.0
GSRV,failed,True,True,False,False,False,,missing_positive_eps,366134368.0
GSUN,failed,True,True,False,False,False,,missing_positive_eps,3655523.0
GT,ok,True,False,True,False,True,forecast_icc,,
GTBP,failed,True,True,False,False,False,,missing_positive_eps,11100162.0
GTE,ok,True,True,True,False,True,forecast_icc,,236557648.0
GTEC,ok,True,True,True,True,True,forecast_icc,,13930408.0
GTEN,ok,True,True,False,True,True,trailing_eps_fallback_icc,,471033728.0
GTERA,ok,True,True,False,True,True,trailing_eps_fallback_icc,,306243488.0
GTES,ok,True,True,True,True,True,forecast_icc,,6526237184.0
GTIM,ok,True,True,True,True,True,forecast_icc,,14781054.0
GTLB,ok,True,True,True,False,True,forecast_icc,,5695308288.0
GTM,ok,True,True,True,True,True,forecast_icc,,978463872.0
GTN,ok,True,False,True,False,True,forecast_icc,,
GTN-A,failed,True,True,False,False,False,,missing_positive_eps,698621504.0
GTX,ok,True,True,True,True,True,forecast_icc,,5783160832.0
GTY,ok,True,True,True,True,True,forecast_icc,,2120575744.0
GUAC,failed,True,True,False,False,False,,missing_positive_eps,391511744.0
GUG,ok,True,True,False,True,True,trailing_eps_fallback_icc,,506903872.0
GURE,failed,True,True,False,False,False,,missing_positive_eps,4649383.0
GUT,ok,True,False,False,True,True,trailing_eps_fallback_icc,,
GUTS,failed,True,True,False,False,False,,missing_positive_eps,109467784.0
GV,failed,True,True,False,False,False,,missing_positive_eps,785028.0
GVA,ok,True,True,True,True,True,forecast_icc,,5027370496.0
GVH,failed,True,True,False,False,False,,missing_positive_eps,2463781.0
GWAV,failed,True,True,False,False,False,,missing_positive_eps,2688004.0
GWH,failed,True,True,False,False,False,,missing_positive_eps,22294624.0
GWRE,ok,True,True,True,True,True,forecast_icc,,12755708928.0
GWRS,ok,True,True,True,True,True,forecast_icc,,208536352.0
GWW,ok,True,False,True,True,True,forecast_icc,,
GXAI,failed,True,True,False,False,False,,missing_positive_eps,8545207.0
GXO,ok,True,True,True,True,True,forecast_icc,,5803051008.0
GYGY,failed,True,True,False,False,False,,missing_positive_eps,513684448.0
GYRE,ok,True,True,True,False,True,forecast_icc,,647750208.0
GYRO,ok,True,True,False,True,True,trailing_eps_fallback_icc,,12470077.0
H,ok,True,False,True,False,True,forecast_icc,,
HACQ,failed,True,True,False,False,False,,missing_positive_eps,375992512.0
HAE,ok,True,True,True,True,True,forecast_icc,,3854728448.0
HAFC,ok,True,True,True,True,True,forecast_icc,,939618240.0
HAFN,ok,True,True,True,True,True,forecast_icc,,3843318272.0
HAIN,ok,True,True,True,False,True,forecast_icc,,44359584.0
HAL,ok,True,True,True,True,True,forecast_icc,,26431983616.0
HALO,ok,True,True,True,True,True,forecast_icc,,9880463360.0
HAO,failed,True,True,False,False,False,,missing_positive_eps,333601.0
HAPN,ok,True,True,True,True,True,forecast_icc,,2230826240.0
HAS,ok,True,False,True,True,True,forecast_icc,,
HASI,ok,True,True,True,True,True,forecast_icc,,4851328512.0
HAVA,ok,True,True,False,True,True,trailing_eps_fallback_icc,,210035856.0
HAVAR,failed,True,False,False,False,False,,missing_positive_eps,
HAWK,ok,True,True,True,False,True,forecast_icc,,2021893632.0
HAYW,ok,True,True,True,True,True,forecast_icc,,3260278016.0
HBAN,ok,True,True,True,True,True,forecast_icc,,34508685312.0
HBB,ok,True,True,True,True,True,forecast_icc,,313719104.0
HBCP,ok,True,True,True,True,True,forecast_icc,,557536320.0
HBIO,ok,True,True,True,False,True,forecast_icc,,27467010.0
HBM,ok,True,True,True,True,True,forecast_icc,,10100776960.0
HBNB,failed,True,True,False,False,False,,missing_positive_eps,1275476480.0
HBNC,ok,True,True,True,False,True,forecast_icc,,1051494912.0
HBT,ok,True,True,True,True,True,forecast_icc,,1304070912.0
HCA,ok,True,True,True,True,True,forecast_icc,,85689131008.0
HCAC,failed,True,True,False,False,False,,missing_positive_eps,294046944.0
HCAI,failed,True,True,False,False,False,,missing_positive_eps,7210588.0
HCAT,ok,True,True,True,False,True,forecast_icc,,153699552.0
HCC,ok,True,True,True,True,True,forecast_icc,,4245277952.0
HCHL,failed,True,True,False,False,False,,missing_positive_eps,118183824.0
HCI,ok,True,True,True,True,True,forecast_icc,,2323450368.0
HCIC,failed,True,True,False,False,False,,missing_positive_eps,354424864.0
HCKT,ok,True,True,True,True,True,forecast_icc,,268765440.0
HCM,ok,True,True,True,True,True,forecast_icc,,1851905536.0
HCMA,failed,True,True,False,False,False,,missing_positive_eps,347453312.0
HCSG,ok,True,True,True,True,True,forecast_icc,,1584031232.0
HCTI,ok,True,True,False,True,True,trailing_eps_fallback_icc,,2321811.0
HCWB,failed,True,True,False,False,False,,missing_positive_eps,5030071.0
HCWC,failed,True,True,False,False,False,,missing_positive_eps,4656004.0
HD,ok,True,False,True,True,True,forecast_icc,,
HDB,ok,True,True,True,True,True,forecast_icc,,123959074816.0
HDL,ok,True,True,True,True,True,forecast_icc,,823712384.0
HDRN,failed,True,True,False,False,False,,missing_positive_eps,107963248.0
HDRNW,failed,True,False,False,False,False,,missing_positive_eps,
HDSN,ok,True,True,True,True,True,forecast_icc,,243998976.0
HE,ok,True,False,True,True,True,forecast_icc,,
HEI,ok,True,False,True,True,True,forecast_icc,,
HEI-A,ok,True,True,True,True,True,forecast_icc,,35793813504.0
HELE,ok,True,True,True,False,True,forecast_icc,,649382592.0
HELP,failed,True,True,False,False,False,,missing_positive_eps,504550432.0
HEPS,ok,True,True,True,False,True,forecast_icc,,1043097664.0
HEQ,ok,True,False,False,True,True,trailing_eps_fallback_icc,,
HERE,ok,True,True,True,True,True,forecast_icc,,101155384.0
HESM,ok,True,True,True,True,True,forecast_icc,,8321158144.0
HFBL,ok,True,True,False,True,True,trailing_eps_fallback_icc,,70208904.0
HFFG,ok,True,True,True,False,True,forecast_icc,,80213120.0
HFRO,failed,True,True,False,False,False,,missing_positive_eps,407237792.0
HFWA,ok,True,True,True,True,True,forecast_icc,,1208775808.0
HG,ok,True,True,True,True,True,forecast_icc,,3540461312.0
HGBL,ok,True,True,True,True,True,forecast_icc,,40300200.0
HGLB,ok,True,True,False,True,True,trailing_eps_fallback_icc,,172446144.0
HGTY,ok,True,True,True,True,True,forecast_icc,,3955442944.0
HGV,ok,True,True,True,True,True,forecast_icc,,3636835840.0
HHH,ok,True,True,True,True,True,forecast_icc,,3867847168.0
HHS,failed,True,False,False,False,False,,missing_positive_eps,
HIFS,ok,True,True,False,True,True,trailing_eps_fallback_icc,,621777856.0
HIG,ok,True,True,True,True,True,forecast_icc,,39214415872.0
HIHO,failed,True,True,False,False,False,,missing_positive_eps,4535068.0
HII,ok,True,False,True,True,True,forecast_icc,,
HIMS,ok,True,True,True,False,True,forecast_icc,,6258616320.0
HIMX,ok,True,True,True,True,True,forecast_icc,,2187301120.0
HIND,failed,True,True,False,False,False,,missing_positive_eps,14107241.0
HIO,ok,True,False,False,True,True,trailing_eps_fallback_icc,,
HIPO,ok,True,True,True,True,True,forecast_icc,,830024960.0
HIT,ok,True,True,True,False,True,forecast_icc,,68180408.0
HITI,ok,True,True,True,False,True,forecast_icc,,188042192.0
HIVE,ok,True,True,True,False,True,forecast_icc,,802292480.0
HIW,ok,True,False,True,True,True,forecast_icc,,
HIX,ok,True,True,False,True,True,trailing_eps_fallback_icc,,350371200.0
HKD,ok,True,True,False,True,True,trailing_eps_fallback_icc,,499704192.0
HKIT,ok,True,True,False,True,True,trailing_eps_fallback_icc,,28684034.0
HKPD,failed,True,True,False,False,False,,missing_positive_eps,9585644.0
HL,ok,True,True,True,True,True,forecast_icc,,10013735936.0
HLF,ok,True,True,True,True,True,forecast_icc,,1289647488.0
HLI,ok,True,True,True,True,True,forecast_icc,,8969232384.0
HLIO,ok,True,True,True,True,True,forecast_icc,,2568032512.0
HLIT,ok,True,True,True,True,True,forecast_icc,,1217330048.0
HLLY,ok,True,True,True,True,True,forecast_icc,,326202304.0
HLMN,ok,True,True,True,True,True,forecast_icc,,1550055808.0
HLN,ok,True,True,True,True,True,forecast_icc,,44522401792.0
HLNE,ok,True,True,True,True,True,forecast_icc,,4939732992.0
HLP,ok,True,True,False,True,True,trailing_eps_fallback_icc,,91181280.0
HLT,ok,True,True,True,True,True,forecast_icc,,72475402240.0
HLX,ok,True,False,True,True,True,forecast_icc,,
HLXC,failed,True,True,False,False,False,,missing_positive_eps,277174976.0
HMC,ok,True,False,True,False,True,forecast_icc,,
HMH,ok,True,True,True,True,True,forecast_icc,,243668736.0
HMN,ok,True,True,True,True,True,forecast_icc,,2100224640.0
HMR,ok,True,True,True,False,True,forecast_icc,,65481116.0
HMY,ok,True,False,True,True,True,forecast_icc,,
HNGE,ok,True,True,True,False,True,forecast_icc,,5812021248.0
HNI,ok,True,True,True,True,True,forecast_icc,,3137451264.0
HNNA,ok,True,True,True,True,True,forecast_icc,,77616528.0
HNRG,ok,True,True,True,True,True,forecast_icc,,688575040.0
HNST,ok,True,True,True,False,True,forecast_icc,,409492448.0
HNVR,ok,True,True,True,True,True,forecast_icc,,189973568.0
HODO,failed,True,True,False,False,False,,missing_positive_eps,47862540.0
HOFT,ok,True,True,True,False,True,forecast_icc,,150490512.0
HOG,ok,True,False,True,True,True,forecast_icc,,
HOLO,failed,True,True,False,False,False,,missing_positive_eps,36659776.0
HOMB,ok,True,True,True,True,True,forecast_icc,,6246333440.0
HON,ok,True,True,True,True,True,forecast_icc,,76670959616.0
HONA,ok,True,True,True,True,True,forecast_icc,,64757129216.0
HOOD,ok,True,True,True,True,True,forecast_icc,,77983735808.0
HOPE,ok,True,True,True,True,True,forecast_icc,,1792217984.0
HOUR,ok,True,True,True,True,True,forecast_icc,,62641560.0
HOV,ok,True,True,True,True,True,forecast_icc,,757997440.0
HOVR,failed,True,True,False,False,False,,missing_positive_eps,116276952.0
HOWL,failed,True,True,False,False,False,,missing_positive_eps,24317848.0
HP,ok,True,False,True,False,True,forecast_icc,,
HPAI,failed,True,True,False,False,False,,missing_positive_eps,18285106.0
HPE,ok,True,True,True,True,True,forecast_icc,,62422953984.0
HPI,ok,True,False,False,True,True,trailing_eps_fallback_icc,,
HPK,failed,True,True,False,False,False,,missing_positive_eps,837754240.0
HPP,failed,True,True,False,False,False,,missing_positive_eps,765897344.0
HPQ,ok,True,False,True,True,True,forecast_icc,,
HQ,failed,True,True,False,False,False,,missing_positive_eps,647821440.0
HQH,ok,True,False,False,True,True,trailing_eps_fallback_icc,,
HQI,ok,True,True,True,True,True,forecast_icc,,187636240.0
HQL,ok,True,False,False,True,True,trailing_eps_fallback_icc,,
HQY,ok,True,True,True,True,True,forecast_icc,,8442981888.0
HR,ok,True,True,True,False,True,forecast_icc,,7551690752.0
HRB,ok,True,True,True,True,True,forecast_icc,,5614209536.0
HRI,ok,True,True,True,True,True,forecast_icc,,4878316032.0
HRL,ok,True,False,True,True,True,forecast_icc,,
HRMY,ok,True,True,True,True,True,forecast_icc,,2076031360.0
HROW,ok,True,True,True,False,True,forecast_icc,,1451492608.0
HRTG,ok,True,True,True,True,True,forecast_icc,,907297472.0
HRTX,failed,True,True,False,False,False,,missing_positive_eps,94147560.0
HRZN,ok,True,True,True,False,True,forecast_icc,,300348896.0
HSAI,ok,True,True,True,True,True,forecast_icc,,20805627904.0
HSBC,ok,True,True,True,True,True,forecast_icc,,367280357376.0
HSCS,failed,True,True,False,False,False,,missing_positive_eps,6843927.0
HSDT,ok,True,True,False,True,True,trailing_eps_fallback_icc,,99257352.0
HSHP,ok,True,True,False,True,True,trailing_eps_fallback_icc,,732633280.0
HSIC,ok,True,True,True,True,True,forecast_icc,,9702290432.0
HSLV,failed,True,True,False,False,False,,missing_positive_eps,893028800.0
HST,ok,True,False,True,True,True,forecast_icc,,
HSTM,ok,True,True,True,True,True,forecast_icc,,823868352.0
HSY,ok,True,True,True,True,True,forecast_icc,,35949932544.0
HTB,ok,True,True,True,True,True,forecast_icc,,859761728.0
HTCO,failed,True,True,False,False,False,,missing_positive_eps,30633022.0
HTCR,ok,True,True,True,False,True,forecast_icc,,3099365.0
HTD,ok,True,True,False,True,True,trailing_eps_fallback_icc,,915204032.0
HTFL,failed,True,True,False,False,False,,missing_positive_eps,2227600640.0
HTGC,ok,True,True,True,True,True,forecast_icc,,2982670336.0
HTH,ok,True,True,True,True,True,forecast_icc,,2255939072.0
HTHT,ok,True,True,True,True,True,forecast_icc,,12992880640.0
HTLD,ok,True,True,True,False,True,forecast_icc,,986443776.0
HTLM,ok,True,True,False,True,True,trailing_eps_fallback_icc,,170406256.0
HTO,ok,True,True,True,True,True,forecast_icc,,2593866240.0
HTOO,failed,True,True,False,False,False,,missing_positive_eps,8563630.0
HTT,ok,True,True,False,True,True,trailing_eps_fallback_icc,,378891744.0
HTZ,failed,True,False,False,False,False,,missing_positive_eps,
HUBB,ok,True,True,True,True,True,forecast_icc,,25026260992.0
HUBC,failed,True,True,False,False,False,,missing_positive_eps,6269466.0
HUBG,ok,True,True,True,True,True,forecast_icc,,2776980992.0
HUBS,ok,True,True,True,True,True,forecast_icc,,11932554240.0
HUDI,failed,True,True,False,False,False,,missing_positive_eps,10295411.0
HUHU,failed,True,True,False,False,False,,missing_positive_eps,160929648.0
HUIZ,ok,True,True,True,False,True,forecast_icc,,12026231.0
HUM,ok,True,False,True,True,True,forecast_icc,,
HUMA,failed,True,True,False,False,False,,missing_positive_eps,181088976.0
HUN,ok,True,True,True,False,True,forecast_icc,,2116900224.0
HURA,failed,True,True,False,False,False,,missing_positive_eps,138191088.0
HURC,failed,True,True,False,False,False,,missing_positive_eps,137298032.0
HURN,ok,True,True,True,True,True,forecast_icc,,2605433344.0
HUT,ok,True,True,True,False,True,forecast_icc,,12190564352.0
HUYA,ok,True,True,True,False,True,forecast_icc,,569882176.0
HVII,ok,True,True,False,True,True,trailing_eps_fallback_icc,,272984736.0
HVMC,failed,True,True,False,False,False,,missing_positive_eps,299981984.0
HVT,ok,True,True,True,True,True,forecast_icc,,402866688.0
HVT-A,ok,True,True,False,True,True,trailing_eps_fallback_icc,,486079680.0
HWBK,ok,True,True,False,True,True,trailing_eps_fallback_icc,,266711216.0
HWC,ok,True,True,True,True,True,forecast_icc,,6139132416.0
HWH,failed,True,True,False,False,False,,missing_positive_eps,11126016.0
HWKN,ok,True,True,True,True,True,forecast_icc,,2701524992.0
HWM,ok,True,True,True,True,True,forecast_icc,,110941806592.0
HXHX,ok,True,True,False,True,True,trailing_eps_fallback_icc,,6272750.0
HXL,ok,True,True,True,True,True,forecast_icc,,7762211840.0
HY,ok,True,True,True,False,True,forecast_icc,,600182720.0
HYFM,failed,True,True,False,False,False,,missing_positive_eps,2818744.0
HYFT,failed,True,True,False,False,False,,missing_positive_eps,63061016.0
HYI,ok,True,True,False,True,True,trailing_eps_fallback_icc,,133265624.0
HYLN,failed,True,True,False,False,False,,missing_positive_eps,645544576.0
HYMC,failed,True,True,False,False,False,,missing_positive_eps,1870156288.0
HYNE,ok,True,True,False,True,True,trailing_eps_fallback_icc,,121680432.0
HYPD,ok,True,True,True,False,True,forecast_icc,,40319608.0
HYPR,failed,True,True,False,False,False,,missing_positive_eps,92142728.0
HYT,ok,True,True,False,True,True,trailing_eps_fallback_icc,,1364711552.0
HZO,ok,True,True,True,True,True,forecast_icc,,771646208.0
IACO,failed,True,True,False,False,False,,missing_positive_eps,434000000.0
IACQ,failed,True,True,False,False,False,,missing_positive_eps,383147552.0
IAE,ok,True,True,True,True,True,forecast_icc,,90302808.0
IAF,ok,True,True,False,True,True,trailing_eps_fallback_icc,,123516792.0
IAG,ok,True,False,True,True,True,forecast_icc,,
IART,ok,True,True,True,False,True,forecast_icc,,1331883008.0
IAUX,failed,True,True,False,False,False,,missing_positive_eps,1155148544.0
IAUX-W,failed,False,False,False,False,False,,missing_price,
IBAC,failed,True,True,False,False,False,,missing_positive_eps,54138956.0
IBCP,ok,True,True,True,True,True,forecast_icc,,786949056.0
IBEX,ok,True,True,True,True,True,forecast_icc,,474844992.0
IBG,failed,True,True,False,False,False,,missing_positive_eps,1534783.0
IBIO,failed,True,True,False,False,False,,missing_positive_eps,69053200.0
IBKR,ok,True,True,True,True,True,forecast_icc,,153474187264.0
IBM,ok,True,True,True,True,True,forecast_icc,,208908894208.0
IBN,ok,True,False,True,True,True,forecast_icc,,
IBO,failed,True,True,False,False,False,,missing_positive_eps,46363132.0
IBOC,ok,True,True,True,True,True,forecast_icc,,4746915840.0
IBP,ok,True,False,True,True,True,forecast_icc,,
IBRX,ok,True,True,True,False,True,forecast_icc,,7802786816.0
IBTA,ok,True,True,True,False,True,forecast_icc,,614226368.0
ICCC,failed,True,True,False,False,False,,missing_positive_eps,100057600.0
ICCM,failed,True,True,False,False,False,,missing_positive_eps,9902224.0
ICE,ok,True,False,True,True,True,forecast_icc,,
ICFI,ok,True,True,True,True,True,forecast_icc,,1464265984.0
ICG,ok,True,True,True,False,True,forecast_icc,,49103808.0
ICHR,ok,True,True,True,False,True,forecast_icc,,2613982976.0
ICL,ok,True,False,True,True,True,forecast_icc,,
ICLR,ok,True,True,True,True,True,forecast_icc,,12769873920.0
ICMB,ok,True,True,True,False,True,forecast_icc,,11247225.0
ICON,ok,True,True,False,True,True,trailing_eps_fallback_icc,,3850675.0
ICU,failed,True,True,False,False,False,,missing_positive_eps,12710467.0
ICUI,ok,True,True,True,True,True,forecast_icc,,4208419840.0
IDA,ok,True,True,True,True,True,forecast_icc,,7862428160.0
IDAC,failed,True,True,False,False,False,,missing_positive_eps,216734512.0
IDAI,ok,True,True,True,False,True,forecast_icc,,14503906.0
IDCC,ok,True,True,True,True,True,forecast_icc,,7839571968.0
IDE,ok,True,True,False,True,True,trailing_eps_fallback_icc,,195668096.0
IDN,ok,True,True,True,True,True,forecast_icc,,74524488.0
IDR,ok,True,True,True,True,True,forecast_icc,,461647904.0
IDT,ok,True,False,True,True,True,forecast_icc,,
IDXX,ok,True,True,True,True,True,forecast_icc,,44079820800.0
IDYA,failed,True,True,False,False,False,,missing_positive_eps,3504402944.0
IE,failed,True,True,False,False,False,,missing_positive_eps,1480026496.0
IEAG,failed,True,True,False,False,False,,missing_positive_eps,444774400.0
IESC,ok,True,True,True,True,True,forecast_icc,,11387298816.0
IEX,ok,True,True,True,True,True,forecast_icc,,17302499328.0
IFBD,failed,True,True,False,False,False,,missing_positive_eps,8188575.0
IFF,ok,True,False,True,True,True,forecast_icc,,
IFN,failed,True,True,False,False,False,,missing_positive_eps,500733920.0
IFRX,failed,True,True,False,False,False,,missing_positive_eps,253343728.0
IFS,ok,True,True,True,True,True,forecast_icc,,6498860032.0
IGA,ok,True,False,False,True,True,trailing_eps_fallback_icc,,
IGAC,failed,True,True,False,False,False,,missing_positive_eps,239416096.0
IGC,failed,True,False,False,False,False,,missing_positive_eps,
IGI,ok,True,True,False,True,True,trailing_eps_fallback_icc,,93920512.0
IGIC,ok,True,True,True,True,True,forecast_icc,,1175976320.0
IGR,ok,True,True,False,True,True,trailing_eps_fallback_icc,,717635136.0
IH,ok,True,True,True,True,True,forecast_icc,,71046880.0
IHD,ok,True,False,False,True,True,trailing_eps_fallback_icc,,
IHG,ok,True,True,True,True,True,forecast_icc,,23992594432.0
IHRT,failed,True,True,False,False,False,,missing_positive_eps,529033408.0
IHS,ok,True,True,True,True,True,forecast_icc,,2760702208.0
IHT,failed,True,False,False,False,False,,missing_positive_eps,
IIF,failed,True,False,False,False,False,,missing_positive_eps,
III,ok,True,True,True,True,True,forecast_icc,,197097792.0
IIIN,ok,True,True,True,True,True,forecast_icc,,592749568.0
IIIV,ok,True,True,True,True,True,forecast_icc,,587120448.0
IIM,ok,True,True,False,True,True,trailing_eps_fallback_icc,,590183488.0
IIPR,ok,True,True,True,True,True,forecast_icc,,1762338048.0
IKT,failed,True,True,False,False,False,,missing_positive_eps,358034400.0
ILAG,failed,True,True,False,False,False,,missing_positive_eps,6916236.0
ILLR,failed,True,True,False,False,False,,missing_positive_eps,20876678.0
ILLU,failed,True,True,False,False,False,,missing_positive_eps,310410208.0
ILMN,ok,True,True,True,True,True,forecast_icc,,31030116352.0
ILPT,failed,True,True,False,False,False,,missing_positive_eps,564656576.0
IMA,failed,True,True,False,False,False,,missing_positive_eps,67221104.0
IMAX,ok,True,True,True,True,True,forecast_icc,,2610484480.0
IMC,failed,True,True,False,False,False,,missing_positive_eps,532857024.0
IMCC,failed,True,True,False,False,False,,missing_positive_eps,1041410.0
IMCR,ok,True,True,True,False,True,forecast_icc,,1722817024.0
IMDX,failed,True,True,False,False,False,,missing_positive_eps,148534768.0
IMKTA,ok,True,True,True,True,True,forecast_icc,,1703795456.0
IMMP,failed,True,True,False,False,False,,missing_positive_eps,55971932.0
IMMR,ok,True,True,True,True,True,forecast_icc,,245786032.0
IMMX,failed,True,True,False,False,False,,missing_positive_eps,608674112.0
IMNM,failed,True,True,False,False,False,,missing_positive_eps,2613819136.0
IMNN,failed,True,True,False,False,False,,missing_positive_eps,6723389.0
IMO,ok,True,False,True,True,True,forecast_icc,,
IMOS,ok,True,True,True,True,True,forecast_icc,,1635970944.0
IMPP,ok,True,True,True,True,True,forecast_icc,,211599904.0
IMRN,failed,True,True,False,False,False,,missing_positive_eps,8959034.0
IMRX,failed,True,True,False,False,False,,missing_positive_eps,273670016.0
IMSR,failed,True,True,False,False,False,,missing_positive_eps,674173248.0
IMTE,failed,True,True,False,False,False,,missing_positive_eps,1464734.0
IMTX,failed,True,True,False,False,False,,missing_positive_eps,1257393152.0
IMUX,failed,True,True,False,False,False,,missing_positive_eps,190564544.0
IMVT,failed,True,True,False,False,False,,missing_positive_eps,8105595904.0
IMXI,ok,True,True,True,True,True,forecast_icc,,393635968.0
INAB,failed,True,True,False,False,False,,missing_positive_eps,10356835.0
INAC,ok,True,True,False,True,True,trailing_eps_fallback_icc,,151681392.0
INBK,ok,True,True,True,False,True,forecast_icc,,229161056.0
INBS,ok,True,True,True,False,True,forecast_icc,,3767157.0
INBX,failed,True,True,False,False,False,,missing_positive_eps,1243089664.0
INCR,failed,True,True,False,False,False,,missing_positive_eps,56172364.0
INCY,ok,True,True,True,True,True,forecast_icc,,24929796096.0
INDB,ok,True,True,True,True,True,forecast_icc,,4018059264.0
INDI,ok,True,True,True,False,True,forecast_icc,,667672000.0
INDO,failed,True,True,False,False,False,,missing_positive_eps,44160228.0
INDP,failed,True,True,False,False,False,,missing_positive_eps,191868944.0
INDV,ok,True,True,True,True,True,forecast_icc,,4754188288.0
INEO,failed,True,True,False,False,False,,missing_positive_eps,10779072.0
INFQ,failed,True,True,False,False,False,,missing_positive_eps,2177604864.0
INFQ-W,failed,False,False,False,False,False,,missing_price,
INFU,ok,True,True,True,True,True,forecast_icc,,185469856.0
INFY,ok,True,True,True,True,True,forecast_icc,,48398974976.0
ING,ok,True,True,True,True,True,forecast_icc,,99808870400.0
INGM,ok,True,True,True,True,True,forecast_icc,,7005515776.0
INGN,failed,True,True,False,False,False,,missing_positive_eps,173818400.0
INGR,ok,True,True,True,True,True,forecast_icc,,6326715392.0
INHD,failed,True,True,False,False,False,,missing_positive_eps,178522368.0
INIO,ok,True,True,True,True,True,forecast_icc,,18292500480.0
INKT,failed,True,True,False,False,False,,missing_positive_eps,52758312.0
INLF,failed,True,True,False,False,False,,missing_positive_eps,357580.0
INLX,ok,True,True,True,False,True,forecast_icc,,24520192.0
INM,failed,True,True,False,False,False,,missing_positive_eps,8009154.0
INMB,failed,True,True,False,False,False,,missing_positive_eps,47055908.0
INMD,ok,True,True,True,True,True,forecast_icc,,867672256.0
INN,failed,True,True,False,False,False,,missing_positive_eps,747719040.0
INNV,ok,True,True,True,False,True,forecast_icc,,1574542336.0
INO,failed,True,False,False,False,False,,missing_positive_eps,
INOD,ok,True,True,True,True,True,forecast_icc,,1961607296.0
INR,ok,True,True,True,True,True,forecast_icc,,234957648.0
INSE,ok,True,True,True,False,True,forecast_icc,,182192672.0
INSG,ok,True,True,True,True,True,forecast_icc,,110844376.0
INSM,ok,True,True,True,False,True,forecast_icc,,21998204928.0
INSP,ok,True,True,True,True,True,forecast_icc,,1441233920.0
INSW,ok,True,True,True,True,True,forecast_icc,,4713341952.0
INTA,ok,True,True,True,False,True,forecast_icc,,2471365120.0
INTC,ok,True,True,True,False,True,forecast_icc,,459659673600.0
INTG,failed,True,True,False,False,False,,missing_positive_eps,59006376.0
INTJ,failed,True,True,False,False,False,,missing_positive_eps,5058375.0
INTR,ok,True,True,True,True,True,forecast_icc,,2489994496.0
INTS,failed,True,True,False,False,False,,missing_positive_eps,10946422.0
INTT,ok,True,True,True,True,True,forecast_icc,,155173520.0
INTU,ok,True,True,True,True,True,forecast_icc,,86300917760.0
INTZ,failed,True,True,False,False,False,,missing_positive_eps,17978090.0
INUV,ok,True,True,True,False,True,forecast_icc,,15876198.0
INV,failed,True,True,False,False,False,,missing_positive_eps,278188128.0
INVA,ok,True,True,True,True,True,forecast_icc,,1566221696.0
INVE,failed,True,True,False,False,False,,missing_positive_eps,64816772.0
INVH,ok,True,True,True,True,True,forecast_icc,,17625225216.0
INVX,ok,True,True,True,True,True,forecast_icc,,1854429568.0
INVZ,failed,True,True,False,False,False,,missing_positive_eps,93239080.0
IOND,failed,True,False,False,False,False,,missing_positive_eps,
IONQ,ok,True,True,True,True,True,forecast_icc,,13351866368.0
IONQ-W,failed,False,False,False,False,False,,missing_price,
IONR,failed,True,True,False,False,False,,missing_positive_eps,267058752.0
IONS,failed,True,True,False,False,False,,missing_positive_eps,8805188608.0
IOR,ok,True,True,False,True,True,trailing_eps_fallback_icc,,86593736.0
IOSP,ok,True,True,True,True,True,forecast_icc,,2119994240.0
IOT,ok,True,False,True,True,True,forecast_icc,,
IOTR,failed,True,True,False,False,False,,missing_positive_eps,15126648.0
IOVA,failed,True,True,False,False,False,,missing_positive_eps,2094096256.0
IP,ok,True,False,True,False,True,forecast_icc,,
IPAR,ok,True,True,True,True,True,forecast_icc,,4021477120.0
IPCX,ok,True,True,False,True,True,trailing_eps_fallback_icc,,342664896.0
IPDN,failed,True,True,False,False,False,,missing_positive_eps,4236572.0
IPEX,ok,True,True,False,True,True,trailing_eps_fallback_icc,,125763008.0
IPFX,failed,True,True,False,False,False,,missing_positive_eps,341043968.0
IPGP,ok,True,True,True,True,True,forecast_icc,,3603463168.0
IPHA,failed,True,True,False,False,False,,missing_positive_eps,163861232.0
IPI,ok,True,False,True,True,True,forecast_icc,,
IPM,ok,True,True,True,False,True,forecast_icc,,23725028.0
IPSC,failed,True,True,False,False,False,,missing_positive_eps,394977056.0
IPST,ok,True,True,True,False,True,forecast_icc,,1573040.0
IPVV,failed,True,True,False,False,False,,missing_positive_eps,251566288.0
IPW,ok,True,True,True,False,True,forecast_icc,,1074549.0
IPWR,failed,True,True,False,False,False,,missing_positive_eps,60923840.0
IPX,failed,True,True,False,False,False,,missing_positive_eps,780036864.0
IQ,ok,True,True,True,False,True,forecast_icc,,1235231616.0
IQI,ok,True,False,False,True,True,trailing_eps_fallback_icc,,
IQMX,failed,True,True,False,False,False,,missing_positive_eps,2234370304.0
IQMXW,failed,True,False,False,False,False,,missing_positive_eps,
IQST,failed,True,True,False,False,False,,missing_positive_eps,7140102.0
IQV,ok,True,True,True,True,True,forecast_icc,,39140233216.0
IR,ok,True,False,True,True,True,forecast_icc,,
IRAB,failed,True,True,False,False,False,,missing_positive_eps,227443360.0
IRAB-U,failed,False,False,False,False,False,,missing_price,
IRAB-W,failed,False,False,False,False,False,,missing_price,
IRD,failed,True,True,False,False,False,,missing_positive_eps,317052800.0
IRDM,ok,True,True,True,True,True,forecast_icc,,5047952384.0
IREN,ok,True,True,False,True,True,trailing_eps_fallback_icc,,13673308160.0
IRHO,ok,True,True,False,True,True,trailing_eps_fallback_icc,,293639808.0
IRIX,ok,True,True,True,False,True,forecast_icc,,14475261.0
IRM,ok,True,True,True,True,True,forecast_icc,,37083475968.0
IRMD,ok,True,True,True,True,True,forecast_icc,,1217072768.0
IRON,failed,True,True,False,False,False,,missing_positive_eps,3025749760.0
IRS,ok,True,True,True,True,True,forecast_icc,,1311479680.0
IRT,ok,True,True,True,True,True,forecast_icc,,4033244160.0
IRTC,ok,True,True,True,False,True,forecast_icc,,3913255680.0
IRWD,ok,True,True,True,True,True,forecast_icc,,614008000.0
ISBA,ok,True,True,True,True,True,forecast_icc,,303626592.0
ISNR,failed,True,False,False,False,False,,missing_positive_eps,
ISOU,failed,True,True,False,False,False,,missing_positive_eps,634287744.0
ISPC,failed,True,True,False,False,False,,missing_positive_eps,2629997.0
ISPR,ok,True,True,True,False,True,forecast_icc,,82655136.0
ISRG,ok,True,True,True,True,True,forecast_icc,,126461403136.0
ISSC,ok,True,True,True,True,True,forecast_icc,,312407360.0
ISTR,ok,True,True,True,True,True,forecast_icc,,410979392.0
IT,ok,True,True,True,True,True,forecast_icc,,10238282752.0
ITG,ok,True,True,True,False,True,forecast_icc,,1589754880.0
ITGR,ok,True,True,True,True,True,forecast_icc,,3424685056.0
ITHA,failed,True,True,False,False,False,,missing_positive_eps,306360000.0
ITIC,ok,True,True,False,True,True,trailing_eps_fallback_icc,,547537728.0
ITOC,failed,True,True,False,False,False,,missing_positive_eps,6179500.0
ITP,failed,True,True,False,False,False,,missing_positive_eps,2821349.0
ITRG,ok,True,True,True,True,True,forecast_icc,,437989536.0
ITRI,ok,True,True,True,True,True,forecast_icc,,4328320512.0
ITRN,ok,True,True,True,True,True,forecast_icc,,1097006720.0
ITT,ok,True,False,True,True,True,forecast_icc,,
ITUB,ok,True,True,True,True,True,forecast_icc,,93024600064.0
ITW,ok,True,True,True,True,True,forecast_icc,,81620492288.0
IVA,failed,True,True,False,False,False,,missing_positive_eps,1091339392.0
IVDA,ok,True,True,True,False,True,forecast_icc,,2985461.0
IVF,ok,True,True,False,True,True,trailing_eps_fallback_icc,,1678515.0
IVR,ok,True,False,True,True,True,forecast_icc,,
IVT,ok,True,True,False,True,True,trailing_eps_fallback_icc,,2743342080.0
IVVD,failed,True,True,False,False,False,,missing_positive_eps,171343696.0
IVZ,ok,True,True,True,False,True,forecast_icc,,12988930048.0
IX,ok,True,False,True,True,True,forecast_icc,,
IXHL,failed,True,True,False,False,False,,missing_positive_eps,35056144.0
IZEA,failed,True,True,False,False,False,,missing_positive_eps,59195132.0
IZM,ok,True,True,False,True,True,trailing_eps_fallback_icc,,3117498.0
J,ok,True,True,True,True,True,forecast_icc,,15675236352.0
JACK,ok,True,True,True,False,True,forecast_icc,,311662880.0
JACS,ok,True,True,False,True,True,trailing_eps_fallback_icc,,316760960.0
JACS-R,failed,False,False,False,False,False,,missing_price,
JACS-U,failed,False,False,False,False,False,,missing_price,
JAGU,failed,True,True,False,False,False,,missing_positive_eps,31098414.0
JAGX,failed,True,True,False,False,False,,missing_positive_eps,5106818.0
JAKK,ok,True,True,True,True,True,forecast_icc,,302017984.0
JAN,ok,True,True,True,False,True,forecast_icc,,6451578880.0
JANX,failed,True,True,False,False,False,,missing_positive_eps,950136192.0
JATT,failed,True,True,False,False,False,,missing_positive_eps,98707504.0
JAZZ,ok,True,True,True,True,True,forecast_icc,,16230818816.0
JBDI,failed,True,True,False,False,False,,missing_positive_eps,10941712.0
JBGS,failed,True,True,False,False,False,,missing_positive_eps,1085314560.0
JBHT,ok,True,True,True,True,True,forecast_icc,,25282838528.0
JBI,ok,True,True,True,True,True,forecast_icc,,694237632.0
JBIO,failed,True,True,False,False,False,,missing_positive_eps,1217197568.0
JBK,failed,True,False,False,False,False,,missing_positive_eps,
JBL,ok,True,True,True,True,True,forecast_icc,,32328910848.0
JBLU,failed,True,True,False,False,False,,missing_positive_eps,2290285056.0
JBS,ok,True,True,True,True,True,forecast_icc,,47000461312.0
JBSS,ok,True,True,True,True,True,forecast_icc,,954453824.0
JBTM,ok,True,True,True,True,True,forecast_icc,,7308758528.0
JCAP,ok,True,True,True,True,True,forecast_icc,,1235968256.0
JCE,ok,True,False,False,True,True,trailing_eps_fallback_icc,,
JCI,ok,True,False,True,True,True,forecast_icc,,
JCSE,ok,True,True,False,True,True,trailing_eps_fallback_icc,,7772396.0
JCTC,failed,True,True,False,False,False,,missing_positive_eps,9856316.0
JD,ok,True,False,True,True,True,forecast_icc,,
JDZG,failed,True,True,False,False,False,,missing_positive_eps,274000000.0
JEF,ok,True,True,True,True,True,forecast_icc,,11204865024.0
JELD,failed,True,True,False,False,False,,missing_positive_eps,117165800.0
JEM,failed,True,True,False,False,False,,missing_positive_eps,3870628.0
JENA,failed,True,True,False,False,False,,missing_positive_eps,301050272.0
JENA-R,failed,False,False,False,False,False,,missing_price,
JENA-U,failed,False,False,False,False,False,,missing_price,
JF,failed,True,True,False,False,False,,missing_positive_eps,16616180.0
JFB,failed,True,True,False,False,False,,missing_positive_eps,73436368.0
JFIN,ok,True,True,True,True,True,forecast_icc,,115648296.0
JFR,ok,True,False,False,True,True,trailing_eps_fallback_icc,,
JFU,ok,True,True,False,True,True,trailing_eps_fallback_icc,,23664402.0
JG,ok,True,True,True,True,True,forecast_icc,,31469372.0
JGH,ok,True,True,False,True,True,trailing_eps_fallback_icc,,351854208.0
JHI,ok,True,False,False,True,True,trailing_eps_fallback_icc,,
JHS,ok,True,True,False,True,True,trailing_eps_fallback_icc,,126828984.0
JHX,ok,True,True,True,True,True,forecast_icc,,15361513472.0
JILL,ok,True,True,True,True,True,forecast_icc,,264789552.0
JJSF,ok,True,True,True,True,True,forecast_icc,,1441387520.0
JKHY,ok,True,True,True,True,True,forecast_icc,,10958873600.0
JKS,ok,True,True,True,False,True,forecast_icc,,777173568.0
JL,ok,True,True,False,True,True,trailing_eps_fallback_icc,,21140760.0
JLHL,ok,True,True,False,True,True,trailing_eps_fallback_icc,,150140416.0
JLL,ok,True,True,True,True,True,forecast_icc,,16781484032.0
JMIA,failed,True,True,False,False,False,,missing_positive_eps,739400064.0
JMKE,ok,True,False,True,False,True,forecast_icc,,
JMSB,ok,True,True,True,True,True,forecast_icc,,325568992.0
JNJ,ok,True,True,True,True,True,forecast_icc,,616500232192.0
JOB,ok,True,True,True,False,True,forecast_icc,,22710270.0
JOBY,failed,True,True,False,False,False,,missing_positive_eps,7121574400.0
JOE,ok,True,True,True,True,True,forecast_icc,,3620832512.0
JOF,ok,True,False,False,True,True,trailing_eps_fallback_icc,,
JOUT,ok,True,True,True,False,True,forecast_icc,,492939008.0
JOYY,ok,True,True,True,True,True,forecast_icc,,3678877440.0
JPM,ok,True,False,True,True,True,forecast_icc,,
JRI,ok,True,True,False,True,True,trailing_eps_fallback_icc,,353259296.0
JRS,failed,True,False,False,False,False,,missing_positive_eps,
JRSH,ok,True,True,True,True,True,forecast_icc,,58419724.0
JRVR,ok,True,True,True,True,True,forecast_icc,,206678736.0
JSPR,failed,True,True,False,False,False,,missing_positive_eps,20656848.0
JTAI,ok,True,True,False,True,True,trailing_eps_fallback_icc,,2743921.0
JUNS,ok,True,True,True,False,True,forecast_icc,,5510714.0
JVA,ok,True,True,True,True,True,forecast_icc,,19352154.0
JWEL,failed,True,True,False,False,False,,missing_positive_eps,4456433.0
JXG,failed,True,True,False,False,False,,missing_positive_eps,84259952.0
JXN,ok,True,True,True,False,True,forecast_icc,,8501684736.0
JYD,failed,True,True,False,False,False,,missing_positive_eps,7717147.0
JYNT,ok,True,True,True,True,True,forecast_icc,,119317664.0
JZ,failed,True,True,False,False,False,,missing_positive_eps,5454829.0
JZXN,failed,True,True,False,False,False,,missing_positive_eps,681966.0
KAI,ok,True,False,True,True,True,forecast_icc,,
KALA,failed,True,True,False,False,False,,missing_positive_eps,13564969.0
KALU,ok,True,True,True,True,True,forecast_icc,,2611277056.0
KAPA,failed,True,True,False,False,False,,missing_positive_eps,6421219.0
KARD,failed,True,True,False,False,False,,missing_positive_eps,1828771712.0
KARO,ok,True,True,True,True,True,forecast_icc,,1978097920.0
KAZR,ok,True,True,False,True,True,trailing_eps_fallback_icc,,48561924.0
KB,ok,True,True,True,True,True,forecast_icc,,42515439616.0
KBDC,ok,True,True,True,True,True,forecast_icc,,893734528.0
KBH,ok,True,False,True,True,True,forecast_icc,,
KBON,failed,True,True,False,False,False,,missing_positive_eps,443671200.0
KBR,ok,True,True,True,True,True,forecast_icc,,4357770752.0
KBSX,ok,True,True,True,True,True,forecast_icc,,40289404.0
KC,failed,True,True,False,False,False,,missing_positive_eps,3035608576.0
KCA-U,failed,False,False,False,False,False,,missing_price,
KCAC-U,failed,False,False,False,False,False,,missing_price,
KCAC-W,failed,False,False,False,False,False,,missing_price,
KCHV,ok,True,True,False,True,True,trailing_eps_fallback_icc,,355252512.0
KD,ok,True,True,True,True,True,forecast_icc,,2979187712.0
KDK,failed,True,True,False,False,False,,missing_positive_eps,815095744.0
KDP,ok,True,True,True,True,True,forecast_icc,,42952863744.0
KE,ok,True,True,True,True,True,forecast_icc,,591122560.0
KEEL,failed,True,True,False,False,False,,missing_positive_eps,2445506304.0
KELYA,ok,True,True,True,False,True,forecast_icc,,520731264.0
KELYB,failed,True,True,False,False,False,,missing_positive_eps,797044736.0
KEN,ok,True,False,False,True,True,trailing_eps_fallback_icc,,
KEP,ok,True,True,True,True,True,forecast_icc,,15548369920.0
KEQU,ok,True,True,True,True,True,forecast_icc,,105675944.0
KEX,ok,True,True,True,True,True,forecast_icc,,7076484096.0
KEY,ok,True,True,True,True,True,forecast_icc,,24238712832.0
KEYS,ok,True,True,True,True,True,forecast_icc,,53437272064.0
KEYY,failed,True,True,False,False,False,,missing_positive_eps,341683328.0
KF,ok,True,True,False,True,True,trailing_eps_fallback_icc,,236776336.0
KFFB,ok,True,True,False,True,True,trailing_eps_fallback_icc,,44464808.0
KFII,ok,True,True,False,True,True,trailing_eps_fallback_icc,,416114240.0
KFRC,ok,True,True,True,True,True,forecast_icc,,1013035968.0
KFY,ok,True,False,True,True,True,forecast_icc,,
KG,ok,True,True,False,True,True,trailing_eps_fallback_icc,,67051936.0
KGC,ok,True,True,True,True,True,forecast_icc,,28204865536.0
KGEI,ok,True,True,True,True,True,forecast_icc,,180470336.0
KGS,ok,True,True,True,True,True,forecast_icc,,5879535616.0
KHC,ok,True,True,True,False,True,forecast_icc,,31280814080.0
KIDS,failed,True,True,False,False,False,,missing_positive_eps,516525248.0
KIDZ,failed,True,True,False,False,False,,missing_positive_eps,1244398.0
KIM,ok,True,False,True,True,True,forecast_icc,,
KINS,ok,True,True,True,True,True,forecast_icc,,293028320.0
KIO,ok,True,True,False,True,True,trailing_eps_fallback_icc,,453705760.0
KITT,failed,True,True,False,False,False,,missing_positive_eps,5671188.0
KKR,ok,True,True,True,True,True,forecast_icc,,94157946880.0
KLAC,ok,True,True,True,True,True,forecast_icc,,235560615936.0
KLAR,ok,True,True,True,False,True,forecast_icc,,7184156160.0
KLC,ok,True,True,True,False,True,forecast_icc,,637144256.0
KLIC,ok,True,True,True,True,True,forecast_icc,,4622039552.0
KLRA,failed,True,True,False,False,False,,missing_positive_eps,2209093632.0
KLRS,failed,True,True,False,False,False,,missing_positive_eps,82797128.0
KLTR,ok,True,True,True,False,True,forecast_icc,,206013392.0
KLXE,failed,True,True,False,False,False,,missing_positive_eps,44364848.0
KMB,ok,True,True,True,True,True,forecast_icc,,36576509952.0
KMDA,ok,True,True,True,True,True,forecast_icc,,409629312.0
KMI,ok,True,True,True,True,True,forecast_icc,,70500556800.0
KMPR,ok,True,True,True,True,True,forecast_icc,,1713828992.0
KMRK,failed,True,True,False,False,False,,missing_positive_eps,20289760.0
KMT,ok,True,True,True,True,True,forecast_icc,,2539320576.0
KMTS,failed,True,True,False,False,False,,missing_positive_eps,1356662144.0
KMX,ok,True,False,True,True,True,forecast_icc,,
KN,ok,True,True,True,True,True,forecast_icc,,3081604864.0
KNDI,ok,True,True,True,False,True,forecast_icc,,65691736.0
KNF,ok,True,True,True,True,True,forecast_icc,,4145869312.0
KNOP,ok,True,True,True,True,True,forecast_icc,,358314848.0
KNRX,failed,True,True,False,False,False,,missing_positive_eps,14165001.0
KNSA,ok,True,True,True,True,True,forecast_icc,,6101477888.0
KNSL,ok,True,True,True,True,True,forecast_icc,,8106157568.0
KNTK,ok,True,True,True,True,True,forecast_icc,,8361339904.0
KNX,ok,True,True,True,True,True,forecast_icc,,11342082048.0
KO,ok,True,True,True,True,True,forecast_icc,,380772450304.0
KOD,failed,True,True,False,False,False,,missing_positive_eps,2659583744.0
KODK,failed,True,True,False,False,False,,missing_positive_eps,819480576.0
KOF,ok,True,False,True,False,True,forecast_icc,,
KOP,ok,True,True,True,True,True,forecast_icc,,941974848.0
KOPN,ok,True,True,False,True,True,trailing_eps_fallback_icc,,662452096.0
KOS,ok,True,False,True,False,True,forecast_icc,,
KOSS,failed,True,True,False,False,False,,missing_positive_eps,34836492.0
KOYN,ok,True,True,False,True,True,trailing_eps_fallback_icc,,321259584.0
KPET,failed,True,True,False,False,False,,missing_positive_eps,288937504.0
KPET-U,failed,False,False,False,False,False,,missing_price,
KPET-W,failed,False,False,False,False,False,,missing_price,
KPLT,ok,True,True,False,True,True,trailing_eps_fallback_icc,,30162816.0
KPRX,failed,True,True,False,False,False,,missing_positive_eps,11323607.0
KPTI,failed,True,True,False,False,False,,missing_positive_eps,158867248.0
KR,ok,True,False,True,True,True,forecast_icc,,
KRAQ,failed,True,True,False,False,False,,missing_positive_eps,431249984.0
KRC,ok,True,True,True,True,True,forecast_icc,,4643678720.0
KREF,ok,True,True,True,False,True,forecast_icc,,453317952.0
KRG,ok,True,False,True,True,True,forecast_icc,,
KRKR,ok,True,True,True,True,True,forecast_icc,,5427977.0
KRMD,ok,True,True,True,False,True,forecast_icc,,188784640.0
KRMN,ok,True,True,True,True,True,forecast_icc,,6257891840.0
KRNT,ok,True,True,True,False,True,forecast_icc,,695107136.0
KRNY,ok,True,True,True,True,True,forecast_icc,,606043520.0
KRO,ok,True,True,True,False,True,forecast_icc,,716780928.0
KROS,failed,True,True,False,False,False,,missing_positive_eps,202272576.0
KRP,ok,True,True,True,True,True,forecast_icc,,1590753024.0
KRRO,failed,True,True,False,False,False,,missing_positive_eps,150715872.0
KRSP,failed,True,True,False,False,False,,missing_positive_eps,481187200.0
KRSP-U,failed,False,False,False,False,False,,missing_price,
KRSP-W,failed,False,False,False,False,False,,missing_price,
KRT,ok,True,True,True,True,True,forecast_icc,,803140928.0
KRUS,ok,True,True,True,False,True,forecast_icc,,567761856.0
KRYS,ok,True,True,True,True,True,forecast_icc,,10814648320.0
KSCP,failed,True,True,False,False,False,,missing_positive_eps,34330812.0
KSPI,ok,True,True,True,True,True,forecast_icc,,16920028160.0
KSS,ok,True,False,True,True,True,forecast_icc,,
KT,ok,True,True,True,True,True,forecast_icc,,8801351680.0
KTB,ok,True,True,True,True,True,forecast_icc,,4634034688.0
KTCC,failed,True,True,False,False,False,,missing_positive_eps,43382784.0
KTF,failed,True,True,False,False,False,,missing_positive_eps,346287904.0
KTN,failed,True,False,False,False,False,,missing_positive_eps,
KTOS,ok,True,True,True,True,True,forecast_icc,,8657797120.0
KTTA,failed,True,True,False,False,False,,missing_positive_eps,14836015.0
KTWO,failed,True,True,False,False,False,,missing_positive_eps,201012832.0
KULR,failed,True,True,False,False,False,,missing_positive_eps,119806048.0
KURA,failed,True,True,False,False,False,,missing_positive_eps,826489408.0
KUST,failed,True,True,False,False,False,,missing_positive_eps,739694.0
KVAC,ok,True,True,False,True,True,trailing_eps_fallback_icc,,72963600.0
KVHI,ok,True,True,True,False,True,forecast_icc,,180744176.0
KVUE,ok,True,True,True,True,True,forecast_icc,,37075365888.0
KVYO,ok,True,True,True,False,True,forecast_icc,,5491784704.0
KWM,failed,True,True,False,False,False,,missing_positive_eps,5163116.0
KWR,ok,True,False,True,True,True,forecast_icc,,
KWY,failed,True,True,False,False,False,,missing_positive_eps,255914144.0
KXIN,failed,True,True,False,False,False,,missing_positive_eps,8930315.0
KYIV,ok,True,True,True,True,True,forecast_icc,,3236708096.0
KYMR,failed,True,True,False,False,False,,missing_positive_eps,8802383872.0
KYNB,failed,True,True,False,False,False,,missing_positive_eps,27486680.0
KYTX,failed,True,True,False,False,False,,missing_positive_eps,455356128.0
KZIA,failed,True,True,False,False,False,,missing_positive_eps,146492848.0
L,ok,True,True,True,True,True,forecast_icc,,23945324544.0
LAB,ok,True,True,True,False,True,forecast_icc,,351259680.0
LABT,failed,True,True,False,False,False,,missing_positive_eps,3378768.0
LAC,failed,True,True,False,False,False,,missing_positive_eps,1014570560.0
LAD,ok,True,False,True,True,True,forecast_icc,,
LADR,ok,True,True,True,True,True,forecast_icc,,1230593408.0
LAES,failed,True,True,False,False,False,,missing_positive_eps,525746624.0
LAFA,ok,True,True,False,True,True,trailing_eps_fallback_icc,,158704672.0
LAKE,ok,True,True,True,False,True,forecast_icc,,108955568.0
LAMR,ok,True,True,True,True,True,forecast_icc,,16301974528.0
LAND,failed,True,True,False,False,False,,missing_positive_eps,357170816.0
LANDO,failed,True,False,False,False,False,,missing_positive_eps,
LANDP,failed,True,False,False,False,False,,missing_positive_eps,
LANV,failed,True,True,False,False,False,,missing_positive_eps,176117520.0
LAR,ok,True,True,True,False,True,forecast_icc,,971535616.0
LARK,ok,True,True,True,True,True,forecast_icc,,194328992.0
LASE,failed,True,True,False,False,False,,missing_positive_eps,49172668.0
LASR,ok,True,True,True,False,True,forecast_icc,,3706616064.0
LATA,failed,True,True,False,False,False,,missing_positive_eps,232990000.0
LAUR,ok,True,True,True,True,True,forecast_icc,,5376566272.0
LAW,failed,True,True,False,False,False,,missing_positive_eps,253972256.0
LAWR,failed,True,True,False,False,False,,missing_positive_eps,172350000.0
LAZ,ok,True,True,True,True,True,forecast_icc,,4088051712.0
LB,ok,True,True,True,True,True,forecast_icc,,5891801088.0
LBGJ,failed,True,True,False,False,False,,missing_positive_eps,60451.0
LBRDA,ok,True,True,True,False,True,forecast_icc,,4794896384.0
LBRDK,ok,True,False,True,False,True,forecast_icc,,
LBRT,ok,True,True,True,True,True,forecast_icc,,2929286144.0
LBRX,failed,True,True,False,False,False,,missing_positive_eps,1172875136.0
LBTYA,failed,True,True,False,False,False,,missing_positive_eps,3560953856.0
LBTYB,failed,True,True,False,False,False,,missing_positive_eps,4127159552.0
LBTYK,failed,True,True,False,False,False,,missing_positive_eps,3492736512.0
LCCC,ok,True,True,False,True,True,trailing_eps_fallback_icc,,93324392.0
LCFY,failed,True,True,False,False,False,,missing_positive_eps,4227779.0
LCID,failed,True,True,False,False,False,,missing_positive_eps,3168885248.0
LCII,ok,True,True,True,True,True,forecast_icc,,2495576320.0
LCLN,ok,True,True,True,False,True,forecast_icc,,2148125952.0
LCNB,ok,True,True,True,True,True,forecast_icc,,285937056.0
LCTX,failed,True,True,False,False,False,,missing_positive_eps,276721088.0
LCUT,ok,True,True,True,False,True,forecast_icc,,191982064.0
LDI,ok,True,True,True,False,True,forecast_icc,,648573056.0
LDOS,ok,True,True,True,True,True,forecast_icc,,14139544576.0
LE,ok,True,True,True,True,True,forecast_icc,,369197824.0
LEA,ok,True,False,True,True,True,forecast_icc,,
LECO,ok,True,True,True,True,True,forecast_icc,,13708830720.0
LEDS,failed,True,True,False,False,False,,missing_positive_eps,16133136.0
LEE,failed,True,False,False,False,False,,missing_positive_eps,
LEG,ok,True,False,True,True,True,forecast_icc,,
LEGH,ok,True,True,True,True,True,forecast_icc,,624267008.0
LEGN,ok,True,True,True,False,True,forecast_icc,,3685027840.0
LEGO,failed,True,True,False,False,False,,missing_positive_eps,312041344.0
LEGO-U,failed,False,False,False,False,False,,missing_price,
LEGO-W,failed,False,False,False,False,False,,missing_price,
LEN,ok,True,True,True,True,True,forecast_icc,,20174966784.0
LEN-B,ok,True,True,True,True,True,forecast_icc,,19695587328.0
LENZ,failed,True,True,False,False,False,,missing_positive_eps,180601312.0
LEO,ok,True,True,False,True,True,trailing_eps_fallback_icc,,385580416.0
LESL,failed,True,True,False,False,False,,missing_positive_eps,8124000.0
LEU,ok,True,True,True,True,True,forecast_icc,,3477166336.0
LEVI,ok,True,True,True,True,True,forecast_icc,,9448081408.0
LEXX,failed,True,True,False,False,False,,missing_positive_eps,9823265.0
LFAC,failed,True,True,False,False,False,,missing_positive_eps,191666688.0
LFCR,failed,True,True,False,False,False,,missing_positive_eps,163541024.0
LFMD,ok,True,True,True,False,True,forecast_icc,,176039552.0
LFS,ok,True,True,False,True,True,trailing_eps_fallback_icc,,57030152.0
LFST,ok,True,True,True,True,True,forecast_icc,,4100901632.0
LFT,ok,True,True,True,False,True,forecast_icc,,37709220.0
LFTO,ok,True,True,True,True,True,forecast_icc,,3718498304.0
LFUS,ok,True,True,True,False,True,forecast_icc,,11177695232.0
LFVN,ok,True,True,True,True,True,forecast_icc,,79353520.0
LFWD,failed,True,True,False,False,False,,missing_positive_eps,19700864.0
LGCL,ok,True,True,False,True,True,trailing_eps_fallback_icc,,51348488.0
LGCY,ok,True,True,True,True,True,forecast_icc,,153216176.0
LGHL,failed,True,True,False,False,False,,missing_positive_eps,8555080.0
LGI,ok,True,False,False,True,True,trailing_eps_fallback_icc,,
LGIH,ok,True,True,True,True,True,forecast_icc,,1327027840.0
LGL,ok,True,True,True,True,True,forecast_icc,,45984052.0
LGN,ok,True,True,True,False,True,forecast_icc,,9823636480.0
LGND,ok,True,True,True,True,True,forecast_icc,,5937966080.0
LGO,ok,True,True,True,False,True,forecast_icc,,59423936.0
LGPS,ok,True,True,False,True,True,trailing_eps_fallback_icc,,23728924.0
LGVN,failed,True,True,False,False,False,,missing_positive_eps,21338098.0
LH,ok,True,False,True,True,True,forecast_icc,,
LHAI,failed,True,True,False,False,False,,missing_positive_eps,13428972.0
LHSW,ok,True,True,False,True,True,trailing_eps_fallback_icc,,8092500.0
LHX,ok,True,True,True,True,True,forecast_icc,,50653593600.0
LI,ok,True,True,True,False,True,forecast_icc,,14038782976.0
LICN,failed,True,True,False,False,False,,missing_positive_eps,17916140.0
LIDR,failed,True,True,False,False,False,,missing_positive_eps,50946304.0
LIEN,ok,True,True,True,True,True,forecast_icc,,213798112.0
LIF,ok,True,True,True,True,True,forecast_icc,,4511844352.0
LIFE,ok,True,True,True,False,True,forecast_icc,,1927140480.0
LII,ok,True,False,True,True,True,forecast_icc,,
LILA,ok,True,True,True,False,True,forecast_icc,,1631340032.0
LILAK,ok,True,True,True,False,True,forecast_icc,,1609185920.0
LIME,ok,True,True,True,False,True,forecast_icc,,1767115904.0
LIMN,failed,True,True,False,False,False,,missing_positive_eps,6857072.0
LIN,ok,True,True,True,True,True,forecast_icc,,235168333824.0
LINC,ok,True,True,True,True,True,forecast_icc,,1332587776.0
LIND,ok,True,True,True,False,True,forecast_icc,,1954224000.0
LINE,failed,True,True,False,False,False,,missing_positive_eps,10744545280.0
LINK,failed,True,True,False,False,False,,missing_positive_eps,64181276.0
LION,ok,True,True,True,False,True,forecast_icc,,3980428800.0
LIQT,failed,True,True,False,False,False,,missing_positive_eps,22734010.0
LITB,ok,True,True,True,True,True,forecast_icc,,55142356.0
LITE,ok,True,True,True,True,True,forecast_icc,,53934071808.0
LITS,failed,True,True,False,False,False,,missing_positive_eps,33589680.0
LIVE,ok,True,True,True,False,True,forecast_icc,,29595406.0
LIVN,ok,True,True,True,True,True,forecast_icc,,4452363264.0
LIXT,failed,False,True,False,False,False,,missing_price,125356304.0
LKFN,ok,True,True,True,True,True,forecast_icc,,1555419904.0
LKFT,ok,True,True,False,True,True,trailing_eps_fallback_icc,,1809996288.0
LKQ,ok,True,True,True,True,True,forecast_icc,,5758273024.0
LKSP,ok,True,True,False,True,True,trailing_eps_fallback_icc,,159601200.0
LLY,ok,True,False,True,True,True,forecast_icc,,
LLYVA,ok,True,True,True,False,True,forecast_icc,,9393652736.0
LLYVK,failed,True,True,False,False,False,,missing_positive_eps,9720268800.0
LMAT,ok,True,True,True,True,True,forecast_icc,,2335117056.0
LMB,ok,True,True,True,True,True,forecast_icc,,833282624.0
LMFA,failed,False,True,False,False,False,,missing_price,2430118.0
LMND,failed,True,True,False,False,False,,missing_positive_eps,3755758848.0
LMNR,ok,True,True,True,False,True,forecast_icc,,240611760.0
LMRI,ok,True,True,True,False,True,forecast_icc,,984827520.0
LMT,ok,True,True,True,True,True,forecast_icc,,132499275776.0
LNAI,failed,True,True,False,False,False,,missing_positive_eps,9158458.0
LNC,ok,True,True,True,True,True,forecast_icc,,8799631360.0
LND,failed,True,False,False,False,False,,missing_positive_eps,
LNG,ok,True,False,True,True,True,forecast_icc,,
LNKS,failed,True,True,False,False,False,,missing_positive_eps,1670877.0
LNN,ok,True,True,True,True,True,forecast_icc,,1124373632.0
LNSR,failed,True,True,False,False,False,,missing_positive_eps,63495776.0
LNT,ok,True,True,True,True,True,forecast_icc,,18309259264.0
LNTH,ok,True,True,True,True,True,forecast_icc,,6575714304.0
LNZA,failed,True,True,False,False,False,,missing_positive_eps,70157912.0
LOAN,ok,True,True,True,True,True,forecast_icc,,48231860.0
LOAR,ok,True,True,True,True,True,forecast_icc,,6388933632.0
LOB,ok,True,True,True,True,True,forecast_icc,,1965202432.0
LOBO,ok,True,True,True,False,True,forecast_icc,,9412518.0
LOCL,failed,True,True,False,False,False,,missing_positive_eps,23252194.0
LOCO,ok,True,True,True,True,True,forecast_icc,,501903296.0
LODE,ok,True,True,True,False,True,forecast_icc,,211797520.0
LOGI,ok,True,True,True,True,True,forecast_icc,,14582024192.0
LOMA,ok,True,True,True,True,True,forecast_icc,,1382855168.0
LONA,failed,True,True,False,False,False,,missing_positive_eps,68478720.0
LOOP,ok,True,True,True,False,True,forecast_icc,,35322508.0
LOPE,ok,True,True,True,True,True,forecast_icc,,3980591360.0
LOT,failed,True,True,False,False,False,,missing_positive_eps,544497728.0
LOVE,ok,True,True,True,True,True,forecast_icc,,236264064.0
LOW,ok,True,False,True,True,True,forecast_icc,,
LPA,ok,True,True,True,True,True,forecast_icc,,92640200.0
LPAA,ok,True,True,False,True,True,trailing_eps_fallback_icc,,80954056.0
LPBB,ok,True,True,False,True,True,trailing_eps_fallback_icc,,309350016.0
LPCN,failed,True,True,False,False,False,,missing_positive_eps,17395372.0
LPCV,failed,True,True,False,False,False,,missing_positive_eps,287212480.0
LPG,ok,True,True,True,True,True,forecast_icc,,1978271232.0
LPL,ok,True,True,True,False,True,forecast_icc,,2980000000.0
LPLA,ok,True,True,True,True,True,forecast_icc,,27127789568.0
LPRO,ok,True,True,True,False,True,forecast_icc,,371532640.0
LPSN,failed,True,True,False,False,False,,missing_positive_eps,21951720.0
LPTH,ok,True,True,True,False,True,forecast_icc,,648300608.0
LPX,ok,True,True,True,True,True,forecast_icc,,5023983616.0
LQDA,ok,True,True,True,True,True,forecast_icc,,7718959104.0
LQDT,ok,True,True,True,True,True,forecast_icc,,1190187520.0
LRCX,ok,True,True,True,True,True,forecast_icc,,372320010240.0
LRE,ok,True,True,False,True,True,trailing_eps_fallback_icc,,17325214.0
LRHC,failed,True,True,False,False,False,,missing_positive_eps,1729206.0
LRMR,failed,True,True,False,False,False,,missing_positive_eps,397352224.0
LRN,ok,True,False,True,True,True,forecast_icc,,
LSAK,ok,True,True,True,False,True,forecast_icc,,398955104.0
LSBK,ok,True,True,False,True,True,trailing_eps_fallback_icc,,134707200.0
LSCC,ok,True,True,True,True,True,forecast_icc,,17652029440.0
LSE,ok,True,True,False,True,True,trailing_eps_fallback_icc,,78315000.0
LSF,ok,True,True,True,False,True,forecast_icc,,46218260.0
LSH,failed,True,True,False,False,False,,missing_positive_eps,8820340.0
LSPD,ok,True,True,True,False,True,forecast_icc,,1267569280.0
LSTA,failed,True,True,False,False,False,,missing_positive_eps,9379582.0
LSTR,ok,True,True,True,True,True,forecast_icc,,5746878464.0
LTBR,failed,True,True,False,False,False,,missing_positive_eps,277207456.0
LTC,ok,True,True,True,True,True,forecast_icc,,2062612608.0
LTGR,failed,True,True,False,False,False,,missing_positive_eps,227240000.0
LTH,ok,True,True,True,True,True,forecast_icc,,9839041536.0
LTM,ok,True,False,True,True,True,forecast_icc,,
LTRN,failed,True,True,False,False,False,,missing_positive_eps,33811740.0
LTRX,ok,True,True,True,False,True,forecast_icc,,238655984.0
LU,ok,True,True,True,False,True,forecast_icc,,1378035328.0
LUCD,failed,True,True,False,False,False,,missing_positive_eps,171923312.0
LUCK,ok,True,True,True,False,True,forecast_icc,,958766400.0
LUCY,failed,True,True,False,False,False,,missing_positive_eps,6388672.0
LUD,ok,True,True,False,True,True,trailing_eps_fallback_icc,,93482800.0
LULU,ok,True,True,True,True,True,forecast_icc,,13566854144.0
LUMN,failed,True,True,False,False,False,,missing_positive_eps,6758840320.0
LUNG,failed,True,True,False,False,False,,missing_positive_eps,68001896.0
LUNR,failed,True,True,False,False,False,,missing_positive_eps,1965540736.0
LUV,ok,True,True,True,True,True,forecast_icc,,22307893248.0
LUXE,ok,True,True,False,True,True,trailing_eps_fallback_icc,,1103583232.0
LVLU,failed,True,True,False,False,False,,missing_positive_eps,47926464.0
LVO,failed,True,True,False,False,False,,missing_positive_eps,61578260.0
LVS,ok,True,True,True,True,True,forecast_icc,,32300857344.0
LVWR,failed,True,True,False,False,False,,missing_positive_eps,421809344.0
LVWR-W,failed,False,False,False,False,False,,missing_price,
LW,ok,True,True,True,True,True,forecast_icc,,7362107904.0
LWAC,failed,True,True,False,False,False,,missing_positive_eps,309471744.0
LWAY,ok,True,True,True,True,True,forecast_icc,,473280064.0
LWLG,failed,True,True,False,False,False,,missing_positive_eps,930640960.0
LX,ok,True,True,True,True,True,forecast_icc,,245534528.0
LXEH,failed,True,True,False,False,False,,missing_positive_eps,2913333.0
LXEO,failed,True,True,False,False,False,,missing_positive_eps,341569088.0
LXFR,ok,True,True,True,True,True,forecast_icc,,455442272.0
LXP,ok,True,True,True,True,True,forecast_icc,,3524813312.0
LXRX,failed,True,True,False,False,False,,missing_positive_eps,1039419520.0
LXU,ok,True,True,True,True,True,forecast_icc,,794204864.0
LYB,ok,True,False,True,False,True,forecast_icc,,
LYEL,failed,True,True,False,False,False,,missing_positive_eps,336199808.0
LYFT,ok,True,True,True,True,True,forecast_icc,,5904063488.0
LYG,ok,True,True,True,True,True,forecast_icc,,90705616896.0
LYTS,ok,True,True,True,True,True,forecast_icc,,851727808.0
LYV,ok,True,False,True,False,True,forecast_icc,,
LZ,ok,True,True,True,True,True,forecast_icc,,1349151360.0
LZB,ok,True,True,True,True,True,forecast_icc,,1605649792.0
LZM,failed,True,True,False,False,False,,missing_positive_eps,300990688.0
LZMH,failed,True,True,False,False,False,,missing_positive_eps,10190597.0
M,ok,True,True,True,True,True,forecast_icc,,6557536256.0
MA,ok,True,False,True,True,True,forecast_icc,,
MAA,ok,True,True,True,True,True,forecast_icc,,15908628480.0
MAAS,failed,True,True,False,False,False,,missing_positive_eps,8029908480.0
MAC,ok,True,True,True,False,True,forecast_icc,,7871003136.0
MACI,ok,True,True,False,True,True,trailing_eps_fallback_icc,,235891888.0
MAGH,failed,True,True,False,False,False,,missing_positive_eps,225446000.0
MAGN,ok,True,True,True,False,True,forecast_icc,,474548000.0
MAIA,ok,True,True,True,False,True,forecast_icc,,76000952.0
MAIN,ok,True,True,True,True,True,forecast_icc,,5062366720.0
MAIR,ok,True,True,True,True,True,forecast_icc,,14608384000.0
MAKO,ok,True,True,False,True,True,trailing_eps_fallback_icc,,651480960.0
MAMA,ok,True,True,True,True,True,forecast_icc,,848575552.0
MAMK,ok,True,True,False,True,True,trailing_eps_fallback_icc,,218784992.0
MAMO,ok,True,True,False,True,True,trailing_eps_fallback_icc,,42681976.0
MAN,ok,True,True,True,True,True,forecast_icc,,2412801024.0
MANE,failed,True,True,False,False,False,,missing_positive_eps,4371303936.0
MANH,ok,True,True,True,True,True,forecast_icc,,11133564928.0
MANU,ok,True,False,True,False,True,forecast_icc,,
MAR,ok,True,False,True,True,True,forecast_icc,,
MARA,failed,True,True,False,False,False,,missing_positive_eps,4506617344.0
MAS,ok,True,True,True,True,True,forecast_icc,,14219185152.0
MASK,ok,True,True,False,True,True,trailing_eps_fallback_icc,,4721222.0
MASS,failed,True,True,False,False,False,,missing_positive_eps,313447840.0
MAT,ok,True,True,True,True,True,forecast_icc,,4419554304.0
MATH,ok,True,True,False,True,True,trailing_eps_fallback_icc,,43344176.0
MATV,ok,True,True,True,True,True,forecast_icc,,471805216.0
MATW,ok,True,True,True,True,True,forecast_icc,,865867648.0
MATX,ok,True,True,True,True,True,forecast_icc,,6163116544.0
MAX,ok,True,True,True,True,True,forecast_icc,,732001600.0
MAYS,failed,True,True,False,False,False,,missing_positive_eps,78615424.0
MAZE,failed,True,True,False,False,False,,missing_positive_eps,1529189504.0
MB,failed,True,True,False,False,False,,missing_positive_eps,65189000.0
MBAI,ok,True,True,False,True,True,trailing_eps_fallback_icc,,8271484.0
MBAV,failed,False,True,False,False,False,,missing_price,400311424.0
MBBC,ok,True,True,False,True,True,trailing_eps_fallback_icc,,44113652.0
MBC,ok,True,True,True,False,True,forecast_icc,,1043074368.0
MBGL,ok,True,True,True,True,True,forecast_icc,,6553600000.0
MBI,failed,True,True,False,False,False,,missing_positive_eps,273515776.0
MBIN,ok,True,True,True,True,True,forecast_icc,,2550022400.0
MBIO,failed,True,True,False,False,False,,missing_positive_eps,4499522.0
MBLY,ok,True,True,True,False,True,forecast_icc,,1994114688.0
MBOT,failed,True,True,False,False,False,,missing_positive_eps,116866752.0
MBRX,failed,True,True,False,False,False,,missing_positive_eps,7206300.0
MBUU,ok,True,True,True,False,True,forecast_icc,,549837120.0
MBVI,failed,True,True,False,False,False,,missing_positive_eps,438581248.0
MBWM,ok,True,True,True,True,True,forecast_icc,,1032487488.0
MBX,failed,True,True,False,False,False,,missing_positive_eps,3163332096.0
MC,ok,True,False,True,True,True,forecast_icc,,
MCAH,failed,True,True,False,False,False,,missing_positive_eps,90109544.0
MCB,ok,True,True,True,True,True,forecast_icc,,1150484992.0
MCBS,ok,True,True,True,True,True,forecast_icc,,1002528256.0
MCD,ok,True,False,True,True,True,forecast_icc,,
MCFT,ok,True,True,True,True,True,forecast_icc,,597321152.0
MCGA,failed,True,True,False,False,False,,missing_positive_eps,241236192.0
MCHB,ok,True,True,True,True,True,forecast_icc,,3675258112.0
MCHP,ok,True,True,True,True,True,forecast_icc,,40731058176.0
MCHX,ok,True,True,True,False,True,forecast_icc,,77972928.0
MCI,ok,True,True,False,True,True,trailing_eps_fallback_icc,,342458816.0
MCK,ok,True,False,True,True,True,forecast_icc,,
MCN,ok,True,True,False,True,True,trailing_eps_fallback_icc,,117143560.0
MCO,ok,True,True,True,True,True,forecast_icc,,83518267392.0
MCRB,failed,True,True,False,False,False,,missing_positive_eps,46289208.0
MCRI,ok,True,True,True,True,True,forecast_icc,,2186368256.0
MCRP,failed,True,True,False,False,False,,missing_positive_eps,46401636.0
MCS,ok,True,True,True,True,True,forecast_icc,,912324224.0
MCTA,ok,True,True,False,True,True,trailing_eps_fallback_icc,,504260192.0
MCY,ok,True,False,True,True,True,forecast_icc,,
MD,ok,True,False,True,True,True,forecast_icc,,
MDA,ok,True,True,True,True,True,forecast_icc,,4902911488.0
MDAI,failed,True,True,False,False,False,,missing_positive_eps,50281896.0
MDB,ok,True,True,True,False,True,forecast_icc,,26211158016.0
MDBH,failed,True,True,False,False,False,,missing_positive_eps,31942214.0
MDCX,failed,True,True,False,False,False,,missing_positive_eps,14878434.0
MDGL,ok,True,True,True,False,True,forecast_icc,,11368976384.0
MDIA,failed,True,True,False,False,False,,missing_positive_eps,81501000.0
MDLN,ok,True,True,True,True,True,forecast_icc,,69702844416.0
MDLZ,ok,True,True,True,True,True,forecast_icc,,80509517824.0
MDRR,ok,True,True,False,True,True,trailing_eps_fallback_icc,,18516044.0
MDT,ok,True,False,True,True,True,forecast_icc,,
MDU,ok,True,True,True,True,True,forecast_icc,,4173850112.0
MDV,ok,True,True,True,False,True,forecast_icc,,208785808.0
MDWD,failed,True,True,False,False,False,,missing_positive_eps,181216800.0
MDXG,ok,True,True,True,True,True,forecast_icc,,635998272.0
MDXH,failed,True,True,False,False,False,,missing_positive_eps,20941314.0
MEC,ok,True,True,True,False,True,forecast_icc,,660039808.0
MED,failed,True,False,False,False,False,,missing_positive_eps,
MEDP,ok,True,True,True,True,True,forecast_icc,,16141309952.0
MEDS,failed,True,True,False,False,False,,missing_positive_eps,8997146.0
MEGI,ok,True,True,False,True,True,trailing_eps_fallback_icc,,799970624.0
MEGL,failed,True,True,False,False,False,,missing_positive_eps,5780106.0
MEI,ok,True,True,True,False,True,forecast_icc,,486318496.0
MELI,ok,True,True,True,True,True,forecast_icc,,95601197056.0
MENS,failed,True,True,False,False,False,,missing_positive_eps,169541696.0
MEOH,ok,True,True,True,True,True,forecast_icc,,4270507520.0
MERC,failed,True,True,False,False,False,,missing_positive_eps,39526376.0
MESH,failed,True,True,False,False,False,,missing_positive_eps,431681248.0
MESO,failed,True,True,False,False,False,,missing_positive_eps,1887078144.0
MET,ok,True,True,True,True,True,forecast_icc,,62458408960.0
META,ok,True,True,True,True,True,forecast_icc,,1368286429184.0
METC,ok,True,True,True,False,True,forecast_icc,,638741952.0
METCB,failed,True,True,False,False,False,,missing_positive_eps,431052864.0
MEVO,failed,True,True,False,False,False,,missing_positive_eps,498000000.0
MF,failed,True,True,False,False,False,,missing_positive_eps,16289567.0
MFA,ok,True,True,True,True,True,forecast_icc,,939263552.0
MFC,ok,True,True,True,True,True,forecast_icc,,74205798400.0
MFG,ok,True,True,True,True,True,forecast_icc,,126085701632.0
MFI,ok,True,True,False,True,True,trailing_eps_fallback_icc,,396394240.0
MFIN,ok,True,True,True,True,True,forecast_icc,,233437920.0
MFM,ok,True,True,False,True,True,trailing_eps_fallback_icc,,222413216.0
MFP,ok,True,True,True,True,True,forecast_icc,,2176630272.0
MFPVV,failed,False,True,False,False,False,,missing_price,1584771328.0
MG,ok,True,True,True,True,True,forecast_icc,,482659040.0
MGA,ok,True,True,True,True,True,forecast_icc,,19014883328.0
MGEE,ok,True,True,True,True,True,forecast_icc,,3000848384.0
MGF,ok,True,False,False,True,True,trailing_eps_fallback_icc,,
MGIH,failed,True,True,False,False,False,,missing_positive_eps,17550000.0
MGLD,failed,True,True,False,False,False,,missing_positive_eps,47677624.0
MGM,ok,True,False,True,True,True,forecast_icc,,
MGN,ok,True,False,False,True,True,trailing_eps_fallback_icc,,
MGNI,ok,True,True,True,True,True,forecast_icc,,2776939008.0
MGNX,ok,True,True,True,False,True,forecast_icc,,240268608.0
MGPI,ok,True,True,True,False,True,forecast_icc,,379885696.0
MGRC,ok,True,True,True,True,True,forecast_icc,,2824603648.0
MGRT,ok,True,True,False,True,True,trailing_eps_fallback_icc,,1316012544.0
MGRX,failed,True,True,False,False,False,,missing_positive_eps,5040355.0
MGTX,failed,True,True,False,False,False,,missing_positive_eps,1109462016.0
MGX,failed,True,True,False,False,False,,missing_positive_eps,45929164.0
MGY,ok,True,True,True,True,True,forecast_icc,,6069576704.0
MGYR,ok,True,True,False,True,True,trailing_eps_fallback_icc,,122792488.0
MH,ok,True,True,True,True,True,forecast_icc,,2069607936.0
MHD,ok,True,False,False,True,True,trailing_eps_fallback_icc,,
MHF,ok,True,True,False,True,True,trailing_eps_fallback_icc,,151566480.0
MHH,ok,True,False,True,True,True,forecast_icc,,
MHK,ok,True,False,True,True,True,forecast_icc,,
MHO,ok,True,True,True,True,True,forecast_icc,,3899427584.0
MI,failed,True,True,False,False,False,,missing_positive_eps,1734697.0
MIAX,ok,True,True,True,True,True,forecast_icc,,4452277248.0
MICC,ok,True,True,True,True,True,forecast_icc,,11484567552.0
MIDD,ok,True,True,True,True,True,forecast_icc,,6027997184.0
MIDDV,failed,False,False,False,False,False,,missing_price,
MIMI,failed,True,True,False,False,False,,missing_positive_eps,12149231.0
MIN,ok,True,False,False,True,True,trailing_eps_fallback_icc,,
MIND,ok,True,True,True,True,True,forecast_icc,,44990820.0
MINE,failed,True,True,False,False,False,,missing_positive_eps,163146544.0
MIR,ok,True,True,True,True,True,forecast_icc,,3695551488.0
MIRA,failed,True,True,False,False,False,,missing_positive_eps,34302628.0
MIRM,failed,True,True,False,False,False,,missing_positive_eps,6865876480.0
MIST,failed,True,True,False,False,False,,missing_positive_eps,143172672.0
MITK,ok,True,True,True,True,True,forecast_icc,,770861568.0
MITQ,failed,True,True,False,False,False,,missing_positive_eps,5268768.0
MITT,ok,True,True,True,True,True,forecast_icc,,225486656.0
MIY,ok,True,True,False,True,True,trailing_eps_fallback_icc,,352790656.0
MKC,ok,True,True,True,True,True,forecast_icc,,13700674560.0
MKC-V,ok,True,True,False,True,True,trailing_eps_fallback_icc,,13671101440.0
MKDW,failed,True,True,False,False,False,,missing_positive_eps,47505368.0
MKL,ok,True,True,True,True,True,forecast_icc,,23602860032.0
MKLY,failed,True,True,False,False,False,,missing_positive_eps,314743168.0
MKSI,ok,True,True,True,True,True,forecast_icc,,19810691072.0
MKTW,ok,True,True,True,True,True,forecast_icc,,52590888.0
MKTX,ok,True,True,True,True,True,forecast_icc,,5784400896.0
MKZR,failed,True,True,False,False,False,,missing_positive_eps,2683585.0
MLAA,failed,True,False,False,False,False,,missing_positive_eps,
MLAB,ok,True,True,True,True,True,forecast_icc,,558239040.0
MLCI,ok,True,True,True,False,True,forecast_icc,,34685180.0
MLCO,ok,True,True,True,True,True,forecast_icc,,2236559360.0
MLEC,failed,True,True,False,False,False,,missing_positive_eps,5228049.0
MLGO,ok,True,True,False,True,True,trailing_eps_fallback_icc,,44313156.0
MLI,ok,True,True,True,True,True,forecast_icc,,14788188160.0
MLKN,ok,True,True,True,True,True,forecast_icc,,1531410432.0
MLM,ok,True,True,True,True,True,forecast_icc,,32424785920.0
MLP,failed,True,True,False,False,False,,missing_positive_eps,355179136.0
MLR,ok,True,False,True,True,True,forecast_icc,,
MLSS,failed,True,True,False,False,False,,missing_positive_eps,34592564.0
MLTX,failed,True,True,False,False,False,,missing_positive_eps,1615321472.0
MLYS,failed,True,True,False,False,False,,missing_positive_eps,2308870656.0
MMA,failed,True,True,False,False,False,,missing_positive_eps,11017153.0
MMD,ok,True,False,False,True,True,trailing_eps_fallback_icc,,
MMED,ok,True,True,True,False,True,forecast_icc,,5095893504.0
MMI,ok,True,False,True,False,True,forecast_icc,,
MMLP,ok,True,True,True,False,True,forecast_icc,,92960256.0
MMM,ok,True,True,True,True,True,forecast_icc,,90803249152.0
MMS,ok,True,False,True,True,True,forecast_icc,,
MMSI,ok,True,True,True,True,True,forecast_icc,,4972232192.0
MMT,ok,True,True,False,True,True,trailing_eps_fallback_icc,,237282192.0
MMTX,failed,True,True,False,False,False,,missing_positive_eps,89163816.0
MMU,ok,True,True,False,True,True,trailing_eps_fallback_icc,,550011776.0
MMYT,ok,True,True,True,True,True,forecast_icc,,5368868864.0
MNDO,ok,True,True,False,True,True,trailing_eps_fallback_icc,,20588868.0
MNDR,failed,True,True,False,False,False,,missing_positive_eps,2054605.0
MNDY,ok,True,True,True,True,True,forecast_icc,,3726886656.0
MNKD,ok,True,True,True,False,True,forecast_icc,,1269785216.0
MNOV,failed,True,True,False,False,False,,missing_positive_eps,65956472.0
MNPR,failed,True,True,False,False,False,,missing_positive_eps,768114496.0
MNR,ok,True,True,True,True,True,forecast_icc,,2248487424.0
MNRO,ok,True,True,True,True,True,forecast_icc,,420345280.0
MNSB,ok,True,True,True,True,True,forecast_icc,,163060496.0
MNSBP,ok,True,False,False,True,True,trailing_eps_fallback_icc,,
MNSO,ok,True,True,True,True,True,forecast_icc,,3907373056.0
MNST,ok,True,True,True,True,True,forecast_icc,,95502491648.0
MNTK,ok,True,True,True,True,True,forecast_icc,,260484288.0
MNTN,ok,True,True,True,True,True,forecast_icc,,682319296.0
MNTS,failed,True,True,False,False,False,,missing_positive_eps,85137888.0
MNY,ok,True,True,True,False,True,forecast_icc,,41883008.0
MO,ok,True,False,True,True,True,forecast_icc,,
MOB,ok,True,True,True,False,True,forecast_icc,,59376840.0
MOBI,failed,True,True,False,False,False,,missing_positive_eps,371723904.0
MOBX,failed,True,True,False,False,False,,missing_positive_eps,25305798.0
MOD,ok,True,True,True,True,True,forecast_icc,,10298013696.0
MODD,failed,True,True,False,False,False,,missing_positive_eps,11205241.0
MOG-A,ok,True,True,True,True,True,forecast_icc,,13282911232.0
MOG-B,ok,True,True,False,True,True,trailing_eps_fallback_icc,,12656325632.0
MOGU,ok,True,True,True,False,True,forecast_icc,,17001172.0
MOH,ok,True,True,True,True,True,forecast_icc,,10163340288.0
MOLN,failed,True,True,False,False,False,,missing_positive_eps,147418880.0
MOMO,ok,True,True,True,True,True,forecast_icc,,886484480.0
MORN,ok,True,True,True,True,True,forecast_icc,,7343970304.0
MOS,ok,True,True,True,True,True,forecast_icc,,7237368320.0
MOV,ok,True,False,True,True,True,forecast_icc,,
MOVE,failed,True,True,False,False,False,,missing_positive_eps,303025952.0
MP,ok,True,True,True,False,True,forecast_icc,,7416404480.0
MPA,ok,True,True,False,True,True,trailing_eps_fallback_icc,,142057440.0
MPAA,ok,True,True,True,True,True,forecast_icc,,260405504.0
MPB,ok,True,True,True,True,True,forecast_icc,,975859264.0
MPC,ok,True,True,True,True,True,forecast_icc,,91691458560.0
MPLT,failed,True,True,False,False,False,,missing_positive_eps,636199808.0
MPLX,ok,True,True,True,True,True,forecast_icc,,58458808320.0
MPT,ok,True,True,True,False,True,forecast_icc,,2805088768.0
MPTI,ok,True,True,True,True,True,forecast_icc,,359111904.0
MPU,failed,True,True,False,False,False,,missing_positive_eps,16955702.0
MPV,ok,True,True,True,True,True,forecast_icc,,174257072.0
MPWR,ok,True,True,True,True,True,forecast_icc,,64663924736.0
MQ,ok,True,True,True,True,True,forecast_icc,,1856816128.0
MQY,ok,True,True,False,True,True,trailing_eps_fallback_icc,,808128192.0
MRAM,ok,True,True,True,True,True,forecast_icc,,339051936.0
MRBK,ok,True,True,True,True,True,forecast_icc,,238281184.0
MRCY,ok,True,True,True,False,True,forecast_icc,,5762354176.0
MRDN,ok,True,True,True,False,True,forecast_icc,,141328032.0
MREO,failed,True,True,False,False,False,,missing_positive_eps,50279860.0
MRK,ok,True,False,True,True,True,forecast_icc,,
MRKR,failed,True,True,False,False,False,,missing_positive_eps,18673902.0
MRLN,failed,True,True,False,False,False,,missing_positive_eps,359069472.0
MRM,ok,True,True,False,True,True,trailing_eps_fallback_icc,,7506853.0
MRNA,failed,True,True,False,False,False,,missing_positive_eps,22981859328.0
MRNO,failed,True,True,False,False,False,,missing_positive_eps,16701095.0
MRP,ok,True,True,True,True,True,forecast_icc,,4685872128.0
MRSH,ok,True,True,True,True,True,forecast_icc,,91390730240.0
MRT,failed,True,True,False,False,False,,missing_positive_eps,150401632.0
MRTN,ok,True,True,True,True,True,forecast_icc,,1207519232.0
MRVI,failed,True,True,False,False,False,,missing_positive_eps,2489901824.0
MRVL,ok,True,True,True,True,True,forecast_icc,,164519903232.0
MRX,ok,True,False,True,True,True,forecast_icc,,
MS,ok,True,True,True,True,True,forecast_icc,,330214309888.0
MSA,ok,True,True,True,True,True,forecast_icc,,6730622976.0
MSAI,failed,True,True,False,False,False,,missing_positive_eps,9673089.0
MSB,ok,True,False,False,True,True,trailing_eps_fallback_icc,,
MSBI,ok,True,True,True,True,True,forecast_icc,,689755072.0
MSC,failed,True,True,False,False,False,,missing_positive_eps,337029312.0
MSCI,ok,True,True,True,True,True,forecast_icc,,41856299008.0
MSD,ok,True,True,False,True,True,trailing_eps_fallback_icc,,147081440.0
MSDL,ok,True,True,True,True,True,forecast_icc,,1255365376.0
MSEX,ok,True,True,True,True,True,forecast_icc,,1039423744.0
MSFT,ok,True,True,True,True,True,forecast_icc,,3350967091200.0
MSGE,ok,True,True,True,True,True,forecast_icc,,3730490624.0
MSGM,ok,True,True,True,True,True,forecast_icc,,18991952.0
MSGS,failed,True,True,False,False,False,,missing_positive_eps,9752027136.0
MSGY,ok,True,True,False,True,True,trailing_eps_fallback_icc,,4627392.0
MSI,ok,True,True,True,True,True,forecast_icc,,71514218496.0
MSIF,ok,True,True,True,True,True,forecast_icc,,508773472.0
MSLE,failed,True,True,False,False,False,,missing_positive_eps,201229296.0
MSM,ok,True,False,True,True,True,forecast_icc,,
MSN,ok,True,True,True,False,True,forecast_icc,,7882577.0
MSS,ok,True,True,True,False,True,forecast_icc,,1210049.0
MSTR,ok,True,True,True,False,True,forecast_icc,,35706339328.0
MSW,failed,False,True,False,False,False,,missing_price,16218750.0
MT,ok,True,True,True,True,True,forecast_icc,,52285251584.0
MTA,ok,True,True,True,False,True,forecast_icc,,712033792.0
MTAL,failed,True,True,False,False,False,,missing_positive_eps,389083360.0
MTAL-U,failed,False,False,False,False,False,,missing_price,
MTAL-W,failed,False,False,False,False,False,,missing_price,
MTB,ok,True,True,True,True,True,forecast_icc,,35798450176.0
MTC,failed,True,True,False,False,False,,missing_positive_eps,391380096.0
MTCH,ok,True,False,True,True,True,forecast_icc,,
MTD,ok,True,False,True,True,True,forecast_icc,,
MTDR,ok,True,True,True,True,True,forecast_icc,,5999050240.0
MTEK,failed,True,True,False,False,False,,missing_positive_eps,11889402.0
MTEN,failed,True,True,False,False,False,,missing_positive_eps,7110316.0
MTEX,failed,True,True,False,False,False,,missing_positive_eps,9416790.0
MTG,ok,True,False,True,True,True,forecast_icc,,
MTH,ok,True,True,True,True,True,forecast_icc,,4730155008.0
MTLS,ok,True,True,True,True,True,forecast_icc,,371200608.0
MTN,ok,True,True,True,True,True,forecast_icc,,5445515776.0
MTNB,failed,True,True,False,False,False,,missing_positive_eps,2033325.0
MTNE,failed,True,True,False,False,False,,missing_positive_eps,295082688.0
MTNE-U,failed,False,False,False,False,False,,missing_price,
MTNE-W,failed,False,False,False,False,False,,missing_price,
MTR,ok,True,True,False,True,True,trailing_eps_fallback_icc,,5478954.0
MTRN,ok,True,True,True,True,True,forecast_icc,,4328996864.0
MTRX,ok,True,True,True,False,True,forecast_icc,,320163232.0
MTSI,ok,True,True,True,True,True,forecast_icc,,18975522816.0
MTUS,ok,True,True,True,True,True,forecast_icc,,825895744.0
MTVA,failed,True,True,False,False,False,,missing_positive_eps,7436693.0
MTW,ok,True,True,True,True,True,forecast_icc,,496629536.0
MTX,ok,True,False,True,True,True,forecast_icc,,
MTZ,ok,True,False,True,True,True,forecast_icc,,
MU,ok,True,False,True,True,True,forecast_icc,,
MUA,ok,True,False,False,True,True,trailing_eps_fallback_icc,,
MUC,ok,True,True,False,True,True,trailing_eps_fallback_icc,,998349568.0
MUFG,ok,True,True,True,True,True,forecast_icc,,253729636352.0
MUJ,ok,True,False,False,True,True,trailing_eps_fallback_icc,,
MUR,ok,True,False,True,True,True,forecast_icc,,
MUSA,ok,True,True,True,True,True,forecast_icc,,11379787776.0
MUX,ok,True,False,True,True,True,forecast_icc,,
MUZE,failed,True,True,False,False,False,,missing_positive_eps,271836064.0
MVBF,ok,True,True,True,True,True,forecast_icc,,394495072.0
MVIS,failed,True,True,False,False,False,,missing_positive_eps,84300400.0
MVST,ok,True,True,True,False,True,forecast_icc,,266659168.0
MWA,ok,True,False,True,True,True,forecast_icc,,
MWC,ok,True,True,False,True,True,trailing_eps_fallback_icc,,88534928.0
MWG,failed,True,False,False,False,False,,missing_positive_eps,
MWH,ok,True,True,True,True,True,forecast_icc,,5889429504.0
MWYN,failed,True,True,False,False,False,,missing_positive_eps,14675564.0
MX,failed,True,False,False,False,False,,missing_positive_eps,
MXC,ok,True,False,False,True,True,trailing_eps_fallback_icc,,
MXCT,failed,True,True,False,False,False,,missing_positive_eps,112477752.0
MXE,ok,True,True,False,True,True,trailing_eps_fallback_icc,,57577616.0
MXF,ok,True,True,False,True,True,trailing_eps_fallback_icc,,312915424.0
MXL,ok,True,True,True,False,True,forecast_icc,,6069188096.0
MYE,ok,True,True,True,True,True,forecast_icc,,1238264832.0
MYFW,ok,True,True,True,True,True,forecast_icc,,310335808.0
MYGN,ok,True,True,True,False,True,forecast_icc,,507186880.0
MYI,ok,True,False,False,True,True,trailing_eps_fallback_icc,,
MYN,ok,True,True,False,True,True,trailing_eps_fallback_icc,,373553792.0
MYND,failed,True,True,False,False,False,,missing_positive_eps,18183674.0
MYO,failed,True,True,False,False,False,,missing_positive_eps,38638652.0
MYPS,ok,True,True,True,False,True,forecast_icc,,76345032.0
MYRG,ok,True,True,True,True,True,forecast_icc,,5151521280.0
MYSE,failed,True,True,False,False,False,,missing_positive_eps,12419468.0
MYSZ,failed,True,True,False,False,False,,missing_positive_eps,1917629.0
MYX,failed,True,True,False,False,False,,missing_positive_eps,144288272.0
MZTI,ok,True,True,True,True,True,forecast_icc,,2950922240.0
MZYX,failed,True,True,False,False,False,,missing_positive_eps,373500000.0
MZYX-U,failed,False,False,False,False,False,,missing_price,
MZYX-W,failed,False,False,False,False,False,,missing_price,
NAAS,ok,True,True,True,False,True,forecast_icc,,53586244.0
NABL,ok,True,True,True,False,True,forecast_icc,,821329344.0
NAD,ok,True,True,False,True,True,trailing_eps_fallback_icc,,2731532032.0
NAGE,ok,True,True,True,True,True,forecast_icc,,264419168.0
NAII,failed,True,True,False,False,False,,missing_positive_eps,15224960.0
NAK,failed,True,False,False,False,False,,missing_positive_eps,
NAKA,failed,True,True,False,False,False,,missing_positive_eps,86140592.0
NAMI,failed,True,True,False,False,False,,missing_positive_eps,8255370.0
NAMM,ok,True,True,True,True,True,forecast_icc,,75730888.0
NAMS,failed,True,True,False,False,False,,missing_positive_eps,3327087104.0
NAT,ok,True,False,True,True,True,forecast_icc,,
NATH,ok,True,True,False,True,True,trailing_eps_fallback_icc,,403298880.0
NATL,ok,True,True,True,True,True,forecast_icc,,3460383744.0
NATR,ok,True,True,True,True,True,forecast_icc,,356797056.0
NAUT,failed,True,True,False,False,False,,missing_positive_eps,131072880.0
NAVI,ok,True,True,True,False,True,forecast_icc,,794210560.0
NAVN,ok,True,True,True,False,True,forecast_icc,,6793187840.0
NAZ,ok,True,False,False,True,True,trailing_eps_fallback_icc,,
NB,failed,True,True,False,False,False,,missing_positive_eps,626024320.0
NBB,ok,True,False,False,True,True,trailing_eps_fallback_icc,,
NBBK,ok,True,True,True,True,True,forecast_icc,,996432384.0
NBH,ok,True,False,False,True,True,trailing_eps_fallback_icc,,
NBHC,ok,True,True,True,True,True,forecast_icc,,1896416256.0
NBIS,ok,True,True,False,True,True,trailing_eps_fallback_icc,,47842033664.0
NBIX,ok,True,True,True,True,True,forecast_icc,,18652022784.0
NBN,ok,True,False,True,True,True,forecast_icc,,
NBP,failed,True,True,False,False,False,,missing_positive_eps,189663552.0
NBR,ok,True,True,True,True,True,forecast_icc,,1216223616.0
NBRG,failed,True,True,False,False,False,,missing_positive_eps,75462496.0
NBTB,ok,True,True,True,True,True,forecast_icc,,2752901632.0
NBTX,failed,True,True,False,False,False,,missing_positive_eps,2039303040.0
NBXG,ok,True,True,False,True,True,trailing_eps_fallback_icc,,1152280704.0
NC,ok,True,True,False,True,True,trailing_eps_fallback_icc,,355765984.0
NCDL,ok,True,True,True,True,True,forecast_icc,,602028288.0
NCEL,failed,True,True,False,False,False,,missing_positive_eps,18097344.0
NCEW,failed,True,True,False,False,False,,missing_positive_eps,49920000.0
NCI,ok,True,True,False,True,True,trailing_eps_fallback_icc,,28512880.0
NCL,failed,True,True,False,False,False,,missing_positive_eps,8543560.0
NCLH,ok,True,True,True,True,True,forecast_icc,,8594541568.0
NCMI,ok,True,True,True,False,True,forecast_icc,,375121152.0
NCNA,ok,True,True,False,True,True,trailing_eps_fallback_icc,,5244083.0
NCNO,ok,True,True,True,True,True,forecast_icc,,2013583104.0
NCPL,failed,True,True,False,False,False,,missing_positive_eps,2916279.0
NCRA,failed,True,True,False,False,False,,missing_positive_eps,3713576.0
NCSM,ok,True,True,True,True,True,forecast_icc,,119205832.0
NCT,failed,True,False,False,False,False,,missing_positive_eps,
NCTY,failed,True,True,False,False,False,,missing_positive_eps,69492912.0
NCV,ok,True,False,False,True,True,trailing_eps_fallback_icc,,
NCZ,ok,True,True,False,True,True,trailing_eps_fallback_icc,,290381632.0
NDAQ,ok,True,True,True,True,True,forecast_icc,,53192286208.0
NDLS,ok,True,True,True,False,True,forecast_icc,,104893880.0
NDMO,ok,True,True,False,True,True,trailing_eps_fallback_icc,,604237312.0
NDRA,failed,True,True,False,False,False,,missing_positive_eps,5499433.0
NDSN,ok,True,True,True,True,True,forecast_icc,,16449610752.0
NE,ok,True,True,True,True,True,forecast_icc,,6615573504.0
NEA,ok,True,False,False,True,True,trailing_eps_fallback_icc,,
NECB,ok,True,True,True,True,True,forecast_icc,,365645280.0
NEE,ok,True,True,True,True,True,forecast_icc,,183420059648.0
NEGG,ok,True,True,False,True,True,trailing_eps_fallback_icc,,269927968.0
NEM,ok,True,True,True,True,True,forecast_icc,,100901576704.0
NEN,failed,True,True,False,False,False,,missing_positive_eps,198712544.0
NEO,ok,True,True,True,False,True,forecast_icc,,2040189952.0
NEOG,ok,True,True,True,False,True,forecast_icc,,2509769984.0
NEON,ok,True,True,False,True,True,trailing_eps_fallback_icc,,13389417.0
NEOV,failed,True,True,False,False,False,,missing_positive_eps,116950688.0
NEPH,ok,True,True,True,True,True,forecast_icc,,37997912.0
NERV,failed,True,True,False,False,False,,missing_positive_eps,187286608.0
NESR,ok,True,True,True,True,True,forecast_icc,,2666401536.0
NET,ok,True,True,True,False,True,forecast_icc,,100586323968.0
NEU,ok,True,True,True,True,True,forecast_icc,,7974866432.0
NEUP,failed,True,True,False,False,False,,missing_positive_eps,21185840.0
NEWP,failed,True,True,False,False,False,,missing_positive_eps,880932544.0
NEXA,ok,True,True,True,True,True,forecast_icc,,1742892032.0
NEXM,failed,True,True,False,False,False,,missing_positive_eps,75930592.0
NEXN,ok,True,True,True,True,True,forecast_icc,,583953728.0
NEXR,failed,True,True,False,False,False,,missing_positive_eps,2366990.0
NEXT,ok,True,True,True,False,True,forecast_icc,,1783402880.0
NFBK,failed,False,True,False,False,False,,missing_price,639406784.0
NFE,ok,True,True,True,False,True,forecast_icc,,94602200.0
NFG,ok,True,True,True,True,True,forecast_icc,,7837566464.0
NFGC,failed,True,True,False,False,False,,missing_positive_eps,549238016.0
NFJ,ok,True,True,False,True,True,trailing_eps_fallback_icc,,1426582656.0
NFLX,ok,True,True,True,True,True,forecast_icc,,304675454976.0
NG,failed,True,True,False,False,False,,missing_positive_eps,2663398400.0
NGEN,failed,True,True,False,False,False,,missing_positive_eps,170260208.0
NGG,ok,True,True,True,True,True,forecast_icc,,80820764672.0
NGL,failed,True,False,False,False,False,,missing_positive_eps,
NGNE,failed,True,True,False,False,False,,missing_positive_eps,670330496.0
NGS,ok,True,False,True,True,True,forecast_icc,,
NGVC,ok,True,True,True,True,True,forecast_icc,,741452480.0
NGVT,ok,True,True,True,False,True,forecast_icc,,2440624896.0
NHC,ok,True,True,True,True,True,forecast_icc,,3576429312.0
NHI,ok,True,False,True,True,True,forecast_icc,,
NHIC,failed,True,True,False,False,False,,missing_positive_eps,298079776.0
NHIV,failed,True,True,False,False,False,,missing_positive_eps,277493312.0
NHP,ok,True,True,True,False,True,forecast_icc,,1136016896.0
NHS,ok,True,False,False,True,True,trailing_eps_fallback_icc,,
NHTC,failed,True,True,False,False,False,,missing_positive_eps,14410786.0
NI,ok,True,True,True,True,True,forecast_icc,,21608325120.0
NIC,ok,True,True,True,True,True,forecast_icc,,3570852352.0
NICE,ok,True,True,True,True,True,forecast_icc,,5794089984.0
NICM,failed,True,True,False,False,False,,missing_positive_eps,107303272.0
NIE,ok,True,True,False,True,True,trailing_eps_fallback_icc,,712397440.0
NIKI,failed,True,True,False,False,False,,missing_positive_eps,8282194.0
NIM,ok,True,True,False,True,True,trailing_eps_fallback_icc,,114384224.0
NINE,ok,True,True,True,False,True,forecast_icc,,170747872.0
NIO,ok,True,False,True,False,True,forecast_icc,,
NIPG,failed,True,True,False,False,False,,missing_positive_eps,70298760.0
NIQ,ok,True,True,True,False,True,forecast_icc,,3358651648.0
NIU,ok,True,True,True,False,True,forecast_icc,,203149456.0
NIVF,ok,True,True,True,True,True,forecast_icc,,2906933.0
NIXX,failed,True,True,False,False,False,,missing_positive_eps,16031438.0
NJR,ok,True,True,True,True,True,forecast_icc,,5911986176.0
NKE,ok,True,True,True,True,True,forecast_icc,,62737162240.0
NKLR,ok,True,True,False,True,True,trailing_eps_fallback_icc,,577919744.0
NKSH,ok,True,True,True,True,True,forecast_icc,,252953248.0
NKTR,failed,True,True,False,False,False,,missing_positive_eps,2414011904.0
NKTX,failed,True,True,False,False,False,,missing_positive_eps,153822528.0
NL,failed,True,False,False,False,False,,missing_positive_eps,
NLOP,failed,True,True,False,False,False,,missing_positive_eps,174213520.0
NLY,ok,True,True,True,True,True,forecast_icc,,17323255808.0
NMAD,failed,True,True,False,False,False,,missing_positive_eps,76245864.0
NMAI,ok,True,True,False,True,True,trailing_eps_fallback_icc,,461273920.0
NMAX,ok,True,True,True,False,True,forecast_icc,,990662208.0
NMCO,ok,True,True,False,True,True,trailing_eps_fallback_icc,,583249600.0
NMFC,ok,True,True,True,False,True,forecast_icc,,652665984.0
NMG,failed,True,True,False,False,False,,missing_positive_eps,434430944.0
NMI,ok,True,False,False,True,True,trailing_eps_fallback_icc,,
NMIH,ok,True,True,True,True,True,forecast_icc,,3300218624.0
NML,ok,True,True,False,True,True,trailing_eps_fallback_icc,,583020352.0
NMM,ok,True,True,True,True,True,forecast_icc,,2253219584.0
NMP,ok,True,True,False,True,True,trailing_eps_fallback_icc,,164659312.0
NMR,ok,True,True,True,True,True,forecast_icc,,27939983360.0
NMRA,failed,True,True,False,False,False,,missing_positive_eps,305718976.0
NMRK,ok,True,True,True,True,True,forecast_icc,,3758076160.0
NMT,failed,True,False,False,False,False,,missing_positive_eps,
NMTC,failed,True,True,False,False,False,,missing_positive_eps,14795070.0
NMZ,ok,True,True,False,True,True,trailing_eps_fallback_icc,,2190289664.0
NN,failed,True,True,False,False,False,,missing_positive_eps,1830983808.0
NNBR,ok,True,True,True,False,True,forecast_icc,,258126256.0
NNDM,ok,True,True,True,False,True,forecast_icc,,324180608.0
NNE,failed,True,True,False,False,False,,missing_positive_eps,895685056.0
NNI,ok,True,True,True,True,True,forecast_icc,,4875887616.0
NNN,ok,True,True,True,True,True,forecast_icc,,9158547456.0
NNNN,ok,True,True,False,True,True,trailing_eps_fallback_icc,,471830400.0
NNOX,failed,True,True,False,False,False,,missing_positive_eps,67164752.0
NNVC,failed,True,True,False,False,False,,missing_positive_eps,39523692.0
NNY,ok,True,False,False,True,True,trailing_eps_fallback_icc,,
NOA,ok,True,True,True,True,True,forecast_icc,,365071648.0
NOAH,ok,True,True,True,True,True,forecast_icc,,582802496.0
NOC,ok,True,True,True,True,True,forecast_icc,,75982405632.0
NODK,failed,True,True,False,False,False,,missing_positive_eps,314185216.0
NOEM,ok,True,True,False,True,True,trailing_eps_fallback_icc,,115029000.0
NOG,ok,True,True,True,False,True,forecast_icc,,2267061760.0
NOK,ok,True,False,True,True,True,forecast_icc,,
NOMA,failed,True,True,False,False,False,,missing_positive_eps,55446768.0
NOMD,ok,True,False,True,True,True,forecast_icc,,
NOV,ok,True,False,True,True,True,forecast_icc,,
NOVT,ok,True,True,True,True,True,forecast_icc,,4947044352.0
NOW,ok,True,True,True,True,True,forecast_icc,,113797193728.0
NP,ok,True,True,True,True,True,forecast_icc,,4344799744.0
NPAC,ok,True,True,False,True,True,trailing_eps_fallback_icc,,400032384.0
NPB,ok,True,True,True,True,True,forecast_icc,,597574208.0
NPCE,failed,True,True,False,False,False,,missing_positive_eps,468788992.0
NPCT,ok,True,True,False,True,True,trailing_eps_fallback_icc,,279498592.0
NPFD,ok,True,True,False,True,True,trailing_eps_fallback_icc,,439545728.0
NPK,ok,True,True,True,True,True,forecast_icc,,870674240.0
NPKI,ok,True,True,True,True,True,forecast_icc,,1052210112.0
NPO,ok,True,False,True,True,True,forecast_icc,,
NPT,failed,True,True,False,False,False,,missing_positive_eps,68107952.0
NPV,failed,True,True,False,False,False,,missing_positive_eps,212453088.0
NPWR,failed,True,True,False,False,False,,missing_positive_eps,129924192.0
NPWR-W,failed,False,False,False,False,False,,missing_price,
NRC,ok,True,True,True,True,True,forecast_icc,,418654464.0
NRDS,ok,True,True,True,True,True,forecast_icc,,592189056.0
NRDY,failed,True,True,False,False,False,,missing_positive_eps,161240784.0
NREF,ok,True,True,True,True,True,forecast_icc,,389046592.0
NRG,ok,True,False,True,True,True,forecast_icc,,
NRGV,failed,True,True,False,False,False,,missing_positive_eps,512907104.0
NRIM,ok,True,True,True,True,True,forecast_icc,,585704704.0
NRIX,ok,True,True,True,False,True,forecast_icc,,2447172096.0
NRO,ok,True,True,False,True,True,trailing_eps_fallback_icc,,192619968.0
NRP,ok,True,False,False,True,True,trailing_eps_fallback_icc,,
NRSN,failed,True,True,False,False,False,,missing_positive_eps,17183510.0
NRT,ok,True,True,False,True,True,trailing_eps_fallback_icc,,81520536.0
NRXP,ok,True,True,True,False,True,forecast_icc,,133537304.0
NRXS,failed,True,True,False,False,False,,missing_positive_eps,78357504.0
NSC,ok,True,True,True,True,True,forecast_icc,,75003469824.0
NSIT,ok,True,True,True,True,True,forecast_icc,,3859154176.0
NSP,ok,True,False,True,False,True,forecast_icc,,
NSPR,failed,True,True,False,False,False,,missing_positive_eps,31466414.0
NSRX,failed,True,True,False,False,False,,missing_positive_eps,37240372.0
NSSC,ok,True,True,True,True,True,forecast_icc,,1299403136.0
NSTS,failed,True,True,False,False,False,,missing_positive_eps,66796508.0
NSYS,ok,True,True,False,True,True,trailing_eps_fallback_icc,,37726208.0
NTAP,ok,True,True,True,True,True,forecast_icc,,34140837888.0
NTB,ok,True,True,True,True,True,forecast_icc,,2445160960.0
NTCL,failed,True,True,False,False,False,,missing_positive_eps,3824688.0
NTCT,ok,True,True,True,True,True,forecast_icc,,2910980096.0
NTES,ok,True,True,True,True,True,forecast_icc,,84445798400.0
NTGR,ok,True,True,True,False,True,forecast_icc,,615707392.0
NTHI,failed,True,True,False,False,False,,missing_positive_eps,90502208.0
NTIC,ok,True,True,True,False,True,forecast_icc,,75746168.0
NTIP,failed,True,True,False,False,False,,missing_positive_eps,37269284.0
NTLA,failed,True,True,False,False,False,,missing_positive_eps,1549520000.0
NTNX,ok,True,True,True,True,True,forecast_icc,,16019192832.0
NTR,ok,True,True,True,True,True,forecast_icc,,33947267072.0
NTRA,failed,True,True,False,False,False,,missing_positive_eps,38619459584.0
NTRB,failed,True,True,False,False,False,,missing_positive_eps,35373912.0
NTRP,failed,True,True,False,False,False,,missing_positive_eps,24319480.0
NTRS,ok,True,True,True,True,True,forecast_icc,,22418020352.0
NTSK,ok,True,True,True,False,True,forecast_icc,,4887476224.0
NTST,ok,True,True,True,True,True,forecast_icc,,2108754688.0
NTWK,ok,True,True,True,True,True,forecast_icc,,50831056.0
NTWO,ok,True,True,False,True,True,trailing_eps_fallback_icc,,258286384.0
NTZ,failed,True,True,False,False,False,,missing_positive_eps,13547969.0
NU,ok,True,True,True,True,True,forecast_icc,,69993717760.0
NUAI,failed,True,True,False,False,False,,missing_positive_eps,489235168.0
NUCL,failed,True,True,False,False,False,,missing_positive_eps,170675440.0
NUE,ok,True,False,True,True,True,forecast_icc,,
NUS,ok,True,False,True,True,True,forecast_icc,,
NUTR,failed,True,True,False,False,False,,missing_positive_eps,174412512.0
NUTX,ok,True,True,True,True,True,forecast_icc,,1023323968.0
NUV,ok,True,True,False,True,True,trailing_eps_fallback_icc,,1892779392.0
NUVB,failed,True,True,False,False,False,,missing_positive_eps,2332953344.0
NUVL,failed,False,True,False,False,False,,missing_price,9808736256.0
NUWE,ok,True,True,False,True,True,trailing_eps_fallback_icc,,410294.0
NVA,failed,True,True,False,False,False,,missing_positive_eps,175251024.0
NVA-W,failed,False,False,False,False,False,,missing_price,
NVAX,failed,True,True,False,False,False,,missing_positive_eps,1223419520.0
NVCR,failed,True,True,False,False,False,,missing_positive_eps,1773470080.0
NVCT,failed,True,True,False,False,False,,missing_positive_eps,717521088.0
NVDA,ok,True,True,True,True,True,forecast_icc,,4724063469568.0
NVEC,ok,True,True,True,True,True,forecast_icc,,555403520.0
NVGS,ok,True,True,True,True,True,forecast_icc,,1365288064.0
NVMI,ok,True,True,True,True,True,forecast_icc,,12533854208.0
NVNI,failed,True,True,False,False,False,,missing_positive_eps,12276739.0
NVNO,failed,True,True,False,False,False,,missing_positive_eps,7094784.0
NVO,ok,True,True,True,True,True,forecast_icc,,228214046720.0
NVR,ok,True,True,True,True,True,forecast_icc,,16842047488.0
NVRI,failed,True,True,False,False,False,,missing_positive_eps,624184256.0
NVS,ok,True,True,True,True,True,forecast_icc,,301149257728.0
NVST,ok,True,True,True,True,True,forecast_icc,,4520581632.0
NVT,ok,True,True,True,True,True,forecast_icc,,23417120768.0
NVTS,failed,True,True,False,False,False,,missing_positive_eps,2874639360.0
NVVE,failed,True,True,False,False,False,,missing_positive_eps,571953.0
NVX,failed,True,True,False,False,False,,missing_positive_eps,99134880.0
NWAX,failed,True,True,False,False,False,,missing_positive_eps,504972032.0
NWAX-U,failed,False,False,False,False,False,,missing_price,
NWAX-W,failed,False,False,False,False,False,,missing_price,
NWBI,ok,True,True,True,True,True,forecast_icc,,2296961280.0
NWE,ok,True,False,True,True,True,forecast_icc,,
NWFL,ok,True,True,True,True,True,forecast_icc,,367051968.0
NWG,ok,True,True,True,True,True,forecast_icc,,73688113152.0
NWGL,failed,True,True,False,False,False,,missing_positive_eps,3833713.0
NWL,ok,True,True,True,False,True,forecast_icc,,2184128768.0
NWN,ok,True,False,True,True,True,forecast_icc,,
NWPX,ok,True,True,True,True,True,forecast_icc,,1222647168.0
NWSA,ok,True,True,True,True,True,forecast_icc,,15208527872.0
NWTG,failed,True,True,False,False,False,,missing_positive_eps,4990087.0
NX,ok,True,True,True,False,True,forecast_icc,,817977024.0
NXB,ok,True,True,True,False,True,forecast_icc,,48123096.0
NXDR,failed,True,True,False,False,False,,missing_positive_eps,858122368.0
NXDT,failed,True,True,False,False,False,,missing_positive_eps,230688048.0
NXE,failed,True,True,False,False,False,,missing_positive_eps,6168995840.0
NXG,ok,True,True,False,True,True,trailing_eps_fallback_icc,,319491680.0
NXGL,ok,True,True,True,False,True,forecast_icc,,4094162.0
NXL,failed,True,True,False,False,False,,missing_positive_eps,7527865.0
NXP,ok,True,False,False,True,True,trailing_eps_fallback_icc,,
NXPI,ok,True,True,True,True,True,forecast_icc,,61820571648.0
NXPL,ok,True,True,True,False,True,forecast_icc,,16711488.0
NXRT,failed,True,True,False,False,False,,missing_positive_eps,1368531072.0
NXST,ok,True,True,True,True,True,forecast_icc,,5876612608.0
NXT,ok,True,True,True,True,True,forecast_icc,,14880166912.0
NXTC,failed,True,True,False,False,False,,missing_positive_eps,18168844.0
NXTS,failed,True,True,False,False,False,,missing_positive_eps,2252666.0
NXTT,failed,True,True,False,False,False,,missing_positive_eps,39299032.0
NXXT,ok,True,True,False,True,True,trailing_eps_fallback_icc,,42221012.0
NYAX,ok,True,True,True,True,True,forecast_icc,,2490505472.0
NYC,ok,True,True,True,False,True,forecast_icc,,30212686.0
NYT,ok,True,False,True,True,True,forecast_icc,,
NYXH,failed,True,True,False,False,False,,missing_positive_eps,141102672.0
O,ok,True,False,True,True,True,forecast_icc,,
OABI,failed,True,True,False,False,False,,missing_positive_eps,288495424.0
OACC,ok,True,True,False,True,True,trailing_eps_fallback_icc,,264264752.0
OBA,ok,True,True,False,True,True,trailing_eps_fallback_icc,,324314368.0
OBAI,failed,True,True,False,False,False,,missing_positive_eps,12527027.0
OBDC,ok,True,True,True,True,True,forecast_icc,,5355135488.0
OBE,ok,True,True,True,True,True,forecast_icc,,677784192.0
OBIO,failed,True,True,False,False,False,,missing_positive_eps,238924064.0
OBK,ok,True,True,True,True,True,forecast_icc,,1687208064.0
OBT,ok,True,True,True,True,True,forecast_icc,,506416544.0
OC,ok,True,True,True,False,True,forecast_icc,,11178942464.0
OCAC-U,failed,False,False,False,False,False,,missing_price,
OCC,ok,True,True,False,True,True,trailing_eps_fallback_icc,,125168168.0
OCFC,ok,True,True,True,True,True,forecast_icc,,1706266112.0
OCG,failed,True,True,False,False,False,,missing_positive_eps,3081916.0
OCGN,failed,True,True,False,False,False,,missing_positive_eps,426537536.0
OCS,failed,True,True,False,False,False,,missing_positive_eps,676950272.0
OCTV,ok,True,True,True,True,True,forecast_icc,,4822484992.0
OCUL,failed,True,True,False,False,False,,missing_positive_eps,1854594176.0
ODC,ok,True,False,False,True,True,trailing_eps_fallback_icc,,
ODD,ok,True,True,True,True,True,forecast_icc,,675494080.0
ODFL,ok,True,True,True,True,True,forecast_icc,,44187021312.0
ODTX,failed,True,True,False,False,False,,missing_positive_eps,884736896.0
ODYS,failed,True,True,False,False,False,,missing_positive_eps,72310256.0
OEC,ok,True,True,True,False,True,forecast_icc,,381187264.0
OESX,ok,True,True,True,False,True,forecast_icc,,40281720.0
OFAL,failed,True,True,False,False,False,,missing_positive_eps,2766267.0
OFG,ok,True,True,True,True,True,forecast_icc,,2218489856.0
OFIX,ok,True,True,True,False,True,forecast_icc,,476571264.0
OFLX,ok,True,True,False,True,True,trailing_eps_fallback_icc,,292331552.0
OFRM,ok,True,True,True,False,True,forecast_icc,,662052096.0
OGC,ok,True,True,False,True,True,trailing_eps_fallback_icc,,5538942976.0
OGE,ok,True,True,True,True,True,forecast_icc,,9763031040.0
OGEN,failed,True,True,False,False,False,,missing_positive_eps,2211761.0
OGG,failed,True,True,False,False,False,,missing_positive_eps,725236928.0
OGI,ok,True,True,True,False,True,forecast_icc,,136270224.0
OGN,ok,True,True,True,True,True,forecast_icc,,3558358016.0
OGS,ok,True,False,True,True,True,forecast_icc,,
OHAC,failed,True,True,False,False,False,,missing_positive_eps,248878896.0
OHI,ok,True,True,True,True,True,forecast_icc,,15714538496.0
OI,ok,True,False,True,False,True,forecast_icc,,
OIA,ok,True,True,False,True,True,trailing_eps_fallback_icc,,292863520.0
OII,ok,True,True,True,True,True,forecast_icc,,4741592576.0
OIM,failed,True,True,False,False,False,,missing_positive_eps,365711488.0
OIO,failed,True,True,False,False,False,,missing_positive_eps,706484864.0
OIS,ok,True,True,True,False,True,forecast_icc,,456266080.0
OKE,ok,True,True,True,True,True,forecast_icc,,56117022720.0
OKLO,failed,True,True,False,False,False,,missing_positive_eps,7149289984.0
OKTA,ok,True,True,True,True,True,forecast_icc,,24406028288.0
OKUR,failed,True,True,False,False,False,,missing_positive_eps,161581920.0
OKYO,failed,True,True,False,False,False,,missing_positive_eps,87116016.0
OLB,failed,True,True,False,False,False,,missing_positive_eps,4180971.0
OLED,ok,True,False,True,True,True,forecast_icc,,
OLLI,ok,True,True,True,True,True,forecast_icc,,4397372416.0
OLMA,failed,True,True,False,False,False,,missing_positive_eps,1032447104.0
OLN,ok,True,False,True,False,True,forecast_icc,,
OLOX,failed,True,True,False,False,False,,missing_positive_eps,6682305.0
OLP,ok,True,True,True,True,True,forecast_icc,,531739968.0
OLPX,failed,False,True,False,False,False,,missing_price,1391282176.0
OM,failed,True,True,False,False,False,,missing_positive_eps,88051888.0
OMAB,ok,True,True,True,True,True,forecast_icc,,5217631232.0
OMC,ok,True,True,True,True,True,forecast_icc,,21840680960.0
OMCL,ok,True,True,True,True,True,forecast_icc,,1687722240.0
OMDA,ok,True,True,True,False,True,forecast_icc,,1170541184.0
OMER,ok,True,True,True,True,True,forecast_icc,,863437952.0
OMEX,failed,True,True,False,False,False,,missing_positive_eps,37938456.0
OMF,ok,True,True,True,True,True,forecast_icc,,7324662784.0
OMH,failed,True,True,False,False,False,,missing_positive_eps,3338205.0
OMSE,ok,True,True,True,True,True,forecast_icc,,179133520.0
ON,ok,True,True,True,True,True,forecast_icc,,32590401536.0
ONB,ok,True,True,True,True,True,forecast_icc,,10102801408.0
ONC,ok,True,True,True,True,True,forecast_icc,,33416189952.0
ONCH,ok,True,True,False,True,True,trailing_eps_fallback_icc,,221662496.0
ONCO,ok,True,True,False,True,True,trailing_eps_fallback_icc,,2902989.0
ONCY,failed,True,True,False,False,False,,missing_positive_eps,89873616.0
ONDS,ok,True,True,False,True,True,trailing_eps_fallback_icc,,4319376384.0
ONEG,failed,True,True,False,False,False,,missing_positive_eps,16481600.0
ONEW,ok,True,True,True,False,True,forecast_icc,,206057504.0
ONFO,failed,True,True,False,False,False,,missing_positive_eps,592795.0
ONIT,ok,True,True,True,True,True,forecast_icc,,315446240.0
ONL,failed,True,True,False,False,False,,missing_positive_eps,148326464.0
ONMD,failed,True,True,False,False,False,,missing_positive_eps,41461528.0
ONON,ok,True,True,True,True,True,forecast_icc,,12366532608.0
ONT,ok,True,True,True,True,True,forecast_icc,,730735168.0
ONTO,ok,True,True,True,True,True,forecast_icc,,12461758464.0
OOMA,ok,True,True,True,True,True,forecast_icc,,589060224.0
OPAD,failed,True,True,False,False,False,,missing_positive_eps,19636908.0
OPAL,ok,True,True,True,True,True,forecast_icc,,387959616.0
OPBK,ok,True,True,True,True,True,forecast_icc,,234733216.0
OPCH,ok,True,True,True,True,True,forecast_icc,,3364176640.0
OPEN,failed,True,True,False,False,False,,missing_positive_eps,3685293824.0
OPENL,failed,True,False,False,False,False,,missing_positive_eps,
OPENW,failed,True,False,False,False,False,,missing_positive_eps,
OPENZ,failed,True,False,False,False,False,,missing_positive_eps,
OPFI,ok,True,True,True,True,True,forecast_icc,,1356776576.0
OPHC,ok,True,True,True,True,True,forecast_icc,,86491960.0
OPI,failed,True,True,False,False,False,,missing_positive_eps,403506720.0
OPK,failed,True,True,False,False,False,,missing_positive_eps,996348224.0
OPLN,ok,True,True,True,False,True,forecast_icc,,4291876608.0
OPP,ok,True,True,False,True,True,trailing_eps_fallback_icc,,189675104.0
OPRA,ok,True,True,True,True,True,forecast_icc,,1671953920.0
OPRT,ok,True,True,True,True,True,forecast_icc,,258698688.0
OPRX,ok,True,True,True,True,True,forecast_icc,,117657024.0
OPTH,failed,True,True,False,False,False,,missing_positive_eps,26385466.0
OPTT,failed,True,True,False,False,False,,missing_positive_eps,43519364.0
OPTU,failed,True,True,False,False,False,,missing_positive_eps,289727040.0
OPTX,failed,True,True,False,False,False,,missing_positive_eps,257388432.0
OPXS,ok,True,True,True,True,True,forecast_icc,,77602584.0
OPY,ok,True,True,True,True,True,forecast_icc,,1185376128.0
OR,ok,True,True,True,True,True,forecast_icc,,5754248192.0
ORA,ok,True,True,True,True,True,forecast_icc,,5943173120.0
ORBS,failed,True,True,False,False,False,,missing_positive_eps,236376640.0
ORC,ok,True,False,True,True,True,forecast_icc,,
ORCL,ok,True,True,True,True,True,forecast_icc,,367432892416.0
ORGN,failed,False,True,False,False,False,,missing_price,5228483.0
ORGO,failed,True,True,False,False,False,,missing_positive_eps,315252640.0
ORI,ok,True,False,True,True,True,forecast_icc,,
ORIC,failed,True,True,False,False,False,,missing_positive_eps,1204944384.0
ORIO,ok,True,True,True,False,True,forecast_icc,,15172556.0
ORIQ,ok,True,True,False,True,True,trailing_eps_fallback_icc,,89182504.0
ORKA,failed,True,True,False,False,False,,missing_positive_eps,5902141952.0
ORKT,failed,True,True,False,False,False,,missing_positive_eps,5898167.0
ORLA,ok,True,True,True,True,True,forecast_icc,,3542952192.0
ORLY,ok,True,True,True,True,True,forecast_icc,,72396546048.0
ORMP,ok,True,True,True,True,True,forecast_icc,,168615440.0
ORN,ok,True,False,True,True,True,forecast_icc,,
ORRF,ok,True,True,True,True,True,forecast_icc,,840729920.0
OSBC,ok,True,True,True,True,True,forecast_icc,,1290793216.0
OSCR,ok,True,True,True,False,True,forecast_icc,,9415625728.0
OSG,ok,True,True,True,False,True,forecast_icc,,249825440.0
OSIS,ok,True,True,True,True,True,forecast_icc,,3624917248.0
OSK,ok,True,True,True,True,True,forecast_icc,,8823844864.0
OSPN,ok,True,True,True,True,True,forecast_icc,,571292608.0
OSRH,ok,True,True,False,True,True,trailing_eps_fallback_icc,,15101038.0
OSS,ok,True,True,True,False,True,forecast_icc,,297228192.0
OST,failed,True,True,False,False,False,,missing_positive_eps,10108845.0
OSTX,ok,True,True,True,False,True,forecast_icc,,71039432.0
OSUR,failed,True,True,False,False,False,,missing_positive_eps,273328768.0
OSW,ok,True,True,True,True,True,forecast_icc,,2639386112.0
OTAI,failed,True,False,False,False,False,,missing_positive_eps,
OTAI-R,failed,False,False,False,False,False,,missing_price,
OTAI-U,failed,False,False,False,False,False,,missing_price,
OTEX,ok,True,True,True,True,True,forecast_icc,,6153917952.0
OTF,ok,True,True,True,True,True,forecast_icc,,4566278656.0
OTGA,failed,True,True,False,False,False,,missing_positive_eps,359099520.0
OTIS,ok,True,True,True,True,True,forecast_icc,,27290185728.0
OTLK,failed,True,True,False,False,False,,missing_positive_eps,194476864.0
OTLY,failed,True,True,False,False,False,,missing_positive_eps,459944224.0
OTTR,ok,True,True,True,True,True,forecast_icc,,3753383168.0
OUST,failed,True,True,False,False,False,,missing_positive_eps,2390984960.0
OUT,ok,True,True,True,True,True,forecast_icc,,5621707776.0
OVBC,ok,True,True,False,True,True,trailing_eps_fallback_icc,,198427392.0
OVID,failed,True,True,False,False,False,,missing_positive_eps,442336992.0
OVLY,ok,True,True,False,True,True,trailing_eps_fallback_icc,,281093632.0
OVV,ok,True,True,True,True,True,forecast_icc,,17044091904.0
OWL,ok,True,True,True,True,True,forecast_icc,,15839951872.0
OWLS,ok,True,True,True,False,True,forecast_icc,,472583712.0
OWLT,ok,True,True,True,False,True,forecast_icc,,152585760.0
OXBR,failed,True,True,False,False,False,,missing_positive_eps,10612799.0
OXM,ok,True,True,True,False,True,forecast_icc,,571108160.0
OXY,ok,True,True,True,True,True,forecast_icc,,55649812480.0
OYSE,ok,True,True,False,True,True,trailing_eps_fallback_icc,,349995072.0
OZ,failed,True,True,False,False,False,,missing_positive_eps,175648576.0
OZK,ok,True,True,True,True,True,forecast_icc,,5566367744.0
P,ok,True,False,True,True,True,forecast_icc,,
PAA,ok,True,False,True,True,True,forecast_icc,,
PAAC,failed,True,True,False,False,False,,missing_positive_eps,176524384.0
PAAS,ok,True,True,True,True,True,forecast_icc,,18552041472.0
PAC,ok,True,True,True,True,True,forecast_icc,,13065409536.0
PACB,failed,True,True,False,False,False,,missing_positive_eps,459690528.0
PACH,ok,True,True,False,True,True,trailing_eps_fallback_icc,,324788768.0
PACK,failed,True,True,False,False,False,,missing_positive_eps,442267008.0
PACS,ok,True,True,True,True,True,forecast_icc,,7437219840.0
PAG,ok,True,True,True,True,True,forecast_icc,,14504943616.0
PAGP,ok,True,True,True,True,True,forecast_icc,,6194316288.0
PAGS,ok,True,True,True,True,True,forecast_icc,,2750470144.0
PAHC,ok,True,True,True,True,True,forecast_icc,,1478583936.0
PAII,failed,True,True,False,False,False,,missing_positive_eps,353204128.0
PAII-U,failed,False,False,False,False,False,,missing_price,
PAII-W,failed,False,False,False,False,False,,missing_price,
PAL,ok,True,True,True,False,True,forecast_icc,,186892592.0
PALI,ok,True,True,False,True,True,trailing_eps_fallback_icc,,340608160.0
PALO,failed,True,True,False,False,False,,missing_positive_eps,211292592.0
PAM,ok,True,True,True,True,True,forecast_icc,,4766555648.0
PAMT,failed,True,True,False,False,False,,missing_positive_eps,347238848.0
PANL,ok,True,True,True,True,True,forecast_icc,,493228512.0
PANW,ok,True,True,True,True,True,forecast_icc,,265429188608.0
PAPL,ok,True,True,True,False,True,forecast_icc,,31588996.0
PAR,ok,True,True,True,False,True,forecast_icc,,694998464.0
PARK,ok,True,True,True,False,True,forecast_icc,,80097056.0
PARR,ok,True,True,True,True,True,forecast_icc,,4307894784.0
PASG,failed,True,True,False,False,False,,missing_positive_eps,14425516.0
PASW,failed,True,True,False,False,False,,missing_positive_eps,14696900.0
PATH,ok,True,True,True,True,True,forecast_icc,,6409147392.0
PATK,ok,True,True,True,True,True,forecast_icc,,2785174784.0
PAVM,failed,True,True,False,False,False,,missing_positive_eps,36189632.0
PAVS,failed,True,True,False,False,False,,missing_positive_eps,4202678.0
PAX,ok,True,True,True,True,True,forecast_icc,,1770490496.0
PAXS,ok,True,True,False,True,True,trailing_eps_fallback_icc,,668667776.0
PAY,ok,True,False,True,True,True,forecast_icc,,
PAYC,ok,True,True,True,True,True,forecast_icc,,7531208704.0
PAYO,ok,True,True,True,True,True,forecast_icc,,2421471744.0
PAYP,ok,True,True,True,True,True,forecast_icc,,10895233024.0
PAYS,ok,True,True,True,True,True,forecast_icc,,512096864.0
PAYX,ok,True,True,True,True,True,forecast_icc,,41376587776.0
PB,ok,True,True,True,True,True,forecast_icc,,8967527424.0
PBA,ok,True,True,True,True,True,forecast_icc,,29321766912.0
PBAM,ok,True,True,True,True,True,forecast_icc,,478095616.0
PBF,ok,True,True,True,True,True,forecast_icc,,8648347648.0
PBFS,ok,True,True,False,True,True,trailing_eps_fallback_icc,,442103968.0
PBH,ok,True,False,True,True,True,forecast_icc,,
PBHC,failed,True,True,False,False,False,,missing_positive_eps,101855760.0
PBI,ok,True,True,True,True,True,forecast_icc,,2456907264.0
PBK,failed,True,True,False,False,False,,missing_positive_eps,27248178.0
PBLS,failed,True,True,False,False,False,,missing_positive_eps,3948245760.0
PBM,failed,True,False,False,False,False,,missing_positive_eps,
PBR,ok,True,True,True,True,True,forecast_icc,,123216289792.0
PBR-A,ok,True,True,True,True,True,forecast_icc,,115363766272.0
PBT,ok,True,True,False,True,True,trailing_eps_fallback_icc,,1387543936.0
PBYI,ok,True,True,True,True,True,forecast_icc,,401596704.0
PC,failed,True,False,False,False,False,,missing_positive_eps,
PCAP,ok,True,True,False,True,True,trailing_eps_fallback_icc,,391437600.0
PCAR,ok,True,True,True,True,True,forecast_icc,,70396043264.0
PCB,ok,True,True,True,True,True,forecast_icc,,388801152.0
PCF,ok,True,True,False,True,True,trailing_eps_fallback_icc,,99197192.0
PCG,ok,True,True,True,True,True,forecast_icc,,39158087680.0
PCLA,failed,True,True,False,False,False,,missing_positive_eps,49799508.0
PCM,ok,True,False,False,True,True,trailing_eps_fallback_icc,,
PCN,ok,True,False,False,True,True,trailing_eps_fallback_icc,,
PCOR,ok,True,True,True,False,True,forecast_icc,,8116384256.0
PCQ,ok,True,False,False,True,True,trailing_eps_fallback_icc,,
PCRX,ok,True,True,True,True,True,forecast_icc,,1061213504.0
PCSA,failed,True,True,False,False,False,,missing_positive_eps,5646785.0
PCSC,failed,False,True,False,False,False,,missing_price,123246224.0
PCT,failed,True,True,False,False,False,,missing_positive_eps,1274556416.0
PCTY,ok,True,True,True,True,True,forecast_icc,,7320008192.0
PCVX,failed,True,True,False,False,False,,missing_positive_eps,8080494080.0
PCYO,ok,True,True,True,True,True,forecast_icc,,258082832.0
PD,ok,True,True,True,True,True,forecast_icc,,799761024.0
PDC,failed,True,True,False,False,False,,missing_positive_eps,24862552.0
PDCC,ok,True,True,True,False,True,forecast_icc,,62707816.0
PDD,ok,True,True,True,True,True,forecast_icc,,124461793280.0
PDEX,ok,True,True,True,True,True,forecast_icc,,180869808.0
PDFS,ok,True,True,True,True,True,forecast_icc,,1932195328.0
PDI,ok,True,True,False,True,True,trailing_eps_fallback_icc,,7435803136.0
PDLB,ok,True,True,True,True,True,forecast_icc,,486176800.0
PDM,failed,True,True,False,False,False,,missing_positive_eps,1246322944.0
PDO,ok,True,True,False,True,True,trailing_eps_fallback_icc,,1870835584.0
PDS,ok,True,True,True,False,True,forecast_icc,,979243008.0
PDSB,failed,True,True,False,False,False,,missing_positive_eps,39089344.0
PDX,failed,True,True,False,False,False,,missing_positive_eps,945104832.0
PDYN,failed,True,True,False,False,False,,missing_positive_eps,244725072.0
PEB,failed,True,True,False,False,False,,missing_positive_eps,2121138176.0
PEBK,ok,True,True,False,True,True,trailing_eps_fallback_icc,,228817056.0
PEBO,ok,True,True,True,True,True,forecast_icc,,1493664512.0
PECE,failed,True,True,False,False,False,,missing_positive_eps,86849880.0
PECO,ok,True,True,True,True,True,forecast_icc,,5991319552.0
PED,ok,True,False,True,False,True,forecast_icc,,
PEG,ok,True,True,True,True,True,forecast_icc,,38644826112.0
PEGA,ok,True,True,True,True,True,forecast_icc,,4937080832.0
PEN,ok,True,True,True,True,True,forecast_icc,,12579368960.0
PENG,ok,True,True,True,True,True,forecast_icc,,2635411968.0
PENN,ok,True,True,True,False,True,forecast_icc,,2747825920.0
PEO,ok,True,True,True,True,True,forecast_icc,,742377856.0
PEP,ok,True,True,True,True,True,forecast_icc,,191513198592.0
PEPG,failed,True,True,False,False,False,,missing_positive_eps,123121200.0
PERF,ok,True,True,True,True,True,forecast_icc,,196567936.0
PERI,ok,True,True,True,False,True,forecast_icc,,395681664.0
PESI,ok,True,True,True,False,True,forecast_icc,,356855776.0
PETS,ok,True,True,True,False,True,forecast_icc,,42316324.0
PETZ,ok,True,True,False,True,True,trailing_eps_fallback_icc,,12181456.0
PEW,failed,True,True,False,False,False,,missing_positive_eps,73794184.0
PEW-W,failed,False,False,False,False,False,,missing_price,
PFAI,failed,True,True,False,False,False,,missing_positive_eps,36500764.0
PFBC,ok,True,True,True,True,True,forecast_icc,,1237365120.0
PFE,ok,True,False,True,True,True,forecast_icc,,
PFG,ok,True,True,True,True,True,forecast_icc,,24453668864.0
PFGC,ok,True,True,True,True,True,forecast_icc,,18026061824.0
PFIS,ok,True,True,True,True,True,forecast_icc,,711873728.0
PFLT,ok,True,True,True,True,True,forecast_icc,,695517504.0
PFS,ok,True,False,True,True,True,forecast_icc,,
PFSA,failed,True,True,False,False,False,,missing_positive_eps,561800.0
PFSI,ok,True,True,True,True,True,forecast_icc,,3939540480.0
PFX,ok,True,True,True,False,True,forecast_icc,,83121120.0
PG,ok,True,False,True,True,True,forecast_icc,,
PGAC,ok,True,True,False,True,True,trailing_eps_fallback_icc,,118413864.0
PGC,ok,True,False,True,True,True,forecast_icc,,
PGEN,failed,True,True,False,False,False,,missing_positive_eps,2117675264.0
PGNY,ok,True,True,True,True,True,forecast_icc,,2466686208.0
PGP,ok,True,False,False,True,True,trailing_eps_fallback_icc,,
PGR,ok,True,True,True,True,True,forecast_icc,,124000993280.0
PGY,ok,True,True,True,True,True,forecast_icc,,1465830912.0
PGZ,ok,True,True,False,True,True,trailing_eps_fallback_icc,,68012160.0
PH,ok,True,True,True,True,True,forecast_icc,,121394716672.0
PHAR,ok,True,True,True,True,True,forecast_icc,,759221248.0
PHAT,ok,True,True,True,False,True,forecast_icc,,720196224.0
PHG,ok,True,True,True,True,True,forecast_icc,,25843181568.0
PHGE,failed,True,True,False,False,False,,missing_positive_eps,2035983.0
PHI,ok,True,False,True,True,True,forecast_icc,,
PHIN,ok,True,True,True,True,True,forecast_icc,,2704721920.0
PHIO,failed,True,True,False,False,False,,missing_positive_eps,11965768.0
PHM,ok,True,False,True,True,True,forecast_icc,,
PHOE,ok,True,True,False,True,True,trailing_eps_fallback_icc,,503064032.0
PHR,ok,True,True,True,True,True,forecast_icc,,655824128.0
PHUN,failed,True,True,False,False,False,,missing_positive_eps,43757480.0
PHVS,failed,True,True,False,False,False,,missing_positive_eps,2367525376.0
PI,ok,True,True,True,False,True,forecast_icc,,4492425216.0
PICS,ok,True,True,True,True,True,forecast_icc,,1671679232.0
PII,ok,True,True,True,False,True,forecast_icc,,3880251392.0
PIII,failed,True,True,False,False,False,,missing_positive_eps,2076724224.0
PIM,ok,True,True,False,True,True,trailing_eps_fallback_icc,,148889600.0
PINE,ok,True,True,True,True,True,forecast_icc,,360295840.0
PINS,ok,True,True,True,True,True,forecast_icc,,13684642816.0
PIPR,ok,True,True,True,True,True,forecast_icc,,5148048896.0
PJT,ok,True,True,True,True,True,forecast_icc,,6835722240.0
PK,ok,True,True,True,False,True,forecast_icc,,3032509440.0
PKBK,ok,True,True,False,True,True,trailing_eps_fallback_icc,,399924512.0
PKE,ok,True,True,True,True,True,forecast_icc,,729753152.0
PKG,ok,True,True,True,True,True,forecast_icc,,22152597504.0
PKOH,ok,True,True,True,True,True,forecast_icc,,568007808.0
PKX,ok,True,True,True,True,True,forecast_icc,,16482305024.0
PL,ok,True,True,True,False,True,forecast_icc,,7206458880.0
PLAB,ok,True,True,True,True,True,forecast_icc,,1744146176.0
PLAG,failed,True,True,False,False,False,,missing_positive_eps,9037774.0
PLAY,failed,True,True,False,False,False,,missing_positive_eps,377109472.0
PLBC,ok,True,True,True,True,True,forecast_icc,,426057536.0
PLBL,failed,True,True,False,False,False,,missing_positive_eps,1872240000.0
PLBY,ok,True,True,True,False,True,forecast_icc,,132934520.0
PLCE,failed,True,True,False,False,False,,missing_positive_eps,54258448.0
PLD,ok,True,False,True,True,True,forecast_icc,,
PLG,failed,True,False,False,False,False,,missing_positive_eps,
PLGO,ok,True,True,True,True,True,forecast_icc,,2142548736.0
PLMK,ok,True,True,False,True,True,trailing_eps_fallback_icc,,256489632.0
PLMR,ok,True,True,True,True,True,forecast_icc,,3612477952.0
PLNT,ok,True,True,True,True,True,forecast_icc,,4447206400.0
PLOW,ok,True,True,True,True,True,forecast_icc,,990914432.0
PLPC,ok,True,True,True,True,True,forecast_icc,,1801036800.0
PLRX,failed,True,True,False,False,False,,missing_positive_eps,65635460.0
PLRZ,failed,True,True,False,False,False,,missing_positive_eps,24215836.0
PLSE,failed,True,True,False,False,False,,missing_positive_eps,2425108480.0
PLSM,failed,True,True,False,False,False,,missing_positive_eps,22629898.0
PLTK,ok,True,True,True,False,True,forecast_icc,,1510106880.0
PLTR,ok,True,True,True,True,True,forecast_icc,,293095374848.0
PLTS,ok,True,True,False,True,True,trailing_eps_fallback_icc,,316034432.0
PLUG,failed,True,True,False,False,False,,missing_positive_eps,2915694080.0
PLUN,ok,True,True,False,True,True,trailing_eps_fallback_icc,,140854080.0
PLUN-R,failed,False,False,False,False,False,,missing_price,
PLUN-U,failed,False,False,False,False,False,,missing_price,
PLUR,failed,True,True,False,False,False,,missing_positive_eps,16831692.0
PLUS,ok,True,True,True,True,True,forecast_icc,,2379532544.0
PLUT,failed,True,True,False,False,False,,missing_positive_eps,45775236.0
PLX,ok,True,True,True,True,True,forecast_icc,,182897616.0
PLXS,ok,True,True,True,True,True,forecast_icc,,6474786304.0
PLYX,failed,True,True,False,False,False,,missing_positive_eps,107168888.0
PM,ok,True,True,True,True,True,forecast_icc,,299253760000.0
PMA,failed,True,True,False,False,False,,missing_positive_eps,16218750.0
PMAX,failed,True,True,False,False,False,,missing_positive_eps,2950372.0
PMCB,failed,True,True,False,False,False,,missing_positive_eps,6441389.0
PMEC,failed,True,True,False,False,False,,missing_positive_eps,15762900.0
PMI,failed,True,True,False,False,False,,missing_positive_eps,9025843.0
PML,ok,True,False,False,True,True,trailing_eps_fallback_icc,,
PMM,ok,True,True,False,True,True,trailing_eps_fallback_icc,,268565408.0
PMN,failed,True,True,False,False,False,,missing_positive_eps,133797984.0
PMT,ok,True,False,True,True,True,forecast_icc,,
PMTR,ok,True,True,False,True,True,trailing_eps_fallback_icc,,320276960.0
PMTS,ok,True,True,True,True,True,forecast_icc,,236168016.0
PMVP,failed,True,True,False,False,False,,missing_positive_eps,60264896.0
PN,failed,True,True,False,False,False,,missing_positive_eps,329013600.0
PNBK,ok,True,True,True,True,True,forecast_icc,,128179552.0
PNC,ok,True,True,True,True,True,forecast_icc,,99235291136.0
PNFP,ok,True,True,True,True,True,forecast_icc,,15830839296.0
PNI,failed,True,False,False,False,False,,missing_positive_eps,
PNNT,ok,True,True,True,True,True,forecast_icc,,217436000.0
PNR,ok,True,True,True,True,True,forecast_icc,,10560732160.0
PNRG,ok,True,True,True,True,True,forecast_icc,,292307872.0
PNTG,ok,True,True,True,True,True,forecast_icc,,1429989632.0
PNW,ok,True,False,True,True,True,forecast_icc,,
POAS,failed,True,True,False,False,False,,missing_positive_eps,5777676.0
POCI,failed,True,True,False,False,False,,missing_positive_eps,45530652.0
PODC,ok,True,True,True,False,True,forecast_icc,,105086808.0
PODD,ok,True,True,True,True,True,forecast_icc,,11475770368.0
POET,failed,True,True,False,False,False,,missing_positive_eps,1256455296.0
POLA,failed,True,True,False,False,False,,missing_positive_eps,6151869.0
POLE,ok,True,True,False,True,True,trailing_eps_fallback_icc,,318708000.0
POM,failed,True,False,False,False,False,,missing_positive_eps,
PONO,failed,True,True,False,False,False,,missing_positive_eps,172784640.0
PONY,failed,True,True,False,False,False,,missing_positive_eps,3449243904.0
POOL,ok,True,True,True,True,True,forecast_icc,,6948951552.0
POR,ok,True,True,True,True,True,forecast_icc,,5796916224.0
POST,ok,True,True,True,True,True,forecast_icc,,4213187328.0
POWI,ok,True,True,True,True,True,forecast_icc,,3391675392.0
POWL,ok,True,True,True,True,True,forecast_icc,,7625143808.0
POWW,failed,True,True,False,False,False,,missing_positive_eps,247428256.0
PPBT,ok,True,True,False,True,True,trailing_eps_fallback_icc,,1277215.0
PPC,ok,True,True,True,True,True,forecast_icc,,6980629504.0
PPCB,ok,True,True,False,True,True,trailing_eps_fallback_icc,,2369505.0
PPG,ok,True,False,True,True,True,forecast_icc,,
PPHC,ok,True,True,True,False,True,forecast_icc,,317476544.0
PPIH,ok,True,True,True,True,True,forecast_icc,,197129792.0
PPL,ok,True,False,True,True,True,forecast_icc,,
PPLI,ok,True,True,True,True,True,forecast_icc,,3083361792.0
PPSI,failed,True,True,False,False,False,,missing_positive_eps,32955910.0
PPT,ok,True,False,False,True,True,trailing_eps_fallback_icc,,
PPTA,failed,True,True,False,False,False,,missing_positive_eps,2365537024.0
PR,ok,True,True,True,True,True,forecast_icc,,18092259328.0
PRAA,ok,True,True,True,False,True,forecast_icc,,661744448.0
PRAX,failed,True,True,False,False,False,,missing_positive_eps,8579692544.0
PRCH,failed,True,True,False,False,False,,missing_positive_eps,1568842880.0
PRCT,failed,True,True,False,False,False,,missing_positive_eps,1024539200.0
PRDO,ok,True,True,True,True,True,forecast_icc,,2035343616.0
PRE,failed,True,True,False,False,False,,missing_positive_eps,327087552.0
PRFX,failed,True,True,False,False,False,,missing_positive_eps,3133084.0
PRG,ok,True,True,True,True,True,forecast_icc,,1721216640.0
PRGO,ok,True,True,True,False,True,forecast_icc,,1426571776.0
PRGS,ok,True,True,True,True,True,forecast_icc,,1654462208.0
PRHI,failed,True,True,False,False,False,,missing_positive_eps,18685000.0
PRI,ok,True,True,True,True,True,forecast_icc,,10082413568.0
PRIM,ok,True,True,True,True,True,forecast_icc,,4646935552.0
PRK,ok,True,True,True,True,True,forecast_icc,,3741990656.0
PRKS,ok,True,True,True,True,True,forecast_icc,,2146551936.0
PRLB,ok,True,True,True,True,True,forecast_icc,,1787884416.0
PRLD,failed,True,True,False,False,False,,missing_positive_eps,402208800.0
PRM,ok,True,True,True,False,True,forecast_icc,,6073220096.0
PRMB,ok,True,True,True,True,True,forecast_icc,,8262517760.0
PRME,failed,True,True,False,False,False,,missing_positive_eps,545464704.0
PROF,failed,True,True,False,False,False,,missing_positive_eps,263447856.0
PROK,failed,True,True,False,False,False,,missing_positive_eps,477254208.0
PROP,ok,True,True,True,False,True,forecast_icc,,70719000.0
PROV,ok,True,True,True,True,True,forecast_icc,,111249264.0
PRPL,failed,True,True,False,False,False,,missing_positive_eps,31646498.0
PRPO,ok,True,True,True,False,True,forecast_icc,,37874412.0
PRQR,failed,True,True,False,False,False,,missing_positive_eps,251196224.0
PRSO,failed,True,True,False,False,False,,missing_positive_eps,9707156.0
PRSU,ok,True,True,True,True,True,forecast_icc,,1403480960.0
PRTA,ok,True,True,True,False,True,forecast_icc,,440290720.0
PRTH,ok,True,True,True,True,True,forecast_icc,,544367680.0
PRTS,failed,True,True,False,False,False,,missing_positive_eps,42356468.0
PRU,ok,True,False,True,True,True,forecast_icc,,
PRVA,ok,True,True,True,True,True,forecast_icc,,3006655488.0
PRZO,failed,True,True,False,False,False,,missing_positive_eps,11260779.0
PS,ok,True,True,True,False,True,forecast_icc,,13427999744.0
PSA,ok,True,True,True,True,True,forecast_icc,,59282440192.0
PSBD,ok,True,True,True,False,True,forecast_icc,,298759840.0
PSF,ok,True,True,False,True,True,trailing_eps_fallback_icc,,233707680.0
PSFE,ok,True,True,True,False,True,forecast_icc,,437698720.0
PSHG,ok,True,True,True,True,True,forecast_icc,,22750850.0
PSIG,failed,True,True,False,False,False,,missing_positive_eps,18298122.0
PSIX,ok,True,True,True,True,True,forecast_icc,,641494016.0
PSKY,ok,True,True,True,True,True,forecast_icc,,8740742144.0
PSMT,ok,True,True,True,True,True,forecast_icc,,5937256448.0
PSN,ok,True,True,True,True,True,forecast_icc,,4610788352.0
PSNL,failed,True,True,False,False,False,,missing_positive_eps,1310900736.0
PSNY,failed,True,True,False,False,False,,missing_positive_eps,2054737920.0
PSNYW,failed,True,True,False,False,False,,missing_positive_eps,359361760.0
PSO,ok,True,True,True,True,True,forecast_icc,,10453233664.0
PSQH,failed,True,True,False,False,False,,missing_positive_eps,13930156.0
PSQH-W,failed,False,False,False,False,False,,missing_price,
PSTL,ok,True,True,True,True,True,forecast_icc,,865573632.0
PSTV,ok,True,True,False,True,True,trailing_eps_fallback_icc,,25126224.0
PSUS,ok,True,False,True,False,True,forecast_icc,,
PSX,ok,True,True,True,True,True,forecast_icc,,84436918272.0
PTA,ok,True,True,False,True,True,trailing_eps_fallback_icc,,1039140928.0
PTAC,failed,True,True,False,False,False,,missing_positive_eps,219453008.0
PTC,ok,True,True,True,True,True,forecast_icc,,15743439872.0
PTCT,ok,True,True,True,False,True,forecast_icc,,6264333824.0
PTEN,ok,True,True,True,False,True,forecast_icc,,3739234048.0
PTGX,ok,True,True,True,False,True,forecast_icc,,8916128768.0
PTHS,failed,True,True,False,False,False,,missing_positive_eps,91235680.0
PTLE,failed,True,True,False,False,False,,missing_positive_eps,64255876.0
PTLO,ok,True,True,True,True,True,forecast_icc,,334400032.0
PTN,ok,True,True,False,True,True,trailing_eps_fallback_icc,,13896138.0
PTNM,ok,True,True,False,True,True,trailing_eps_fallback_icc,,239099888.0
PTON,ok,True,True,True,True,True,forecast_icc,,2762488576.0
PTOR,failed,True,True,False,False,False,,missing_positive_eps,421022752.0
PTRN,ok,True,True,True,False,True,forecast_icc,,4753331200.0
PUBM,ok,True,True,True,False,True,forecast_icc,,591687936.0
PUK,ok,True,True,True,True,True,forecast_icc,,38532444160.0
PULM,failed,True,True,False,False,False,,missing_positive_eps,6208884.0
PUMP,ok,True,True,True,False,True,forecast_icc,,1326715648.0
PURR,failed,True,True,False,False,False,,missing_positive_eps,1238284288.0
PUSA,failed,True,True,False,False,False,,missing_positive_eps,64814048.0
PVH,ok,True,False,True,True,True,forecast_icc,,
PVLA,failed,True,True,False,False,False,,missing_positive_eps,2154151680.0
PW,ok,True,True,True,False,True,forecast_icc,,2937816.0
PWCM,failed,True,True,False,False,False,,missing_positive_eps,1803895.0
PWP,ok,True,True,True,True,True,forecast_icc,,1417606656.0
PWR,ok,True,True,True,True,True,forecast_icc,,98736570368.0
PWRL,failed,True,True,False,False,False,,missing_positive_eps,508969344.0
PXED,ok,True,True,True,True,True,forecast_icc,,1068083712.0
PXLW,failed,True,True,False,False,False,,missing_positive_eps,37352324.0
PXS,ok,True,True,True,True,True,forecast_icc,,48533776.0
PYPD,failed,True,True,False,False,False,,missing_positive_eps,83790720.0
PYPL,ok,True,True,True,True,True,forecast_icc,,49317318656.0
PYT,failed,True,False,False,False,False,,missing_positive_eps,
PYXS,failed,True,True,False,False,False,,missing_positive_eps,181830224.0
PZG,failed,True,False,False,False,False,,missing_positive_eps,
PZZA,ok,True,True,True,True,True,forecast_icc,,994627840.0
Q,ok,True,True,True,True,True,forecast_icc,,27322953728.0
QADR,failed,True,True,False,False,False,,missing_positive_eps,249000000.0
QBTS,failed,True,True,False,False,False,,missing_positive_eps,6660604416.0
QCLS,failed,True,True,False,False,False,,missing_positive_eps,21282792.0
QCOM,ok,True,True,True,True,True,forecast_icc,,159786401792.0
QCRH,ok,True,True,True,True,True,forecast_icc,,1687465344.0
QDEL,ok,True,True,True,False,True,forecast_icc,,1129924736.0
QETA,failed,True,True,False,False,False,,missing_positive_eps,43998560.0
QFIN,ok,True,True,True,True,True,forecast_icc,,1686263680.0
QGEN,ok,True,True,True,True,True,forecast_icc,,8549062656.0
QH,failed,True,True,False,False,False,,missing_positive_eps,403592118272.0
QLEP,failed,True,True,False,False,False,,missing_positive_eps,299769248.0
QLEP-W,failed,False,False,False,False,False,,missing_price,
QLYS,ok,True,True,True,True,True,forecast_icc,,4990602240.0
QMCO,ok,True,True,True,False,True,forecast_icc,,442569376.0
QMLS,failed,True,True,False,False,False,,missing_positive_eps,218243072.0
QMMM,failed,True,True,False,False,False,,missing_positive_eps,6830437376.0
QNC,failed,True,True,False,False,False,,missing_positive_eps,467257408.0
QNCX,failed,True,True,False,False,False,,missing_positive_eps,22522488.0
QNRX,failed,True,True,False,False,False,,missing_positive_eps,8837039.0
QNST,ok,True,True,True,True,True,forecast_icc,,890403200.0
QNT,failed,True,True,False,False,False,,missing_positive_eps,13366170624.0
QNTM,failed,True,True,False,False,False,,missing_positive_eps,18172156.0
QRED,failed,True,True,False,False,False,,missing_positive_eps,160400000.0
QRED-R,failed,False,False,False,False,False,,missing_price,
QRED-U,failed,False,False,False,False,False,,missing_price,
QRHC,ok,True,True,True,False,True,forecast_icc,,27817036.0
QRVO,ok,True,True,True,True,True,forecast_icc,,8005230592.0
QS,failed,True,True,False,False,False,,missing_positive_eps,3217208832.0
QSEA,ok,True,True,False,True,True,trailing_eps_fallback_icc,,108033960.0
QSI,failed,True,True,False,False,False,,missing_positive_eps,156787328.0
QSR,ok,True,False,True,True,True,forecast_icc,,
QTEX,ok,True,True,True,False,True,forecast_icc,,46243852.0
QTI,failed,True,True,False,False,False,,missing_positive_eps,37176040.0
QTRX,failed,True,True,False,False,False,,missing_positive_eps,165813056.0
QTTB,ok,True,True,False,True,True,trailing_eps_fallback_icc,,462269152.0
QTWO,ok,True,True,True,True,True,forecast_icc,,3697807104.0
QUAD,ok,True,True,True,True,True,forecast_icc,,509408096.0
QUBT,failed,True,True,False,False,False,,missing_positive_eps,1808790784.0
QUCY,failed,True,True,False,False,False,,missing_positive_eps,25271652.0
QUIK,ok,True,True,True,False,True,forecast_icc,,228107872.0
QUMS,ok,True,True,False,True,True,trailing_eps_fallback_icc,,112423160.0
QURE,failed,True,True,False,False,False,,missing_positive_eps,2926568960.0
QXL,failed,True,True,False,False,False,,missing_positive_eps,60013764.0
QXO,ok,True,True,True,False,True,forecast_icc,,13968860160.0
R,ok,True,True,True,True,True,forecast_icc,,9900011520.0
RA,ok,True,True,False,True,True,trailing_eps_fallback_icc,,705602496.0
RAAQ,failed,False,True,False,False,False,,missing_price,308660000.0
RAC,failed,True,True,False,False,False,,missing_positive_eps,308216800.0
RAC-U,failed,False,False,False,False,False,,missing_price,
RAC-W,failed,False,False,False,False,False,,missing_price,
RACC,failed,True,True,False,False,False,,missing_positive_eps,228243072.0
RACD,failed,True,True,False,False,False,,missing_positive_eps,101084656.0
RACE,ok,True,True,True,True,True,forecast_icc,,69933162496.0
RADX,failed,True,True,False,False,False,,missing_positive_eps,25226128.0
RAIL,ok,True,True,True,True,True,forecast_icc,,261222800.0
RAIN,failed,True,True,False,False,False,,missing_positive_eps,15926273.0
RAL,ok,True,True,True,False,True,forecast_icc,,7499521024.0
RAMP,ok,True,True,True,True,True,forecast_icc,,2297114880.0
RANG,ok,True,True,False,True,True,trailing_eps_fallback_icc,,23181852.0
RANI,failed,True,True,False,False,False,,missing_positive_eps,112777888.0
RAPP,failed,True,True,False,False,False,,missing_positive_eps,2046035968.0
RARE,ok,True,True,True,False,True,forecast_icc,,2564659456.0
RAVE,ok,True,True,False,True,True,trailing_eps_fallback_icc,,44055856.0
RAY,ok,True,True,False,True,True,trailing_eps_fallback_icc,,15623878.0
RAYA,failed,True,True,False,False,False,,missing_positive_eps,2383644.0
RBA,ok,True,True,True,True,True,forecast_icc,,20494864384.0
RBB,ok,True,True,True,True,True,forecast_icc,,446050272.0
RBBN,ok,True,True,True,True,True,forecast_icc,,373414816.0
RBC,ok,True,True,True,True,True,forecast_icc,,17775908864.0
RBCAA,ok,True,True,True,True,True,forecast_icc,,1931169408.0
RBKB,ok,True,True,False,True,True,trailing_eps_fallback_icc,,195165184.0
RBLX,failed,True,True,False,False,False,,missing_positive_eps,34846683136.0
RBNE,ok,True,True,False,True,True,trailing_eps_fallback_icc,,1420804.0
RBRK,ok,True,True,True,False,True,forecast_icc,,14733208576.0
RC,failed,True,True,False,False,False,,missing_positive_eps,261781664.0
RCAT,failed,True,True,False,False,False,,missing_positive_eps,1123179008.0
RCEL,failed,True,True,False,False,False,,missing_positive_eps,138187328.0
RCG,ok,True,False,False,True,True,trailing_eps_fallback_icc,,
RCI,ok,True,True,True,True,True,forecast_icc,,18410878976.0
RCKT,failed,True,True,False,False,False,,missing_positive_eps,350511296.0
RCKY,ok,True,True,True,True,True,forecast_icc,,366382912.0
RCL,ok,True,True,True,True,True,forecast_icc,,86103523328.0
RCMT,ok,True,True,True,True,True,forecast_icc,,201819808.0
RCON,failed,True,True,False,False,False,,missing_positive_eps,32616810.0
RCT,failed,True,True,False,False,False,,missing_positive_eps,11278784.0
RCUS,failed,True,True,False,False,False,,missing_positive_eps,3553091840.0
RDAC,ok,True,True,False,True,True,trailing_eps_fallback_icc,,35709748.0
RDAG,failed,True,True,False,False,False,,missing_positive_eps,388125024.0
RDCM,ok,True,True,True,True,True,forecast_icc,,167885920.0
RDDT,ok,True,True,True,True,True,forecast_icc,,34274308096.0
RDGT,failed,True,True,False,False,False,,missing_positive_eps,2867699.0
RDHL,ok,True,True,True,False,True,forecast_icc,,3835236.0
RDI,failed,True,True,False,False,False,,missing_positive_eps,50713428.0
RDIB,failed,True,True,False,False,False,,missing_positive_eps,191960848.0
RDN,ok,True,False,True,True,True,forecast_icc,,
RDNT,ok,True,True,True,False,True,forecast_icc,,4929580544.0
RDNW,failed,True,True,False,False,False,,missing_positive_eps,248115536.0
RDVT,ok,True,True,True,True,True,forecast_icc,,964485824.0
RDW,failed,True,True,False,False,False,,missing_positive_eps,2022850688.0
RDWR,ok,True,True,True,True,True,forecast_icc,,1049116416.0
RDY,ok,True,True,True,True,True,forecast_icc,,9854390272.0
RDZN,ok,True,True,True,True,True,forecast_icc,,98515424.0
REA,failed,True,True,False,False,False,,missing_positive_eps,200665408.0
REAL,ok,True,True,True,False,True,forecast_icc,,1435008768.0
REAX,failed,True,True,False,False,False,,missing_positive_eps,357428384.0
REBN,failed,True,True,False,False,False,,missing_positive_eps,11498837.0
RECT,ok,True,True,False,True,True,trailing_eps_fallback_icc,,16675000.0
REE,failed,False,True,False,False,False,,missing_price,2239673.0
REED,failed,True,True,False,False,False,,missing_positive_eps,9782096.0
REF,failed,True,True,False,False,False,,missing_positive_eps,890869184.0
REFI,ok,True,True,True,True,True,forecast_icc,,249300592.0
REFR,failed,True,True,False,False,False,,missing_positive_eps,13605409.0
REG,ok,True,False,True,True,True,forecast_icc,,
REGN,ok,True,True,True,True,True,forecast_icc,,77406855168.0
REI,ok,True,True,True,False,True,forecast_icc,,314778496.0
REKR,failed,True,True,False,False,False,,missing_positive_eps,84628992.0
RELL,ok,True,True,True,True,True,forecast_icc,,265133104.0
RELX,ok,True,True,True,True,True,forecast_icc,,63914647552.0
RELY,ok,True,True,True,True,True,forecast_icc,,4937657344.0
RENT,ok,True,True,False,True,True,trailing_eps_fallback_icc,,119231816.0
RENX,failed,True,True,False,False,False,,missing_positive_eps,4781830.0
REPL,failed,True,True,False,False,False,,missing_positive_eps,454581024.0
REPX,ok,True,True,True,True,True,forecast_icc,,727248192.0
RERE,ok,True,True,True,True,True,forecast_icc,,923616896.0
RES,ok,True,True,True,True,True,forecast_icc,,1201277568.0
RETO,failed,True,True,False,False,False,,missing_positive_eps,23292200.0
REVB,failed,True,True,False,False,False,,missing_positive_eps,3890050.0
REX,ok,True,True,True,True,True,forecast_icc,,1440366336.0
REXR,ok,True,True,True,False,True,forecast_icc,,8775026688.0
REYN,ok,True,True,True,True,True,forecast_icc,,5324580352.0
REZI,ok,True,True,True,False,True,forecast_icc,,5257519616.0
REZI-V,failed,False,False,False,False,False,,missing_price,
RF,ok,True,False,True,True,True,forecast_icc,,
RFAI,ok,True,True,False,True,True,trailing_eps_fallback_icc,,92282048.0
RFAM,failed,True,True,False,False,False,,missing_positive_eps,137800672.0
RFI,ok,True,False,False,True,True,trailing_eps_fallback_icc,,
RFIL,ok,True,True,True,True,True,forecast_icc,,129847704.0
RFL,failed,True,True,False,False,False,,missing_positive_eps,103999992.0
RFM,ok,True,True,False,True,True,trailing_eps_fallback_icc,,89274608.0
RFMZ,ok,True,True,False,True,True,trailing_eps_fallback_icc,,319495040.0
RGA,ok,True,True,True,True,True,forecast_icc,,15596063744.0
RGC,failed,True,False,False,False,False,,missing_positive_eps,
RGCO,ok,True,True,True,True,True,forecast_icc,,224378272.0
RGEN,ok,True,True,True,True,True,forecast_icc,,7025508864.0
RGLD,ok,True,True,True,True,True,forecast_icc,,17231312896.0
RGNT,failed,True,True,False,False,False,,missing_positive_eps,12643057.0
RGNX,failed,True,True,False,False,False,,missing_positive_eps,647884864.0
RGP,failed,True,True,False,False,False,,missing_positive_eps,147074272.0
RGR,ok,True,True,True,False,True,forecast_icc,,622782528.0
RGS,ok,True,False,True,True,True,forecast_icc,,
RGT,ok,True,False,False,True,True,trailing_eps_fallback_icc,,
RGTI,failed,True,True,False,False,False,,missing_positive_eps,4939446272.0
RGTIW,failed,True,False,False,False,False,,missing_positive_eps,
RH,ok,True,True,True,True,True,forecast_icc,,3145727232.0
RHI,ok,True,False,True,True,True,forecast_icc,,
RHLD,ok,True,True,False,True,True,trailing_eps_fallback_icc,,1046383040.0
RHP,ok,True,True,True,True,True,forecast_icc,,8409310720.0
RIBB,ok,True,True,False,True,True,trailing_eps_fallback_icc,,51865084.0
RICK,ok,True,True,True,False,True,forecast_icc,,196616528.0
RIG,ok,True,False,True,False,True,forecast_icc,,
RIGL,ok,True,True,True,True,True,forecast_icc,,704189184.0
RILY,ok,True,True,False,True,True,trailing_eps_fallback_icc,,281764832.0
RIME,failed,True,True,False,False,False,,missing_positive_eps,6386346.0
RIO,ok,True,True,True,True,True,forecast_icc,,158039195648.0
RIOT,failed,True,True,False,False,False,,missing_positive_eps,8364705792.0
RITM,ok,True,True,True,True,True,forecast_icc,,5511477248.0
RITR,failed,True,True,False,False,False,,missing_positive_eps,3902734.0
RIV,ok,True,True,False,True,True,trailing_eps_fallback_icc,,309842688.0
RIVN,failed,True,True,False,False,False,,missing_positive_eps,24359213056.0
RJET,ok,True,True,False,True,True,trailing_eps_fallback_icc,,1019477696.0
RJF,ok,True,True,True,True,True,forecast_icc,,33611737088.0
RKDA,failed,True,True,False,False,False,,missing_positive_eps,1381025.0
RKLB,ok,True,True,True,False,True,forecast_icc,,40413278208.0
RKT,ok,True,False,True,False,True,forecast_icc,,
RKTO,failed,True,True,False,False,False,,missing_positive_eps,17659192.0
RL,ok,True,True,True,True,True,forecast_icc,,22967953408.0
RLAY,failed,True,True,False,False,False,,missing_positive_eps,4238939648.0
RLGT,ok,True,True,True,True,True,forecast_icc,,388234496.0
RLI,ok,True,True,True,True,True,forecast_icc,,5619260928.0
RLJ,failed,True,True,False,False,False,,missing_positive_eps,1879756160.0
RLMD,failed,True,True,False,False,False,,missing_positive_eps,561682304.0
RLTY,ok,True,True,False,True,True,trailing_eps_fallback_icc,,266889600.0
RLX,ok,True,True,True,True,True,forecast_icc,,2420064000.0
RLYB,failed,True,True,False,False,False,,missing_positive_eps,85281784.0
RM,ok,True,False,True,True,True,forecast_icc,,
RMAX,ok,True,True,True,True,True,forecast_icc,,510871168.0
RMBI,ok,True,True,False,True,True,trailing_eps_fallback_icc,,248851008.0
RMBS,ok,True,True,True,True,True,forecast_icc,,9715990528.0
RMCF,ok,True,True,True,False,True,forecast_icc,,8118045.0
RMCO,failed,True,False,False,False,False,,missing_positive_eps,
RMD,ok,True,True,True,True,True,forecast_icc,,30252959744.0
RMI,ok,True,True,False,True,True,trailing_eps_fallback_icc,,96574264.0
RMIX,ok,True,True,True,True,True,forecast_icc,,1644348544.0
RMM,ok,True,True,False,True,True,trailing_eps_fallback_icc,,282079296.0
RMMZ,ok,True,True,False,True,True,trailing_eps_fallback_icc,,124542144.0
RMNI,ok,True,True,True,True,True,forecast_icc,,454469600.0
RMR,ok,True,True,True,True,True,forecast_icc,,332637152.0
RMSG,failed,True,True,False,False,False,,missing_positive_eps,4779016.0
RMT,ok,True,True,False,True,True,trailing_eps_fallback_icc,,732655744.0
RMTI,ok,True,True,True,False,True,forecast_icc,,28023906.0
RNA,failed,True,True,False,False,False,,missing_positive_eps,196030688.0
RNAC,failed,True,True,False,False,False,,missing_positive_eps,227119104.0
RNAZ,failed,True,True,False,False,False,,missing_positive_eps,5557025.0
RNG,ok,True,True,True,True,True,forecast_icc,,4484758528.0
RNGR,ok,True,True,True,True,True,forecast_icc,,363433440.0
RNGT,failed,True,True,False,False,False,,missing_positive_eps,316712608.0
RNP,ok,True,True,False,True,True,trailing_eps_fallback_icc,,988321664.0
RNR,ok,True,True,True,True,True,forecast_icc,,13228460032.0
RNST,ok,True,True,True,True,True,forecast_icc,,3961416192.0
RNTX,failed,True,True,False,False,False,,missing_positive_eps,65693976.0
RNW,ok,True,True,True,True,True,forecast_icc,,2247099392.0
RNXT,failed,True,True,False,False,False,,missing_positive_eps,42447304.0
ROAD,ok,True,True,True,True,True,forecast_icc,,5749018112.0
ROC,failed,True,True,False,False,False,,missing_positive_eps,85669768.0
ROCK,ok,True,True,True,True,True,forecast_icc,,1271606528.0
ROG,ok,True,True,True,True,True,forecast_icc,,2182438656.0
ROIV,failed,True,True,False,False,False,,missing_positive_eps,24829214720.0
ROK,ok,True,True,True,True,True,forecast_icc,,52411146240.0
ROKU,ok,True,True,True,True,True,forecast_icc,,21522962432.0
ROL,ok,True,True,True,True,True,forecast_icc,,18451924992.0
ROLR,ok,True,True,False,True,True,trailing_eps_fallback_icc,,63071676.0
ROMA,failed,True,True,False,False,False,,missing_positive_eps,591476224.0
ROOT,ok,True,True,True,True,True,forecast_icc,,918558208.0
ROP,ok,True,True,True,True,True,forecast_icc,,38496825344.0
ROST,ok,True,True,True,True,True,forecast_icc,,81019682816.0
RPAY,ok,True,True,True,False,True,forecast_icc,,348823872.0
RPC,ok,True,True,True,True,True,forecast_icc,,940976064.0
RPD,ok,True,True,True,True,True,forecast_icc,,633554240.0
RPGL,ok,True,True,False,True,True,trailing_eps_fallback_icc,,2142542.0
RPID,failed,True,True,False,False,False,,missing_positive_eps,105124008.0
RPM,ok,True,True,True,True,True,forecast_icc,,13763744768.0
RPRX,ok,True,True,True,True,True,forecast_icc,,33985615872.0
RPT,ok,True,True,True,False,True,forecast_icc,,97157048.0
RQI,ok,True,True,False,True,True,trailing_eps_fallback_icc,,1699231872.0
RR,failed,True,True,False,False,False,,missing_positive_eps,321978208.0
RRBI,ok,True,True,True,True,True,forecast_icc,,648658432.0
RRC,ok,True,True,True,True,True,forecast_icc,,9242024960.0
RREV,failed,True,False,False,False,False,,missing_positive_eps,
RRGB,ok,True,True,True,False,True,forecast_icc,,144482288.0
RRR,ok,True,True,True,True,True,forecast_icc,,6578900992.0
RRX,ok,True,True,True,True,True,forecast_icc,,13486329856.0
RS,ok,True,True,True,True,True,forecast_icc,,20473896960.0
RSF,ok,True,True,True,True,True,forecast_icc,,61867504.0
RSG,ok,True,False,True,True,True,forecast_icc,,
RSI,ok,True,True,True,True,True,forecast_icc,,6196926976.0
RSKD,ok,True,True,True,False,True,forecast_icc,,701132288.0
RSSS,ok,True,True,True,True,True,forecast_icc,,74253520.0
RSVR,ok,True,True,True,True,True,forecast_icc,,708820352.0
RTAC,ok,True,True,False,True,True,trailing_eps_fallback_icc,,398521664.0
RTB,failed,True,True,False,False,False,,missing_positive_eps,225683344.0
RTO,ok,True,True,True,True,True,forecast_icc,,12203763712.0
RTX,ok,True,True,True,True,True,forecast_icc,,288932397056.0
RUBI,ok,True,True,False,True,True,trailing_eps_fallback_icc,,1373377.0
RUM,failed,True,True,False,False,False,,missing_positive_eps,1626889216.0
RUN,ok,True,True,True,True,True,forecast_icc,,2270989312.0
RUSHA,ok,True,True,True,True,True,forecast_icc,,6211661312.0
RUSHB,ok,True,True,False,True,True,trailing_eps_fallback_icc,,6072553984.0
RVI,failed,True,True,False,False,False,,missing_positive_eps,678455680.0
RVLV,ok,True,True,True,True,True,forecast_icc,,1820373120.0
RVMD,failed,True,True,False,False,False,,missing_positive_eps,40854663168.0
RVP,failed,True,True,False,False,False,,missing_positive_eps,20057898.0
RVSB,ok,True,True,True,False,True,forecast_icc,,107307360.0
RVSN,failed,True,True,False,False,False,,missing_positive_eps,8834671.0
RVT,ok,True,True,False,True,True,trailing_eps_fallback_icc,,2202548480.0
RVTY,ok,True,True,True,True,True,forecast_icc,,12666497024.0
RWAY,ok,True,True,True,False,True,forecast_icc,,234404288.0
RXO,ok,True,True,True,False,True,forecast_icc,,3392410880.0
RXRX,failed,True,True,False,False,False,,missing_positive_eps,1613517056.0
RXST,failed,True,True,False,False,False,,missing_positive_eps,251691376.0
RXT,ok,True,True,True,False,True,forecast_icc,,1068955264.0
RY,ok,True,True,True,True,True,forecast_icc,,291995844608.0
RYAAY,ok,True,True,True,True,True,forecast_icc,,31234654208.0
RYAM,ok,True,True,True,False,True,forecast_icc,,604249408.0
RYAN,ok,True,True,True,True,True,forecast_icc,,11638747136.0
RYDE,failed,True,True,False,False,False,,missing_positive_eps,98025088.0
RYET,failed,True,True,False,False,False,,missing_positive_eps,37652804.0
RYM,failed,True,True,False,False,False,,missing_positive_eps,39329040.0
RYN,ok,True,False,True,True,True,forecast_icc,,
RYOJ,ok,True,True,False,True,True,trailing_eps_fallback_icc,,54284996.0
RYTM,failed,True,True,False,False,False,,missing_positive_eps,7253084672.0
RYZ,ok,True,True,True,False,True,forecast_icc,,1391136640.0
RZLT,failed,True,True,False,False,False,,missing_positive_eps,469906560.0
RZLV,failed,True,True,False,False,False,,missing_positive_eps,949209664.0
S,ok,True,True,True,False,True,forecast_icc,,6307588096.0
SA,failed,True,True,False,False,False,,missing_positive_eps,2892904448.0
SAAQ,failed,True,True,False,False,False,,missing_positive_eps,397209600.0
SABR,ok,True,True,True,False,True,forecast_icc,,739235840.0
SABS,failed,True,True,False,False,False,,missing_positive_eps,272212192.0
SAC,failed,True,True,False,False,False,,missing_positive_eps,317430688.0
SAC-U,failed,False,False,False,False,False,,missing_price,
SAC-W,failed,False,False,False,False,False,,missing_price,
SACH,ok,True,True,True,False,True,forecast_icc,,38609092.0
SAFE,ok,True,True,True,True,True,forecast_icc,,1134302464.0
SAFT,ok,True,True,True,True,True,forecast_icc,,1515183616.0
SAFX,ok,True,True,False,True,True,trailing_eps_fallback_icc,,136080720.0
SAGT,ok,True,True,False,True,True,trailing_eps_fallback_icc,,16423005.0
SAGU,failed,True,True,False,False,False,,missing_positive_eps,160795184.0
SAGU-R,failed,False,False,False,False,False,,missing_price,
SAGU-U,failed,False,False,False,False,False,,missing_price,
SAGU-W,failed,False,False,False,False,False,,missing_price,
SAH,ok,True,False,True,True,True,forecast_icc,,
SAIA,ok,True,True,True,True,True,forecast_icc,,9327431680.0
SAIC,ok,True,True,True,True,True,forecast_icc,,4892273664.0
SAIH,failed,True,True,False,False,False,,missing_positive_eps,33202002.0
SAIL,ok,True,True,True,False,True,forecast_icc,,9171348480.0
SAM,ok,True,True,True,False,True,forecast_icc,,1929714944.0
SAMG,ok,True,True,True,True,True,forecast_icc,,76050024.0
SAMO-U,failed,False,False,False,False,False,,missing_price,
SAN,ok,True,True,True,True,True,forecast_icc,,201689530368.0
SANA,failed,True,True,False,False,False,,missing_positive_eps,904447616.0
SANG,ok,True,True,True,False,True,forecast_icc,,135444688.0
SANM,ok,True,True,True,True,True,forecast_icc,,9834042368.0
SAP,ok,True,True,True,True,True,forecast_icc,,208772481024.0
SAR,ok,True,True,True,True,True,forecast_icc,,307454848.0
SARO,ok,True,True,True,True,True,forecast_icc,,9635037184.0
SATL,failed,True,True,False,False,False,,missing_positive_eps,517371904.0
SB,ok,True,True,True,True,True,forecast_icc,,809521280.0
SBAC,ok,True,True,True,True,True,forecast_icc,,19292862464.0
SBC,ok,True,True,True,True,True,forecast_icc,,311833920.0
SBCF,ok,True,True,True,True,True,forecast_icc,,3347171072.0
SBET,ok,True,True,True,False,True,forecast_icc,,1347783168.0
SBEV,failed,True,True,False,False,False,,missing_positive_eps,2174130.0
SBFG,ok,True,True,True,True,True,forecast_icc,,166435984.0
SBFM,ok,True,True,True,False,True,forecast_icc,,2612071.0
SBGI,ok,True,True,True,True,True,forecast_icc,,993720128.0
SBH,ok,True,True,True,True,True,forecast_icc,,1464520320.0
SBI,ok,True,True,True,True,True,forecast_icc,,106884784.0
SBLK,ok,True,True,True,True,True,forecast_icc,,3251126528.0
SBMT,failed,True,True,False,False,False,,missing_positive_eps,201974944.0
SBR,ok,True,True,False,True,True,trailing_eps_fallback_icc,,1059480960.0
SBRA,ok,True,True,True,True,True,forecast_icc,,5376692736.0
SBS,ok,True,True,True,True,True,forecast_icc,,19182362624.0
SBSI,ok,True,True,True,True,True,forecast_icc,,959790208.0
SBSW,ok,True,True,True,False,True,forecast_icc,,6575436288.0
SBUX,ok,True,True,True,True,True,forecast_icc,,120637243392.0
SBXD,ok,True,True,False,True,True,trailing_eps_fallback_icc,,276314016.0
SBXD-U,failed,False,False,False,False,False,,missing_price,
SBXD-W,failed,False,False,False,False,False,,missing_price,
SBXE,failed,True,True,False,False,False,,missing_positive_eps,349830016.0
SBXE-U,failed,False,False,False,False,False,,missing_price,
SBXE-W,failed,False,False,False,False,False,,missing_price,
SCAG,failed,True,True,False,False,False,,missing_positive_eps,21855508.0
SCCO,ok,True,True,True,True,True,forecast_icc,,145045995520.0
SCD,failed,True,True,False,False,False,,missing_positive_eps,354131968.0
SCHL,ok,True,True,True,True,True,forecast_icc,,789210176.0
SCHW,ok,True,True,True,True,True,forecast_icc,,181444001792.0
SCI,ok,True,True,True,True,True,forecast_icc,,11767545856.0
SCII,failed,True,True,False,False,False,,missing_positive_eps,251468352.0
SCKT,ok,True,True,True,False,True,forecast_icc,,3673819.0
SCL,ok,True,False,True,False,True,forecast_icc,,
SCLX,ok,True,True,True,False,True,forecast_icc,,46417832.0
SCM,ok,True,True,True,True,True,forecast_icc,,215946512.0
SCNI,ok,True,True,False,True,True,trailing_eps_fallback_icc,,1426749.0
SCNX,failed,True,True,False,False,False,,missing_positive_eps,15512845.0
SCOR,ok,True,True,True,True,True,forecast_icc,,112448032.0
SCPQ,failed,True,True,False,False,False,,missing_positive_eps,136833328.0
SCSC,ok,True,True,True,True,True,forecast_icc,,1147929344.0
SCTX,failed,True,True,False,False,False,,missing_positive_eps,330112992.0
SCWO,failed,True,True,False,False,False,,missing_positive_eps,39189928.0
SCYX,failed,True,True,False,False,False,,missing_positive_eps,37040128.0
SCZM,ok,True,True,True,True,True,forecast_icc,,628781952.0
SD,ok,True,True,True,True,True,forecast_icc,,500980768.0
SDA,ok,True,True,True,False,True,forecast_icc,,79771320.0
SDEV,failed,True,True,False,False,False,,missing_positive_eps,31996460.0
SDGR,failed,True,True,False,False,False,,missing_positive_eps,1146963072.0
SDHC,ok,True,True,True,True,True,forecast_icc,,124791488.0
SDHI,ok,True,True,False,True,True,trailing_eps_fallback_icc,,364405472.0
SDHY,ok,True,True,False,True,True,trailing_eps_fallback_icc,,397729696.0
SDOT,ok,True,True,True,False,True,forecast_icc,,14837514.0
SDRL,ok,True,True,True,False,True,forecast_icc,,2703819264.0
SDST,failed,True,True,False,False,False,,missing_positive_eps,7777157.0
SE,ok,True,False,True,True,True,forecast_icc,,
SEAT,failed,True,True,False,False,False,,missing_positive_eps,83174704.0
SEB,ok,True,True,False,True,True,trailing_eps_fallback_icc,,4315125248.0
SECZ,ok,True,True,True,False,True,forecast_icc,,1046803712.0
SEDG,ok,True,True,True,False,True,forecast_icc,,2539767808.0
SEED,failed,True,True,False,False,False,,missing_positive_eps,12129600.0
SEER,failed,True,True,False,False,False,,missing_positive_eps,113261992.0
SEG,ok,True,True,True,False,True,forecast_icc,,337202304.0
SEGG,failed,True,True,False,False,False,,missing_positive_eps,9893194.0
SEI,ok,True,True,True,True,True,forecast_icc,,4926871552.0
SEIC,ok,True,True,True,True,True,forecast_icc,,12366776320.0
SELF,ok,True,True,True,True,True,forecast_icc,,58136616.0
SENEA,ok,True,True,True,True,True,forecast_icc,,1133799168.0
SENEB,ok,True,True,False,True,True,trailing_eps_fallback_icc,,1158264320.0
SENS,failed,True,True,False,False,False,,missing_positive_eps,264669040.0
SEPN,failed,True,True,False,False,False,,missing_positive_eps,1585757184.0
SER,failed,True,True,False,False,False,,missing_positive_eps,30594910.0
SERA,failed,True,True,False,False,False,,missing_positive_eps,82233320.0
SERV,failed,True,True,False,False,False,,missing_positive_eps,409284000.0
SES,failed,True,True,False,False,False,,missing_positive_eps,199893088.0
SES-W,failed,False,False,False,False,False,,missing_price,
SEV,failed,True,True,False,False,False,,missing_positive_eps,70371520.0
SEVN,ok,True,True,True,True,True,forecast_icc,,170604240.0
SEZL,ok,True,True,True,True,True,forecast_icc,,5215886848.0
SF,ok,True,True,True,True,True,forecast_icc,,12525798400.0
SFBC,ok,True,True,False,True,True,trailing_eps_fallback_icc,,109167808.0
SFBS,ok,True,True,True,True,True,forecast_icc,,4877748736.0
SFD,ok,True,True,True,True,True,forecast_icc,,10462560256.0
SFHG,failed,True,True,False,False,False,,missing_positive_eps,9744000.0
SFIX,failed,True,True,False,False,False,,missing_positive_eps,547046016.0
SFL,ok,True,False,True,True,True,forecast_icc,,
SFM,ok,True,True,True,True,True,forecast_icc,,8167747584.0
SFNC,ok,True,True,True,False,True,forecast_icc,,3381398528.0
SFST,ok,True,True,True,True,True,forecast_icc,,578968192.0
SFWL,ok,True,True,False,True,True,trailing_eps_fallback_icc,,84147464.0
SG,ok,True,True,False,True,True,trailing_eps_fallback_icc,,778321152.0
SGA,ok,True,True,True,False,True,forecast_icc,,57479116.0
SGC,ok,True,True,True,True,True,forecast_icc,,191517104.0
SGHC,ok,True,True,True,True,True,forecast_icc,,7153721344.0
SGHT,failed,True,True,False,False,False,,missing_positive_eps,286196320.0
SGI,ok,True,True,True,True,True,forecast_icc,,14067140608.0
SGLY,failed,True,True,False,False,False,,missing_positive_eps,4134723.0
SGML,ok,True,True,True,False,True,forecast_icc,,1118405120.0
SGMT,failed,True,True,False,False,False,,missing_positive_eps,451405728.0
SGP,failed,True,True,False,False,False,,missing_positive_eps,759605824.0
SGRP,ok,True,True,True,False,True,forecast_icc,,15619208.0
SGRY,ok,True,True,True,False,True,forecast_icc,,2079531648.0
SGU,ok,True,True,True,True,True,forecast_icc,,412065856.0
SHAK,ok,True,True,True,True,True,forecast_icc,,2698230528.0
SHAZ,failed,True,True,False,False,False,,missing_positive_eps,1733352576.0
SHBI,ok,True,True,True,True,True,forecast_icc,,817029440.0
SHC,ok,True,True,True,True,True,forecast_icc,,5090231296.0
SHEL,ok,True,True,True,True,True,forecast_icc,,250422951936.0
SHEN,failed,True,True,False,False,False,,missing_positive_eps,630770496.0
SHFS,failed,True,True,False,False,False,,missing_positive_eps,1137511.0
SHG,ok,True,True,True,True,True,forecast_icc,,34067036160.0
SHIM,ok,True,True,True,False,True,forecast_icc,,157796720.0
SHIP,ok,True,True,True,True,True,forecast_icc,,386127296.0
SHLS,ok,True,True,True,True,True,forecast_icc,,1493169152.0
SHMD,ok,True,True,True,False,True,forecast_icc,,265329936.0
SHO,ok,True,True,True,True,True,forecast_icc,,2179607808.0
SHOE,ok,True,True,True,True,True,forecast_icc,,420302240.0
SHOO,ok,True,True,True,True,True,forecast_icc,,3495676672.0
SHOP,ok,True,True,True,True,True,forecast_icc,,158832934912.0
SHOT,failed,True,False,False,False,False,,missing_positive_eps,
SHPH,ok,True,True,False,True,True,trailing_eps_fallback_icc,,1808048.0
SHW,ok,True,True,True,True,True,forecast_icc,,83712720896.0
SI,failed,True,True,False,False,False,,missing_positive_eps,480919488.0
SIBN,failed,True,True,False,False,False,,missing_positive_eps,797843584.0
SID,failed,True,False,False,False,False,,missing_positive_eps,
SIDU,failed,True,True,False,False,False,,missing_positive_eps,179123792.0
SIEB,failed,True,True,False,False,False,,missing_positive_eps,65505500.0
SIF,ok,True,False,False,True,True,trailing_eps_fallback_icc,,
SIFY,ok,True,True,True,False,True,forecast_icc,,1056096704.0
SIG,ok,True,False,True,True,True,forecast_icc,,
SIGA,ok,True,True,True,True,True,forecast_icc,,233103312.0
SIGI,ok,True,True,True,True,True,forecast_icc,,5641736192.0
SII,ok,True,True,True,True,True,forecast_icc,,2750227712.0
SILC,ok,True,True,True,False,True,forecast_icc,,221168064.0
SILO,failed,True,True,False,False,False,,missing_positive_eps,4796592.0
SIM,ok,True,True,False,True,True,trailing_eps_fallback_icc,,4218923776.0
SIMA,ok,True,True,False,True,True,trailing_eps_fallback_icc,,89920616.0
SIMO,ok,True,True,True,True,True,forecast_icc,,8649888768.0
SIND,failed,True,True,False,False,False,,missing_positive_eps,2013865472.0
SINT,failed,True,True,False,False,False,,missing_positive_eps,9727174.0
SION,failed,True,True,False,False,False,,missing_positive_eps,2112132352.0
SIRI,ok,True,True,True,True,True,forecast_icc,,10425118720.0
SITC,ok,True,True,False,True,True,trailing_eps_fallback_icc,,227216192.0
SITE,ok,True,True,True,True,True,forecast_icc,,4145516032.0
SITM,ok,True,True,True,False,True,forecast_icc,,15812620288.0
SJ,failed,True,True,False,False,False,,missing_positive_eps,42348120.0
SJM,ok,True,True,True,False,True,forecast_icc,,13061889024.0
SJT,failed,True,False,False,False,False,,missing_positive_eps,
SKE,failed,True,True,False,False,False,,missing_positive_eps,3394948864.0
SKHY,ok,True,True,True,True,True,forecast_icc,,1057683734528.0
SKIL,ok,True,True,True,False,True,forecast_icc,,65552636.0
SKIN,ok,True,True,True,False,True,forecast_icc,,87596664.0
SKK,failed,True,False,False,False,False,,missing_positive_eps,
SKM,ok,True,True,True,True,True,forecast_icc,,12203803648.0
SKT,ok,True,True,True,True,True,forecast_icc,,4901088768.0
SKWD,ok,True,True,True,True,True,forecast_icc,,2427313152.0
SKY,ok,True,True,True,True,True,forecast_icc,,4409108480.0
SKYA,failed,True,True,False,False,False,,missing_positive_eps,56711708.0
SKYE,failed,True,True,False,False,False,,missing_positive_eps,20393900.0
SKYH,ok,True,True,False,True,True,trailing_eps_fallback_icc,,802012800.0
SKYH-W,failed,False,False,False,False,False,,missing_price,
SKYQ,ok,True,True,False,True,True,trailing_eps_fallback_icc,,20377246.0
SKYT,ok,True,True,False,True,True,trailing_eps_fallback_icc,,1597181312.0
SKYW,ok,True,True,True,True,True,forecast_icc,,4293622016.0
SKYX,failed,True,True,False,False,False,,missing_positive_eps,149277328.0
SLAB,ok,True,True,True,False,True,forecast_icc,,7154746880.0
SLB,ok,True,True,True,True,True,forecast_icc,,72582438912.0
SLBT,failed,True,True,False,False,False,,missing_positive_eps,1508443776.0
SLDB,failed,True,True,False,False,False,,missing_positive_eps,835837120.0
SLDE,ok,True,True,True,True,True,forecast_icc,,2337943296.0
SLDP,failed,True,True,False,False,False,,missing_positive_eps,464591360.0
SLE,ok,True,True,False,True,True,trailing_eps_fallback_icc,,4424610.0
SLF,ok,True,True,True,True,True,forecast_icc,,45879390208.0
SLG,failed,True,True,False,False,False,,missing_positive_eps,4128120064.0
SLGB,failed,True,True,False,False,False,,missing_positive_eps,24849000.0
SLGL,failed,True,True,False,False,False,,missing_positive_eps,278485344.0
SLGN,ok,True,True,True,True,True,forecast_icc,,4339211264.0
SLI,failed,True,True,False,False,False,,missing_positive_eps,504922400.0
SLM,ok,True,True,True,True,True,forecast_icc,,4857920000.0
SLMT,failed,True,True,False,False,False,,missing_positive_eps,44587644.0
SLN,failed,True,True,False,False,False,,missing_positive_eps,548866176.0
SLND,ok,True,True,True,False,True,forecast_icc,,29375790.0
SLNG,ok,True,True,True,False,True,forecast_icc,,88629960.0
SLNH,failed,True,True,False,False,False,,missing_positive_eps,205071568.0
SLP,ok,True,True,True,True,True,forecast_icc,,370114528.0
SLQT,ok,True,True,True,False,True,forecast_icc,,128134296.0
SLS,failed,True,True,False,False,False,,missing_positive_eps,2023349248.0
SLSN,ok,True,True,False,True,True,trailing_eps_fallback_icc,,57918608.0
SLSR,failed,True,True,False,False,False,,missing_positive_eps,1289512704.0
SLVM,ok,True,True,True,True,True,forecast_icc,,1491297152.0
SLXN,failed,True,True,False,False,False,,missing_positive_eps,1956135.0
SM,ok,True,True,True,True,True,forecast_icc,,7583251456.0
SMA,ok,True,True,True,True,True,forecast_icc,,1858059392.0
SMBC,ok,True,True,True,True,True,forecast_icc,,851819392.0
SMBK,ok,True,True,True,True,True,forecast_icc,,900234560.0
SMC,ok,True,True,True,False,True,forecast_icc,,421335712.0
SMCI,ok,True,True,True,True,True,forecast_icc,,17937788928.0
SMFG,ok,True,True,True,True,True,forecast_icc,,163788980224.0
SMG,ok,True,True,True,True,True,forecast_icc,,3974407936.0
SMHI,failed,True,True,False,False,False,,missing_positive_eps,258174112.0
SMID,ok,True,True,False,True,True,trailing_eps_fallback_icc,,151024528.0
SMJF,ok,True,True,False,True,True,trailing_eps_fallback_icc,,155148000.0
SMMT,failed,True,True,False,False,False,,missing_positive_eps,10721755136.0
SMP,ok,True,False,True,True,True,forecast_icc,,
SMPL,ok,True,True,True,False,True,forecast_icc,,918019776.0
SMR,failed,True,True,False,False,False,,missing_positive_eps,2976509952.0
SMRT,ok,True,True,True,False,True,forecast_icc,,196694816.0
SMSI,ok,True,True,True,False,True,forecast_icc,,13918801.0
SMTC,ok,True,True,True,False,True,forecast_icc,,10676055040.0
SMTI,ok,True,True,True,True,True,forecast_icc,,312124800.0
SMTK,failed,True,True,False,False,False,,missing_positive_eps,4510138.0
SMWB,ok,True,True,True,False,True,forecast_icc,,632475904.0
SMX,failed,True,True,False,False,False,,missing_positive_eps,16039385.0
SMXT,failed,True,True,False,False,False,,missing_positive_eps,21510684.0
SN,ok,True,False,True,True,True,forecast_icc,,
SNA,ok,True,True,True,True,True,forecast_icc,,21158979584.0
SNAL,ok,True,True,True,False,True,forecast_icc,,41741288.0
SNAP,ok,True,True,True,False,True,forecast_icc,,7772085248.0
SND,ok,True,True,True,True,True,forecast_icc,,179250288.0
SNDA,failed,True,True,False,False,False,,missing_positive_eps,1901425664.0
SNDK,ok,True,True,True,True,True,forecast_icc,,189548969984.0
SNDL,ok,True,True,True,False,True,forecast_icc,,325375008.0
SNDR,ok,True,True,True,True,True,forecast_icc,,5978743808.0
SNDX,failed,True,True,False,False,False,,missing_positive_eps,1726123264.0
SNES,failed,True,True,False,False,False,,missing_positive_eps,7000522.0
SNEX,ok,True,True,True,True,True,forecast_icc,,9389143040.0
SNFCA,ok,True,True,False,True,True,trailing_eps_fallback_icc,,244862016.0
SNGX,failed,True,True,False,False,False,,missing_positive_eps,5559065.0
SNN,ok,True,True,True,True,True,forecast_icc,,13586938880.0
SNOA,failed,True,True,False,False,False,,missing_positive_eps,5407955.0
SNOW,ok,True,True,True,False,True,forecast_icc,,103321460736.0
SNPS,ok,True,True,True,True,True,forecast_icc,,71293493248.0
SNT,ok,True,True,False,True,True,trailing_eps_fallback_icc,,40597076.0
SNTG,failed,True,True,False,False,False,,missing_positive_eps,4656839.0
SNTI,failed,True,True,False,False,False,,missing_positive_eps,11224569.0
SNWV,ok,True,True,False,True,True,trailing_eps_fallback_icc,,54087560.0
SNX,ok,True,False,True,True,True,forecast_icc,,
SNY,ok,True,False,True,True,True,forecast_icc,,
SNYR,ok,True,False,True,False,True,forecast_icc,,
SO,ok,True,False,True,True,True,forecast_icc,,
SOAR,failed,True,True,False,False,False,,missing_positive_eps,7041435.0
SOBO,ok,True,True,True,True,True,forecast_icc,,7805236224.0
SOBR,failed,True,True,False,False,False,,missing_positive_eps,1611450.0
SOC,ok,True,True,True,False,True,forecast_icc,,858818560.0
SOCA,failed,True,True,False,False,False,,missing_positive_eps,241652256.0
SOFI,ok,True,True,True,True,True,forecast_icc,,21126748160.0
SOGP,ok,True,True,False,True,True,trailing_eps_fallback_icc,,49881044.0
SOHU,ok,True,True,False,True,True,trailing_eps_fallback_icc,,413699904.0
SOLS,ok,True,True,True,True,True,forecast_icc,,9115955200.0
SOLV,ok,True,True,True,True,True,forecast_icc,,15035029504.0
SON,ok,True,True,True,True,True,forecast_icc,,5618077696.0
SONM,ok,True,True,True,False,True,forecast_icc,,4837511.0
SONO,ok,True,True,True,True,True,forecast_icc,,1719026816.0
SONY,ok,True,True,True,True,True,forecast_icc,,133715959808.0
SOPH,failed,True,True,False,False,False,,missing_positive_eps,483236736.0
SOR,ok,True,False,False,True,True,trailing_eps_fallback_icc,,
SORA,ok,True,True,False,True,True,trailing_eps_fallback_icc,,42020160.0
SORN,failed,True,True,False,False,False,,missing_positive_eps,345944032.0
SOS,failed,True,True,False,False,False,,missing_positive_eps,17332668.0
SOTK,ok,True,True,True,True,True,forecast_icc,,80626792.0
SOUL,ok,True,True,False,True,True,trailing_eps_fallback_icc,,353114624.0
SOUL-R,failed,False,False,False,False,False,,missing_price,
SOUL-U,failed,False,False,False,False,False,,missing_price,
SOUN,failed,True,True,False,False,False,,missing_positive_eps,2675039488.0
SOWG,ok,True,True,True,False,True,forecast_icc,,60159148.0
SPAI,failed,True,True,False,False,False,,missing_positive_eps,80413384.0
SPB,ok,True,True,True,True,True,forecast_icc,,2041319040.0
SPCB,ok,True,True,True,True,True,forecast_icc,,67138032.0
SPCE,failed,True,True,False,False,False,,missing_positive_eps,329055424.0
SPCX,ok,True,True,True,False,True,forecast_icc,,1478143770624.0
SPE,ok,True,True,False,True,True,trailing_eps_fallback_icc,,139375776.0
SPEG,ok,True,True,False,True,True,trailing_eps_fallback_icc,,158239984.0
SPFI,ok,True,True,True,True,True,forecast_icc,,841731200.0
SPG,ok,True,False,True,True,True,forecast_icc,,
SPGI,ok,True,True,True,True,True,forecast_icc,,122341998592.0
SPH,ok,True,True,True,True,True,forecast_icc,,1234644352.0
SPHL,failed,True,True,False,False,False,,missing_positive_eps,5654952.0
SPHR,ok,True,True,False,True,True,trailing_eps_fallback_icc,,5308700160.0
SPIR,ok,True,True,False,True,True,trailing_eps_fallback_icc,,439763168.0
SPKL,failed,True,True,False,False,False,,missing_positive_eps,100441976.0
SPMC,ok,True,True,True,False,True,forecast_icc,,211858032.0
SPNT,ok,True,True,True,True,True,forecast_icc,,2781046784.0
SPOK,ok,True,True,True,True,True,forecast_icc,,224738768.0
SPOT,ok,True,True,True,True,True,forecast_icc,,107459100672.0
SPPL,failed,True,True,False,False,False,,missing_positive_eps,32490134.0
SPRB,ok,True,True,True,False,True,forecast_icc,,119366296.0
SPRC,ok,True,True,False,True,True,trailing_eps_fallback_icc,,4987214.0
SPRO,ok,True,True,False,True,True,trailing_eps_fallback_icc,,69481792.0
SPRU,failed,True,True,False,False,False,,missing_positive_eps,35820136.0
SPRY,failed,True,True,False,False,False,,missing_positive_eps,559077376.0
SPSC,ok,True,True,True,True,True,forecast_icc,,2416797440.0
SPT,ok,True,True,True,False,True,forecast_icc,,509093920.0
SPTX,failed,True,True,False,False,False,,missing_positive_eps,1087740800.0
SPWH,failed,True,True,False,False,False,,missing_positive_eps,45262964.0
SPWR,ok,True,True,True,False,True,forecast_icc,,64161432.0
SPXC,ok,True,True,True,True,True,forecast_icc,,9977922560.0
SQFT,failed,True,True,False,False,False,,missing_positive_eps,2841639.0
SQFTW,failed,True,False,False,False,False,,missing_positive_eps,
SQM,ok,True,True,True,True,True,forecast_icc,,19546195968.0
SQNS,failed,True,True,False,False,False,,missing_positive_eps,37144608.0
SR,ok,True,False,True,True,True,forecast_icc,,
SRAD,ok,True,True,True,True,True,forecast_icc,,4350489088.0
SRBK,ok,True,True,True,True,True,forecast_icc,,141305520.0
SRCE,ok,True,True,True,True,True,forecast_icc,,2159942400.0
SRE,ok,True,False,True,True,True,forecast_icc,,
SRFM,failed,True,True,False,False,False,,missing_positive_eps,83634424.0
SRG,ok,True,True,True,False,True,forecast_icc,,136868800.0
SRI,failed,True,False,False,False,False,,missing_positive_eps,
SRL,failed,True,True,False,False,False,,missing_positive_eps,76893072.0
SRPT,ok,True,True,True,True,True,forecast_icc,,1642766080.0
SRRK,failed,True,True,False,False,False,,missing_positive_eps,5870390272.0
SRTA,failed,True,True,False,False,False,,missing_positive_eps,440420256.0
SRTS,failed,True,True,False,False,False,,missing_positive_eps,47575352.0
SRV,ok,True,True,False,True,True,trailing_eps_fallback_icc,,209949056.0
SRXH,failed,True,True,False,False,False,,missing_positive_eps,28886394.0
SRZN,failed,True,True,False,False,False,,missing_positive_eps,241844032.0
SSAC,failed,True,True,False,False,False,,missing_positive_eps,238873712.0
SSB,ok,True,True,True,True,True,forecast_icc,,10207182848.0
SSBI,ok,True,True,False,True,True,trailing_eps_fallback_icc,,84548864.0
SSD,ok,True,False,True,True,True,forecast_icc,,
SSEA,failed,True,True,False,False,False,,missing_positive_eps,78534944.0
SSII,failed,True,True,False,False,False,,missing_positive_eps,798524800.0
SSL,ok,True,False,True,True,True,forecast_icc,,
SSM,failed,True,True,False,False,False,,missing_positive_eps,5668907.0
SSMR,failed,True,True,False,False,False,,missing_positive_eps,2048104192.0
SSNC,ok,True,True,True,True,True,forecast_icc,,18585161728.0
SSP,ok,True,False,True,False,True,forecast_icc,,
SSRM,ok,True,True,True,True,True,forecast_icc,,5535861760.0
SST,failed,True,True,False,False,False,,missing_positive_eps,17710882.0
SSTI,ok,True,True,True,False,True,forecast_icc,,102983800.0
SSTK,ok,True,True,True,False,True,forecast_icc,,197650528.0
SSYS,ok,True,True,True,False,True,forecast_icc,,697116416.0
ST,ok,True,True,True,True,True,forecast_icc,,6979284480.0
STAA,ok,True,True,True,False,True,forecast_icc,,1205877376.0
STAG,ok,True,True,True,True,True,forecast_icc,,7584773120.0
STAK,failed,True,True,False,False,False,,missing_positive_eps,39381212.0
STBA,ok,True,True,True,True,True,forecast_icc,,1878353280.0
STC,ok,True,True,True,True,True,forecast_icc,,2075776384.0
STDN,failed,True,True,False,False,False,,missing_positive_eps,1221118848.0
STE,ok,True,True,True,True,True,forecast_icc,,22533191680.0
STEM,failed,True,True,False,False,False,,missing_positive_eps,47471852.0
STEP,ok,True,True,True,False,True,forecast_icc,,5631932416.0
STEW,ok,True,True,False,True,True,trailing_eps_fallback_icc,,1781274496.0
STEX,ok,True,True,True,False,True,forecast_icc,,159773984.0
STFS,failed,True,True,False,False,False,,missing_positive_eps,4739291.0
STG,ok,True,True,False,True,True,trailing_eps_fallback_icc,,45579900.0
STGW,ok,True,True,True,True,True,forecast_icc,,2104283520.0
STHO,failed,True,True,False,False,False,,missing_positive_eps,112667344.0
STI,failed,True,True,False,False,False,,missing_positive_eps,52545800.0
STIM,failed,True,True,False,False,False,,missing_positive_eps,137088048.0
STKE,failed,True,True,False,False,False,,missing_positive_eps,39191640.0
STKH,failed,True,True,False,False,False,,missing_positive_eps,1674479.0
STKS,ok,True,True,True,False,True,forecast_icc,,56500096.0
STLA,ok,True,True,True,False,True,forecast_icc,,16979396608.0
STLD,ok,True,True,True,True,True,forecast_icc,,36190343168.0
STM,ok,True,True,True,True,True,forecast_icc,,47335051264.0
STN,ok,True,True,True,True,True,forecast_icc,,7920812032.0
STNE,ok,True,True,True,True,True,forecast_icc,,2780098560.0
STNG,ok,True,True,True,True,True,forecast_icc,,3759018752.0
STOK,failed,True,True,False,False,False,,missing_positive_eps,1870941056.0
STRA,ok,True,True,True,True,True,forecast_icc,,1933901824.0
STRL,ok,True,True,True,True,True,forecast_icc,,17820254208.0
STRO,failed,True,True,False,False,False,,missing_positive_eps,411278304.0
STRR,ok,True,True,True,False,True,forecast_icc,,39181608.0
STRS,ok,True,True,False,True,True,trailing_eps_fallback_icc,,154864816.0
STRT,ok,True,True,True,True,True,forecast_icc,,369364032.0
STRW,ok,True,True,True,True,True,forecast_icc,,196028512.0
STRZ,failed,True,True,False,False,False,,missing_positive_eps,457678080.0
STT,ok,True,True,True,True,True,forecast_icc,,50221125632.0
STTK,failed,True,True,False,False,False,,missing_positive_eps,686703744.0
STUB,ok,True,True,True,False,True,forecast_icc,,3198726144.0
STVN,ok,True,True,True,True,True,forecast_icc,,5514674688.0
STWD,ok,True,True,True,True,True,forecast_icc,,6173057024.0
STX,ok,True,True,True,True,True,forecast_icc,,193331363840.0
STXS,failed,True,True,False,False,False,,missing_positive_eps,132505992.0
STZ,ok,True,True,True,True,True,forecast_icc,,22269472768.0
SU,ok,True,False,True,True,True,forecast_icc,,
SUGP,failed,True,True,False,False,False,,missing_positive_eps,2549064.0
SUI,ok,True,True,True,True,True,forecast_icc,,15909720064.0
SUIG,failed,True,True,False,False,False,,missing_positive_eps,70383000.0
SUJA,ok,True,True,True,False,True,forecast_icc,,398610112.0
SUMA,failed,True,True,False,False,False,,missing_positive_eps,232469568.0
SUN,ok,True,True,True,True,True,forecast_icc,,14313656320.0
SUNB,ok,True,True,True,True,True,forecast_icc,,29733494784.0
SUNC,ok,True,True,True,True,True,forecast_icc,,3926641152.0
SUNE,ok,True,True,False,True,True,trailing_eps_fallback_icc,,9442061.0
SUNS,ok,True,True,True,True,True,forecast_icc,,108280824.0
SUPN,ok,True,True,True,False,True,forecast_icc,,2647191552.0
SUPV,ok,True,True,True,False,True,forecast_icc,,949807488.0
SUPX,failed,True,True,False,False,False,,missing_positive_eps,274603840.0
SURG,ok,True,True,True,False,True,forecast_icc,,5426329.0
SUZ,ok,True,True,True,True,True,forecast_icc,,10419067904.0
SVA,failed,True,False,False,False,False,,missing_positive_eps,
SVAC,failed,False,True,False,False,False,,missing_price,279680000.0
SVAQ,failed,True,True,False,False,False,,missing_positive_eps,293795968.0
SVC,failed,True,True,False,False,False,,missing_positive_eps,1044011840.0
SVCC,ok,True,True,False,True,True,trailing_eps_fallback_icc,,229874720.0
SVCO,ok,True,True,True,False,True,forecast_icc,,254343664.0
SVIV,failed,True,True,False,False,False,,missing_positive_eps,313260032.0
SVM,ok,True,False,True,False,True,forecast_icc,,
SVRA,failed,True,True,False,False,False,,missing_positive_eps,1135296768.0
SVRE,failed,True,True,False,False,False,,missing_positive_eps,6316743.0
SVRN,failed,True,True,False,False,False,,missing_positive_eps,11442477.0
SVV,ok,True,True,True,True,True,forecast_icc,,1592216960.0
SW,ok,True,True,True,True,True,forecast_icc,,24922531840.0
SWAG,ok,True,True,False,True,True,trailing_eps_fallback_icc,,36906388.0
SWBI,ok,True,True,True,True,True,forecast_icc,,668669632.0
SWIM,ok,True,True,True,True,True,forecast_icc,,631674368.0
SWK,ok,True,True,True,True,True,forecast_icc,,14853780480.0
SWKS,ok,True,True,True,True,True,forecast_icc,,9401539584.0
SWMR,ok,True,True,True,False,True,forecast_icc,,415842752.0
SWVL,ok,True,True,False,True,True,trailing_eps_fallback_icc,,13850438.0
SWX,ok,True,True,True,True,True,forecast_icc,,6535451136.0
SWZ,failed,True,False,False,False,False,,missing_positive_eps,
SXC,ok,True,True,True,False,True,forecast_icc,,717009536.0
SXI,ok,True,True,True,True,True,forecast_icc,,3480011264.0
SXT,ok,True,True,True,True,True,forecast_icc,,5276848128.0
SXTC,failed,True,True,False,False,False,,missing_positive_eps,2793741.0
SXTP,failed,True,True,False,False,False,,missing_positive_eps,3324110.0
SY,failed,True,True,False,False,False,,missing_positive_eps,183696080.0
SYBT,ok,True,True,True,True,True,forecast_icc,,2544209152.0
SYF,ok,True,True,True,True,True,forecast_icc,,25108867072.0
SYK,ok,True,True,True,True,True,forecast_icc,,133424881664.0
SYM,ok,True,True,True,False,True,forecast_icc,,25920034816.0
SYNA,ok,True,True,True,False,True,forecast_icc,,4251972096.0
SYNX,failed,True,True,False,False,False,,missing_positive_eps,6767128.0
SYPR,failed,True,True,False,False,False,,missing_positive_eps,44181368.0
SYRE,failed,True,True,False,False,False,,missing_positive_eps,8814387200.0
SYY,ok,True,True,True,True,True,forecast_icc,,40554090496.0
SZZL,ok,True,True,False,True,True,trailing_eps_fallback_icc,,324548032.0
T,ok,True,True,True,True,True,forecast_icc,,159043862528.0
TAC,ok,True,False,True,False,True,forecast_icc,,
TACH,ok,True,True,False,True,True,trailing_eps_fallback_icc,,360180000.0
TACO,ok,True,True,False,True,True,trailing_eps_fallback_icc,,391695744.0
TACT,failed,True,True,False,False,False,,missing_positive_eps,50148244.0
TAK,ok,True,True,True,False,True,forecast_icc,,55087927296.0
TAL,ok,True,False,True,True,True,forecast_icc,,
TALK,ok,True,True,True,False,True,forecast_icc,,872740416.0
TALO,ok,True,True,True,False,True,forecast_icc,,2437117184.0
TANH,failed,True,True,False,False,False,,missing_positive_eps,6045452.0
TAOP,ok,True,True,True,False,True,forecast_icc,,6143167.0
TAOX,failed,True,True,False,False,False,,missing_positive_eps,25255128.0
TAP,ok,True,True,True,False,True,forecast_icc,,7792758784.0
TAP-A,failed,True,True,False,False,False,,missing_positive_eps,7727116288.0
TARA,failed,True,True,False,False,False,,missing_positive_eps,226503088.0
TARS,ok,True,True,True,False,True,forecast_icc,,2597792768.0
TASK,ok,True,True,True,True,True,forecast_icc,,541685120.0
TATT,ok,True,True,True,True,True,forecast_icc,,529582176.0
TAVI,ok,True,True,False,True,True,trailing_eps_fallback_icc,,170352912.0
TAYD,ok,True,True,True,True,True,forecast_icc,,167715728.0
TBBB,failed,True,True,False,False,False,,missing_positive_eps,4846623744.0
TBBK,ok,True,True,True,True,True,forecast_icc,,2697079040.0
TBCH,ok,True,True,True,True,True,forecast_icc,,243329376.0
TBH,failed,False,True,False,False,False,,missing_price,12038126.0
TBI,ok,True,False,True,False,True,forecast_icc,,
TBLA,ok,True,True,True,True,True,forecast_icc,,1393954176.0
TBN,failed,True,True,False,False,False,,missing_positive_eps,1135970432.0
TBPH,ok,True,True,True,True,True,forecast_icc,,873306112.0
TBRG,failed,False,True,False,False,False,,missing_price,393577312.0
TC,ok,True,True,True,True,True,forecast_icc,,55752408.0
TCBI,ok,True,True,True,True,True,forecast_icc,,4292658944.0
TCBK,ok,True,True,True,True,True,forecast_icc,,1862807552.0
TCBS,ok,True,True,False,True,True,trailing_eps_fallback_icc,,50494360.0
TCBX,ok,True,True,True,True,True,forecast_icc,,727129856.0
TCI,ok,True,False,False,True,True,trailing_eps_fallback_icc,,
TCMD,ok,True,True,True,True,True,forecast_icc,,636086528.0
TCOM,ok,True,True,True,True,True,forecast_icc,,29268699136.0
TCRT,failed,True,True,False,False,False,,missing_positive_eps,4591234.0
TCRX,failed,True,True,False,False,False,,missing_positive_eps,49385612.0
TCX,failed,True,False,False,False,False,,missing_positive_eps,
TD,ok,True,True,True,True,True,forecast_icc,,197849628672.0
TDAC,ok,True,True,False,True,True,trailing_eps_fallback_icc,,209114352.0
TDAY,ok,True,True,True,True,True,forecast_icc,,1281305984.0
TDC,ok,True,False,True,True,True,forecast_icc,,
TDF,ok,True,True,False,True,True,trailing_eps_fallback_icc,,269444832.0
TDG,ok,True,False,True,True,True,forecast_icc,,
TDIC,failed,True,True,False,False,False,,missing_positive_eps,3843985.0
TDOC,failed,True,True,False,False,False,,missing_positive_eps,1187776128.0
TDS,ok,True,False,False,True,True,trailing_eps_fallback_icc,,
TDTH,failed,True,True,False,False,False,,missing_positive_eps,11985897.0
TDUP,failed,True,True,False,False,False,,missing_positive_eps,757469760.0
TDW,ok,True,True,True,True,True,forecast_icc,,3654208512.0
TDWD,failed,True,True,False,False,False,,missing_positive_eps,236391792.0
TDY,ok,True,False,True,True,True,forecast_icc,,
TE,ok,True,True,True,False,True,forecast_icc,,1192488832.0
TEAD,failed,True,True,False,False,False,,missing_positive_eps,70250896.0
TEAM,ok,True,True,True,False,True,forecast_icc,,24899702784.0
TECH,ok,True,True,True,True,True,forecast_icc,,11223041024.0
TECK,ok,True,True,True,True,True,forecast_icc,,30657595392.0
TECX,failed,True,True,False,False,False,,missing_positive_eps,537960512.0
TEI,ok,True,True,False,True,True,trailing_eps_fallback_icc,,313596672.0
TEL,ok,True,True,True,True,True,forecast_icc,,59895943168.0
TELA,failed,True,True,False,False,False,,missing_positive_eps,31775010.0
TELO,failed,True,True,False,False,False,,missing_positive_eps,85968704.0
TEM,failed,True,True,False,False,False,,missing_positive_eps,7974885888.0
TEN,ok,True,True,True,True,True,forecast_icc,,1195764608.0
TENB,ok,True,True,True,False,True,forecast_icc,,3589352704.0
TENX,failed,True,True,False,False,False,,missing_positive_eps,400529920.0
TEO,ok,True,False,True,True,True,forecast_icc,,
TER,ok,True,False,True,True,True,forecast_icc,,
TEVA,ok,True,True,True,True,True,forecast_icc,,41232359424.0
TEX,ok,True,False,True,True,True,forecast_icc,,
TFC,ok,True,True,True,True,True,forecast_icc,,63536766976.0
TFII,ok,True,True,True,True,True,forecast_icc,,11037702144.0
TFIN,ok,True,True,True,True,True,forecast_icc,,1764133632.0
TFPM,ok,True,True,True,True,True,forecast_icc,,6123739648.0
TFSL,ok,True,True,True,True,True,forecast_icc,,5061799936.0
TFX,ok,True,False,True,True,True,forecast_icc,,
TG,ok,True,True,True,True,True,forecast_icc,,262435040.0
TGB,ok,True,False,True,True,True,forecast_icc,,
TGE,failed,True,True,False,False,False,,missing_positive_eps,42597284.0
TGE-W,failed,False,False,False,False,False,,missing_price,
TGEN,ok,True,True,True,False,True,forecast_icc,,95737448.0
TGHL,failed,True,True,False,False,False,,missing_positive_eps,18615602.0
TGL,failed,True,True,False,False,False,,missing_positive_eps,5375788.0
TGLS,ok,True,True,True,True,True,forecast_icc,,1933862400.0
TGS,ok,True,True,True,True,True,forecast_icc,,4730350592.0
TGT,ok,True,False,True,True,True,forecast_icc,,
TGTX,ok,True,True,True,True,True,forecast_icc,,8194564096.0
TH,ok,True,True,True,False,True,forecast_icc,,1443989248.0
THC,ok,True,True,True,True,True,forecast_icc,,21769404416.0
THCH,failed,True,True,False,False,False,,missing_positive_eps,57665748.0
THFF,ok,True,True,True,True,True,forecast_icc,,961340800.0
THG,ok,True,True,True,True,True,forecast_icc,,8050109952.0
THH,failed,True,True,False,False,False,,missing_positive_eps,10509712.0
THM,failed,True,False,False,False,False,,missing_positive_eps,
THO,ok,True,True,True,True,True,forecast_icc,,3948030976.0
THRM,ok,True,True,True,True,True,forecast_icc,,1297826816.0
THRY,ok,True,True,True,True,True,forecast_icc,,179616640.0
TIC,ok,True,True,True,False,True,forecast_icc,,1604769408.0
TIGO,ok,True,True,True,True,True,forecast_icc,,15944919040.0
TIGR,ok,True,True,True,True,True,forecast_icc,,872059200.0
TII,failed,True,True,False,False,False,,missing_positive_eps,200507728.0
TIL,failed,True,True,False,False,False,,missing_positive_eps,48423316.0
TILE,ok,True,True,True,True,True,forecast_icc,,1962299264.0
TIMB,ok,True,True,True,True,True,forecast_icc,,9134268416.0
TIPT,failed,True,True,False,False,False,,missing_positive_eps,654673792.0
TISI,failed,True,True,False,False,False,,missing_positive_eps,79770616.0
TITN,failed,True,True,False,False,False,,missing_positive_eps,413147648.0
TJGC,failed,True,True,False,False,False,,missing_positive_eps,51813000.0
TJX,ok,True,True,True,True,True,forecast_icc,,175935209472.0
TK,ok,True,True,True,True,True,forecast_icc,,983233600.0
TKC,ok,True,True,True,True,True,forecast_icc,,4718527488.0
TKLF,ok,True,True,False,True,True,trailing_eps_fallback_icc,,8465562.0
TKNO,failed,True,True,False,False,False,,missing_positive_eps,270750848.0
TKO,ok,True,True,True,True,True,forecast_icc,,35130920960.0
TKR,ok,True,True,True,True,True,forecast_icc,,9458897920.0
TLF,ok,True,True,True,False,True,forecast_icc,,19544566.0
TLIH,ok,True,True,False,True,True,trailing_eps_fallback_icc,,17142736.0
TLK,ok,True,False,True,True,True,forecast_icc,,
TLN,ok,True,True,True,False,True,forecast_icc,,15893750784.0
TLNC,failed,True,True,False,False,False,,missing_positive_eps,435473696.0
TLPH,failed,True,True,False,False,False,,missing_positive_eps,70324024.0
TLRY,ok,True,True,True,False,True,forecast_icc,,572055040.0
TLS,ok,True,True,True,False,True,forecast_icc,,324341120.0
TLSA,failed,True,True,False,False,False,,missing_positive_eps,123441360.0
TLSI,failed,True,True,False,False,False,,missing_positive_eps,280059392.0
TLX,ok,True,True,True,False,True,forecast_icc,,3408097280.0
TLYS,ok,True,True,True,False,True,forecast_icc,,113112040.0
TM,ok,True,True,True,True,True,forecast_icc,,226696937472.0
TMC,failed,True,True,False,False,False,,missing_positive_eps,2019679616.0
TMCI,failed,True,True,False,False,False,,missing_positive_eps,284143648.0
TMCR,failed,True,True,False,False,False,,missing_positive_eps,383173472.0
TMDE,ok,True,True,False,True,True,trailing_eps_fallback_icc,,17720880.0
TMDX,ok,True,True,True,True,True,forecast_icc,,2631122176.0
TME,ok,True,True,True,True,True,forecast_icc,,15521355776.0
TMO,ok,True,False,True,True,True,forecast_icc,,
TMP,ok,True,True,True,True,True,forecast_icc,,1422945408.0
TMQ,failed,True,True,False,False,False,,missing_positive_eps,549331136.0
TMS,failed,True,True,False,False,False,,missing_positive_eps,388003328.0
TMTS,failed,True,True,False,False,False,,missing_positive_eps,308813344.0
TMUS,ok,True,True,True,True,True,forecast_icc,,185936887808.0
TNC,ok,True,True,True,True,True,forecast_icc,,1408776576.0
TNDM,ok,True,True,True,False,True,forecast_icc,,1302737920.0
TNET,ok,True,True,True,True,True,forecast_icc,,3292852480.0
TNGX,failed,True,True,False,False,False,,missing_positive_eps,4488800256.0
TNK,ok,True,True,True,True,True,forecast_icc,,2680048640.0
TNL,ok,True,True,True,True,True,forecast_icc,,4606574080.0
TNMG,failed,True,True,False,False,False,,missing_positive_eps,1119154.0
TNON,failed,True,True,False,False,False,,missing_positive_eps,3405693.0
TNXP,failed,True,True,False,False,False,,missing_positive_eps,160842688.0
TNYA,failed,True,True,False,False,False,,missing_positive_eps,162749152.0
TOI,failed,True,True,False,False,False,,missing_positive_eps,506913504.0
TOL,ok,True,False,True,True,True,forecast_icc,,
TOMZ,ok,True,True,True,False,True,forecast_icc,,12320247.0
TONT,ok,True,True,False,True,True,trailing_eps_fallback_icc,,153278032.0
TONT-U,failed,False,False,False,False,False,,missing_price,
TONT-W,failed,False,False,False,False,False,,missing_price,
TONX,failed,True,True,False,False,False,,missing_positive_eps,175244912.0
TOON,failed,True,True,False,False,False,,missing_positive_eps,35083356.0
TOP,failed,True,True,False,False,False,,missing_positive_eps,1289612416.0
TOPP,failed,True,True,False,False,False,,missing_positive_eps,13832000.0
TOPS,ok,True,True,True,True,True,forecast_icc,,3685764.0
TORO,ok,True,True,False,True,True,trailing_eps_fallback_icc,,174870192.0
TOST,ok,True,True,True,True,True,forecast_icc,,19052998656.0
TOUR,ok,True,True,True,True,True,forecast_icc,,54210144.0
TOVX,failed,True,True,False,False,False,,missing_positive_eps,9642049.0
TOWN,ok,True,True,True,True,True,forecast_icc,,3488498688.0
TOYO,ok,True,True,True,True,True,forecast_icc,,220856960.0
TPB,ok,True,True,True,True,True,forecast_icc,,1472126336.0
TPC,ok,True,False,True,True,True,forecast_icc,,
TPCS,ok,True,True,True,False,True,forecast_icc,,45912068.0
TPET,failed,True,True,False,False,False,,missing_positive_eps,12598579.0
TPG,ok,True,True,True,True,True,forecast_icc,,16410137600.0
TPL,ok,True,True,True,True,True,forecast_icc,,27193169920.0
TPR,ok,True,True,True,True,True,forecast_icc,,30827982848.0
TPST,failed,True,True,False,False,False,,missing_positive_eps,13801417.0
TPVG,ok,True,True,True,True,True,forecast_icc,,184725360.0
TR,ok,True,False,False,True,True,trailing_eps_fallback_icc,,
TRAD,failed,True,True,False,False,False,,missing_positive_eps,145784528.0
TRAD-R,failed,False,False,False,False,False,,missing_price,
TRAD-U,failed,False,False,False,False,False,,missing_price,
TRAK,ok,True,True,True,True,True,forecast_icc,,157019600.0
TRAW,failed,True,True,False,False,False,,missing_positive_eps,6717215.0
TRAX,failed,True,True,False,False,False,,missing_positive_eps,1667157888.0
TRC,ok,True,False,False,True,True,trailing_eps_fallback_icc,,
TRDA,failed,True,True,False,False,False,,missing_positive_eps,262815568.0
TREE,ok,True,True,True,True,True,forecast_icc,,442589728.0
TREX,ok,True,True,True,True,True,forecast_icc,,4564271104.0
TRGP,ok,True,True,True,True,True,forecast_icc,,57597542400.0
TRGS,failed,True,True,False,False,False,,missing_positive_eps,258068800.0
TRI,ok,True,True,True,True,True,forecast_icc,,43143135232.0
TRIB,failed,True,True,False,False,False,,missing_positive_eps,8606620.0
TRIN,ok,True,True,True,True,True,forecast_icc,,1564944000.0
TRIP,ok,True,True,True,True,True,forecast_icc,,1651164928.0
TRLV,ok,True,True,True,False,True,forecast_icc,,1648071424.0
TRMB,ok,True,True,True,True,True,forecast_icc,,13301343232.0
TRMD,ok,True,True,True,True,True,forecast_icc,,3095581696.0
TRMK,ok,True,True,True,True,True,forecast_icc,,2768049152.0
TRN,ok,True,True,True,True,True,forecast_icc,,2728628992.0
TRNO,ok,True,True,True,True,True,forecast_icc,,7646538752.0
TRNR,failed,True,True,False,False,False,,missing_positive_eps,1532912.0
TRNS,ok,True,True,True,True,True,forecast_icc,,778453760.0
TRON,failed,True,True,False,False,False,,missing_positive_eps,702085504.0
TROO,failed,True,True,False,False,False,,missing_positive_eps,211947888.0
TROW,ok,True,True,True,True,True,forecast_icc,,25557721088.0
TROX,failed,True,True,False,False,False,,missing_positive_eps,998620864.0
TRP,ok,True,False,True,True,True,forecast_icc,,
TRS,ok,True,False,True,True,True,forecast_icc,,
TRSG,failed,True,True,False,False,False,,missing_positive_eps,24755908.0
TRST,ok,True,True,True,True,True,forecast_icc,,963103680.0
TRT,ok,True,False,False,True,True,trailing_eps_fallback_icc,,
TRTX,ok,True,True,True,True,True,forecast_icc,,627970496.0
TRU,ok,True,True,True,True,True,forecast_icc,,15377816576.0
TRUG,failed,True,True,False,False,False,,missing_positive_eps,1191634.0
TRUP,ok,True,True,True,True,True,forecast_icc,,1067829120.0
TRV,ok,True,True,True,True,True,forecast_icc,,78422122496.0
TRVG,ok,True,True,True,True,True,forecast_icc,,378250720.0
TRVI,failed,True,True,False,False,False,,missing_positive_eps,2612426752.0
TRX,ok,True,False,True,False,True,forecast_icc,,
TS,ok,True,False,True,True,True,forecast_icc,,
TSAT,failed,True,True,False,False,False,,missing_positive_eps,1923612672.0
TSBK,ok,True,True,False,True,True,trailing_eps_fallback_icc,,351318528.0
TSCO,ok,True,True,True,True,True,forecast_icc,,15843621888.0
TSEM,ok,True,True,True,True,True,forecast_icc,,23867676672.0
TSHA,failed,True,True,False,False,False,,missing_positive_eps,1688246016.0
TSI,ok,True,True,False,True,True,trailing_eps_fallback_icc,,212321872.0
TSLA,ok,True,True,True,True,True,forecast_icc,,1219817766912.0
TSLX,ok,True,True,True,True,True,forecast_icc,,1638137856.0
TSM,ok,True,True,True,True,True,forecast_icc,,2091756814336.0
TSN,ok,True,False,True,True,True,forecast_icc,,
TSQ,ok,True,False,True,False,True,forecast_icc,,
TSSI,ok,True,True,True,True,True,forecast_icc,,273440320.0
TT,ok,True,True,True,True,True,forecast_icc,,97326301184.0
TTAM,ok,True,True,True,True,True,forecast_icc,,2933206784.0
TTAN,ok,True,True,True,False,True,forecast_icc,,7619404800.0
TTC,ok,True,False,True,True,True,forecast_icc,,
TTD,ok,True,True,True,True,True,forecast_icc,,8593581056.0
TTE,ok,True,True,True,True,True,forecast_icc,,193231699968.0
TTEC,ok,True,True,True,False,True,forecast_icc,,125295328.0
TTEK,ok,True,True,True,True,True,forecast_icc,,8421576704.0
TTGT,ok,True,True,True,False,True,forecast_icc,,324624480.0
TTI,ok,True,False,True,True,True,forecast_icc,,
TTMI,ok,True,True,True,True,True,forecast_icc,,11995719680.0
TTRX,failed,True,True,False,False,False,,missing_positive_eps,245751328.0
TTWO,ok,True,True,True,False,True,forecast_icc,,46264569856.0
TU,ok,True,True,True,True,True,forecast_icc,,16815727616.0
TULP,failed,True,True,False,False,False,,missing_positive_eps,15606261.0
TURB,failed,True,True,False,False,False,,missing_positive_eps,17905538.0
TUSK,failed,True,True,False,False,False,,missing_positive_eps,125243680.0
TUYA,ok,True,True,True,True,True,forecast_icc,,1042288128.0
TV,ok,True,True,True,False,True,forecast_icc,,1517932800.0
TVA,ok,True,True,False,True,True,trailing_eps_fallback_icc,,315000000.0
TVAI,ok,True,True,False,True,True,trailing_eps_fallback_icc,,281748800.0
TVC,failed,True,False,False,False,False,,missing_positive_eps,
TVE,failed,True,False,False,False,False,,missing_positive_eps,
TVGN,failed,True,True,False,False,False,,missing_positive_eps,28353984.0
TVIV,failed,True,True,False,False,False,,missing_positive_eps,205424992.0
TVRD,failed,True,True,False,False,False,,missing_positive_eps,19700824.0
TVTX,ok,True,True,True,False,True,forecast_icc,,5326633472.0
TW,ok,True,False,True,True,True,forecast_icc,,
TWAV,failed,True,True,False,False,False,,missing_positive_eps,4078255.0
TWFG,ok,True,True,True,True,True,forecast_icc,,349752288.0
TWG,ok,True,True,False,True,True,trailing_eps_fallback_icc,,57527344.0
TWI,ok,True,True,True,False,True,forecast_icc,,473777632.0
TWIN,ok,True,True,True,True,True,forecast_icc,,328696256.0
TWLO,ok,True,True,True,True,True,forecast_icc,,28979699712.0
TWLV,ok,True,True,False,True,True,trailing_eps_fallback_icc,,234609376.0
TWN,ok,True,True,False,True,True,trailing_eps_fallback_icc,,461659936.0
TWO,ok,True,True,True,False,True,forecast_icc,,1273160704.0
TWST,failed,True,True,False,False,False,,missing_positive_eps,5687239168.0
TX,ok,True,False,True,True,True,forecast_icc,,
TXG,ok,True,True,True,False,True,forecast_icc,,6275444736.0
TXMD,ok,True,True,True,True,True,forecast_icc,,23495954.0
TXN,ok,True,True,True,True,True,forecast_icc,,254576934912.0
TXNM,ok,True,True,True,True,True,forecast_icc,,6417699840.0
TXO,ok,True,True,True,False,True,forecast_icc,,728648640.0
TXRH,ok,True,True,True,True,True,forecast_icc,,13686220800.0
TXT,ok,True,True,True,True,True,forecast_icc,,14978339840.0
TY,ok,True,True,False,True,True,trailing_eps_fallback_icc,,1854118912.0
TYG,failed,True,False,False,False,False,,missing_positive_eps,
TYGO,ok,True,True,True,True,True,forecast_icc,,131325672.0
TYL,ok,True,False,True,True,True,forecast_icc,,
TYRA,failed,True,True,False,False,False,,missing_positive_eps,1966090880.0
TZOO,ok,True,True,True,True,True,forecast_icc,,73294328.0
U,ok,True,True,True,False,True,forecast_icc,,14554077184.0
UA,ok,True,True,True,False,True,forecast_icc,,2847850240.0
UAA,ok,True,True,True,False,True,forecast_icc,,2911799040.0
UAC,failed,True,True,False,False,False,,missing_positive_eps,137705568.0
UAC-U,failed,False,False,False,False,False,,missing_price,
UAC-W,failed,False,False,False,False,False,,missing_price,
UAL,ok,True,True,True,True,True,forecast_icc,,40103833600.0
UAMY,ok,True,True,True,False,True,forecast_icc,,773528896.0
UAN,ok,True,False,False,True,True,trailing_eps_fallback_icc,,
UAVS,failed,True,True,False,False,False,,missing_positive_eps,41926240.0
UBCP,ok,True,True,True,True,True,forecast_icc,,89793848.0
UBER,ok,True,True,True,True,True,forecast_icc,,143245099008.0
UBS,ok,True,True,True,True,True,forecast_icc,,175002009600.0
UBSI,ok,True,True,True,True,True,forecast_icc,,6622522368.0
UBXG,failed,False,True,False,False,False,,missing_price,9144701.0
UCAR,failed,True,True,False,False,False,,missing_positive_eps,26000078.0
UCB,ok,True,True,True,True,True,forecast_icc,,4226465536.0
UCFI,ok,True,True,False,True,True,trailing_eps_fallback_icc,,287867008.0
UCL,ok,True,True,True,True,True,forecast_icc,,33094544.0
UCTT,ok,True,True,True,False,True,forecast_icc,,3731063808.0
UDR,ok,True,True,True,True,True,forecast_icc,,14070049792.0
UE,ok,True,True,True,True,True,forecast_icc,,3028216064.0
UEC,failed,True,False,False,False,False,,missing_positive_eps,
UEIC,ok,True,True,True,False,True,forecast_icc,,57973088.0
UFCS,ok,True,True,True,True,True,forecast_icc,,1335403392.0
UFG,ok,True,True,True,False,True,forecast_icc,,22728746.0
UFI,ok,True,False,True,False,True,forecast_icc,,
UFPI,ok,True,True,True,True,True,forecast_icc,,4867184128.0
UFPT,ok,True,True,True,True,True,forecast_icc,,1973151488.0
UG,ok,True,True,False,True,True,trailing_eps_fallback_icc,,33170982.0
UGI,ok,True,False,True,True,True,forecast_icc,,
UGP,ok,True,False,True,True,True,forecast_icc,,
UHAL,ok,True,True,True,True,True,forecast_icc,,13870313472.0
UHAL-B,ok,True,True,True,True,True,forecast_icc,,12284856320.0
UHS,ok,True,True,True,True,True,forecast_icc,,9884980224.0
UHT,ok,True,True,False,True,True,trailing_eps_fallback_icc,,607648960.0
UI,ok,True,True,True,True,True,forecast_icc,,32272189440.0
UIS,ok,True,True,True,False,True,forecast_icc,,229651280.0
UK,failed,True,True,False,False,False,,missing_positive_eps,7695394.0
UL,ok,True,True,True,True,True,forecast_icc,,140545884160.0
ULBI,ok,True,True,True,False,True,forecast_icc,,85948408.0
ULCC,ok,True,True,True,False,True,forecast_icc,,1606906112.0
ULH,ok,True,True,True,False,True,forecast_icc,,352826496.0
ULS,ok,True,True,True,True,True,forecast_icc,,18576058368.0
ULTA,ok,True,True,True,True,True,forecast_icc,,22213865472.0
UMAC,failed,True,True,False,False,False,,missing_positive_eps,980253376.0
UMBF,ok,True,True,True,True,True,forecast_icc,,11051127808.0
UMC,ok,True,True,True,True,True,forecast_icc,,47525892096.0
UMH,ok,True,True,True,True,True,forecast_icc,,1303894400.0
UNB,ok,True,True,False,True,True,trailing_eps_fallback_icc,,107415136.0
UNCY,ok,True,True,True,False,True,forecast_icc,,145183056.0
UNF,ok,True,True,True,True,True,forecast_icc,,5309513216.0
UNFI,ok,True,True,True,False,True,forecast_icc,,3009616896.0
UNH,ok,True,True,True,True,True,forecast_icc,,382755602432.0
UNIT,ok,True,True,False,True,True,trailing_eps_fallback_icc,,2255757312.0
UNM,ok,True,True,True,True,True,forecast_icc,,13735690240.0
UNP,ok,True,True,True,True,True,forecast_icc,,171961090048.0
UNTY,ok,True,True,True,True,True,forecast_icc,,589099712.0
UONE,failed,True,True,False,False,False,,missing_positive_eps,22813098.0
UONEK,failed,True,True,False,False,False,,missing_positive_eps,22090306.0
UP,failed,True,True,False,False,False,,missing_positive_eps,216836480.0
UPB,failed,True,True,False,False,False,,missing_positive_eps,357539328.0
UPBD,ok,True,True,True,True,True,forecast_icc,,1172869888.0
UPC,failed,True,True,False,False,False,,missing_positive_eps,2310424.0
UPLD,ok,True,True,True,False,True,forecast_icc,,13639206.0
UPS,ok,True,False,True,True,True,forecast_icc,,
UPST,ok,True,True,True,True,True,forecast_icc,,2588040960.0
UPWK,ok,True,True,True,True,True,forecast_icc,,1142542720.0
UPXI,ok,True,True,False,True,True,trailing_eps_fallback_icc,,59503760.0
URBN,ok,True,True,True,True,True,forecast_icc,,6486000640.0
URG,ok,True,False,True,False,True,forecast_icc,,
URGN,ok,True,True,True,False,True,forecast_icc,,2001974656.0
URI,ok,True,True,True,True,True,forecast_icc,,66514190336.0
UROY,ok,True,True,True,True,True,forecast_icc,,539725888.0
USA,ok,True,False,False,True,True,trailing_eps_fallback_icc,,
USAC,ok,True,True,True,True,True,forecast_icc,,3786678016.0
USAR,ok,True,True,True,False,True,forecast_icc,,3584432128.0
USAS,ok,True,True,True,False,True,forecast_icc,,1329918592.0
USAU,failed,True,True,False,False,False,,missing_positive_eps,223095728.0
USB,ok,True,True,True,True,True,forecast_icc,,97981325312.0
USBC,failed,True,True,False,False,False,,missing_positive_eps,125681160.0
USCB,ok,True,True,True,True,True,forecast_icc,,403154816.0
USDE,failed,True,True,False,False,False,,missing_positive_eps,39408176.0
USEA,ok,True,True,True,False,True,forecast_icc,,25752976.0
USFD,ok,True,True,True,True,True,forecast_icc,,22143289344.0
USGO,failed,True,True,False,False,False,,missing_positive_eps,103385856.0
USIO,ok,True,True,True,False,True,forecast_icc,,59055432.0
USLM,ok,True,True,True,True,True,forecast_icc,,3239064576.0
USNA,ok,True,True,True,True,True,forecast_icc,,409324992.0
USPH,ok,True,True,True,True,True,forecast_icc,,1219481472.0
UTF,ok,True,False,False,True,True,trailing_eps_fallback_icc,,
UTG,ok,True,True,False,True,True,trailing_eps_fallback_icc,,3493469696.0
UTHR,ok,True,True,True,True,True,forecast_icc,,26186950656.0
UTI,ok,True,True,True,True,True,forecast_icc,,2205758976.0
UTL,ok,True,True,True,True,True,forecast_icc,,980499264.0
UTMD,ok,True,True,False,True,True,trailing_eps_fallback_icc,,221512624.0
UTSI,failed,True,True,False,False,False,,missing_positive_eps,23260570.0
UTZ,ok,True,True,True,False,True,forecast_icc,,1249257984.0
UUU,failed,True,False,False,False,False,,missing_positive_eps,
UUUU,ok,True,True,True,False,True,forecast_icc,,2926553344.0
UVE,ok,True,True,True,True,True,forecast_icc,,1227810176.0
UVSP,ok,True,True,True,True,True,forecast_icc,,1224586112.0
UVV,ok,True,False,True,True,True,forecast_icc,,
UWMC,ok,True,True,True,True,True,forecast_icc,,3005217280.0
UXIN,failed,True,True,False,False,False,,missing_positive_eps,307972352.0
UYSC,ok,True,True,False,True,True,trailing_eps_fallback_icc,,82556992.0
UZX,failed,True,True,False,False,False,,missing_positive_eps,14768924.0
V,ok,True,True,True,True,True,forecast_icc,,672870498304.0
VABK,ok,True,True,False,True,True,trailing_eps_fallback_icc,,249435600.0
VAC,ok,True,True,True,False,True,forecast_icc,,3351539456.0
VACI,failed,True,True,False,False,False,,missing_positive_eps,310806688.0
VACI-U,failed,False,False,False,False,False,,missing_price,
VACI-W,failed,False,False,False,False,False,,missing_price,
VAL,ok,True,True,True,True,True,forecast_icc,,5234049536.0
VALE,ok,True,True,True,True,True,forecast_icc,,63793881088.0
VALN,ok,True,True,True,False,True,forecast_icc,,519400928.0
VALU,ok,True,True,False,True,True,trailing_eps_fallback_icc,,323202592.0
VANI,failed,True,True,False,False,False,,missing_positive_eps,112105632.0
VATE,failed,True,True,False,False,False,,missing_positive_eps,110771952.0
VBF,ok,True,True,False,True,True,trailing_eps_fallback_icc,,168405808.0
VBIO,failed,True,True,False,False,False,,missing_positive_eps,1154050.0
VBNK,ok,True,True,True,True,True,forecast_icc,,625240448.0
VC,ok,True,True,True,True,True,forecast_icc,,2804621568.0
VCEL,ok,True,True,True,True,True,forecast_icc,,2431358464.0
VCIG,failed,True,True,False,False,False,,missing_positive_eps,3243220.0
VCRE,failed,True,True,False,False,False,,missing_positive_eps,320094592.0
VCTR,ok,True,True,True,True,True,forecast_icc,,6158063104.0
VCV,ok,True,True,False,True,True,trailing_eps_fallback_icc,,516196544.0
VCX,failed,True,False,False,False,False,,missing_positive_eps,
VCYT,ok,True,True,True,True,True,forecast_icc,,4770004480.0
VECA,failed,True,True,False,False,False,,missing_positive_eps,132130232.0
VECA-R,failed,False,False,False,False,False,,missing_price,
VECA-U,failed,False,False,False,False,False,,missing_price,
VECO,ok,True,True,True,True,True,forecast_icc,,2952189440.0
VEEA,failed,True,True,False,False,False,,missing_positive_eps,8074634.0
VEEE,failed,True,True,False,False,False,,missing_positive_eps,6658971.0
VEEV,ok,True,True,True,True,True,forecast_icc,,32742070272.0
VEL,ok,True,True,True,True,True,forecast_icc,,687359936.0
VELO,failed,True,True,False,False,False,,missing_positive_eps,289218720.0
VENU,ok,True,True,True,False,True,forecast_icc,,129612624.0
VEON,ok,True,True,True,True,True,forecast_icc,,3655251968.0
VERA,failed,True,True,False,False,False,,missing_positive_eps,2372424960.0
VERI,failed,True,True,False,False,False,,missing_positive_eps,97602112.0
VERU,failed,True,True,False,False,False,,missing_positive_eps,35631712.0
VERX,ok,True,True,True,False,True,forecast_icc,,2038893312.0
VET,ok,True,True,True,False,True,forecast_icc,,1761799936.0
VFC,ok,True,True,True,True,True,forecast_icc,,5869511680.0
VFF,ok,True,True,True,True,True,forecast_icc,,242404144.0
VFS,failed,True,True,False,False,False,,missing_positive_eps,7252561920.0
VG,ok,True,True,True,True,True,forecast_icc,,32892901376.0
VGAS,failed,True,True,False,False,False,,missing_positive_eps,45440616.0
VGI,ok,True,True,False,True,True,trailing_eps_fallback_icc,,81906800.0
VGM,ok,True,True,False,True,True,trailing_eps_fallback_icc,,552623744.0
VGNT,ok,True,True,True,True,True,forecast_icc,,2969735424.0
VGZ,failed,True,False,False,False,False,,missing_positive_eps,
VHC,failed,True,False,False,False,False,,missing_positive_eps,
VHCP,failed,True,True,False,False,False,,missing_positive_eps,306666688.0
VHI,ok,True,True,True,False,True,forecast_icc,,390854656.0
VHUB,failed,True,True,False,False,False,,missing_positive_eps,60563216.0
VIA,ok,True,True,True,False,True,forecast_icc,,1710503936.0
VIAV,ok,True,True,True,False,True,forecast_icc,,8646331392.0
VICI,ok,True,True,True,True,True,forecast_icc,,28969418752.0
VICR,ok,True,True,True,True,True,forecast_icc,,9420309504.0
VIDA,failed,True,True,False,False,False,,missing_positive_eps,49623148.0
VII,failed,True,False,False,False,False,,missing_positive_eps,
VII-U,failed,False,False,False,False,False,,missing_price,
VII-W,failed,False,False,False,False,False,,missing_price,
VIK,ok,True,True,True,True,True,forecast_icc,,46601109504.0
VINP,ok,True,True,True,True,True,forecast_icc,,648614528.0
VIOT,ok,True,True,True,True,True,forecast_icc,,50868296.0
VIP,ok,True,True,False,True,True,trailing_eps_fallback_icc,,38806636.0
VIPS,ok,True,True,True,True,True,forecast_icc,,7295309312.0
VIR,failed,True,True,False,False,False,,missing_positive_eps,1501002496.0
VIRC,ok,True,True,True,False,True,forecast_icc,,94377256.0
VIRT,ok,True,True,True,True,True,forecast_icc,,12729935872.0
VISN,ok,True,True,True,True,True,forecast_icc,,2641420288.0
VIST,ok,True,True,True,True,True,forecast_icc,,7629605888.0
VITL,ok,True,True,True,True,True,forecast_icc,,536034208.0
VIV,ok,True,False,True,True,True,forecast_icc,,
VIVK,failed,True,True,False,False,False,,missing_positive_eps,1354416.0
VIVO,failed,True,True,False,False,False,,missing_positive_eps,108763256.0
VIVS,failed,True,True,False,False,False,,missing_positive_eps,1348711.0
VKI,ok,True,True,False,True,True,trailing_eps_fallback_icc,,397597216.0
VKQ,ok,True,False,False,True,True,trailing_eps_fallback_icc,,
VKTX,failed,True,True,False,False,False,,missing_positive_eps,3844257792.0
VLGEA,ok,True,True,False,True,True,trailing_eps_fallback_icc,,651321408.0
VLN,failed,True,True,False,False,False,,missing_positive_eps,168905104.0
VLO,ok,True,True,True,True,True,forecast_icc,,92556910592.0
VLOS,ok,True,True,False,True,True,trailing_eps_fallback_icc,,385066720.0
VLRS,failed,True,True,False,False,False,,missing_positive_eps,913863360.0
VLT,ok,True,False,False,True,True,trailing_eps_fallback_icc,,
VLTO,ok,True,True,True,True,True,forecast_icc,,23089668096.0
VLY,ok,True,True,True,True,True,forecast_icc,,7919949824.0
VMAR,failed,True,True,False,False,False,,missing_positive_eps,5321671.0
VMC,ok,True,True,True,True,True,forecast_icc,,35194716160.0
VMD,ok,True,True,True,True,True,forecast_icc,,450840768.0
VMET,ok,True,True,False,True,True,trailing_eps_fallback_icc,,975140288.0
VMI,ok,True,True,True,True,True,forecast_icc,,9200887808.0
VMO,ok,True,False,False,True,True,trailing_eps_fallback_icc,,
VNCE,ok,True,True,True,True,True,forecast_icc,,80681008.0
VNDA,ok,True,True,True,False,True,forecast_icc,,311502176.0
VNET,ok,True,True,True,False,True,forecast_icc,,2083942912.0
VNME,failed,True,True,False,False,False,,missing_positive_eps,256250000.0
VNO,ok,True,False,True,True,True,forecast_icc,,
VNOM,ok,True,True,True,False,True,forecast_icc,,15646725120.0
VNRX,failed,True,True,False,False,False,,missing_positive_eps,9631858.0
VNT,ok,True,True,True,True,True,forecast_icc,,4490112000.0
VNTG,failed,True,True,False,False,False,,missing_positive_eps,21064178.0
VOD,ok,True,True,True,False,True,forecast_icc,,37167919104.0
VOR,failed,True,True,False,False,False,,missing_positive_eps,1181252096.0
VOXR,ok,True,True,True,True,True,forecast_icc,,303167680.0
VOYA,ok,True,True,True,True,True,forecast_icc,,9091110912.0
VOYG,failed,True,True,False,False,False,,missing_positive_eps,1420513664.0
VPG,ok,True,False,True,True,True,forecast_icc,,
VPV,ok,True,False,False,True,True,trailing_eps_fallback_icc,,
VRA,failed,True,True,False,False,False,,missing_positive_eps,99249496.0
VRAX,failed,True,True,False,False,False,,missing_positive_eps,2231566.0
VRCA,failed,True,True,False,False,False,,missing_positive_eps,90360432.0
VRDN,failed,True,True,False,False,False,,missing_positive_eps,2197510912.0
VREX,ok,True,True,True,False,True,forecast_icc,,466561568.0
VRM,failed,True,True,False,False,False,,missing_positive_eps,35932628.0
VRME,ok,True,True,True,False,True,forecast_icc,,9171539.0
VRNS,ok,True,True,True,False,True,forecast_icc,,4689688064.0
VRRM,ok,True,True,True,True,True,forecast_icc,,780800192.0
VRSK,ok,True,True,True,True,True,forecast_icc,,26076758016.0
VRSN,ok,True,True,True,True,True,forecast_icc,,25906831360.0
VRT,ok,True,True,True,True,True,forecast_icc,,87573168128.0
VRTS,ok,True,True,True,True,True,forecast_icc,,1092526976.0
VRTX,ok,True,True,True,True,True,forecast_icc,,122258079744.0
VRXA,failed,True,True,False,False,False,,missing_positive_eps,277159296.0
VS,failed,True,True,False,False,False,,missing_positive_eps,7952186.0
VSA,failed,True,True,False,False,False,,missing_positive_eps,8155373.0
VSAT,ok,True,True,True,False,True,forecast_icc,,10689825792.0
VSEC,ok,True,True,True,True,True,forecast_icc,,5374347776.0
VSEE,failed,True,True,False,False,False,,missing_positive_eps,4008946.0
VSH,ok,True,True,True,True,True,forecast_icc,,5182639616.0
VSME,failed,True,True,False,False,False,,missing_positive_eps,3613162.0
VSNT,ok,True,True,True,True,True,forecast_icc,,5078363648.0
VST,ok,True,True,True,True,True,forecast_icc,,50112057344.0
VSTD,failed,True,True,False,False,False,,missing_positive_eps,1433615.0
VSTM,failed,True,True,False,False,False,,missing_positive_eps,536029184.0
VSTS,ok,True,True,True,False,True,forecast_icc,,1927413120.0
VSXY,ok,True,True,True,True,True,forecast_icc,,7014349312.0
VTAK,failed,True,True,False,False,False,,missing_positive_eps,1002350.0
VTEX,ok,True,True,True,True,True,forecast_icc,,745024320.0
VTGN,failed,True,True,False,False,False,,missing_positive_eps,9888821.0
VTIX,failed,True,True,False,False,False,,missing_positive_eps,52965824.0
VTMX,ok,True,True,True,True,True,forecast_icc,,3191910656.0
VTN,ok,True,True,False,True,True,trailing_eps_fallback_icc,,160339232.0
VTOL,ok,True,True,True,True,True,forecast_icc,,1323972096.0
VTR,ok,True,False,True,True,True,forecast_icc,,
VTRS,ok,True,True,True,False,True,forecast_icc,,20682457088.0
VTS,ok,True,True,True,False,True,forecast_icc,,636114496.0
VTSI,ok,True,True,True,False,True,forecast_icc,,35729756.0
VTVT,failed,True,True,False,False,False,,missing_positive_eps,128715216.0
VUZI,failed,True,True,False,False,False,,missing_positive_eps,193758736.0
VVOS,failed,True,True,False,False,False,,missing_positive_eps,5639818.0
VVR,ok,True,True,False,True,True,trailing_eps_fallback_icc,,458696576.0
VVV,ok,True,True,True,True,True,forecast_icc,,4896110080.0
VVX,ok,True,True,True,True,True,forecast_icc,,2716184576.0
VWAV,failed,True,True,False,False,False,,missing_positive_eps,53509212.0
VYGR,failed,True,True,False,False,False,,missing_positive_eps,189118640.0
VYNE,failed,True,True,False,False,False,,missing_positive_eps,19069540.0
VYX,ok,True,True,True,True,True,forecast_icc,,1124506496.0
VZ,ok,True,True,True,True,True,forecast_icc,,192535019520.0
VZLA,failed,True,True,False,False,False,,missing_positive_eps,1137298816.0
W,ok,True,False,True,False,True,forecast_icc,,
WAB,ok,True,True,True,True,True,forecast_icc,,49399664640.0
WABC,ok,True,True,True,True,True,forecast_icc,,1377819776.0
WAFD,ok,True,True,True,True,True,forecast_icc,,2694149120.0
WAFDP,ok,True,False,False,True,True,trailing_eps_fallback_icc,,
WAFU,failed,True,True,False,False,False,,missing_positive_eps,6751683.0
WAI,failed,False,True,False,False,False,,missing_price,6035913.0
WAL,ok,True,True,True,True,True,forecast_icc,,8871310336.0
WALD,failed,True,True,False,False,False,,missing_positive_eps,219324384.0
WASH,ok,True,True,True,True,True,forecast_icc,,747583232.0
WAT,ok,True,True,True,True,True,forecast_icc,,37340078080.0
WATT,ok,True,True,True,False,True,forecast_icc,,77180448.0
WAVE,failed,True,True,False,False,False,,missing_positive_eps,46485496.0
WAY,ok,True,True,True,True,True,forecast_icc,,4016562176.0
WB,ok,True,True,True,True,True,forecast_icc,,1994861312.0
WBD,ok,True,True,True,False,True,forecast_icc,,63856771072.0
WBI,ok,True,True,True,True,True,forecast_icc,,1547768576.0
WBS,ok,True,True,True,True,True,forecast_icc,,12525185024.0
WBTN,ok,True,True,True,False,True,forecast_icc,,1218465024.0
WBUY,failed,True,True,False,False,False,,missing_positive_eps,5645537.0
WBX,failed,True,True,False,False,False,,missing_positive_eps,77428256.0
WCC,ok,True,True,True,True,True,forecast_icc,,16689705984.0
WCN,ok,True,True,True,True,True,forecast_icc,,41908277248.0
WCT,failed,True,True,False,False,False,,missing_positive_eps,3714904.0
WD,ok,True,False,True,True,True,forecast_icc,,
WDAY,ok,True,True,True,True,True,forecast_icc,,39048974336.0
WDC,ok,True,False,True,True,True,forecast_icc,,
WDFC,ok,True,True,True,True,True,forecast_icc,,3056788736.0
WDH,ok,True,True,True,True,True,forecast_icc,,409604224.0
WDI,ok,True,True,False,True,True,trailing_eps_fallback_icc,,678491328.0
WDS,ok,True,False,False,True,True,trailing_eps_fallback_icc,,
WEAV,ok,True,True,True,False,True,forecast_icc,,521950528.0
WEC,ok,True,False,True,True,True,forecast_icc,,
WELL,ok,True,True,True,True,True,forecast_icc,,169788391424.0
WEN,ok,True,False,True,True,True,forecast_icc,,
WENC,failed,True,True,False,False,False,,missing_positive_eps,160495824.0
WENC-R,failed,False,False,False,False,False,,missing_price,
WENC-U,failed,False,False,False,False,False,,missing_price,
WENN,ok,True,True,False,True,True,trailing_eps_fallback_icc,,387568704.0
WERN,ok,True,True,True,False,True,forecast_icc,,2211957504.0
WES,ok,True,True,True,True,True,forecast_icc,,19633952768.0
WEST,ok,True,True,True,False,True,forecast_icc,,797048512.0
WETH,ok,True,True,False,True,True,trailing_eps_fallback_icc,,14198526.0
WETO,failed,True,True,False,False,False,,missing_positive_eps,2462400.0
WEX,ok,True,True,True,True,True,forecast_icc,,6352812032.0
WEYS,ok,True,True,True,True,True,forecast_icc,,377093920.0
WF,ok,True,True,True,True,True,forecast_icc,,17060304896.0
WFC,ok,True,True,True,True,True,forecast_icc,,258340257792.0
WFCF,ok,True,True,True,True,True,forecast_icc,,61479168.0
WFF,failed,True,True,False,False,False,,missing_positive_eps,18321958.0
WFG,ok,True,True,True,False,True,forecast_icc,,4987953664.0
WFRD,ok,True,True,True,True,True,forecast_icc,,6072473600.0
WGO,ok,True,True,True,True,True,forecast_icc,,863049280.0
WGRX,failed,False,True,False,False,False,,missing_price,182883360.0
WGS,ok,True,True,True,False,True,forecast_icc,,2047286400.0
WH,ok,True,True,True,True,True,forecast_icc,,5648208384.0
WHD,ok,True,True,True,True,True,forecast_icc,,4303942656.0
WHG,ok,True,False,False,True,True,trailing_eps_fallback_icc,,
WHK,ok,True,True,True,False,True,forecast_icc,,594921536.0
WHLR,failed,True,True,False,False,False,,missing_positive_eps,641159.0
WHR,ok,True,False,True,True,True,forecast_icc,,
WHWK,failed,True,True,False,False,False,,missing_positive_eps,190391984.0
WILC,ok,True,True,False,True,True,trailing_eps_fallback_icc,,375751264.0
WIMI,ok,True,True,True,True,True,forecast_icc,,22245916.0
WINA,ok,True,True,True,True,True,forecast_icc,,1190265216.0
WING,ok,True,True,True,True,True,forecast_icc,,3658420992.0
WIT,ok,True,True,True,True,True,forecast_icc,,19289856000.0
WIX,ok,True,True,True,False,True,forecast_icc,,2372030464.0
WK,ok,True,True,True,True,True,forecast_icc,,3285225984.0
WKC,ok,True,True,True,False,True,forecast_icc,,2032253824.0
WKEY,ok,True,True,True,False,True,forecast_icc,,73350192.0
WKHS,failed,True,True,False,False,False,,missing_positive_eps,34532080.0
WKSP,failed,True,True,False,False,False,,missing_positive_eps,9421720.0
WLDN,ok,True,True,True,True,True,forecast_icc,,1063031104.0
WLDS,failed,True,True,False,False,False,,missing_positive_eps,6918722.0
WLFC,ok,True,True,True,True,True,forecast_icc,,1733216896.0
WLII,failed,True,True,False,False,False,,missing_positive_eps,260185776.0
WLK,ok,True,True,True,False,True,forecast_icc,,9188977664.0
WLKP,ok,True,True,True,True,True,forecast_icc,,765892928.0
WLTH,ok,True,True,True,False,True,forecast_icc,,1412957056.0
WLY,ok,True,True,True,True,True,forecast_icc,,2664411136.0
WLYB,ok,True,True,False,True,True,trailing_eps_fallback_icc,,2686745600.0
WM,ok,True,True,True,True,True,forecast_icc,,90888642560.0
WMB,ok,True,True,True,True,True,forecast_icc,,86722813952.0
WMG,ok,True,True,True,True,True,forecast_icc,,14375723008.0
WMK,ok,True,False,False,True,True,trailing_eps_fallback_icc,,
WMS,ok,True,True,True,True,True,forecast_icc,,10544106496.0
WMT,ok,True,True,True,True,True,forecast_icc,,884142571520.0
WNC,ok,True,False,True,False,True,forecast_icc,,
WNEB,ok,True,True,True,True,True,forecast_icc,,262400464.0
WNW,failed,True,True,False,False,False,,missing_positive_eps,3286263.0
WOK,failed,True,True,False,False,False,,missing_positive_eps,4691512.0
WOLF,failed,True,True,False,False,False,,missing_positive_eps,1236416256.0
WOOF,ok,True,True,True,True,True,forecast_icc,,793871360.0
WOR,ok,True,True,True,True,True,forecast_icc,,2757267456.0
WPAC,failed,True,True,False,False,False,,missing_positive_eps,156351248.0
WPAC-R,failed,False,False,False,False,False,,missing_price,
WPAC-U,failed,False,False,False,False,False,,missing_price,
WPC,ok,True,True,True,True,True,forecast_icc,,16875961344.0
WPM,ok,True,True,True,True,True,forecast_icc,,51488702464.0
WPP,ok,True,True,True,False,True,forecast_icc,,4413322240.0
WPRT,failed,True,True,False,False,False,,missing_positive_eps,32672664.0
WRAP,failed,True,True,False,False,False,,missing_positive_eps,98099312.0
WRB,ok,True,True,True,True,True,forecast_icc,,27228233728.0
WRBY,ok,True,True,True,True,True,forecast_icc,,3193050368.0
WRD,failed,True,True,False,False,False,,missing_positive_eps,1957288960.0
WRLD,ok,True,True,True,True,True,forecast_icc,,840362496.0
WRN,ok,True,True,False,True,True,trailing_eps_fallback_icc,,476086560.0
WSBC,ok,True,True,True,True,True,forecast_icc,,3985283072.0
WSBF,ok,True,True,True,True,True,forecast_icc,,369546592.0
WSBK,ok,True,True,False,True,True,trailing_eps_fallback_icc,,117116008.0
WSC,ok,True,True,True,False,True,forecast_icc,,4349302272.0
WSE,ok,True,True,True,True,True,forecast_icc,,11908823040.0
WSFS,ok,True,True,True,True,True,forecast_icc,,4101790208.0
WSHP,failed,True,True,False,False,False,,missing_positive_eps,61172584.0
WSM,ok,True,True,True,True,True,forecast_icc,,27472640000.0
WSO,ok,True,True,True,True,True,forecast_icc,,12798434304.0
WSO-B,ok,True,True,False,True,True,trailing_eps_fallback_icc,,12914053120.0
WST,ok,True,True,True,True,True,forecast_icc,,23898904576.0
WSTN,failed,True,True,False,False,False,,missing_positive_eps,81677704.0
WTBA,ok,True,True,True,True,True,forecast_icc,,473304768.0
WTF,failed,True,True,False,False,False,,missing_positive_eps,129276432.0
WTFC,ok,True,True,True,True,True,forecast_icc,,10769256448.0
WTG,ok,True,True,False,True,True,trailing_eps_fallback_icc,,76468432.0
WTI,failed,True,True,False,False,False,,missing_positive_eps,514770848.0
WTM,ok,True,True,True,True,True,forecast_icc,,5247097856.0
WTO,failed,False,True,False,False,False,,missing_price,1894915.0
WTRG,ok,True,True,True,True,True,forecast_icc,,11444590592.0
WTS,ok,True,True,True,True,True,forecast_icc,,11490472960.0
WTTR,ok,True,True,True,True,True,forecast_icc,,2552843008.0
WTW,ok,True,True,True,True,True,forecast_icc,,31739240448.0
WU,ok,True,True,True,True,True,forecast_icc,,2402626048.0
WULF,ok,True,True,True,False,True,forecast_icc,,8830391296.0
WVE,failed,True,True,False,False,False,,missing_positive_eps,1108236800.0
WVVI,failed,True,True,False,False,False,,missing_positive_eps,13285102.0
WW,ok,True,True,False,True,True,trailing_eps_fallback_icc,,138982768.0
WWD,ok,True,True,True,True,True,forecast_icc,,21228181504.0
WWR,failed,True,True,False,False,False,,missing_positive_eps,52122768.0
WWW,ok,True,False,True,True,True,forecast_icc,,
WXM,failed,True,True,False,False,False,,missing_positive_eps,9613657.0
WY,ok,True,True,True,True,True,forecast_icc,,16944501760.0
WYFI,ok,True,True,True,False,True,forecast_icc,,1013623168.0
WYHG,ok,True,True,False,True,True,trailing_eps_fallback_icc,,48946828.0
WYNN,ok,True,True,True,True,True,forecast_icc,,10451322880.0
WYY,ok,True,False,True,False,True,forecast_icc,,
XAIR,failed,True,True,False,False,False,,missing_positive_eps,3905278.0
XBIO,failed,True,True,False,False,False,,missing_positive_eps,5842192.0
XBIT,ok,True,True,True,False,True,forecast_icc,,68292520.0
XBP,ok,True,True,True,False,True,forecast_icc,,36245592.0
XCBE,failed,True,True,False,False,False,,missing_positive_eps,279843744.0
XCH,failed,True,True,False,False,False,,missing_positive_eps,39705116.0
XCUR,failed,True,True,False,False,False,,missing_positive_eps,10007081.0
XE,failed,True,True,False,False,False,,missing_positive_eps,4901171200.0
XEL,ok,True,True,True,True,True,forecast_icc,,48836612096.0
XELB,failed,True,True,False,False,False,,missing_positive_eps,7388468.0
XELLL,failed,True,False,False,False,False,,missing_positive_eps,
XENE,failed,True,True,False,False,False,,missing_positive_eps,6204961792.0
XERS,ok,True,True,True,True,True,forecast_icc,,1453646080.0
XFLH,failed,True,True,False,False,False,,missing_positive_eps,143883040.0
XFLH-R,failed,False,False,False,False,False,,missing_price,
XFLH-U,failed,False,False,False,False,False,,missing_price,
XFLT,failed,True,True,False,False,False,,missing_positive_eps,287863712.0
XFOR,failed,True,True,False,False,False,,missing_positive_eps,377278784.0
XGN,failed,True,True,False,False,False,,missing_positive_eps,112826456.0
XHG,failed,True,True,False,False,False,,missing_positive_eps,50516972.0
XHLD,ok,True,True,True,False,True,forecast_icc,,13055413.0
XHR,ok,True,True,True,True,True,forecast_icc,,1962820736.0
XIFR,ok,True,True,True,True,True,forecast_icc,,1118075264.0
XLO,failed,True,True,False,False,False,,missing_positive_eps,59702260.0
XMAX,failed,True,True,False,False,False,,missing_positive_eps,557792448.0
XMTR,ok,True,True,True,False,True,forecast_icc,,4690926080.0
XNCR,failed,True,True,False,False,False,,missing_positive_eps,1593302912.0
XNDU,failed,True,True,False,False,False,,missing_positive_eps,3289594880.0
XNET,ok,True,True,False,True,True,trailing_eps_fallback_icc,,360280416.0
XOM,ok,True,False,True,True,True,forecast_icc,,
XOMA,failed,False,True,False,False,False,,missing_price,710155008.0
XOS,failed,True,True,False,False,False,,missing_positive_eps,27712014.0
XP,ok,True,True,True,True,True,forecast_icc,,8886852608.0
XPEL,ok,True,True,True,True,True,forecast_icc,,1216817536.0
XPER,ok,True,True,True,False,True,forecast_icc,,364449504.0
XPEV,ok,True,True,True,False,True,forecast_icc,,12416584704.0
XPL,failed,True,False,False,False,False,,missing_positive_eps,
XPO,ok,True,False,True,True,True,forecast_icc,,
XPOF,ok,True,True,True,False,True,forecast_icc,,320657792.0
XPON,failed,True,True,False,False,False,,missing_positive_eps,3421955.0
XPRO,ok,True,True,True,True,True,forecast_icc,,1711077504.0
XRAY,ok,True,True,True,False,True,forecast_icc,,2752488704.0
XRN,failed,True,True,False,False,False,,missing_positive_eps,560706880.0
XRPN,ok,True,True,False,True,True,trailing_eps_fallback_icc,,412461504.0
XRTX,ok,True,True,True,False,True,forecast_icc,,3495741.0
XRX,ok,True,True,True,False,True,forecast_icc,,456420832.0
XSLL,failed,True,True,False,False,False,,missing_positive_eps,274309216.0
XTIA,failed,True,True,False,False,False,,missing_positive_eps,58871016.0
XTLB,failed,True,True,False,False,False,,missing_positive_eps,7003769.0
XTNT,ok,True,True,False,True,True,trailing_eps_fallback_icc,,60649704.0
XWEL,failed,True,True,False,False,False,,missing_positive_eps,9204250.0
XXI,failed,True,True,False,False,False,,missing_positive_eps,1543294848.0
XXII,failed,True,True,False,False,False,,missing_positive_eps,1335629.0
XYF,ok,True,True,True,True,True,forecast_icc,,193351184.0
XYL,ok,True,True,True,True,True,forecast_icc,,27275929600.0
XYZ,ok,True,True,True,True,True,forecast_icc,,49155997696.0
XZO,ok,True,True,True,True,True,forecast_icc,,1435602048.0
YAAS,failed,True,True,False,False,False,,missing_positive_eps,11122472.0
YALA,ok,True,True,True,True,True,forecast_icc,,816840000.0
YARW,failed,True,False,False,False,False,,missing_positive_eps,
YB,ok,True,True,True,True,True,forecast_icc,,610562624.0
YCBD,ok,True,True,False,True,True,trailing_eps_fallback_icc,,4944519.0
YCY,failed,True,True,False,False,False,,missing_positive_eps,150373232.0
YCY-U,failed,False,False,False,False,False,,missing_price,
YCY-W,failed,False,False,False,False,False,,missing_price,
YDDL,ok,True,True,True,True,True,forecast_icc,,97217832.0
YDES,failed,True,True,False,False,False,,missing_positive_eps,155828960.0
YDKG,failed,True,True,False,False,False,,missing_positive_eps,5529189.0
YELP,ok,True,True,True,True,True,forecast_icc,,1444605824.0
YETI,ok,True,True,True,True,True,forecast_icc,,3760643072.0
YEXT,ok,True,True,True,True,True,forecast_icc,,552367104.0
YHC,ok,True,True,False,True,True,trailing_eps_fallback_icc,,2516407.0
YHGJ,failed,True,True,False,False,False,,missing_positive_eps,7749976.0
YHNA,ok,True,True,False,True,True,trailing_eps_fallback_icc,,46844024.0
YI,ok,True,True,True,False,True,forecast_icc,,33868312.0
YIBO,failed,True,True,False,False,False,,missing_positive_eps,74635120.0
YICC,failed,True,True,False,False,False,,missing_positive_eps,351213312.0
YJ,ok,True,True,True,False,True,forecast_icc,,5812137.0
YMAT,failed,True,True,False,False,False,,missing_positive_eps,7137983.0
YMM,ok,True,True,True,True,True,forecast_icc,,9998748672.0
YMT,failed,True,True,False,False,False,,missing_positive_eps,2515533.0
YOOV,failed,False,True,False,False,False,,missing_price,113674328.0
YORW,ok,True,True,True,True,True,forecast_icc,,501030656.0
YOU,ok,True,True,True,True,True,forecast_icc,,7498398208.0
YOUL,ok,True,True,False,True,True,trailing_eps_fallback_icc,,34034952.0
YPF,ok,True,True,True,False,True,forecast_icc,,20449417216.0
YQ,failed,True,True,False,False,False,,missing_positive_eps,16950984.0
YRD,failed,True,False,False,False,False,,missing_positive_eps,
YSG,ok,True,True,True,False,True,forecast_icc,,326443040.0
YSS,ok,True,True,True,False,True,forecast_icc,,2005133952.0
YSWY,ok,True,True,True,False,True,forecast_icc,,1320770176.0
YSXT,ok,True,True,False,True,True,trailing_eps_fallback_icc,,29331900.0
YTRA,ok,True,True,True,False,True,forecast_icc,,52193656.0
YUM,ok,True,True,True,True,True,forecast_icc,,43272531968.0
YUMC,ok,True,True,True,True,True,forecast_icc,,15928068096.0
YXT,failed,True,True,False,False,False,,missing_positive_eps,18149010.0
YYAI,ok,True,True,False,True,True,trailing_eps_fallback_icc,,179105.0
YYGH,failed,True,True,False,False,False,,missing_positive_eps,4002151.0
Z,ok,True,False,True,True,True,forecast_icc,,
ZBAO,failed,True,True,False,False,False,,missing_positive_eps,5875642.0
ZBH,ok,True,True,True,True,True,forecast_icc,,18371196928.0
ZBIO,failed,True,False,False,False,False,,missing_positive_eps,
ZBRA,ok,True,True,True,True,True,forecast_icc,,13745568768.0
ZCMD,failed,True,True,False,False,False,,missing_positive_eps,7879930.0
ZD,ok,True,True,True,True,True,forecast_icc,,1937910400.0
ZDAI,failed,True,True,False,False,False,,missing_positive_eps,13191750.0
ZDGE,ok,True,True,True,False,True,forecast_icc,,38813836.0
ZENA,failed,True,True,False,False,False,,missing_positive_eps,115549448.0
ZEO,failed,True,True,False,False,False,,missing_positive_eps,44855180.0
ZEPP,ok,True,True,True,False,True,forecast_icc,,64819216.0
ZETA,ok,True,True,True,False,True,forecast_icc,,5326635520.0
ZG,ok,True,True,True,True,True,forecast_icc,,7790701568.0
ZGN,ok,True,True,True,True,True,forecast_icc,,3984433920.0
ZH,ok,True,True,True,False,True,forecast_icc,,282210720.0
ZIM,ok,True,True,True,True,True,forecast_icc,,2980451328.0
ZION,ok,True,True,True,True,True,forecast_icc,,10136923136.0
ZIP,ok,True,True,True,False,True,forecast_icc,,324459744.0
ZJK,ok,True,True,True,True,True,forecast_icc,,108704600.0
ZJYL,ok,True,True,False,True,True,trailing_eps_fallback_icc,,14950301.0
ZKH,ok,True,True,True,False,True,forecast_icc,,460308992.0
ZKIN,failed,True,True,False,False,False,,missing_positive_eps,73875568.0
ZKP,failed,True,True,False,False,False,,missing_positive_eps,390151424.0
ZLAB,failed,True,True,False,False,False,,missing_positive_eps,2056319360.0
ZM,ok,True,True,True,True,True,forecast_icc,,27071199232.0
ZNB,failed,True,True,False,False,False,,missing_positive_eps,655518.0
ZNTL,failed,True,True,False,False,False,,missing_positive_eps,350236864.0
ZONE,failed,True,True,False,False,False,,missing_positive_eps,77190328.0
ZOOZ,ok,True,True,True,False,True,forecast_icc,,42012460.0
ZS,ok,True,True,True,False,True,forecast_icc,,23996076032.0
ZSQR,failed,True,True,False,False,False,,missing_positive_eps,275273024.0
ZSTK,failed,True,True,False,False,False,,missing_positive_eps,3743444.0
ZTEK,failed,True,True,False,False,False,,missing_positive_eps,69881328.0
ZTG,ok,True,True,False,True,True,trailing_eps_fallback_icc,,61618404.0
ZTO,ok,True,True,True,True,True,forecast_icc,,18145929216.0
ZTS,ok,True,False,True,True,True,forecast_icc,,
ZUMZ,ok,True,True,True,True,True,forecast_icc,,334069856.0
ZURA,failed,True,True,False,False,False,,missing_positive_eps,525639136.0
ZVIA,failed,True,True,False,False,False,,missing_positive_eps,116275888.0
ZVRA,ok,True,True,True,True,True,forecast_icc,,569869440.0
ZYBT,failed,True,True,False,False,False,,missing_positive_eps,64452272.0
ZYME,ok,True,True,True,False,True,forecast_icc,,1670864256.0
