ticker,price,dividend,mktcap,shares,bvps,sector,name,FE1,g2,icc_method,ICC,bm,date
A,156.3,1.02,44144111616.0,282431944.0,25.236,Healthcare,"Agilent Technologies, Inc.",6.05947,0.09059373179502495,forecast_icc,0.05212679677091249,0.16145873770853417,2026-08-20
AA,50.55,0.4,13340621824.0,263909445.0,27.926,Basic Materials,Alcoa Corporation,6.49824,0.01,forecast_icc,0.07829583440838919,0.5524431513238284,2026-08-20
AACB,10.59,0.0,293078240.0,22175000.0,-0.62,Financial Services,Artius II Acquisition Inc.,0.17,0.01,trailing_eps_fallback_icc,0.016946051441481973,,2026-08-20
AADX,15.5,0.0,2672099584.0,172393518.0,4.802,Industrials,"Applied Aerospace & Defense, In",0.4,0.04,forecast_icc,0.02988232145778985,0.3098064452361368,2026-08-20
AAL,13.52,0.0,8949833728.0,661969951.0,-6.001,Industrials,"American Airlines Group, Inc.",0.10387,0.75,forecast_icc,0.08328694648436716,,2026-08-20
AAME,1.34,0.02,27332286.0,20397228.0,5.365,Financial Services,Atlantic American Corporation,0.23,0.04,trailing_eps_fallback_icc,0.11311676364368506,4.00373127297146,2026-08-20
AAMI,90.85,0.4,3224278016.0,35490128.0,2.592,Financial Services,Acadian Asset Management Inc.,5.375,0.21178232558139531,forecast_icc,0.0995557482526147,0.028530545852284223,2026-08-20
AAOI,129.1,0.0,10917889024.0,84569237.0,19.767,Technology,"Applied Optoelectronics, Inc.",0.68,0.75,forecast_icc,0.06613510092033292,0.1531138578258368,2026-08-20
AAON,80.84,0.4,6665551872.0,82453639.0,12.255,Industrials,"AAON, Inc.",2.368,0.4898648648648649,forecast_icc,0.12061985272790043,0.151595751612058,2026-08-20
AAP,42.39,1.0,,,36.883,Consumer Cyclical,Advance Auto Parts Inc.,2.93478,0.3637240270139499,forecast_icc,0.16441285175753806,,2026-08-20
AAPL,311.3,1.08,4543167856640.0,14594180000.0,7.36,Technology,Apple Inc.,8.80532,0.08255463742373936,forecast_icc,0.03928840109950127,0.023642790270892562,2026-08-20
AAT,22.83,1.36,1771282688.0,61404213.0,18.276,Real Estate,"American Assets Trust, Inc.",0.39,0.01,forecast_icc,0.019866010643228772,0.6335653842217195,2026-08-20
ABBV,261.83,6.92,462684291072.0,1767117285.0,-3.359,Healthcare,AbbVie Inc.,14.00943,0.15958607880549014,forecast_icc,0.0923060411086093,,2026-08-20
ABCB,86.12,0.8,5779275776.0,67107239.0,61.163,Financial Services,Ameris Bancorp,6.63571,0.05920391337174169,forecast_icc,0.0735600759058771,0.7102066449228741,2026-08-20
ABEV,2.83,0.16,43638595584.0,15419998554.0,1.095394,Consumer Defensive,Ambev S.A.,0.20052,0.0692200279273889,forecast_icc,0.09285229496638647,0.3870650205400587,2026-08-20
ABG,215.37,0.0,3866304000.0,17951917.0,218.546,Consumer Cyclical,Asbury Automotive Group Inc,26.39582,0.14724679892498127,forecast_icc,0.12470446415080139,1.0147468105668875,2026-08-20
ABM,47.1,1.16,2759161344.0,58580923.0,29.846,Industrials,ABM Industries Incorporated,3.97749,0.09490910096568439,forecast_icc,0.09599715997639754,0.6336730657886457,2026-08-20
ABNB,185.0,0.0,110775345152.0,419529556.0,13.219,Consumer Cyclical,"Airbnb, Inc.",5.28991,0.16843008671225035,forecast_icc,0.05382135404938451,0.05006313627959726,2026-08-20
ABR,5.18,0.94,1050132352.0,186558043.0,11.346,Real Estate,Arbor Realty Trust,0.2725,0.75,forecast_icc,0.2977606071477722,2.0156388400440406,2026-08-20
ABT,114.14,2.52,197505957888.0,1730383296.0,29.537,Healthcare,Abbott Laboratories,5.51806,0.09887714160411454,forecast_icc,0.06878404833407828,0.2587786817192381,2026-08-20
ABTC,8.47,0.0,1031812992.0,24004726.0,9.229,Financial Services,American Bitcoin Corp.,0.02,0.04,forecast_icc,0.010000000000000002,0.21470907807099987,2026-08-20
ABUS,4.77,0.0,943734208.0,197847835.0,1.309,Healthcare,Arbutus Biopharma Corporation,1.027,0.01,forecast_icc,0.10594260794288901,0.2744234698918533,2026-08-20
ABX,9.16,0.2,895776960.0,97792249.0,4.477,Financial Services,"Abacus Global Management, Inc.",1.02,0.11176470588235277,forecast_icc,0.11676875685718968,0.48875548079847914,2026-08-20
ACA,145.4,0.2,7140129792.0,49106809.0,60.76,Industrials,"Arcosa, Inc.",4.29167,0.19289227736522152,forecast_icc,0.06009766842401139,0.4178817194868157,2026-08-20
ACAD,29.04,0.0,5003752448.0,172305518.0,7.591,Healthcare,ACADIA Pharmaceuticals Inc.,0.59856,0.48447941726811017,forecast_icc,0.09419680224921245,0.2613980609014333,2026-08-20
ACCL,2.92,0.0,40733708.0,13949900.0,0.415,Industrials,Acco Group Holdings Limited,0.04,0.01,trailing_eps_fallback_icc,0.014903553143590539,0.1421232876712329,2026-08-20
ACCO,4.23,0.3,390461024.0,92307568.0,7.488,Industrials,Acco Brands Corporation,0.88,0.09469318181818176,forecast_icc,0.1792842988239024,1.7702127144552078,2026-08-20
ACCS,4.95,0.0,18945154.0,3827304.0,7.59,Communication Services,ACCESS Newswire Inc.,0.445,0.7303370786516854,forecast_icc,0.26416462173545263,1.5333333980816413,2026-08-20
ACEL,12.1,0.0,982441024.0,81193475.0,3.495,Consumer Cyclical,"Accel Entertainment, Inc.",0.82822,0.30400135229769876,forecast_icc,0.12933911586922264,0.28884298211573867,2026-08-20
ACFN,19.25,0.0,48793244.0,2534714.0,3.496,Technology,"Acorn Energy, Inc.",0.61,0.01,trailing_eps_fallback_icc,0.028313811761205773,0.18161039147140942,2026-08-20
ACGL,99.31,0.0,33887463424.0,341229126.0,68.318,Financial Services,Arch Capital Group Ltd.,9.37563,0.04165586739237792,forecast_icc,0.07438952560428402,0.6879267160951846,2026-08-20
ACH,1.31,0.0,100745160.0,76904704.0,-7.164,Healthcare,"Accendra Health, Inc.",0.14973,0.04,forecast_icc,0.0835951655959456,,2026-08-20
ACHC,26.97,0.0,2510914304.0,93100275.0,21.78,Healthcare,"Acadia Healthcare Company, Inc.",1.5526,0.1736055648589463,forecast_icc,0.08638132388344755,0.8075639962183273,2026-08-20
ACI,11.98,0.68,5814201856.0,485325683.0,3.3,Consumer Defensive,"Albertsons Companies, Inc.",1.79259,0.03179756664937328,forecast_icc,0.1176494394534725,0.27545909027001625,2026-08-20
ACIC,9.21,0.0,435352256.0,47269517.0,7.302,Financial Services,American Coastal Insurance Corp,0.93,0.17204301075268824,forecast_icc,0.11932113432335678,0.7928338681538841,2026-08-20
ACIU,2.64,0.0,262487104.0,99426932.0,0.43553683,Healthcare,AC Immune SA,0.6101747,0.04,forecast_icc,0.12814442912347646,0.1649760697573377,2026-08-20
ACIW,51.57,0.0,5206261760.0,100955241.0,14.786,Technology,"ACI Worldwide, Inc.",3.59,0.08356545961002793,forecast_icc,0.0727127280679809,0.2867170845873873,2026-08-20
ACLS,124.97,0.0,3859259648.0,30881489.0,34.514,Technology,"Axcelis Technologies, Inc.",4.106,0.2830004870920604,forecast_icc,0.0814262913204239,0.27617828510148484,2026-08-20
ACM,65.18,1.19,8388432896.0,128696425.0,17.042,Industrials,AECOM,3.97906,0.6135494312727128,forecast_icc,0.21919113505465615,0.2614605733921818,2026-08-20
ACMR,78.52,0.0,5468854784.0,64657388.0,26.71,Technology,"ACM Research, Inc.",2.01,0.3482587064676619,forecast_icc,0.08132071844537858,0.31578802175047843,2026-08-20
ACN,181.35,6.52,110975696896.0,611942109.0,52.121,Technology,Accenture plc,13.87199,0.057538247937029885,forecast_icc,0.08284686101909988,0.28740558117944676,2026-08-20
ACNB,63.65,1.6,647316032.0,10169930.0,41.621,Financial Services,ACNB Corporation,5.6625,0.01,forecast_icc,0.06603066358992257,0.6539041760207788,2026-08-20
ACNT,15.01,0.0,135231888.0,9009453.0,8.835,Basic Materials,Ascent Industries Co.,0.8,0.01,forecast_icc,0.04015258509943387,0.5886076015961561,2026-08-20
ACP,5.08,0.93,637391040.0,125470678.0,5.648,Financial Services,Aberdeen Income Credit Strategi,0.66,0.04,trailing_eps_fallback_icc,0.15364036431584427,1.1118110310179445,2026-08-20
ACR,14.62,0.0,104256696.0,7131101.0,58.414,Real Estate,ACRES Commercial Realty Corp.,0.24,0.75,forecast_icc,0.12616498080037053,3.9954856598755057,2026-08-20
ACRE,4.71,0.6,261316032.0,55481113.0,8.836,Real Estate,Ares Commercial Real Estate Cor,0.39,0.01,forecast_icc,0.08505151867064231,1.8760085660109824,2026-08-20
ACT,49.12,0.96,6753197568.0,137483671.0,39.061,Financial Services,"Enact Holdings, Inc.",4.84291,0.03410965721023107,forecast_icc,0.08021855058485439,0.7952158394384767,2026-08-20
ACU,62.1,0.64,238080400.0,3833823.0,31.64,Consumer Defensive,Acme,2.64,0.01,forecast_icc,0.036397109112570145,0.5095008229152841,2026-08-20
ACV,26.67,2.16,277262080.0,10396028.0,,Financial Services,568516,5.14,0.04,trailing_eps_fallback_icc,0.15061081886928196,,2026-08-20
ACVA,7.67,0.0,1302427264.0,169807980.0,2.305,Consumer Cyclical,ACV Auctions Inc.,0.2033,0.6855386128873584,forecast_icc,0.14692174490054521,0.30052149914146764,2026-08-20
AD,35.54,0.0,3073462016.0,53473077.0,14.634,Communication Services,"Array Digital Infrastructure, I",6.487,0.01,forecast_icc,0.09549418914190533,0.25460702124974627,2026-08-20
ADAM,9.93,1.2,892506304.0,89879786.0,10.369,Real Estate,"Adamas Trust, Inc.",1.23025,0.014468603942288105,forecast_icc,0.12875567627563356,1.044209432311192,2026-08-20
ADBE,272.22,0.0,108207448064.0,397500000.0,28.867,Technology,Adobe Inc.,24.41188,0.12624713868821247,forecast_icc,0.09835392430903511,0.10604290836997887,2026-08-20
ADC,74.45,3.2,9285919744.0,124379310.0,51.09,Real Estate,Agree Realty Corporation,1.91571,0.01,forecast_icc,0.028306849166560115,0.6843198221701108,2026-08-20
ADEA,26.96,0.2,2973152768.0,110280150.0,4.328,Technology,Adeia Inc.,1.42375,0.13134328358208935,forecast_icc,0.07499180085432022,0.16053412873266795,2026-08-20
ADI,370.24,4.4,,,69.06,Technology,"Analog Devices, Inc.",12.79208,0.2696957805141931,forecast_icc,0.08871229356864074,,2026-08-20
ADIG,22.59,0.0,1715105152.0,75923198.0,32.335,Technology,ADI Global Distribution Inc.,1.75071,0.08686190174272146,forecast_icc,0.07891098831495016,1.431385477716762,2026-08-20
ADM,81.7,2.08,39376097280.0,481959583.0,48.907,Consumer Defensive,Archer-Daniels-Midland Company,5.41607,0.04931066252836458,forecast_icc,0.06918640743858095,0.5986169009632485,2026-08-20
ADMA,9.76,0.0,2186090496.0,223984680.0,1.811,Healthcare,ADMA Biologics Inc,0.79667,0.23325843824921244,forecast_icc,0.12260683864035438,0.18555327705884686,2026-08-20
ADNT,19.49,0.0,1528276864.0,78413387.0,22.426,Consumer Cyclical,Adient plc,1.95084,0.5538332205613994,forecast_icc,0.22730928018068208,1.1506413911543714,2026-08-20
ADP,279.21,6.8,110919729152.0,397262737.0,15.161,Technology,"Automatic Data Processing, Inc.",12.25722,0.09310594082508117,forecast_icc,0.0641243674032358,0.054299630928628176,2026-08-20
ADSE,11.64,0.0,874510080.0,75129730.0,-0.20732316,Industrials,ADS-TEC ENERGY PLC,0.82425,0.04,forecast_icc,0.060701626714318446,,2026-08-20
ADSK,251.02,0.0,53001682944.0,211145251.0,15.114,Technology,"Autodesk, Inc.",12.59579,0.12947659495752162,forecast_icc,0.06913567624489195,0.060210339490272026,2026-08-20
ADT,7.37,0.22,5384221696.0,675814723.0,4.792,Industrials,ADT Inc.,0.92238,0.06813894490340222,forecast_icc,0.11137108937575124,0.6014804618877267,2026-08-20
ADTN,7.86,0.0,640443904.0,81481407.0,1.595,Technology,"ADTRAN Holdings, Inc.",0.28857,0.75,forecast_icc,0.1849682952018471,0.2029261943993771,2026-08-20
ADUS,120.55,0.0,2251186944.0,18674300.0,62.765,Healthcare,Addus HomeCare Corporation,7.0446,0.06729125855265039,forecast_icc,0.06047974725988026,0.5206553114675491,2026-08-20
ADV,34.48,0.0,458421248.0,13295280.0,31.332,Communication Services,Advantage Solutions Inc.,1.79,0.75,forecast_icc,0.2150215082038739,0.9087007087420172,2026-08-20
ADVB,8.19,0.0,13530969.0,1652133.0,6.663,Healthcare,Advanced Biomed Inc.,4.0,0.04,trailing_eps_fallback_icc,0.19304168959209245,0.8135531297869354,2026-08-20
AEBI,11.91,0.1,924254656.0,77603247.0,10.675,Industrials,Aebi Schmidt Holding AG,0.755,0.6423841059602649,forecast_icc,0.21777425292955999,0.8963056408178917,2026-08-20
AEE,108.79,3.0,30117779456.0,276843251.0,49.447,Utilities,Ameren Corporation,5.39756,0.08090878100475019,forecast_icc,0.06718596845698144,0.4545178455867168,2026-08-20
AEF,9.34,0.79,379217312.0,40601424.0,7.632,Financial Services,27762,2.29,0.75,trailing_eps_fallback_icc,0.4,0.8171305954723923,2026-08-20
AEG,9.01,0.46,13322330112.0,1470418770.0,5.764798,Financial Services,Aegon Ltd. New York Registry Sh,0.878,0.06605922551252852,forecast_icc,0.10563681724812979,0.6362751195320673,2026-08-20
AEHR,105.97,0.0,3456789248.0,32620450.0,6.758,Technology,Aehr Test Systems,0.75,0.75,forecast_icc,0.0793309637603058,0.06377276289769343,2026-08-20
AEIS,292.62,0.4,11719559168.0,40050442.0,36.403,Industrials,"Advanced Energy Industries, Inc",11.2445,0.35085864200275685,forecast_icc,0.1047219714040197,0.12440367587433813,2026-08-20
AEM,212.04,1.8,107369603072.0,506364864.0,56.488,Basic Materials,Agnico Eagle Mines Limited,12.13661,0.029502472271911273,forecast_icc,0.051361319746053444,0.2664025722294141,2026-08-20
AENT,5.59,0.0,284851680.0,50957370.0,2.353,Communication Services,Alliance Entertainment Holding ,0.45667,0.0291895679593579,forecast_icc,0.06319751805181695,0.4209302596003647,2026-08-20
AEO,16.0,0.5,,,9.818,Consumer Cyclical,"American Eagle Outfitters, Inc.",1.74,0.04789080459770112,forecast_icc,0.09552005743819947,,2026-08-20
AEP,125.7,3.8,68430749696.0,544397352.0,58.929,Utilities,American Electric Power Company,6.37571,0.07488577742714142,forecast_icc,0.06745069177192742,0.4688066651107174,2026-08-20
AER,146.79,1.6,23073048576.0,157184065.0,119.208,Industrials,AerCap Holdings N.V.,18.71998,0.01,forecast_icc,0.07881153574077027,0.8120989282712461,2026-08-20
AERO,13.28,0.0,1937597184.0,145903409.0,-4.385,Industrials,"Grupo Aeromexico, S.A.B. de C.V",1.14495,0.75,forecast_icc,0.2649160491982242,,2026-08-20
AERT,6.75,0.0,39016472.0,5780218.0,-0.496,Industrials,"Aeries Technology, Inc.",0.41,0.053,trailing_eps_fallback_icc,0.058194447372661745,,2026-08-20
AES,14.77,0.7,10537489408.0,713438630.0,6.93,Utilities,The AES Corporation,2.02,0.17708910891089102,forecast_icc,0.16909475015610587,0.46919427526507834,2026-08-20
AESI,12.99,1.0,1622523520.0,124905584.0,8.904,Energy,Atlas Energy Solutions Inc.,0.08,0.04,forecast_icc,0.010106431602059027,0.6854503532472674,2026-08-20
AEYE,7.14,0.0,89747472.0,12569674.0,0.257,Technology,"AudioEye, Inc.",0.9875,0.16202531645569618,forecast_icc,0.13816389532531825,0.03599439790348635,2026-08-20
AFCG,3.32,0.2,75270776.0,22671919.0,7.462,Financial Services,Advanced Flower Capital Inc.,1.04,0.01,forecast_icc,0.15682534123003056,2.2475902145342572,2026-08-20
AFG,143.65,3.52,11911667712.0,82921466.0,58.143,Financial Services,"American Financial Group, Inc.",12.20143,0.01,forecast_icc,0.06381131314900676,0.40475464176867065,2026-08-20
AFJK,12.33,0.0,39040872.0,3166332.0,-1.416,Financial Services,"Aimei Health Technology Co., Lt",0.07,0.04,trailing_eps_fallback_icc,0.010000000000000002,,2026-08-20
AFL,116.17,2.44,58241048576.0,501343298.0,60.352,Financial Services,AFLAC Incorporated,7.02654,0.07622101347177979,forecast_icc,0.07187631237577338,0.5195145255912228,2026-08-20
AFRM,75.05,0.0,25134137344.0,294357801.0,11.299,Financial Services,"Affirm Holdings, Inc.",3.08399,0.2056362050460605,forecast_icc,0.07663879730603351,0.13232794696623904,2026-08-20
AFYA,13.88,0.66,1228077696.0,49904082.0,10.619656,Consumer Defensive,Afya Limited,9.63,0.05432294911734159,forecast_icc,0.261927630847414,0.4315396212812516,2026-08-20
AG,21.19,0.06,10444686336.0,492906383.0,6.02,Basic Materials,First Majestic Silver Corp.,0.945,0.07671957671957674,forecast_icc,0.0530028432038924,0.284096269644071,2026-08-20
AGBK,5.98,0.0,955818240.0,58606471.0,5.74435,Financial Services,AGI Inc,6.56694,0.40692620916286737,forecast_icc,0.4,0.35221767863401515,2026-08-20
AGCC,14.32,0.0,326302688.0,22786500.0,0.496,Consumer Defensive,Agencia Comercial Spirits Ltd,0.04,0.01,trailing_eps_fallback_icc,0.010000000000000002,0.034636870659183784,2026-08-20
AGCO,104.02,1.2,7284700160.0,70031729.0,58.292,Industrials,AGCO Corporation,5.62441,0.2992278301190703,forecast_icc,0.12072113965339548,0.5603922546165578,2026-08-20
AGD,12.42,1.44,,,12.137,Financial Services,,2.97,0.75,trailing_eps_fallback_icc,0.4,,2026-08-20
AGEN,7.49,0.0,337122432.0,45009670.0,-4.671,Healthcare,Agenus Inc.,0.87,0.01,forecast_icc,0.07086358020835848,,2026-08-20
AGI,36.69,0.16,15358598144.0,418604465.0,11.479,Basic Materials,Alamos Gold Inc.,2.29554,0.33144706692107295,forecast_icc,0.1332295109763756,0.31286453416402377,2026-08-20
AGL,92.73,0.0,1557048960.0,16791210.0,13.555,Healthcare,"agilon health, inc.",2.05538,0.04,forecast_icc,0.026833242525763357,0.1461770679002926,2026-08-20
AGM,220.85,6.3,2396931584.0,9322129.0,115.18,Financial Services,Federal Agricultural Mortgage C,20.88,0.10823754789272044,forecast_icc,0.10876583907937498,0.44795722388879,2026-08-20
AGM-A,156.0,6.3,1693100800.0,1030780.0,115.18,Financial Services,Federal Agricultural Mortgage C,18.29,0.208,trailing_eps_fallback_icc,0.16481888179345539,0.0701229604285817,2026-08-20
AGMH,1.06,0.0,5084157.0,3596375.0,15.379,Technology,AGM Group Holdings Inc.,0.33,0.01,trailing_eps_fallback_icc,0.13240664780874656,10.878627690883661,2026-08-20
AGNC,10.92,1.44,12945458176.0,1185481447.0,9.083,Real Estate,AGNC Investment Corp.,1.58313,0.01,forecast_icc,0.14050586655260278,0.8317765069963793,2026-08-20
AGNT,4.53,0.2,757044288.0,167117937.0,1.681,Real Estate,"AGNT, Inc.",0.15,0.75,forecast_icc,0.23243413845621708,0.37108166133736153,2026-08-20
AGO,74.28,1.52,3266775552.0,43979208.0,126.249,Financial Services,Assured Guaranty Ltd.,7.04239,0.01,forecast_icc,0.0674220012287178,1.6996365199907066,2026-08-20
AGRO,10.94,0.3,1578729088.0,144307966.0,12.06,Consumer Defensive,Adecoagro S.A.,1.765,0.01,forecast_icc,0.09741675779438841,1.1023766415584026,2026-08-20
AGRZ,0.3299,0.0,7150082.0,21673485.0,0.19077864,Consumer Defensive,Agroz Inc.,0.09,0.04,trailing_eps_fallback_icc,0.1407989767402037,0.5782923877460986,2026-08-20
AGX,516.58,2.0,7242062848.0,14019247.0,33.773,Industrials,"Argan, Inc.",12.09207,0.32235589109226126,forecast_icc,0.07506159779338029,0.06537806131601802,2026-08-20
AGYS,113.38,0.0,3197972224.0,28205788.0,12.03,Technology,"Agilysys, Inc.",2.45625,0.3033078880407125,forecast_icc,0.06581616706398896,0.10610336984590395,2026-08-20
AHMA,1.49,0.0,44290252.0,10965000.0,0.42,Consumer Cyclical,Ambitions Enterprise Management,0.04,0.042,trailing_eps_fallback_icc,0.031037329297977867,0.10397999090183546,2026-08-20
AHR,55.77,1.0,12157791232.0,217998775.0,18.977,Real Estate,"American Healthcare REIT, Inc.",0.59558,0.6622452063534705,forecast_icc,0.10471006232718894,0.3402725605524693,2026-08-20
AIFU,15.0,0.0,88885592.0,5925706.0,67.81107,Financial Services,AIFU Inc.,0.54,0.04,forecast_icc,0.037385320986571935,4.520737898279622,2026-08-20
AIG,75.75,2.0,39609159680.0,522893169.0,77.386,Financial Services,"American International Group, I",8.03984,0.09251801030866291,forecast_icc,0.10909820314231122,1.0215973048442617,2026-08-20
AII,25.56,0.0,500808000.0,19593427.0,18.859,Financial Services,American Integrity Insurance Gr,3.765,0.01,forecast_icc,0.08311528789148168,0.7378325421978085,2026-08-20
AIIR,7.2504,0.0,1162867072.0,160386602.0,,Consumer Defensive,Air Global PLC,0.536,0.17350746268656714,forecast_icc,0.10028090204676732,,2026-08-20
AIN,58.89,1.12,1670776832.0,28371147.0,26.283,Consumer Cyclical,Albany International Corporatio,2.55239,0.242639251838473,forecast_icc,0.09880448849363532,0.44630667742045876,2026-08-20
AIO,25.65,2.16,883361344.0,34439039.0,,Financial Services,AllianzGI Artificial Intelligen,4.33,0.04,trailing_eps_fallback_icc,0.14328775878479794,,2026-08-20
AIOT,3.02,0.0,405362272.0,134225918.0,3.649,Technology,"PowerFleet, Inc.",0.1075,0.75,forecast_icc,0.18243293147302098,1.2082781467684294,2026-08-20
AIP,23.96,0.0,1177684352.0,49152102.0,1.38,Technology,"Arteris, Inc.",0.12333,0.04,forecast_icc,0.010000000000000002,0.05759599390516483,2026-08-20
AIR,132.39,0.0,5329867776.0,40258840.0,43.273,Industrials,AAR Corp.,5.70857,0.14564593234382683,forecast_icc,0.06600768852906747,0.3268600379102538,2026-08-20
AIRG,5.33,0.0,67561904.0,12675780.0,2.242,Technology,"Airgain, Inc.",0.07,0.75,forecast_icc,0.11236161220910679,0.4206379198549526,2026-08-20
AIRI,2.41,0.0,11690086.0,4850658.0,3.732,Industrials,Air Industries Group,0.26,0.04,forecast_icc,0.08053948688675894,1.5485476886996383,2026-08-20
AIRT,29.367,0.0,78754896.0,2681748.0,29.544,Industrials,"Air T, Inc.",23.6,0.04,trailing_eps_fallback_icc,0.2492495481106234,1.006027141626852,2026-08-20
AISP,2.03,0.0,69912304.0,34439562.0,-0.25,Technology,"Airship AI Holdings, Inc",0.04,0.04,forecast_icc,0.024633902614490943,,2026-08-20
AIT,340.34,2.04,12490088448.0,36698856.0,49.249,Industrials,Applied Industrial Technologies,12.0325,0.0992844379804696,forecast_icc,0.05047505452915793,0.144705297057637,2026-08-20
AIV,2.61,0.0,402655136.0,145236898.0,2.582,Real Estate,Apartment Investment and Manage,0.12,0.04,trailing_eps_fallback_icc,0.04444298462466774,0.9313222087796739,2026-08-20
AIZ,282.0,3.52,13909302272.0,49323767.0,123.484,Financial Services,"Assurant, Inc.",22.20449,0.05013625622565532,forecast_icc,0.07272242001302953,0.43788652551528934,2026-08-20
AJG,259.61,2.8,66548682752.0,256341000.0,92.536,Financial Services,Arthur J. Gallagher & Co.,13.17526,0.12977960207236894,forecast_icc,0.07417845695649261,0.3564423786477895,2026-08-20
AKAM,110.09,0.0,15821760512.0,143716609.0,33.07,Technology,"Akamai Technologies, Inc.",6.69605,0.07006220084975467,forecast_icc,0.06291235748088841,0.3003906079873547,2026-08-20
AKO-A,24.1094,0.69,3803541248.0,78881550.0,1199.614,Consumer Defensive,Embotelladora Andina S.A.,1.91,0.01,trailing_eps_fallback_icc,0.062126260184259735,24.8787657479612,2026-08-20
AKO-B,30.75,0.75,4851173888.0,78880217.0,1199.614,Consumer Defensive,Embotelladora Andina S.A.,1915.9392,0.08255209768660698,forecast_icc,0.4,19.505755683239283,2026-08-20
AKR,21.03,0.8,3066088192.0,137332722.0,17.015,Real Estate,Acadia Realty Trust,0.435,0.01,forecast_icc,0.02347311512873442,0.7621164553997277,2026-08-20
ALAB,290.52,0.0,50400890880.0,173485104.0,9.947,Technology,"Astera Labs, Inc.",4.0322,0.5856058727245674,forecast_icc,0.0897757205641806,0.0342386076785157,2026-08-20
ALAR,1.68,0.0,12346027.0,7348826.0,4.6,Technology,Alarum Technologies Ltd.,0.13,0.01,forecast_icc,0.05316489381823419,2.7380953889052724,2026-08-20
ALB,134.19,1.64,15835099136.0,118005057.0,68.14,Basic Materials,Albemarle Corporation,11.53652,0.01,forecast_icc,0.06069335943045323,0.5077874483084007,2026-08-20
ALC,72.93,0.36,35254362112.0,483400000.0,44.673,Healthcare,Alcon Inc.,3.49699,0.1365860354190318,forecast_icc,0.07073252904978033,0.6125462753061541,2026-08-20
ALCO,39.5,0.2,293033152.0,7418561.0,14.135,Consumer Defensive,"Alico, Inc.",0.21,0.04,trailing_eps_fallback_icc,0.010000000000000002,0.3578481104247208,2026-08-20
ALDF,10.77,0.0,321680672.0,23707500.0,0.011,Financial Services,Aldel Financial II Inc.,0.21,0.01,trailing_eps_fallback_icc,0.019750530585303065,0.0008106875006776906,2026-08-20
ALF,10.84,0.0,389562496.0,28750000.0,-0.378,Financial Services,Centurion Acquisition Corp.,0.26,0.01,trailing_eps_fallback_icc,0.02312166577457732,,2026-08-20
ALG,162.46,1.32,1977295104.0,12170965.0,99.305,Industrials,"Alamo Group, Inc.",10.554,0.1536858063293538,forecast_icc,0.09159260679783265,0.6112581156348224,2026-08-20
ALGM,37.19,0.0,6932292096.0,186402046.0,5.175,Technology,"Allegro MicroSystems, Inc.",1.02772,0.4596971937881913,forecast_icc,0.10619819397955377,0.1391503091173266,2026-08-20
ALGN,158.94,0.0,11291074560.0,71039852.0,59.407,Healthcare,"Align Technology, Inc.",11.29194,0.11128380065781429,forecast_icc,0.0813419848520524,0.37376996009881985,2026-08-20
ALGT,76.41,0.0,2088878080.0,27337755.0,59.974,Industrials,Allegiant Travel Company,6.64439,0.75,forecast_icc,0.265822940173143,0.7848971819216944,2026-08-20
ALH,23.18,0.0,4607930880.0,198789096.0,2.529,Consumer Cyclical,Alliance Laundry Holdings Inc.,1.35047,0.10380089894629285,forecast_icc,0.0697430376478472,0.10910268336837552,2026-08-20
ALHC,12.93,0.0,2682136576.0,207435149.0,1.28,Healthcare,"Alignment Healthcare, Inc.",0.495,0.5202020202020201,forecast_icc,0.139340916857826,0.09899458256371804,2026-08-20
ALIS,10.21,0.0,86044776.0,8427500.0,0.024,Financial Services,Calisa Acquisition Corp,0.12,0.04,trailing_eps_fallback_icc,0.01654774665543341,0.002350636603435402,2026-08-20
ALIT,13.41,0.16,636110144.0,26419410.0,38.789,Technology,"Alight, Inc.",4.72546,0.11576439119154536,forecast_icc,0.2056461981276635,1.6110142310354354,2026-08-20
ALK,40.18,0.0,4484213248.0,111603120.0,32.895,Industrials,"Alaska Air Group, Inc.",5.87121,0.04,forecast_icc,0.09755795305161777,0.8186909117306993,2026-08-20
ALKS,48.02,0.0,8055991808.0,167763272.0,10.795,Healthcare,Alkermes plc,1.27483,0.43410493948212725,forecast_icc,0.0990587012774714,0.2248021800917899,2026-08-20
ALKT,19.91,0.0,2129214848.0,106941980.0,3.391,Technology,"Alkami Technology, Inc.",0.75925,0.42963450773789935,forecast_icc,0.11985585659064968,0.17031642181183962,2026-08-20
ALL,254.54,4.32,64362463232.0,252857950.0,124.791,Financial Services,Allstate Corporation (The),35.13066,0.01,forecast_icc,0.08495577180551975,0.4902608578653909,2026-08-20
ALLE,161.72,2.12,13752148992.0,85036786.0,24.907,Industrials,Allegion plc,8.95155,0.08916779775569594,forecast_icc,0.06852674568304545,0.15401310952448993,2026-08-20
ALLT,7.45,0.0,364477088.0,48923099.0,2.428,Technology,Allot Ltd.,0.34,0.12255882352941172,forecast_icc,0.06338198245267701,0.3259060398660779,2026-08-20
ALLY,42.29,1.2,12864605184.0,304199693.0,44.378,Financial Services,Ally Financial Inc.,5.24651,0.22501434286792565,forecast_icc,0.16727942398622175,1.0493733606954354,2026-08-20
ALM,17.69,0.0,5103224320.0,288480750.0,1.3777084,Basic Materials,Almonty Industries Inc.,0.439,0.75,forecast_icc,0.15452887188885234,0.07788063537706687,2026-08-20
ALNT,99.43,0.16,1689963136.0,16996512.0,18.379,Technology,Allient Inc.,2.72956,0.2164707865003883,forecast_icc,0.06157361041231424,0.1848436142739625,2026-08-20
ALNY,229.3,0.0,30682431488.0,133809118.0,10.125,Healthcare,"Alnylam Pharmaceuticals, Inc.",8.91542,0.41184487102121947,forecast_icc,0.11731442986025387,0.044156126292659484,2026-08-20
ALOT,28.9,0.0,226610704.0,7841201.0,10.037,Technology,"AstroNova, Inc.",0.35,0.04,forecast_icc,0.016950205407179682,0.3473010455719691,2026-08-20
ALRM,57.06,0.0,2801088512.0,49090228.0,17.63,Technology,"Alarm.com Holdings, Inc.",2.89294,0.06120417291751634,forecast_icc,0.05325394041218068,0.30897299957938634,2026-08-20
ALRS,32.59,0.85,811596544.0,24903238.0,23.339,Financial Services,Alerus Financial Corporation,3.016,0.01,forecast_icc,0.06809388971469288,0.7161399047086133,2026-08-20
ALSN,129.12,1.16,10662475776.0,82578038.0,23.94,Consumer Cyclical,"Allison Transmission Holdings, ",9.97304,0.13281908024032818,forecast_icc,0.09570572049140547,0.18540893046339335,2026-08-20
ALTI,4.03,0.0,628452032.0,115069665.0,2.228,Financial Services,"AlTi Global, Inc.",0.27,0.4814814814814814,forecast_icc,0.17251527844403702,0.40794714722157194,2026-08-20
ALTO,4.18,0.0,324236160.0,77567564.0,3.35,Basic Materials,"Alto Ingredients, Inc.",0.38,0.01,forecast_icc,0.05971945473852169,0.8014261561696265,2026-08-20
ALV,121.69,3.48,8912236544.0,73237217.0,33.999,Consumer Cyclical,"Autoliv, Inc.",10.231,0.1537679601212003,forecast_icc,0.11696182098681873,0.279390266235622,2026-08-20
ALVO,4.27,0.0,1444198656.0,338219831.0,-0.904,Healthcare,Alvotech,0.01341,0.75,forecast_icc,0.04683207922512611,,2026-08-20
ALX,272.26,18.0,1390510848.0,5107290.0,43.785,Real Estate,"Alexander's, Inc.",13.01,0.75,forecast_icc,0.2829939164342897,0.1608205307938741,2026-08-20
AM,22.26,0.9,10566243328.0,474674000.0,4.098,Energy,Antero Midstream Corporation,1.38526,0.1635938379798738,forecast_icc,0.10961319830441763,0.1840970335071958,2026-08-20
AMAL,48.88,0.68,1461519232.0,29900147.0,27.926,Financial Services,Amalgamated Financial Corp.,4.035,0.15365551425030977,forecast_icc,0.10807530305616486,0.5713174940430753,2026-08-20
AMAT,496.21,2.12,393970614272.0,793959430.0,32.275,Technology,"Applied Materials, Inc.",12.79222,0.43378006319466045,forecast_icc,0.10123498000358244,0.06504302522816663,2026-08-20
AMBA,72.45,0.0,3178249728.0,43868185.0,13.812,Technology,"Ambarella, Inc.",0.79024,0.45182476209759037,forecast_icc,0.05953506133430815,0.19064183845656574,2026-08-20
AMBP,5.25,0.4,3137958144.0,597706314.0,-1.268,Consumer Cyclical,Ardagh Metal Packaging S.A.,0.26868,0.12844275718326648,forecast_icc,0.09476510417338657,,2026-08-20
AMBR,0.9842,0.0,92785696.0,87028604.0,1.093,Financial Services,Amber International Holding Lim,0.01,0.04,trailing_eps_fallback_icc,0.014700958999405631,1.0251824179020006,2026-08-20
AMCR,47.81,2.6,22104748032.0,462345690.0,25.522,Consumer Cyclical,Amcor plc,4.2708,0.053559052168211885,forecast_icc,0.0973594899578899,0.53382136195797,2026-08-20
AMCX,12.19,0.0,502837152.0,29765563.0,22.09,Communication Services,AMC Global Media Inc.,2.88497,0.01,forecast_icc,0.11230576314421825,1.3076227244839695,2026-08-20
AMD,469.455,0.0,766373527552.0,1632475042.0,41.191,Technology,"Advanced Micro Devices, Inc.",7.56185,0.75,forecast_icc,0.12495234024082802,0.08774217406727872,2026-08-20
AME,239.08,1.36,54811779072.0,229261244.0,49.118,Industrials,"AMETEK, Inc.",8.32011,0.08158906552918177,forecast_icc,0.04614414677477427,0.20544587264718953,2026-08-20
AMG,352.61,0.04,,,116.846,Financial Services,"Affiliated Managers Group, Inc.",36.98459,0.01,forecast_icc,0.06607738039658806,,2026-08-20
AMGN,433.73,10.08,234647928832.0,541000000.0,21.62,Healthcare,Amgen Inc.,23.04147,0.05885561988883525,forecast_icc,0.06198297509419455,0.04984667905751788,2026-08-20
AMH,34.37,1.32,,,18.919,Real Estate,American Homes 4 Rent,0.74605,0.01,forecast_icc,0.024471075813436827,,2026-08-20
AMKR,50.86,0.33,12636293120.0,248452472.0,18.753,Technology,"Amkor Technology, Inc.",2.57368,0.09653880824344907,forecast_icc,0.06406483205035796,0.368718038048804,2026-08-20
AMN,34.79,0.0,1347416448.0,38729991.0,19.147,Healthcare,AMN Healthcare Services Inc,3.28733,0.01,forecast_icc,0.06138047886763062,0.5503592736883378,2026-08-20
AMP,547.09,6.8,48326221824.0,88333219.0,71.974,Financial Services,"Ameriprise Financial, Inc.",46.38923,0.111133338492577,forecast_icc,0.09599475295621496,0.13155787612489522,2026-08-20
AMPG,3.44,0.0,103350976.0,30043887.0,1.823,Technology,"Amplitech Group, Inc.",0.24,0.5416666666666667,forecast_icc,0.19101776195954867,0.5299418362628718,2026-08-20
AMPH,21.68,0.0,922222656.0,42537944.0,18.061,Healthcare,"Amphastar Pharmaceuticals, Inc.",2.97155,0.01,forecast_icc,0.07924315409784219,0.8330719285473724,2026-08-20
AMPL,12.93,0.0,1714766976.0,103867086.0,1.091,Technology,"Amplitude, Inc.",0.07344,0.75,forecast_icc,0.06934988552105115,0.0660841924366521,2026-08-20
AMPX,10.2,0.0,1490022400.0,146080618.0,0.86,Industrials,"Amprius Technologies, Inc.",0.1,0.04,forecast_icc,0.014274673913768576,0.0843137200353498,2026-08-20
AMPY,4.91,0.0,203551152.0,41456450.0,10.634,Energy,Amplify Energy Corp.,1.07,0.75,forecast_icc,0.37795628647105095,2.165784300252941,2026-08-20
AMR,194.3,0.0,2463538432.0,12679045.0,118.152,Basic Materials,"Alpha Metallurgical Resources, ",18.25829,0.04,forecast_icc,0.07356927177757755,0.6080905844135011,2026-08-20
AMRC,22.19,0.0,1177539328.0,35066211.0,23.306,Industrials,"Ameresco, Inc.",1.22418,0.3693329412341322,forecast_icc,0.13068263679669745,0.6940346654528043,2026-08-20
AMRN,14.06,0.0,296987040.0,21122834.0,21.122,Healthcare,Amarin Corporation plc,0.98,0.04,forecast_icc,0.06003655541775632,1.5022759907233663,2026-08-20
AMRX,17.9,0.0,6234499072.0,348296027.0,0.103,Healthcare,"Amneal Pharmaceuticals, Inc.",1.00435,0.19510130930452507,forecast_icc,0.09020354486385837,0.005754189769971626,2026-08-20
AMRZ,44.62,0.44,24403820544.0,546925644.0,23.402,Basic Materials,Amrize Ltd,2.48998,0.17976449610037037,forecast_icc,0.09111905898585079,0.5244733666931853,2026-08-20
AMSC,30.05,0.0,1455686400.0,48442143.0,11.816,Industrials,American Superconductor Corpora,0.8825,0.5354107648725213,forecast_icc,0.12462690997288067,0.3932113137060291,2026-08-20
AMSF,25.7,1.64,476376704.0,18536058.0,13.496,Financial Services,"AMERISAFE, Inc.",1.95,0.03418974358974358,forecast_icc,0.08521907685968355,0.5251361719988725,2026-08-20
AMT,175.72,6.98,81878499328.0,465960048.0,7.983,Real Estate,American Tower Corporation (REI,6.98352,0.01,forecast_icc,0.040870716256373923,0.04543023008131701,2026-08-20
AMTB,28.44,0.36,1114559488.0,39189858.0,23.335,Financial Services,Amerant Bancorp Inc.,2.185,0.26544622425629294,forecast_icc,0.1352544385356561,0.8204993508879448,2026-08-20
AMTD,0.827,0.0,78490576.0,45350101.0,14.552,Financial Services,AMTD IDEA Group,0.48,0.04,trailing_eps_fallback_icc,0.21117695774435952,8.407820446520866,2026-08-20
AMTM,20.61,0.0,5039277568.0,244506413.0,19.217,Industrials,"Amentum Holdings, Inc.",2.46208,0.07207320639459325,forecast_icc,0.09789026493031494,0.9324113774677075,2026-08-20
AMX,23.39,0.59,70152454144.0,2999250000.0,7.328641,Communication Services,"America Movil, S.A.B. de C.V.",1.87478,0.11202914475298442,forecast_icc,0.09899629388724296,0.31332370032460144,2026-08-20
AMZE,0.191,0.0,1403515.0,7348249.0,0.881,Technology,"Amaze Holdings, Inc.",0.29,0.04,forecast_icc,0.3414942887685185,4.612567282145186,2026-08-20
AMZN,260.11,0.0,2805627879424.0,10786313572.0,51.156,Consumer Cyclical,"Amazon.com, Inc.",12.41515,0.01,forecast_icc,0.03738401385391697,0.1966706494242972,2026-08-20
AN,200.09,0.0,6615136768.0,33060806.0,68.193,Consumer Cyclical,"AutoNation, Inc.",21.85162,0.13418730510598298,forecast_icc,0.1128655032620417,0.3408116298462599,2026-08-20
ANAB,56.69,0.0,1678504704.0,29608481.0,0.439,Healthcare,"AnaptysBio, Inc.",5.23545,0.04,forecast_icc,0.07272577797641572,0.0077438705581369645,2026-08-20
ANDE,67.32,0.8,2287235328.0,33975570.0,39.13,Consumer Defensive,"The Andersons, Inc.",6.11,0.026731587561374726,forecast_icc,0.0706114926411966,0.5812537248899997,2026-08-20
ANDG,50.32,0.0,5685579264.0,13613285.0,-57.547,Consumer Cyclical,Andersen Group Inc.,1.87089,0.21878357359331657,forecast_icc,0.07459531397401287,,2026-08-20
ANET,183.75,0.0,231750041600.0,1261224648.0,11.733,Technology,"Arista Networks, Inc.",4.11295,0.25446698841464155,forecast_icc,0.0590852142425453,0.06385305777215447,2026-08-20
ANF,105.02,0.0,4666218496.0,44431710.0,30.161,Consumer Cyclical,Abercrombie & Fitch Company,10.74765,0.10625485571264415,forecast_icc,0.1000612494528974,0.2871928964446846,2026-08-20
ANGI,4.56,0.0,184936512.0,40556251.0,16.982,Communication Services,Angi Inc.,0.9488,0.04,forecast_icc,0.12057993901577205,3.724122657196,2026-08-20
ANIK,21.34,0.0,285592512.0,13382966.0,10.258,Healthcare,Anika Therapeutics Inc.,1.05,0.01,forecast_icc,0.03812639020475009,0.4806935037148312,2026-08-20
ANIP,77.32,0.0,1776067584.0,22959488.0,27.866,Healthcare,"ANI Pharmaceuticals, Inc.",9.29408,0.1335914904971769,forecast_icc,0.11896513614490767,0.3602278980662934,2026-08-20
ANNA,2.85,0.0,116679000.0,40940000.0,0.988,Energy,"AleAnna, Inc.",0.19,0.75,trailing_eps_fallback_icc,0.23869827054059656,0.3466666666666667,2026-08-20
ANPA,4.03,0.0,60860076.0,15101755.0,0.203,Industrials,Rich Sparkle Holdings Limited,0.01,0.04,trailing_eps_fallback_icc,0.010000000000000002,0.05037220566402185,2026-08-20
ANSC,11.46,0.0,476131328.0,32922237.0,-0.765,Financial Services,Agriculture & Natural Solutions,0.22,0.01,trailing_eps_fallback_icc,0.01951323650283776,,2026-08-20
ANTA,3.915,0.0,94016152.0,24014343.0,5.149,Financial Services,Antalpha Platform Holding Compa,0.82,0.429,trailing_eps_fallback_icc,0.26606625104500126,1.315197968398026,2026-08-20
AOD,10.68,1.23,,,10.543,Financial Services,,2.61,0.75,trailing_eps_fallback_icc,0.4,,2026-08-20
AOMR,8.72,1.28,217255744.0,24914647.0,10.133,Real Estate,"Angel Oak Mortgage REIT, Inc.",1.24467,0.13222781942201545,forecast_icc,0.2188270888938043,1.162041165875918,2026-08-20
AON,351.93,3.28,74653302784.0,212125434.0,45.274,Financial Services,Aon plc,19.06599,0.11949707306046009,forecast_icc,0.07400214930412088,0.12864490304874118,2026-08-20
AORT,27.98,0.0,1364199040.0,48756221.0,9.151,Healthcare,"Artivion, Inc.",0.44167,0.75,forecast_icc,0.1236663633289864,0.3270550449668987,2026-08-20
AOS,62.43,1.44,8484772352.0,110047214.0,13.552,Industrials,A.O. Smith Corporation,3.74322,0.09426910520888443,forecast_icc,0.07764699111585627,0.17576898734076962,2026-08-20
AOSL,26.22,0.0,793233664.0,30253000.0,26.374,Technology,Alpha and Omega Semiconductor L,0.315,0.04,forecast_icc,0.01684144554899586,1.005873374027656,2026-08-20
AOUT,11.17,0.0,140952768.0,12618869.0,13.315,Consumer Cyclical,"American Outdoor Brands, Inc.",0.575,0.39130434782608714,forecast_icc,0.13112552672079147,1.1920322184449756,2026-08-20
APA,44.39,1.0,15552103424.0,350351510.0,20.022,Energy,APA Corporation,5.76238,0.01,forecast_icc,0.0835232433102292,0.45104753627055094,2026-08-20
APAC,10.22,0.0,82275264.0,6133750.0,0.052,Financial Services,StoneBridge Acquisition II Corp,0.13,0.04,trailing_eps_fallback_icc,0.01762651101885284,0.0038766815746710944,2026-08-20
APAM,42.05,3.46,2985399808.0,70996433.0,5.916,Financial Services,Artisan Partners Asset Manageme,3.8625,0.04142394822006468,forecast_icc,0.10727527780700241,0.14068966458109988,2026-08-20
APC,18.76,0.76,1549017472.0,12570223.0,5.419,Energy,ARKO Petroleum Corp.,0.95,0.2578947368421054,forecast_icc,0.12714937050794128,0.0439749968404488,2026-08-20
APD,300.33,7.24,66879143936.0,222685530.0,62.347,Basic Materials,"Air Products and Chemicals, Inc",13.44119,0.07417126013396125,forecast_icc,0.059757456935923936,0.20759498285737746,2026-08-20
APEI,44.385,0.0,812313984.0,18301543.0,17.098,Consumer Defensive,"American Public Education, Inc.",3.025,0.24297520661157024,forecast_icc,0.11348036812760542,0.3852202330349147,2026-08-20
APG,41.93,0.0,18120480768.0,432160297.0,8.454,Industrials,APi Group Corporation,0.96873,0.75,forecast_icc,0.14935245554241938,0.20162175593541073,2026-08-20
APH,153.11,1.0,188782100480.0,1232983457.0,12.568,Technology,Amphenol Corporation,5.3178,0.20924254390913544,forecast_icc,0.07281539665899942,0.0820847741823791,2026-08-20
API,4.32,0.0,365255072.0,65504801.0,6.559,Technology,"Agora, Inc.",0.1424,0.75,forecast_icc,0.17623126626885532,1.1762902768370045,2026-08-20
APLE,16.5,0.96,3895364608.0,236082698.0,13.304,Real Estate,"Apple Hospitality REIT, Inc.",0.74202,0.01,forecast_icc,0.04624822123517125,0.806303011466905,2026-08-20
APMD,28.55,0.0,1136951936.0,39823183.0,-53.946,Healthcare,"Apnimed, Inc.",3.46,0.04,trailing_eps_fallback_icc,0.08678030635397815,,2026-08-20
APO,129.98,2.25,76758802432.0,590543159.0,34.043,Financial Services,"Apollo Global Management, Inc. ",8.76735,0.2242011554232466,forecast_icc,0.11816537882812883,0.2619095155848327,2026-08-20
APOG,41.26,1.08,861025792.0,20868294.0,24.309,Industrials,"Apogee Enterprises, Inc.",2.865,0.3612565445026177,forecast_icc,0.16613358796840771,0.5891662753419586,2026-08-20
APP,308.77,0.0,103728037888.0,305732000.0,9.434,Communication Services,Applovin Corporation,15.72628,0.29403711494390294,forecast_icc,0.10791621207339108,0.027806133681177764,2026-08-20
APPF,218.85,0.0,7751008768.0,24087367.0,14.856,Technology,"AppFolio, Inc.",6.89467,0.22090542404495084,forecast_icc,0.06745860040962437,0.04616714222145491,2026-08-20
APPN,37.28,0.0,2670276864.0,40540212.0,-1.465,Technology,Appian Corporation,1.08144,0.31103898505696126,forecast_icc,0.08063541108877678,,2026-08-20
APPS,10.71,0.0,1296083968.0,121016250.0,1.575,Technology,"Digital Turbine, Inc.",0.725,0.31034482758620685,forecast_icc,0.13019356102133628,0.1470588314151572,2026-08-20
APT,5.21,0.0,53174396.0,10206218.0,6.414,Industrials,"Alpha Pro Tech, Ltd.",1.16,0.52,forecast_icc,0.30419643930773066,1.231094044810589,2026-08-20
APTV,47.03,0.0,9764995072.0,207633331.0,42.008,Consumer Cyclical,Aptiv PLC,5.72425,0.13758483644145536,forecast_icc,0.12110191262231218,0.8932171398281685,2026-08-20
APVO,2.76,0.0,4973437.0,1801970.0,17.419,Healthcare,Aptevo Therapeutics Inc.,456.62,0.04,trailing_eps_fallback_icc,0.4,6.311232137855572,2026-08-20
APWC,1.42,0.0,58550084.0,41232454.0,8.26,Industrials,Asia Pacific Wire & Cable Corpo,0.28,0.04,trailing_eps_fallback_icc,0.11684313320910655,5.8169014760081295,2026-08-20
AQN,5.82,0.26,4480828928.0,769901895.0,5.764,Utilities,Algonquin Power & Utilities Cor,0.35635,0.1406763013890837,forecast_icc,0.1039336288264402,0.9903780291743376,2026-08-20
AR,37.66,0.0,11578152960.0,307439000.0,26.958,Energy,Antero Resources Corporation,4.30576,0.01,forecast_icc,0.07009985336242533,0.7158257962762309,2026-08-20
ARBK,2.98,0.0,43611992.0,14634897.0,0.966,Financial Services,Argo Blockchain plc,4.97,0.04,trailing_eps_fallback_icc,0.3575019094888724,0.32416108170431657,2026-08-20
ARCB,135.89,0.48,3037325568.0,22351354.0,56.723,Industrials,ArcBest Corporation,6.81226,0.3934802840760627,forecast_icc,0.13273516732197554,0.41741849023344474,2026-08-20
ARCO,7.8,0.28,1643171840.0,130663057.0,3.945,Consumer Cyclical,Arcos Dorados Holdings Inc.,0.81667,0.042134521899910515,forecast_icc,0.09292386470733682,0.3137016758180325,2026-08-20
ARDC,12.44,1.35,298137024.0,23965972.0,,Financial Services,Ares Dynamic Credit Allocation ,0.96,0.04,trailing_eps_fallback_icc,0.09518856448484192,,2026-08-20
ARDT,10.48,0.0,1478161024.0,141045907.0,9.34,Healthcare,"Ardent Health, Inc.",1.0875,0.12919540229885063,forecast_icc,0.10806926679944662,0.8912214230998421,2026-08-20
ARDX,3.9,0.0,1006931520.0,258187572.0,0.598,Healthcare,"Ardelyx, Inc.",0.25198,0.04,forecast_icc,0.05692199499889705,0.15333333497793375,2026-08-20
ARE,52.94,2.88,9110723584.0,172095277.0,91.103,Real Estate,Alexandria Real Estate Equities,1.64475,0.01,forecast_icc,0.033187390898243685,1.7208727579075016,2026-08-20
AREC,2.57,0.0,274916160.0,106971272.0,0.886,Industrials,American Resources Corporation,0.84,0.04,forecast_icc,0.15565225297815427,0.34474709304829515,2026-08-20
AREN,1.04,0.0,49515076.0,47610653.0,-0.159,Communication Services,"The Arena Group Holdings, Inc.",0.03,0.04,forecast_icc,0.03226440820776051,,2026-08-20
ARES,140.23,5.4,46254391296.0,222028421.0,11.031,Financial Services,Ares Management Corporation,5.85085,0.2292470324824598,forecast_icc,0.10676569352615217,0.05295055114610928,2026-08-20
ARGX,1038.12,0.0,64558370816.0,62187771.0,5.3836,Healthcare,argenx SE,29.04117,0.3496784048301085,forecast_icc,0.08605900936075661,0.00518591283707899,2026-08-20
ARHS,9.65,0.0,1365861504.0,54424464.0,2.928,Consumer Cyclical,"Arhaus, Inc.",0.534,0.0638014981273407,forecast_icc,0.05733361457940822,0.11666983081763464,2026-08-20
ARI,6.94,1.0,889791936.0,128212093.0,9.787,Real Estate,Apollo Commercial Real Estate F,0.22698,0.01,forecast_icc,0.03464463168380007,1.4102305307821985,2026-08-20
ARIS,20.19,0.0,4167835648.0,206430693.0,8.552,Basic Materials,Aris Mining Corporation,2.1,0.37428571428571433,forecast_icc,0.18034999184878953,0.4235760321746737,2026-08-20
ARKO,4.59,0.12,514932480.0,112185721.0,3.584,Consumer Cyclical,ARKO Corp.,0.11,0.18181818181818188,forecast_icc,0.06078454027878266,0.7808278554578651,2026-08-20
ARL,15.23,0.0,,,38.19,Real Estate,"American Realty Investors, Inc.",0.51,0.04,trailing_eps_fallback_icc,0.03565626299509858,,2026-08-20
ARLO,13.04,0.0,1403277440.0,107613304.0,1.474,Industrials,"Arlo Technologies, Inc.",0.94714,0.08295500137255307,forecast_icc,0.07458122800519656,0.1130368133731274,2026-08-20
ARLP,26.07,2.4,3354134784.0,128658801.0,13.75,Energy,"Alliance Resource Partners, L.P",2.46,0.18292682926829285,forecast_icc,0.17748134698835305,0.5274261851935167,2026-08-20
ARM,250.72,0.0,267768610816.0,1067998569.0,8.081,Technology,Arm Holdings plc,2.22806,0.37354020986867487,forecast_icc,0.04271141149650581,0.03223117306314718,2026-08-20
ARMK,59.37,0.48,15651418112.0,263625044.0,12.878,Industrials,Aramark,2.27543,0.23172323472925993,forecast_icc,0.08317938380293838,0.21691090815784092,2026-08-20
AROC,32.28,0.92,5659916800.0,175338185.0,8.858,Energy,"Archrock, Inc.",1.86132,0.2074602969935313,forecast_icc,0.11116913568348485,0.2744113911232759,2026-08-20
AROW,38.33,1.2,710014400.0,18523723.0,26.975,Financial Services,Arrow Financial Corporation,3.51667,0.22085097549670563,forecast_icc,0.14601300491751001,0.7037567518701029,2026-08-20
ARQ,2.26,0.0,98690776.0,43668483.0,3.922,Industrials,"Arq, Inc.",0.04,0.04,forecast_icc,0.022747168882193365,1.7353981523663367,2026-08-20
ARQT,25.35,0.0,3186291200.0,125691961.0,1.756,Healthcare,"Arcutis Biotherapeutics, Inc.",0.41167,0.75,forecast_icc,0.1254726097324551,0.06927021720927454,2026-08-20
ARR,16.32,2.88,2310145536.0,141553046.0,18.912,Real Estate,"ARMOUR Residential REIT, Inc.",2.91287,0.01,forecast_icc,0.18126363094901732,1.1588236170554407,2026-08-20
ARRY,4.71,0.0,724522304.0,153826378.0,-1.312,Technology,"Array Technologies, Inc.",0.74354,0.20530166500793512,forecast_icc,0.16296942919074142,,2026-08-20
ARTNA,35.65,1.27,368161888.0,9445669.0,24.812,Utilities,Artesian Resources Corporation,2.09,0.044,forecast_icc,0.06585303767393913,0.6365839237221643,2026-08-20
ARVN,9.025,0.0,582303808.0,64521198.0,8.609,Healthcare,"Arvinas, Inc.",0.26,0.04,trailing_eps_fallback_icc,0.032236003014998627,0.9539058236452406,2026-08-20
ARW,206.64,0.0,10519096320.0,50905423.0,137.424,Technology,"Arrow Electronics, Inc.",21.635,0.10584700716431694,forecast_icc,0.10129564880878672,0.6650406686600242,2026-08-20
ARX,19.57,0.0,4250379776.0,118548679.0,3.307,Financial Services,Accelerant Holdings,0.89375,0.051748251748251706,forecast_icc,0.04712904625405889,0.09223657699170268,2026-08-20
ARXS,53.7,0.0,23135375360.0,90149551.0,10.701,Industrials,"Arxis, Inc.",1.01819,0.26657107219674137,forecast_icc,0.054589339648016044,0.041697631019158014,2026-08-20
AS,32.53,0.0,,,10.404,Consumer Cyclical,"Amer Sports, Inc.",1.28048,0.24415063101336987,forecast_icc,0.08262865717971624,,2026-08-20
ASA,62.31,0.08,,,73.873,Financial Services,,38.54,0.011,trailing_eps_fallback_icc,0.196685144087012,,2026-08-20
ASAN,9.5,0.0,2189843456.0,160969547.0,0.586,Technology,"Asana, Inc.",0.37288,0.26123685904312377,forecast_icc,0.08606098276526686,0.04307529576305933,2026-08-20
ASB,30.76,0.96,5809015808.0,188849659.0,29.215,Financial Services,Associated Banc-Corp,2.95,0.12906779661016943,forecast_icc,0.1181554122493319,0.9497723831439435,2026-08-20
ASC,18.19,1.37,743095552.0,40851870.0,17.136,Industrials,Ardmore Shipping Corporation,2.905,0.01,forecast_icc,0.11640571572578012,0.9420560282400936,2026-08-20
ASGI,24.56,2.63,776804416.0,31628846.0,,Financial Services,abrdn Global Infrastructure Inc,5.13,0.04,trailing_eps_fallback_icc,0.1703672310694554,,2026-08-20
ASH,72.82,1.68,3334673152.0,45793370.0,40.836,Basic Materials,Ashland Inc.,3.54448,0.2158821604297385,forecast_icc,0.10071341156785729,0.5607800141367498,2026-08-20
ASIC,25.29,0.0,1212072064.0,47926928.0,13.863,Financial Services,Ategrity Specialty Insurance Co,2.303,0.0938124185844551,forecast_icc,0.08950093678685589,0.5481613037688161,2026-08-20
ASIX,17.33,0.64,467930560.0,27001186.0,29.514,Basic Materials,AdvanSix Inc.,0.185,0.75,forecast_icc,0.12067911590094035,1.703058256344702,2026-08-20
ASLE,5.545,0.0,264644912.0,47726763.0,8.78,Industrials,AerSale Corporation,0.155,0.7096774193548387,forecast_icc,0.1554753473719882,1.5834084093028018,2026-08-20
ASM,7.6,0.0,1328198656.0,174762984.0,1.664,Basic Materials,Avino Silver & Gold Mines Ltd.,0.48,0.7083333333333333,forecast_icc,0.22330634353937684,0.2189473721135884,2026-08-20
ASMB,33.53,0.0,682690752.0,20360596.0,15.398,Healthcare,"Assembly Biosciences, Inc.",0.425,0.01,forecast_icc,0.013979777171034834,0.4592305612600418,2026-08-20
ASML,1750.31,9.08,672294109184.0,384100000.0,1.184633,Technology,ASML Holding N.V. - New York Re,38.02898,0.3522482064993593,forecast_icc,0.07794091511745604,0.0006768132117835743,2026-08-20
ASND,254.81,0.0,16713709568.0,65592830.0,25.333965,Healthcare,Ascendis Pharma A/S,11.337,0.01,forecast_icc,0.03570477367043694,0.0994229589015047,2026-08-20
ASO,45.65,0.6,2831138816.0,62018371.0,33.397,Consumer Cyclical,"Academy Sports and Outdoors, In",6.46491,0.08236464235387664,forecast_icc,0.11759757843238583,0.731588124390648,2026-08-20
ASPC,10.8401,0.0,25339612.0,2337481.0,1.454,Financial Services,A SPAC III Acquisition Corp.,0.04,0.04,trailing_eps_fallback_icc,0.010000000000000002,0.1341258648317109,2026-08-20
ASPS,5.595,0.0,63896052.0,11420206.0,-9.642,Real Estate,Altisource Portfolio Solutions ,0.76,0.5526315789473684,forecast_icc,0.25811083912096,,2026-08-20
ASR,259.16,5.74,,,81.49204,Industrials,Grupo Aeroportuario del Sureste,19.56,0.20961145194274033,forecast_icc,0.12389391515532278,,2026-08-20
ASRV,5.0,0.12,84896336.0,16979267.0,7.255,Financial Services,AmeriServ Financial Inc.,0.51,0.04,trailing_eps_fallback_icc,0.08599313978903667,1.4509999829085674,2026-08-20
ASTE,41.87,0.52,962701376.0,22992630.0,29.968,Industrials,"Astec Industries, Inc.",3.3275,0.17129977460555978,forecast_icc,0.11024313720133072,0.7157392240395012,2026-08-20
ASTH,38.74,0.0,1921673344.0,49604366.0,16.865,Healthcare,Astrana Health Inc.,3.04,0.16447368421052633,forecast_icc,0.101348695369616,0.43533810530391576,2026-08-20
ASUR,8.43,0.0,243452736.0,28879328.0,6.861,Technology,Asure Software Inc,0.855,0.25847953216374275,forecast_icc,0.14501888202852242,0.8138790003493738,2026-08-20
ASX,36.51,0.42,95059820544.0,2603665389.0,5.5521474,Technology,"ASE Technology Holding Co., Ltd",1.11983,0.6437316378378859,forecast_icc,0.16510604360816072,0.15207196833824416,2026-08-20
ASYS,14.62,0.0,255968416.0,17508101.0,6.603,Technology,"Amtech Systems, Inc.",0.41,0.75,forecast_icc,0.1636469236659347,0.4516416232501122,2026-08-20
ATAT,34.25,0.54,4732868608.0,111482890.0,3.9900122,Consumer Cyclical,Atour Lifestyle Holdings Limite,15.26744,0.19582130337502557,forecast_icc,0.27051065305131183,0.09398488063652959,2026-08-20
ATCH,0.1914,0.0,28774652.0,150337774.0,0.149,Financial Services,"AtlasClear Holdings, Inc.",0.02,0.01,forecast_icc,0.0658727778796343,0.7784743435298539,2026-08-20
ATEC,9.29,0.0,1434850432.0,154451076.0,-0.079,Healthcare,"Alphatec Holdings, Inc.",0.32136,0.75,forecast_icc,0.18010743322783707,,2026-08-20
ATEN,25.53,0.24,1853708416.0,72609021.0,3.284,Technology,"A10 Networks, Inc.",1.04183,0.14205772534866523,forecast_icc,0.06673448825761769,0.12863297318276834,2026-08-20
ATEX,85.31,0.0,1672910848.0,19609786.0,14.618,Communication Services,Anterix Inc.,2.06,0.01,forecast_icc,0.023238115886602975,0.17135154099257777,2026-08-20
ATHM,22.12,1.86,2547580672.0,115170911.0,29.371468,Communication Services,Autohome Inc.,1.2572,0.12498409163219848,forecast_icc,0.1021322973700412,1.327823987733311,2026-08-20
ATI,209.22,0.0,28489568256.0,136170383.0,13.782,Industrials,ATI Inc.,5.13032,0.21320697344415152,forecast_icc,0.05576884073119859,0.06587324180003186,2026-08-20
ATKR,93.49,1.32,3157395712.0,33772550.0,37.789,Industrials,Atkore Inc.,5.70686,0.1204970859632093,forecast_icc,0.08208716174312317,0.4042036565450305,2026-08-20
ATLC,93.66,0.0,1420825856.0,15170038.0,46.267,Financial Services,Atlanticus Holdings Corporation,9.6,0.39513854166666684,forecast_icc,0.18503527880817117,0.49398886230994943,2026-08-20
ATLO,31.73,0.96,281039584.0,8857220.0,24.059,Financial Services,Ames National Corporation,2.72,0.03676470588235281,forecast_icc,0.0782625383950214,0.7582414297197366,2026-08-20
ATMU,49.37,0.24,4028371200.0,81595527.0,5.574,Consumer Cyclical,Atmus Filtration Technologies I,2.96,0.1074324324324325,forecast_icc,0.0738580726970649,0.11290257151525658,2026-08-20
ATNI,31.14,1.12,479660512.0,15403357.0,40.145,Communication Services,"ATN International, Inc.",0.78,0.3846153846153846,forecast_icc,0.10931838570873331,1.2891779733683812,2026-08-20
ATNM,1.12,0.0,35139992.0,31374994.0,0.964,Healthcare,"Actinium Pharmaceuticals, Inc. ",0.14,0.01,forecast_icc,0.07449116275616186,0.8607143170664352,2026-08-20
ATO,170.52,4.0,28815929344.0,168988553.0,90.292,Utilities,Atmos Energy Corporation,8.46539,0.06524802755691117,forecast_icc,0.061170601220780635,0.5295097112893588,2026-08-20
ATR,132.96,1.92,8453747200.0,63581129.0,41.325,Healthcare,"AptarGroup, Inc.",5.51714,0.14500266442395882,forecast_icc,0.07037731533781219,0.31080775113845377,2026-08-20
ATRA,9.38,0.0,94153720.0,10037710.0,-3.918,Healthcare,"Atara Biotherapeutics, Inc.",1.11,0.04,forecast_icc,0.08547347488843349,,2026-08-20
ATRC,47.49,0.0,2415640576.0,50866294.0,10.153,Healthcare,"AtriCure, Inc.",0.28424,0.5189980298339432,forecast_icc,0.04582883433786533,0.21379235309798011,2026-08-20
ATRO,76.06,0.0,3271269376.0,36107984.0,4.609,Industrials,Astronics Corporation,2.72,0.15716911764705865,forecast_icc,0.0604741035455566,0.05087373711164531,2026-08-20
ATS,19.28,0.0,1891886592.0,98126894.0,13.355498,Industrials,ATS Corporation,1.09138,0.2632721875057267,forecast_icc,0.10705682543869022,0.692712524157057,2026-08-20
AU,115.14,4.52,58234269696.0,505769256.0,17.547,Basic Materials,AngloGold Ashanti PLC,8.62458,0.15422200269462394,forecast_icc,0.11632736790193021,0.1523970881984219,2026-08-20
AUB,41.02,1.48,5858267136.0,142814896.0,36.31,Financial Services,Atlantic Union Bankshares Corpo,3.76667,0.07079462761537392,forecast_icc,0.09723486049739327,0.885177946545591,2026-08-20
AUBN,26.145,1.08,91096816.0,3484292.0,26.62,Financial Services,"Auburn National Bancorporation,",2.41,0.265,trailing_eps_fallback_icc,0.1680454905339529,1.0181678911807412,2026-08-20
AUDC,9.57,0.4,231142224.0,24152794.0,5.928,Technology,AudioCodes Ltd.,0.61,0.049180327868852514,forecast_icc,0.07372177828868309,0.6194357757499123,2026-08-20
AUGO,86.69,2.64,7267815936.0,83836843.0,5.445,Basic Materials,Aura Minerals Inc.,5.62093,0.75,forecast_icc,0.27961032890478166,0.06281001254776412,2026-08-20
AUNA,5.25,0.0,388795680.0,30138747.0,6.291542,Healthcare,Auna SA,0.8402,0.31436562723161154,forecast_icc,0.20030898523127127,0.4877091036039135,2026-08-20
AUPH,17.27,0.0,2297793792.0,133051168.0,4.626,Healthcare,Aurinia Pharmaceuticals Inc,0.944,0.1299470338983051,forecast_icc,0.07321312375279343,0.26786333278073376,2026-08-20
AUUD,1.01,0.0,5861080.0,5803050.0,10.516,Technology,Auddia Inc.,6.45,0.04,trailing_eps_fallback_icc,0.4,10.411882076340879,2026-08-20
AVA,38.23,1.97,3201870848.0,83752830.0,33.683,Utilities,Avista Corporation,2.61357,0.06690465531820444,forecast_icc,0.08778108450872735,0.8810619499696947,2026-08-20
AVAH,12.97,0.0,2830309632.0,218219696.0,1.32,Healthcare,Aveanna Healthcare Holdings Inc,0.82132,0.053280085715676995,forecast_icc,0.05998945372738562,0.10177331676479982,2026-08-20
AVAL,5.43,0.2,6446353408.0,378293132.0,775.421,Financial Services,Grupo Aval Acciones y Valores S,0.58,0.02586206896551735,forecast_icc,0.08703662381363342,45.50424404975037,2026-08-20
AVAV,159.79,0.0,8120945664.0,50822615.0,87.271,Industrials,"AeroVironment, Inc.",3.24154,0.3587214718929892,forecast_icc,0.07209469931202961,0.5461605848844404,2026-08-20
AVBC,21.89,0.16,404341120.0,18471500.0,20.953,Financial Services,"Avidia Bancorp, Inc.",1.44,0.0277777777777779,forecast_icc,0.05577318313595814,0.9571951017497305,2026-08-20
AVBH,32.15,0.0,353118912.0,10983480.0,26.968,Financial Services,"Avidbank Holdings, Inc.",3.3925,0.1370670596904937,forecast_icc,0.11156264828389506,0.8388179691718125,2026-08-20
AVEX,18.08,0.0,1020983616.0,56470333.0,-9.451,Industrials,AEVEX Corp.,0.38439,0.45245713988397185,forecast_icc,0.09029697225973676,,2026-08-20
AVGO,364.03,2.6,1731901915136.0,4757580198.0,18.43,Technology,Broadcom Inc.,11.62599,0.6800513332628018,forecast_icc,0.16971960080436332,0.05062769564652547,2026-08-20
AVNT,43.73,1.1,4010895872.0,91719550.0,26.569,Basic Materials,Avient Corporation,3.19982,0.0922520641786102,forecast_icc,0.08775487524729486,0.6075691819780057,2026-08-20
AVNW,20.71,0.0,267976272.0,12939463.0,21.037,Technology,"Aviat Networks, Inc.",1.56714,0.75,forecast_icc,0.25136787815340556,1.0157894991949137,2026-08-20
AVO,13.24,0.0,1169354240.0,88319807.0,8.174,Consumer Defensive,"Mission Produce, Inc.",0.6275,0.33067729083665354,forecast_icc,0.11188817506326976,0.6173716036793093,2026-08-20
AVPT,13.13,0.0,2777853952.0,211565426.0,2.066,Technology,"AvePoint, Inc.",0.44898,0.10387990556372229,forecast_icc,0.048284046045837026,0.15734958628811307,2026-08-20
AVT,86.89,1.4,7131320832.0,82072979.0,61.189,Technology,"Avnet, Inc.",10.5725,0.04484937337432027,forecast_icc,0.09467552801194101,0.7042122532892094,2026-08-20
AVTR,14.25,0.0,9638113280.0,676358840.0,8.323,Healthcare,"Avantor, Inc.",0.81252,0.0852779008516713,forecast_icc,0.06409455008285747,0.5840701869526066,2026-08-20
AVX,3.02,0.0,22340096.0,7397383.0,14.705,Technology,Avax One Technology Ltd.,274.22,0.04,trailing_eps_fallback_icc,0.4,4.869205441865604,2026-08-20
AVY,182.68,4.0,13844977664.0,75788142.0,30.602,Consumer Cyclical,Avery Dennison Corporation,10.17247,0.09965819510895568,forecast_icc,0.07524524227668172,0.16751697097458026,2026-08-20
AWI,178.11,1.36,7527431680.0,42262826.0,20.892,Industrials,Armstrong World Industries Inc,8.43686,0.1304810083372252,forecast_icc,0.06985993785618028,0.1172983028378678,2026-08-20
AWK,137.21,3.58,27267606528.0,198728989.0,58.698,Utilities,"American Water Works Company, I",6.08427,0.07914343051836958,forecast_icc,0.06149229980556037,0.42779677726182863,2026-08-20
AWP,11.84,1.44,365330880.0,30855647.0,11.967,Financial Services,Aberdeen Global Premier Propert,1.77,0.04,trailing_eps_fallback_icc,0.15675694015146713,1.0107262973472158,2026-08-20
AWR,89.31,2.18,3539857408.0,39635626.0,28.295,Utilities,American States Water Company,3.68,0.032608695652173836,forecast_icc,0.04537074606380809,0.31681785688187813,2026-08-20
AWX,2.68,0.0,10450478.0,3287647.0,9.746,Industrials,Avalon Holdings Corporation,0.3,0.75,trailing_eps_fallback_icc,0.29364261788899604,3.0660231677440977,2026-08-20
AX,95.96,0.0,5444199424.0,56734049.0,55.812,Financial Services,"Axos Financial, Inc.",9.65833,0.11820573536004675,forecast_icc,0.1027922902845495,0.5816173318025757,2026-08-20
AXGN,46.44,0.0,2496684544.0,53761513.0,4.776,Healthcare,"AxoGen, Inc.",0.45833,0.508585516985578,forecast_icc,0.06296443619331449,0.10284238219243769,2026-08-20
AXIL,5.97,0.0,40731404.0,6822681.0,1.681,Technology,"AXIL Brands, Inc.",0.88,,forecast_icc,0.010000000000000002,0.28157455021683025,2026-08-20
AXON,614.26,0.0,49900896256.0,81237415.0,45.233,Industrials,"Axon Enterprise, Inc.",7.71309,0.36901942023235823,forecast_icc,0.05389862843841542,0.0736381962729411,2026-08-20
AXP,331.15,3.8,223628836864.0,675309833.0,50.785,Financial Services,American Express Company,17.6721,0.13786929680117255,forecast_icc,0.07891957350876655,0.1533595145860455,2026-08-20
AXR,23.25,0.0,123802736.0,5324849.0,26.7,Real Estate,AMREP Corporation,1.55,0.07096774193548372,forecast_icc,0.06719735879660405,1.1483871269210075,2026-08-20
AXS,98.6,1.76,7194479104.0,72966317.0,81.394,Financial Services,Axis Capital Holdings Limited,12.29112,0.10805524638926323,forecast_icc,0.12083663503388622,0.8254969289709957,2026-08-20
AXSM,208.03,0.0,10896781312.0,52380818.0,1.593,Healthcare,"Axsome Therapeutics, Inc.",5.03398,0.04,forecast_icc,0.028563850692942754,0.0076575495721942595,2026-08-20
AXTA,35.5,0.0,7597709824.0,214019997.0,11.785,Basic Materials,Axalta Coating Systems Ltd.,2.65038,0.07721911574943952,forecast_icc,0.0742691627651132,0.3319718340226256,2026-08-20
AXTI,73.12,0.0,4794713600.0,65573212.0,13.767,Technology,AXT Inc,0.868,0.75,forecast_icc,0.10644529051778784,0.18827952718677504,2026-08-20
AYA,26.92,0.0,3877453312.0,144036168.0,3.403,Basic Materials,Aya Gold & Silver Inc.,2.3,0.75,forecast_icc,0.26395815043615,0.1264116006728078,2026-08-20
AYI,341.65,0.77,10227479552.0,29935547.0,95.368,Industrials,Acuity Inc.,19.83232,0.09379840583451671,forecast_icc,0.06785140733489625,0.27913947241651743,2026-08-20
AZ,6.88,0.0,302902112.0,44026467.0,1.449,Technology,A2Z Cust2Mate Solutions Corp.,0.55,0.04,forecast_icc,0.06599047200370092,0.210610451877602,2026-08-20
AZN,164.49,3.2,255105220608.0,1550885842.0,32.427,Healthcare,AstraZeneca PLC,10.05333,0.12997384946082535,forecast_icc,0.08723795785631772,0.19713659751327295,2026-08-20
AZO,2961.99,0.0,,,-170.111,Consumer Cyclical,"AutoZone, Inc.",151.04103,0.1586719184846661,forecast_icc,0.07667962880167895,,2026-08-20
AZTA,36.51,0.0,1599444352.0,43808393.0,34.506,Healthcare,"Azenta, Inc.",0.37,0.5945945945945945,forecast_icc,0.07564922867023116,0.9451109736751879,2026-08-20
AZTR,0.1267,0.0,2051581.0,16192438.0,0.354,Healthcare,Azitra Inc,0.02,0.04,trailing_eps_fallback_icc,0.10228268013596653,2.7940027968673915,2026-08-20
AZZ,139.43,0.96,4190080512.0,30051501.0,45.842,Industrials,AZZ Inc.,7.07,0.10413719943422906,forecast_icc,0.06618126773995281,0.32878148877966,2026-08-20
B,46.27,0.7,76155076608.0,1645884419.0,16.59,Basic Materials,Barrick Mining Corporation,3.66588,0.20055484631248155,forecast_icc,0.12010146089362383,0.358547633689093,2026-08-20
BA,215.1,0.0,170008608768.0,790370020.0,7.716,Industrials,Boeing Company (The),4.12084,0.04,forecast_icc,0.0241284312956781,0.035871683901855994,2026-08-20
BABA,130.53,1.05,312863916032.0,2396873615.0,67.75693,Consumer Cyclical,Alibaba Group Holding Limited,44.63933,0.3773378767109632,forecast_icc,0.3111077032499411,0.5190908552515562,2026-08-20
BAC,61.86,1.28,432571416576.0,6992748365.0,39.342,Financial Services,Bank of America Corporation,4.67973,0.13072976432400996,forecast_icc,0.09945600123539877,0.6359844770915306,2026-08-20
BAH,76.36,2.36,9184960512.0,120284973.0,9.993,Industrials,Booz Allen Hamilton Holding Cor,6.40944,0.049093212511545525,forecast_icc,0.08225600221976104,0.13086694641948615,2026-08-20
BALL,62.61,0.8,16573077504.0,264703357.0,21.715,Consumer Cyclical,Ball Corporation,4.02452,0.12380358402989677,forecast_icc,0.08501578770169782,0.34682957319590657,2026-08-20
BAM,51.52,2.01,82290401280.0,1597230353.0,4.704,Financial Services,Brookfield Asset Management Inc,1.83407,0.18372799293374853,forecast_icc,0.08454305680165702,0.09130313455328917,2026-08-20
BANC,18.65,0.48,2954766336.0,157955199.0,18.378,Financial Services,"Banc of California, Inc.",1.33893,0.5894408221490297,forecast_icc,0.23517912784749162,0.982446771460036,2026-08-20
BAND,48.15,0.0,1549505024.0,30222760.0,11.752,Technology,Bandwidth Inc.,1.752,0.09931506849315075,forecast_icc,0.04956922681819809,0.22922021550024999,2026-08-20
BANF,112.74,1.96,3787922432.0,33598745.0,58.249,Financial Services,BancFirst Corporation,7.67,0.02390221642764012,forecast_icc,0.05864659116683557,0.516666677483062,2026-08-20
BANR,71.66,2.04,2435358720.0,33984909.0,58.828,Financial Services,Banner Corporation,6.192,0.08930878552971566,forecast_icc,0.09709909189549537,0.8209321321879022,2026-08-20
BAP,370.21,14.41,29401825280.0,79419317.0,139.72235,Financial Services,Credicorp Ltd.,29.73023,0.1487539786944132,forecast_icc,0.11838721419967335,0.377413766014834,2026-08-20
BATL,1.38,0.0,79049376.0,57282155.0,-0.464,Energy,Battalion Oil Corporation,0.23,0.04,forecast_icc,0.10570682840397913,,2026-08-20
BAX,26.41,0.04,13653864448.0,516995999.0,12.004,Healthcare,Baxter International Inc.,2.04697,0.01,forecast_icc,0.05360850005425466,0.45452479740305674,2026-08-20
BB,8.14,0.0,4770857472.0,586100431.0,1.281,Technology,BlackBerry Limited,0.18857,0.21212281911226616,forecast_icc,0.05344153221972292,0.1573710085697148,2026-08-20
BBAR,14.08,0.46,2875652608.0,204236693.0,12.7591095,Financial Services,Banco BBVA Argentina S.A.,0.392,0.75,forecast_icc,0.2113662022382391,0.90618676353861,2026-08-20
BBCP,8.98,0.0,452532896.0,50393420.0,5.212,Industrials,"Concrete Pumping Holdings, Inc.",0.175,0.6285714285714286,forecast_icc,0.11606301004320618,0.5804009108765432,2026-08-20
BBD,2.98,0.04,32457191424.0,5589097053.0,3.286949,Financial Services,Banco Bradesco Sa,0.49251,0.13892103713630188,forecast_icc,0.15002930452209784,0.5660094470058512,2026-08-20
BBDC,9.4,1.04,984244608.0,104706884.0,10.944,Financial Services,"Barings BDC, Inc.",1.04,0.01,forecast_icc,0.11352164253542346,1.164255439330789,2026-08-20
BBDO,3.02,0.21,32892856320.0,10891674257.0,3.286949,Financial Services,Banco Bradesco Sa,0.42,0.178,trailing_eps_fallback_icc,0.18508332705199593,1.0883937064962041,2026-08-20
BBGI,20.24,0.0,37499680.0,1019614.0,-27.326,Communication Services,"Beasley Broadcast Group, Inc.",2.25,0.01,forecast_icc,0.06875896191732842,,2026-08-20
BBIO,82.94,0.0,16214189056.0,195492997.0,-12.88,Healthcare,"BridgeBio Pharma, Inc.",0.15318,0.04,forecast_icc,0.010000000000000002,,2026-08-20
BBN,15.76,1.18,973849984.0,61792514.0,,Financial Services,BlackRock Taxable Municipal Bon,1.27,0.04,trailing_eps_fallback_icc,0.0961275904804505,,2026-08-20
BBSI,33.23,0.32,805335040.0,24235180.0,8.465,Industrials,"Barrett Business Services, Inc.",1.71,0.18421052631578938,forecast_icc,0.08785903660725639,0.2547396903281397,2026-08-20
BBT,31.58,1.29,2646912000.0,83816086.0,30.105,Financial Services,Beacon Financial Corporation,3.04286,0.09248864555056757,forecast_icc,0.11027566898397445,0.9532932220753845,2026-08-20
BBUC,28.02,0.25,5756485632.0,205442014.0,26.436,Industrials,Brookfield Business Corporation,1.6,0.75,forecast_icc,0.2365104838869055,0.943468885236679,2026-08-20
BBVA,28.63,1.08,157989076992.0,5518305297.0,11.8039875,Financial Services,Banco Bilbao Vizcaya Argentaria,2.38992,0.038515933587735196,forecast_icc,0.08054676722808585,0.41229436861809216,2026-08-20
BBW,37.78,0.92,,,12.925,Consumer Cyclical,"Build-A-Bear Workshop, Inc.",4.1125,0.045592705167173175,forecast_icc,0.09189119837954418,,2026-08-20
BBWI,19.64,0.8,3958673664.0,201561812.0,-5.637,Consumer Cyclical,"Bath & Body Works, Inc.",2.6512,0.08203077851538931,forecast_icc,0.1268550517434407,,2026-08-20
BBY,85.73,3.84,,,14.632,Consumer Cyclical,"Best Buy Co., Inc.",6.57937,0.07449193463811898,forecast_icc,0.09312292879305159,,2026-08-20
BC,81.06,1.76,5252479488.0,64797428.0,25.889,Consumer Cyclical,Brunswick Corporation,4.55848,0.1879508081641248,forecast_icc,0.10016414623788095,0.3193807072116261,2026-08-20
BCAL,21.2,0.48,681591488.0,32150541.0,18.27,Financial Services,California BanCorp,1.73333,0.06730974482643237,forecast_icc,0.08416444870861384,0.8617924290597947,2026-08-20
BCAT,15.74,3.05,1649162752.0,104775271.0,,Financial Services,BlackRock Capital Allocation Term Trust,2.12,0.04,trailing_eps_fallback_icc,0.15879681993947992,,2026-08-20
BCBP,8.69,0.48,157304832.0,18101822.0,14.732,Financial Services,"BCB Bancorp, Inc. (NJ)",0.93,0.04,forecast_icc,0.10149031117705654,1.6952819459735349,2026-08-20
BCC,81.77,0.89,2853065728.0,34891351.0,57.994,Basic Materials,"Boise Cascade, L.L.C.",3.93,0.34563104325699756,forecast_icc,0.12444794333509634,0.7092332258718997,2026-08-20
BCE,23.78,1.25,22175465472.0,932525817.0,15.960397,Communication Services,"BCE, Inc.",2.59018,0.02974310665668023,forecast_icc,0.09636354564680782,0.6711688767418243,2026-08-20
BCG,1.4,0.0,23884184.0,17060131.0,0.066,Financial Services,"Binah Capital Group, Inc.",0.1,0.04,trailing_eps_fallback_icc,0.061068815538217386,0.04714285595857074,2026-08-20
BCH,41.05,2.19,20733755392.0,505085406.0,56.243,Financial Services,Banco De Chile,2.79431,0.10819486742702145,forecast_icc,0.10342942251695086,1.3701096570580205,2026-08-20
BCML,30.07,1.2,328367904.0,10920117.0,30.953,Financial Services,BayCom Corp,1.81333,0.3180171287079572,forecast_icc,0.15551243099747164,1.029364859913349,2026-08-20
BCO,113.12,1.02,4658398208.0,41181028.0,7.536,Industrials,Brinks Company (The),9.19667,0.12576943611111413,forecast_icc,0.09653946861411933,0.06661951450931006,2026-08-20
BCPC,179.63,0.96,5726248960.0,31878021.0,40.756,Basic Materials,Balchem Corporation,5.83881,0.07425143137043344,forecast_icc,0.042321597225901716,0.2268886024606237,2026-08-20
BCRX,9.66,0.0,2468468992.0,255535105.0,-1.78,Healthcare,"BioCryst Pharmaceuticals, Inc.",0.745,0.261744966442953,forecast_icc,0.12645881116459157,,2026-08-20
BCS,26.49,0.61,89089302528.0,3363129545.0,26.378567,Financial Services,Barclays PLC,2.79901,0.21492956438169197,forecast_icc,0.1486634201910778,0.9957933838866884,2026-08-20
BCSF,12.1,1.68,784908992.0,64868507.0,16.655,Financial Services,"Bain Capital Specialty Finance,",1.64,0.01,forecast_icc,0.13893020570426312,1.3764461805082748,2026-08-20
BCX,12.98,0.84,989570368.0,76238090.0,,Financial Services,BlackRock Resources  of Benefic,2.8,0.04,trailing_eps_fallback_icc,0.15056027926531368,,2026-08-20
BDC,123.89,0.2,4841397248.0,39078191.0,35.523,Technology,Belden Inc,8.64398,0.16221347110937323,forecast_icc,0.09472339284041953,0.28673015408236957,2026-08-20
BDCI,10.09,0.0,350593888.0,26060000.0,-0.275,Financial Services,BTC Development Corp.,0.23,0.04,trailing_eps_fallback_icc,0.02737714951192745,,2026-08-20
BDJ,9.75,0.74,1725210752.0,176944689.0,9.735,Financial Services,Blackrock Enhanced Equity Divid,1.57,0.75,trailing_eps_fallback_icc,0.4,0.998461518639434,2026-08-20
BDL,47.06,0.6,,,37.532,Consumer Cyclical,"Flanigan's Enterprises, Inc.",3.57,0.481,trailing_eps_fallback_icc,0.19476702886817143,,2026-08-20
BDX,187.62,4.2,51105214464.0,272386800.0,89.637,Healthcare,"Becton, Dickinson and Company",12.62289,0.05304648935386447,forecast_icc,0.06996690840809328,0.4777582062354771,2026-08-20
BE,202.48,0.0,59635900416.0,294527346.0,5.495,Industrials,Bloom Energy Corporation,2.71126,0.75,forecast_icc,0.1135201620110361,0.027138481266827393,2026-08-20
BEAG,10.73,0.0,336042112.0,26158000.0,-0.252,Financial Services,Bold Eagle Acquisition Corp.,0.25,0.01,trailing_eps_fallback_icc,0.022624604505199257,,2026-08-20
BEKE,16.99,0.28,18746474496.0,1058065980.0,8.51128,Real Estate,KE Holdings Inc,6.58204,0.16429252936779482,forecast_icc,0.24033525306342562,0.48038343509207193,2026-08-20
BELFA,218.32,0.24,3152420864.0,2115263.0,62.978,Technology,Bel Fuse Inc.,8.26,0.01,forecast_icc,0.03219907063463648,0.042258010259762065,2026-08-20
BELFB,262.43,0.28,3789344768.0,12324187.0,62.978,Technology,Bel Fuse Inc.,9.8298,0.0863099961342042,forecast_icc,0.04825433980011129,0.20482502817911977,2026-08-20
BEN,33.97,1.32,17259372544.0,508076910.0,23.129,Financial Services,"Franklin Templeton, Inc.",2.88973,0.09534454776051726,forecast_icc,0.10325773613885858,0.6808654730310688,2026-08-20
BENF,2.36,0.0,34193000.0,14488560.0,1.397,Financial Services,Beneficient,6.02,0.04,forecast_icc,0.4,0.59194918024157,2026-08-20
BESS,3.0932,0.0,21954212.0,7097573.0,4.661,Utilities,Bimergen Energy Corporation,0.11,0.75,forecast_icc,0.18235459546567234,1.5068537988519013,2026-08-20
BF-A,28.96,0.92,13288708096.0,168480849.0,8.764,Consumer Defensive,Brown Forman Inc,1.53,0.01,trailing_eps_fallback_icc,0.04770381149747813,0.11111434986524064,2026-08-20
BF-B,28.41,0.92,13036333056.0,290383416.0,8.764,Consumer Defensive,Brown Forman Inc,1.67729,0.013748367902986391,forecast_icc,0.05354720524944019,0.19521749305512678,2026-08-20
BFAM,73.61,0.0,3580044800.0,48635306.0,19.16,Consumer Cyclical,Bright Horizons Family Solution,5.111,0.1520426531011545,forecast_icc,0.09102210258040888,0.2602907267976088,2026-08-20
BFC,152.315,2.1,1688504320.0,11085607.0,73.95,Financial Services,Bank First Corporation,9.94,0.2002012072434607,forecast_icc,0.10741878650809744,0.48550698268275677,2026-08-20
BFH,103.18,0.92,3964100096.0,38419268.0,86.951,Financial Services,"Bread Financial Holdings, Inc.",12.22145,0.09393075289756925,forecast_icc,0.10859895991540103,0.8427117607950533,2026-08-20
BFRI,1.48,0.0,21981492.0,14852359.0,0.511,Healthcare,Biofrontera Inc.,0.43,0.04,forecast_icc,0.1458450009663238,0.34527025958929447,2026-08-20
BFS,34.02,2.36,1181480704.0,24717101.0,4.476,Real Estate,"Saul Centers, Inc.",0.97,0.01,trailing_eps_fallback_icc,0.03087691241009377,0.09363990770347783,2026-08-20
BFST,31.22,0.6,1016207360.0,32549883.0,28.788,Financial Services,"Business First Bancshares, Inc.",3.0025,0.0930890924229808,forecast_icc,0.10028060493894389,0.9221012056082727,2026-08-20
BG,116.57,2.88,22395326464.0,192119123.0,83.042,Consumer Defensive,Bunge Limited,9.63786,0.17674151730778398,forecast_icc,0.12105685694042723,0.7123788187598711,2026-08-20
BGB,11.27,0.91,,,,Financial Services,,0.67,0.04,trailing_eps_fallback_icc,0.07474066027110432,,2026-08-20
BGC,10.88,0.08,5173075968.0,366013569.0,2.339,Financial Services,"BGC Group, Inc.",1.405,0.12099644128113884,forecast_icc,0.12291288986796844,0.16549258955150917,2026-08-20
BGH,14.09,1.47,,,,Financial Services,,1.0,0.04,trailing_eps_fallback_icc,0.08809703228174726,,2026-08-20
BGL,0.2021,0.0,8751278.0,43301723.0,-0.581,Basic Materials,Blue Gold Limited,0.2,0.04,forecast_icc,0.27659824099752417,,2026-08-20
BGR,17.45,1.17,444210208.0,25456171.0,14.185,Financial Services,BlackRock Energy and Resources ,1.58,0.04,trailing_eps_fallback_icc,0.09812525467184263,0.8128939387971021,2026-08-20
BGS,3.33,0.38,270647968.0,81275671.0,4.861,Consumer Defensive,"B&G Foods, Inc.",0.5498,0.01,forecast_icc,0.13803471779475263,1.4597598483761756,2026-08-20
BGSF,5.46,0.0,58520144.0,10717975.0,4.312,Industrials,"BGSF, Inc.",0.12,0.04,forecast_icc,0.026670114885027914,0.789743582995968,2026-08-20
BGSI,91.9,0.44,2557582848.0,27830064.0,62.173,Consumer Cyclical,Boyd Group Services Inc.,3.3507,0.44505327245053294,forecast_icc,0.12467964112968588,0.6765288445788014,2026-08-20
BGT,10.88,1.44,324492960.0,29824720.0,11.838,Financial Services,BlackRock Floating Rate Income ,0.71,0.01,trailing_eps_fallback_icc,0.06707082331014969,1.088051449128511,2026-08-20
BGX,10.8,0.98,137249376.0,12708275.0,,Financial Services,Blackstone GSO Long Short Credi,0.7,0.04,trailing_eps_fallback_icc,0.08098931259255282,,2026-08-20
BGY,5.78,0.51,523751584.0,90614455.0,6.296,Financial Services,Blackrock Enhanced Internationa,0.9,0.04,trailing_eps_fallback_icc,0.1401675417692937,1.089273285481844,2026-08-20
BHB,39.38,1.32,660248256.0,16766080.0,32.802,Financial Services,"Bar Harbor Bankshares, Inc.",3.625,0.044137931034482714,forecast_icc,0.08602114617977163,0.8329608615581106,2026-08-20
BHC,6.81,0.0,2546875648.0,373990561.0,-4.737,Healthcare,Bausch Health Companies Inc.,4.4655,0.01,forecast_icc,0.20153348275613092,,2026-08-20
BHE,73.36,0.68,2635086336.0,35919933.0,31.078,Technology,"Benchmark Electronics, Inc.",2.94333,0.12344521341473769,forecast_icc,0.0617613973318861,0.42363685110543564,2026-08-20
BHF,53.22,0.0,3060765440.0,57511563.0,113.897,Financial Services,"Brighthouse Financial, Inc.",18.4075,0.09411924487301371,forecast_icc,0.1881743441875866,2.1401164576044747,2026-08-20
BHP,93.63,2.66,237827833856.0,2540081549.0,20.044,Basic Materials,BHP Group Limited,4.74173,0.010905302495081148,forecast_icc,0.04575665094890724,0.21407668624263315,2026-08-20
BHRB,71.0,2.2,1433279232.0,20187033.0,59.1,Financial Services,Burke & Herbert Financial Servi,6.8425,0.27925904274753366,forecast_icc,0.16832976275421474,0.8323944306617846,2026-08-20
BIDU,91.97,0.0,31194984448.0,273683991.0,118.690575,Communication Services,"Baidu, Inc.",40.21405,0.34728334997345467,forecast_icc,0.3256856839869763,1.0413119555880224,2026-08-20
BIIB,214.35,0.0,31671070720.0,147753998.0,127.61,Healthcare,Biogen Inc.,12.41218,0.33229940268349334,forecast_icc,0.12508649382755077,0.5953347094411084,2026-08-20
BILI,16.66,0.0,6972305920.0,338805755.0,5.5293612,Communication Services,Bilibili Inc.,7.00847,0.3053376842591893,forecast_icc,0.3028944222055622,0.2686886401039767,2026-08-20
BILL,47.4,0.0,4720885248.0,99596727.0,38.187,Technology,"BILL Holdings, Inc.",3.69691,0.15467782553537957,forecast_icc,0.0983018912580752,0.8056328451449366,2026-08-20
BIO,376.46,0.0,10065853440.0,21677137.0,268.303,Healthcare,"Bio-Rad Laboratories, Inc.",9.48306,0.05746035562360685,forecast_icc,0.032056731174483516,0.5777990831258317,2026-08-20
BIO-B,365.08,0.0,9761572864.0,5061038.0,268.303,Healthcare,"Bio-Rad Laboratories, Inc.",8.22,0.187,trailing_eps_fallback_icc,0.048348397710645044,0.13910582827505286,2026-08-20
BIOX,0.4499,0.0,28710770.0,63815891.0,1.064,Basic Materials,Bioceres Crop Solutions Corp.,0.64,0.04,forecast_icc,0.33078367015868626,2.364969940687763,2026-08-20
BIPC,39.6,1.82,4871012864.0,123005386.0,-12.52,Utilities,Brookfield Infrastructure Corpo,2.04,0.04,forecast_icc,0.06316036683322446,,2026-08-20
BIRK,34.55,0.0,5705110528.0,165126204.0,18.2332,Consumer Cyclical,Birkenstock Holding plc,1.95361,0.23143309053495842,forecast_icc,0.09935600258716637,0.5277337026156209,2026-08-20
BIT,11.88,1.48,677904960.0,57062709.0,,Financial Services,BlackRock Multi-Sector Income T,1.06,0.04,trailing_eps_fallback_icc,0.10882101851832726,,2026-08-20
BJ,91.3,0.0,11658461184.0,127693987.0,16.651,Consumer Defensive,"BJ's Wholesale Club Holdings, I",4.55106,0.07913321292182496,forecast_icc,0.056986490451632746,0.18237677717321976,2026-08-20
BJRI,64.23,0.0,1366413952.0,21273765.0,18.764,Consumer Cyclical,"BJ's Restaurants, Inc.",2.36957,0.1540574872234204,forecast_icc,0.061131862931114056,0.292137624821325,2026-08-20
BKD,11.81,0.0,2820431872.0,238817252.0,-0.121,Healthcare,Brookdale Senior Living Inc.,0.03,0.75,forecast_icc,0.040239307790461004,,2026-08-20
BKE,42.64,1.4,,,9.065,Consumer Cyclical,"Buckle, Inc. (The)",4.23197,0.01,forecast_icc,0.07355632450214256,,2026-08-20
BKH,73.29,2.81,5588593152.0,76253141.0,51.712,Utilities,Black Hills Corporation,4.338,0.06316274781005071,forecast_icc,0.07383039998076024,0.7055805137614712,2026-08-20
BKHA,11.8,0.0,49012208.0,4153577.0,-1.229,Financial Services,Black Hawk Acquisition Corporat,0.12,0.01,trailing_eps_fallback_icc,0.011615807557580266,,2026-08-20
BKKT,7.5,0.0,338020928.0,45069458.0,7.865,Technology,"Bakkt, Inc.",2.55,,forecast_icc,0.010000000000000002,1.0486666883832707,2026-08-20
BKNG,209.87,1.68,157692215296.0,751380500.0,-14.226,Consumer Cyclical,Booking Holdings Inc. Common St,10.44798,0.1845725202383619,forecast_icc,0.08540986103104367,,2026-08-20
BKR,62.78,0.92,62320074752.0,992674071.0,20.062,Energy,Baker Hughes Company,2.62781,0.20282288293293638,forecast_icc,0.08462880299209236,0.3195603871088566,2026-08-20
BKT,10.4,1.06,336845088.0,32388952.0,11.513,Financial Services,BlackRock Income Trust Inc. (Th,0.95,0.222,trailing_eps_fallback_icc,0.19118335874466774,1.107019272835589,2026-08-20
BKTI,78.03,0.0,294125408.0,3769389.0,13.787,Technology,BK Technologies Corporation,3.59,0.1754874651810585,forecast_icc,0.07553137077429545,0.17668846257240042,2026-08-20
BKU,46.21,1.32,3291642112.0,71232249.0,41.554,Financial Services,"BankUnited, Inc.",3.90322,0.1458052582226983,forecast_icc,0.11464409995288449,0.8992426194072219,2026-08-20
BKV,26.1,0.0,2856327424.0,109437830.0,21.035,Energy,BKV Corporation,1.64781,0.1165182879094071,forecast_icc,0.07680707424063693,0.8059386801063043,2026-08-20
BKYI,3.1,0.0,4452666.0,1436344.0,3.987,Industrials,"BIO-key International, Inc.",0.22,0.04,forecast_icc,0.060794583271071095,1.2861291477959496,2026-08-20
BL,31.92,0.0,1855358720.0,58125270.0,5.416,Technology,"BlackLine, Inc.",2.48472,0.11899127467078796,forecast_icc,0.08829214500773619,0.16967417617224986,2026-08-20
BLBD,61.33,0.0,1940885248.0,31646589.0,20.675,Industrials,Blue Bird Corporation,4.82483,0.01,forecast_icc,0.05380997729994952,0.33711072215589327,2026-08-20
BLCO,17.2,0.0,6143242752.0,357165246.0,18.093,Healthcare,Bausch + Lomb Corporation,0.80393,0.36001890711877915,forecast_icc,0.11762839749680898,1.0519185154736337,2026-08-20
BLDR,70.32,0.0,7566182912.0,107596457.0,37.225,Industrials,"Builders FirstSource, Inc.",3.15571,0.41521876218030185,forecast_icc,0.12733019221864839,0.5293657526402925,2026-08-20
BLFS,36.97,0.0,1808080896.0,48906704.0,8.591,Healthcare,"BioLife Solutions, Inc.",0.25,0.32000000000000006,forecast_icc,0.03102700155217796,0.2323775971492815,2026-08-20
BLIN,0.9635,0.0,12139984.0,12599879.0,0.706,Technology,"Bridgeline Digital, Inc.",0.12,0.04,forecast_icc,0.0882958374156525,0.7327451645735282,2026-08-20
BLK,1139.82,22.92,185193611264.0,154869259.0,371.704,Financial Services,"BlackRock, Inc.",56.23831,0.14166855298461156,forecast_icc,0.08017150307547294,0.31083968099349996,2026-08-20
BLKB,46.45,0.0,2108370048.0,45390097.0,1.495,Technology,"Blackbaud, Inc.",5.25,0.1226666666666667,forecast_icc,0.11141286759019697,0.03218514467105539,2026-08-20
BLLN,95.27,0.0,4495508992.0,42644388.0,11.464,Healthcare,"BillionToOne, Inc.",1.39,0.01,forecast_icc,0.01569006796841204,0.10874747773877882,2026-08-20
BLMN,10.48,0.6,897307200.0,85620917.0,5.044,Consumer Cyclical,"Bloomin' Brands, Inc.",0.96948,0.07073895284069809,forecast_icc,0.10773412218072409,0.48129771537328575,2026-08-20
BLND,1.46,0.0,345309440.0,233256934.0,-0.314,Technology,"Blend Labs, Inc.",0.0475,0.26315789473684204,forecast_icc,0.07706658123255028,,2026-08-20
BLNE,1.01,0.0,33156530.0,32828247.0,1.542,Financial Services,"Beeline Holdings, Inc.",0.47,0.04,forecast_icc,0.1881958036922612,1.5267326488628332,2026-08-20
BLSH,28.44,0.0,4312879104.0,151648346.0,15.921,Technology,Bullish,0.43666,0.75,forecast_icc,0.12191811104049669,0.5598101079222831,2026-08-20
BLTE,161.94,0.0,6521671168.0,40272144.0,19.285,Healthcare,"Belite Bio, Inc",2.14143,0.04,forecast_icc,0.01817628673574867,0.11908731321057614,2026-08-20
BLUW,10.37,0.0,335033952.0,25983000.0,-0.293,Financial Services,Blue Water Acquisition Corp. II,0.31,0.653,trailing_eps_fallback_icc,0.14914977982830357,,2026-08-20
BLW,12.69,1.36,495981024.0,39084400.0,13.901,Financial Services,Blackrock Limited Duration Inco,1.22,0.01,trailing_eps_fallback_icc,0.09870027110425628,1.0954294985285566,2026-08-20
BLX,53.26,2.75,,,46.739,Financial Services,"Bladex, Inc. Class E",6.86,0.028425655976676234,forecast_icc,0.1046383054658836,,2026-08-20
BLZE,16.24,0.0,1005256000.0,61900000.0,1.433,Technology,"Backblaze, Inc.",0.21429,0.3159736805263893,forecast_icc,0.04859992182058051,0.08823891625615764,2026-08-20
BMA,72.87,5.32,4659237376.0,62815463.0,5.498135,Financial Services,Banco Macro S.A.,9451.253,0.6754619731373184,forecast_icc,0.4,0.07412541319326527,2026-08-20
BMBL,2.8,0.0,429006944.0,131968314.0,3.914,Communication Services,Bumble Inc.,0.35,0.75,forecast_icc,0.3064661302377506,1.2039991152124567,2026-08-20
BME,45.8,3.15,,,43.972,Financial Services,,5.92,0.04,trailing_eps_fallback_icc,0.11869326802181651,,2026-08-20
BMEZ,16.97,1.32,1060648768.0,62501404.0,,Financial Services,BlackRock Health Sciences Trust,2.54,0.04,trailing_eps_fallback_icc,0.13219443345065118,,2026-08-20
BMHL,5.8399,0.0,149035120.0,14014999.0,0.43165743,Financial Services,Bluemount Holdings Limited,0.05,0.04,trailing_eps_fallback_icc,0.012750511697979555,0.040592300994507675,2026-08-20
BMI,128.13,1.76,3714084864.0,28986847.0,23.558,Technology,"Badger Meter, Inc.",4.4589,0.10840790329453465,forecast_icc,0.0545788467255196,0.1838601342271322,2026-08-20
BMN,25.45,1.13,156457776.0,6147653.0,,Financial Services,53753,1.17,0.04,trailing_eps_fallback_icc,0.058181039668075196,,2026-08-20
BMNR,21.57,0.01,13011592192.0,603226394.0,20.011,Financial Services,"BitMine Immersion Technologies,",0.94,0.04,forecast_icc,0.04280370566703684,0.9277237706355252,2026-08-20
BMO,172.9,4.88,121102032896.0,700416619.0,86.30067,Financial Services,Bank Of Montreal,14.54332,0.12087405076695013,forecast_icc,0.10606845900210937,0.4991363237539117,2026-08-20
BMRA,1.585,0.0,4898076.0,3090269.0,1.095,Healthcare,"Biomerica, Inc.",0.39,0.04,forecast_icc,0.13281616986097988,0.690851786497392,2026-08-20
BMRC,26.95,1.0,436435008.0,16194248.0,24.815,Financial Services,Bank of Marin Bancorp,2.255,0.06356097560975615,forecast_icc,0.09006333638182318,0.9207791693007359,2026-08-20
BMRN,67.68,0.0,13101072384.0,193573759.0,32.664,Healthcare,BioMarin Pharmaceutical Inc.,5.0248,0.2880074828848911,forecast_icc,0.13078698765089347,0.482624099665153,2026-08-20
BMY,65.47,2.52,133736529920.0,2042714656.0,10.925,Healthcare,Bristol-Myers Squibb Company,6.94908,0.01,forecast_icc,0.07877344802083874,0.16687032054854145,2026-08-20
BN,41.37,0.28,92352380928.0,2232266331.0,19.025,Financial Services,Brookfield Corporation,5.87,0.403,forecast_icc,0.2222829587821925,0.4598567629824799,2026-08-20
BNC,2.7,0.0,111169392.0,41173850.0,7.153,Industrials,CEA Industries Inc.,4.72,0.04,forecast_icc,0.3657909460970724,2.6492593307517596,2026-08-20
BNED,12.03,0.32,417019712.0,34664980.0,8.552,Consumer Cyclical,"Barnes & Noble Education, Inc",0.775,,forecast_icc,0.010000000000000002,0.7108894386268244,2026-08-20
BNL,21.21,1.17,4515536896.0,204600604.0,15.02,Real Estate,"Broadstone Net Lease, Inc.",0.74109,0.06978909444197057,forecast_icc,0.053471870933080645,0.680561612684916,2026-08-20
BNS,86.44,3.23,105378447360.0,1219093484.0,51.21282,Financial Services,Bank Nova Scotia Halifax Pfd 3,8.3108,0.11827982865668751,forecast_icc,0.11775656716298069,0.592466644967513,2026-08-20
BNT,41.48,0.28,11381033984.0,59928210.0,48.978,Financial Services,Brookfield Wealth Solutions Ltd,0.84,0.01,trailing_eps_fallback_icc,0.021171921547156997,0.2578995786768051,2026-08-20
BNY,157.24,2.22,106687995904.0,678504142.0,58.821,Financial Services,The Bank of New York Mellon Cor,9.25034,0.10761442282121525,forecast_icc,0.07674826571071047,0.3740841863080274,2026-08-20
BOBS,18.05,0.0,2358901504.0,130687076.0,4.064,Consumer Cyclical,"Bob's Discount Furniture, Inc.",0.92269,0.14599703042191847,forecast_icc,0.07384615023585972,0.2251523753592045,2026-08-20
BODI,6.5,0.0,47350784.0,4555733.0,5.18,Communication Services,"The Beachbody Company, Inc.",0.29,0.01,forecast_icc,0.03577000306736111,0.49838027898334264,2026-08-20
BOE,12.24,0.99,,,12.887,Financial Services,,1.83,0.75,trailing_eps_fallback_icc,0.4,,2026-08-20
BOH,77.59,2.8,3060956160.0,39450396.0,38.805,Financial Services,Bank of Hawaii Corporation,5.95597,0.12117925375715477,forecast_icc,0.10501710092330416,0.500128893312866,2026-08-20
BOKF,139.84,2.52,8497638400.0,60766867.0,100.106,Financial Services,BOK Financial Corporation,10.31144,0.043673822472903856,forecast_icc,0.06939703528156171,0.71586100767738,2026-08-20
BON,1.15,0.0,11696246.0,6086971.0,9.33,Basic Materials,Bon Natural Life Limited,0.58,0.04,forecast_icc,0.19631730781418638,4.855527100746684,2026-08-20
BOOM,7.0,0.0,143786640.0,20540949.0,11.555,Industrials,DMC Global Inc.,0.43,0.04,forecast_icc,0.05491752144566686,1.6507143201551966,2026-08-20
BOOT,160.22,0.0,4852237824.0,30284844.0,43.591,Consumer Cyclical,"Boot Barn Holdings, Inc.",9.03048,0.1069035090050583,forecast_icc,0.06900426583982033,0.27206964759112356,2026-08-20
BORR,4.43,0.24,1366711424.0,308512741.0,3.117,Energy,Borr Drilling Limited,0.14153,0.04,forecast_icc,0.04168847871276862,0.7036117477400994,2026-08-20
BOSC,4.69,0.0,33063610.0,7049810.0,4.181,Technology,B.O.S. Better Online Solutions,0.49,0.12244897959183687,forecast_icc,0.10639504989025317,0.8914711856932742,2026-08-20
BOTJ,27.15,0.4,123351656.0,4543338.0,18.302,Financial Services,Bank of the James Financial Gro,2.53,0.198,trailing_eps_fallback_icc,0.12966391708217906,0.6741066538741888,2026-08-20
BOW,33.49,0.0,1103261312.0,32943005.0,14.387,Financial Services,Bowhead Specialty Holdings Inc.,2.02384,0.21029330381848377,forecast_icc,0.09803583892431178,0.4295908936349977,2026-08-20
BOX,32.9,0.0,,,0.139,Technology,"Box, Inc.",1.57587,0.1429051888797932,forecast_icc,0.07010318364023849,,2026-08-20
BP,45.14,2.02,116250951680.0,2575342288.0,5.646,Energy,BP p.l.c.,6.29978,0.01,forecast_icc,0.09553780541025103,0.1250775356925491,2026-08-20
BPOP,168.22,3.0,10728819712.0,63778501.0,100.379,Financial Services,"Popular, Inc.",15.88167,0.09025058447883638,forecast_icc,0.09766422245083073,0.5967126229848423,2026-08-20
BPRN,42.45,1.4,289220384.0,6813201.0,41.085,Financial Services,"Princeton Bancorp, Inc.",3.83667,0.01,forecast_icc,0.06927756176686162,0.9678445177812915,2026-08-20
BPYPN,14.0,1.44,,,19.784,Real Estate,Brookfield Property Partners L.,2.196,0.04,trailing_eps_fallback_icc,0.14869123561145592,,2026-08-20
BPYPO,15.35,1.59,,,19.784,Real Estate,Brookfield Property Partners L.,2.196,0.04,trailing_eps_fallback_icc,0.14336021569354196,,2026-08-20
BPYPP,16.38,1.63,,0.0,19.784,Real Estate,Brookfield Property Partners L.,2.196,0.04,trailing_eps_fallback_icc,0.13711057704990692,,2026-08-20
BR,178.5,4.36,20352890880.0,114021798.0,24.363,Technology,"Broadridge Financial Solutions,",10.54859,0.09738078738485423,forecast_icc,0.07846193838361304,0.136487395380464,2026-08-20
BRAG,1.44,0.0,44731304.0,31063404.0,2.6882517,Consumer Cyclical,Bragg Gaming Group Inc.,0.0231518,0.04,forecast_icc,0.021152558778569884,1.8668413648479105,2026-08-20
BRBI,9.14,1.05,239915200.0,26248926.0,5.9126363,Financial Services,BRBI BR Partners S.A.,0.39,0.01,trailing_eps_fallback_icc,0.043884050347941864,0.6468967064346643,2026-08-20
BRBR,10.45,0.0,1215107072.0,116278194.0,-4.018,Consumer Defensive,"BellRing Brands, Inc.",1.04388,0.2658351534659158,forecast_icc,0.1460105303566538,,2026-08-20
BRBS,3.91,2.4,350678240.0,89687528.0,3.11,Financial Services,"Blue Ridge Bankshares, Inc.",0.09,0.04,trailing_eps_fallback_icc,0.031809132839090176,0.7953964069170645,2026-08-20
BRC,90.73,0.98,,,28.481,Industrials,Brady Corporation,5.275,0.15450236966824638,forecast_icc,0.08720992486978607,,2026-08-20
BRCB,8.64,0.0,191874160.0,22207657.0,2.46,Consumer Cyclical,"Black Rock Coffee Bar, Inc.",0.22667,0.235275951824238,forecast_icc,0.06226964752179742,0.28472221699889133,2026-08-20
BRCC,0.8642,0.0,216298416.0,119819977.0,0.404,Consumer Defensive,BRC Inc.,0.01,0.75,forecast_icc,0.10498188626056437,0.22379854463659135,2026-08-20
BRIA,1.4,0.53,35000000.0,25000000.0,0.478,Consumer Cyclical,BrilliA Inc,0.07,0.75,forecast_icc,0.28986940822075835,0.3414285714285714,2026-08-20
BRK-A,744600.0,0.0,1062648414208.0,488450.0,522225.9,Financial Services,Berkshire Hathaway Inc.,34391.816,0.01,forecast_icc,0.03659268377058347,0.24004293183377495,2026-08-20
BRK-B,496.86,0.0,1063633027072.0,1408035161.0,522225.9,Financial Services,Berkshire Hathaway Inc. New,21.98303,0.01,forecast_icc,0.035573352389811075,691.3215465009199,2026-08-20
BRKR,59.92,0.2,9129369600.0,152359316.0,15.631,Healthcare,Bruker Corporation,2.1215,0.1342964883337261,forecast_icc,0.056783933668348996,0.2608645035464442,2026-08-20
BRLT,1.33,0.25,135460784.0,16907896.0,0.72,Consumer Cyclical,"Brilliant Earth Group, Inc.",0.072,0.41666666666666674,forecast_icc,0.19414724556274054,0.08986870414097116,2026-08-20
BRO,72.08,0.66,24118716416.0,334610357.0,38.13,Financial Services,"Brown & Brown, Inc.",4.48234,0.07589339496780712,forecast_icc,0.0686019819862057,0.5289955191788761,2026-08-20
BROS,49.37,0.0,8624119808.0,137192622.0,5.785,Consumer Cyclical,Dutch Bros Inc.,0.97708,0.3448028820567406,forecast_icc,0.06870714367643671,0.09202786324162346,2026-08-20
BRSL,11.58,0.92,2116156416.0,182742355.0,4.598,Consumer Cyclical,Brightstar Lottery PLC Trading ,0.51477,0.39532218272238095,forecast_icc,0.16466325664887427,0.39706391358265264,2026-08-20
BRSP,4.86,0.64,614907520.0,126524180.0,6.806,Real Estate,"BrightSpire Capital, Inc.",0.57,0.1453684210526316,forecast_icc,0.19350037852528656,1.4004115107910862,2026-08-20
BRUN,19.395,0.0,1191409152.0,31895656.0,0.496,Technology,Boost Run Inc.,1.55,0.04,forecast_icc,0.0659767638723251,0.013278599840737164,2026-08-20
BRX,29.48,1.23,9046595584.0,306872316.0,9.847,Real Estate,Brixmor Property Group Inc.,0.97811,0.030742963470366425,forecast_icc,0.04065149551937182,0.3340230772553124,2026-08-20
BRZE,30.71,0.0,3458918656.0,112631669.0,5.204,Technology,"Braze, Inc.",0.63288,0.5310169384401466,forecast_icc,0.10229084714805692,0.1694561982425527,2026-08-20
BSAA,11.29,0.0,83540352.0,6024500.0,0.493,Financial Services,BEST SPAC I Acquisition Corp.,0.25,0.04,trailing_eps_fallback_icc,0.02681434738735252,0.03555262132484192,2026-08-20
BSAC,34.57,1.48,16286456832.0,471115317.0,24.37,Financial Services,Banco Santander - Chile,2.83257,0.07490723971517044,forecast_icc,0.09574335662574762,0.7049464713977391,2026-08-20
BSBK,9.4299,0.0,120337904.0,12761313.0,11.423,Financial Services,Bogota Financial Corp.,0.35,0.75,forecast_icc,0.18586744584403692,1.2113596261324278,2026-08-20
BSBR,5.57,0.35,41705529344.0,7487527435.0,13.061604,Financial Services,Banco Santander Brasil SA,0.69568,0.2428271619135236,forecast_icc,0.19829919628936843,2.3449916553852757,2026-08-20
BSEM,3.68,0.0,65619820.0,17831471.0,1.55,Healthcare,"BioStem Technologies, Inc.",0.29,0.04,forecast_icc,0.06534806019113149,0.4211956090400736,2026-08-20
BSET,18.62,0.8,161216976.0,8658269.0,19.056,Consumer Cyclical,"Bassett Furniture Industries, I",0.93,0.489247311827957,forecast_icc,0.19890497486773795,1.0234156362292766,2026-08-20
BSIN,1.4,0.0,73490800.0,52493428.0,0.706,Energy,Big Sky Industrial Inc.,0.09,0.04,forecast_icc,0.05671964261826956,0.504285708796203,2026-08-20
BSL,13.0,1.06,,,14.132,Financial Services,,0.57,0.01,trailing_eps_fallback_icc,0.04509279824339987,,2026-08-20
BSM,14.77,1.22,3141735424.0,212710571.0,3.822,Energy,"Black Stone Minerals, L.P.",0.96,0.22916666666666674,forecast_icc,0.15169593584181185,0.25876774859893487,2026-08-20
BSP,39.93,0.0,25364307968.0,324978625.0,2.094,Technology,Bending Spoons S.p.A.,1.43758,0.38328997342756566,forecast_icc,0.10663249293515087,0.02682924531623476,2026-08-20
BSRR,39.67,1.08,514257920.0,12963397.0,28.686,Financial Services,Sierra Bancorp,3.55,0.06591549295774657,forecast_icc,0.09023592658499904,0.7231157593878185,2026-08-20
BST,49.19,3.0,,,,Financial Services,,7.22,0.04,trailing_eps_fallback_icc,0.12270193430483067,,2026-08-20
BSTZ,30.39,1.95,2089134720.0,68744150.0,,Financial Services,BlackRock Science and Technolog,4.65,0.04,trailing_eps_fallback_icc,0.12684209714972317,,2026-08-20
BSVN,51.76,1.08,493058304.0,9525856.0,27.975,Financial Services,Bank7 Corp.,4.41667,0.013584895407626307,forecast_icc,0.06477374033751332,0.5404752732853274,2026-08-20
BSX,49.37,0.0,71548461056.0,1449229526.0,17.232,Healthcare,Boston Scientific Corporation,3.30364,0.04081861219745475,forecast_icc,0.05859781334926162,0.34903788038831296,2026-08-20
BSY,36.4,0.28,10996182016.0,290577762.0,3.878,Technology,"Bentley Systems, Incorporated",1.39088,0.12931381571379275,forecast_icc,0.06045021106486889,0.10247743802315758,2026-08-20
BTE,4.82,0.06,3370144000.0,699200000.0,2.1790662,Energy,Baytex Energy Corp,0.3,0.26666666666666683,forecast_icc,0.12168078468983137,0.4520884232365145,2026-08-20
BTG,5.38,0.08,7107360768.0,1321070762.0,3.007,Basic Materials,B2Gold Corp,0.53818,0.75,forecast_icc,0.29983007154821717,0.5589219277033891,2026-08-20
BTGO,6.6,0.0,775801088.0,108690240.0,3.6,Financial Services,"BitGo Holdings, Inc.",0.25536,0.04,forecast_icc,0.03916172946812764,0.5043623553154903,2026-08-20
BTI,56.7,3.34,122187358208.0,2154979813.0,5.8128138,Consumer Defensive,British American Tobacco  Indus,4.83489,0.07994183942137267,forecast_icc,0.10783982480957965,0.10251875954633471,2026-08-20
BTMD,1.48,0.0,50170876.0,28677589.0,-2.378,Healthcare,Biote Corp.,0.35,0.2857142857142858,forecast_icc,0.22862931761020644,,2026-08-20
BTO,39.73,2.6,,,36.043,Financial Services,,3.53,0.01,trailing_eps_fallback_icc,0.08064389176794573,,2026-08-20
BTSG,59.53,0.0,11778857984.0,197864241.0,9.943,Healthcare,"BrightSpring Health Services, I",1.8194,0.2521875343519844,forecast_icc,0.0720243027760169,0.1670250334060739,2026-08-20
BTT,22.51,0.56,1432208000.0,63625411.0,24.801,Financial Services,BlackRock Municipal 2030 Target,1.38,0.75,trailing_eps_fallback_icc,0.2663848883998633,1.1017769892438807,2026-08-20
BTU,26.86,0.3,3274234112.0,121900000.0,26.65,Energy,Peabody Energy Corporation,2.84333,0.04,forecast_icc,0.08331063438846409,0.9921816488606664,2026-08-20
BTX,8.99,0.63,1049225536.0,116710298.0,,Financial Services,BlackRock Technology and Privat,0.37,0.04,trailing_eps_fallback_icc,0.052973282769028046,,2026-08-20
BTZ,10.22,1.01,,,14.199,Financial Services,,1.1,0.01,trailing_eps_fallback_icc,0.10576927596690966,,2026-08-20
BUD,77.92,1.35,153434324992.0,1747084389.0,7.919808,Consumer Defensive,Anheuser-Busch Inbev SA Sponsor,4.45718,0.11613621168541544,forecast_icc,0.07911976379444907,0.0901791233571676,2026-08-20
BUDA,9.0333,0.0,113518472.0,12566666.0,1.722,Consumer Defensive,"Buda Juice, Inc.",0.2,0.7499999999999998,forecast_icc,0.1463242848216061,0.1906279962260239,2026-08-20
BULL,8.85,0.0,4706595328.0,447959660.0,1.918,Technology,Webull Corporation,0.235,0.34042553191489366,forecast_icc,0.0817105286269374,0.1825495008607632,2026-08-20
BUR,4.26,0.13,935430016.0,219584503.0,3.73,Financial Services,Burford Capital Limited,0.53878,0.01,forecast_icc,0.08489447576293696,0.8755868233653088,2026-08-20
BURL,333.23,0.0,20974233600.0,62942206.0,29.526,Consumer Cyclical,"Burlington Stores, Inc.",11.83929,0.16976271381138552,forecast_icc,0.0627057796922979,0.08860545800138318,2026-08-20
BUSE,30.21,1.04,2494649856.0,82576956.0,28.647,Financial Services,First Busey Corporation,2.69,0.013275092936802846,forecast_icc,0.07093139894143563,0.948262159053074,2026-08-20
BV,11.15,0.0,1032489984.0,92600000.0,13.305,Industrials,"BrightView Holdings, Inc.",0.50185,0.21697718441765446,forecast_icc,0.08361822797654284,1.1932735610924823,2026-08-20
BVC,13.42,0.0,2254560000.0,168000000.0,1.742,Technology,BitVentures Limited,1.47,0.04,trailing_eps_fallback_icc,0.08133645429479605,0.12980625931445602,2026-08-20
BVFL,21.63,0.0,183219152.0,8470604.0,22.863,Financial Services,"BV Financial, Inc.",1.48,0.448,trailing_eps_fallback_icc,0.16579200681620143,1.0570042331164158,2026-08-20
BVN,34.16,1.14,,,17.026,Basic Materials,Buenaventura Mining Company Inc,4.13,0.01,forecast_icc,0.08353926101732048,,2026-08-20
BVS,14.33,0.0,1205036672.0,68305143.0,3.347,Healthcare,Bioventus Inc.,0.778,0.18251928020565544,forecast_icc,0.08544595823110168,0.1897181379895798,2026-08-20
BW,8.43,0.0,1255775616.0,148965066.0,0.385,Industrials,"Babcock & Wilcox Enterprises, I",0.145,0.75,forecast_icc,0.12918497390782313,0.0456702213988522,2026-08-20
BWA,64.8,0.68,13197580288.0,203666354.0,27.599,Consumer Cyclical,BorgWarner Inc.,5.21906,0.1381723911968824,forecast_icc,0.10035240598118078,0.4259104761163625,2026-08-20
BWAY,14.97,0.0,600764928.0,40131257.0,2.045,Healthcare,Brainsway Ltd.,0.27,0.75,forecast_icc,0.1323006792507343,0.13660654399086358,2026-08-20
BWB,21.55,0.0,600896384.0,27883823.0,17.266,Financial Services,"Bridgewater Bancshares, Inc.",1.84,0.15217391304347827,forecast_icc,0.10294388543601884,0.8012064987197526,2026-08-20
BWEN,4.51,0.0,106694752.0,23657373.0,2.782,Industrials,"Broadwind, Inc.",0.045,0.04,forecast_icc,0.01448316269377059,0.6168514425714209,2026-08-20
BWFG,66.06,0.8,526628448.0,7971972.0,41.629,Financial Services,"Bankwell Financial Group, Inc.",5.77,0.025419410745234128,forecast_icc,0.06837392631501493,0.6301695695482065,2026-08-20
BWIN,31.45,0.0,3045573376.0,96838572.0,9.178,Financial Services,"The Baldwin Insurance Group, In",2.00795,0.23705769565975254,forecast_icc,0.1079342954851038,0.29182827142497325,2026-08-20
BWLP,23.51,1.86,3569161472.0,151814604.0,12.522,Energy,BW LPG Limited,2.38,0.75,trailing_eps_fallback_icc,0.3884447817957549,0.5326243954501592,2026-08-20
BWMN,42.55,0.0,737551104.0,17333752.0,14.884,Industrials,Bowman Consulting Group Ltd.,2.02667,0.24588117453754177,forecast_icc,0.09306219207175243,0.34980025569590906,2026-08-20
BWMX,15.92,1.27,592923200.0,37243920.0,3.379754,Consumer Cyclical,"Betterware de Mexico, S.A.P.I. ",40.26,0.19696969696969702,forecast_icc,0.4,0.2122961078191577,2026-08-20
BWXT,156.44,1.06,14333343744.0,91621980.0,14.565,Industrials,"BWX Technologies, Inc.",4.73851,0.10880213400414895,forecast_icc,0.047266073563624444,0.09310277926311623,2026-08-20
BX,141.35,5.23,168955346944.0,750625114.0,11.269,Financial Services,Blackstone Inc.,6.01888,0.24450894518581512,forecast_icc,0.11103855018416522,0.05006526613490164,2026-08-20
BXC,82.93,0.0,651847808.0,7860217.0,79.068,Industrials,Bluelinx Holdings Inc.,1.88667,0.5123630523620983,forecast_icc,0.10464457896012189,0.9534305862941554,2026-08-20
BXDC,19.93,0.0,2005952640.0,100649905.0,19.192,Real Estate,Blackstone Digital Infrastructu,0.40558,0.20646974702894605,forecast_icc,0.04791551619530521,0.962970380377475,2026-08-20
BXMT,14.35,1.88,2418600448.0,168543591.0,19.124,Real Estate,"Blackstone Mortgage Trust, Inc.",1.22956,0.26031263216109823,forecast_icc,0.1978229283931311,1.3326829724807856,2026-08-20
BXP,67.78,2.8,12259871744.0,159661556.0,32.316,Real Estate,"BXP, Inc.",1.939,0.07888602372356868,forecast_icc,0.046622553025771896,0.4208545530846297,2026-08-20
BXSL,24.67,3.08,5747371520.0,232970063.0,25.526,Financial Services,Blackstone Secured Lending Fund,2.82386,0.01,forecast_icc,0.11743050339824512,1.0346980019377623,2026-08-20
BY,38.33,0.56,1731995520.0,45186420.0,28.86,Financial Services,"Byline Bancorp, Inc.",3.386,0.01,forecast_icc,0.06253999505746266,0.752935019831922,2026-08-20
BYD,80.95,0.8,5881455616.0,72655414.0,34.2,Consumer Cyclical,Boyd Gaming Corporation,7.08416,0.09461531077784802,forecast_icc,0.09150957235183277,0.4224830247873115,2026-08-20
BZ,15.78,0.17,7051873792.0,385215465.0,6.5669785,Communication Services,KANZHUN LIMITED - American Depo,8.7051,0.1166063571929099,forecast_icc,0.25409283225583856,0.3587275880337398,2026-08-20
BZH,33.13,0.0,883896000.0,26679623.0,43.398,Consumer Cyclical,"Beazer Homes USA, Inc.",1.52,0.04,forecast_icc,0.0443727212656371,1.3099304431222678,2026-08-20
BZUN,2.8,0.0,162794768.0,53707409.0,9.254748,Consumer Cyclical,Baozun Inc.,3.12573,0.5790679297316148,forecast_icc,0.4,3.053221808872457,2026-08-20
C,129.67,2.68,217513230336.0,1677436783.0,114.738,Financial Services,"Citigroup, Inc.",11.15454,0.15498173837737816,forecast_icc,0.11446516417118546,0.8848461369938082,2026-08-20
CAAP,23.27,0.0,3801652992.0,163371430.0,11.429,Industrials,Corporacion America Airports SA,1.89638,0.1861019415939842,forecast_icc,0.10958863228935767,0.49114742387040045,2026-08-20
CAAS,4.56,0.0,137578400.0,30170702.0,14.709,Consumer Cyclical,"China Automotive Systems, Inc.",0.64,0.75,forecast_icc,0.32038884367312825,3.225657920996319,2026-08-20
CABO,26.22,0.0,148770304.0,5673925.0,57.529,Communication Services,"Cable One, Inc.",14.54,0.04,forecast_icc,0.20625503853077698,2.1940886221822873,2026-08-20
CAC,56.5,1.68,954683200.0,16897049.0,42.964,Financial Services,Camden National Corporation,5.4,0.07407407407407396,forecast_icc,0.09784000379615831,0.7604248333227189,2026-08-20
CACC,585.88,0.0,6081774080.0,10380580.0,153.132,Financial Services,Credit Acceptance Corporation,47.71667,0.162067679911444,forecast_icc,0.10289667974668781,0.2613709348046023,2026-08-20
CACI,646.35,0.0,14284037120.0,22099539.0,201.941,Technology,"CACI International, Inc.",33.63744,0.12019226195572563,forecast_icc,0.06860649028333776,0.3124328904851656,2026-08-20
CAE,24.99,0.0,8043008512.0,321849081.0,12.109446,Industrials,CAE Inc,1.28373,0.1565983501203525,forecast_icc,0.07655461088035664,0.4845716700043604,2026-08-20
CAF,19.12,0.26,321556896.0,16817828.0,,Financial Services,Morgan Stanley China A Share Fu,4.15,0.04,trailing_eps_fallback_icc,0.12874875598561186,,2026-08-20
CAG,16.27,1.23,7786263040.0,478565642.0,13.285,Consumer Defensive,"ConAgra Brands, Inc.",1.4458,0.07330889472956148,forecast_icc,0.11647593306601778,0.8165334925507475,2026-08-20
CAH,228.46,2.06,53134254080.0,232575728.0,-12.373,Healthcare,"Cardinal Health, Inc.",10.23,0.37560508308895413,forecast_icc,0.12569348331078356,,2026-08-20
CAI,24.58,0.0,6948291584.0,282680695.0,2.094,Healthcare,"Caris Life Sciences, Inc.",0.14413,0.75,forecast_icc,0.07073967741904952,0.08519121113066977,2026-08-20
CAKE,106.53,1.2,5301000192.0,49760634.0,10.426,Consumer Cyclical,The Cheesecake Factory Incorpor,4.49353,0.09772717662950958,forecast_icc,0.058613396685366914,0.09786914757463189,2026-08-20
CAL,12.89,0.28,432971808.0,33589744.0,18.281,Consumer Cyclical,"Caleres, Inc.",1.62667,0.39958934510380106,forecast_icc,0.22231657086969936,1.418231161286141,2026-08-20
CALM,82.43,4.8,3849975040.0,46705993.0,56.038,Consumer Defensive,"Cal-Maine Foods, Inc.",1.435,0.75,forecast_icc,0.16200282040749558,0.6798252997853201,2026-08-20
CALX,40.38,0.0,2542486016.0,62963989.0,11.277,Technology,"Calix, Inc",1.72167,0.33722490372719505,forecast_icc,0.1069252879089179,0.27927190139282954,2026-08-20
CALY,15.79,0.0,2818681344.0,178510521.0,12.074,Consumer Cyclical,Callaway Golf Company,0.73155,0.19544802132458483,forecast_icc,0.08031373481550041,0.7646611189810323,2026-08-20
CAMT,148.51,0.0,6930690560.0,46668177.0,13.463,Technology,Camtek Ltd.,3.61242,0.3525559043522071,forecast_icc,0.0795847333142291,0.0906538333390836,2026-08-20
CANG,1.62,0.0,66455588.0,39321967.0,5.878,Financial Services,Cango Inc.,0.7,0.04,forecast_icc,0.18095743160805766,3.4780298990959193,2026-08-20
CAPL,24.0,2.1,916158144.0,38173255.0,-2.81,Energy,CrossAmerica Partners LP,1.33,0.01,forecast_icc,0.056974208735165344,,2026-08-20
CAPN,11.16,0.0,59015104.0,5288092.0,-0.653,Financial Services,Cayson Acquisition Corp,0.17,0.01,trailing_eps_fallback_icc,0.016247201356544762,,2026-08-20
CAPS,0.19,0.0,3909924.0,20578551.0,0.815,Basic Materials,Capstone Holding Corp.,0.2,,forecast_icc,0.010000000000000002,4.289474441191184,2026-08-20
CAR,143.98,0.0,5086201856.0,35325754.0,-95.977,Industrials,"Avis Budget Group, Inc.",0.52,0.75,forecast_icc,0.051588000347668486,,2026-08-20
CARE,31.15,0.4,721556480.0,23163931.0,24.327,Financial Services,"Carter Bankshares, Inc.",5.5,0.01,forecast_icc,0.09771547984816753,0.780963050095538,2026-08-20
CARG,36.89,0.0,3285920512.0,75309865.0,2.638,Consumer Cyclical,"CarGurus, Inc.",2.61599,0.14863206663634032,forecast_icc,0.09128115732904052,0.06046020381335384,2026-08-20
CARR,60.15,0.96,49583153152.0,824325057.0,15.935,Industrials,Carrier Global Corporation,2.88089,0.147530797774299,forecast_icc,0.07827223261838367,0.26492102555533337,2026-08-20
CARS,12.27,0.0,656846400.0,53532714.0,8.226,Communication Services,Cars.com Inc.,2.12487,0.2110434991317116,forecast_icc,0.17268447462316117,0.6704156487178738,2026-08-20
CART,51.07,0.0,11822707712.0,231500067.0,9.964,Consumer Cyclical,Maplebear Inc.,2.3272,0.26623410106565837,forecast_icc,0.09516516118809581,0.19510476988674455,2026-08-20
CASH,83.97,0.2,1744339200.0,20773362.0,40.473,Financial Services,"Pathward Financial, Inc.",7.88,0.21785152284263964,forecast_icc,0.1290729640770748,0.4819935711047484,2026-08-20
CASS,56.89,1.28,726826624.0,12776000.0,19.105,Industrials,"Cass Information Systems, Inc",2.985,0.21440536013400346,forecast_icc,0.10404868527367317,0.33582352646454516,2026-08-20
CASY,828.38,2.6,30654130176.0,37004914.0,107.08,Consumer Cyclical,"Caseys General Stores, Inc.",21.29914,0.10442816001021638,forecast_icc,0.04008574237972928,0.1292643493183292,2026-08-20
CAT,815.39,6.52,374814310400.0,459674889.0,42.193,Industrials,"Caterpillar, Inc.",27.30467,0.1822585660255187,forecast_icc,0.06631627934853734,0.051745789990992296,2026-08-20
CATO,3.04,0.0,60674928.0,18195206.0,8.761,Consumer Cyclical,Cato Corporation (The),1.3,0.75,forecast_icc,0.4,2.6272499205273054,2026-08-20
CATY,62.42,1.52,4164276480.0,66713820.0,45.591,Financial Services,Cathay General Bancorp,5.528,0.07272069464544151,forecast_icc,0.09089877514378564,0.7303909291872954,2026-08-20
CAVA,72.03,0.0,8413550592.0,116806198.0,7.202,Consumer Cyclical,"CAVA Group, Inc.",0.54543,0.3621362961333261,forecast_icc,0.03721661562367495,0.0999861151124341,2026-08-20
CB,342.87,4.08,132279197696.0,385799859.0,195.45,Financial Services,Chubb Limited,27.72066,0.050099095764675194,forecast_icc,0.0737617234049398,0.5700411232826079,2026-08-20
CBAN,21.38,0.48,453715744.0,21221503.0,18.431,Financial Services,"Colony Bankcorp, Inc.",2.04,0.09313725490196068,forecast_icc,0.10127419677651928,0.8620673339318815,2026-08-20
CBAT,0.8202,0.0,72707320.0,88645836.0,1.186,Industrials,CBAK Energy Technology Limited,0.33,0.04,forecast_icc,0.1742016831484755,1.4459886775636894,2026-08-20
CBC,32.09,0.48,7685720064.0,239505133.0,16.141,Financial Services,"Central Bancompany, Inc.",1.908,0.06289308176100628,forecast_icc,0.06495262618079503,0.502991563517997,2026-08-20
CBFV,37.62,1.1,191169184.0,5081584.0,31.906,Financial Services,"CB Financial Services, Inc.",3.21,0.045691588785046644,forecast_icc,0.08113190007045346,0.8481127329810646,2026-08-20
CBK,33.93,0.32,464884096.0,13701270.0,22.087,Financial Services,"Commercial Bancgroup, Inc.",2.98,0.06711409395973167,forecast_icc,0.08267577215649646,0.6509578475448642,2026-08-20
CBL,57.17,2.5,1768997248.0,30942757.0,13.814,Real Estate,"CBL & Associates Properties, In",3.24,,forecast_icc,0.010000000000000002,0.24163024882105413,2026-08-20
CBNA,46.25,0.0,303484032.0,3393357.0,27.987,Financial Services,"Chain Bridge Bancorp, Inc.",5.12,0.01,forecast_icc,0.06856125372843935,0.3129320568635387,2026-08-20
CBNK,36.66,0.5,597208128.0,16290456.0,25.919,Financial Services,"Capital Bancorp, Inc.",3.4625,0.10541516245487381,forecast_icc,0.10087659600445786,0.7070103524511977,2026-08-20
CBOE,294.11,3.44,30714204160.0,104431019.0,53.807,Financial Services,"Cboe Global Markets, Inc.",14.18486,0.07144941860547083,forecast_icc,0.05758541677140731,0.18294857356750083,2026-08-20
CBRE,151.79,0.0,43954630656.0,289575298.0,28.974,Real Estate,CBRE Group Inc,7.80185,0.16349071053660347,forecast_icc,0.07818915456679976,0.19088215641977432,2026-08-20
CBRL,55.13,1.0,1232236032.0,22351460.0,20.825,Consumer Cyclical,Cracker Barrel Old Country Stor,1.10129,0.75,forecast_icc,0.17183354163397635,0.3777435023909445,2026-08-20
CBRS,209.85,0.0,49852817408.0,112247109.0,40.273,Technology,Cerebras Systems Inc.,1.29705,0.04,forecast_icc,0.010000000000000002,0.09067747934405769,2026-08-20
CBSH,58.8,1.1,8433811968.0,143432178.0,30.23,Financial Services,"Commerce Bancshares, Inc.",4.29,0.0670815850815849,forecast_icc,0.076914282800575,0.5141156522568563,2026-08-20
CBT,84.93,1.85,4385021440.0,51631007.0,31.086,Basic Materials,Cabot Corporation,6.34036,0.10060312032755236,forecast_icc,0.08994093939666892,0.3660190732390125,2026-08-20
CBU,63.13,1.9,3321641984.0,52615905.0,39.407,Financial Services,"Community Financial System, Inc",4.585,0.13122573609596522,forecast_icc,0.10208238323075924,0.6242198823119764,2026-08-20
CBZ,55.01,0.0,2985056000.0,54263879.0,34.607,Industrials,"CBIZ, Inc.",3.9725,0.0692259282567651,forecast_icc,0.07036867938848637,0.6291037958929414,2026-08-20
CC,15.69,0.35,2361329152.0,150498995.0,-0.326,Basic Materials,Chemours Company (The),0.98509,0.75,forecast_icc,0.2646652095091805,,2026-08-20
CCAP,10.68,1.52,393514784.0,36845952.0,17.816,Financial Services,"Crescent Capital BDC, Inc.",1.48333,0.01,forecast_icc,0.14234620162719314,1.6681647234681785,2026-08-20
CCAQ,10.55,0.0,213456176.0,14482813.0,-0.346,Financial Services,Collective Acquisition Corp.,0.2,0.01,trailing_eps_fallback_icc,0.019323342999411186,,2026-08-20
CCB,46.1,0.0,704699648.0,15286327.0,30.329,Financial Services,Coastal Financial Corporation,1.94333,0.75,forecast_icc,0.19658971191180286,0.657895903451622,2026-08-20
CCBG,51.34,1.08,878596608.0,17113297.0,33.317,Financial Services,Capital City Bank Group,3.71333,0.01,forecast_icc,0.05615105851894253,0.6489482328493124,2026-08-20
CCC,7.45,0.0,4388010496.0,588994704.0,3.015,Technology,CCC Intelligent Solutions Holdi,0.45372,0.15476505333685964,forecast_icc,0.08469177501906311,0.4046979910779138,2026-08-20
CCEC,22.65,0.6,1363803904.0,60212098.0,25.663,Industrials,Capital Clean Energy Carriers C,1.9425,0.4646074646074647,forecast_icc,0.21366182737219253,1.1330243786822303,2026-08-20
CCEL,4.18,0.6,33701876.0,8062650.0,-2.202,Healthcare,"Cryo-Cell International, Inc.",0.11,0.01,forecast_icc,0.028851908094536277,,2026-08-20
CCEP,106.85,2.41,47193075712.0,441675965.0,21.622623,Consumer Defensive,Coca-Cola Europacific Partners ,4.49858,0.09240026852918048,forecast_icc,0.06152567040264001,0.2023642819475702,2026-08-20
CCG,16.0,0.0,40086816.0,1974098.0,22.202705,Communication Services,Cheche Group Inc.,15.05002,0.5116272270734523,forecast_icc,0.4,1.09338480599432,2026-08-20
CCI,75.39,4.25,32945430528.0,437000000.0,-7.676,Real Estate,Crown Castle Inc.,2.30515,0.2525779233455523,forecast_icc,0.09180118754435795,,2026-08-20
CCII,10.33,0.0,358382112.0,26020000.0,-0.276,Financial Services,Cohen Circle Acquisition Corp. ,0.32,0.04,trailing_eps_fallback_icc,0.03385669593646631,,2026-08-20
CCJ,95.59,0.17,41632595968.0,435532978.0,11.783544,Energy,Cameco Corporation,1.48147,0.75,forecast_icc,0.1255581950076773,0.12327172712599345,2026-08-20
CCK,117.15,1.31,12741294080.0,108760511.0,26.667,Consumer Cyclical,"Crown Holdings, Inc.",8.40305,0.07657576713217207,forecast_icc,0.07619878547184789,0.22763123813221023,2026-08-20
CCL,25.37,0.45,34747998208.0,1369649119.0,9.452,Consumer Cyclical,Carnival Corporation Ltd.,2.24382,0.1755934076708472,forecast_icc,0.12103452259405312,0.3725660222293747,2026-08-20
CCLD,2.63,0.0,111758856.0,42493859.0,0.409,Healthcare,"CareCloud, Inc.",0.36667,0.01,forecast_icc,0.08014606682065184,0.15551329848079332,2026-08-20
CCNE,33.78,0.76,1000593408.0,29620885.0,29.046,Financial Services,CNB Financial Corporation,3.555,0.04992967651195501,forecast_icc,0.091058187505347,0.8598579791063345,2026-08-20
CCS,69.46,1.25,1974949248.0,28432900.0,90.24,Real Estate,"Century Communities, Inc.",4.86,0.01,forecast_icc,0.054004510525575825,1.299164977833395,2026-08-20
CCSI,37.19,0.0,681503808.0,18324922.0,2.266,Technology,"Consensus Cloud Solutions, Inc.",5.9,0.04364406779661012,forecast_icc,0.10418400377529602,0.060930361304745634,2026-08-20
CCU,12.02,0.35,,,,Consumer Defensive,"Compania Cervecerias Unidas, S.",0.77099,0.17861450861878891,forecast_icc,0.10912274669068955,,2026-08-20
CDE,21.11,0.04,21699708928.0,1027934998.0,10.121,Basic Materials,"Coeur Mining, Inc.",1.2425,0.6581971830985915,forecast_icc,0.20708870191320383,0.47944099846121224,2026-08-20
CDLR,24.09,0.0,2323986688.0,96471019.0,22.015526,Industrials,Cadeler A/S,3.52,0.04,trailing_eps_fallback_icc,0.09755631696519373,0.9138865717293619,2026-08-20
CDNA,46.99,0.0,2430991360.0,51734223.0,8.267,Healthcare,"CareDx, Inc.",1.21333,0.11676130978381805,forecast_icc,0.04137263159303303,0.17593103314896189,2026-08-20
CDNL,42.25,0.0,863108800.0,20428610.0,12.108,Industrials,Cardinal Infrastructure Group I,1.975,0.02784810126582271,forecast_icc,0.041771992464748275,0.28657987252592027,2026-08-20
CDNS,313.59,0.0,86360489984.0,275393000.0,24.902,Technology,"Cadence Design Systems, Inc.",4.80115,0.75,forecast_icc,0.12174025087074047,0.07940942075792473,2026-08-20
CDP,37.12,1.28,4300146176.0,113410458.0,13.538,Real Estate,COPT Defense Properties,1.42268,0.02623218151657447,forecast_icc,0.04407614315334951,0.35704618344676475,2026-08-20
CDRE,33.85,0.4,1449481856.0,42820734.0,8.099,Industrials,"Cadre Holdings, Inc.",1.42208,0.17856941944194427,forecast_icc,0.07757278975324805,0.23926144589560147,2026-08-20
CDRO,9.05,0.0,411502752.0,45469915.0,0.7308431,Consumer Cyclical,"Codere Online Luxembourg, S.A.",0.3625,0.6993103448275861,forecast_icc,0.18126625887357461,0.08075613947616199,2026-08-20
CDW,133.54,2.52,16694825984.0,125017426.0,19.49,Technology,CDW Corporation,10.92964,0.09220706262969336,forecast_icc,0.09088602437768875,0.14594878886878968,2026-08-20
CE,46.98,0.12,5156004352.0,109748926.0,37.969,Basic Materials,Celanese Corporation,5.97253,0.03432381252166161,forecast_icc,0.08795453788285201,0.8081950065999479,2026-08-20
CECO,73.0,0.0,4275597824.0,58569830.0,35.518,Industrials,CECO Environmental Corp.,2.28772,0.3488713653768818,forecast_icc,0.0918756280225349,0.48654791857710517,2026-08-20
CEE,20.66,0.39,,,20.183,Financial Services,,6.69,0.381,trailing_eps_fallback_icc,0.3132491023006089,,2026-08-20
CEG,272.92,1.71,96697581568.0,354307379.0,89.999,Utilities,Constellation Energy Corporatio,12.09575,0.1001095426079408,forecast_icc,0.05934107436666068,0.3297632607305395,2026-08-20
CELH,32.54,0.0,8233760256.0,253035047.0,4.735,Consumer Defensive,"Celsius Holdings, Inc.",1.44121,0.2083457650168954,forecast_icc,0.08090822263875397,0.14551321756932634,2026-08-20
CENT,43.97,0.0,2752196608.0,9650221.0,27.911,Consumer Defensive,Central Garden & Pet Company,2.97309,0.0499379433518663,forecast_icc,0.0617824980876559,0.09786630706108335,2026-08-20
CENTA,38.06,0.0,2382274560.0,51340003.0,27.911,Consumer Defensive,Central Garden & Pet Company,2.97309,0.0499379433518663,forecast_icc,0.06817169463312311,0.6015053209202721,2026-08-20
CENX,43.4,0.0,4296309248.0,98993295.0,14.174,Basic Materials,Century Aluminum Company,9.93154,0.21592824476365213,forecast_icc,0.199566752591111,0.3265898431271398,2026-08-20
CEPF,10.39,0.0,593788544.0,45900000.0,0.0,Financial Services,"Cantor Equity Partners IV, Inc.",0.37,0.04,trailing_eps_fallback_icc,0.03712240026066234,,2026-08-20
CEPL,5.84,0.0,192397104.0,32611589.0,-1.387,Industrials,"Capstone Energy Plus, Inc.",0.01,0.75,forecast_icc,0.030979546941012168,,2026-08-20
CEPS,10.4,0.0,152620000.0,11800000.0,0.008,Financial Services,"Cantor Equity Partners VI, Inc.",0.11,0.04,trailing_eps_fallback_icc,0.01519261944157763,0.0006185296815620496,2026-08-20
CEPU,12.89,0.0,1933322624.0,149986238.0,12.882679,Utilities,Central Puerto S.A.,2.27,0.01,forecast_icc,0.0933354918769882,0.9994320319770912,2026-08-20
CEPV,10.38,0.0,329980192.0,25540000.0,0.01,Financial Services,"Cantor Equity Partners V, Inc.",0.27,0.04,trailing_eps_fallback_icc,0.030047469702397973,0.0007739858518537986,2026-08-20
CERT,8.73,0.0,1331663488.0,152538780.0,6.338,Healthcare,"Certara, Inc.",0.3421,0.142414498684595,forecast_icc,0.06124760594043821,0.7260023244250727,2026-08-20
CET,54.21,2.76,,,62.108,Financial Services,,7.46,0.01,trailing_eps_fallback_icc,0.09717912440010468,,2026-08-20
CETX,2.67,0.0,4595446.0,1721141.0,25.516,Technology,Cemtrex Inc.,0.55,0.04,forecast_icc,0.11987547529989373,9.556555284514276,2026-08-20
CEV,10.65,0.6,74907568.0,7033575.0,11.088,Financial Services,10525,1.04,0.04,trailing_eps_fallback_icc,0.09705299963208383,1.0411268404815919,2026-08-20
CEVA,28.13,0.0,791974016.0,28154072.0,12.092,Technology,"CEVA, Inc.",0.548,0.4522262773722625,forecast_icc,0.0857359348438943,0.42986137391659074,2026-08-20
CF,125.7,2.4,19023202304.0,151338130.0,37.917,Basic Materials,"CF Industries Holdings, Inc.",15.06302,0.01,forecast_icc,0.07823278185115512,0.30164678814372975,2026-08-20
CFBK,34.52,0.36,224111168.0,6415512.0,29.934,Financial Services,CF Bankshares Inc.,3.56,0.1797752808988764,forecast_icc,0.12846784794259686,0.8569048027450377,2026-08-20
CFFI,88.84,1.92,288880224.0,3251691.0,85.464,Financial Services,C&F Financial Corporation,8.97,0.109,trailing_eps_fallback_icc,0.10965584495612146,0.9619991142903573,2026-08-20
CFFN,8.49,0.34,1047406592.0,123369446.0,8.29,Financial Services,"Capitol Federal Financial, Inc.",0.685,0.13138686131386845,forecast_icc,0.11341434982838206,0.9764428782017823,2026-08-20
CFG,69.71,1.84,29360234496.0,421176788.0,56.951,Financial Services,"Citizens Financial Group, Inc.",5.30312,0.2303549608532336,forecast_icc,0.133361647733934,0.8169702887303534,2026-08-20
CFR,164.81,4.12,10242741248.0,62148785.0,72.04,Financial Services,"Cullen/Frost Bankers, Inc.",10.99076,0.06432676175259955,forecast_icc,0.07421814384685732,0.43710939903653423,2026-08-20
CG,47.99,1.4,17100411904.0,356332798.0,14.834,Financial Services,The Carlyle Group Inc.,3.66224,0.3948921971252566,forecast_icc,0.18578455942852778,0.30910604698917077,2026-08-20
CGAU,23.49,0.2,4594821120.0,195607541.0,11.05,Basic Materials,Centerra Gold Inc.,1.63455,0.18136490165488972,forecast_icc,0.10314666558502605,0.47041294352934465,2026-08-20
CGEN,2.65,0.0,251018992.0,94724146.0,0.937,Healthcare,Compugen Ltd.,0.38,0.04,trailing_eps_fallback_icc,0.09643040215504894,0.3535848984765264,2026-08-20
CGNT,8.62,0.0,637021312.0,73900381.0,2.655,Technology,Cognyte Software Ltd.,0.45,0.703711111111111,forecast_icc,0.20480466893357907,0.3080046269393888,2026-08-20
CGNX,59.73,0.34,10048010240.0,168223842.0,9.687,Technology,Cognex Corporation,1.69166,0.19711998865020153,forecast_icc,0.06120702244957299,0.1621798066015904,2026-08-20
CHA,10.62,0.0,2025906560.0,125489219.0,6.0736585,Consumer Cyclical,Chagee Holdings Limited,9.88454,0.08861110380452719,forecast_icc,0.30087326232790235,0.3762160983563385,2026-08-20
CHAR,10.93,0.0,119847456.0,8840000.0,-0.279,Financial Services,Charlton Aria Acquisition Corpo,0.25,0.01,trailing_eps_fallback_icc,0.02231253185330523,,2026-08-20
CHCI,18.56,0.0,190833024.0,10061702.0,7.899,Real Estate,"Comstock Holding Companies, Inc",2.35,0.75,trailing_eps_fallback_icc,0.30798677673547215,0.4164760502773357,2026-08-20
CHCO,144.0,3.48,2023488000.0,14052000.0,57.568,Financial Services,City Holding Company,9.264,0.03411053540587217,forecast_icc,0.062228244060107574,0.3997777777777778,2026-08-20
CHCT,14.87,1.76,426082624.0,28653842.0,15.316,Real Estate,Community Healthcare Trust Inco,0.4,0.04,forecast_icc,0.03609244048373669,1.0299932908599436,2026-08-20
CHD,97.41,1.23,23106033664.0,237203907.0,18.335,Consumer Defensive,"Church & Dwight Company, Inc.",3.77855,0.06925143242778309,forecast_icc,0.04926324374199917,0.18822501940785713,2026-08-20
CHDN,93.12,0.44,6490486784.0,69700243.0,19.157,Consumer Cyclical,"Churchill Downs, Incorporated",6.88917,0.06534604313727188,forecast_icc,0.07196086069378171,0.20572379231132257,2026-08-20
CHE,534.88,2.8,6990860800.0,13069961.0,63.811,Healthcare,Chemed Corp,25.5225,0.07846018219218331,forecast_icc,0.056781084305520646,0.11929965496824083,2026-08-20
CHEC,10.24,0.0,176892592.0,13058000.0,-0.284,Financial Services,Chenghe Acquisition III Co.,0.24,0.04,trailing_eps_fallback_icc,0.027924852160596703,,2026-08-20
CHEF,108.84,0.0,4440245760.0,40796083.0,15.894,Consumer Defensive,"The Chefs' Warehouse, Inc.",2.54066,0.2097604559445183,forecast_icc,0.053336138466518634,0.14603086816572963,2026-08-20
CHGA,0.1751,0.0,3492685.0,19946803.0,-0.532,Real Estate,Change Agents Corporation,2.18,0.04,trailing_eps_fallback_icc,0.4,,2026-08-20
CHH,109.25,1.15,4970382336.0,45495493.0,3.175,Consumer Cyclical,"Choice Hotels International, In",7.0229,0.06943997493912768,forecast_icc,0.06873166897349614,0.02906178650056268,2026-08-20
CHKP,130.32,0.0,13305754624.0,102100634.0,26.6,Technology,Check Point Software Technologi,10.43491,0.08307115250634656,forecast_icc,0.07945441945868598,0.20411295271455623,2026-08-20
CHMG,82.7,1.36,398735712.0,4821472.0,56.088,Financial Services,Chemung Financial Corp,7.565,0.05089226701916716,forecast_icc,0.08174734929203986,0.6782104371328546,2026-08-20
CHMI,2.93,0.4,109813776.0,36947394.0,3.264,Real Estate,Cherry Hill Mortgage Investment,0.555,0.01,forecast_icc,0.15945967428109797,1.09818911987873,2026-08-20
CHPG,10.45,0.0,104367136.0,8617125.0,-0.178,Financial Services,ChampionsGate Acquisition Corpo,0.36,0.04,trailing_eps_fallback_icc,0.03632725040330176,,2026-08-20
CHRD,148.81,5.2,8139590144.0,54697872.0,151.408,Energy,Chord Energy Corporation,19.17443,0.01,forecast_icc,0.08746885690462436,1.017458527673012,2026-08-20
CHRW,143.83,2.52,16806716416.0,116851258.0,13.898,Industrials,"C.H. Robinson Worldwide, Inc.",6.24327,0.20116861836825906,forecast_icc,0.08765920946213457,0.0966279636953922,2026-08-20
CHSN,1.1,0.0,2550995.0,2318379.0,144.209,Consumer Cyclical,Chanson International Holding,3.0,0.01,trailing_eps_fallback_icc,0.4,131.05910329538082,2026-08-20
CHT,43.36,1.61,33636288512.0,775744655.0,3.702505,Communication Services,"Chunghwa Telecom Co., Ltd.",1.555,0.01,forecast_icc,0.03740563018946337,0.0853898747727799,2026-08-20
CHTR,147.76,0.0,19914721280.0,119277492.0,142.122,Communication Services,"Charter Communications, Inc.",41.91909,0.07972644444333121,forecast_icc,0.16343872455512332,0.8512273649066106,2026-08-20
CHWY,23.88,0.0,9777049600.0,232945978.0,1.035,Consumer Cyclical,"Chewy, Inc.",1.53052,0.19948775579541578,forecast_icc,0.0987238282721129,0.024659697668916396,2026-08-20
CHYM,31.95,0.0,12095795200.0,347019852.0,3.71,Technology,"Chime Financial, Inc.",0.43735,0.75,forecast_icc,0.1148464505673005,0.10643728912672067,2026-08-20
CI,274.41,6.24,72510234624.0,264240486.0,161.623,Healthcare,The Cigna Group,30.50732,0.09723338529900372,forecast_icc,0.11193292675886146,0.5889836143854152,2026-08-20
CIA,3.8,0.0,192443808.0,50643108.0,4.644,Financial Services,"Citizens, Inc.",0.12,0.6666666666666667,forecast_icc,0.15590793281101345,1.2221052783989808,2026-08-20
CIB,98.65,4.0,23297726464.0,109046803.0,44394.484,Financial Services,Grupo Cibest S.A.,10.98182,0.044020936420374523,forecast_icc,0.09904148127287649,207.7918014238495,2026-08-20
CIEN,392.48,0.0,55556694016.0,141552922.0,20.426,Technology,Ciena Corporation,6.54556,0.4772166170656138,forecast_icc,0.08205606032444773,0.05204341323728343,2026-08-20
CIFR,17.21,0.0,7142678528.0,415030722.0,1.357,Technology,Cipher Digital Inc.,0.23,0.04,forecast_icc,0.01832855493099385,0.07884950828267207,2026-08-20
CIG,1.88,0.18,,,1.9552257,Utilities,Comp En De Mn Cemig,0.03,0.75,forecast_icc,0.1539521782405716,,2026-08-20
CIG-C,2.88,0.18,8238764544.0,956601779.0,1.9552257,Utilities,Comp En De Mn Cemig,0.31,0.01,trailing_eps_fallback_icc,0.08878259611848993,0.22702097783928613,2026-08-20
CIGI,106.7,0.3,5452777472.0,49778127.0,30.206,Real Estate,Colliers International Group In,7.50093,0.1353792129775908,forecast_icc,0.08849495735281573,0.2757490309998845,2026-08-20
CII,24.1,1.69,987703616.0,40983552.0,22.624,Financial Services,BlackRock Enhanced Large Cap Co,5.08,0.75,trailing_eps_fallback_icc,0.4,0.9387551745563316,2026-08-20
CIK,2.43,0.24,,,2.844,Financial Services,,0.14,0.01,trailing_eps_fallback_icc,0.05922853546726835,,2026-08-20
CIM,11.58,1.8,968620864.0,83646018.0,28.852,Real Estate,Chimera Investment Corporation,1.92333,0.08535716699682316,forecast_icc,0.21250305846339523,2.4915371958537533,2026-08-20
CINF,168.19,3.76,25813473280.0,153478045.0,108.677,Financial Services,Cincinnati Financial Corporatio,8.44114,0.06990524976484203,forecast_icc,0.06252443122253981,0.6461561106303398,2026-08-20
CINT,3.67,0.0,469718464.0,17378235.0,2.537,Technology,CI&T Inc,0.37251,0.19097473893318284,forecast_icc,0.12529879439465164,0.09386171839947088,2026-08-20
CION,7.3,1.2,359179744.0,49202704.0,13.572,Financial Services,CION Investment Corporation,1.13,0.013274336283185972,forecast_icc,0.16134814966921074,1.8591780573461292,2026-08-20
CIVB,27.54,0.72,572673344.0,20794238.0,27.257,Financial Services,"Civista Bancshares, Inc.",2.83667,0.024676821766367096,forecast_icc,0.08066594332410004,0.9897239868143749,2026-08-20
CIX,31.46,1.2,388111232.0,12336657.0,11.726,Industrials,CompX International Inc.,1.78,0.331,trailing_eps_fallback_icc,0.1538722746589677,0.3727272700574665,2026-08-20
CKX,10.6,0.0,21763168.0,2053129.0,10.532,Energy,"CKX Lands, Inc.",1.42,0.01,trailing_eps_fallback_icc,0.0780416632022306,0.9935848782677227,2026-08-20
CL,89.7,2.12,71506395136.0,797172829.0,0.296,Consumer Defensive,Colgate-Palmolive Company,3.87527,0.0600603312801431,forecast_icc,0.05443188744637861,0.003299888869173381,2026-08-20
CLAR,3.61,0.1,138220240.0,38288155.0,5.173,Consumer Cyclical,Clarus Corporation,0.06333,0.75,forecast_icc,0.16272862708208924,1.4329639842544044,2026-08-20
CLB,12.29,0.04,563921024.0,45884542.0,5.943,Energy,Core Laboratories Inc.,0.45667,0.5401274443252237,forecast_icc,0.14507388716966096,0.4835638706493766,2026-08-20
CLBK,11.76,0.2,1223724800.0,104058235.0,11.496,Financial Services,"Columbia Financial, Inc.",0.50061,0.2657358023211682,forecast_icc,0.10221599913522927,0.9775510552372559,2026-08-20
CLBT,11.31,0.0,2836389120.0,250785933.0,2.146,Technology,Cellebrite DI Ltd.,0.54866,0.19055517077971773,forecast_icc,0.08152464824813876,0.18974357517560916,2026-08-20
CLDT,13.4,0.4,656126400.0,46565614.0,15.502,Real Estate,Chatham Lodging Trust (REIT),0.08,0.75,trailing_eps_fallback_icc,0.08257616126597689,1.1001845806356825,2026-08-20
CLF,10.74,0.0,6127599616.0,570540047.0,9.822,Basic Materials,Cleveland-Cliffs Inc.,0.56516,0.04,forecast_icc,0.04911032900964807,0.9145252126136957,2026-08-20
CLFD,27.54,0.0,374102144.0,13583955.0,18.085,Technology,"Clearfield, Inc.",0.43,0.75,forecast_icc,0.12297515159984729,0.6566811500951997,2026-08-20
CLH,321.95,0.0,16994854912.0,52787248.0,55.472,Industrials,"Clean Harbors, Inc.",9.79275,0.014809935921983097,forecast_icc,0.028633668584089104,0.17230004234919355,2026-08-20
CLM,6.8,1.46,2122567296.0,312142253.0,6.734,Financial Services,Cornerstone Strategic Value Fd,1.09,0.238,trailing_eps_fallback_icc,0.2951225692556808,0.9902941290309977,2026-08-20
CLMB,28.28,0.68,527722912.0,18660639.0,6.797,Technology,"Climb Global Solutions, Inc.",1.40333,0.24466091368388043,forecast_icc,0.11011399775027908,0.2403465159439581,2026-08-20
CLMT,48.29,0.0,4244605696.0,87898234.0,-12.945,Basic Materials,"Calumet, Inc",0.67588,0.01,forecast_icc,0.015167987223697329,,2026-08-20
CLOV,4.1,0.0,2177740544.0,435441337.0,0.711,Healthcare,"Clover Health Investments, Corp",0.14,0.0714285714285714,forecast_icc,0.041844554695710745,0.14216514059032,2026-08-20
CLPR,3.23,0.38,137194128.0,16157566.0,-2.481,Real Estate,Clipper Realty Inc.,0.4,0.04,forecast_icc,0.1431784111481379,,2026-08-20
CLS,302.0,0.0,38085558272.0,126111117.0,21.562,Technology,"Celestica, Inc.",11.23785,0.7396236824659521,forecast_icc,0.18387682758867985,0.0713973492349494,2026-08-20
CLST,17.928,0.0,72317800.0,4033791.0,20.458,Financial Services,"Catalyst Bancorp, Inc.",0.56,0.01,trailing_eps_fallback_icc,0.028026818109201823,1.1411201153519603,2026-08-20
CLVT,2.07,0.0,1324104448.0,639664003.0,7.094,Technology,Clarivate Plc,0.714,0.013305322128851715,forecast_icc,0.14324696522875302,3.427053238991914,2026-08-20
CLX,106.04,5.0,12823524352.0,120931005.0,0.744,Consumer Defensive,Clorox Company (The),5.8096,0.08280088129991747,forecast_icc,0.08086319220059879,0.007016219975904484,2026-08-20
CM,115.69,3.03,105601916928.0,912800674.0,50.21125,Financial Services,Canadian Imperial Bank of Comme,10.30662,0.08428466364336695,forecast_icc,0.09602812111605663,0.4340154438070628,2026-08-20
CMBT,17.62,0.8,5112791552.0,290169769.0,10.136,Energy,CMB.TECH NV,2.23,0.01,forecast_icc,0.09040901268265322,0.5752553665978205,2026-08-20
CMC,65.28,0.8,,,40.94,Industrials,Commercial Metals Company,6.36408,0.15971357996756796,forecast_icc,0.11942889382374167,,2026-08-20
CMCL,24.91,0.56,481636832.0,19335079.0,15.202,Basic Materials,Caledonia Mining Corporation Pl,3.85,0.325974025974026,forecast_icc,0.21658481803991098,0.61027697931125,2026-08-20
CMCM,2.94,0.0,91253568.0,10224887.0,7.4608564,Communication Services,Cheetah Mobile Inc.,0.18,0.04,forecast_icc,0.054787346571099405,0.8359828035789987,2026-08-20
CMCO,17.33,0.28,500217344.0,28864244.0,19.749,Industrials,Columbus McKinnon Corporation,2.01308,0.31307250581198964,forecast_icc,0.1829838444599855,1.1395845457849616,2026-08-20
CMCSA,26.42,1.32,93754982400.0,3539192198.0,25.311,Communication Services,Comcast Corporation,3.51572,0.03029535912985115,forecast_icc,0.10678287879401804,0.9554744871199293,2026-08-20
CMDB,19.83,0.13,480698624.0,24240981.0,28.095,Industrials,Costamare Bulkers Holdings Limi,1.49,0.04,trailing_eps_fallback_icc,0.06523914124402375,1.4167928244267243,2026-08-20
CME,270.87,5.2,97399234560.0,359576125.0,73.816,Financial Services,CME Group Inc.,12.26548,0.05419274255879092,forecast_icc,0.05309631722450747,0.27251211329232033,2026-08-20
CMG,35.29,0.0,44656603136.0,1265418000.0,1.735,Consumer Cyclical,"Chipotle Mexican Grill, Inc.",1.14919,0.1913782751329196,forecast_icc,0.0632528444724848,0.049164067032006147,2026-08-20
CMI,593.24,8.8,81668071424.0,137664487.0,93.321,Industrials,Cummins Inc.,28.61046,0.1863783385517046,forecast_icc,0.087810862596999,0.1573073462776987,2026-08-20
CMP,24.62,0.0,1033569088.0,41980874.0,6.278,Basic Materials,Compass Minerals Intl Inc,0.89113,0.44136096865777175,forecast_icc,0.11899944640017895,0.2549959456333895,2026-08-20
CMPR,88.86,0.0,2163694336.0,24349476.0,-20.289,Industrials,Cimpress PLC,5.0,0.5349999999999999,forecast_icc,0.17151309522108138,,2026-08-20
CMRC,2.25,0.0,186432736.0,82858991.0,0.623,Technology,"Commerce.com, Inc. - Series 1",0.29732,0.04617920086102534,forecast_icc,0.09415226571256097,0.2768888796064228,2026-08-20
CMRE,15.18,0.5,1835149824.0,120892607.0,18.381,Industrials,Costamare Inc.,2.74,0.014598540145985162,forecast_icc,0.10947146285146539,1.2108695323979173,2026-08-20
CMS,69.83,2.28,21897093120.0,313577136.0,30.453,Utilities,CMS Energy Corporation,3.87168,0.07365019836350117,forecast_icc,0.0719153851597614,0.4361019277890343,2026-08-20
CMT,26.18,0.0,231667712.0,8849034.0,19.459,Basic Materials,Core Molding Technologies Inc,1.04,0.75,forecast_icc,0.19153909202220565,0.7432773048926214,2026-08-20
CMTV,41.21,1.0,230813168.0,5600902.0,21.581,Financial Services,Community Bancorp.,3.29,0.166,trailing_eps_fallback_icc,0.11531319066384571,0.5236835797080693,2026-08-20
CNA,49.48,1.92,13389333504.0,270600928.0,41.338,Financial Services,CNA Financial Corporation,4.3,0.11627906976744184,forecast_icc,0.11181979836668224,0.8354486919249718,2026-08-20
CNC,64.14,0.0,31684839424.0,493995000.0,45.673,Healthcare,Centene Corporation,4.88635,0.08721642944119834,forecast_icc,0.07815146886892899,0.7120829407741928,2026-08-20
CNF,2.25,0.0,37930984.0,6858216.0,77.416245,Financial Services,CNFinance Holdings Limited,0.01015196,0.04,forecast_icc,0.010000000000000002,13.997457332478378,2026-08-20
CNH,10.95,0.1,17609336832.0,1237725958.0,6.266,Industrials,CNH Industrial N.V.,0.45185,0.5189332743166981,forecast_icc,0.15419925673992074,0.44042492495994523,2026-08-20
CNI,128.23,2.6,77566320640.0,604900000.0,26.047682,Industrials,Canadian National Railway Compa,8.13546,0.10572481457717209,forecast_icc,0.08252501773908383,0.20313252854841096,2026-08-20
CNK,36.89,0.36,4275988224.0,115911855.0,4.321,Communication Services,Cinemark Holdings Inc Cinemark ,2.34778,0.13425022787484342,forecast_icc,0.08601940350599765,0.11713201702563902,2026-08-20
CNM,44.46,0.0,8604789760.0,187192831.0,10.859,Industrials,"Core & Main, Inc.",2.91,0.10898281786941566,forecast_icc,0.07661051824372336,0.2362320298955218,2026-08-20
CNMD,51.38,0.8,1538895104.0,29951248.0,34.728,Healthcare,CONMED Corporation,4.53604,0.054124302254830337,forecast_icc,0.08078021302164456,0.6759050294203809,2026-08-20
CNO,53.11,0.72,4913809920.0,92521371.0,27.958,Financial Services,"CNO Financial Group, Inc.",4.67,0.07665952890792282,forecast_icc,0.0874665656322916,0.5264168806957026,2026-08-20
CNOB,32.25,0.78,1622814592.0,50319832.0,30.187,Financial Services,"ConnectOne Bancorp, Inc.",3.278,0.11836485661989005,forecast_icc,0.11450229426854863,0.9360310019839901,2026-08-20
CNP,40.2,0.96,26480553984.0,658720288.0,17.793,Utilities,"CenterPoint Energy, Inc (Holdin",1.91192,0.09141595882672915,forecast_icc,0.06681416166608109,0.44261196693489835,2026-08-20
CNQ,51.03,1.78,105198346240.0,2061500000.0,16.272787,Energy,Canadian Natural Resources Limi,5.93426,0.01,forecast_icc,0.08206908618208109,0.3188866707463937,2026-08-20
CNR,93.77,0.4,4654391808.0,49636257.0,74.601,Energy,"Core Natural Resources, Inc.",4.99915,0.34605883000110005,forecast_icc,0.12608334055101927,0.7955742793488949,2026-08-20
CNS,80.79,2.68,4154345728.0,51421533.0,11.463,Financial Services,Cohen & Steers Inc,3.53333,0.12547370327707852,forecast_icc,0.07670394747166276,0.14188636944830604,2026-08-20
CNSY,3.0,0.0,22768876.0,7589625.0,0.72,Healthcare,"Cerenome, Inc.",2.93,0.04,trailing_eps_fallback_icc,0.2747933823853429,0.23999998945929524,2026-08-20
CNX,36.46,0.0,5394024448.0,147943637.0,32.501,Energy,CNX Resources Corporation,3.20112,0.21130104463437793,forecast_icc,0.12138970139083319,0.8914153416415883,2026-08-20
CNXC,25.2,1.44,1537662464.0,61018350.0,44.383,Technology,Concentrix Corporation,11.2,0.06160714285714297,forecast_icc,0.2218879400405528,1.7612301083328,2026-08-20
CNXN,77.88,0.8,1965543168.0,25238099.0,37.747,Technology,"PC Connection, Inc.",4.175,0.06946107784431144,forecast_icc,0.0608346572243702,0.4846815569674631,2026-08-20
COCO,65.17,0.0,3771006720.0,57864153.0,6.985,Consumer Defensive,"The Vita Coco Company, Inc.",2.03,0.15270935960591148,forecast_icc,0.05417748723206095,0.10718122207562654,2026-08-20
CODA,10.12,0.0,114161232.0,11280754.0,5.446,Industrials,"Coda Octopus Group, Inc.",0.475,0.2315789473684211,forecast_icc,0.08905511858306225,0.5381422853250216,2026-08-20
CODI,11.56,1.0,869727808.0,75235966.0,-0.07,Industrials,D/B/A Compass Diversified Holdi,0.036,0.75,forecast_icc,0.0516402326465486,,2026-08-20
COF,212.48,3.2,130353258496.0,613484836.0,167.859,Financial Services,Capital One Financial Corporati,20.39969,0.17836251433232553,forecast_icc,0.12574497171841192,0.7899990554458138,2026-08-20
COFS,33.24,1.16,497121504.0,14955520.0,32.285,Financial Services,"ChoiceOne Financial Services, I",3.66667,0.019999072728115852,forecast_icc,0.08506594483834962,0.9712695172405978,2026-08-20
COHN,11.31,1.0,36519652.0,3228970.0,23.954,Financial Services,Cohen & Company Inc.,1.9,0.01,forecast_icc,0.12574402017828634,2.1179486425555205,2026-08-20
COHR,290.03,0.0,56797224960.0,195832246.0,55.7,Technology,Coherent Corp.,9.40614,0.4829611296451042,forecast_icc,0.12055064520574732,0.19204910292504546,2026-08-20
COHU,54.11,0.0,2561482496.0,47338433.0,16.362,Technology,"Cohu, Inc.",0.95,0.75,forecast_icc,0.13052596113409848,0.30238404594040214,2026-08-20
COIN,172.35,0.0,45472296960.0,222803032.0,49.585,Financial Services,"Coinbase Global, Inc.",3.01793,0.04,forecast_icc,0.022564951971220257,0.24295426183194946,2026-08-20
COKE,187.6,1.0,12487461888.0,56517334.0,47.819,Consumer Defensive,"Coca-Cola Consolidated, Inc.",38.94,0.75,forecast_icc,0.37686104400956,0.21642527671240408,2026-08-20
COLA,10.7,0.0,48090496.0,4494439.0,-0.108,Financial Services,Columbus Acquisition Corp,0.11,0.01,trailing_eps_fallback_icc,0.011723691526893374,,2026-08-20
COLB,30.84,1.48,8724706304.0,282902268.0,26.703,Financial Services,"Columbia Banking System, Inc.",3.02916,0.0830263175269712,forecast_icc,0.11134134010929964,0.865855995512488,2026-08-20
COLL,27.54,0.0,853717760.0,30999193.0,9.598,Healthcare,"Collegium Pharmaceutical, Inc.",7.46575,0.01,forecast_icc,0.12194374584469381,0.34851126256761955,2026-08-20
COLM,59.44,1.2,3042923264.0,51193194.0,31.286,Consumer Cyclical,Columbia Sportswear Company,4.67302,0.01,forecast_icc,0.059257536784578124,0.5263459274285531,2026-08-20
COMP,11.92,0.0,9150323712.0,757522197.0,3.955,Real Estate,"Compass, Inc.",0.87267,0.01,forecast_icc,0.05104568471702704,0.32742014200065495,2026-08-20
CON,34.81,0.25,4438892544.0,127517736.0,3.741,Healthcare,Concentra Group Holdings Parent,1.64019,0.11587072229436846,forecast_icc,0.06595696490294156,0.10746911434493152,2026-08-20
COO,76.16,0.0,,,42.272,Healthcare,"The Cooper Companies, Inc.",4.6275,0.07968665586169621,forecast_icc,0.0654256808312991,,2026-08-20
COOK,53.94,0.0,150936192.0,2798224.0,59.786,Consumer Cyclical,"Traeger, Inc.",0.42833,0.04,forecast_icc,0.011964357792008128,1.108379758673122,2026-08-20
COP,134.89,3.36,162048409600.0,1201337479.0,54.397,Energy,ConocoPhillips,10.37103,0.01,forecast_icc,0.05974499924474286,0.4032693378877999,2026-08-20
COPL,10.5,0.0,249148112.0,17978393.0,-0.231,Financial Services,Copley Acquisition Corp,0.28,0.04,trailing_eps_fallback_icc,0.03057053312368046,,2026-08-20
COR,314.69,2.4,60051402752.0,190827165.0,15.988,Healthcare,"Cencora, Inc.",17.87269,0.10716741576114197,forecast_icc,0.07233566734069638,0.05080555281314205,2026-08-20
CORT,121.05,0.0,13085312000.0,108098397.0,6.54,Healthcare,Corcept Therapeutics Incorporat,2.15,0.75,forecast_icc,0.13128694818684206,0.054027257155198134,2026-08-20
CORZ,18.39,0.0,5909450752.0,321340441.0,-7.57,Technology,"Core Scientific, Inc.",0.14,0.04,forecast_icc,0.011542148185849394,,2026-08-20
COSM,0.2126,0.0,13197867.0,62078397.0,0.449,Healthcare,Cosmos Health Inc.,0.07,0.04,forecast_icc,0.15628015662185268,2.1119473512651705,2026-08-20
COSO,27.25,0.2,325758656.0,11954446.0,22.47,Financial Services,"CoastalSouth Bancshares, Inc.",2.315,0.10151187904967607,forecast_icc,0.09097188604681175,0.8245871496350967,2026-08-20
COST,933.51,5.88,413991927808.0,443478804.0,37.278,Consumer Defensive,Costco Wholesale Corporation,20.59016,0.102663116750914,forecast_icc,0.036834468772594,0.03993315266567025,2026-08-20
COTY,2.75,0.0,2421282816.0,880466438.0,3.513,Consumer Defensive,Coty Inc.,0.31998,0.17269829364335276,forecast_icc,0.1291831846388375,1.2774544866278024,2026-08-20
COUR,5.85,0.0,1675197952.0,286358632.0,4.251,Consumer Defensive,"Coursera, Inc.",0.63252,0.3013501549358124,forecast_icc,0.16245497125026642,0.7266666862735038,2026-08-20
CP,94.83,0.76,83363086336.0,879079224.0,38.031948,Industrials,Canadian Pacific Kansas City Li,5.17556,0.15675984820966238,forecast_icc,0.08322799593632635,0.40105395330847304,2026-08-20
CPA,128.29,6.84,5802065920.0,34288050.0,70.194,Industrials,"Copa Holdings, S.A.",16.77842,0.1555271592915186,forecast_icc,0.16110048154631385,0.41482041308830914,2026-08-20
CPAC,11.78,0.61,1008619712.0,84773690.0,4.575348,Basic Materials,Cementos Pacasmayo S.A.A.,0.98,0.01,forecast_icc,0.0722082301676254,0.38455438494753513,2026-08-20
CPAY,412.0,0.0,27051755520.0,65659599.0,53.947,Technology,"Corpay, Inc.",27.35905,0.14201882009792,forecast_icc,0.08599234341225748,0.13093931684523077,2026-08-20
CPB,23.77,1.56,,,13.517,Consumer Defensive,The Campbell's Company,2.16859,0.01,forecast_icc,0.08196951608079772,,2026-08-20
CPBI,20.9707,0.0,81534984.0,3888043.0,23.169,Financial Services,"Central Plains Bancshares, Inc.",1.18,0.5,trailing_eps_fallback_icc,0.16318477358769468,1.1048272023577022,2026-08-20
CPF,37.5,1.2,965528704.0,25747432.0,23.108,Financial Services,Central Pacific Financial Corp ,3.2725,0.09243697478991608,forecast_icc,0.10035654974424169,0.6162133307804798,2026-08-20
CPHC,15.6451,0.28,81094712.0,5183394.0,16.21,Consumer Cyclical,Canterbury Park Holding Corpora,0.02,0.04,trailing_eps_fallback_icc,0.010000000000000002,1.0361072216398033,2026-08-20
CPIX,7.5,0.0,112373304.0,14983107.0,1.164,Healthcare,Cumberland Pharmaceuticals Inc.,0.14,0.04,forecast_icc,0.023668744154177523,0.15519999792833358,2026-08-20
CPK,137.58,2.94,3316566272.0,24106455.0,69.421,Utilities,Chesapeake Utilities Corporatio,6.43,0.1394245723172629,forecast_icc,0.07764255308126311,0.5045863930666542,2026-08-20
CPNG,16.26,0.0,29227540480.0,1639708712.0,1.667,Consumer Cyclical,"Coupang, Inc.",0.26913,0.04,forecast_icc,0.021625486202935182,0.09352119193109745,2026-08-20
CPRI,13.77,0.0,1580742400.0,114796106.0,1.215,Consumer Cyclical,Capri Holdings Limited,2.126,0.1896801505174035,forecast_icc,0.15588800617044096,0.08823529298005799,2026-08-20
CPRT,34.33,0.0,31783108608.0,925811482.0,9.477,Industrials,"Copart, Inc.",1.58423,0.06230155974826879,forecast_icc,0.05003207359984441,0.27605592401699663,2026-08-20
CPS,27.49,0.0,488475520.0,17769208.0,-7.348,Consumer Cyclical,Cooper-Standard Holdings Inc.,2.71,0.6548228782287822,forecast_icc,0.2535273996052586,,2026-08-20
CPSH,3.82,0.0,73605472.0,19268448.0,1.736,Technology,CPS Technologies Corp.,0.01,0.75,forecast_icc,0.04112934917306654,0.4544502578286571,2026-08-20
CPSS,9.26,0.0,199596656.0,21554714.0,14.895,Financial Services,"Consumer Portfolio Services, In",1.45,0.35,forecast_icc,0.20979591520810426,1.6085312823577564,2026-08-20
CPT,107.92,4.24,10850206720.0,100539350.0,37.077,Real Estate,Camden Property Trust,2.29518,0.01,forecast_icc,0.02404354681803588,0.3435600423242443,2026-08-20
CQP,68.67,3.27,33240240128.0,484057704.0,7.628,Energy,"Cheniere Energy Partners, LP",4.85568,0.01,forecast_icc,0.06371470799548329,0.11108199435062757,2026-08-20
CR,206.5,1.02,11935773696.0,57800356.0,37.676,Industrials,Crane Company,6.98602,0.11707238169945122,forecast_icc,0.05216578109827663,0.182450360414072,2026-08-20
CRAI,174.38,2.28,1094558848.0,6276860.0,29.066,Industrials,"CRA International,Inc.",8.47,0.12908264462809926,forecast_icc,0.07297343375224527,0.16668195875750666,2026-08-20
CRAQ,10.35,0.0,403565152.0,23660000.0,-0.264,Financial Services,Cal Redwood Acquisition Corp.,0.3,0.541,trailing_eps_fallback_icc,0.12487573746389413,,2026-08-20
CRBG,31.81,1.0,14179899392.0,445768608.0,22.788,Financial Services,Corebridge Financial Inc.,4.52244,0.2732573566481813,forecast_icc,0.19716142728603658,0.716378498766714,2026-08-20
CRC,53.41,1.62,4743870464.0,88819893.0,38.302,Energy,California Resources Corporatio,3.5281,0.15817862305490227,forecast_icc,0.10531047451574083,0.7171316264857438,2026-08-20
CRCL,83.66,0.0,22805223424.0,234685190.0,13.883,Financial Services,"Circle Internet Group, Inc.",1.05988,0.3052704079707136,forecast_icc,0.045834788085167166,0.14286790496168392,2026-08-20
CRCT,5.4,0.2,1133452672.0,55019004.0,1.759,Technology,"Cricut, Inc.",0.35,0.01,forecast_icc,0.05670404881604067,0.08538373981264918,2026-08-20
CRD-A,12.98,0.32,617740736.0,28686832.0,3.841,Financial Services,Crawford & Company,1.05,0.07619047619047614,forecast_icc,0.0874521939119891,0.17836952509474785,2026-08-20
CRD-B,12.02,0.31,572052672.0,18904905.0,3.841,Financial Services,Crawford & Company,1.055,0.07109004739336489,forecast_icc,0.09045138351673321,0.12693540937607928,2026-08-20
CRDO,231.35,0.0,43141664768.0,186477898.0,11.129,Technology,Credo Technology Group Holding ,6.1512,0.4826879308102483,forecast_icc,0.10829006714898257,0.04810459999636702,2026-08-20
CRE,2.48,0.0,4994683.0,1638985.0,3.2560432,Industrials,Cre8 Enterprise Limited,0.35,0.04,trailing_eps_fallback_icc,0.09548387975447425,1.068457390419372,2026-08-20
CRESY,10.98,0.63,778758656.0,70925196.0,12.32864,Industrials,Cresud S.A.C.I.F. y A.,0.107,0.01,forecast_icc,0.012000897286075445,1.1228269524537267,2026-08-20
CREX,2.9,0.0,39226868.0,13526506.0,1.463,Technology,"Creative Realities, Inc.",0.21,0.04,forecast_icc,0.06165229830849317,0.5044827509043037,2026-08-20
CRF,6.51,1.41,1108416640.0,170263672.0,6.521,Financial Services,,1.02,0.268,trailing_eps_fallback_icc,0.30530779808251074,1.0016895858871264,2026-08-20
CRGY,13.81,0.48,5432897024.0,330403696.0,15.596,Energy,Crescent Energy Company,2.29209,0.01,forecast_icc,0.10181223011180285,0.9484766635650482,2026-08-20
CRH,93.09,1.56,61931331584.0,665284511.0,36.094,Basic Materials,CRH PLC,5.86696,0.13672157301225862,forecast_icc,0.0894416116416887,0.38773232426731347,2026-08-20
CRI,36.24,1.0,1330413312.0,36711185.0,27.983,Consumer Cyclical,"Carter's, Inc.",3.26081,0.1149223659152172,forecast_icc,0.10768306646197787,0.7721578554492095,2026-08-20
CRIS,1.61,0.0,3904375.0,2425078.0,6.357,Healthcare,"Curis, Inc.",3.65,0.04,trailing_eps_fallback_icc,0.4,3.9484477915159277,2026-08-20
CRK,13.82,0.0,4057835776.0,293620548.0,8.784,Energy,"Comstock Resources, Inc.",0.41713,0.75,forecast_icc,0.16929503989324723,0.6356006097847563,2026-08-20
CRL,291.45,0.0,14038484992.0,48167730.0,59.496,Healthcare,Charles River Laboratories Inte,11.31818,0.12084981861041277,forecast_icc,0.05641164934150318,0.20413792982028356,2026-08-20
CRM,205.43,1.76,,,41.801,Technology,"Salesforce, Inc.",14.13589,0.09749722161109053,forecast_icc,0.07928344013704447,,2026-08-20
CRMD,8.23,0.0,641481728.0,77944324.0,5.575,Healthcare,CorMedix Inc.,0.488,0.01,forecast_icc,0.04358169526682876,0.6773998187833029,2026-08-20
CRNC,7.95,0.0,359580512.0,45230257.0,3.681,Technology,Cerence Inc.,0.7325,0.07167235494880542,forecast_icc,0.08321635653515588,0.4630189080352608,2026-08-20
CRNT,2.115,0.0,193058288.0,91280512.0,1.89,Technology,Ceragon Networks Ltd.,0.104,0.7115384615384615,forecast_icc,0.20133390862705236,0.8936169975774362,2026-08-20
CRON,3.22,0.0,1186289408.0,368412864.0,2.883,Healthcare,Cronos Group Inc. Common Share,0.22075,0.01,forecast_icc,0.048619341697078766,0.8953416255335899,2026-08-20
CROX,123.09,0.0,5901559296.0,47945075.0,28.766,Consumer Cyclical,"Crocs, Inc.",13.95039,0.07165892853174705,forecast_icc,0.09466016126850951,0.233698918925511,2026-08-20
CRS,489.08,0.8,24238104576.0,49558566.0,44.905,Industrials,Carpenter Technology Corporatio,13.37656,0.18717816837811818,forecast_icc,0.05616300583649805,0.091815240719506,2026-08-20
CRSR,10.91,0.0,1180210560.0,108176959.0,6.146,Technology,"Corsair Gaming, Inc.",0.89898,0.01,forecast_icc,0.05565113272841893,0.56333641855738,2026-08-20
CRT,10.5,0.56,63000000.0,6000000.0,0.349,Energy,Cross Timbers Royalty Trust,0.53,0.01,trailing_eps_fallback_icc,0.051902249655125465,0.03323809523809523,2026-08-20
CRTO,17.485,0.0,856722368.0,48997559.0,23.224,Communication Services,Criteo S.A.,3.47975,0.06791292477907906,forecast_icc,0.1299796572767956,1.3282241163755866,2026-08-20
CRUS,116.9,0.0,5858742784.0,50117561.0,43.396,Technology,"Cirrus Logic, Inc.",8.4312,0.05562671980263767,forecast_icc,0.06630300614531412,0.37122327389001825,2026-08-20
CRVL,70.21,0.0,3546768384.0,50516571.0,8.081,Financial Services,CorVel Corp.,2.25,0.212,trailing_eps_fallback_icc,0.06650972266915833,0.11509756658837973,2026-08-20
CRWD,190.34,0.0,193815461888.0,1018259280.0,4.551,Technology,"CrowdStrike Holdings, Inc.",1.23314,0.2710965502700424,forecast_icc,0.026249905879784333,0.023909846707472197,2026-08-20
CSAI,5.37,0.0,4658324.0,867282.0,4.222,Technology,"Cloudastructure, Inc.",92.1,0.04,trailing_eps_fallback_icc,0.4,0.7860476437448319,2026-08-20
CSAN,2.54,0.0,2504672768.0,986091616.0,0.25755337,Energy,Cosan S.A.,0.24892752,0.04,forecast_icc,0.07564127621324312,0.10139896200186815,2026-08-20
CSBR,5.18,0.0,71968688.0,13893569.0,0.284,Healthcare,"Champions Oncology, Inc.",0.1,0.04,forecast_icc,0.024265207876400414,0.05482625438440672,2026-08-20
CSCO,109.59,1.68,431941812224.0,3941434665.0,12.734,Technology,"Cisco Systems, Inc.",5.155,0.07502812803103764,forecast_icc,0.05877122759847653,0.11619673669860404,2026-08-20
CSGP,32.26,0.0,13071674368.0,405197588.0,19.595,Real Estate,"CoStar Group, Inc.",1.35924,0.26930490568258736,forecast_icc,0.09153532943790588,0.607408547163405,2026-08-20
CSHR,5.4,0.63,711613120.0,131780209.0,7.278,Financial Services,CoinShares PLC,0.38,0.1578947368421053,forecast_icc,0.13417636889311668,1.3477777940659665,2026-08-20
CSL,357.55,5.0,14199787520.0,39714133.0,40.728,Industrials,Carlisle Companies Incorporated,21.22882,0.13452890928464245,forecast_icc,0.08446640540805483,0.1139085501487842,2026-08-20
CSR,54.16,3.08,958369408.0,16794151.0,40.509,Real Estate,D/B/A Centerspace,1.28,0.04,trailing_eps_fallback_icc,0.032501507712058786,0.7098664222585451,2026-08-20
CSTM,26.53,0.0,3595550720.0,135527728.0,9.194,Basic Materials,Constellium SE,3.6595,0.01,forecast_icc,0.0795792875900532,0.34655106498734084,2026-08-20
CSV,34.53,0.45,548415680.0,15882296.0,17.59,Consumer Cyclical,"Carriage Services, Inc.",3.38833,0.0713242216667207,forecast_icc,0.09139133220463222,0.5094121062329946,2026-08-20
CSW,322.62,1.2,5256604672.0,16293487.0,65.862,Industrials,"CSW Industrials, Inc.",12.58959,0.0853776810841338,forecast_icc,0.0503234000760161,0.20414729806677764,2026-08-20
CSWC,24.68,2.56,1572951936.0,63733867.0,16.607,Financial Services,Capital Southwest Corporation,2.23833,0.04274168688263136,forecast_icc,0.11185662281891429,0.6728929886825226,2026-08-20
CSX,50.97,0.56,94420647936.0,1852474917.0,7.602,Industrials,CSX Corporation,2.00572,0.1325160042279081,forecast_icc,0.06370445336752228,0.14914655456060183,2026-08-20
CTAS,203.52,2.08,81442512896.0,400169561.0,12.845,Industrials,Cintas Corporation,5.48569,0.11090856391812154,forecast_icc,0.04495843690876804,0.06311418727475754,2026-08-20
CTBI,76.22,2.6,1384761472.0,18167954.0,49.099,Financial Services,"Community Trust Bancorp, Inc.",6.38667,0.013568886446301498,forecast_icc,0.06824485649083276,0.6441747488523424,2026-08-20
CTEV,34.08,0.0,577569600.0,16947463.0,-17.393,Healthcare,Claritev Corporation,5.81,0.26161790017211706,forecast_icc,0.18858956813293426,,2026-08-20
CTGO,20.33,0.0,679849280.0,33440691.0,9.988,Basic Materials,Contango Silver & Gold Inc.,0.505,0.75,forecast_icc,0.1545992054055737,0.49129363159434397,2026-08-20
CTKB,4.66,0.0,605721984.0,129983253.0,2.477,Healthcare,"Cytek Biosciences, Inc.",0.07,0.04,forecast_icc,0.02007768034139812,0.5315450424216401,2026-08-20
CTM,0.6176,0.0,58536924.0,94781286.0,0.379,Technology,"Castellum, Inc.",0.01,0.04,forecast_icc,0.021266891348340172,0.6136657845909361,2026-08-20
CTO,21.98,1.52,823930304.0,37485454.0,17.692,Real Estate,"CTO Realty Growth, Inc.",0.705,0.01,forecast_icc,0.03408491084057219,0.8049135332786594,2026-08-20
CTOS,9.82,0.0,2234104320.0,227505535.0,3.587,Industrials,"Custom Truck One Source, Inc.",0.13,0.75,forecast_icc,0.11283700619934581,0.3652749545934364,2026-08-20
CTRE,39.76,1.56,9395017728.0,236293199.0,19.027,Real Estate,"CareTrust REIT, Inc.",1.815,0.01,forecast_icc,0.04501686730410581,0.4785462707509007,2026-08-20
CTRI,21.78,0.0,2198975488.0,100963053.0,8.607,Utilities,"Centuri Holdings, Inc.",0.709,0.3319746121297604,forecast_icc,0.09059165307711792,0.39517902855813913,2026-08-20
CTRM,2.27,0.0,21933544.0,9662354.0,58.514,Industrials,Castor Maritime Inc.,3.37,0.04,trailing_eps_fallback_icc,0.33776409256805817,25.777092017414056,2026-08-20
CTRN,70.15,0.0,584338880.0,8329848.0,15.405,Consumer Cyclical,"Citi Trends, Inc.",1.6,0.5031249999999998,forecast_icc,0.10312612816967792,0.21960083922534815,2026-08-20
CTS,57.78,0.16,1649976960.0,28556195.0,20.052,Technology,CTS Corporation,2.72,0.09558823529411753,forecast_icc,0.059502713868843427,0.347040495729104,2026-08-20
CTSH,60.92,1.32,27441061888.0,450444209.0,31.996,Technology,Cognizant Technology Solutions ,5.73621,0.10074247630404054,forecast_icc,0.10274634426849094,0.525213381682819,2026-08-20
CTVA,79.46,0.72,53015396352.0,667196000.0,37.719,Basic Materials,"Corteva, Inc.",3.76397,0.01,forecast_icc,0.038783934685269694,0.4746916491373287,2026-08-20
CTW,2.61,0.0,162864000.0,50400000.0,0.599,Communication Services,CTW,0.09,0.6666666666666667,forecast_icc,0.1625189333611573,0.18536693191865605,2026-08-20
CUB,10.85,0.0,283866752.0,21496164.0,-0.32,Financial Services,Lionheart Holdings,0.06,0.01,trailing_eps_fallback_icc,0.010000000000000002,,2026-08-20
CUBE,41.18,2.12,9321379840.0,225162253.0,11.437,Real Estate,CubeSmart,1.5167,0.018672117096327545,forecast_icc,0.04107186744676128,0.2762660391233451,2026-08-20
CUBI,79.57,0.0,2687285760.0,33772598.0,65.31,Financial Services,"Customers Bancorp, Inc",8.41838,0.13960049320653134,forecast_icc,0.11251420908779808,0.8207866867794514,2026-08-20
CULP,3.29,0.0,41848544.0,12719922.0,3.802,Consumer Cyclical,"Culp, Inc.",0.34,0.75,forecast_icc,0.28461519724905704,1.1556230831830134,2026-08-20
CURB,29.47,0.68,3390170368.0,115038025.0,18.294,Real Estate,Curbline Properties Corp.,0.195,0.01,forecast_icc,0.010000000000000002,0.6207669234604083,2026-08-20
CURI,2.94,0.34,174453808.0,59338028.0,0.615,Communication Services,CuriosityStream Inc.,0.2,0.5499999999999998,forecast_icc,0.27136130232305955,0.20918366665862634,2026-08-20
CURV,2.09,0.0,207997600.0,99520381.0,-2.13,Consumer Cyclical,Torrid Holdings Inc.,0.03714,0.01,forecast_icc,0.018369559792191105,,2026-08-20
CUVL,7.8,0.03,393337600.0,50427898.0,3.5149589,Healthcare,Clinuvel Pharmaceuticals Limited American Depositary Shares,0.46,0.01,trailing_eps_fallback_icc,0.044274406859907356,0.45063576145121187,2026-08-20
CUZ,29.58,1.28,4868929024.0,164602058.0,27.239,Real Estate,Cousins Properties Incorporated,0.13972,0.75,forecast_icc,0.07013616015873236,0.9208586602436373,2026-08-20
CVBF,22.52,0.8,3963462400.0,175997435.0,17.984,Financial Services,CVB Financial Corporation,1.74,0.14559195402298863,forecast_icc,0.11314448386677423,0.7985790078492987,2026-08-20
CVCO,578.86,0.0,4451087360.0,7689402.0,144.032,Consumer Cyclical,"Cavco Industries, Inc.",22.5993,0.2755386228776997,forecast_icc,0.08877746794188479,0.24882008805686529,2026-08-20
CVE,32.48,0.62,59901075456.0,1844245000.0,13.364229,Energy,Cenovus Energy Inc,3.24483,0.01,forecast_icc,0.06939513009550391,0.41146026719018175,2026-08-20
CVEO,34.61,1.0,357758688.0,10336859.0,14.495,Consumer Cyclical,Civeo Corporation (Canada),0.26,0.04,forecast_icc,0.0121141890398474,0.4188095949328839,2026-08-20
CVGI,3.12,0.0,126773960.0,40632682.0,3.887,Consumer Cyclical,"Commercial Vehicle Group, Inc.",0.15333,0.04,forecast_icc,0.04670093259448549,1.2458334103785984,2026-08-20
CVI,35.83,0.4,3602011648.0,100530599.0,5.222,Energy,CVR Energy Inc.,0.11654,0.75,forecast_icc,0.053367865745071644,0.14574377855482162,2026-08-20
CVLG,34.73,0.28,881370240.0,20677778.0,16.29,Industrials,"Covenant Logistics Group, Inc.",1.718,0.5890570430733411,forecast_icc,0.18327527347529882,0.3821787806450102,2026-08-20
CVLT,131.63,0.0,5455348224.0,41444564.0,1.256,Technology,"Commvault Systems, Inc.",5.45353,0.1283205556767819,forecast_icc,0.060584432716499104,0.00954189728072618,2026-08-20
CVNA,71.52,0.0,106426925056.0,718978000.0,5.602,Consumer Cyclical,Carvana Co.,1.5432,0.45128304821150866,forecast_icc,0.09087245373718733,0.03784488515364591,2026-08-20
CVS,93.65,2.66,119775576064.0,1278970369.0,62.365,Healthcare,CVS Health Corporation,7.94891,0.07017817537247262,forecast_icc,0.08946352380357292,0.665936993866471,2026-08-20
CVSA,128.04,0.0,4358330368.0,34038820.0,42.494,Consumer Defensive,Covista Inc.,9.045,0.10613598673300184,forecast_icc,0.0796487766063615,0.33188067331934756,2026-08-20
CVU,5.44,0.0,72078552.0,13249734.0,2.125,Industrials,"CPI Aerostructures, Inc.",0.29,0.04,trailing_eps_fallback_icc,0.049577971886677286,0.39062500520265725,2026-08-20
CVX,205.77,7.12,403639140352.0,1961603274.0,96.8,Energy,Chevron Corporation,15.89259,0.01,forecast_icc,0.06296849201627086,0.47042810753587794,2026-08-20
CW,648.28,1.04,23943862272.0,36934444.0,75.001,Industrials,Curtiss-Wright Corporation,15.29155,0.12021475913167712,forecast_icc,0.03972851185888371,0.11569228902905043,2026-08-20
CWBC,26.02,0.48,705950656.0,27131078.0,22.403,Financial Services,Community West Bancshares,2.36,0.28050847457627115,forecast_icc,0.15530160388827652,0.8609915371110584,2026-08-20
CWCO,29.49,0.56,472219392.0,16012865.0,14.101,Utilities,Consolidated Water Co. Ltd.,0.89,0.5280898876404496,forecast_icc,0.14725395201867897,0.47816208565403434,2026-08-20
CWEN,32.64,1.86,8050199040.0,121174960.0,15.276,Utilities,"Clearway Energy, Inc.",0.77,0.75,forecast_icc,0.19273871288862676,0.229940735597017,2026-08-20
CWH,6.49,0.5,670383936.0,63827952.0,3.849,Consumer Cyclical,"Camping World Holdings, Inc.",0.34902,0.75,forecast_icc,0.3012432750838415,0.36646729441917897,2026-08-20
CWK,14.7,0.0,3450291456.0,234713708.0,8.621,Real Estate,Cushman & Wakefield Ltd.,1.4726,0.17052152655167752,forecast_icc,0.11834173854077445,0.5864625938047131,2026-08-20
CWST,93.05,0.0,5921706496.0,62651846.0,24.828,Industrials,"Casella Waste Systems, Inc.",1.25771,0.16655667840758204,forecast_icc,0.031801689394155355,0.262681041949432,2026-08-20
CX,10.6,0.1,,,8.59,Basic Materials,"Cemex, S.A.B. de C.V. Sponsored",0.8275,0.1117824773413898,forecast_icc,0.09033380943739322,,2026-08-20
CXDO,6.29,0.0,209166336.0,33253790.0,2.349,Communication Services,"Crexendo, Inc.",0.41167,0.06072825321252462,forecast_icc,0.06350520021676143,0.3734499260435485,2026-08-20
CXM,7.2,0.0,,,2.088,Technology,"Sprinklr, Inc.",0.49023,0.1097444056871264,forecast_icc,0.07877120229949941,,2026-08-20
CXT,49.46,0.72,2846982144.0,57561304.0,22.001,Industrials,"Crane NXT, Co.",4.30136,0.092538173972883,forecast_icc,0.09244931367669562,0.4448240927583423,2026-08-20
CXW,33.51,0.0,3313920512.0,98893489.0,14.546,Industrials,"CoreCivic, Inc.",1.68667,0.34980168023383373,forecast_icc,0.12004000429828265,0.4340794191607937,2026-08-20
CYCU,0.6868,0.0,17747142.0,25840335.0,5.518,Technology,"Cycurion, Inc.",2.25,0.04,trailing_eps_fallback_icc,0.4,8.034362295067004,2026-08-20
CYD,38.71,0.87,,,37.944622,Consumer Cyclical,China Yuchai International Limi,22.98817,0.16773279473746716,forecast_icc,0.29564479129159527,,2026-08-20
CYH,2.98,0.0,420207904.0,141009357.0,-10.256,Healthcare,"Community Health Systems, Inc.",1.85,0.01,trailing_eps_fallback_icc,0.19562601133470137,,2026-08-20
CYPH,1.19,0.0,128239624.0,107764382.0,1.293,Financial Services,Cypherpunk Technologies Inc.,0.64,0.04,trailing_eps_fallback_icc,0.20300334168009104,1.0865545420345275,2026-08-20
CZFS,80.43,2.04,386856640.0,4809855.0,73.365,Financial Services,"Citizens Financial Services, In",8.72,0.010321100917431103,forecast_icc,0.07549588045755129,0.9121596363836485,2026-08-20
CZNC,25.7,1.12,460926112.0,17934867.0,19.292,Financial Services,Citizens & Northern Corp,2.17,0.26728110599078336,forecast_icc,0.16444019300697954,0.7506614295785439,2026-08-20
CZR,29.64,0.0,6038271488.0,203720372.0,16.544,Consumer Cyclical,"Caesars Entertainment, Inc.",0.72333,0.04,forecast_icc,0.028734740248334334,0.5581646736265463,2026-08-20
CZWI,20.895,0.32,201641584.0,9650231.0,12.616,Financial Services,"Citizens Community Bancorp, Inc",1.43,0.5174825174825175,forecast_icc,0.1989867285547654,0.6037807870820932,2026-08-20
D,67.47,2.67,59341615104.0,879525949.0,31.74,Utilities,"Dominion Energy, Inc.",3.58692,0.06377058869447882,forecast_icc,0.06987591718068631,0.4704313081525527,2026-08-20
DAAQ,10.4,0.0,239199984.0,17250000.0,-0.28,Financial Services,Digital Asset Acquisition Corp.,0.26,0.01,trailing_eps_fallback_icc,0.02384555953729301,,2026-08-20
DAC,148.7,3.6,,,222.858,Industrials,Danaos Corporation,27.6,0.01,forecast_icc,0.10479513958725029,,2026-08-20
DAIO,2.97,0.0,30875012.0,10395627.0,1.114,Technology,Data I/O Corporation,0.15,0.04,forecast_icc,0.04765214775145521,0.37508417739238453,2026-08-20
DAKT,19.19,0.0,926988800.0,48305826.0,6.234,Technology,"Daktronics, Inc.",1.175,0.24255319148936172,forecast_icc,0.10676081805992588,0.32485669652535176,2026-08-20
DAL,81.06,0.78,,,33.353,Industrials,"Delta Air Lines, Inc.",6.61049,0.3215147439902337,forecast_icc,0.1532160989099839,,2026-08-20
DAN,30.75,0.48,3307982848.0,107576679.0,17.848,Consumer Cyclical,Dana Incorporated,1.9212,0.75,forecast_icc,0.254415609172839,0.5804227697108059,2026-08-20
DAO,16.86,0.0,2033900032.0,32646271.0,-2.4198215,Consumer Defensive,"Youdao, Inc.",1.84593,0.5497662424902352,forecast_icc,0.2350055398554517,,2026-08-20
DAR,67.84,0.0,10705348608.0,157802916.0,33.242,Consumer Defensive,Darling Ingredients Inc.,6.41998,0.01,forecast_icc,0.06144642074295435,0.4900059517680678,2026-08-20
DASH,222.36,0.0,96886415360.0,411336610.0,22.899,Consumer Cyclical,"DoorDash, Inc.",2.57791,0.7333615215426448,forecast_icc,0.10257812679767261,0.09721896508804845,2026-08-20
DAVA,3.07,0.0,162227136.0,39397924.0,4.473582,Technology,Endava plc,0.46407,0.37196974594349985,forecast_icc,0.2134344055100389,1.0864387302243197,2026-08-20
DAVE,335.01,0.0,4273222400.0,11441425.0,16.298,Technology,Dave Inc.,17.3259,0.26874159495322014,forecast_icc,0.10296986688602094,0.04363740690163938,2026-08-20
DB,37.56,1.16,70575243264.0,1879000000.0,48.55041,Financial Services,Deutsche Bank AG,3.82958,0.24868523441212864,forecast_icc,0.16233236091100134,1.292609365138865,2026-08-20
DBD,67.81,0.0,2301917952.0,33946588.0,28.502,Technology,Diebold Nixdorf Incorporated,5.37333,0.3064524233575827,forecast_icc,0.14025536999915045,0.4203215194248592,2026-08-20
DBI,5.74,0.2,291460416.0,43044346.0,5.535,Consumer Cyclical,Designer Brands Inc.,0.38895,0.4977760637614088,forecast_icc,0.21378993820773473,0.8174367496614018,2026-08-20
DBL,14.09,1.32,,,,Financial Services,,0.67,0.04,trailing_eps_fallback_icc,0.06067166339144668,,2026-08-20
DBRG,15.91,0.04,2941449728.0,184730983.0,8.308,Financial Services,"DigitalBridge Group, Inc.",0.66284,0.2382626274817452,forecast_icc,0.08567095496316901,0.5217648264237137,2026-08-20
DBX,34.0,0.0,7393049088.0,142295014.0,-9.96,Technology,"Dropbox, Inc.",3.0466,0.07755202520842897,forecast_icc,0.08360347360179357,,2026-08-20
DCBO,23.49,0.0,584575360.0,24886137.0,-0.012,Technology,Docebo Inc.,1.7425,0.19225251076040184,forecast_icc,0.10548559291558168,,2026-08-20
DCGO,0.4304,0.0,42578772.0,98928369.0,1.204,Healthcare,DocGo Inc.,0.040833,0.04,forecast_icc,0.07403683318796606,2.7973976392743314,2026-08-20
DCH,6.36,0.0,1511165312.0,237604602.0,6.357,Consumer Cyclical,Dauch Corporation,0.96819,0.17669052561997134,forecast_icc,0.1503717864011192,0.9995282732601528,2026-08-20
DCI,92.44,1.24,,,14.627,Industrials,"Donaldson Company, Inc.",3.95667,0.11330992981471799,forecast_icc,0.06373137023325948,,2026-08-20
DCO,189.08,0.0,2855066368.0,15099779.0,45.727,Industrials,Ducommun Incorporated,4.3803,0.2242745930644019,forecast_icc,0.05544386896026443,0.24183941994198851,2026-08-20
DCOM,40.3,1.0,1779510784.0,44156595.0,31.792,Financial Services,"Dime Commercial Bancshares, Inc",3.38,0.28816568047337277,forecast_icc,0.15655647057307187,0.7888833722515952,2026-08-20
DCOY,3.28,0.0,2149006.0,655185.0,11.07,Healthcare,Decoy Therapeutics Inc.,115.98,0.04,trailing_eps_fallback_icc,0.4,3.375001256394817,2026-08-20
DCTH,16.75,0.0,581204864.0,34698795.0,3.498,Healthcare,"Delcath Systems, Inc.",0.045,0.01,forecast_icc,0.010000000000000002,0.20883580373821511,2026-08-20
DCX,0.9724,0.0,341873664.0,351577182.0,7.717,Consumer Cyclical,Digital Currency X Technology I,362.74,0.04,trailing_eps_fallback_icc,0.4,7.936034269940138,2026-08-20
DD,138.46,2.4,18698051584.0,135042975.0,101.963,Basic Materials,"DuPont de Nemours, Inc.",7.26216,0.09674945195368867,forecast_icc,0.06983811684640118,0.7364075769107151,2026-08-20
DDI,12.76,0.0,632301888.0,49553440.0,20.406,Communication Services,"DoubleDown Interactive Co., Ltd",2.5875,0.01,forecast_icc,0.10205658982952148,1.5992163171273024,2026-08-20
DDL,2.36,0.0,516030784.0,182294586.0,0.8064949,Consumer Defensive,Dingdong (Cayman) Limited,2.185,0.17848970251716256,forecast_icc,0.35284106645547386,0.28490481278460206,2026-08-20
DDOG,232.55,0.0,83502891008.0,334904614.0,12.166,Technology,"Datadog, Inc.",2.52724,0.17458967094537914,forecast_icc,0.028060884425311634,0.04879411341020094,2026-08-20
DDS,597.94,1.2,,,135.942,Consumer Cyclical,"Dillard's, Inc.",35.99,0.01,forecast_icc,0.04453729158564902,,2026-08-20
DE,620.94,6.48,167614955520.0,269937425.0,101.527,Industrials,Deere & Company,17.94592,0.25040677769654596,forecast_icc,0.07511529258615346,0.16350532005304796,2026-08-20
DEA,24.78,1.8,1214363904.0,47321617.0,27.836,Real Estate,"Easterly Government Properties,",0.23,0.326086956521739,forecast_icc,0.04403888719200301,1.084719766845112,2026-08-20
DEC,14.71,1.16,1016293184.0,69088589.0,13.317,Energy,Diversified Energy Company,2.69867,0.2158767096384515,forecast_icc,0.22927436000286006,0.9053024798334179,2026-08-20
DECK,88.86,0.0,12101120000.0,136181857.0,16.834,Consumer Cyclical,Deckers Outdoor Corporation,7.5284,0.11531666755220216,forecast_icc,0.09190558495837997,0.18944406639534192,2026-08-20
DEFT,0.5149,0.0,199829216.0,388093225.0,0.394,Financial Services,"Defi Technologies, Inc.",0.019784326,0.04,forecast_icc,0.03898854716420075,0.7651970703322982,2026-08-20
DELL,434.78,2.52,280929796096.0,325046693.0,-2.163,Technology,Dell Technologies Inc.,18.68112,0.07896368097844242,forecast_icc,0.05306479814533904,,2026-08-20
DEO,93.85,2.0,52171210752.0,555899946.0,1.084914,Consumer Defensive,Diageo plc,6.7137,0.02895422792201008,forecast_icc,0.06386948872708584,0.011560085060734837,2026-08-20
DFH,14.69,0.0,1332733696.0,32997726.0,15.749,Consumer Cyclical,"Dream Finders Homes, Inc.",1.13,0.0486725663716816,forecast_icc,0.06706891676161345,0.3899362553327383,2026-08-20
DFIN,48.52,0.0,1192882816.0,24585383.0,15.684,Technology,"Donnelley Financial Solutions, ",4.82,0.13278008298755184,forecast_icc,0.10645991661525234,0.32324813619580217,2026-08-20
DFP,20.79,1.54,426987872.0,20538137.0,,Financial Services,Flaherty & Crumrine Dynamic Pre,2.18,0.04,trailing_eps_fallback_icc,0.10938710883336833,,2026-08-20
DG,120.58,2.36,26598336512.0,220586647.0,40.09,Consumer Defensive,Dollar General Corporation,7.38431,0.08780915210764428,forecast_icc,0.07529293219288008,0.3324763815301113,2026-08-20
DGICA,18.67,0.77,693016960.0,31542507.0,17.942,Financial Services,"Donegal Group, Inc.",1.8,0.04166666666666674,forecast_icc,0.09054301266723319,0.8166259893466388,2026-08-20
DGICB,23.3,0.7,864879168.0,5576775.0,17.942,Financial Services,"Donegal Group, Inc.",1.92,0.303,trailing_eps_fallback_icc,0.16384412459307962,0.11569072392087029,2026-08-20
DGII,73.61,0.0,2793361408.0,37948123.0,18.059,Technology,Digi International Inc.,2.692,0.16344725111441294,forecast_icc,0.06265881713190835,0.2453335079715543,2026-08-20
DGX,241.3,3.44,26633093120.0,110373360.0,68.327,Healthcare,Quest Diagnostics Incorporated,11.19176,0.07737388936145884,forecast_icc,0.05844261127149475,0.283162024581244,2026-08-20
DH,0.7275,0.0,77656784.0,106744713.0,1.359,Healthcare,Definitive Healthcare Corp.,0.19629,0.01,forecast_icc,0.12159940133496783,1.8680411098018173,2026-08-20
DHF,2.36,0.21,171658224.0,72736534.0,2.669,Financial Services,Dreyfus High Yield Strategies F,0.17,0.04,trailing_eps_fallback_icc,0.08931595642789436,1.130932178617903,2026-08-20
DHI,147.33,1.8,41208389632.0,279701267.0,84.848,Consumer Cyclical,"D.R. Horton, Inc.",10.43512,0.12018165579312945,forecast_icc,0.08879133111961934,0.5759044047668163,2026-08-20
DHR,215.91,1.6,151781720064.0,702986054.0,74.806,Healthcare,Danaher Corporation,8.5096,0.09256486791388552,forecast_icc,0.05346790090853583,0.346468433309031,2026-08-20
DHT,19.8,4.88,3192464128.0,161235573.0,8.246,Energy,"DHT Holdings, Inc.",3.64516,0.01,forecast_icc,0.18834312391629748,0.41646467482500094,2026-08-20
DHX,4.11,0.0,177545872.0,43198507.0,2.745,Technology,"DHI Group, Inc.",0.285,0.01,forecast_icc,0.0490343772901444,0.6678831807196284,2026-08-20
DHY,1.73,0.19,,,2.037,Financial Services,,0.1,0.04,trailing_eps_fallback_icc,0.07281189676083388,,2026-08-20
DIN,34.38,1.08,435221600.0,12659150.0,-23.044,Consumer Cyclical,"Dine Brands Global, Inc. Common",4.26755,0.087820880833265,forecast_icc,0.11933652903019965,,2026-08-20
DINO,92.72,2.1,16484119552.0,177783849.0,57.851,Energy,HF Sinclair Corporation,13.48029,0.01,forecast_icc,0.08974253532852272,0.6239322285945892,2026-08-20
DIOD,90.74,0.0,4178731520.0,46051705.0,42.563,Technology,Diodes Incorporated,3.225,0.75,forecast_icc,0.18230692132923065,0.4690654832773272,2026-08-20
DIS,107.32,1.5,185308037120.0,1726686902.0,63.602,Communication Services,Walt Disney Company (The),6.87889,0.08007541914465843,forecast_icc,0.07296281292080284,0.5926388409688207,2026-08-20
DIT,67.0,0.48,,,118.322,Consumer Defensive,AMCON Distributing Company,1.93,0.75,trailing_eps_fallback_icc,0.1772784113266458,,2026-08-20
DK,64.04,1.02,3921308672.0,61232174.0,3.047,Energy,"Delek US Holdings, Inc.",11.49416,0.01,forecast_icc,0.09977510862849825,0.04757963470466627,2026-08-20
DKL,53.71,4.51,3104292864.0,57797301.0,-1.303,Energy,"Delek Logistics Partners, L.P.",3.48905,0.24858055917799948,forecast_icc,0.1585562002891555,,2026-08-20
DKNG,25.03,0.0,12426245120.0,496454048.0,1.148,Consumer Cyclical,DraftKings Inc.,0.88872,0.75,forecast_icc,0.18222674279134476,0.045864960943567804,2026-08-20
DKS,179.34,5.0,16051384320.0,65931904.0,63.266,Consumer Cyclical,Dick's Sporting Goods Inc,14.29242,0.14364747187670113,forecast_icc,0.11013923533851366,0.25986841728452237,2026-08-20
DLB,64.19,1.44,6012599808.0,59416894.0,27.589,Industrials,Dolby Laboratories,4.32667,0.062403649920146353,forecast_icc,0.07310624888781148,0.27263625401858776,2026-08-20
DLNG,3.84,0.2,139706928.0,36382011.0,11.366,Energy,Dynagas LNG Partners LP,1.09,0.295,forecast_icc,0.2857769399248319,2.959895711299299,2026-08-20
DLO,14.34,0.19,4219819264.0,178035757.0,1.876,Technology,DLocal Limited,0.86,0.31488372093023265,forecast_icc,0.13266461355080683,0.07914914341980689,2026-08-20
DLPN,1.1299,0.0,14717570.0,13025551.0,0.584,Communication Services,"Dolphin Entertainment, Inc.",0.36,0.04,forecast_icc,0.15348481851828855,0.5168599017364959,2026-08-20
DLR,194.3,4.88,73193037824.0,370036176.0,72.168,Real Estate,"Digital Realty Trust, Inc.",3.35176,0.01,forecast_icc,0.02003718095575366,0.3648539744146472,2026-08-20
DLTR,128.45,0.0,24684826624.0,192174588.0,18.134,Consumer Defensive,"Dollar Tree, Inc.",7.01655,0.10080452644105731,forecast_icc,0.06609423813495241,0.1411755501415508,2026-08-20
DLX,23.9,0.96,1095965312.0,45856290.0,15.448,Industrials,Deluxe Corporation,3.78,0.08024603174603184,forecast_icc,0.1364527685978384,0.646359843841481,2026-08-20
DLY,13.85,1.4,672265920.0,48539058.0,,Financial Services,DoubleLine Yield Opportunities ,0.58,0.04,trailing_eps_fallback_icc,0.05384588604599794,,2026-08-20
DMAA,10.725,0.0,260369888.0,24276913.0,-0.215,Financial Services,Drugs Made In America Acquisiti,0.18,0.188,trailing_eps_fallback_icc,0.039241297576449355,,2026-08-20
DMB,10.55,0.6,194183008.0,18405972.0,11.958,Financial Services,Dreyfus Municipal Bond Infrastr,0.31,0.75,trailing_eps_fallback_icc,0.21774125546720413,1.1334596957937741,2026-08-20
DMC,31.47,1.2,1483691392.0,47146218.0,42.578,Consumer Defensive,Del Monte Corporation,2.25,0.3999999999999999,forecast_icc,0.19100332167588963,1.3529711642379065,2026-08-20
DMII,10.14,0.0,645918016.0,63700000.0,-0.279,Financial Services,Drugs Made In America Acquisiti,0.29,0.04,trailing_eps_fallback_icc,0.03207623887277747,,2026-08-20
DMLP,28.61,3.19,1404505216.0,49091408.0,6.425,Energy,"Dorchester Minerals, L.P.",1.75,0.75,trailing_eps_fallback_icc,0.3223609561638242,0.22457182273647033,2026-08-20
DMO,10.47,1.44,119642032.0,11427128.0,11.682,Financial Services,Western Asset Mortgage Defined ,1.2,0.01,trailing_eps_fallback_icc,0.11758147615943451,1.1157592951614195,2026-08-20
DNOW,15.54,0.0,2809412608.0,180785891.0,11.569,Industrials,DNOW Inc.,0.346,0.75,forecast_icc,0.1467217456300513,0.7444659310715958,2026-08-20
DNP,11.0,0.78,4166828800.0,378802615.0,10.356,Financial Services,"DNP Select Income Fund, Inc.",1.86,0.75,trailing_eps_fallback_icc,0.4,0.941454537546635,2026-08-20
DNUT,3.54,0.14,614190016.0,173500000.0,3.578,Consumer Defensive,"Krispy Kreme, Inc.",0.06616,0.04,forecast_icc,0.026785698870159302,1.0107344369466273,2026-08-20
DOC,21.2,1.22,15029682176.0,689527260.0,11.257,Real Estate,"Healthpeak Properties, Inc.",0.405,0.01,forecast_icc,0.021907585881357515,0.5164452764154046,2026-08-20
DOCN,114.35,0.0,13445221376.0,117579550.0,8.864,Technology,"DigitalOcean Holdings, Inc.",1.45301,0.2744165559769032,forecast_icc,0.042008819972284006,0.07751639798660315,2026-08-20
DOCS,25.94,0.0,4623700992.0,127349369.0,5.094,Healthcare,"Doximity, Inc.",1.35782,0.14234581903345056,forecast_icc,0.07411611068175106,0.14030268973024457,2026-08-20
DOCU,62.28,0.0,11892030464.0,190944608.0,9.426,Technology,"DocuSign, Inc.",4.52524,0.12629827368272184,forecast_icc,0.08660131964905285,0.1513487440564969,2026-08-20
DOLE,13.37,0.34,1262914304.0,94458807.0,14.069,Consumer Defensive,Dole plc,1.32381,0.11968484903422705,forecast_icc,0.11395597853310713,1.0522811812914585,2026-08-20
DOMO,3.77,0.0,177326320.0,43772502.0,-4.126,Technology,"Domo, Inc.",0.062,0.7419354838709677,forecast_icc,0.12491940457599573,,2026-08-20
DOO,66.79,0.7,4898808320.0,38527229.0,6.821885,Consumer Cyclical,BRP Inc.,3.29136,0.5003797822176852,forecast_icc,0.16394349846599743,0.05365148183766149,2026-08-20
DORM,131.37,0.0,3898485760.0,29675618.0,51.07,Consumer Cyclical,"Dorman Products, Inc.",8.665,0.07184073860357776,forecast_icc,0.06695955898199513,0.38874935155848817,2026-08-20
DOUG,1.93,0.0,175418608.0,90890473.0,1.837,Real Estate,Douglas Elliman Inc.,0.09,0.04,forecast_icc,0.0449152241079627,0.9518134980355105,2026-08-20
DOV,199.88,2.1,26919884800.0,134680225.0,57.202,Industrials,Dover Corporation,10.67208,0.09104972976214576,forecast_icc,0.06646224673631329,0.28618169385516834,2026-08-20
DOW,32.9,1.4,23765010432.0,722340711.0,21.956,Basic Materials,Dow Inc.,2.52273,0.01,forecast_icc,0.06532869949193743,0.6673555938928022,2026-08-20
DOX,60.9,2.28,6358873600.0,104415000.0,31.166,Technology,Amdocs Limited,7.415,0.08159136884693186,forecast_icc,0.11851620036281252,0.5117569706056116,2026-08-20
DOYU,4.46,0.0,134597712.0,30178859.0,9.77521,Communication Services,DouYu International Holdings Li,0.87716,0.75,forecast_icc,0.3638313905307927,2.191751107072236,2026-08-20
DPC,45.76,0.0,6836224512.0,149393016.0,5.17,Industrials,DPC Holdings PLC,0.60102,0.533775914279059,forecast_icc,0.07916786010350033,0.11298076758073565,2026-08-20
DPZ,334.37,7.96,11061539840.0,33081735.0,-120.428,Consumer Cyclical,Domino's Pizza Inc,19.01542,0.10016817929869548,forecast_icc,0.07719447488421427,,2026-08-20
DRD,29.51,0.59,,,9.038813,Basic Materials,DRDGOLD Limited,1.59,0.75,trailing_eps_fallback_icc,0.2478356350246499,,2026-08-20
DRH,12.77,0.44,2622819072.0,204605681.0,7.449,Real Estate,Diamondrock Hospitality Company,0.78091,0.01,forecast_icc,0.053701252475210626,0.5810952551167815,2026-08-20
DRI,217.95,6.48,24746426368.0,113541756.0,19.351,Consumer Cyclical,"Darden Restaurants, Inc.",11.27317,0.09877079827590651,forecast_icc,0.07505494605456853,0.08878641657921021,2026-08-20
DRS,41.0,0.36,10942552064.0,266891515.0,10.505,Industrials,"Leonardo DRS, Inc.",1.39039,0.057422737505304244,forecast_icc,0.041065188437558284,0.2562195133892854,2026-08-20
DRVN,13.04,0.0,2151336704.0,164979816.0,5.051,Consumer Cyclical,Driven Brands Holdings Inc.,1.207,0.19718309859154926,forecast_icc,0.12089741862446013,0.38734664316683365,2026-08-20
DSC,7.93,0.0,397074848.0,33507862.0,-344.80484,Consumer Cyclical,DSC Holdings Ltd.,0.025448667,0.04,forecast_icc,0.010000000000000002,,2026-08-20
DSGR,34.8,0.0,1609688704.0,46255422.0,14.16,Industrials,"Distribution Solutions Group, I",1.53,0.1470588235294117,forecast_icc,0.06717095874846157,0.40689654707299233,2026-08-20
DSGX,77.83,0.0,6669317120.0,85690827.0,18.975,Technology,The Descartes Systems Group Inc,2.93254,0.1103616659960307,forecast_icc,0.05309325325549963,0.24380058903616808,2026-08-20
DSL,10.53,1.32,1206433664.0,114571095.0,,Financial Services,DoubleLine Income Solutions Fun,0.32,0.04,trailing_eps_fallback_icc,0.03979293916919967,,2026-08-20
DSM,5.81,0.36,287180704.0,49428691.0,6.513,Financial Services,Dreyfus Strategic Municipal Bon,0.63,0.04,trailing_eps_fallback_icc,0.10532612065985425,1.1209982425664642,2026-08-20
DSP,12.41,0.0,827093440.0,21135122.0,5.389,Technology,Viant Technology Inc.,0.60167,0.3063639536623066,forecast_icc,0.10776692360664641,0.13770774491694676,2026-08-20
DSU,9.45,1.18,594698240.0,62931032.0,10.135,Financial Services,"Blackrock Debt Strategies Fund,",0.69,0.01,trailing_eps_fallback_icc,0.07502527763447409,1.0724867948490986,2026-08-20
DSWL,3.12,0.2,49561944.0,15885239.0,6.886,Technology,"Deswell Industries, Inc.",0.67,0.01,trailing_eps_fallback_icc,0.13045994529224914,2.207051356863645,2026-08-20
DSX,2.65,0.04,329696384.0,124413717.0,4.81,Industrials,Diana Shipping inc.,0.6,0.01,forecast_icc,0.11452375333856318,1.8150941527159727,2026-08-20
DT,49.18,0.0,14273456128.0,290228871.0,8.441,Technology,"Dynatrace, Inc.",1.97582,0.16227692806024852,forecast_icc,0.06645405627468079,0.17163480786585567,2026-08-20
DTE,138.15,4.66,28747364352.0,208088069.0,58.384,Utilities,DTE Energy Company,7.70895,0.08537738602533418,forecast_icc,0.07628432526583778,0.42261313669441747,2026-08-20
DTF,11.51,0.39,80910320.0,7029567.0,12.042,Financial Services,"DTF Tax-Free Income, Inc.",0.41,0.75,trailing_eps_fallback_icc,0.23875136909027395,1.0462206281473116,2026-08-20
DTI,2.64,0.0,93145072.0,35282224.0,3.393,Energy,Drilling Tools International Co,0.11,0.75,forecast_icc,0.1955920865198063,1.2852272638964732,2026-08-20
DTM,129.99,3.52,13260968960.0,102015296.0,46.846,Energy,"DT Midstream, Inc.",4.71228,0.038887757094230535,forecast_icc,0.043814552704351084,0.3603815506115173,2026-08-20
DTSQ,11.3,0.0,41283524.0,3653409.0,-0.457,Financial Services,DT Cloud Star Acquisition Corpo,0.09,0.01,trailing_eps_fallback_icc,0.010000000000000002,,2026-08-20
DTSS,0.7375,0.0,7704775.0,6447153.0,0.343,Technology,Datasea Intelligent Technology ,0.05,0.04,forecast_icc,0.05888419501599634,0.2870133753419146,2026-08-20
DUK,122.69,4.34,95661662208.0,779702193.0,68.946,Utilities,Duke Energy Corporation (Holdin,6.7109,0.06882832406979689,forecast_icc,0.07095401676590948,0.5619528885217548,2026-08-20
DUOL,147.03,0.0,6850585600.0,40237065.0,30.172,Technology,"Duolingo, Inc.",6.62956,0.15785964679405584,forecast_icc,0.07068163132051064,0.17721590475126683,2026-08-20
DUOT,10.41,0.0,327011360.0,31413196.0,3.616,Technology,"Duos Technologies Group, Inc.",0.75,0.01,forecast_icc,0.05044488644016139,0.3473583203225723,2026-08-20
DV,13.31,0.0,2062884864.0,154987592.0,7.064,Communication Services,"DoubleVerify Holdings, Inc.",1.04452,0.13407115229962097,forecast_icc,0.09295478451924144,0.530728771631532,2026-08-20
DVA,175.24,0.0,11180312576.0,63800000.0,-11.963,Healthcare,DaVita Inc.,14.84534,0.14617314254843605,forecast_icc,0.10076883448620588,,2026-08-20
DVLT,0.3151,0.0,269239296.0,854456625.0,0.356,Technology,Datavault AI Inc.,0.13,0.04,forecast_icc,0.17655484441227276,1.1298000069796648,2026-08-20
DVN,49.3,1.28,54229999616.0,1100000000.0,36.305,Energy,Devon Energy Corporation,5.53797,0.01,forecast_icc,0.07724631748859079,0.7364097415227981,2026-08-20
DWSN,3.0,0.0,93166856.0,31055618.0,0.751,Energy,Dawson Geophysical Company,0.12,0.04,trailing_eps_fallback_icc,0.039999999999999994,0.25033332795946234,2026-08-20
DWTX,2.33,0.0,79202640.0,33992553.0,2.518,Healthcare,"Dogwood Therapeutics, Inc.",1.89,0.04,trailing_eps_fallback_icc,0.2504228844281834,1.0806868111214474,2026-08-20
DX,13.25,2.04,3288211456.0,248166917.0,12.919,Real Estate,"Dynex Capital, Inc.",1.40757,0.11400498731857045,forecast_icc,0.16460375364578617,0.9750189255234442,2026-08-20
DXC,10.7,0.0,1709631872.0,159778689.0,19.001,Technology,DXC Technology Company,2.59189,0.1410785179926617,forecast_icc,0.17586642176033973,1.7757944967049608,2026-08-20
DXCM,90.22,0.0,34045489152.0,377360765.0,6.946,Healthcare,"DexCom, Inc.",2.66234,0.17357662807905827,forecast_icc,0.05595049641423999,0.07698957891271833,2026-08-20
DXPE,187.58,0.0,2910706688.0,15517148.0,34.874,Industrials,"DXP Enterprises, Inc.",6.46,0.18575851393188847,forecast_icc,0.06454049396777398,0.18591533856124495,2026-08-20
DXYZ,34.65,0.0,1055635328.0,30465664.0,,Financial Services,Destiny Tech100 Inc.,3.54,0.04,trailing_eps_fallback_icc,0.07773393768987394,,2026-08-20
DY,400.23,0.0,,,63.138,Industrials,"Dycom Industries, Inc.",16.56067,0.20494460670975267,forecast_icc,0.07682612905665731,,2026-08-20
DYNC,10.87,0.0,240589312.0,16600000.0,1.721,Financial Services,Dynamix Corporation,2.23,0.04,trailing_eps_fallback_icc,0.11958927970356747,0.1187442607591812,2026-08-20
E,57.35,2.44,82802802688.0,1443815300.0,36.563004,Energy,ENI S.p.A.,5.8436,0.01,forecast_icc,0.07824187637913338,0.6375415188308801,2026-08-20
EAD,6.33,0.64,374054496.0,59092336.0,7.21,Financial Services,238549,0.68,0.357,trailing_eps_fallback_icc,0.266692940317533,1.1390205093538028,2026-08-20
EARN,4.45,0.96,167181152.0,37568800.0,4.093,Financial Services,Ellington Credit Company,0.78,0.21794871794871784,forecast_icc,0.3040884520362218,0.9197753249122246,2026-08-20
EAT,233.1,0.0,9997145088.0,42887790.0,10.415,Consumer Cyclical,"Brinker International, Inc.",13.21947,0.0953911162852974,forecast_icc,0.0664114271894346,0.04468038914291288,2026-08-20
EBAY,104.61,1.24,46551449600.0,445000000.0,10.278,Consumer Cyclical,eBay Inc.,6.12668,0.09894592177166106,forecast_icc,0.07324920954746228,0.09825064609803258,2026-08-20
EBC,22.74,0.56,5196352512.0,228511552.0,19.624,Financial Services,"Eastern Bankshares, Inc.",1.87188,0.13869478812744407,forecast_icc,0.1087516133907348,0.862972765241066,2026-08-20
EBF,22.15,1.0,,,12.3,Industrials,"Ennis, Inc.",1.57,0.02547770700636942,forecast_icc,0.07043719247156746,,2026-08-20
EBMT,22.86,0.59,182089760.0,7965431.0,25.219,Financial Services,"Eagle Bancorp Montana, Inc.",2.03667,0.06709972651435914,forecast_icc,0.08983942444550078,1.1031933063616537,2026-08-20
EBS,4.82,0.0,247137488.0,51273336.0,6.655,Healthcare,Emergent BioSolutions Inc.,0.36,0.01,forecast_icc,0.05180258999307774,1.380705346814887,2026-08-20
EC,17.65,0.65,36285480960.0,2055834735.0,1963.047,Energy,Ecopetrol S.A.,2.13211,0.01,forecast_icc,0.08473482562001633,111.22079967704926,2026-08-20
ECAT,15.06,3.23,1497992704.0,99468307.0,,Financial Services,BlackRock ESG Capital Allocation Term Trust,2.15,0.04,trailing_eps_fallback_icc,0.1674934185503022,,2026-08-20
ECBK,20.54,0.0,179472400.0,8737702.0,20.564,Financial Services,"ECB Bancorp, Inc.",1.38,0.75,trailing_eps_fallback_icc,0.23946086362002383,1.0011684466692372,2026-08-20
ECC,3.8,0.72,505440864.0,133010748.0,4.168,Financial Services,,0.7125,0.06666666666666665,forecast_icc,0.23260459110243648,1.0968420583896439,2026-08-20
ECG,125.32,0.0,6396534272.0,51041606.0,15.142,Industrials,"Everus Construction Group, Inc.",5.344,0.12499999999999978,forecast_icc,0.06106332687400258,0.12082667975924821,2026-08-20
ECHO,86.92,0.0,25249452032.0,159142240.0,48.735,Communication Services,EchoStar Corporation,39.335,0.01,forecast_icc,0.16421770675507752,0.307166945903248,2026-08-20
ECL,281.48,2.92,78906900480.0,280328603.0,35.87,Basic Materials,Ecolab Inc.,8.16948,0.1521418743910261,forecast_icc,0.05554901533097378,0.12743355686818125,2026-08-20
ECO,64.1,9.55,2502762496.0,39044655.0,22.475,Industrials,Okeanis Eco Tankers Corp.,15.33,0.01,forecast_icc,0.18253746637370477,0.3506240094805224,2026-08-20
ECPG,98.14,0.0,2081487104.0,21209366.0,50.861,Financial Services,Encore Capital Group Inc,13.5175,0.08156093952284071,forecast_icc,0.11009388118759167,0.5182494583093992,2026-08-20
ECVT,10.32,0.0,1129713792.0,109468398.0,5.362,Basic Materials,Ecovyst Inc.,0.68404,0.27499853809718733,forecast_icc,0.11983926030990599,0.5195736780701354,2026-08-20
ECX,1.11,0.0,436219872.0,347029953.0,-0.711,Consumer Cyclical,ECARX Holdings Inc.,0.075,0.04,forecast_icc,0.058744601781026584,,2026-08-20
ED,108.31,3.51,40056139776.0,369828633.0,69.511,Utilities,"Consolidated Edison, Inc.",6.10888,0.06225200036667933,forecast_icc,0.06899291786897577,0.6417782205729589,2026-08-20
EDD,5.96,0.63,,,,Financial Services,,1.21,0.04,trailing_eps_fallback_icc,0.16757512393144058,,2026-08-20
EDF,5.09,0.72,163766608.0,32174183.0,,Financial Services,,1.13,0.04,trailing_eps_fallback_icc,0.19517032732053574,,2026-08-20
EDN,22.12,0.0,,,38.914513,Utilities,Empresa Distribuidora Y Comerci,0.1705,0.75,forecast_icc,0.08344790110404465,,2026-08-20
EDRY,43.43,0.0,124496048.0,2866591.0,34.916,Industrials,EuroDry Ltd.,6.21,0.01,forecast_icc,0.08150116211820815,0.803960390421389,2026-08-20
EDU,54.91,1.2,,,25.548,Consumer Defensive,New Oriental Education & Techno,4.34044,0.16149975578512765,forecast_icc,0.11200687949327681,,2026-08-20
EDUC,1.36,0.0,11593951.0,8524964.0,4.863,Communication Services,Educational Development Corpora,0.42,0.04,forecast_icc,0.1508664123732456,3.5757353064542023,2026-08-20
EE,39.36,0.36,4463506944.0,31380716.0,21.867,Energy,"Excelerate Energy, Inc.",1.6854,0.32953601518927256,forecast_icc,0.11218536474321195,0.1537360925794944,2026-08-20
EEA,11.15,0.97,76053208.0,6820916.0,11.861,Financial Services,"The European Equity Fund, Inc.",2.7,0.04,trailing_eps_fallback_icc,0.1703826865606607,1.0637668916740501,2026-08-20
EEFT,69.38,0.0,2595061504.0,37403595.0,26.968,Technology,"Euronet Worldwide, Inc.",10.7275,0.11768818457236097,forecast_icc,0.13100530319568204,0.3886999011026137,2026-08-20
EFC,13.62,1.56,1788627584.0,128887386.0,13.678,Real Estate,Ellington Financial Inc.,2.09025,0.01,forecast_icc,0.1338603665745609,0.9856281326968511,2026-08-20
EFOR,32.17,0.0,1318969984.0,41000000.0,44.134,Technology,"Everforth, Inc.",3.63711,0.18323339134642636,forecast_icc,0.13043377108159138,1.3718993016902499,2026-08-20
EFR,10.52,0.84,310588480.0,29523618.0,11.867,Financial Services,Eaton Vance Senior Floating-Rat,0.1,0.04,forecast_icc,0.014961645899554194,1.1280417573955095,2026-08-20
EFSC,64.01,1.34,2316683264.0,36192520.0,54.302,Financial Services,Enterprise Financial Services C,5.312,0.11182228915662629,forecast_icc,0.09885003402114331,0.8483361759374284,2026-08-20
EFSI,42.49,1.24,229939536.0,5411615.0,36.416,Financial Services,Eagle Financial Services Inc,3.03,0.10891089108910901,forecast_icc,0.09356882735374616,0.8570486627406257,2026-08-20
EFT,10.69,0.82,,,12.062,Financial Services,,0.25,0.04,trailing_eps_fallback_icc,0.0322240218544292,,2026-08-20
EFTY,15.02,0.0,302052224.0,15110000.0,0.288,Industrials,"Etoiles Capital Group Co., Ltd.",0.08,0.04,trailing_eps_fallback_icc,0.010000000000000002,0.014407045054566458,2026-08-20
EFX,192.41,2.24,22605268992.0,117484896.0,37.247,Industrials,"Equifax, Inc.",8.5677,0.18539047819134646,forecast_icc,0.08189246643133463,0.19358141338024562,2026-08-20
EFXT,20.09,0.12,2453046784.0,122102883.0,9.582,Energy,Enerflex Ltd,1.3605,0.390790150679897,forecast_icc,0.15541149035702062,0.47695373465245744,2026-08-20
EG,368.36,8.0,14123929600.0,38342734.0,398.708,Financial Services,"Everest Group, Ltd.",53.77174,0.11121492441940695,forecast_icc,0.1345416000857781,1.0823867875744722,2026-08-20
EGAN,7.26,0.0,199287584.0,27450081.0,3.335,Technology,eGain Corporation,0.40333,0.057868246845015126,forecast_icc,0.05593786363727091,0.4593664005430464,2026-08-20
EGBN,27.83,0.04,848368960.0,30483973.0,37.733,Financial Services,"Eagle Bancorp, Inc.",1.516,0.6556728232189972,forecast_icc,0.1991252990455218,1.355839036365734,2026-08-20
EGHA,10.37,0.0,212584992.0,15500000.0,-0.332,Financial Services,EGH Acquisition Corp.,0.19,0.01,trailing_eps_fallback_icc,0.018815846121183546,,2026-08-20
EGHT,2.02,0.0,291759712.0,144435501.0,1.027,Technology,8x8 Inc,0.35333,0.04717969037443748,forecast_icc,0.11203440682968135,0.50841584161901,2026-08-20
EGO,42.65,0.3,11123561472.0,260810332.0,26.309,Basic Materials,Eldorado Gold Corporation,3.41863,0.5630384101233534,forecast_icc,0.2161955202518137,0.6168581026733234,2026-08-20
EGP,201.14,6.2,10815965184.0,53773317.0,67.12,Real Estate,"EastGroup Properties, Inc.",5.60168,0.01,forecast_icc,0.030269730278457696,0.33369791559417805,2026-08-20
EGY,6.03,0.25,634306432.0,105191778.0,3.639,Energy,"VAALCO Energy, Inc.",0.186,0.75,forecast_icc,0.22361569130888193,0.6034825769226946,2026-08-20
EH,5.5,0.0,417149472.0,56332082.0,1.9258293,Industrials,EHang Holdings Limited,0.7016328,0.04,forecast_icc,0.08964315535399059,0.260064991873231,2026-08-20
EHC,120.91,0.84,11928180736.0,98653384.0,26.293,Healthcare,Encompass Health Corporation,6.11315,0.09239917227615879,forecast_icc,0.06316504925084648,0.21745926582781117,2026-08-20
EHI,5.77,0.84,174829504.0,30299742.0,6.551,Financial Services,Western Asset Global High Incom,0.71,0.75,trailing_eps_fallback_icc,0.4,1.135355333628356,2026-08-20
EHLD,10.21,0.56,28757640.0,2816615.0,9.224,Industrials,Euroholdings Ltd.,3.39,0.75,trailing_eps_fallback_icc,0.4,0.9034279850502337,2026-08-20
EHTH,1.22,0.0,38724044.0,31741018.0,17.017,Financial Services,"eHealth, Inc.",1.345,0.04,forecast_icc,0.2918093356567323,13.94835992093181,2026-08-20
EIC,10.02,1.32,234804240.0,23043757.0,12.518,Financial Services,Eagle Point Income Company Inc.,1.37667,0.01,forecast_icc,0.1373863579267297,1.2285201925058933,2026-08-20
EIG,48.13,1.36,864439168.0,17960506.0,47.833,Financial Services,Employers Holdings Inc,2.4,0.0625,forecast_icc,0.062326964879894864,0.993829196200883,2026-08-20
EIM,9.61,0.61,493690656.0,51372599.0,10.444,Financial Services,100401,0.23,0.04,trailing_eps_fallback_icc,0.032836673880212816,1.0867846442611222,2026-08-20
EIX,74.66,3.51,28730214400.0,384813979.0,45.339,Utilities,Edison International,6.12471,0.06250418387156276,forecast_icc,0.0930879764638971,0.607272913141957,2026-08-20
EJH,1.35,0.0,4320208.0,3200154.0,100.057,Consumer Cyclical,E-Home Household Service Holdin,671.6,0.04,trailing_eps_fallback_icc,0.4,74.11629458072389,2026-08-20
EL,96.15,1.4,,,11.037,Consumer Defensive,"Estee Lauder Companies, Inc. (T",3.29321,0.18287020870214765,forecast_icc,0.07065608513851318,,2026-08-20
ELA,14.1,0.0,366085024.0,25963476.0,3.084,Consumer Cyclical,Envela Corporation,0.74,0.01,forecast_icc,0.03973405267785857,0.21872339684673908,2026-08-20
ELAN,23.56,0.0,11767031808.0,499449583.0,13.188,Healthcare,Elanco Animal Health Incorporat,1.1273,0.12126319524527629,forecast_icc,0.0651274790419202,0.5597623264794697,2026-08-20
ELBM,0.6027,0.0,64368440.0,106800138.0,0.57482547,Basic Materials,Electra Battery Materials Corpo,0.76,0.01,forecast_icc,0.28485530318287544,0.9537506194326731,2026-08-20
ELE,21.92,0.12,1409589888.0,64306108.0,12.23,Basic Materials,Elemental Royalty Corporation,0.23537,0.75,forecast_icc,0.11071615008572938,0.5579379559510574,2026-08-20
ELF,98.46,0.0,5809927168.0,59007996.0,4.452,Consumer Defensive,"e.l.f. Beauty, Inc.",3.60846,0.06017802608314904,forecast_icc,0.04176300392368815,0.045216332424771626,2026-08-20
ELMD,40.0,0.0,331202560.0,8280064.0,5.938,Healthcare,"Electromed, Inc.",1.21667,0.2164350234656891,forecast_icc,0.06509069655503275,0.14845,2026-08-20
ELMT,16.67,0.0,507759840.0,30459498.0,6.157,Industrials,The Elmet Group Co.,0.71,0.01,forecast_icc,0.03468728672782617,0.36934612470730255,2026-08-20
ELOX,18.04,0.0,61991108.0,3436314.0,11.5,Healthcare,"Eloxx Pharmaceuticals, Inc.",3.56,0.04,trailing_eps_fallback_icc,0.11689753806248993,0.6374722484392439,2026-08-20
ELPC,10.77,0.54,7995676672.0,742402648.0,1.4879622,Utilities,Companhia Paranaense de Energia,0.227,0.75,forecast_icc,0.180846521620304,0.1381580474948832,2026-08-20
ELS,65.44,2.17,13121434624.0,194064619.0,9.064,Real Estate,"Equity Lifestyle Properties, In",2.05007,0.06530020926114743,forecast_icc,0.0472958376451947,0.13405559353995222,2026-08-20
ELTK,8.1,0.19,54438700.0,6720827.0,6.6,Technology,Eltek Ltd.,1.08,0.04,forecast_icc,0.10070495729940515,0.8148147953569794,2026-08-20
ELV,396.28,6.88,85940961280.0,216869290.0,206.986,Healthcare,"Elevance Health, Inc.",27.15815,0.0911752089151876,forecast_icc,0.0807928220529891,0.5223226060235662,2026-08-20
ELVA,6.68,0.0,330709952.0,49507480.0,1.345,Industrials,Electrovaya Inc.,0.064,0.75,forecast_icc,0.09457444605748677,0.2013473141564243,2026-08-20
ELVR,61.56,0.0,1194362752.0,19401603.0,33.38,Basic Materials,Elevra Lithium Limited - Americ,0.07,0.04,forecast_icc,0.010000000000000002,0.542235185294861,2026-08-20
EMA,51.78,2.11,15904227328.0,307150000.0,30.399332,Utilities,Emera Incorporated,2.67277,0.01,forecast_icc,0.0495602892402337,0.5870863532842984,2026-08-20
EMBC,5.47,0.04,309928000.0,56659599.0,-10.814,Healthcare,Embecta Corp.,1.835,0.01,forecast_icc,0.14098592981852442,,2026-08-20
EMBJ,75.08,0.95,13361104896.0,177958235.0,19.285835,Industrials,Embraer S.A.,3.08475,0.2776432449955426,forecast_icc,0.10016369250920076,0.2568704597273768,2026-08-20
EMD,10.55,1.14,,,11.237,Financial Services,,1.74,0.482,trailing_eps_fallback_icc,0.35971453506842466,,2026-08-20
EME,787.39,1.6,34731696128.0,44109901.0,92.199,Industrials,"EMCOR Group, Inc.",32.85395,0.11843446526216805,forecast_icc,0.059493885542057506,0.1170944473114964,2026-08-20
EMF,22.04,0.96,329451648.0,14947897.0,22.669,Financial Services,Templeton Emerging Markets Fund,9.42,0.75,trailing_eps_fallback_icc,0.4,1.028539025833011,2026-08-20
EML,25.18,0.44,151522112.0,6017558.0,20.631,Industrials,Eastern Company (The),1.33,0.677,trailing_eps_fallback_icc,0.223112596684521,0.8193407381887602,2026-08-20
EMN,73.79,3.36,8436161536.0,114326623.0,53.321,Basic Materials,Eastman Chemical Company,6.38878,0.0850256230454014,forecast_icc,0.10377830743779803,0.7226046868554177,2026-08-20
EMO,54.6,4.47,,,,Financial Services,,10.97,0.04,trailing_eps_fallback_icc,0.15398930855829784,,2026-08-20
EMPD,2.85,0.0,80113816.0,28110111.0,4.034,Consumer Cyclical,Empery Digital Inc.,0.81,0.04,trailing_eps_fallback_icc,0.14406432479513975,1.4154386026749741,2026-08-20
EMR,154.72,2.22,86302818304.0,557800000.0,36.535,Industrials,Emerson Electric Company,6.55281,0.10393403745873897,forecast_icc,0.061414818073323496,0.2361362398179696,2026-08-20
ENB,50.99,2.8,111366520832.0,2184085509.0,19.320389,Energy,Enbridge Inc,2.91203,0.10484438690535458,forecast_icc,0.09432323999557712,0.3789054495722203,2026-08-20
ENIC,4.41,0.19,6100490240.0,1383331144.0,3.85,Utilities,Enel Chile S.A.,221.06,0.537,forecast_icc,0.4,0.8730158880477121,2026-08-20
ENLT,79.59,0.0,11127284736.0,139807580.0,15.533,Utilities,Enlight Renewable Energy Ltd.,0.58,0.75,forecast_icc,0.08072517906575791,0.19516271863828036,2026-08-20
ENLV,1.5,0.0,26228192.0,17485462.0,122.268,Healthcare,Enlivex Ltd.,382.2,0.04,trailing_eps_fallback_icc,0.4,81.51200310780095,2026-08-20
ENOV,26.18,0.0,1509787392.0,57669494.0,25.615,Healthcare,Enovis Corporation,3.63894,0.10280741094934243,forecast_icc,0.11830026680200911,0.9784186148575282,2026-08-20
ENPH,38.36,0.0,5069068800.0,132144648.0,8.944,Technology,"Enphase Energy, Inc.",2.02005,0.14299646048365156,forecast_icc,0.07455665697651626,0.23315953646397541,2026-08-20
ENR,20.99,1.2,1437471616.0,68483637.0,2.967,Industrials,"Energizer Holdings, Inc.",3.29692,0.025032454533322035,forecast_icc,0.11708995096370792,0.1413530178386493,2026-08-20
ENS,189.97,1.15,6851310592.0,36065224.0,52.254,Industrials,EnerSys,13.362,0.0630893578805567,forecast_icc,0.06938924857823062,0.2750644843187398,2026-08-20
ENSG,179.85,0.26,10482096128.0,58282434.0,42.257,Healthcare,"The Ensign Group, Inc.",7.7943,0.09728647858050121,forecast_icc,0.056140431075279065,0.23495690017182794,2026-08-20
ENTG,144.63,0.4,22099464192.0,152800000.0,26.587,Technology,"Entegris, Inc.",3.92154,0.27900263671924797,forecast_icc,0.0731545835641586,0.18382769666744325,2026-08-20
ENVA,237.39,0.0,5910624768.0,24898371.0,60.159,Financial Services,"Enova International, Inc.",17.2025,0.19706438017729977,forecast_icc,0.1053463769987445,0.2534184049541411,2026-08-20
EOD,6.64,0.57,285957664.0,43065914.0,,Financial Services,Wells Fargo Global Dividend Opp,1.79,0.04,trailing_eps_fallback_icc,0.17815476098345429,,2026-08-20
EOG,152.19,4.08,79828099072.0,524529176.0,57.788,Energy,"EOG Resources, Inc.",16.62841,0.01,forecast_icc,0.07615867861123038,0.37970955559581737,2026-08-20
EOLS,8.35,0.0,551521216.0,66050440.0,-0.468,Healthcare,"Evolus, Inc. Common Stock",0.276,0.04,forecast_icc,0.035351370510858446,,2026-08-20
EONR,0.477,0.0,23834900.0,49968344.0,1.352,Energy,EON Resources Inc.,0.39,0.01,forecast_icc,0.22689826567622273,2.834381561827404,2026-08-20
EOS,21.36,1.83,1138830080.0,53316015.0,24.451,Financial Services,Eaton Vance Enhance Equity Inco,2.98,0.121,trailing_eps_fallback_icc,0.171274230705876,1.1447097382297806,2026-08-20
EPAC,36.99,0.04,1906581888.0,51543169.0,8.293,Industrials,Enerpac Tool Group Corp.,1.865,0.10455764075067031,forecast_icc,0.06389728565168074,0.22419572073318675,2026-08-20
EPAM,106.76,0.0,5507426304.0,51586981.0,68.212,Technology,"EPAM Systems, Inc.",13.15101,0.06900458595955761,forecast_icc,0.09862305682164829,0.6389284129714612,2026-08-20
EPC,27.56,0.6,1270210560.0,46088915.0,31.428,Consumer Defensive,Edgewell Personal Care Company,1.92539,0.04525316948774005,forecast_icc,0.06881966824283337,1.1403482747143907,2026-08-20
EPD,38.43,2.21,82988711936.0,2159477169.0,13.647,Energy,Enterprise Products Partners L.,3.15645,0.285,forecast_icc,0.17991770748219638,0.35511317428411526,2026-08-20
EPM,3.55,0.48,127621944.0,35949843.0,1.671,Energy,Evolution Petroleum Corporation,0.03,0.04,forecast_icc,0.01346999237245583,0.4707042203729478,2026-08-20
EPR,61.22,3.72,4689998336.0,76608922.0,30.167,Real Estate,EPR Properties,3.1,0.01,forecast_icc,0.052067417221927204,0.49276378889828243,2026-08-20
EPRT,31.17,1.28,6759083520.0,216273004.0,20.384,Real Estate,Essential Properties Realty Tru,1.34016,0.03163801337153771,forecast_icc,0.05175158380341138,0.6522347150307147,2026-08-20
EPSN,5.645,0.25,170753440.0,30248617.0,4.105,Energy,Epsilon Energy Ltd.,0.37,0.75,forecast_icc,0.30143950061457325,0.7271922181187097,2026-08-20
EQBK,49.88,0.72,1027153408.0,20592490.0,40.201,Financial Services,"Equity Bancshares, Inc.",5.07857,0.03403714037612948,forecast_icc,0.0800418300176749,0.8059542849611029,2026-08-20
EQH,48.75,1.14,13297332224.0,272765787.0,-6.785,Financial Services,"Equitable Holdings, Inc.",7.16198,0.258429931387689,forecast_icc,0.1892326350627066,,2026-08-20
EQIX,1082.61,20.64,106822950912.0,98671686.0,145.757,Real Estate,"Equinix, Inc.",17.88333,0.045267296415153035,forecast_icc,0.02490976353180295,0.13463482157640322,2026-08-20
EQNR,42.86,1.56,101761916928.0,2374286261.0,8.857,Energy,Equinor ASA,5.27021,0.01,forecast_icc,0.0855096959704279,0.20664954089412216,2026-08-20
EQPT,18.27,0.0,4629178880.0,215807019.0,4.747,Industrials,EquipmentShare.com Inc,0.41858,0.75,forecast_icc,0.1487536134932933,0.22129970470983398,2026-08-20
EQT,53.89,0.66,33709058048.0,625516000.0,40.381,Energy,EQT Corporation,4.07853,0.06394460749338626,forecast_icc,0.0752666563208888,0.7493226764163066,2026-08-20
EQX,12.88,0.05,15036882944.0,1167459822.0,8.069,Basic Materials,Equinox Gold Corp.,1.10751,0.36674160955657276,forecast_icc,0.16558945360642607,0.6264751370879595,2026-08-20
ERC,9.31,0.87,261180896.0,28053801.0,9.848,Financial Services,109188,0.95,0.01,trailing_eps_fallback_icc,0.10030135181946831,1.0577872902618422,2026-08-20
ERH,11.6134,1.05,,,13.934,Financial Services,,2.51,0.75,trailing_eps_fallback_icc,0.4,,2026-08-20
ERIC,10.11,0.31,33096929280.0,3011926436.0,30.791,Technology,Ericsson,0.58901,0.056569497971171945,forecast_icc,0.06788995099578862,2.8020794952393846,2026-08-20
ERIE,262.29,5.85,13715109888.0,46189068.0,47.181,Financial Services,Erie Indemnity Company,12.7,,forecast_icc,0.010000000000000002,0.1588938357114241,2026-08-20
ERII,7.75,0.0,395597792.0,51044875.0,3.37,Industrials,"Energy Recovery, Inc.",0.04,0.75,forecast_icc,0.06528673295637671,0.43483869786108414,2026-08-20
ERO,36.02,0.0,3756980736.0,104302633.0,11.635,Basic Materials,Ero Copper Corp.,4.01562,0.1913876312997742,forecast_icc,0.1319444953639176,0.32301500066967603,2026-08-20
EROC,13.01,0.0,3555641088.0,48174023.0,-597.022,Industrials,"ERock, Inc.",0.4717,0.04,forecast_icc,0.03755802586647927,,2026-08-20
EROK,26.16,0.0,3440551936.0,26355259.0,13.405,Energy,"EagleRock Land, LLC",0.57,0.2587017543859651,forecast_icc,0.05871024303402261,0.10268475915109684,2026-08-20
ES,72.15,3.15,27177084928.0,376674754.0,43.389,Utilities,Eversource Energy (D/B/A),4.65312,0.055158689223574475,forecast_icc,0.07718429161911192,0.601372109797824,2026-08-20
ESAB,78.58,0.42,4882644480.0,62135967.0,38.084,Industrials,ESAB Corporation,5.45727,0.1962538045579565,forecast_icc,0.1053858699040292,0.4846525641834157,2026-08-20
ESCA,20.68,0.61,284682400.0,13766074.0,13.266,Consumer Cyclical,"Escalade, Incorporated",1.56,,forecast_icc,0.010000000000000002,0.6414893849567096,2026-08-20
ESE,284.57,0.32,7372516864.0,25907567.0,62.425,Technology,ESCO Technologies Inc.,8.35089,0.11563677643939752,forecast_icc,0.04563751996953058,0.2193660455186176,2026-08-20
ESEA,75.02,3.2,529294656.0,7055381.0,73.536,Industrials,Euroseas Ltd.,18.14,0.01,forecast_icc,0.1296714801959683,0.980218657669576,2026-08-20
ESI,35.54,0.32,8660774912.0,243690914.0,11.542,Basic Materials,Element Solutions Inc.,1.81026,0.14996188392827547,forecast_icc,0.07857702621179852,0.32476083929751715,2026-08-20
ESLT,743.67,4.0,34844954624.0,46855400.0,94.292,Industrials,Elbit Systems Ltd.,16.2993,0.12656249041369882,forecast_icc,0.03974176285317721,0.12679280040608729,2026-08-20
ESNT,68.53,1.4,6159202304.0,89876000.0,63.013,Financial Services,Essent Group Ltd.,7.55899,0.039173222877659564,forecast_icc,0.08848921175736424,0.9194951080470306,2026-08-20
ESOA,11.78,0.16,219805136.0,18659181.0,4.506,Industrials,Energy Services of America Corp,0.6,0.3583333333333334,forecast_icc,0.13351948051470075,0.38251276160353237,2026-08-20
ESP,62.31,1.0,,,20.054,Industrials,Espey Mfg. & Electronics Corp.,3.71,0.571,forecast_icc,0.2029822142405845,,2026-08-20
ESQ,113.44,0.8,1373143936.0,12104583.0,37.89,Financial Services,"Esquire Financial Holdings, Inc",6.9,0.24637681159420288,forecast_icc,0.1115046552220541,0.3340091579955097,2026-08-20
ESRT,4.79,0.14,1467396608.0,172165643.0,6.014,Real Estate,"Empire State Realty Trust, Inc.",0.06,0.04,forecast_icc,0.019061330089212798,0.7056062221741214,2026-08-20
ESS,287.71,10.36,19832680448.0,64268439.0,82.826,Real Estate,"Essex Property Trust, Inc.",5.63756,0.09372317101724881,forecast_icc,0.036147274355568054,0.26840031747452475,2026-08-20
ESTA,71.52,0.0,2131431168.0,29801891.0,0.725,Healthcare,Establishment Labs Holdings Inc,0.06,0.04,forecast_icc,0.010000000000000002,0.010137024971476817,2026-08-20
ESTC,85.9,0.0,8929444864.0,103951633.0,12.186,Technology,Elastic N.V.,3.24381,0.1948202884879202,forecast_icc,0.07042386482879615,0.14186263749105557,2026-08-20
ET,21.21,1.36,73032384512.0,3443299601.0,9.286,Energy,Energy Transfer LP,1.69689,0.01,forecast_icc,0.07530107905354277,0.43781235281496594,2026-08-20
ETB,15.6,1.27,458245568.0,29374715.0,16.365,Financial Services,Eaton Vance Tax-Managed Buy-Wri,2.04,0.489,trailing_eps_fallback_icc,0.31457588042620854,1.0490384294889676,2026-08-20
ETD,22.93,1.56,583484608.0,25446339.0,18.5,Consumer Cyclical,Ethan Allen Interiors Inc.,1.25,0.01,forecast_icc,0.05604739523168825,0.8068032387582708,2026-08-20
ETG,23.88,1.55,1822567040.0,76321908.0,24.632,Financial Services,Eaton Vance Tax-Advantaged Glob,6.43,0.75,trailing_eps_fallback_icc,0.4,1.0314908569047754,2026-08-20
ETJ,8.38,0.78,563988928.0,67301787.0,,Financial Services,Eaton Vance Risk-Managed Divers,0.74,0.04,trailing_eps_fallback_icc,0.10778739380715308,,2026-08-20
ETN,415.29,4.4,161298644992.0,388400000.0,52.147,Industrials,"Eaton Corporation, PLC",13.51196,0.18663021500951738,forecast_icc,0.06725479689871838,0.12556766860009605,2026-08-20
ETO,31.39,2.08,514423648.0,16388138.0,32.837,Financial Services,Eaton Vance Tax-Advantage Globa,8.41,0.04,trailing_eps_fallback_icc,0.16786652984231865,1.0460974910430245,2026-08-20
ETON,59.91,0.0,1712415616.0,28583135.0,1.647,Healthcare,"Eton Pharmaceuticals, Inc.",1.4,0.75,forecast_icc,0.15016991802861457,0.02749123688498295,2026-08-20
ETOR,29.67,0.0,2359568640.0,66806610.0,16.686,Financial Services,eToro Group Ltd.,2.51987,0.1923869088484722,forecast_icc,0.11393410507139656,0.472431729919923,2026-08-20
ETR,107.34,2.56,50088222720.0,466631498.0,39.065,Utilities,Entergy Corporation,4.39632,0.15932871128580262,forecast_icc,0.07789771972313442,0.36393703907747676,2026-08-20
ETSY,81.21,0.0,7453595136.0,91781748.0,-15.103,Consumer Cyclical,"Etsy, Inc.",3.34279,0.33785849544841273,forecast_icc,0.10497524645514222,,2026-08-20
ETV,15.16,1.19,1769999232.0,116754568.0,15.656,Financial Services,Eaton Vance Corporation Eaton V,1.9,0.362,trailing_eps_fallback_icc,0.2583529536416377,1.032717689115924,2026-08-20
ETW,9.8,0.8,1064258304.0,108597786.0,10.221,Financial Services,Eaton Vance Corporation Eaton V,1.72,0.75,trailing_eps_fallback_icc,0.4,1.0429591824974853,2026-08-20
ETX,18.15,0.94,197763536.0,10896063.0,,Financial Services,Eaton Vance Municipal Income 20,0.78,0.04,trailing_eps_fallback_icc,0.05517311554936344,,2026-08-20
ETY,14.34,1.19,,,15.584,Financial Services,,2.78,0.04,trailing_eps_fallback_icc,0.1520517082750764,,2026-08-20
EUDA,14.2,0.0,42519416.0,2994325.0,-2.251,Real Estate,Euda Health Holdings Limited,1.6,,forecast_icc,0.010000000000000002,,2026-08-20
EVAC,10.26,0.0,599675008.0,46947857.0,-0.28,Financial Services,EQV Ventures Acquisition Corp. ,0.7,0.04,trailing_eps_fallback_icc,0.05914537192883984,,2026-08-20
EVAX,3.28,0.0,27355904.0,8340215.0,1.584,Healthcare,Evaxion A/S,0.04,0.04,forecast_icc,0.017044582733357502,0.4829268504524654,2026-08-20
EVC,8.03,0.2,741075072.0,82935576.0,0.706,Communication Services,Entravision Communications Corp,0.02,0.04,trailing_eps_fallback_icc,0.010000000000000002,0.079010236436613,2026-08-20
EVCM,9.68,0.0,1710119680.0,176665246.0,4.05,Technology,EverCommerce Inc.,0.75282,0.04869689965728852,forecast_icc,0.0675752162783908,0.41838840559977647,2026-08-20
EVER,24.91,0.0,877822208.0,31682105.0,7.287,Communication Services,"EverQuote, Inc.",2.485,0.13078470824949706,forecast_icc,0.10611189304370716,0.2630002944001617,2026-08-20
EVF,4.96,0.47,90124632.0,18170289.0,5.975,Financial Services,Eaton Vance Senior Income Trust,0.2,0.01,trailing_eps_fallback_icc,0.04147256568976905,1.204637116021733,2026-08-20
EVG,10.55,0.88,,,11.228,Financial Services,,1.04,0.01,trailing_eps_fallback_icc,0.09367250854822373,,2026-08-20
EVH,4.7,0.0,531378848.0,113059335.0,3.401,Healthcare,"Evolent Health, Inc",0.19965,0.75,forecast_icc,0.1972477061763639,0.723617057363563,2026-08-20
EVI,15.19,0.0,195481824.0,12869113.0,11.347,Industrials,"EVI Industries, Inc.",0.53,0.7169811320754718,forecast_icc,0.17391385591075925,0.7470046177336671,2026-08-20
EVN,10.84,0.62,432763968.0,39922876.0,10.796,Financial Services,Eaton Vance Municipal Income Tr,0.93,0.04,trailing_eps_fallback_icc,0.09077271004555088,0.9959409774521709,2026-08-20
EVR,287.09,3.56,11040842752.0,38457778.0,48.331,Financial Services,Evercore Inc.,19.53975,0.15576248416689054,forecast_icc,0.09679297978400137,0.16834791603035051,2026-08-20
EVRG,83.16,2.78,19173965824.0,230567172.0,44.34,Utilities,"Evergy, Inc.",4.25934,0.071769335155212,forecast_icc,0.06823983203125417,0.5331890387372791,2026-08-20
EVT,28.91,1.98,2155031808.0,74542782.0,28.586,Financial Services,Eaton Vance Tax Advantaged Divi,6.39,0.04,trailing_eps_fallback_icc,0.1541792803560028,0.9887928142599368,2026-08-20
EVTC,29.73,0.2,1776443136.0,59752542.0,10.735,Technology,"Evertec, Inc.",3.9976,0.09524214528717234,forecast_icc,0.11624841138240563,0.361083068391557,2026-08-20
EVV,9.04,0.84,,,10.129,Financial Services,,0.62,0.01,trailing_eps_fallback_icc,0.07048219728517491,,2026-08-20
EW,89.83,0.0,51778011136.0,576400000.0,18.415,Healthcare,Edwards Lifesciences Corporatio,2.99837,0.1258483776185062,forecast_icc,0.0516736284864214,0.20499833359995667,2026-08-20
EWBC,129.89,3.2,17796470784.0,137011856.0,67.483,Financial Services,"East West Bancorp, Inc.",10.64038,0.0684674795449034,forecast_icc,0.08546540530429458,0.5195395868466591,2026-08-20
EWTX,43.29,0.0,4701472768.0,108604129.0,4.157,Healthcare,"Edgewise Therapeutics, Inc.",1.38027,0.01,forecast_icc,0.028437535378349484,0.09602679554497422,2026-08-20
EXC,45.06,1.68,46423244800.0,1030253967.0,28.77,Utilities,Exelon Corporation,2.8523,0.06354871507204707,forecast_icc,0.07654545587142536,0.6384820095684048,2026-08-20
EXE,96.07,2.3,22240569344.0,231503789.0,82.825,Energy,Expand Energy Corporation,8.88612,0.01,forecast_icc,0.06739190994583033,0.8621317659342111,2026-08-20
EXEL,53.69,0.0,13303399424.0,247781692.0,7.408,Healthcare,"Exelixis, Inc.",3.57833,0.16162287994679092,forecast_icc,0.09126872532050412,0.13797727301373405,2026-08-20
EXFY,2.5,0.0,227966656.0,78936804.0,1.464,Technology,"Expensify, Inc.",0.12,0.01,forecast_icc,0.03752086951457061,0.5069315095625213,2026-08-20
EXG,9.84,0.79,,,,Financial Services,,2.23,0.04,trailing_eps_fallback_icc,0.16192542323091763,,2026-08-20
EXK,10.97,0.0,3248705024.0,296144479.0,2.406,Basic Materials,Endeavour Silver Corporation,0.81235,0.4522311811411339,forecast_icc,0.17322292179483012,0.2193254269655724,2026-08-20
EXLS,37.05,0.0,5617242624.0,151612499.0,5.709,Technology,"ExlService Holdings, Inc.",2.28879,0.1346694104745303,forecast_icc,0.08036646104422063,0.1540890815527287,2026-08-20
EXOD,7.81,0.0,235887440.0,11015102.0,6.673,Technology,"Exodus Movement, Inc.",0.06,0.04,forecast_icc,0.011632172122127946,0.3116052963481226,2026-08-20
EXP,202.92,1.0,6224636928.0,30675325.0,48.27,Basic Materials,Eagle Materials Inc,12.69539,0.11660295587610947,forecast_icc,0.07835591305968925,0.23787699666296103,2026-08-20
EXPD,186.4,1.62,24230252544.0,129990622.0,16.295,Industrials,Expeditors International of Was,7.72071,0.04533002793784524,forecast_icc,0.0445848820054114,0.08741952572073036,2026-08-20
EXPE,324.17,1.92,38907559936.0,114498625.0,10.075,Consumer Cyclical,"Expedia Group, Inc.",20.87479,0.15879968133811162,forecast_icc,0.09142910724836911,0.029649087446566722,2026-08-20
EXPO,69.38,1.23,3298747136.0,47546084.0,6.072,Industrials,"Exponent, Inc.",2.5121,0.1306715496994546,forecast_icc,0.06273202432609992,0.08751802128067084,2026-08-20
EXR,147.26,6.48,32500656128.0,211269558.0,62.752,Real Estate,Extra Space Storage Inc,4.55024,0.044960265832131974,forecast_icc,0.041652637562350825,0.4079175279232074,2026-08-20
EXTR,22.32,0.0,2912551424.0,130490653.0,0.675,Technology,"Extreme Networks, Inc.",1.30506,0.164942608002697,forecast_icc,0.08508234071870324,0.03024193497467326,2026-08-20
EYE,18.39,0.0,1454084608.0,79069313.0,11.346,Consumer Cyclical,"National Vision Holdings, Inc.",1.00539,0.01,forecast_icc,0.04094992127245531,0.6169657668902303,2026-08-20
EZPW,28.76,0.0,1767111552.0,58473206.0,18.945,Financial Services,"EZCORP, Inc.",2.036,0.07367387033398809,forecast_icc,0.07071888100063076,0.6268845260030308,2026-08-20
EZRA,2.495,0.0,2048265.0,820948.0,8.101,Financial Services,"Reliance Global Group, Inc.",3.07,0.04,trailing_eps_fallback_icc,0.30805545918235644,3.2468941997251335,2026-08-20
F,13.99,0.6,55786463232.0,3916743591.0,8.958,Consumer Cyclical,Ford Motor Company,1.86718,0.02470035026082118,forecast_icc,0.10106605198288804,0.6289373273631731,2026-08-20
FA,21.23,0.0,3646330880.0,171753691.0,7.542,Industrials,First Advantage Corporation,1.27564,0.1772208460067104,forecast_icc,0.08955681850227057,0.3552519999287613,2026-08-20
FAF,71.99,2.2,7350178816.0,102100000.0,55.106,Financial Services,First American Corporation (New,7.14233,0.03444394196291678,forecast_icc,0.08470632439720316,0.7654674451936491,2026-08-20
FANG,211.02,4.4,59089772544.0,280019792.0,135.083,Energy,"Diamondback Energy, Inc.",20.15871,0.01,forecast_icc,0.0678861795209548,0.640143157338602,2026-08-20
FAST,50.66,0.96,58132230144.0,1147497573.0,3.546,Industrials,Fastenal Company,1.25945,0.10697526698161908,forecast_icc,0.044645342440010616,0.06999604838449461,2026-08-20
FATN,6.145,0.0,86819432.0,14128468.0,1.877,Technology,"FatPipe, Inc.",0.45,0.17037777777777774,forecast_icc,0.09889246666255913,0.30545160023622364,2026-08-20
FAX,14.72,1.98,607680320.0,41282628.0,15.701,Financial Services,592314,1.01,0.04,trailing_eps_fallback_icc,0.0853826335045057,1.0666439588301955,2026-08-20
FBIN,44.98,1.04,5365817856.0,119293417.0,19.338,Industrials,"Fortune Brands Innovations, Inc",3.33476,0.03862047043865213,forecast_icc,0.06961653306113363,0.42992441410705984,2026-08-20
FBIO,2.77,0.0,92382248.0,33350993.0,4.927,Healthcare,"Fortress Biotech, Inc.",2.4,0.01,forecast_icc,0.23399991420907462,1.7787004112629947,2026-08-20
FBIZ,68.81,1.36,575824064.0,8368320.0,45.805,Financial Services,First Business Financial Servic,6.532,0.06031843233312917,forecast_icc,0.08834495831887043,0.6656736346468494,2026-08-20
FBK,58.54,0.84,2925720064.0,49978138.0,38.749,Financial Services,FB Financial Corporation,4.68125,0.09719626168224305,forecast_icc,0.08929705303556223,0.6619235015650493,2026-08-20
FBLA,15.6,0.0,226510096.0,14519878.0,19.386,Financial Services,"FB Bancorp, Inc.",0.17,0.04,trailing_eps_fallback_icc,0.015566731332740492,1.2426923120813123,2026-08-20
FBNC,64.24,0.96,2657879808.0,41374221.0,41.486,Financial Services,First Bancorp,4.722,0.06999152901312988,forecast_icc,0.07676912338393868,0.6457970474208892,2026-08-20
FBP,28.22,0.8,4308298752.0,152668268.0,13.035,Financial Services,First BanCorp. New,2.39709,0.06300556090926923,forecast_icc,0.08693107861053584,0.4619064247706098,2026-08-20
FBRT,8.07,1.11,670176512.0,83045416.0,14.766,Real Estate,"Franklin BSP Realty Trust, Inc.",0.845,0.3846153846153846,forecast_icc,0.2800780447378971,1.829739763628123,2026-08-20
FC,20.01,0.0,,,3.8,Consumer Defensive,Franklin Covey Company,1.255,0.11952191235059773,forecast_icc,0.07725620396943408,,2026-08-20
FCAP,62.6,1.24,209373520.0,3344625.0,42.601,Financial Services,"First Capital, Inc.",5.52,0.265,trailing_eps_fallback_icc,0.14949366015780174,0.6805271728010305,2026-08-20
FCBC,49.035,1.26,927267904.0,18910329.0,28.52,Financial Services,"First Community Bankshares, Inc",3.01,0.029900332225913706,forecast_icc,0.059320355054295434,0.5816254188821789,2026-08-20
FCBM,12.49,0.0,388049952.0,31068852.0,13.879,Financial Services,First Carolina Financial Servic,0.91667,0.42908571241559135,forecast_icc,0.16653822972910615,1.1112089943204013,2026-08-20
FCCO,33.96,0.68,319214848.0,9399731.0,24.254,Financial Services,First Community Corporation,3.14333,0.05620472556174483,forecast_icc,0.08562395777326437,0.7141932059313232,2026-08-20
FCF,21.25,0.56,2147438464.0,101055925.0,15.581,Financial Services,First,1.72667,0.13899587066434238,forecast_icc,0.10898282502900225,0.7332235096935471,2026-08-20
FCFS,205.91,1.68,8930688000.0,43371800.0,53.4,Financial Services,"FirstCash Holdings, Inc.",11.322,0.15986574810104237,forecast_icc,0.08445637476547757,0.2593365841467085,2026-08-20
FCN,153.49,0.0,4238100992.0,27611575.0,49.156,Industrials,"FTI Consulting, Inc.",9.3,0.17562688172043006,forecast_icc,0.08961376872638996,0.32025536514161485,2026-08-20
FCNCA,2151.23,8.4,24294098944.0,10287935.0,1767.716,Financial Services,"First Citizens BancShares, Inc.",192.75552,0.02366770093017312,forecast_icc,0.0663343844630791,0.7485829109521881,2026-08-20
FCPT,25.38,1.47,2785617664.0,109756406.0,10.365,Real Estate,"Four Corners Property Trust, In",1.14674,0.03055618536023852,forecast_icc,0.054577867998221286,0.40839242330062997,2026-08-20
FCX,71.22,0.6,99708002304.0,1400000000.0,14.003,Basic Materials,"Freeport-McMoRan, Inc.",3.00143,0.3736885417950777,forecast_icc,0.12094420569340208,0.1966161145243759,2026-08-20
FDBC,54.33,1.72,315576256.0,5808508.0,43.54,Financial Services,"Fidelity D & D Bancorp, Inc.",5.26,0.108,trailing_eps_fallback_icc,0.11162343972751942,0.80139881727984,2026-08-20
FDS,300.06,4.64,10671797248.0,35565543.0,56.804,Financial Services,FactSet Research Systems Inc.,17.82577,0.10518984593652903,forecast_icc,0.07710921822440095,0.18930879753648033,2026-08-20
FDSB,17.93,0.0,93875352.0,5235658.0,24.64,Financial Services,"Fifth District Bancorp, Inc.",0.34,0.01,trailing_eps_fallback_icc,0.019327538300161984,1.3742330694003684,2026-08-20
FDX,326.04,4.88,77164027904.0,236670435.0,131.863,Industrials,FedEx Corporation,17.704,0.17717521464075925,forecast_icc,0.09166911974815686,0.4044381095454356,2026-08-20
FDXF,136.4,0.0,20394272768.0,149518133.0,-3.324,Industrials,"FedEx Freight Holding Company, ",4.302,0.1747443049744306,forecast_icc,0.05878308285951485,,2026-08-20
FE,47.18,1.86,27300233216.0,578639932.0,22.354,Utilities,FirstEnergy Corp.,2.73338,0.07903035801827762,forecast_icc,0.07854641879385593,0.47380243742193234,2026-08-20
FEDU,9.8,0.0,22162092.0,2261438.0,31.055319,Consumer Defensive,Four Seasons Education (Cayman),0.3,0.04,forecast_icc,0.033587960819386725,3.16891015923596,2026-08-20
FEIM,65.54,0.0,718124032.0,10957034.0,5.715,Technology,"Frequency Electronics, Inc.",0.93,0.75,forecast_icc,0.11703252262473257,0.08719865443801217,2026-08-20
FELE,103.26,1.12,4565275648.0,44211464.0,31.834,Industrials,"Franklin Electric Co., Inc.",4.65,0.11021505376344076,forecast_icc,0.06409989200210398,0.30828976243583006,2026-08-20
FENC,11.35,0.0,398012288.0,35067159.0,1.211,Healthcare,Fennec Pharmaceuticals Inc.,0.334,0.75,forecast_icc,0.16733256640879757,0.10669602630208241,2026-08-20
FENG,1.47,0.0,17655842.0,5399831.0,14.457608,Communication Services,Phoenix New Media Limited,0.68,0.04,forecast_icc,0.18760616379095196,4.421688858806507,2026-08-20
FER,63.15,1.66,45518659584.0,720802155.0,9.151636,Industrials,Ferrovial N.V.,1.15794,0.14359984109712065,forecast_icc,0.04180121873779398,0.14491900708109348,2026-08-20
FERA,10.48,0.0,327674656.0,23600000.0,-0.426,Financial Services,Fifth Era Acquisition Corp I,0.16,0.469,trailing_eps_fallback_icc,0.07651731127120998,,2026-08-20
FERG,239.44,3.56,46320320512.0,193452717.0,32.054,Industrials,Ferguson Enterprises Inc.,11.29201,0.11289398433051345,forecast_icc,0.06835564821429319,0.13387069265014157,2026-08-20
FET,78.6,0.0,883958784.0,11246295.0,25.73,Energy,"Forum Energy Technologies, Inc.",3.945,0.2192648922686946,forecast_icc,0.08985632934926305,0.32735369067841064,2026-08-20
FF,5.58,0.14,244757328.0,43863318.0,3.49,Basic Materials,FutureFuel Corp.,0.8,0.04,forecast_icc,0.10569811544313257,0.6254479940228798,2026-08-20
FFA,23.25,1.55,464723008.0,19988085.0,23.72,Financial Services,First Trust Enhanced Equity Inc,4.04,0.75,trailing_eps_fallback_icc,0.4,1.020214984062076,2026-08-20
FFBC,32.95,1.01,3458726912.0,104968940.0,28.464,Financial Services,First Financial Bancorp.,3.2,0.0869781249999999,forecast_icc,0.10383902845615356,0.8638542400655423,2026-08-20
FFIN,34.23,0.88,4906100224.0,143327507.0,14.025,Financial Services,"First Financial Bankshares, Inc",2.046,0.055718475073313956,forecast_icc,0.06685461253736047,0.4097283369470358,2026-08-20
FFIV,377.79,0.0,21393184768.0,56627182.0,67.851,Technology,"F5, Inc.",17.33147,0.04300212272819337,forecast_icc,0.045127258474105814,0.17959976354849197,2026-08-20
FG,22.64,1.0,2964372992.0,130935209.0,35.199,Financial Services,"F&G Annuities & Life, Inc.",3.4525,0.4386676321506153,forecast_icc,0.2729267192591739,1.5547262217098892,2026-08-20
FGBI,9.1,0.04,150505760.0,16539094.0,11.747,Financial Services,"First Guaranty Bancshares, Inc.",0.4,0.625,forecast_icc,0.1779552291931369,1.2908790814251894,2026-08-20
FGI,8.83,0.0,17053122.0,1931271.0,8.385,Consumer Cyclical,FGI Industries Ltd.,0.2,0.75,forecast_icc,0.14793792220939717,0.9496036757961386,2026-08-20
FHB,26.61,1.04,3237921792.0,121680634.0,23.225,Financial Services,"First Hawaiian, Inc.",2.34768,0.0755980372112044,forecast_icc,0.09821224925046923,0.872792150703682,2026-08-20
FHI,63.13,1.44,4713303552.0,74651281.0,17.536,Financial Services,"Federated Hermes, Inc.",5.56923,0.05982694196504723,forecast_icc,0.08551763312496685,0.2777425322119377,2026-08-20
FHN,24.68,0.68,11692820480.0,473777158.0,17.903,Financial Services,First Horizon Corporation,2.13912,0.07787781891618972,forecast_icc,0.09290725637589403,0.7254051727025231,2026-08-20
FIBK,37.81,1.88,3603467264.0,95304607.0,34.774,Financial Services,"First Interstate BancSystem, In",2.70894,0.05161428455410588,forecast_icc,0.08340981043668619,0.9197037633524067,2026-08-20
FICO,1149.75,0.0,24831881216.0,21597635.0,-189.709,Technology,Fair Isaac Corporation,43.11008,0.2303273387569682,forecast_icc,0.07735866098560046,,2026-08-20
FIEE,4.7,0.0,40084408.0,8528598.0,0.624,Technology,"FiEE, Inc",0.47,0.04,trailing_eps_fallback_icc,0.07665107629007772,0.1327659660584235,2026-08-20
FIG,27.31,0.0,14556498944.0,455113611.0,2.785,Technology,"Figma, Inc.",0.28951,0.2371938793133226,forecast_icc,0.033523242950901255,0.08707391877065629,2026-08-20
FIGR,36.06,0.0,8091066368.0,185672153.0,5.679,Financial Services,"Figure Technology Solutions, In",1.32333,0.10831765319308118,forecast_icc,0.05169810385688589,0.1303205423029599,2026-08-20
FIGS,14.41,0.0,2394080768.0,157856601.0,2.583,Consumer Cyclical,"FIGS, Inc.",0.3554,0.043556555993246926,forecast_icc,0.029502214610207182,0.1703132182644057,2026-08-20
FINS,12.55,1.38,419381504.0,33416851.0,20.07,Financial Services,Angel Oak Financial Strategies Income Term Trust,1.67,0.01,trailing_eps_fallback_icc,0.12311206511394757,1.599203095923849,2026-08-20
FINV,4.4,0.31,1038813632.0,122754002.0,10.079403,Financial Services,FinVolution Group,8.30867,0.17310351716941486,forecast_icc,0.4,1.1910577777446858,2026-08-20
FINW,14.24,0.0,197689360.0,13882680.0,14.553,Financial Services,FinWise Bancorp,0.72,0.4537083333333334,forecast_icc,0.14431789455824545,1.0219803536214596,2026-08-20
FIS,40.58,1.76,20927346688.0,515705917.0,30.903,Technology,Fidelity National Information S,6.1918,0.08252204528570051,forecast_icc,0.13652699726021106,0.761532753800528,2026-08-20
FISI,40.79,1.26,803822464.0,19706360.0,31.774,Financial Services,"Financial Institutions, Inc.",4.19,0.026252983293555854,forecast_icc,0.08297180626318068,0.7789653943286661,2026-08-20
FISV,51.38,0.0,27322175488.0,531766721.0,50.667,,"Fiserv, Inc.",7.26511,0.12541861031698076,forecast_icc,0.12736486408685843,0.9861229558656659,2026-08-20
FITB,54.5,1.6,49425645568.0,906892564.0,35.629,Financial Services,Fifth Third Bancorp,3.06788,0.5948342177660142,forecast_icc,0.22161165391078674,0.6537431082878111,2026-08-20
FIVE,236.31,0.0,13066844160.0,55295351.0,41.819,Consumer Cyclical,"Five Below, Inc.",9.18034,0.07862780681325532,forecast_icc,0.04759359848384606,0.17696669946884866,2026-08-20
FIVN,32.3,0.0,2413569792.0,74723531.0,10.503,Technology,"Five9, Inc.",3.25727,0.17776542933192507,forecast_icc,0.12093833163245205,0.3251703135721878,2026-08-20
FIX,1672.94,3.6,58877997056.0,35194329.0,18.355,Industrials,"Comfort Systems USA, Inc.",48.97116,0.22608408704225114,forecast_icc,0.06631832116190439,0.010971703201462247,2026-08-20
FIZZ,32.21,0.0,3015245824.0,93612102.0,6.844,Consumer Defensive,National Beverage Corp.,1.9467,0.05476447321107525,forecast_icc,0.058481279281857534,0.21248059477886208,2026-08-20
FKWL,2.41,0.0,28400116.0,11784280.0,2.842,Technology,Franklin Wireless Corp.,0.09,0.01,forecast_icc,0.031742440248760315,1.1792530622058024,2026-08-20
FLC,16.79,1.25,175570032.0,10456821.0,18.694,Financial Services,Flaherty & Crumrine Total Retur,1.79,0.75,trailing_eps_fallback_icc,0.38639995814903527,1.1134007868381546,2026-08-20
FLEX,110.32,0.0,40752537600.0,369402978.0,14.89,Technology,Flex Ltd.,4.72433,0.5052102626192496,forecast_icc,0.14401192764796844,0.13497098993953202,2026-08-20
FLG,13.49,0.04,5599602176.0,415092836.0,18.313,Financial Services,"Flagstar Bank, N.A.",0.35153,0.75,forecast_icc,0.16292681808711607,1.3575241359553325,2026-08-20
FLNC,11.39,0.0,2589427200.0,143163588.0,2.607,Utilities,"Fluence Energy, Inc.",0.23321,0.04,forecast_icc,0.025335676326159406,0.1441351484668115,2026-08-20
FLNG,32.06,3.0,1734201600.0,54092376.0,12.908,Energy,FLEX LNG Ltd.,2.405,0.01,forecast_icc,0.07707464476732306,0.40262008142997907,2026-08-20
FLO,7.1,0.5,1505151872.0,211993230.0,6.242,Consumer Defensive,"Flowers Foods, Inc.",0.82832,0.01,forecast_icc,0.0963718609776828,0.8791549652073914,2026-08-20
FLOC,22.7,0.36,2469663232.0,43972689.0,8.305,Energy,Flowco Holdings Inc.,1.43526,0.15131753131836745,forecast_icc,0.09325013535607654,0.1478716520589152,2026-08-20
FLR,52.16,0.0,6975933952.0,133741067.0,19.813,Industrials,Fluor Corporation,2.70598,0.24394119690463367,forecast_icc,0.09738740601955798,0.3798504657159632,2026-08-20
FLS,78.1,0.88,9927507968.0,127112780.0,17.756,Industrials,Flowserve Corporation,4.11295,0.13298970325435522,forecast_icc,0.07694309626138388,0.22734955529173945,2026-08-20
FLUT,99.57,0.0,17279289344.0,173539102.0,50.438,Consumer Cyclical,Flutter Entertainment plc,5.02298,0.01,forecast_icc,0.038743132622877915,0.5065581721805793,2026-08-20
FLX,2.03,0.0,148453712.0,57937317.0,1.7221857,Industrials,BINGEX LIMITED,0.40896615,0.04,forecast_icc,0.11832503141367381,0.6721207404619624,2026-08-20
FLXS,80.03,1.0,326175136.0,4075661.0,34.623,Consumer Cyclical,"Flexsteel Industries, Inc.",5.29,0.14366729678638945,forecast_icc,0.09187253619322105,0.4326252838689703,2026-08-20
FLYW,18.75,0.0,2281268736.0,121667674.0,6.715,Technology,Flywire Corporation - Voting,1.05304,0.2778147078933375,forecast_icc,0.11005681107752097,0.3581333571171161,2026-08-20
FMAO,33.74,0.92,464706496.0,13773162.0,28.257,Financial Services,"Farmers & Merchants Bancorp, In",3.17333,0.03046326729334803,forecast_icc,0.07909706636320524,0.8374925721589225,2026-08-20
FMBH,50.26,1.04,1337012096.0,26601912.0,41.427,Financial Services,"First Mid Bancshares, Inc.",4.73429,0.04375312876904469,forecast_icc,0.08213741037089725,0.8242538805153787,2026-08-20
FMC,10.88,0.32,1362468096.0,125226839.0,13.071,Basic Materials,FMC Corporation,1.29192,0.26105331599479853,forecast_icc,0.17695849687803833,1.2013785991573045,2026-08-20
FMFC,0.2243,0.0,4104690.0,15300000.0,0.44,Consumer Cyclical,Kandal M Venture Limited,0.01,0.04,trailing_eps_fallback_icc,0.04342887275624274,1.640075133566725,2026-08-20
FMNB,15.72,0.68,931371840.0,59247572.0,13.235,Financial Services,Farmers National Banc Corp.,1.67667,0.04969970238627752,forecast_icc,0.10027423686372539,0.8419211122165772,2026-08-20
FMS,23.43,0.87,12469899264.0,532219370.0,27.292383,Healthcare,Fresenius Medical Care AG,2.06725,0.5207788124319748,forecast_icc,0.24467835240223101,1.1648478130046513,2026-08-20
FMX,118.71,5.9,40442298368.0,340681468.0,36.86003,Consumer Defensive,Fomento Economico Mexicano S.A.,6.00033,0.01,forecast_icc,0.051692041951104994,0.3105048337425895,2026-08-20
FMY,11.7,0.79,49293444.0,4213115.0,12.646,Financial Services,First Trust Motgage Income Fund,0.71,0.01,trailing_eps_fallback_icc,0.06237929521571106,1.0808547337451204,2026-08-20
FN,444.87,0.0,15941856256.0,35834864.0,68.488,Technology,Fabrinet,18.19723,0.19730970043242846,forecast_icc,0.07465514886889141,0.1539505893304173,2026-08-20
FNB,18.53,0.52,6596012032.0,355963949.0,19.343,Financial Services,F.N.B. Corporation,1.6875,0.11037037037037045,forecast_icc,0.10707533982150927,1.0438747885999915,2026-08-20
FND,54.7,0.0,5825001472.0,106489965.0,23.351,Consumer Cyclical,"Floor & Decor Holdings, Inc.",1.9757,0.11560965733664008,forecast_icc,0.052577494530695934,0.42689211061456017,2026-08-20
FNF,47.44,2.08,12723067904.0,268192827.0,27.81,Financial Services,"Fidelity National Financial, In",5.15731,0.1224184700939055,forecast_icc,0.1303813967683708,0.5862141564555466,2026-08-20
FNGR,0.2294,0.0,14064596.0,61310361.0,0.218,Communication Services,"FingerMotion, Inc.",0.03,0.04,forecast_icc,0.0910533342946421,0.9503051988126784,2026-08-20
FNKO,6.22,0.0,348293664.0,55995766.0,3.352,Consumer Cyclical,"Funko, Inc.",0.335,0.01,forecast_icc,0.04047921249611748,0.5389067532161596,2026-08-20
FNLC,35.04,1.52,395333216.0,11282340.0,25.974,Financial Services,"First Bancorp, Inc (ME)",3.37,0.181,trailing_eps_fallback_icc,0.1434340025300881,0.7412670812866886,2026-08-20
FNRN,17.44,0.0,285934080.0,16395303.0,13.245,Financial Services,First Northern Community Bancor,1.3,0.01,trailing_eps_fallback_icc,0.05172734516492454,0.7594610206485355,2026-08-20
FNV,258.14,1.76,49788448768.0,192873810.0,42.035,Basic Materials,Franco-Nevada Corporation,8.49213,0.10819429283348247,forecast_icc,0.05001981043893633,0.16283798358788826,2026-08-20
FNWB,11.09,0.28,105483808.0,9511615.0,17.813,Financial Services,First Northwest Bancorp,0.08,0.75,forecast_icc,0.09379758592541843,1.606221857244668,2026-08-20
FNWD,43.36,0.62,187878976.0,4333002.0,41.146,Financial Services,Finward Bancorp,2.63,0.1901140684410647,forecast_icc,0.10076163592999932,0.9489390675197208,2026-08-20
FOA,20.28,0.0,186940160.0,9217956.0,38.791,Financial Services,Finance of America Companies In,4.59333,0.11828891022417287,forecast_icc,0.1609056059454349,1.9127710770976123,2026-08-20
FOF,13.53,1.04,,,,Financial Services,,2.27,0.04,trailing_eps_fallback_icc,0.13909359224024465,,2026-08-20
FOIL,22.58,0.0,8743444480.0,387220760.0,10.9867325,Industrials,Londian Wason New Energy Tech I,0.01,0.04,trailing_eps_fallback_icc,0.010000000000000002,0.48656921403207676,2026-08-20
FOR,28.88,0.0,1473389056.0,51017627.0,36.398,Real Estate,Forestar Group Inc,2.88667,0.03925976990788693,forecast_icc,0.07635461026153212,1.2603185696161436,2026-08-20
FORM,115.71,0.0,9039349760.0,78120725.0,14.226,Technology,"FormFactor, Inc.",3.05714,0.1366833053115004,forecast_icc,0.04547701522964254,0.12294528515400649,2026-08-20
FORR,11.67,0.0,222185136.0,19039000.0,6.308,Industrials,"Forrester Research, Inc.",0.775,0.16774193548387095,forecast_icc,0.09264881279063031,0.5405312621812829,2026-08-20
FORTY,116.21,2.48,1782041600.0,15334667.0,90.416,Technology,Formula Systems (1985) Ltd.,3.8,0.75,trailing_eps_fallback_icc,0.21074383291568555,0.7780397783486086,2026-08-20
FOUR,47.86,0.0,3779031296.0,78960120.0,7.763,Technology,"Shift4 Payments, Inc.",5.19079,0.2031039591276087,forecast_icc,0.1335460871956734,0.16220225860759846,2026-08-20
FOX,60.45,0.58,25367851008.0,220248764.0,27.713,Communication Services,Fox Corporation,5.91,0.031,forecast_icc,0.07516773179112202,0.24060981731590594,2026-08-20
FOXA,67.96,0.58,28519424000.0,199401385.0,27.713,Communication Services,Fox Corporation,5.88796,0.01,forecast_icc,0.059988110129875705,0.1937630501410197,2026-08-20
FOXF,21.33,0.0,896521216.0,42031001.0,15.87,Consumer Cyclical,Fox Factory Holding Corp.,1.592,0.1547298994974875,forecast_icc,0.09578549041738549,0.7440225328365235,2026-08-20
FPF,17.65,1.65,1073964160.0,60847827.0,,Financial Services,First Trust Intermediate Durati,2.54,0.04,trailing_eps_fallback_icc,0.13805931133856264,,2026-08-20
FPH,5.12,0.0,757260736.0,71783254.0,11.823,Real Estate,"Five Point Holdings, LLC",0.66,0.75,forecast_icc,0.31011788744426305,1.1207413400633517,2026-08-20
FPI,10.12,0.36,444508192.0,43630722.0,10.607,Real Estate,Farmland Partners Inc.,0.27,0.01,forecast_icc,0.029190107552156,1.041130572131278,2026-08-20
FPS,33.36,0.0,10155748352.0,259971169.0,1.829,Industrials,"Forgent Power Solutions, Inc.",0.67494,0.7319020950010373,forecast_icc,0.13679814263935375,0.046819520494258894,2026-08-20
FR,62.62,2.0,8580128256.0,132572946.0,20.936,Real Estate,"First Industrial Realty Trust, ",2.51,0.01,forecast_icc,0.039203481642027097,0.32348551381094875,2026-08-20
FRA,10.92,1.49,,,12.972,Financial Services,,0.7,0.04,trailing_eps_fallback_icc,0.08016284146620209,,2026-08-20
FRAF,62.1,1.36,279424032.0,4499582.0,40.912,Financial Services,Franklin Financial Services Cor,5.79,0.13816925734024177,forecast_icc,0.11466710573234706,0.6588083976398995,2026-08-20
FRBA,18.18,0.33,450028320.0,24754032.0,18.314,Financial Services,First Bank,1.60667,0.12344165261067919,forecast_icc,0.10485720933877399,1.007370696244183,2026-08-20
FRBT,19.02,0.0,965538560.0,30016203.0,19.461,Financial Services,"Forbright, Inc.",1.13883,0.75,forecast_icc,0.22831511982508823,0.604994301401075,2026-08-20
FRD,42.54,0.16,306832128.0,7212791.0,22.758,Basic Materials,Friedman Industries Inc.,3.84,0.75,trailing_eps_fallback_icc,0.2746056686757473,0.5349788454291201,2026-08-20
FRHC,163.69,0.0,10441402368.0,63787666.0,24.993,Financial Services,Freedom Holding Corp.,4.5,0.01,forecast_icc,0.025568469669486532,0.15268496320225325,2026-08-20
FRME,41.94,1.48,2633891584.0,62801423.0,42.955,Financial Services,First Merchants Corporation,3.86333,0.16005363248803506,forecast_icc,0.12848749934426273,1.0242012774376212,2026-08-20
FRMI,5.97,0.0,3823589888.0,640467348.0,1.617,Real Estate,Fermi Inc.,0.11589,0.04,forecast_icc,0.024364352311737725,0.27085428407639933,2026-08-20
FRO,43.56,3.13,9697454080.0,222622889.0,12.763,Energy,Frontline Plc,7.73692,0.01,forecast_icc,0.12141629372188067,0.2929981321764609,2026-08-20
FROG,89.72,0.0,11062593536.0,123301311.0,7.808,Technology,JFrog Ltd.,0.98018,0.16792833969270937,forecast_icc,0.02753436812151383,0.08702630474084155,2026-08-20
FRPH,21.94,0.0,421210720.0,19198301.0,22.343,Real Estate,"FRP Holdings, Inc.",0.42,0.04,forecast_icc,0.02411477769243591,1.018368286645221,2026-08-20
FRPT,74.13,0.0,3562544640.0,48058074.0,25.454,Consumer Defensive,"Freshpet, Inc.",1.56074,0.2567884465061445,forecast_icc,0.05705481429979521,0.3433697930016675,2026-08-20
FRSH,13.01,0.0,3394579200.0,236959436.0,3.409,Technology,Freshworks Inc.,0.66967,0.2441799692385802,forecast_icc,0.09699902901498969,0.23796608349099646,2026-08-20
FRST,16.17,0.4,401000992.0,24799072.0,17.539,Financial Services,Primis Financial Corp.,1.39,0.39568345323741005,forecast_icc,0.1912026563788295,1.0846629621504777,2026-08-20
FRT,117.25,4.64,10249799680.0,86889133.0,36.885,Real Estate,Federal Realty Investment Trust,4.176,0.01,forecast_icc,0.037192278724944794,0.3126798348028788,2026-08-20
FSBC,45.04,1.0,1105129088.0,24536614.0,22.136,Financial Services,Five Star Bancorp,3.496,0.07151029748283744,forecast_icc,0.08277377478028003,0.4914742480328234,2026-08-20
FSBW,42.6,1.16,316601984.0,7431972.0,43.569,Financial Services,"FS Bancorp, Inc.",4.34,0.07526958525345617,forecast_icc,0.10078367777677333,1.0227465538181846,2026-08-20
FSCO,5.14,0.76,1039665984.0,202269645.0,,Financial Services,FS Credit Opportunities Corp.,0.76,0.04,trailing_eps_fallback_icc,0.17296280581862578,,2026-08-20
FSHP,11.2,0.0,56285788.0,5025517.0,-0.667,Financial Services,Flag Ship Acquisition Corp.,0.17,0.01,trailing_eps_fallback_icc,0.016200370293711804,,2026-08-20
FSI,5.3,0.0,67694240.0,12772498.0,3.047,Basic Materials,Flexible Solutions Internationa,0.32,0.04,forecast_icc,0.054244877363727156,0.5749056552817493,2026-08-20
FSK,11.91,2.04,3291212800.0,276340280.0,18.299,Financial Services,FS KKR Capital Corp.,1.62179,0.01,forecast_icc,0.1395757394567193,1.5364399359774004,2026-08-20
FSLR,214.06,0.0,23004983296.0,107469788.0,96.031,Technology,"First Solar, Inc.",17.48188,0.31728338142122015,forecast_icc,0.1453551639632894,0.4486172008315464,2026-08-20
FSLY,22.71,0.0,3617702912.0,159300000.0,6.229,Technology,"Fastly, Inc.",0.52526,0.11152572059551469,forecast_icc,0.03766717516662925,0.274284462858624,2026-08-20
FSM,11.9,0.0,3521892608.0,295957387.0,5.97,Basic Materials,Fortuna Mining Corp.,1.43354,0.22710213876138785,forecast_icc,0.1486110523027776,0.5016807146182011,2026-08-20
FSS,121.99,0.6,7446466048.0,61041611.0,24.698,Industrials,Federal Signal Corporation,5.23102,0.10475586023375927,forecast_icc,0.058600753520492294,0.20245922008640843,2026-08-20
FSTR,37.95,0.0,399225024.0,10519763.0,17.157,Industrials,L.B. Foster Company,1.62,0.24999999999999978,forecast_icc,0.08806707006391162,0.4520948411064533,2026-08-20
FSUN,39.92,0.0,1754498560.0,43950366.0,39.29,Financial Services,FirstSun Capital Bancorp,3.3175,0.41748304446119056,forecast_icc,0.17354301950279505,0.98421846532607,2026-08-20
FSV,143.45,1.22,6300688384.0,43922540.0,27.587,Real Estate,FirstService Corporation,6.12614,0.09436610981792781,forecast_icc,0.05732303373464036,0.1923109090836764,2026-08-20
FT,7.85,0.51,,,9.059,Financial Services,,1.3,0.04,trailing_eps_fallback_icc,0.13234593695558028,,2026-08-20
FTAI,197.81,2.0,20316489728.0,102707091.0,3.936,Industrials,FTAI Aviation Ltd.,5.69,0.75,forecast_icc,0.18210965923494793,0.01989788174966364,2026-08-20
FTDR,81.94,0.0,5645117952.0,68893316.0,4.099,Consumer Cyclical,"frontdoor, inc.",4.7175,0.10810810810810811,forecast_icc,0.07027750087909823,0.05002441130285882,2026-08-20
FTF,5.8,0.74,,,6.624,Financial Services,,0.42,0.01,trailing_eps_fallback_icc,0.07440818144233508,,2026-08-20
FTFT,0.6858,0.0,1427033.0,2080831.0,33.219,Technology,Future FinTech Group Inc.,98.31,0.04,trailing_eps_fallback_icc,0.4,48.43835075222508,2026-08-20
FTHY,13.38,1.5,492022592.0,36772989.0,,Financial Services,First Trust High Yield Opportunities 2027 Term Fund,0.69,0.04,trailing_eps_fallback_icc,0.0654576463374531,,2026-08-20
FTI,77.62,0.2,30439800832.0,392164388.0,8.329,Energy,TechnipFMC plc,3.11659,0.15473642667145815,forecast_icc,0.06592049384887885,0.10730481469570742,2026-08-20
FTK,25.0,0.0,905510720.0,36220429.0,3.572,Energy,"Flotek Industries, Inc.",0.715,0.13286713286713292,forecast_icc,0.047489326016573144,0.14288000078894703,2026-08-20
FTLF,10.09,0.0,94755920.0,9391072.0,4.832,Consumer Defensive,"FitLife Brands, Inc.",0.87,0.48275862068965525,forecast_icc,0.19413868583431426,0.47888997229935604,2026-08-20
FTNT,150.79,0.0,110636679168.0,733713653.0,2.114,Technology,"Fortinet, Inc.",3.45061,0.08953489383036617,forecast_icc,0.03444760763044362,0.014019497639537104,2026-08-20
FTRE,18.19,0.0,1729869056.0,95100000.0,5.512,Healthcare,Fortrea Holdings Inc.,0.84039,0.3547281619248208,forecast_icc,0.11570796407506145,0.30302362955268675,2026-08-20
FTS,56.24,1.84,28733016064.0,510900000.0,33.33695,Utilities,Fortis Inc.,2.579,0.07203955021326092,forecast_icc,0.0634674284321225,0.5927622675274749,2026-08-20
FTV,59.4,0.24,17939814400.0,302017052.0,20.028,Technology,Fortive Corporation,3.01762,0.07665312398512736,forecast_icc,0.05843869054909387,0.33717168876931075,2026-08-20
FTW,11.43,1.35,358054080.0,29652058.0,5.427,Energy,Presidio Production Company,0.37,0.01,trailing_eps_fallback_icc,0.03434791373798013,0.44943411555595175,2026-08-20
FUBO,10.59,0.0,319863296.0,30204277.0,27.585,Communication Services,fuboTV Inc.,0.466,0.04,forecast_icc,0.0430035335857096,2.604815843093795,2026-08-20
FUFU,1.45,0.0,241647728.0,31653598.0,0.865,Financial Services,BitFuFu Inc.,0.08,0.01,forecast_icc,0.041239583227237156,0.11330693028489802,2026-08-20
FUL,59.16,0.98,3182063360.0,53787411.0,38.718,Basic Materials,H. B. Fuller Company,4.86898,0.09354115235634586,forecast_icc,0.09062772620575521,0.6544624488866244,2026-08-20
FULT,23.62,0.76,4522308608.0,191461000.0,18.923,Financial Services,Fulton Financial Corporation,2.21714,0.06443436138448622,forecast_icc,0.09433984257231642,0.8011431366251419,2026-08-20
FUN,16.79,0.0,1717890944.0,102316312.0,1.121,Consumer Cyclical,Six Flags Entertainment Corpora,0.07368,0.04,forecast_icc,0.010000000000000002,0.0667659295560033,2026-08-20
FUNC,43.35,1.04,279773792.0,6453836.0,32.907,Financial Services,First,3.33,0.4414414414414414,forecast_icc,0.19536587051210808,0.7591003422221906,2026-08-20
FUSB,16.45,0.28,90552464.0,5504709.0,18.881,Financial Services,"First US Bancshares, Inc.",1.32,0.75,trailing_eps_fallback_icc,0.2801412093847647,1.1477811429736469,2026-08-20
FUTU,112.73,2.6,15804126208.0,95750481.0,37.461773,Financial Services,Futu Holdings Limited,71.13668,0.34749260156644923,forecast_icc,0.39307490724901906,0.2269649543830581,2026-08-20
FVCB,18.53,0.28,334173824.0,18034205.0,14.782,Financial Services,"FVCBankcorp, Inc.",1.58,0.018987341772152,forecast_icc,0.06549987611029062,0.7977333925173026,2026-08-20
FVN,12.0,0.0,90528000.0,7544000.0,-0.02,Financial Services,Future Vision II Acquisition Co,0.25,0.01,trailing_eps_fallback_icc,0.020784223298096684,,2026-08-20
FVR,19.86,0.86,600225216.0,24455953.0,18.491,Real Estate,"FrontView REIT, Inc.",0.04434,0.04,forecast_icc,0.010000000000000002,0.7534089119691365,2026-08-20
FVRR,9.18,0.0,330027680.0,35950728.0,12.041,Communication Services,Fiverr International Ltd.,1.65625,0.01,forecast_icc,0.09479013212895138,1.3116557855025979,2026-08-20
FWDI,5.02,0.0,370711328.0,73846883.0,7.226,Consumer Cyclical,"Forward Industries, Inc.",0.195,0.04,forecast_icc,0.03926101021595463,1.4394423268284913,2026-08-20
FWONA,95.6,0.0,23967729664.0,23991058.0,31.721,Communication Services,Liberty Media Corporation - Ser,1.91118,0.2651660230852142,forecast_icc,0.05638332592890248,0.031751874770227714,2026-08-20
FWONK,104.16,0.0,26113796096.0,224336239.0,31.721,Communication Services,Liberty Media Corporation - Ser,1.58409,0.1868454443876295,forecast_icc,0.0366945432816376,0.2725061423914934,2026-08-20
FWRD,17.79,0.0,600961600.0,33780862.0,-3.422,Industrials,Forward Air Corporation,0.43,0.04,forecast_icc,0.028540966876899554,,2026-08-20
FWRG,12.63,0.0,779428096.0,61712435.0,10.276,Consumer Cyclical,"First Watch Restaurant Group, I",0.16708,0.5215465645199904,forecast_icc,0.07769434024553357,0.8136183251726147,2026-08-20
FXNC,31.01,0.68,280411936.0,9042629.0,21.408,Financial Services,First National Corporation,2.44,0.05464344262295073,forecast_icc,0.07763259070976403,0.6903579226812941,2026-08-20
G,36.93,0.75,6205510656.0,168034407.0,15.502,Technology,Genpact Limited,4.12028,0.09557117477452981,forecast_icc,0.11045238926843165,0.41976712662565446,2026-08-20
GAB,5.61,0.6,,,5.588,Financial Services,,0.98,0.224,trailing_eps_fallback_icc,0.2499483568709352,,2026-08-20
GABC,49.94,1.22,1876685568.0,37578808.0,32.242,Financial Services,"German American Bancorp, Inc.",3.92167,0.0492978756499145,forecast_icc,0.0765956123043933,0.6456147732980275,2026-08-20
GAIN,16.35,0.96,,,16.78,Financial Services,Gladstone Investment Corporatio,1.01,0.01,forecast_icc,0.062330123201245105,,2026-08-20
GAM,67.1,0.0,1599134720.0,23832113.0,73.083,Financial Services,"General American Investors, Inc",15.94,0.225,trailing_eps_fallback_icc,0.20656466628583725,1.0891654671715214,2026-08-20
GAP,19.65,0.7,,,10.125,Consumer Cyclical,"Gap, Inc. (The)",2.71904,0.01,forecast_icc,0.09160997560374906,,2026-08-20
GASS,9.52,0.0,354007776.0,37185686.0,19.426,Industrials,"StealthGas, Inc.",1.82,0.01,forecast_icc,0.09834076665624025,2.040545957487668,2026-08-20
GATX,176.7,2.64,6238403072.0,35305058.0,78.867,Industrials,GATX Corporation,10.22798,0.10193899479662649,forecast_icc,0.07476649394605117,0.4463328158103985,2026-08-20
GAU,2.27,0.0,593813312.0,261591764.0,1.214,Basic Materials,Galiano Gold Inc.,0.528,0.39204545454545436,forecast_icc,0.26502989924181086,0.53480175516173,2026-08-20
GAUZ,0.33,0.0,6185235.0,18743137.0,0.953,Technology,Gauzy Ltd.,0.59,0.04,forecast_icc,0.36981362660319517,2.8878788859275355,2026-08-20
GBAB,13.91,1.51,385066240.0,27682693.0,,Financial Services,Guggenheim Taxable Municipal Ma,1.18,0.04,trailing_eps_fallback_icc,0.10387442725584439,,2026-08-20
GBCI,47.25,1.32,6152514560.0,130211953.0,33.126,Financial Services,"Glacier Bancorp, Inc.",3.12167,0.15483058747401235,forecast_icc,0.10297578077603331,0.7010793900629144,2026-08-20
GBFH,20.75,0.0,301216480.0,14516457.0,11.942,Financial Services,GBank Financial Holdings Inc.,1.615,0.6243529411764708,forecast_icc,0.22199692137037597,0.5755180775434332,2026-08-20
GBLI,27.22,1.4,398517504.0,10847002.0,45.842,Financial Services,"Global Indemnity Group, LLC",2.37,0.24894514767932474,forecast_icc,0.16626361027370018,1.2477451070354992,2026-08-20
GBTG,9.46,0.0,4941652992.0,522373443.0,3.138,Consumer Cyclical,"Global Business Travel Group, I",0.09267,0.75,forecast_icc,0.09576222646705157,0.3317124587233664,2026-08-20
GBX,45.81,1.36,1417347072.0,30939686.0,50.848,Industrials,"Greenbrier Companies, Inc. (The",3.03333,0.28571569858867973,forecast_icc,0.143380453136715,1.1099759436536938,2026-08-20
GCBC,34.66,0.44,590103296.0,17025485.0,16.319,Financial Services,"Greene County Bancorp, Inc.",2.41,0.215,trailing_eps_fallback_icc,0.11467821271335044,0.47083094027490396,2026-08-20
GCMG,13.47,0.48,823370816.0,61126269.0,0.415,Financial Services,GCM Grosvenor Inc.,0.9,0.19999999999999996,forecast_icc,0.12205565276780417,0.03080920666855406,2026-08-20
GCO,34.15,0.0,379303136.0,11106973.0,49.678,Consumer Cyclical,Genesco Inc.,2.25,0.27222222222222214,forecast_icc,0.11874837687862783,1.4546998227138306,2026-08-20
GCT,49.86,0.0,1780512384.0,28839563.0,14.751,Technology,GigaCloud Technology Inc,4.18,0.1555023923444978,forecast_icc,0.10278955346840746,0.23892695026208813,2026-08-20
GCTK,0.3416,0.0,3613725.0,10578822.0,-0.337,Healthcare,"GlucoTrack, Inc.",1.15,0.04,trailing_eps_fallback_icc,0.4,,2026-08-20
GCV,4.61,0.48,92879912.0,20147486.0,4.141,Financial Services,Gabelli Convertible and Income ,1.01,0.01,trailing_eps_fallback_icc,0.15112186104214642,0.8982646271887078,2026-08-20
GD,386.07,6.36,104454012928.0,270557195.0,99.3,Industrials,General Dynamics Corporation,16.99896,0.09386338928969762,forecast_icc,0.061335502700022235,0.25720725044828024,2026-08-20
GDDY,98.19,0.0,12435537920.0,126647704.0,0.053,Technology,GoDaddy Inc.,7.40858,0.2466451060797077,forecast_icc,0.12099049866080558,0.000539769839888036,2026-08-20
GDEV,11.2,0.0,203285456.0,18150489.0,-4.99,Communication Services,GDEV Inc.,4.4,0.18409090909090908,forecast_icc,0.24234439912079486,,2026-08-20
GDHG,1.27,0.0,25440762.0,19960521.0,10.882,Consumer Cyclical,Golden Heaven Group Holdings Lt,187.3,0.04,trailing_eps_fallback_icc,0.4,8.537888508292323,2026-08-20
GDL,8.4301,0.48,,,,Financial Services,,0.7,0.04,trailing_eps_fallback_icc,0.08902982829512174,,2026-08-20
GDO,10.28,1.46,,,,Financial Services,,1.21,0.04,trailing_eps_fallback_icc,0.14034720035082648,,2026-08-20
GDOT,13.34,0.0,760182336.0,56985179.0,16.485,Financial Services,Green Dot Corporation,1.44,0.04166666666666674,forecast_icc,0.08120059626090026,1.2357570431825977,2026-08-20
GDRX,3.56,0.0,1214477568.0,107181201.0,1.904,Healthcare,"GoodRx Holdings, Inc.",0.30357,0.17778436604407566,forecast_icc,0.11010050064509824,0.16803357433770238,2026-08-20
GDS,32.85,0.0,6582404608.0,194928821.0,22.328299,Technology,GDS Holdings Limited,2.9046,0.01,forecast_icc,0.058547703211594346,0.6612217355517321,2026-08-20
GDV,30.14,1.8,2635631360.0,87446297.0,30.764,Financial Services,Gabelli Dividend & Income Trust,4.84,0.541,trailing_eps_fallback_icc,0.3307069515234492,1.0207033964370495,2026-08-20
GDYN,7.91,0.0,641713600.0,81126881.0,6.413,Technology,"Grid Dynamics Holdings, Inc.",0.46547,0.1302124734139687,forecast_icc,0.076829257770609,0.8107459275492993,2026-08-20
GE,344.64,1.88,357585551360.0,1037562513.0,17.001,Industrials,GE Aerospace,7.91328,0.22797626268753302,forecast_icc,0.058381760736795685,0.049329734426977155,2026-08-20
GEF,86.43,2.3,4913386496.0,24808643.0,52.831,Consumer Cyclical,Greif Inc.,4.31167,0.10591255824309354,forecast_icc,0.07405343045605622,0.26675398310310333,2026-08-20
GEF-B,110.0,3.44,4168865024.0,21359678.0,52.831,Consumer Cyclical,"Greif, Inc. Corporation",6.375,0.10274509803921572,forecast_icc,0.08222372948460899,0.270685940159141,2026-08-20
GEG,2.15,1.0,67417568.0,31357008.0,1.332,Financial Services,"Great Elm Group, Inc.",1.48,0.04,forecast_icc,0.4,0.6195348763693167,2026-08-20
GEHC,74.06,0.14,33451882496.0,451686252.0,24.298,Healthcare,GE HealthCare Technologies Inc.,4.92746,0.09797339805904048,forecast_icc,0.07518572548371105,0.328085349229848,2026-08-20
GEL,16.04,0.8,1960317824.0,122174321.0,-2.756,Energy,"Genesis Energy, L.P.",0.75,0.04,forecast_icc,0.059722162832679504,,2026-08-20
GEN,28.175,0.5,16865188864.0,598587032.0,4.434,Technology,Gen Digital Inc.,2.92011,0.13046426333254546,forecast_icc,0.11665353273210799,0.15737356523492294,2026-08-20
GENC,19.03,0.0,278936064.0,12338845.0,15.335,Industrials,"Gencor Industries, Inc.",1.07,0.01,forecast_icc,0.041844920778691175,0.6783496739776181,2026-08-20
GENI,7.93,0.0,2201581568.0,267626957.0,2.556,Communication Services,Genius Sports Limited,0.62,0.7258064516129032,forecast_icc,0.24851936314909506,0.310710496506119,2026-08-20
GEO,31.72,0.0,4174973184.0,131619584.0,11.255,Industrials,Geo Group Inc (The) REIT,1.3075,0.3078393881453154,forecast_icc,0.09860639237528884,0.35482345697384965,2026-08-20
GEOS,5.37,0.0,69464184.0,12935603.0,7.399,Energy,Geospace Technologies Corporati,0.4,0.04,forecast_icc,0.06286839649530529,1.3778399325471096,2026-08-20
GERN,1.55,0.0,995833728.0,642473409.0,0.34,Healthcare,Geron Corporation,0.04,0.04,forecast_icc,0.029882321457789844,0.21935485103392682,2026-08-20
GETY,0.2725,0.0,114727536.0,421018476.0,1.286,Communication Services,"Getty Images Holdings, Inc.",0.12616,0.01,forecast_icc,0.16633476531796176,4.719266001982297,2026-08-20
GEV,966.01,2.0,257280901120.0,266333581.0,44.895,Industrials,GE Vernova Inc.,30.84574,0.01,forecast_icc,0.028773541704943395,0.046474674439273826,2026-08-20
GEVO,1.51,0.0,373328032.0,247237104.0,1.141,Basic Materials,"Gevo, Inc.",0.06,0.04,forecast_icc,0.03983168568197837,0.7556291290336322,2026-08-20
GF,11.3095,0.28,,,12.702,Financial Services,,3.43,0.04,trailing_eps_fallback_icc,0.15930161670969178,,2026-08-20
GFAI,0.3453,0.0,10840119.0,31393337.0,1.402,Industrials,"Guardforce AI Co., Limited",0.03,0.04,forecast_icc,0.06981571820901589,4.060237574329212,2026-08-20
GFF,100.13,0.88,4592625664.0,45866631.0,2.84,Industrials,Griffon Corporation,5.39836,0.14012774249957394,forecast_icc,0.07878498216468699,0.028363128539099676,2026-08-20
GFI,45.45,2.32,,,4.714,Basic Materials,Gold Fields Limited,4.91654,0.09203220150756408,forecast_icc,0.12217700931624587,,2026-08-20
GFL,41.17,0.07,14857854976.0,349077362.0,14.699355,Industrials,GFL Environmental Inc. Subordin,0.8232,0.5022108843537414,forecast_icc,0.09738037438518832,0.34535348977291774,2026-08-20
GFR,6.37,0.0,936443776.0,147008455.0,6.578468,Energy,Greenfire Resources Ltd.,0.225,0.75,forecast_icc,0.18180241975132694,1.0327266214292612,2026-08-20
GFS,47.33,0.48,25970012160.0,548700833.0,21.536,Technology,GlobalFoundries Inc.,1.95597,0.3429756080103479,forecast_icc,0.11398810287296673,0.4550179286280319,2026-08-20
GGAL,41.0,1.79,6947591168.0,132503208.0,3.5664783,Financial Services,Grupo Financiero Galicia S.A.,4.29586,0.4906049079811725,forecast_icc,0.2563948263046917,0.06801923207413266,2026-08-20
GGB,4.33,0.15,8496007680.0,1245150696.0,5.2741976,Basic Materials,Gerdau S.A.,2.72233,0.17306131145011805,forecast_icc,0.31225783951112673,0.7729713837171966,2026-08-20
GGG,81.71,1.18,13233247232.0,161953824.0,15.577,Industrials,Graco Inc.,3.29667,0.06744078115188956,forecast_icc,0.050793538305181254,0.19063761692198997,2026-08-20
GGN,5.59,0.42,,,5.503,Financial Services,,2.01,0.75,trailing_eps_fallback_icc,0.4,,2026-08-20
GGT,4.11,0.96,171837600.0,41809633.0,3.794,Financial Services,"Gabelli Multi-Media Trust, Inc.",1.25,0.049,trailing_eps_fallback_icc,0.28774742098224737,0.9231143102673687,2026-08-20
GGZ,16.38,0.84,,,,Financial Services,,2.97,0.04,trailing_eps_fallback_icc,0.1320037932422501,,2026-08-20
GHC,1152.5,7.52,4880754688.0,3270927.0,1124.359,Industrials,Graham Holdings Company,69.0,0.01,forecast_icc,0.04541047581031321,0.7535097430393535,2026-08-20
GHG,1.1,0.06,110987064.0,66134416.0,2.3420606,Consumer Cyclical,GreenTree Hospitality Group Ltd,0.49,0.75,forecast_icc,0.4,1.3955753439662986,2026-08-20
GHM,99.99,0.0,1173585920.0,11737033.0,16.389,Industrials,Graham Corporation,1.795,0.26183844011142066,forecast_icc,0.05185811936049556,0.16390639198960394,2026-08-20
GIB,74.26,0.49,15377420288.0,182952649.0,35.225155,Technology,CGI Inc.,8.92727,0.09464371526793758,forecast_icc,0.10879581781677417,0.41909080313781144,2026-08-20
GIC,38.73,1.1,1475936000.0,38108341.0,8.993,Industrials,Global Industrial Company,2.305,0.01,forecast_icc,0.050917587882280624,0.2321972704866607,2026-08-20
GIII,33.18,0.4,1399883136.0,42190573.0,43.235,Consumer Cyclical,"G-III Apparel Group, LTD.",2.22333,0.11094619332262878,forecast_icc,0.08320775931488267,1.3030440732839859,2026-08-20
GIL,55.45,1.0,10268888064.0,185191848.0,18.039,Consumer Cyclical,"Gildan Activewear, Inc.",4.67254,0.18365171833734983,forecast_icc,0.12060076580822562,0.32532010527834304,2026-08-20
GILD,143.44,3.28,177859182592.0,1239955155.0,9.532,Healthcare,"Gilead Sciences, Inc.",9.89229,0.04,forecast_icc,0.06681508704452227,0.06645286661736644,2026-08-20
GILT,10.52,0.0,810352000.0,77029657.0,7.07,Technology,Gilat Satellite Networks Ltd.,0.68,0.12745588235294103,forecast_icc,0.08081371900681644,0.6720532250059233,2026-08-20
GIS,39.61,2.44,21176674304.0,534629472.0,10.354,Consumer Defensive,"General Mills, Inc.",3.07807,0.0431861523617072,forecast_icc,0.08930904502683287,0.2613986253753926,2026-08-20
GKOS,184.89,0.0,10905539584.0,58983937.0,11.595,Healthcare,Glaukos Corporation,0.50433,0.04,forecast_icc,0.010000000000000002,0.06271296750125115,2026-08-20
GL,170.49,1.32,13102062592.0,76849447.0,79.89,Financial Services,Globe Life Inc.,15.71031,0.051426738237501324,forecast_icc,0.07920321224055138,0.4685905198299636,2026-08-20
GLAD,19.73,1.8,445761216.0,22593069.0,21.498,Financial Services,Gladstone Capital Corporation,1.972,0.01,forecast_icc,0.09815371511954674,1.089609817831258,2026-08-20
GLAS,9.52,0.0,853776128.0,83437842.0,0.908,Healthcare,Glass House Brands Inc. Subordi,0.225,0.04,forecast_icc,0.028091233969935417,0.08873703310664596,2026-08-20
GLBE,40.79,0.0,6851389952.0,167967391.0,5.394,Consumer Cyclical,Global-E Online Ltd.,1.592,0.25733040201005,forecast_icc,0.08495088517138952,0.13223829228834413,2026-08-20
GLBS,3.62,0.0,78127920.0,21582301.0,8.392,Industrials,Globus Maritime Limited,0.55,0.01,forecast_icc,0.08482357104066629,2.318232329646047,2026-08-20
GLIBA,26.12,0.0,1042318400.0,3650938.0,43.478,Communication Services,Liberty Capital Corporation - S,2.58,0.2325581395348837,forecast_icc,0.1355741251416333,0.15229078021073023,2026-08-20
GLNG,52.14,1.0,5323337728.0,102097000.0,19.033,Energy,Golar LNG Limited,1.17689,0.01,forecast_icc,0.024771782724920643,0.36503643020411425,2026-08-20
GLO,5.75,0.64,,,6.672,Financial Services,,1.73,0.04,trailing_eps_fallback_icc,0.20073692108854846,,2026-08-20
GLOB,39.63,0.0,1711205888.0,43179556.0,49.315,Technology,Globant S.A.,5.95982,0.050909255648660556,forecast_icc,0.10388426861140088,1.244385505609013,2026-08-20
GLOO,3.41,0.0,298621504.0,28523881.0,1.515,Technology,"Gloo Holdings, Inc.",0.27,0.04,forecast_icc,0.06556007745158865,0.14471054206129777,2026-08-20
GLP,50.57,3.12,1711742848.0,33848979.0,19.839,Energy,Global Partners LP,5.87,0.01,forecast_icc,0.09234886702866107,0.39230769689829015,2026-08-20
GLPI,43.71,3.28,13091197952.0,290920043.0,17.13,Real Estate,"Gaming and Leisure Properties, ",3.10952,0.06209640073065947,forecast_icc,0.09777844320914808,0.38067259809700266,2026-08-20
GLQ,8.07,0.87,,,9.261,Financial Services,,2.94,0.04,trailing_eps_fallback_icc,0.21527385678913252,,2026-08-20
GLRE,15.38,0.0,502023872.0,32641344.0,22.003,Financial Services,"Greenlight Reinsurance, Ltd.",1.6,0.04,forecast_icc,0.07865836534956591,1.4306241836085436,2026-08-20
GLU,19.28,1.32,,,18.39,Financial Services,,5.01,0.75,trailing_eps_fallback_icc,0.4,,2026-08-20
GLV,6.15,0.68,76319560.0,12409683.0,6.994,Financial Services,25219,1.58,0.04,trailing_eps_fallback_icc,0.18769873462787767,1.1372356300534228,2026-08-20
GLW,151.45,1.12,130457264128.0,861388331.0,13.863,Technology,Corning Incorporated,3.26986,0.3213042760240499,forecast_icc,0.07364233579793217,0.09153515913791124,2026-08-20
GM,86.15,0.72,77918502912.0,904451541.0,70.696,Consumer Cyclical,General Motors Company,13.38804,0.10905703896910968,forecast_icc,0.13194628696061267,0.8206151780758689,2026-08-20
GMAB,33.41,0.0,20534534144.0,614622430.0,9.978,Healthcare,Genmab A/S,1.13,0.4070796460176993,forecast_icc,0.10778904757530308,0.2986531159428284,2026-08-20
GME,18.04,0.0,8094390784.0,448691257.0,13.02,Consumer Cyclical,GameStop Corporation,1.3,0.05384615384615388,forecast_icc,0.06572952577629498,0.7217294447517496,2026-08-20
GMED,85.67,0.0,11502218240.0,111831817.0,34.882,Healthcare,"Globus Medical, Inc.",4.98106,0.07685914243153058,forecast_icc,0.06277257262877278,0.33914479443871165,2026-08-20
GMHS,0.7106,0.0,40731032.0,49520156.0,0.659,Communication Services,Gamehaus Holdings Inc.,0.09,0.215,trailing_eps_fallback_icc,0.1486693978995749,0.8012019632598556,2026-08-20
GMRS,14.14,0.0,763867008.0,54021711.0,10.155,Healthcare,GMR Solutions Inc.,1.77254,0.01,forecast_icc,0.07463469811656345,0.7181753753724103,2026-08-20
GNE,15.03,0.3,395583936.0,24745297.0,9.925,Utilities,Genie Energy Ltd.,1.02,0.01,forecast_icc,0.05338568378268428,0.6208469312692213,2026-08-20
GNK,26.09,1.8,1137174528.0,43586605.0,20.386,Industrials,Genco Shipping & Trading Limite,2.3213,0.01,forecast_icc,0.08221116732864359,0.7813721708071885,2026-08-20
GNLN,3.46,0.0,2403122.0,694544.0,112.429,Consumer Defensive,"Greenlane Holdings, Inc.",9.46,0.04,trailing_eps_fallback_icc,0.4,32.49393388100979,2026-08-20
GNPX,3.95,0.0,1994497.0,504936.0,29.227,Healthcare,"Genprex, Inc.",34.43,0.04,trailing_eps_fallback_icc,0.4,7.399241248294683,2026-08-20
GNRC,206.75,0.0,12199565312.0,59006361.0,48.769,Industrials,Generac Holdlings Inc.,9.74759,0.212631019564836,forecast_icc,0.08504384718819658,0.23588391438655545,2026-08-20
GNSS,1.7,0.0,77421416.0,45542009.0,0.067,Technology,Genasys Inc.,0.115,0.04,forecast_icc,0.05879307391235267,0.039411764349543806,2026-08-20
GNT,9.01,0.72,150544496.0,16708601.0,,Financial Services,"GAMCO Natural Resources, Gold &",2.89,0.04,trailing_eps_fallback_icc,0.18949886479353084,,2026-08-20
GNTX,23.59,0.48,4970019840.0,210683331.0,12.046,Consumer Cyclical,Gentex Corporation,2.09478,0.05872693075167801,forecast_icc,0.08450422533934854,0.5106400953976875,2026-08-20
GNW,9.86,0.0,3725611008.0,377851037.0,23.144,Financial Services,Genworth Financial Inc,1.1,0.01,forecast_icc,0.06892757913442268,2.347261799889979,2026-08-20
GO,11.11,0.0,1100828672.0,99084492.0,8.241,Consumer Defensive,Grocery Outlet Holding Corp.,0.54506,0.23465306571753564,forecast_icc,0.09214006014872977,0.7417641994084979,2026-08-20
GOF,9.42,2.19,2104877952.0,223447753.0,,Financial Services,,1.54,0.04,trailing_eps_fallback_icc,0.18963066184557953,,2026-08-20
GOGO,2.63,0.0,356385664.0,135507862.0,0.891,Communication Services,Gogo Inc.,0.06,0.75,forecast_icc,0.14845060018357492,0.33878328237692523,2026-08-20
GOLD,45.66,0.8,1324339712.0,29004374.0,29.757,Financial Services,"Gold.com, Inc.",5.31,0.01,forecast_icc,0.07621689255457675,0.6517082809625814,2026-08-20
GOLF,89.25,1.02,5212649984.0,58405044.0,15.834,Consumer Cyclical,Acushnet Holdings Corp.,4.58,0.01,forecast_icc,0.041511127696293726,0.17741177127460855,2026-08-20
GOOD,12.98,1.2,633758080.0,48407501.0,3.377,Real Estate,Gladstone Commercial Corporatio,0.25,0.01,forecast_icc,0.02206387979369665,0.2579409021136267,2026-08-20
GOOG,338.2,0.88,4136164130816.0,5527000000.0,50.896,Communication Services,Alphabet Inc.,20.59242,0.01,forecast_icc,0.045064951826899374,0.06801040362595658,2026-08-20
GOOGL,340.67,0.88,4166372032512.0,5867155790.0,50.896,Communication Services,Alphabet Inc.,20.6002,0.01,forecast_icc,0.044826416257219504,0.07167261078886382,2026-08-20
GOOS,8.55,0.0,834998208.0,46656533.0,3.8741305,Consumer Cyclical,Canada Goose Holdings Inc. Subo,0.7504,0.10887526652452029,forecast_icc,0.09198862513661493,0.21647171908608034,2026-08-20
GORO,3.0,0.0,226147440.0,75382477.0,-0.081,Basic Materials,Goldgroup Mining Inc.,0.04,0.04,forecast_icc,0.01829507441529976,,2026-08-20
GOTU,1.68,0.0,400602304.0,128495832.0,0.7646772,Consumer Defensive,Gaotu Techedu Inc.,0.155,0.75,forecast_icc,0.27216137247305217,0.24527525689275714,2026-08-20
GPAT,11.16,0.0,180359296.0,16161228.0,-0.419,Financial Services,GP-Act III Acquisition Corp.,0.25,0.01,trailing_eps_fallback_icc,0.021964561889985634,,2026-08-20
GPC,132.92,4.25,18324318208.0,137859758.0,32.831,Consumer Cyclical,Genuine Parts Company,7.73912,0.0730922895626378,forecast_icc,0.07363375946106065,0.24699820552788782,2026-08-20
GPGI,12.79,0.01,3707694080.0,289890082.0,10.943,Industrials,"GPGI, Inc.",0.99255,0.25125182610447827,forecast_icc,0.12454829367448916,0.8555903207974482,2026-08-20
GPI,263.82,2.2,3145321472.0,11922225.0,250.244,Consumer Cyclical,"Group 1 Automotive, Inc.",39.06029,0.13249363996017416,forecast_icc,0.1370015995690062,0.9485406498061131,2026-08-20
GPK,11.63,0.44,3443312640.0,296071573.0,10.93,Consumer Cyclical,Graphic Packaging Holding Compa,0.71307,0.5675319393607923,forecast_icc,0.23093076698087922,0.9398107669043958,2026-08-20
GPN,92.28,1.0,24418983936.0,264618390.0,86.944,Industrials,Global Payments Inc.,13.68513,0.16400355714560266,forecast_icc,0.1495398512812428,0.9421760283089282,2026-08-20
GPOR,174.35,0.0,3083182080.0,17683866.0,103.332,Energy,Gulfport Energy Corporation,23.44336,0.18623738235474785,forecast_icc,0.1440197858816431,0.5926699085874292,2026-08-20
GPRE,16.02,0.0,1122927232.0,70095328.0,12.41,Basic Materials,"Green Plains, Inc.",2.01,0.01,forecast_icc,0.07467965018089928,0.7746566257287097,2026-08-20
GPRK,9.78,0.09,634680448.0,64895753.0,6.768,Energy,Geopark Ltd,1.09333,0.628053744066293,forecast_icc,0.26918329760385096,0.6920245576936379,2026-08-20
GPUS,0.0936,0.0,32553390.0,322910003.0,0.344,Industrials,"Hyperscale Data, Inc.",0.06,0.04,trailing_eps_fallback_icc,0.2222375416382082,3.4122726091506905,2026-08-20
GRAB,3.51,0.0,14360469504.0,3973517000.0,1.659,Technology,Grab Holdings Limited,0.13375,0.03925233644859816,forecast_icc,0.038638189372143805,0.45904242205756784,2026-08-20
GRBK,70.87,0.0,3048168192.0,43010696.0,44.823,Consumer Cyclical,"Green Brick Partners, Inc.",6.195,0.04761904761904767,forecast_icc,0.07270560077359478,0.6324678644268197,2026-08-20
GRC,77.85,0.76,2056037504.0,26410243.0,16.714,Industrials,Gorman-Rupp Company (The),2.81,0.1257402135231318,forecast_icc,0.05822272884958657,0.2146949171127571,2026-08-20
GRDN,37.48,0.0,2374069504.0,49798904.0,3.488,Healthcare,"Guardian Pharmacy Services, Inc",1.30333,0.097189506878534,forecast_icc,0.04755319349542446,0.07316490812899133,2026-08-20
GRF,10.4,0.85,41265492.0,3967836.0,11.955,Financial Services,"Eagle Capital Growth Fund, Inc.",1.27,0.01,trailing_eps_fallback_icc,0.10398906573772326,1.149519297625241,2026-08-20
GRFS,7.99,0.28,5437837824.0,258223442.0,4.6968393,Healthcare,"Grifols, S.A.",1.17687,0.21122978748714805,forecast_icc,0.17995481003249336,0.22303607606942683,2026-08-20
GRMN,293.09,4.2,56523153408.0,192852536.0,46.804,Technology,Garmin Ltd.,10.10472,0.08724338724873126,forecast_icc,0.04979514851620183,0.1596915520581424,2026-08-20
GRND,15.66,0.0,2722030848.0,173820627.0,-0.068,Technology,Grindr Inc.,0.6,0.28333333333333344,forecast_icc,0.08940854003471255,,2026-08-20
GRNT,5.18,0.44,683243200.0,131900242.0,4.264,Energy,"Granite Ridge Resources, Inc.",0.428,0.5514018691588787,forecast_icc,0.3040467329022841,0.8231660876946891,2026-08-20
GROW,3.245,0.09,40251616.0,10335647.0,3.691,Financial Services,"U.S. Global Investors, Inc.",0.25,0.04,trailing_eps_fallback_icc,0.07352523385008924,0.9477600371870784,2026-08-20
GROY,3.39,0.0,785397696.0,231680715.0,3.139,Basic Materials,Gold Royalty Corp.,0.055,0.75,forecast_icc,0.12541248843029928,0.92595861700236,2026-08-20
GRPN,19.6,0.0,797039808.0,40665296.0,-1.78,Communication Services,"Groupon, Inc.",2.35,0.04,forecast_icc,0.08619032274493932,,2026-08-20
GRRR,15.25,0.0,419520288.0,27509529.0,6.738,Technology,Gorilla Technology Group Inc.,0.97,0.75,forecast_icc,0.23411706824353573,0.44183609637968213,2026-08-20
GRSD,2.0,0.0,71194928.0,35597464.0,3.04,Consumer Cyclical,Grandstand Limited,0.44617,0.5614900150166977,forecast_icc,0.3184977982667644,1.52,2026-08-20
GRVY,70.25,0.0,488160224.0,6948900.0,71.1962,Communication Services,"GRAVITY Co., Ltd.",8.74,0.75,trailing_eps_fallback_icc,0.3059103026540536,1.0134690412220067,2026-08-20
GRX,10.03,0.68,,,,Financial Services,,0.15,0.04,trailing_eps_fallback_icc,0.02219781296698825,,2026-08-20
GS,1001.95,20.0,291739172864.0,291171408.0,366.451,Financial Services,"Goldman Sachs Group, Inc. (The)",70.76699,0.048085837761363104,forecast_icc,0.06963272080200744,0.3657378355657036,2026-08-20
GSAT,82.0,0.0,10624198656.0,129563390.0,2.666,Communication Services,"Globalstar, Inc.",0.49288,0.01,forecast_icc,0.010000000000000002,0.0325121930532546,2026-08-20
GSBC,78.78,1.72,858505600.0,10897507.0,58.946,Financial Services,"Great Southern Bancorp, Inc.",5.9,0.01,forecast_icc,0.05776659444834037,0.7482355940625198,2026-08-20
GSBD,9.92,1.41,1116685184.0,112569067.0,12.061,Financial Services,"Goldman Sachs BDC, Inc.",1.3,0.01,forecast_icc,0.1343534119756905,1.2158265700487703,2026-08-20
GSHD,70.7,0.0,3354806528.0,23802805.0,-4.722,Financial Services,"Goosehead Insurance, Inc.",2.14887,0.25762842796446495,forecast_icc,0.07279806640427589,,2026-08-20
GSHR,10.55,0.0,215790848.0,14940625.0,-0.228,Financial Services,Gesher Acquisition Corp. II,0.19,0.01,trailing_eps_fallback_icc,0.01856363141541062,,2026-08-20
GSK,51.96,1.82,104065777664.0,2002805623.0,11.933607,Healthcare,GSK plc,4.74956,0.08145386098922858,forecast_icc,0.10043192212880891,0.22966911638753124,2026-08-20
GSL,43.38,2.5,,,54.022,Industrials,Global Ship Lease Inc New,9.88667,0.01,forecast_icc,0.13175805675287744,,2026-08-20
GSM,3.85,0.06,,,3.813,Basic Materials,Ferroglobe PLC,0.11,0.75,forecast_icc,0.1910367227043538,,2026-08-20
GSRF,10.21,0.0,300230144.0,23655500.0,-0.256,Financial Services,GSR IV Acquisition Corp.,0.29,0.04,trailing_eps_fallback_icc,0.03192597551875587,,2026-08-20
GT,5.84,0.0,1681328768.0,287898737.0,9.869,Consumer Cyclical,The Goodyear Tire & Rubber Comp,0.56415,0.04,forecast_icc,0.07492609273320305,1.6898971156205185,2026-08-20
GTBP,0.282,0.0,12503478.0,44338573.0,0.08,Healthcare,"GT Biopharma, Inc.",5.21,0.04,trailing_eps_fallback_icc,0.4,0.2836879338692802,2026-08-20
GTE,9.76,0.0,345308800.0,35380000.0,3.739,Energy,Gran Tierra Energy Inc.,0.067,0.75,forecast_icc,0.07789224419058838,0.383094262295082,2026-08-20
GTEC,0.9625,0.0,25548814.0,20532482.0,4.193,Consumer Cyclical,Greenland Technologies Holding ,0.59,,forecast_icc,0.010000000000000002,3.369733601958979,2026-08-20
GTEN,10.62,0.0,478696480.0,36105000.0,-0.688,Financial Services,"Gores Holdings X, Inc.",1.53,0.04,trailing_eps_fallback_icc,0.09670921004108307,,2026-08-20
GTERA,10.395,0.0,307278112.0,17893817.0,-0.039,Financial Services,Globa Terra Acquisition Corpora,0.44,0.04,trailing_eps_fallback_icc,0.041760333204166916,,2026-08-20
GTES,25.89,0.0,6554083840.0,253151170.0,13.912,Industrials,Gates Industrial Corporation Lt,1.67394,0.15514295613940776,forecast_icc,0.08795402804025299,0.537350324319318,2026-08-20
GTIM,1.52,0.0,16048002.0,10557896.0,3.348,Consumer Cyclical,Good Times Restaurants Inc.,0.02,0.286,forecast_icc,0.044585532497104396,2.2026315679671526,2026-08-20
GTLB,42.08,0.0,7107312128.0,167800000.0,5.834,Technology,GitLab Inc.,0.81241,0.26690956536724064,forecast_icc,0.05532328911802187,0.13773775266508176,2026-08-20
GTM,3.88,0.0,1129507072.0,291110046.0,2.835,Technology,ZoomInfo Technologies Inc.,1.12538,0.01,forecast_icc,0.12697192224127518,0.7306700425953596,2026-08-20
GTN,4.91,0.32,505653312.0,93115076.0,21.696,Communication Services,"Gray Media, Inc.",2.65,0.01,forecast_icc,0.2083888826060879,3.995276290993621,2026-08-20
GTX,26.4,0.32,4923425792.0,186493414.0,-3.613,Consumer Cyclical,Garrett Motion Inc.,2.09236,0.09867804775468847,forecast_icc,0.08834221701834888,,2026-08-20
GTY,33.37,1.94,2066694144.0,61932699.0,18.125,Real Estate,Getty Realty Corporation,1.50785,0.01,forecast_icc,0.04646895638911441,0.5431525378991929,2026-08-20
GUG,14.86,1.43,490084032.0,32980083.0,,Financial Services,Guggenheim Active Allocation Fund,1.65,0.04,trailing_eps_fallback_icc,0.12438684727707036,,2026-08-20
GUT,6.46,0.6,,,3.044,Financial Services,,0.54,0.01,trailing_eps_fallback_icc,0.08585923742023904,,2026-08-20
GVA,122.97,0.52,5463175168.0,44426893.0,17.2,Industrials,Granite Construction Incorporat,7.0789,0.12856375990620017,forecast_icc,0.07708637986275665,0.13987150990066882,2026-08-20
GWRE,181.79,0.0,15135174656.0,83256364.0,15.82,Technology,"Guidewire Software, Inc.",3.46523,0.18066333259264167,forecast_icc,0.041918562075385093,0.08702348723527013,2026-08-20
GWRS,8.87,0.3,255414768.0,28795352.0,2.946,Utilities,"Global Water Resources, Inc.",0.09,0.44444444444444464,forecast_icc,0.06494220530899841,0.3321307834165642,2026-08-20
GWW,1300.34,9.96,61247238144.0,47100942.0,87.706,Industrials,"W.W. Grainger, Inc.",46.42384,0.09944373408145468,forecast_icc,0.05141828666223314,0.06744851432058722,2026-08-20
GXO,45.37,0.0,5203238912.0,114684579.0,26.026,Industrials,"GXO Logistics, Inc.",3.03306,0.1671612167250236,forecast_icc,0.09286773382990587,0.57363901668446,2026-08-20
GYRE,7.02,0.0,744356992.0,106033763.0,1.018,Healthcare,"Gyre Therapeutics, Inc.",0.06,0.04,forecast_icc,0.012731990238870082,0.1450142497405331,2026-08-20
GYRO,5.415,0.0,11909253.0,2199308.0,34.537,Real Estate,"Gyrodyne , LLC",0.12,0.04,trailing_eps_fallback_icc,0.02682928868145802,6.378023910987532,2026-08-20
H,179.48,0.6,16913608704.0,41600929.0,35.065,Consumer Cyclical,Hyatt Hotels Corporation,3.59255,0.35283572949576203,forecast_icc,0.07290621239555983,0.0862463239462324,2026-08-20
HAE,108.22,0.0,4923691008.0,45497051.0,18.409,Healthcare,Haemonetics Corporation,5.29736,0.08351140945678592,forecast_icc,0.05730831780915435,0.17010718391916602,2026-08-20
HAFC,31.15,1.12,923574336.0,29649255.0,27.623,Financial Services,Hanmi Financial Corporation,3.18,0.05974842767295585,forecast_icc,0.09877257103512627,0.8867736347158525,2026-08-20
HAFN,7.89,0.73,3943274496.0,499781305.0,5.097,Industrials,Hafnia Limited,1.32,0.01,forecast_icc,0.12752041627706434,0.646007604636459,2026-08-20
HAIN,0.6218,0.0,56119616.0,90253483.0,2.369,Consumer Defensive,"The Hain Celestial Group, Inc.",0.10333,0.04,forecast_icc,0.10551995198378017,3.8099067040480112,2026-08-20
HAL,35.69,0.68,29734422528.0,833130367.0,13.201,Energy,Halliburton Company,2.35076,0.2369361398015959,forecast_icc,0.12138867153957011,0.3698795214337986,2026-08-20
HALO,106.12,0.0,12044407808.0,113498000.0,1.259,Healthcare,"Halozyme Therapeutics, Inc.",8.57694,0.21174451494355795,forecast_icc,0.11609544803098876,0.011863927581818392,2026-08-20
HAPN,17.97,0.0,2073872000.0,115407464.0,13.582,Financial Services,"Happen, Inc.",1.85571,0.26251407816954164,forecast_icc,0.14754181624117024,0.755815294313246,2026-08-20
HAS,93.56,2.8,13196120064.0,141044467.0,4.992,Consumer Cyclical,"Hasbro, Inc.",6.16442,0.058608920222827265,forecast_icc,0.07371698832603038,0.053356136186182554,2026-08-20
HASI,40.62,1.7,5219499008.0,128495790.0,19.955,Financial Services,HA Sustainable Infrastructure C,3.02515,0.01,forecast_icc,0.06386117799332344,0.4912604611132057,2026-08-20
HAVA,10.16,0.0,210242784.0,15859856.0,-0.199,Financial Services,Harvard Ave Acquisition Corpora,0.2,0.04,trailing_eps_fallback_icc,0.024616078893055462,,2026-08-20
HAWK,21.61,0.0,2117035648.0,97965552.0,8.114,Industrials,"HawkEye 360, Inc.",0.16286,0.04,forecast_icc,0.011442969792673115,0.37547430515822855,2026-08-20
HAYW,14.72,0.0,3122400256.0,212119582.0,7.484,Industrials,"Hayward Holdings, Inc.",0.86335,0.12049574332541857,forecast_icc,0.07424568738839754,0.5084239115845115,2026-08-20
HBAN,17.01,0.62,34367258624.0,2020414826.0,14.721,Financial Services,Huntington Bancshares Incorpora,1.59378,0.17771587044636017,forecast_icc,0.13628002235284986,0.8654320374792894,2026-08-20
HBB,33.65,0.49,452334496.0,9858179.0,16.116,Consumer Cyclical,Hamilton Beach Brands Holding C,1.6,0.75,forecast_icc,0.2288852486711367,0.3512321394210005,2026-08-20
HBCP,69.43,1.25,546466176.0,7870750.0,57.632,Financial Services,"Home Bancorp, Inc.",5.9575,0.0616869492236678,forecast_icc,0.08288082437231392,0.8300734499622535,2026-08-20
HBIO,7.55,0.0,34369904.0,4552305.0,1.63,Healthcare,"Harvard Bioscience, Inc.",0.645,0.04,forecast_icc,0.06902897068171565,0.21589403188324297,2026-08-20
HBM,28.15,0.03,12502675456.0,444144760.0,10.801,Basic Materials,Hudbay Minerals Inc.,1.52203,0.2897840384223702,forecast_icc,0.11125413957192765,0.3836944796049899,2026-08-20
HBNC,19.59,0.64,1005839168.0,51344519.0,14.146,Financial Services,"Horizon Bancorp, Inc.",2.126,0.04891815616180617,forecast_icc,0.09641059287774245,0.7221030845499944,2026-08-20
HBT,35.46,1.0,1289524608.0,36365612.0,21.029,Financial Services,"HBT Financial, Inc.",3.038,0.1356155365371956,forecast_icc,0.11197208983465223,0.5930344019832773,2026-08-20
HCA,406.27,3.12,87958061056.0,216501500.0,-30.473,Healthcare,"HCA Healthcare, Inc.",29.49127,0.08875643537901201,forecast_icc,0.07906993860935774,,2026-08-20
HCAT,1.63,0.0,122667904.0,75256381.0,1.352,Healthcare,"Health Catalyst, Inc",0.03981,0.04,forecast_icc,0.028750890489473865,0.8294478326783834,2026-08-20
HCC,103.36,0.32,5457624064.0,52802087.0,43.374,Basic Materials,"Warrior Met Coal, Inc.",6.33334,0.07912254829205456,forecast_icc,0.06670344438452458,0.41964006583836405,2026-08-20
HCI,182.03,1.6,2264247040.0,12438867.0,86.601,Financial Services,"HCI Group, Inc.",19.41667,0.01,forecast_icc,0.06934226405903676,0.47575123298692706,2026-08-20
HCKT,10.8,0.48,268681024.0,24877873.0,2.741,Technology,"The Hackett Group, Inc.",1.44667,0.10137764659528425,forecast_icc,0.13612840410871196,0.2537963004525396,2026-08-20
HCM,12.56,0.0,2183106048.0,173814168.0,7.255,Healthcare,HUTCHMED (China) Limited,0.15823,0.5409214434683689,forecast_icc,0.07823452298074385,0.5776273626264078,2026-08-20
HCSG,23.0,0.0,1578540544.0,68632202.0,7.632,Healthcare,"Healthcare Services Group, Inc.",1.20204,0.0239509500515791,forecast_icc,0.04427502974013964,0.33182610839801147,2026-08-20
HD,334.49,9.32,,,12.864,Consumer Cyclical,"Home Depot, Inc. (The)",15.0164,0.06883740443781461,forecast_icc,0.059825266612550665,,2026-08-20
HDB,23.34,0.42,119897579520.0,5137000187.0,2.4661357,Financial Services,HDFC Bank Limited,1.593,0.01,forecast_icc,0.0530576390454961,0.10566134531476634,2026-08-20
HDL,14.24,0.0,837833152.0,58836600.0,9.68,Consumer Cyclical,SUPER HI INTERNATIONAL HOLDING ,0.66,0.3787878787878787,forecast_icc,0.12130580359513676,0.6797753068620517,2026-08-20
HDSN,5.57,0.0,234433216.0,42088547.0,5.78,Basic Materials,"Hudson Technologies, Inc.",0.175,0.6285714285714286,forecast_icc,0.14782215884764127,1.0377019340979394,2026-08-20
HE,11.61,0.0,2005372032.0,172728004.0,9.485,Utilities,"Hawaiian Electric Industries, I",0.8235,0.3054037644201577,forecast_icc,0.132147707099168,0.8169681693955129,2026-08-20
HEI,350.58,0.25,,,34.218,Industrials,Heico Corporation,6.12343,0.1339608683368636,forecast_icc,0.03405183831209628,,2026-08-20
HEI-A,257.92,0.25,36041154560.0,84502147.0,34.218,Industrials,Heico Corporation,4.31,0.482,forecast_icc,0.08386792679182853,0.08022757598490209,2026-08-20
HELE,27.53,0.0,641230400.0,23292061.0,36.225,Consumer Defensive,Helen of Troy Limited,3.59244,0.11378895680929957,forecast_icc,0.11787313715169162,1.3158373491415878,2026-08-20
HEPS,2.67,0.0,953791360.0,317225200.0,2.668,Consumer Cyclical,D-Market Electronic Services & ,4.31,0.04,forecast_icc,0.35185859138096565,0.8873605581832907,2026-08-20
HEQ,11.78,1.0,,,,Financial Services,,1.56,0.04,trailing_eps_fallback_icc,0.12836229037618285,,2026-08-20
HERE,1.84,0.0,100067696.0,37764932.0,2.2193067,Consumer Cyclical,Here Group Limited,0.19624858,0.04,forecast_icc,0.07994422520514666,0.8375526764665833,2026-08-20
HESM,39.1,3.09,8061573632.0,128350881.0,4.009,Energy,Hess Midstream LP,2.81725,0.042974531901677215,forecast_icc,0.09066732218559526,0.06382856566446109,2026-08-20
HFBL,26.825,0.6,81613752.0,3042451.0,19.226,Financial Services,"Home Federal Bancorp, Inc. of L",2.02,0.208,trailing_eps_fallback_icc,0.12340318895873292,0.7167194436300393,2026-08-20
HFFG,1.84,0.0,99177736.0,53900945.0,3.829,Consumer Defensive,HF Foods Group Inc.,0.35,0.7142857142857144,forecast_icc,0.34801230379242176,2.0809783196200407,2026-08-20
HFWA,28.95,1.0,1184505472.0,40915558.0,27.128,Financial Services,Heritage Financial Corporation,2.34333,0.13086931844853256,forecast_icc,0.11043261955424477,0.9370638495657367,2026-08-20
HG,34.77,0.0,2291018240.0,65890659.0,27.424,Financial Services,"Hamilton Insurance Group, Ltd.",4.98412,0.01,forecast_icc,0.08163560760759647,0.7887259039962946,2026-08-20
HGBL,1.09,0.0,37756996.0,34639445.0,1.499,Financial Services,Heritage Global Inc.,0.155,0.04,forecast_icc,0.09593278142027384,1.375229323196157,2026-08-20
HGLB,7.57,1.02,178579664.0,23590445.0,,Financial Services,Highland Global Allocation Fund,0.4,0.04,trailing_eps_fallback_icc,0.06696345398262127,,2026-08-20
HGTY,12.81,0.0,4398369792.0,101802246.0,2.116,Financial Services,"Hagerty, Inc.",0.026,0.75,forecast_icc,0.03475939445476761,0.048975771188635886,2026-08-20
HGV,44.82,0.0,3483596032.0,77724145.0,14.125,Consumer Cyclical,Hilton Grand Vacations Inc.,4.77092,0.17157068238411033,forecast_icc,0.1227087948391462,0.3151495001257941,2026-08-20
HHH,67.93,0.0,4056849920.0,59721036.0,66.947,Real Estate,Howard Hughes Holdings Inc.,2.46793,0.7294939483696865,forecast_icc,0.17977886964968948,0.9855292347349147,2026-08-20
HIFS,298.9,2.52,656758016.0,2197250.0,230.725,Financial Services,Hingham Institution for Savings,30.04,0.75,trailing_eps_fallback_icc,0.29208689685624856,0.7719136940842455,2026-08-20
HIG,137.12,2.4,37141966848.0,270872002.0,71.051,Financial Services,"The Hartford Insurance Group, I",12.75849,0.07292477401322572,forecast_icc,0.09081807674174958,0.5181665982542961,2026-08-20
HII,301.4,5.52,11876546560.0,39404598.0,134.808,Industrials,"Huntington Ingalls Industries, ",18.53689,0.12405964538819614,forecast_icc,0.08535145248097742,0.4472727000519585,2026-08-20
HIMS,31.86,0.0,7433365504.0,224935790.0,1.389,Healthcare,"Hims & Hers Health, Inc.",1.11427,0.04,forecast_icc,0.036687980499443856,0.042031541721158985,2026-08-20
HIMX,13.67,0.25,2384402432.0,174425914.0,5.239,Technology,"Himax Technologies, Inc.",0.47,0.75,forecast_icc,0.2091859594420865,0.38324795813914014,2026-08-20
HIO,3.53,0.43,,,3.908,Financial Services,,0.3,0.639,trailing_eps_fallback_icc,0.3418476390398212,,2026-08-20
HIPO,32.69,0.0,862668800.0,26389381.0,17.646,Financial Services,Hippo Holdings Inc.,2.4525,0.43323139653414877,forecast_icc,0.16936872228995214,0.5397981439991802,2026-08-20
HIT,1.02,0.0,66845348.0,53834658.0,0.298,Technology,"Health In Tech, Inc.",0.04,0.04,forecast_icc,0.0394997340013878,0.2399976746923361,2026-08-20
HITI,2.45,0.0,215281936.0,87870176.0,0.72408867,Healthcare,High Tide Inc.,0.05533,0.75,forecast_icc,0.147729208714234,0.29554638932876337,2026-08-20
HIW,31.47,2.0,3534819072.0,110306211.0,21.439,Real Estate,"Highwoods Properties, Inc.",0.59,0.18644067796610164,forecast_icc,0.05024827448525043,0.669017228169182,2026-08-20
HIX,3.93,0.59,353973984.0,90069708.0,4.181,Financial Services,Western Asset High Income Fund ,0.51,0.75,trailing_eps_fallback_icc,0.4,1.0638675896248917,2026-08-20
HKD,1.72,0.0,540560512.0,197023250.0,0.846,Technology,AMTD Digital Inc.,0.18,0.75,trailing_eps_fallback_icc,0.28602166855893063,0.30834969591711503,2026-08-20
HKIT,3.09,0.0,27784846.0,799860.0,4.393,Technology,Hitek Global Inc.,75.0,0.04,trailing_eps_fallback_icc,0.4,0.12646407973612667,2026-08-20
HL,20.82,0.02,13986219008.0,671768431.0,3.986,Basic Materials,Hecla Mining Company,0.82147,0.29505642324126247,forecast_icc,0.09406817396279743,0.19145052457954476,2026-08-20
HLF,12.15,0.0,1259583360.0,103669416.0,-4.528,Consumer Defensive,Herbalife Ltd.,2.36506,0.3017090475505906,forecast_icc,0.21473403685107118,,2026-08-20
HLI,128.06,2.8,8949664768.0,54197538.0,32.26,Financial Services,"Houlihan Lokey, Inc.",6.99053,0.24714435100056797,forecast_icc,0.1147732484460845,0.19536067788053263,2026-08-20
HLIO,76.31,0.48,2514458368.0,32950577.0,28.736,Industrials,"Helios Technologies, Inc.",3.09,0.0959126213592234,forecast_icc,0.05485364637919876,0.37656928136978407,2026-08-20
HLIT,12.37,0.0,1349152000.0,109066445.0,3.274,Technology,Harmonic Inc.,0.49667,0.6262508305313388,forecast_icc,0.16563589719283406,0.26467258020593676,2026-08-20
HLLY,3.04,0.0,368551808.0,121234143.0,3.743,Consumer Cyclical,Holley Inc.,0.4075,0.01,forecast_icc,0.07807429771337493,1.23124995563446,2026-08-20
HLMN,8.31,0.0,1616668928.0,194544999.0,6.289,Industrials,Hillman Solutions Corp.,0.58783,0.15735841995134647,forecast_icc,0.09345808634179831,0.756799043713049,2026-08-20
HLN,9.87,0.2,43412226048.0,4398401883.0,4.992003,Healthcare,Haleon plc,0.56925,0.09458058849363193,forecast_icc,0.07474011095664196,0.5057753861979902,2026-08-20
HLNE,104.06,2.4,6966513664.0,43349167.0,21.929,Financial Services,Hamilton Lane Incorporated,7.60268,0.01,forecast_icc,0.057136998368926384,0.13645331495656418,2026-08-20
HLP,1.19,0.0,88939120.0,74738750.0,0.787,Basic Materials,Hongli Group Inc.,0.03,0.75,trailing_eps_fallback_icc,0.15568390593462766,0.661344482045696,2026-08-20
HLT,329.61,0.6,74183639040.0,225064910.0,-27.927,Consumer Cyclical,Hilton Worldwide Holdings Inc.,9.03863,0.15683460878473854,forecast_icc,0.0509239064297385,,2026-08-20
HLX,10.46,0.0,,,10.745,Energy,"Helix Energy Solutions Group, I",0.28,0.75,forecast_icc,0.16013626475784093,,2026-08-20
HMC,32.6,1.33,42304110592.0,1297672194.0,59.698704,Consumer Cyclical,"Honda Motor Company, Ltd.",2.37351,0.5362395776718867,forecast_icc,0.23811325980372244,1.831248715893972,2026-08-20
HMH,20.23,0.0,888790400.0,12042625.0,,Energy,HMH Holding Inc.,1.14252,0.75,forecast_icc,0.22280275536076377,,2026-08-20
HMN,50.41,1.44,2041658240.0,40501054.0,37.114,Financial Services,Horace Mann Educators Corporati,4.82,0.11687344398340249,forecast_icc,0.11243049499568103,0.7362427700710575,2026-08-20
HMR,1.45,0.0,85538400.0,58991997.0,0.242,Industrials,Heidmar Maritime Holdings Corp.,0.24,0.01,forecast_icc,0.08968542140813296,0.16689654323672176,2026-08-20
HMY,22.02,0.41,,,5.1283035,Basic Materials,Harmony Gold Mining Company Lim,2.74392,0.21723665412985782,forecast_icc,0.15890522963898024,,2026-08-20
HNGE,85.62,0.0,6909056000.0,62468721.0,4.293,Healthcare,"Hinge Health, Inc.",2.43131,0.2872155340125284,forecast_icc,0.07515953137290265,0.03881546469633478,2026-08-20
HNI,47.8,1.4,3450289920.0,72181800.0,25.009,Consumer Cyclical,HNI Corporation,4.255,0.13631022326674502,forecast_icc,0.11506269201692032,0.5232008550168445,2026-08-20
HNNA,9.89,0.6,78174616.0,7904410.0,12.797,Financial Services,"Hennessy Advisors, Inc.",1.25,0.01,forecast_icc,0.09647357499624803,1.2939332477181598,2026-08-20
HNRG,15.53,0.0,732136320.0,47143357.0,4.037,Utilities,Hallador Energy Company,0.78333,0.04,forecast_icc,0.047606784667071356,0.2599484918450706,2026-08-20
HNST,4.96,0.0,532130496.0,107284379.0,1.531,Consumer Defensive,"The Honest Company, Inc.",0.11976,0.01,forecast_icc,0.02323663250420785,0.30866936866741795,2026-08-20
HNVR,27.08,0.4,191060880.0,7055424.0,28.022,Financial Services,"Hanover Bancorp, Inc.",2.36333,0.29055189076430277,forecast_icc,0.15293266321848165,1.0347858301919262,2026-08-20
HOFT,14.32,0.58,153820432.0,10741650.0,15.861,Consumer Cyclical,Hooker Furnishings Corporation,0.77,0.7402597402597404,forecast_icc,0.2768721892239697,1.1076117030408548,2026-08-20
HOG,27.63,0.74,2875523072.0,104072507.0,29.779,Consumer Cyclical,"Harley-Davidson, Inc.",0.67616,0.75,forecast_icc,0.19674282063063642,1.0777778888755165,2026-08-20
HOMB,30.19,0.86,6039498752.0,200049630.0,22.685,Financial Services,"Home BancShares, Inc.",2.51265,0.033944242134797964,forecast_icc,0.07507163694117672,0.7514076983701975,2026-08-20
HON,218.32,2.8,69194342400.0,316940010.0,58.487,Industrials,Honeywell International Inc.,8.31294,0.20214629240677806,forecast_icc,0.07888457521291004,0.2678957516166813,2026-08-20
HONA,165.89,0.0,52579291136.0,316952725.0,-17.974,Industrials,Honeywell Aerospace Inc.,6.78052,0.3438910290066248,forecast_icc,0.10585590351634744,,2026-08-20
HOOD,95.1,0.0,85502722048.0,790630234.0,10.545,Financial Services,"Robinhood Markets, Inc.",2.07173,0.3038282015513605,forecast_icc,0.06614150327680568,0.09750795785015613,2026-08-20
HOPE,13.97,0.56,1784553600.0,127741836.0,17.973,Financial Services,"Hope Bancorp, Inc.",1.1325,0.39293598233995564,forecast_icc,0.1998775474827147,1.2865424823485268,2026-08-20
HOUR,1.8067,0.0,63595516.0,35199820.0,0.252,Consumer Cyclical,"Hour Loop, Inc.",0.05,0.01,forecast_icc,0.02569267936213796,0.13948081874200063,2026-08-20
HOV,118.13,0.0,692194176.0,5071686.0,117.852,Consumer Cyclical,"Hovnanian Enterprises, Inc.",1.26,0.01,forecast_icc,0.012096642693882775,0.8634980749563544,2026-08-20
HP,44.1,1.0,4407307264.0,99938945.0,25.757,Energy,"Helmerich & Payne, Inc.",1.49414,0.04,forecast_icc,0.040763420382821255,0.584058984811684,2026-08-20
HPE,52.89,0.57,70037127168.0,1324203521.0,19.113,Technology,Hewlett Packard Enterprise Comp,3.4236,0.17911847178408702,forecast_icc,0.09956726570221142,0.36137264505670535,2026-08-20
HPI,16.0,1.48,,,16.096,Financial Services,,1.29,0.01,trailing_eps_fallback_icc,0.08282140744914634,,2026-08-20
HPQ,29.47,1.2,,,-0.157,Technology,HP Inc.,3.01647,0.01,forecast_icc,0.07779938590411761,,2026-08-20
HQH,23.84,2.47,,,19.88,Financial Services,,4.47,0.04,trailing_eps_fallback_icc,0.1608781102965423,,2026-08-20
HQI,17.04,0.24,236692736.0,13890418.0,4.957,Industrials,"HireQuest, Inc.",0.75,0.01,forecast_icc,0.03791306474095332,0.2909037395469542,2026-08-20
HQL,22.08,2.24,,,18.443,Financial Services,,6.64,0.04,trailing_eps_fallback_icc,0.19529716512492412,,2026-08-20
HQY,104.27,0.0,8717197312.0,83602157.0,24.395,Healthcare,"HealthEquity, Inc.",4.71907,0.15426980316036842,forecast_icc,0.07005915895601966,0.23395990098875943,2026-08-20
HR,19.41,0.96,6735226880.0,342719760.0,12.305,Real Estate,Healthcare Realty Trust Incorpo,0.02,0.04,forecast_icc,0.010000000000000002,0.6261357964529325,2026-08-20
HRB,53.04,1.84,6538024448.0,123265922.0,0.946,Consumer Cyclical,"H&R Block, Inc.",6.146,0.07468272046859759,forecast_icc,0.11145540861460612,0.017835595926483754,2026-08-20
HRI,161.66,2.8,5404527104.0,33431444.0,56.587,Industrials,Herc Holdings Inc.,7.47812,0.35657357731622397,forecast_icc,0.13007672202207765,0.3500371235492281,2026-08-20
HRL,24.08,1.17,,,14.445,Consumer Defensive,Hormel Foods Corporation,1.49603,0.04394296905810724,forecast_icc,0.07347705439373578,,2026-08-20
HRMY,38.07,0.0,2217059328.0,58236393.0,17.193,Healthcare,"Harmony Biosciences Holdings, I",5.22166,0.2805046670982023,forecast_icc,0.17573886994806942,0.4516154765024854,2026-08-20
HROW,42.06,0.0,1576738944.0,37487850.0,0.406,Healthcare,"Harrow, Inc.",0.28,0.75,forecast_icc,0.07646226084393429,0.009652877007901189,2026-08-20
HRTG,33.63,0.0,999901184.0,29732416.0,19.666,Financial Services,"Heritage Insurance Holdings, In",5.175,0.01,forecast_icc,0.0855335105740681,0.5847754782296567,2026-08-20
HRZN,4.92,0.72,329806848.0,67033909.0,6.233,Financial Services,Horizon Technology Finance Corp,0.65254,0.1147362613786127,forecast_icc,0.19753324072761103,1.2668698583147673,2026-08-20
HSAI,18.62,0.0,23407904768.0,1041146800.0,8.459876,Consumer Cyclical,Hesai Group,3.67906,0.6950253597386289,forecast_icc,0.34685481282606323,0.37628198307769184,2026-08-20
HSBC,102.33,3.75,350768201728.0,3427813898.0,12.5975,Financial Services,"HSBC Holdings, plc.",8.59749,0.1015842996037215,forecast_icc,0.1036682340222338,0.12310661390435841,2026-08-20
HSDT,1.86,0.0,112453192.0,60458703.0,2.077,Financial Services,Solana Company,198.04,0.04,trailing_eps_fallback_icc,0.4,1.1166666227758124,2026-08-20
HSHP,16.12,2.64,759977408.0,47145000.0,3.453,Industrials,Himalaya Shipping Ltd.,1.13,0.75,trailing_eps_fallback_icc,0.3462360621442274,0.21420595308012103,2026-08-20
HSIC,88.46,0.0,9858561024.0,111446542.0,28.209,Healthcare,"Henry Schein, Inc.",5.37635,0.11569187273894,forecast_icc,0.07474422582272278,0.3188898963676993,2026-08-20
HST,23.09,0.8,16041234432.0,685124399.0,9.326,Real Estate,"Host Hotels & Resorts, Inc.",1.3695,0.01,forecast_icc,0.05263343492644512,0.39831536482802776,2026-08-20
HSTM,28.59,0.14,835970368.0,29239955.0,12.196,Healthcare,"HealthStream, Inc.",0.73,0.21232876712328763,forecast_icc,0.05949318799371095,0.42658269339518023,2026-08-20
HSY,188.31,5.81,37836312576.0,146312143.0,22.709,Consumer Defensive,The Hershey Company,8.48975,0.16263612002709138,forecast_icc,0.08709568594913975,0.0878151761938494,2026-08-20
HTB,46.71,0.6,772289408.0,16533706.0,36.235,Financial Services,"HomeTrust Bancshares, Inc.",3.79,0.1075197889182058,forecast_icc,0.09262221402466964,0.77574395130122,2026-08-20
HTCR,2.57,0.0,3894392.0,1515328.0,3.105,Technology,"Heartcore Enterprises, Inc.",1.8,,forecast_icc,0.010000000000000002,1.2081715040499263,2026-08-20
HTD,25.46,1.9,902094208.0,35431824.0,27.598,Financial Services,John Hancock Tax Advantaged Div,4.83,0.75,trailing_eps_fallback_icc,0.4,1.0839748998277572,2026-08-20
HTGC,17.03,1.88,3187403008.0,187164000.0,12.317,Financial Services,"Hercules Capital, Inc.",1.93309,0.017443574794758554,forecast_icc,0.12013957900704242,0.7232530628270023,2026-08-20
HTH,38.63,0.8,2212974336.0,57286417.0,37.117,Financial Services,Hilltop Holdings Inc.,2.40667,0.034624605783094564,forecast_icc,0.05996309852344128,0.9608335285226732,2026-08-20
HTHT,49.54,2.17,15234729984.0,307523819.0,5.279779,Consumer Cyclical,H World Group Limited,18.51691,0.15528778829729162,forecast_icc,0.24682457194725937,0.10657608000018501,2026-08-20
HTLD,12.36,0.08,955831040.0,77332611.0,9.78,Industrials,"Heartland Express, Inc.",0.18707,0.75,forecast_icc,0.13249294942135187,0.7912621623796606,2026-08-20
HTLM,1.82,0.0,163231264.0,89687500.0,0.343,Consumer Cyclical,HOMESTOLIFE LTD,0.19,0.362,trailing_eps_fallback_icc,0.17714406873784816,0.18846152229759125,2026-08-20
HTO,64.25,1.76,2689299712.0,41856804.0,44.057,Utilities,H2O America,2.7465,0.01,forecast_icc,0.03981400544634192,0.6857120482330235,2026-08-20
HTT,2.47,0.0,383550272.0,91792332.0,11.012539,Financial Services,High Templar Tech Limited,0.63,0.04,trailing_eps_fallback_icc,0.13555583789001024,2.635551868546056,2026-08-20
HUBB,469.76,5.68,24818628608.0,52832571.0,74.043,Industrials,Hubbell Inc,20.45252,0.11823921942137194,forecast_icc,0.06509150163154376,0.1576187837103961,2026-08-20
HUBG,40.05,0.5,2449198080.0,60578607.0,27.825,Industrials,"Hub Group, Inc.",1.8251,0.16274724672620677,forecast_icc,0.07799811768975415,0.688225159712276,2026-08-20
HUBS,239.86,0.0,12278602752.0,51190708.0,33.363,Technology,"HubSpot, Inc.",13.27636,0.24827663606590944,forecast_icc,0.10214100267626935,0.13909364326700877,2026-08-20
HUIZ,1.84,0.0,18595180.0,8600164.0,6.0340276,Financial Services,Huize Holding Limited,3.4,0.2941176470588236,forecast_icc,0.4,2.790703125246779,2026-08-20
HUM,380.73,3.54,45718175744.0,120080308.0,160.001,Healthcare,Humana Inc.,9.15272,0.75,forecast_icc,0.16785355507247635,0.4202479440100908,2026-08-20
HUN,10.16,0.35,1781846784.0,175378616.0,15.524,Basic Materials,Huntsman Corporation,0.20284,0.04,forecast_icc,0.028295858412814352,1.5279527169402236,2026-08-20
HURN,162.45,0.0,2584591104.0,15910072.0,25.73,Industrials,Huron Consulting Group Inc.,9.198,0.15133724722765818,forecast_icc,0.08011145910091744,0.15838720172272172,2026-08-20
HUT,88.65,0.0,10926952448.0,123259468.0,11.71,Financial Services,Hut 8 Corp.,0.59,0.01,forecast_icc,0.010000000000000002,0.13209249121827973,2026-08-20
HUYA,2.17,0.0,495554432.0,77979576.0,3.0013695,Communication Services,HUYA Inc.,0.85077,0.5405338693183821,forecast_icc,0.38821017772387634,0.472290238803337,2026-08-20
HVII,8.18,0.0,212870864.0,19690000.0,-0.413,Financial Services,Hennessy Capital Investment Cor,0.1,0.01,trailing_eps_fallback_icc,0.013565964947139686,,2026-08-20
HVT,27.46,1.32,428200960.0,14383650.0,19.05,Consumer Cyclical,"Haverty Furniture Companies, In",1.69,0.559171597633136,forecast_icc,0.24163752281025286,0.6399063946517075,2026-08-20
HVT-A,29.97,1.24,467340960.0,1209976.0,18.858,Consumer Cyclical,"Haverty Furniture Companies, In",1.38,0.75,trailing_eps_fallback_icc,0.2696504396761835,0.04882458282278532,2026-08-20
HWBK,39.44,0.84,272162720.0,6900678.0,26.489,Financial Services,"Hawthorn Bancshares, Inc.",3.67,0.205,trailing_eps_fallback_icc,0.13559382208833715,0.6716278391912015,2026-08-20
HWC,75.66,2.0,6069676544.0,80223058.0,55.227,Financial Services,Hancock Whitney Corporation,6.49204,0.1222142808731923,forecast_icc,0.10676680004065331,0.7299365612069755,2026-08-20
HWKN,119.39,0.8,2492280064.0,20875117.0,21.147,Basic Materials,"Hawkins, Inc.",4.595,0.10772578890097928,forecast_icc,0.0556626766310383,0.17712539837537292,2026-08-20
HWM,273.64,0.56,109128024064.0,398801399.0,14.33,Industrials,Howmet Aerospace Inc.,5.33671,0.20064234331638775,forecast_icc,0.0464369660178402,0.052368070408004855,2026-08-20
HXHX,0.5254,0.0,7224250.0,8950000.0,2.009,Industrials,Haoxin Holdings Limited,0.3,0.01,trailing_eps_fallback_icc,0.18687552343800162,2.4889158044087623,2026-08-20
HXL,94.11,0.72,7116923392.0,75623452.0,17.195,Industrials,Hexcel Corporation,2.3994,0.29844961240310086,forecast_icc,0.07710999989329595,0.1827117120020842,2026-08-20
HY,32.93,1.45,590447680.0,14488232.0,21.768,Industrials,"Hyster-Yale, Inc.",2.06,0.04,forecast_icc,0.07042371770694936,0.5341367996839279,2026-08-20
HYI,10.49,1.14,134418896.0,12814003.0,,Financial Services,Western Asset High Yield Define,0.88,0.04,trailing_eps_fallback_icc,0.10281118675568945,,2026-08-20
HYNE,16.6,0.0,134409168.0,8096938.0,19.894,Financial Services,"Hoyne Bancorp, Inc.",0.03,0.04,trailing_eps_fallback_icc,0.010000000000000002,1.1984337599054256,2026-08-20
HYPD,3.14,0.0,48793824.0,15539434.0,5.118,Healthcare,"Hyperion DeFi, Inc.",2.35,0.01,forecast_icc,0.21642442638254933,1.6299362643108277,2026-08-20
HYT,8.28,0.93,1350037248.0,163047980.0,9.65,Financial Services,Blackrock Corporate High Yield ,0.91,0.01,trailing_eps_fallback_icc,0.11277086740420225,1.1654589599886358,2026-08-20
HZO,52.25,0.0,1154032000.0,22086735.0,43.125,Consumer Cyclical,"MarineMax, Inc.  (FL)",0.71146,0.75,forecast_icc,0.11452758745949054,0.8253587828370443,2026-08-20
IA,20.93,0.0,374629664.0,17899173.0,4.313,Industrials,"Innovative Aerosystems, Inc.",1.125,0.01,forecast_icc,0.04041644523392096,0.20606785998932534,2026-08-20
IAE,8.83,0.78,94925456.0,10750335.0,,Financial Services,Voya Asia Pacific High Dividend,0.11,0.04,forecast_icc,0.01897084266751843,,2026-08-20
IAF,13.24,1.45,126870616.0,9582373.0,14.424,Financial Services,61617,1.74,0.04,trailing_eps_fallback_icc,0.14171645799342303,1.0894260035121133,2026-08-20
IAG,20.5,0.0,11705499648.0,571000000.0,7.659,Basic Materials,Iamgold Corporation,2.10928,0.08226977926116974,forecast_icc,0.09268599959326373,0.37360976733250506,2026-08-20
IART,16.59,0.0,1290245888.0,77772506.0,13.415,Healthcare,Integra LifeSciences Holdings C,2.45695,0.060306477543295545,forecast_icc,0.10669311691384109,0.808619641956185,2026-08-20
IBCP,37.26,1.12,767650432.0,20602535.0,25.648,Financial Services,Independent Bank Corporation,3.53,0.09915014164305958,forecast_icc,0.10645959947481981,0.6883521400532476,2026-08-20
IBEX,36.13,0.0,483748768.0,13389116.0,11.967,Technology,IBEX Limited,3.52,0.029829545454545414,forecast_icc,0.07152064755249443,0.3312205875674706,2026-08-20
IBKR,89.85,0.35,153087819776.0,453077771.0,13.103,Financial Services,"Interactive Brokers Group, Inc.",2.71359,0.17316175251235455,forecast_icc,0.058410716257280115,0.038779558309077894,2026-08-20
IBM,233.69,6.76,220167389184.0,942134390.0,36.568,Technology,International Business Machines,12.32077,0.0683106656483321,forecast_icc,0.0666114897333775,0.156480805359996,2026-08-20
IBN,29.67,0.25,,,11.07109,Financial Services,ICICI Bank Limited,1.63895,0.12816132279813308,forecast_icc,0.07676248262340446,,2026-08-20
IBO,0.4493,0.0,48444080.0,107821231.0,0.1,Healthcare,"Impact BioMedical, Inc.",0.88,0.04,trailing_eps_fallback_icc,0.3865787600809235,0.22256843560657982,2026-08-20
IBOC,71.7,1.46,4459131392.0,62191514.0,54.276,Financial Services,International Bancshares Corpor,6.39,0.05633802816901423,forecast_icc,0.08384358445681606,0.7569874751661052,2026-08-20
IBP,244.61,1.56,6501532160.0,26579177.0,24.209,Consumer Cyclical,"Installed Building Products, In",10.43914,0.09115789231680016,forecast_icc,0.05581848925239995,0.09896979360523536,2026-08-20
IBTA,36.48,0.0,847285440.0,20148602.0,10.387,Technology,"Ibotta, Inc.",1.5945,0.18116023831922234,forecast_icc,0.07433417927906827,0.24700475081219384,2026-08-20
ICCC,10.09,0.0,91639368.0,9082197.0,3.22,Healthcare,ImmuCell Corporation,0.07,0.75,trailing_eps_fallback_icc,0.07838764200768111,0.31912784841554126,2026-08-20
ICE,158.61,2.08,89042780160.0,561394487.0,52.081,Financial Services,Intercontinental Exchange Inc.,8.14719,0.08052837849614392,forecast_icc,0.06300386312191486,0.3283588655353032,2026-08-20
ICFI,89.07,0.56,1597371008.0,17933884.0,58.544,Industrials,"ICF International, Inc.",7.108,0.08469330332020264,forecast_icc,0.08211387901720435,0.6572808067992679,2026-08-20
ICG,0.845,0.0,51301580.0,28715807.0,2.385084,Technology,Intchains Group Limited,0.066,0.01,forecast_icc,0.05352855636846299,1.335039034329703,2026-08-20
ICHR,58.87,0.0,2204930304.0,37454229.0,23.152,Technology,Ichor Holdings,1.57,0.75,forecast_icc,0.15985688478929327,0.39327334212555687,2026-08-20
ICL,5.52,0.21,,,4.762,Basic Materials,ICL Group Ltd.,0.41975,0.04883859440142935,forecast_icc,0.08020809647839588,,2026-08-20
ICLR,174.265,0.0,13445277696.0,77154209.0,121.551,Healthcare,ICON plc,10.58905,0.1216832482611756,forecast_icc,0.07625522967061457,0.6975066986492237,2026-08-20
ICMB,0.8488,0.52,12250282.0,14432472.0,4.249,Financial Services,Investcorp Credit Management BD,0.15,0.04,forecast_icc,0.203657682434094,5.005890764637091,2026-08-20
ICUI,182.53,0.0,4564534784.0,25007038.0,86.05,Healthcare,"ICU Medical, Inc.",8.7525,0.10211368180519864,forecast_icc,0.06082045086630272,0.4714293398404739,2026-08-20
IDA,140.11,3.52,8104248832.0,57842043.0,67.266,Utilities,"IDACORP, Inc.",6.36914,0.0923327168189112,forecast_icc,0.06567426788760897,0.480094200596974,2026-08-20
IDAI,3.18,0.0,17932946.0,5639291.0,0.822,Technology,T Stamp Inc.,0.14,0.04,forecast_icc,0.043019269988065836,0.2584905571008801,2026-08-20
IDCC,341.93,2.8,8823847936.0,25806007.0,46.585,Technology,"InterDigital, Inc.",11.555,0.01,forecast_icc,0.03089902335406681,0.13624133652511303,2026-08-20
IDE,13.23,1.2,200518112.0,15156320.0,,Financial Services,"Voya Infrastructure, Industrial",4.14,0.04,trailing_eps_fallback_icc,0.19292667228124916,,2026-08-20
IDN,2.95,0.0,59786896.0,20266743.0,1.064,Technology,"Intellicheck, Inc.",0.13,0.01,forecast_icc,0.035479798977240504,0.36067794106588175,2026-08-20
IDR,31.12,0.0,492510432.0,15826170.0,7.382,Basic Materials,"Idaho Strategic Resources, Inc.",1.39,0.014388489208633004,forecast_icc,0.03704116265045533,0.23721078651182761,2026-08-20
IDT,67.19,0.26,,,14.391,Communication Services,IDT Corporation,3.85,0.025974025974025983,forecast_icc,0.04904916317486882,,2026-08-20
IDXX,545.86,0.0,43003461632.0,78781116.0,20.445,Healthcare,"IDEXX Laboratories, Inc.",14.83498,0.12839383672913618,forecast_icc,0.044988650634302574,0.03745465726464799,2026-08-20
IESC,683.27,0.0,13613715456.0,19924356.0,61.695,Industrials,"IES Holdings, Inc.",23.14,0.08426966292134819,forecast_icc,0.04412036513434925,0.09029372968701485,2026-08-20
IEX,233.75,2.92,17232025600.0,73719896.0,54.162,Industrials,IDEX Corporation,8.82243,0.08603752027502631,forecast_icc,0.05212286291691626,0.2317090921192689,2026-08-20
IFF,83.39,1.6,21276956672.0,255149963.0,54.743,Basic Materials,International Flavors & Fragran,3.24232,0.2200430555898245,forecast_icc,0.08777034841498044,0.6564695618753668,2026-08-20
IFS,53.74,1.8,5932772864.0,110397705.0,33.901886,Financial Services,Intercorp Financial Services In,20.258,0.12915885082436573,forecast_icc,0.2295325569126322,0.6308501092772713,2026-08-20
IGA,10.43,1.02,,,10.658,Financial Services,,1.23,0.09,trailing_eps_fallback_icc,0.15384788235857283,,2026-08-20
IGI,15.9201,0.85,95419528.0,5993650.0,,Financial Services,Western Asset Investment Grade ,1.13,0.04,trailing_eps_fallback_icc,0.07996251601390203,,2026-08-20
IGIC,26.31,0.3,1117298816.0,42466701.0,16.914,Financial Services,International General Insurance,2.36,0.30296610169491545,forecast_icc,0.1562394517762854,0.6428734823916614,2026-08-20
IGR,4.61,0.72,697953216.0,151399824.0,4.498,Financial Services,CBRE Clarion Global Real Estate,0.12,0.04,trailing_eps_fallback_icc,0.03514934440384565,0.9757049509060504,2026-08-20
IH,1.24,0.0,63379952.0,22312862.0,2.7820294,Consumer Defensive,iHuman Inc.,0.19,0.01,forecast_icc,0.08529528051448526,0.9794112510868231,2026-08-20
IHD,7.49,0.66,,,,Financial Services,,2.44,0.04,trailing_eps_fallback_icc,0.195017623943741,,2026-08-20
IHG,159.74,1.9,23564957696.0,147520700.0,-3.315451,Consumer Cyclical,Intercontinental Hotels Group,6.01294,0.13870086846035368,forecast_icc,0.06363216600216298,,2026-08-20
IHS,8.36,0.0,2828530688.0,338341000.0,-0.574,Real Estate,IHS Holding Limited,0.72,0.01,forecast_icc,0.05745381967439911,,2026-08-20
III,4.93,0.18,238678368.0,48413462.0,1.981,Technology,"Information Services Group, Inc",0.38,0.1578947368421053,forecast_icc,0.1175997418957957,0.40182555723692565,2026-08-20
IIIN,30.36,0.12,587716416.0,19358247.0,19.186,Industrials,"Insteel Industries, Inc.",1.605,0.5077881619937694,forecast_icc,0.16420216887564265,0.6319498942530813,2026-08-20
IIIV,16.65,0.0,439583776.0,18019748.0,15.451,Technology,"i3 Verticals, Inc.",1.0725,0.13752913752913742,forecast_icc,0.08323674988351837,0.6333789860979765,2026-08-20
IIM,12.56,0.93,591596544.0,47101635.0,12.65,Financial Services,Invesco Value Municipal Income ,0.4,0.75,trailing_eps_fallback_icc,0.22755297927944207,1.007165590794932,2026-08-20
IIPR,56.73,7.6,1564122496.0,27571349.0,62.478,Real Estate,Innovative Industrial Propertie,4.15,0.10602409638554211,forecast_icc,0.1181227816405882,1.101322145309775,2026-08-20
ILMN,213.24,0.0,32199241728.0,151000000.0,18.795,Healthcare,"Illumina, Inc.",5.35631,0.13816227962907313,forecast_icc,0.044068025578073,0.08814011907404878,2026-08-20
IMAX,52.74,0.0,2892372992.0,54842114.0,6.489,Communication Services,Imax Corporation,1.82447,0.12200255416641559,forecast_icc,0.05224380140134055,0.12303754693129149,2026-08-20
IMKTA,84.82,0.66,1611102976.0,14552886.0,88.7,Consumer Defensive,"Ingles Markets, Incorporated",4.7,0.04,forecast_icc,0.05315144651552289,0.8012156934902217,2026-08-20
IMMR,7.72,0.3,256241456.0,33191901.0,8.971,Technology,Immersion Corporation,0.256,,forecast_icc,0.010000000000000002,1.162046721553908,2026-08-20
IMO,136.86,2.48,,,36.586903,Energy,Imperial Oil Limited,14.55188,0.01,forecast_icc,0.07202825458371442,,2026-08-20
IMOS,54.09,0.76,1880758144.0,34770906.0,22.271198,Technology,ChipMOS TECHNOLOGIES INC.,1.01,0.04,forecast_icc,0.025935374516279773,0.41174338903481467,2026-08-20
IMPP,5.09,0.0,230137520.0,45213658.0,12.332,Energy,Imperial Petroleum Inc.,2.44,0.01,forecast_icc,0.16961109917944095,2.422789775678473,2026-08-20
IMXI,14.05,0.0,424473376.0,30211627.0,5.614,Technology,"International Money Express, In",0.82667,0.23789420203950806,forecast_icc,0.10323750764654577,0.3995729380633757,2026-08-20
INAC,10.29,0.0,151828944.0,14755000.0,-0.236,Financial Services,Indigo Acquisition Corp.,0.35,0.04,trailing_eps_fallback_icc,0.036024740458644566,,2026-08-20
INBK,28.59,0.24,249692880.0,8733574.0,41.626,Financial Services,First Internet Bancorp,2.365,0.75,forecast_icc,0.27155475136998686,1.4559636274931027,2026-08-20
INBS,2.65,0.0,7998198.0,3018188.0,4.478,Healthcare,Intelligent Bio Solutions Inc.,0.35,0.04,forecast_icc,0.09161959532947647,1.689811363009518,2026-08-20
INCY,127.22,0.0,25787207680.0,202697746.0,31.568,Healthcare,Incyte Corporation,3.50578,0.75,forecast_icc,0.16231964261027632,0.2481370811889316,2026-08-20
INDB,83.51,2.46,3955793664.0,47369099.0,73.76,Financial Services,Independent Bank Corp.,7.16914,0.15935384160443244,forecast_icc,0.12052742422462448,0.8832474691581892,2026-08-20
INDI,4.0,0.0,845154368.0,211288591.0,1.552,Technology,"indie Semiconductor, Inc.",0.08256,0.04,forecast_icc,0.025484378517705887,0.38799999816364905,2026-08-20
INDV,37.78,0.0,4458555392.0,118013649.0,-1.763,Healthcare,"Indivior Pharmaceuticals, Inc.",4.40867,0.10766512349529456,forecast_icc,0.1085631874082601,,2026-08-20
INFU,12.2,0.0,242989600.0,19917181.0,2.97,Healthcare,"InfuSystems Holdings, Inc.",0.43,0.30232558139534893,forecast_icc,0.08888375694539785,0.2434426311661075,2026-08-20
INFY,11.83,0.52,47912960000.0,4050123578.0,1.1875,Technology,Infosys Limited,0.80501,0.054558328467969375,forecast_icc,0.07956660744559463,0.10038039288065274,2026-08-20
ING,34.5,1.32,98483503104.0,2854594346.0,20.338856,Financial Services,"ING Group, N.V.",2.82158,0.13072108534934324,forecast_icc,0.11298979686894317,0.589532068943535,2026-08-20
INGM,27.28,0.34,6292456960.0,230661904.0,18.556,Technology,Ingram Micro Holding Corporatio,3.37268,0.118374704982388,forecast_icc,0.12144303642966359,0.6802052549317715,2026-08-20
INGR,107.02,3.28,6749106688.0,63063979.0,71.696,Consumer Defensive,Ingredion Incorporated,10.56652,0.07403383516995188,forecast_icc,0.10004680701293156,0.669930888249725,2026-08-20
INHD,7.39,0.0,33407958.0,4520698.0,562.23,Basic Materials,Inno Holdings Inc.,36.73,0.04,trailing_eps_fallback_icc,0.4,76.07983811940855,2026-08-20
INIO,23.0,0.0,17250000896.0,750000000.0,0.279,Industrials,INNIO N.V.,0.35515,0.75,forecast_icc,0.12227558886330925,0.012130434152529335,2026-08-20
INLX,5.655,0.0,25419192.0,4494994.0,2.181,Technology,"Intellinetics, Inc.",0.06,0.04,forecast_icc,0.015231494013199016,0.3856763784623839,2026-08-20
INMD,14.92,0.0,858559040.0,57544172.0,10.681,Healthcare,InMode Ltd.,1.296,0.058641975308642014,forecast_icc,0.07602025970449283,0.7158847237017036,2026-08-20
INNV,10.72,0.0,1455094272.0,135736393.0,1.688,Healthcare,InnovAge Holding Corp.,0.36,0.13888888888888884,forecast_icc,0.05441105669335117,0.1574626715209831,2026-08-20
INOD,62.79,0.0,2158886656.0,34382651.0,3.928,Technology,Innodata Inc.,1.645,0.26910030395136775,forecast_icc,0.06819556157384346,0.0625577321313528,2026-08-20
INR,14.67,0.0,273478560.0,18642028.0,21.401,Energy,"Infinity Natural Resources, Inc",3.3525,0.12572706935123046,forecast_icc,0.1646523086958266,1.4588274899063385,2026-08-20
INSE,5.9,0.0,157384608.0,26675355.0,-0.596,Consumer Cyclical,"Inspired Entertainment, Inc.",0.27204,0.75,forecast_icc,0.2043866366543633,,2026-08-20
INSG,4.02,0.0,65432360.0,16276707.0,-1.863,Technology,Inseego Corp.,0.14,0.04,trailing_eps_fallback_icc,0.036586388697859754,,2026-08-20
INSM,125.08,0.0,27315159040.0,218381503.0,3.47,Healthcare,Insmed Incorporated,0.71989,0.04,forecast_icc,0.010000000000000002,0.027742244308382402,2026-08-20
INSP,61.27,0.0,1771338752.0,28910375.0,28.56,Healthcare,"Inspire Medical Systems, Inc.",1.24681,0.23274596770959488,forecast_icc,0.05197533557310151,0.46613348749228967,2026-08-20
INSW,99.36,8.18,4921431040.0,49531311.0,44.325,Energy,"International Seaways, Inc.",14.82193,0.01,forecast_icc,0.1156051740991223,0.44610507436369573,2026-08-20
INTA,40.17,0.0,3073452800.0,76511148.0,4.152,Technology,"Intapp, Inc.",1.59937,0.22278772266579971,forecast_icc,0.0787206155802812,0.10336071746278322,2026-08-20
INTC,92.13,0.0,487008862208.0,5286105262.0,17.359,Technology,Intel Corporation,1.5129,0.34848965562826373,forecast_icc,0.06138723436305184,0.18841854504870786,2026-08-20
INTR,5.2,0.11,2295869952.0,325792797.0,4.581951,Financial Services,Inter & Co. Inc.,0.7625,0.28605901639344267,forecast_icc,0.19717542057839987,0.6501965107851836,2026-08-20
INTT,12.17,0.0,156089824.0,12825786.0,8.453,Technology,inTest Corporation,0.44,0.5075681818181819,forecast_icc,0.1327419575626344,0.6945767909764572,2026-08-20
INTU,361.87,4.8,98984828928.0,273537000.0,75.215,Technology,Intuit Inc.,23.83101,0.14475886670350957,forecast_icc,0.09234438824583091,0.20785089672645962,2026-08-20
INVA,21.0,0.0,1517155200.0,72245485.0,16.978,Healthcare,"Innoviva, Inc.",1.91,0.15706806282722519,forecast_icc,0.10820632544200015,0.8084761824828469,2026-08-20
INVH,30.27,1.2,17981650944.0,594041956.0,15.331,Real Estate,Invitation Homes Inc.,0.79574,0.01,forecast_icc,0.02882611685443815,0.5064750314528182,2026-08-20
INVX,29.15,0.0,2038629248.0,69935827.0,15.368,Energy,"Innovex International, Inc.",1.616,0.21945544554455432,forecast_icc,0.0953662604493353,0.5272041448391895,2026-08-20
IOR,20.02,0.0,81404888.0,4066178.0,30.967,Financial Services,Income Opportunity Realty Inves,0.91,0.01,trailing_eps_fallback_icc,0.03621089615856821,1.5468031124371795,2026-08-20
IOSP,92.92,1.79,2288717056.0,24631047.0,54.541,Basic Materials,Innospec Inc.,4.93667,0.24577903728626782,forecast_icc,0.11108787527697517,0.5869672404044861,2026-08-20
IOT,38.98,0.0,,,2.587,Technology,Samsara Inc.,0.70994,0.26762825027467096,forecast_icc,0.05325229091213904,,2026-08-20
IP,40.36,1.85,21373440000.0,529569895.0,27.299,Consumer Cyclical,International Paper Company,1.34423,0.75,forecast_icc,0.23317125902481461,0.676387542838448,2026-08-20
IPAR,114.75,3.2,3674958336.0,32025781.0,27.18,Consumer Defensive,"Interparfums, Inc.",4.89,0.06421267893660532,forecast_icc,0.056556480920043284,0.236862747273334,2026-08-20
IPCX,3.95,0.0,136169664.0,26040000.0,-0.421,Financial Services,Inflection Point Acquisition Co,0.2,0.04,trailing_eps_fallback_icc,0.0477409575958182,,2026-08-20
IPGP,74.43,0.0,3165845760.0,42534539.0,50.012,Technology,IPG Photonics Corporation,1.82286,0.25391417881790157,forecast_icc,0.06265384475065044,0.6719333554860234,2026-08-20
IPI,38.28,0.0,515121472.0,13456674.0,39.008,Basic Materials,"Intrepid Potash, Inc",2.11089,0.01,forecast_icc,0.04122287695226233,1.0190177810953298,2026-08-20
IPM,1.875,0.0,16941992.0,9035729.0,1.239,Technology,Intelligent Protection Manageme,0.07,0.75,forecast_icc,0.18635045453730947,0.6607999951245402,2026-08-20
IPST,10.31,0.0,7439469.0,721578.0,63.041,Financial Services,"IP Strategy Holdings, Inc.",0.22,0.04,forecast_icc,0.026107756227958162,6.114549129514486,2026-08-20
IPW,2.98,0.0,5635618.0,1891147.0,698.003,Consumer Cyclical,iPower Inc.,0.06,0.04,forecast_icc,0.02502686098943785,234.22919712460993,2026-08-20
IQ,1.03,0.0,993975424.0,530582267.0,2.047199,Communication Services,"iQIYI, Inc.",0.08535145,0.04,forecast_icc,0.0676213527541053,1.0927910893902877,2026-08-20
IQI,10.04,0.76,,,10.374,Financial Services,,0.34,0.75,trailing_eps_fallback_icc,0.2352870872891143,,2026-08-20
IQV,256.05,0.0,42145828864.0,164600000.0,37.491,Healthcare,"IQVIA Holdings, Inc.",12.96246,0.11407556898921967,forecast_icc,0.06592961387401719,0.14642062491909236,2026-08-20
IR,79.33,0.08,30779994112.0,387999429.0,26.231,Industrials,Ingersoll Rand Inc.,3.55555,0.10173390895923262,forecast_icc,0.05832220697687662,0.33065675662787475,2026-08-20
IRDM,48.45,0.6,5133780480.0,105960383.0,4.46,Communication Services,Iridium Communications Inc,1.08,0.587962962962963,forecast_icc,0.13340138032704296,0.09205366493972099,2026-08-20
IREN,42.6,0.0,15224331264.0,357378674.0,7.814,Financial Services,IREN LIMITED,0.77,0.04,trailing_eps_fallback_icc,0.023107866789810028,0.18342723303974479,2026-08-20
IRHO,10.025,0.0,293932992.0,29320000.0,-0.373,Financial Services,Iron Horse Acquisitions II Corp,0.09,0.04,trailing_eps_fallback_icc,0.01326768958318621,,2026-08-20
IRM,122.94,3.46,36599586816.0,297702812.0,-4.303,Real Estate,Iron Mountain Incorporated (Del,2.47948,0.10164227983286822,forecast_icc,0.03817807390051142,,2026-08-20
IRMD,86.68,0.8,1108376320.0,12786991.0,7.957,Healthcare,iRadimed Corporation,2.09,0.15311004784689008,forecast_icc,0.04862622289485852,0.0917974207415402,2026-08-20
IRS,14.54,2.4,1230252544.0,84611592.0,16.862604,Real Estate,IRSA Inversiones Y Representaci,0.255,0.01,forecast_icc,0.02032982158652103,1.1597389305667374,2026-08-20
IRT,16.63,0.69,4019241472.0,235744567.0,14.275,Real Estate,"Independence Realty Trust, Inc.",0.1438,0.11265646731571621,forecast_icc,0.020199756299805638,0.8372857708025262,2026-08-20
IRTC,127.98,0.0,4218605312.0,32963003.0,5.645,Healthcare,"iRhythm Holdings, Inc.",0.58468,0.75,forecast_icc,0.06035050862283764,0.044108452479709,2026-08-20
IRWD,4.14,0.0,684093376.0,165239947.0,-1.319,Healthcare,"Ironwood Pharmaceuticals, Inc.",1.21,0.21762809917355375,forecast_icc,0.2245524969113678,,2026-08-20
ISBA,39.31,1.12,299891008.0,7628873.0,32.601,Financial Services,Isabella Bank Corporation,3.3,0.19696969696969702,forecast_icc,0.1306481616995549,0.8293309303658748,2026-08-20
ISPR,1.51,0.0,86673088.0,57399396.0,-0.282,Consumer Defensive,Ispire Technology Inc.,0.09,0.04,forecast_icc,0.053745757236409536,,2026-08-20
ISRG,374.48,0.0,134167969792.0,358278038.0,51.338,Healthcare,"Intuitive Surgical, Inc.",10.79366,0.11832594319257805,forecast_icc,0.04516533349057161,0.1370914231120812,2026-08-20
ISSC,24.78,0.0,443541504.0,17899173.0,4.313,Industrials,Innovative Solutions and Suppor,1.125,0.01,forecast_icc,0.03618212416151578,0.17405165571382467,2026-08-20
ISTR,30.09,0.48,414550720.0,13777026.0,28.291,Financial Services,Investar Holding Corporation,3.16,0.04325000000000001,forecast_icc,0.08586794798473088,0.940212677874495,2026-08-20
IT,193.68,0.0,12230692864.0,63148976.0,-2.598,Technology,"Gartner, Inc.",14.49348,0.134943436634956,forecast_icc,0.09055458366172042,,2026-08-20
ITG,12.53,0.0,1551372800.0,48444533.0,0.71,Industrials,"ITG, Inc.",0.55792,0.7425975050186409,forecast_icc,0.19968009002040155,0.022171085138272373,2026-08-20
ITGR,125.21,0.0,4256144384.0,33992048.0,50.563,Healthcare,Integer Holdings Corporation,6.1628,0.11454695917440127,forecast_icc,0.06480956368194221,0.4038255679213349,2026-08-20
ITIC,288.16,1.84,544044928.0,1887996.0,151.785,Financial Services,Investors Title Company,21.33,0.193,trailing_eps_fallback_icc,0.10889197146116386,0.5267386168151171,2026-08-20
ITRG,2.84,0.0,576159488.0,202873070.0,1.338,Basic Materials,Integra Resources Corp.,0.254,0.75,forecast_icc,0.26881862579380866,0.4711267857486017,2026-08-20
ITRI,98.43,0.0,4309929984.0,43786753.0,36.921,Technology,"Itron, Inc.",6.41684,0.06814569164884898,forecast_icc,0.06541259259789733,0.375099065069406,2026-08-20
ITRN,50.55,2.0,999886144.0,19780142.0,11.044,Technology,Ituran Location and Control Ltd,3.56,0.030898876404494402,forecast_icc,0.07031601298529588,0.21847676313834388,2026-08-20
ITT,208.15,1.54,,,53.697,Industrials,ITT Inc.,8.25401,0.1636513646094444,forecast_icc,0.06942128635516787,,2026-08-20
ITUB,7.17,0.17,79026823168.0,5404129565.0,3.7958026,Financial Services,Itau Unibanco Banco Holding SA,0.89068,0.1245228364844837,forecast_icc,0.12935986709034986,0.25957020959777255,2026-08-20
ITW,282.74,6.88,80524345344.0,284800000.0,10.105,Industrials,Illinois Tool Works Inc.,11.44868,0.08261913163788326,forecast_icc,0.058181573231106606,0.03573955165615559,2026-08-20
IVDA,0.335,0.0,4193874.0,12519027.0,0.506,Industrials,"Iveda Solutions, Inc.",1.84,0.04,forecast_icc,0.4,1.5104477774010379,2026-08-20
IVF,1.15,0.0,2639290.0,2295035.0,8.913,Healthcare,"INVO Fertility, Inc.",357.88,0.04,trailing_eps_fallback_icc,0.4,7.750435516748824,2026-08-20
IVR,7.55,1.44,773015104.0,102386106.0,8.08,Real Estate,INVESCO MORTGAGE CAPITAL INC,1.94625,0.01,forecast_icc,0.21447725278923635,1.0701986703742337,2026-08-20
IVT,33.19,1.0,2588103936.0,77978431.0,22.647,Real Estate,InvenTrust Properties Corp.,0.1,0.01,forecast_icc,0.010000000000000002,0.6823441293421841,2026-08-20
IVZ,31.36,0.86,13845440512.0,441499780.0,22.563,Financial Services,Invesco Ltd,2.80685,0.16191816449044305,forecast_icc,0.12281449257912513,0.7194830332416078,2026-08-20
IX,37.54,0.99,40775798784.0,1086195958.0,26.995531,Financial Services,ORIX Corporation,4.89562,0.01,forecast_icc,0.08508006508996002,0.7191137275223537,2026-08-20
IZM,0.236,0.0,2836274.0,8188610.0,1.287,Technology,ICZOOM Group Inc.,0.1,0.04,trailing_eps_fallback_icc,0.17908508080720387,3.715699213122568,2026-08-20
J,147.94,1.44,17314691072.0,117038611.0,27.87,Industrials,Jacobs Solutions Inc.,7.25712,0.13803409617038187,forecast_icc,0.07418346805008633,0.1883871953017309,2026-08-20
JACK,16.6,1.76,318376896.0,19179330.0,-47.061,Consumer Cyclical,Jack In The Box Inc.,3.10619,0.02944121254656018,forecast_icc,0.15555480583480163,,2026-08-20
JACS,10.74,0.0,317796608.0,23840000.0,0.002,Financial Services,Jackson Acquisition Company II,0.29,0.01,trailing_eps_fallback_icc,0.02523598980613928,0.0001500330676908924,2026-08-20
JAKK,25.1,1.0,287269792.0,11445012.0,21.658,Consumer Cyclical,"JAKKS Pacific, Inc.",1.99,0.6407035175879399,forecast_icc,0.27686428958431597,0.8628685535303344,2026-08-20
JAN,30.59,0.3,9491794944.0,234372996.0,12.68,Real Estate,"Janus Living, Inc.",0.22926,0.22947744918433233,forecast_icc,0.02796523783960214,0.3130966910698571,2026-08-20
JAZZ,248.7,0.0,16144254976.0,64914577.0,74.1,Healthcare,Jazz Pharmaceuticals plc,25.04914,0.028719548854771126,forecast_icc,0.0726903271325437,0.2979493425277775,2026-08-20
JBHT,274.47,1.8,25776832512.0,93914939.0,38.941,Industrials,"J.B. Hunt Transport Services, I",7.82498,0.2927087353577902,forecast_icc,0.08054043943035516,0.14187707655300455,2026-08-20
JBI,5.12,0.0,698551232.0,136435790.0,4.192,Industrials,"Janus International Group, Inc.",0.5525,0.18552036199095023,forecast_icc,0.12787666846331824,0.8187500150024788,2026-08-20
JBL,316.65,0.32,33180831744.0,104787089.0,12.621,Technology,Jabil Inc.,12.76179,0.31224694968339084,forecast_icc,0.0989560305424631,0.03985788724262909,2026-08-20
JBS,13.55,1.34,14510841856.0,776068594.0,7.688,Consumer Defensive,JBS N.V.,5.46629,0.28821376107012253,forecast_icc,0.3551885356951062,0.41116948347176585,2026-08-20
JBSS,75.76,0.95,885602240.0,9092149.0,33.162,Consumer Defensive,"John B. Sanfilippo & Son, Inc.",6.0525,0.01,forecast_icc,0.05773549544449455,0.3404619269458939,2026-08-20
JBTM,116.16,0.4,6026011136.0,51876817.0,86.539,Industrials,JBT Marel Corporation,8.06667,0.14628093128887132,forecast_icc,0.09105469315471137,0.7449982691772775,2026-08-20
JCAP,22.34,0.96,1282886528.0,57425536.0,8.291,Financial Services,"Jefferson Capital, Inc.",3.0,0.025000000000000133,forecast_icc,0.10161448928067907,0.37112800593381867,2026-08-20
JCE,16.97,1.36,,,,Financial Services,,2.7,0.04,trailing_eps_fallback_icc,0.1373039272500366,,2026-08-20
JCI,143.16,1.6,86717947904.0,605741470.0,22.257,Industrials,Johnson Controls International ,5.07092,0.18975846591939916,forecast_icc,0.07192982706801052,0.15546940654909253,2026-08-20
JCSE,1.695,0.44,8901494.0,1751619.0,2.963781,Industrials,JE Cleantech Holdings Limited,0.49,0.04,trailing_eps_fallback_icc,0.2971401814841491,0.5832071685313723,2026-08-20
JD,29.41,1.0,,,24.340458,Consumer Cyclical,"JD.com, Inc.",22.76238,0.2500472270474352,forecast_icc,0.3820753067798074,,2026-08-20
JEF,51.78,1.6,10531637248.0,194145000.0,51.953,Financial Services,Jefferies Financial Group Inc.,3.55713,0.27672027730220705,forecast_icc,0.14399557084021952,0.9577252755183389,2026-08-20
JFIN,2.36,0.8,123497720.0,25329546.0,12.410367,Financial Services,Jiayin Group Inc.,1.9,0.04,forecast_icc,0.4,2.5453827147851964,2026-08-20
JFR,7.58,0.94,,,8.518,Financial Services,,0.34,0.01,trailing_eps_fallback_icc,0.04612903404509294,,2026-08-20
JFU,2.77,0.0,32612134.0,8715213.0,46.767246,Technology,9F Inc.,2.11,0.04,trailing_eps_fallback_icc,0.2426111140478745,12.498001826970231,2026-08-20
JG,6.08,0.0,36237456.0,4685090.0,1.5745227,Technology,Aurora Mobile Limited,0.01,0.04,forecast_icc,0.010000000000000002,0.20356783755854715,2026-08-20
JGH,12.33,1.24,346791552.0,28125836.0,,Financial Services,Nuveen Global High Income Fund ,1.18,0.04,trailing_eps_fallback_icc,0.11606663183778043,,2026-08-20
JHI,13.27,1.24,,,14.613,Financial Services,,1.54,0.75,trailing_eps_fallback_icc,0.4,,2026-08-20
JHS,10.95,0.62,127530104.0,11646585.0,12.205,Financial Services,John Hancock Income Securities ,0.78,0.01,trailing_eps_fallback_icc,0.0673178505359949,1.1146118874411017,2026-08-20
JHX,30.03,0.0,17433090048.0,580522488.0,11.27,Basic Materials,James Hardie Industries plc.,1.32394,0.2171699623850023,forecast_icc,0.0826053013525126,0.375291381031476,2026-08-20
JILL,20.32,0.34,303812736.0,14951415.0,8.313,Consumer Cyclical,"J. Jill, Inc.",2.028,0.20710059171597628,forecast_icc,0.13833187633116173,0.40910435333099404,2026-08-20
JJSF,88.44,3.2,1652201472.0,18681608.0,46.93,Consumer Defensive,J & J Snack Foods Corp.,3.98667,0.08361113410440302,forecast_icc,0.06757595620554879,0.530642223904277,2026-08-20
JKHY,165.08,2.38,11729063936.0,71050780.0,29.979,Technology,"Jack Henry & Associates, Inc.",7.24167,0.0781352919975642,forecast_icc,0.056519254585627565,0.18160284104874708,2026-08-20
JKS,15.87,1.5,831114880.0,52370188.0,44.95108,Technology,JinkoSolar Holding Company Limi,0.7505,0.04,forecast_icc,0.06035949737619395,2.8324562188118203,2026-08-20
JL,4.7,0.0,17679994.0,1652701.0,4.426,Consumer Cyclical,J-Long Group Limited,0.75,0.04,trailing_eps_fallback_icc,0.10295954578126387,0.4137362617883241,2026-08-20
JLHL,6.99,0.0,149925936.0,11448632.0,0.48237798,Industrials,Julong Holding Limited,0.19,0.01,trailing_eps_fallback_icc,0.025358546846424433,0.0368353076543298,2026-08-20
JLL,384.3,0.0,17680760832.0,46007703.0,162.185,Real Estate,Jones Lang LaSalle Incorporated,25.18589,0.12172093183921628,forecast_icc,0.08002018612397699,0.42202704860698836,2026-08-20
JMKE,22.66,0.0,5276022272.0,232834177.0,,Consumer Cyclical,Jersey Mike's Subs Inc.,0.73,0.31506849315068486,forecast_icc,0.08671587486140753,,2026-08-20
JMSB,23.02,0.28,324861344.0,14112134.0,19.494,Financial Services,"John Marshall Bancorp, Inc.",1.93,0.10103626943005195,forecast_icc,0.09212129721790097,0.8468287941208542,2026-08-20
JNJ,267.37,5.36,644334551040.0,2409898597.0,35.284,Healthcare,Johnson & Johnson,11.0525,0.11354897082108106,forecast_icc,0.06507240678886983,0.1319669447483491,2026-08-20
JOB,0.249,0.0,27357802.0,109870686.0,0.457,Industrials,GEE Group Inc.,0.1,0.04,forecast_icc,0.1740313604901319,1.835341285897164,2026-08-20
JOE,68.81,0.64,3917384192.0,56930451.0,13.414,Real Estate,St. Joe Company (The),0.11,0.392,forecast_icc,0.013011417667831461,0.19494260258504661,2026-08-20
JOF,12.17,1.15,,,13.811,Financial Services,,5.06,0.04,trailing_eps_fallback_icc,0.22039679508668197,,2026-08-20
JOUT,47.12,1.32,493802048.0,9273554.0,40.597,Consumer Cyclical,Johnson Outdoors Inc.,1.45,0.08965517241379328,forecast_icc,0.051333625680400466,0.7624076758345077,2026-08-20
JOYY,73.77,4.8,3716663808.0,34056301.0,129.557,Communication Services,JOYY Inc.,5.41371,0.1770264753745583,forecast_icc,0.1399062671495036,1.1871485871710568,2026-08-20
JPM,351.55,6.0,934485360640.0,2658186195.0,133.007,Financial Services,JP Morgan Chase & Co.,24.21208,0.03283113222820999,forecast_icc,0.062320211105578394,0.3783444729366595,2026-08-20
JRI,12.41,1.6,340633088.0,27448277.0,,Financial Services,Nuveen Real Asset Income and Gr,1.76,0.04,trailing_eps_fallback_icc,0.158124916488393,,2026-08-20
JRSH,5.51,0.2,69976672.0,12699940.0,5.198,Consumer Cyclical,"Jerash Holdings (US), Inc.",0.49,0.2857142857142858,forecast_icc,0.1685854357093367,0.9433756455294131,2026-08-20
JRVR,4.03,0.04,186343312.0,46239030.0,11.302,Financial Services,"James River Group Holdings, Inc",0.75448,0.33584720602269114,forecast_icc,0.22933055488465615,2.804466183685734,2026-08-20
JTAI,1.59,0.0,2260536.0,1421721.0,23.166,Technology,Jet.AI Inc.,540.01,0.04,trailing_eps_fallback_icc,0.4,14.569813834418031,2026-08-20
JUNS,5.17,0.0,3981318.0,770081.0,-5.754,Healthcare,"Jupiter Neurosciences, Inc.",0.06,0.04,forecast_icc,0.016380159190381022,,2026-08-20
JVA,3.53,0.08,20151358.0,5708599.0,5.084,Consumer Defensive,"Coffee Holding Co., Inc.",0.4,0.01,forecast_icc,0.07658697672584192,1.440226376604495,2026-08-20
JXN,129.14,3.6,8746489856.0,67728744.0,138.285,Financial Services,Jackson Financial Inc.,26.87367,0.14652185577928134,forecast_icc,0.17896607256706043,1.0708146374416831,2026-08-20
JYNT,8.25,0.0,116681024.0,14143154.0,1.16,Healthcare,The Joint Corp.,0.19333,0.75,forecast_icc,0.1503712397645004,0.14060605638839782,2026-08-20
KAI,314.06,1.44,3708771328.0,11809117.0,87.546,Industrials,Kadant Inc,12.0375,0.12253374870197287,forecast_icc,0.057919375361083686,0.2787556485558551,2026-08-20
KALU,151.15,3.08,2471165184.0,16349092.0,58.264,Basic Materials,Kaiser Aluminum Corporation,13.51603,0.01,forecast_icc,0.06478565659486868,0.3854713972402745,2026-08-20
KARO,62.87,2.75,1942261760.0,30893300.0,7.0946655,Technology,Karooooo Ltd.,39.46236,0.1759458886898808,forecast_icc,0.318486087961514,0.11284659678989406,2026-08-20
KB,113.24,3.14,39759253504.0,351106111.0,28.351063,Financial Services,KB Financial Group Inc,19046.764,0.0714194810205031,forecast_icc,0.4,0.2503626349937516,2026-08-20
KBDC,13.34,1.6,880944384.0,66037810.0,,Financial Services,"Kayne Anderson BDC, Inc.",1.62828,0.01,forecast_icc,0.12395868478527616,,2026-08-20
KBH,54.46,1.0,,,61.928,Consumer Cyclical,KB Home,3.33491,0.38162948925158413,forecast_icc,0.15621358669753416,,2026-08-20
KBR,37.9,0.66,4777968128.0,126067755.0,12.977,Industrials,"KBR, Inc.",3.99462,0.017586153376291103,forecast_icc,0.07546385268486822,0.34240104010903105,2026-08-20
KBSX,1.065,0.0,47675796.0,44766003.0,0.353,Consumer Cyclical,FST Corp.,0.09,0.22222222222222232,forecast_icc,0.12188931523298493,0.33145537955989235,2026-08-20
KCHV,10.43,0.0,357304512.0,25824050.0,-0.189,Financial Services,Kochav Defense Acquisition Corp,0.29,0.365,trailing_eps_fallback_icc,0.08861390137889014,,2026-08-20
KD,12.31,0.0,2681342720.0,217818263.0,4.877,Technology,"Kyndryl Holdings, Inc.",1.85452,0.3432208873455125,forecast_icc,0.20398191874094518,0.3961819802919486,2026-08-20
KDP,31.66,0.92,43083751424.0,1360826038.0,18.395,Consumer Defensive,Keurig Dr Pepper Inc.,2.29293,0.10515366801428727,forecast_icc,0.0931272052822869,0.5810170688865685,2026-08-20
KE,23.57,0.0,566833152.0,24048925.0,24.05,Industrials,"Kimball Electronics, Inc.",1.6,0.1421874999999999,forecast_icc,0.0872073027049608,1.020364889049397,2026-08-20
KELYA,16.71,0.3,580370752.0,31435902.0,28.009,Industrials,"Kelly Services, Inc.",1.095,0.6621004566210047,forecast_icc,0.23811783721302981,1.5171132867805166,2026-08-20
KEN,65.2,3.85,,,28.288,Utilities,Kenon Holdings Ltd.,1.54,0.75,trailing_eps_fallback_icc,0.19287151571129274,,2026-08-20
KEP,11.23,0.52,14418512896.0,1283928154.0,27.754223,Utilities,Korea Electric Power Corporatio,3.11051,0.01,forecast_icc,0.14119669571480953,2.471435754791334,2026-08-20
KEQU,36.47,0.0,104614600.0,2868511.0,26.07,Consumer Cyclical,Kewaunee Scientific Corporation,2.16,0.01,forecast_icc,0.04354330843480414,0.714834084057101,2026-08-20
KEX,139.22,0.0,7350816256.0,52800000.0,64.827,Industrials,Kirby Corporation,7.08929,0.1759626140276389,forecast_icc,0.08062228198930022,0.4656442877627548,2026-08-20
KEY,21.85,0.82,23316760576.0,1067128554.0,16.136,Financial Services,KeyCorp,1.8286,0.1684840861861534,forecast_icc,0.12666625961802158,0.7384896495899927,2026-08-20
KEYS,316.51,0.0,53901656064.0,170300000.0,37.076,Technology,Keysight Technologies Inc.,11.49984,0.18696520995074706,forecast_icc,0.06710431414523021,0.11714005210717528,2026-08-20
KF,63.89,0.44,265676848.0,4158348.0,42.273,Financial Services,"Korea Fund, Inc. (The) New",21.84,0.04,trailing_eps_fallback_icc,0.1622238650429041,0.6616528550654892,2026-08-20
KFFB,5.55,0.2,44881276.0,8086715.0,6.219,Financial Services,Kentucky First Federal Bancorp,0.24,0.75,trailing_eps_fallback_icc,0.25614856976265854,1.1205403470480653,2026-08-20
KFII,10.62,0.0,416899360.0,29672727.0,-0.251,Financial Services,K&F Growth Acquisition Corp. II,0.26,0.01,trailing_eps_fallback_icc,0.02347777199439314,,2026-08-20
KFRC,58.13,1.59,1041050176.0,17909000.0,7.373,Industrials,"Kforce, Inc.",2.53858,0.21628627027708403,forecast_icc,0.09784173412700492,0.12683640043878153,2026-08-20
KFY,84.59,2.2,4344215040.0,51356133.0,39.275,Industrials,Korn Ferry,5.78005,0.09351303189418791,forecast_icc,0.08505680993664147,0.4642984071927986,2026-08-20
KGC,31.43,0.16,37283549184.0,1186240789.0,8.138,Basic Materials,Kinross Gold Corporation,2.67385,0.14543074592815608,forecast_icc,0.10315216317249198,0.2589245861020333,2026-08-20
KGEI,6.09,0.0,218446448.0,35869698.0,5.899,Energy,Kolibri Global Energy Inc.,0.69,0.17391304347826098,forecast_icc,0.12770408742272144,0.9686371668629742,2026-08-20
KGS,60.6,1.96,6115685888.0,100918914.0,21.41,Energy,"Kodiak Gas Services, Inc.",2.54094,0.2325635394775163,forecast_icc,0.10350196705371242,0.35330034738697164,2026-08-20
KHC,25.57,1.6,30321512448.0,1185823758.0,30.359,Consumer Defensive,The Kraft Heinz Company,2.05245,0.019357353406904032,forecast_icc,0.08013820276688083,1.187289833607775,2026-08-20
KIM,24.16,1.12,16206271488.0,670789373.0,15.316,Real Estate,Kimco Realty Corporation (HC),0.85,0.051764705882352935,forecast_icc,0.048949790642023164,0.6339403881068687,2026-08-20
KINS,19.62,0.24,284021728.0,14476133.0,8.923,Financial Services,"Kingstone Companies, Inc",2.65,0.09433962264150941,forecast_icc,0.11858626553467644,0.45479103189950315,2026-08-20
KIO,10.94,1.46,448377664.0,40985165.0,,Financial Services,KKR Income Opportunities Fund,0.98,0.04,trailing_eps_fallback_icc,0.10921833924501823,,2026-08-20
KKR,107.02,0.78,98842656768.0,897635601.0,31.428,Financial Services,KKR & Co. Inc.,6.31447,0.16993825293334197,forecast_icc,0.09028026270109879,0.2854121144724348,2026-08-20
KLAC,185.86,0.92,242834784256.0,1306546783.0,4.858,Technology,KLA Corporation,5.4493,0.21186941442020069,forecast_icc,0.06509509551525727,0.026137953387776122,2026-08-20
KLAR,14.0,0.0,5293588480.0,378113486.0,6.641,Financial Services,Klarna Group plc,0.83085,0.04,forecast_icc,0.05358003872279571,0.47435717189070203,2026-08-20
KLC,2.78,0.0,329477344.0,118517033.0,3.978,Consumer Defensive,"KinderCare Learning Companies, ",0.11009,0.75,forecast_icc,0.1912750046637013,1.4309352854137372,2026-08-20
KLIC,85.13,0.82,4454777344.0,52329115.0,16.388,Technology,"Kulicke and Soffa Industries, I",3.86333,0.5280418706142112,forecast_icc,0.16374992695417678,0.19250558903354253,2026-08-20
KLTR,1.66,0.0,253235008.0,152551223.0,0.011,Technology,"Kaltura, Inc.",0.01,0.75,forecast_icc,0.07193135820602337,0.006626506604489692,2026-08-20
KMB,108.69,5.12,36148015104.0,332579038.0,5.262,Consumer Defensive,Kimberly-Clark Corporation,7.45322,0.01,forecast_icc,0.062283123963515874,0.048412918189866205,2026-08-20
KMDA,8.02,0.25,462708096.0,57694272.0,4.497,Healthcare,Kamada Ltd.,0.4875,0.22393846153846164,forecast_icc,0.12078579497198827,0.5607231501391322,2026-08-20
KMI,31.61,1.18,70389219328.0,2226802089.0,14.217,Energy,"Kinder Morgan, Inc.",1.55739,0.01,forecast_icc,0.046956456912565,0.4497626994808798,2026-08-20
KMPR,27.26,1.28,1604911616.0,58874232.0,37.215,Financial Services,Kemper Corporation,2.01103,0.75,forecast_icc,0.31529066999259625,1.3651870433468158,2026-08-20
KMRK,1.12,0.0,23632000.0,16600000.0,0.337,Consumer Cyclical,K-Tech Solutions Company Limite,0.01,0.04,trailing_eps_fallback_icc,0.013207131394663837,0.23672139471902506,2026-08-20
KMT,29.78,0.8,2269802496.0,76219022.0,17.777,Industrials,Kennametal Inc.,4.95555,0.01,forecast_icc,0.09905615495083209,0.5969442524104089,2026-08-20
KMX,61.05,0.0,,,43.116,Consumer Cyclical,CarMax Inc,2.73219,0.14737628056613916,forecast_icc,0.06803117998363897,,2026-08-20
KN,34.01,0.0,2904805120.0,85410326.0,9.314,Technology,Knowles Corporation,1.335,0.21161048689138573,forecast_icc,0.07569581315824314,0.273860635567869,2026-08-20
KNDI,0.6253,0.0,62789728.0,100415365.0,3.265,Consumer Cyclical,"Kandi Technologies Group, Inc.",0.15,0.04,forecast_icc,0.13090503814956234,5.2214936609535885,2026-08-20
KNF,65.96,0.0,3744115200.0,56763420.0,28.291,Basic Materials,Knife Riv Holding Co.,2.855,0.39170928196147115,forecast_icc,0.11977455363167622,0.4289114595672697,2026-08-20
KNOP,10.51,0.3,363152288.0,33660342.0,15.533,Energy,KNOT Offshore Partners LP,0.385,0.5670909090909091,forecast_icc,0.18220772866801094,1.4397433516541687,2026-08-20
KNSA,78.47,0.0,6122544640.0,48289273.0,8.389,Healthcare,Kiniksa Pharmaceuticals Interna,1.1575,0.3974082073434124,forecast_icc,0.06422389648244489,0.06616508903020427,2026-08-20
KNSL,381.15,1.0,8681996288.0,22778425.0,89.344,Financial Services,"Kinsale Capital Group, Inc.",21.13393,0.02426335281701042,forecast_icc,0.04702572724403076,0.23440641249903282,2026-08-20
KNTK,54.39,3.21,9202781184.0,80442263.0,-15.014,Energy,Kinetik Holdings Inc.,1.90002,0.09604109430427044,forecast_icc,0.06035735028467626,,2026-08-20
KNX,69.41,0.8,11296894976.0,162756000.0,42.899,Industrials,Knight-Swift Transportation Hol,2.31441,0.7287213587912251,forecast_icc,0.19063714334091475,0.618052098283046,2026-08-20
KO,90.5,2.12,389380669440.0,4302549243.0,8.401,Consumer Defensive,Coca-Cola Company (The),3.30148,0.06812096393132783,forecast_icc,0.05038400239322349,0.0928287381148815,2026-08-20
KOF,113.24,4.24,,,39.861828,Consumer Defensive,Coca Cola Femsa S.A.B. de C.V.,6.86682,0.16191628730620589,forecast_icc,0.10587714440947738,,2026-08-20
KOP,45.88,0.36,867662784.0,18911568.0,20.472,Basic Materials,Koppers Holdings Inc.,4.05667,0.20706638696270585,forecast_icc,0.12497835212668151,0.44620747511051484,2026-08-20
KOPN,4.89,0.0,908917056.0,185872614.0,0.344,Technology,Kopin Corporation,0.04,0.04,trailing_eps_fallback_icc,0.012269071683003601,0.07034765030968898,2026-08-20
KOS,3.02,0.0,1798372736.0,595487651.0,1.187,Energy,Kosmos Energy Ltd.,0.1975,0.3367088607594937,forecast_icc,0.13445186317475544,0.39304635106356506,2026-08-20
KOYN,10.24,0.0,323153056.0,23891250.0,-0.196,Financial Services,CSLM Digital Asset Acquisition ,0.26,0.04,trailing_eps_fallback_icc,0.029545450840273824,,2026-08-20
KPLT,5.79,0.0,28790224.0,4972405.0,-7.519,Technology,"Katapult Holdings, Inc.",1.84,0.04,trailing_eps_fallback_icc,0.15326647635247587,,2026-08-20
KR,56.32,1.44,,,9.252,Consumer Defensive,Kroger Company (The),5.21533,0.06241791027605159,forecast_icc,0.09010296938634432,,2026-08-20
KRC,36.76,2.16,4317188096.0,116308988.0,44.934,Real Estate,Kilroy Realty Corporation,0.7,0.01,forecast_icc,0.02184630677737063,1.210562975385356,2026-08-20
KREF,7.48,0.4,480967104.0,64300417.0,10.474,Real Estate,KKR Real Estate Finance Trust I,0.29,0.04,forecast_icc,0.05007213565368428,1.40026742381533,2026-08-20
KRG,26.27,1.16,5390512640.0,200346933.0,14.321,Real Estate,Kite Realty Group Trust,0.94653,0.01,forecast_icc,0.03755118207009614,0.5322626286417538,2026-08-20
KRKR,3.16,0.0,6237240.0,1781645.0,9.541359,Communication Services,36Kr Holdings Inc.,0.06,0.04,forecast_icc,0.023969498719839,2.7254546170349387,2026-08-20
KRMD,3.27,0.0,150200912.0,45933000.0,0.391,Healthcare,"KORU Medical Systems, Inc.",0.035,0.04,forecast_icc,0.01534065033382881,0.1195718638512661,2026-08-20
KRMN,54.36,0.0,7204532736.0,132533708.0,3.177,Industrials,Karman Holdings Inc.,0.58781,0.5949371395518959,forecast_icc,0.07873942037370113,0.058443705614942464,2026-08-20
KRNT,16.44,0.0,706369856.0,42966534.0,15.293,Industrials,Kornit Digital Ltd.,0.212,0.34905660377358494,forecast_icc,0.05219589838464758,0.9302310947736705,2026-08-20
KRNY,9.67,0.44,608549760.0,62931718.0,12.183,Financial Services,Kearny Financial,0.79,0.26582278481012644,forecast_icc,0.16319712226231886,1.2598758076808705,2026-08-20
KRO,8.13,0.2,935742848.0,115097516.0,6.525,Basic Materials,Kronos Worldwide Inc,0.45,0.37777777777777777,forecast_icc,0.15378736214523536,0.8025829890179402,2026-08-20
KRP,15.17,1.6,1949514880.0,100895984.0,5.837,Energy,Kimbell Royalty Partners,0.9,0.01,forecast_icc,0.06098784522217138,0.30209046601788436,2026-08-20
KRT,47.57,1.88,948151936.0,19931721.0,8.356,Consumer Cyclical,Karat Packaging Inc.,2.72,0.01,forecast_icc,0.05279915855098716,0.1756569325572732,2026-08-20
KRUS,48.73,0.0,592061504.0,11149786.0,19.0,Consumer Cyclical,"Kura Sushi USA, Inc.",0.23361,0.01,forecast_icc,0.010000000000000002,0.35781068785718584,2026-08-20
KRYS,337.02,0.0,9975399424.0,29598836.0,43.372,Healthcare,"Krystal Biotech, Inc.",7.86507,0.1948628556389198,forecast_icc,0.05088259524525417,0.12869266286253925,2026-08-20
KSPI,103.7,5.74,19705827328.0,190027266.0,11908.487,Technology,Joint Stock Company Kaspi.kz - ,6189.51,0.0828935731584568,forecast_icc,0.4,114.83594112240777,2026-08-20
KSS,17.33,0.5,,,35.611,Consumer Cyclical,Kohl's Corporation,1.43402,0.03822819765414698,forecast_icc,0.07662067217532542,,2026-08-20
KT,18.67,0.81,8891841536.0,476263616.0,25.535587,Communication Services,KT Corporation,3.472,0.01,forecast_icc,0.11221288761729886,1.3677336637258075,2026-08-20
KTB,78.99,2.12,4317089280.0,54653620.0,11.318,Consumer Cyclical,"Kontoor Brands, Inc.",5.28648,0.2448131838198575,forecast_icc,0.1298505958593713,0.14328396543144922,2026-08-20
KTF,8.8,0.73,344816640.0,39183709.0,9.207,Financial Services,DWS Municipal Income Trust,0.87,0.04,trailing_eps_fallback_icc,0.11079438100856998,1.046249997572623,2026-08-20
KTOS,56.18,0.0,10546184192.0,187721327.0,18.271,Industrials,Kratos Defense & Security Solut,0.81746,0.36690480268147696,forecast_icc,0.05924115985803369,0.3252224978413311,2026-08-20
KVHI,7.89,0.0,143132192.0,18140962.0,6.726,Communication Services,"KVH Industries, Inc.",0.16,0.75,forecast_icc,0.14020551684021976,0.8524714720501172,2026-08-20
KVUE,18.93,0.84,36360241152.0,1920773467.0,5.496,Consumer Defensive,Kenvue Inc.,1.1788,0.04839667458432295,forecast_icc,0.0734687909748103,0.29033280968906156,2026-08-20
KVYO,18.11,0.0,5419957760.0,140897018.0,3.346,Technology,"Klaviyo, Inc. Series A",0.82453,0.2827550240743213,forecast_icc,0.09878160397384994,0.08698249010486753,2026-08-20
KWR,164.83,2.12,2836345600.0,17207702.0,80.008,Basic Materials,Quaker Houghton,7.83,0.20203831417624518,forecast_icc,0.0898417043826315,0.485397062197216,2026-08-20
KYIV,12.82,0.0,2959927808.0,230883624.0,5.999,Communication Services,Kyivstar Group Ltd.,62.4562,0.1938406435229807,forecast_icc,0.4,0.4679407574172836,2026-08-20
L,110.7,0.25,22630148096.0,204427720.0,93.518,Financial Services,Loews Corporation,2.9,0.156,forecast_icc,0.04932069418392203,0.8447877335075483,2026-08-20
LAD,370.67,2.8,8148482048.0,21983116.0,291.005,Consumer Cyclical,"Lithia Motors, Inc.",36.28828,0.16308598809312524,forecast_icc,0.11835691290007866,0.7850783291779058,2026-08-20
LADR,9.98,0.92,1266115712.0,126865303.0,11.267,Real Estate,Ladder Capital Corp,1.00714,0.11064003018448298,forecast_icc,0.15037032625859015,1.1289579264782081,2026-08-20
LAFA,10.14,0.0,159333200.0,15713333.0,-0.213,Financial Services,LaFayette Acquisition Corp.,0.01,0.04,trailing_eps_fallback_icc,0.010000000000000002,,2026-08-20
LAKE,11.25,0.0,111028096.0,9869164.0,13.235,Consumer Cyclical,"Lakeland Industries, Inc.",0.575,0.04,forecast_icc,0.04807225803001869,1.1764444338485278,2026-08-20
LAMR,151.01,6.4,15335016448.0,87129599.0,9.671,Real Estate,Lamar Advertising Company,6.056,0.07001321003963024,forecast_icc,0.060654119716342714,0.05494812182212534,2026-08-20
LAR,5.98,0.0,981318016.0,164100000.0,4.804,Basic Materials,Lithium Argentina AG,0.23721,0.35892247375743014,forecast_icc,0.10728826694962124,0.8033444685071389,2026-08-20
LARK,32.25,0.84,196742224.0,6100534.0,27.351,Financial Services,Landmark Bancorp Inc.,3.47,0.01,forecast_icc,0.07515482369309046,0.8480930124791106,2026-08-20
LASR,47.19,0.0,2722400256.0,57690197.0,7.63,Technology,"nLIGHT, Inc.",0.49556,0.27128904673500687,forecast_icc,0.03662101742071189,0.16168680639074992,2026-08-20
LAUR,37.56,0.0,5173865984.0,137749360.0,8.286,Consumer Defensive,"Laureate Education, Inc.",2.12177,0.14535034428802351,forecast_icc,0.07854045095959028,0.22060702779888627,2026-08-20
LAZ,42.77,2.0,4167961088.0,97450572.0,9.021,Financial Services,"Lazard, Inc.",2.22988,0.7256937593054333,forecast_icc,0.28005575390023074,0.2109188621129469,2026-08-20
LB,87.03,0.48,6751983616.0,28404484.0,12.593,Energy,LandBridge Company LLC,1.48,0.45270270270270263,forecast_icc,0.08427714124316699,0.052976678759168366,2026-08-20
LBRDA,35.99,0.0,5177567232.0,18254690.0,26.119,Communication Services,Liberty Broadband Corporation,5.92,0.04,forecast_icc,0.10487069802733096,0.09208847065532418,2026-08-20
LBRDK,36.02,0.0,,,26.119,Communication Services,Liberty Broadband Corporation,5.44,0.2242647058823528,forecast_icc,0.1656635251585784,,2026-08-20
LBRT,19.24,0.36,3139802880.0,163191416.0,12.033,Energy,Liberty Energy Inc.,0.25047,0.28286820776939336,forecast_icc,0.05103751227143716,0.6254157932131077,2026-08-20
LCCC,10.49,0.0,93413448.0,8905000.0,-0.238,Financial Services,Lakeshore Acquisition III Corp.,0.36,0.567,trailing_eps_fallback_icc,0.14150666635188724,,2026-08-20
LCII,105.44,4.6,2563405568.0,24311507.0,58.891,Consumer Cyclical,LCI Industries,8.53727,0.1129810817743846,forecast_icc,0.10918383370019147,0.5585261172129122,2026-08-20
LCLN,23.32,0.28,2453389056.0,34846972.0,3.861,Financial Services,"Lincoln International, Inc.",1.35714,0.2800005894749251,forecast_icc,0.12068444068338546,0.054840123527476935,2026-08-20
LCNB,19.53,0.88,278399936.0,14254988.0,19.687,Financial Services,LCNB Corporation,1.8,0.03611111111111098,forecast_icc,0.08741602998042286,1.0080388407704233,2026-08-20
LCUT,9.3,0.17,213796176.0,22988836.0,9.46,Consumer Cyclical,"Lifetime Brands, Inc.",2.04667,0.01,forecast_icc,0.11374207407022269,1.0172042953658817,2026-08-20
LDI,0.87,0.0,386595552.0,232227582.0,1.438,Financial Services,"loanDepot, Inc.",0.05,0.04,forecast_icc,0.052357289160566034,0.8638052382868595,2026-08-20
LDOS,141.37,1.72,17740832768.0,125492209.0,42.106,Technology,"Leidos Holdings, Inc.",12.39938,0.03091122298050375,forecast_icc,0.07076585189487095,0.29784255458881065,2026-08-20
LE,12.05,0.0,370427456.0,30740867.0,16.256,Consumer Cyclical,"Lands' End, Inc.",0.525,0.7142857142857142,forecast_icc,0.19153433066026337,1.3490456116514216,2026-08-20
LEA,125.43,3.08,8350472704.0,66574764.0,104.59,Consumer Cyclical,Lear Corporation,15.02472,0.1340584050817586,forecast_icc,0.13075300177486515,0.8338515451256543,2026-08-20
LECO,276.88,3.16,15091554304.0,54505757.0,27.584,Industrials,"Lincoln Electric Holdings, Inc.",11.20702,0.11675360622181463,forecast_icc,0.061443864758080946,0.09962438399665054,2026-08-20
LEG,9.34,0.2,1275741184.0,136588995.0,7.617,Consumer Cyclical,"Leggett & Platt, Incorporated",1.0475,0.05250596658711215,forecast_icc,0.09517334703973257,0.8155246439978534,2026-08-20
LEGH,28.56,0.0,679202496.0,23781601.0,23.642,Consumer Cyclical,Legacy Housing Corporation,2.64,0.01,forecast_icc,0.06043159883151661,0.8278011552566498,2026-08-20
LEGN,21.26,0.0,4134823680.0,194488413.0,6.575,Healthcare,Legend Biotech Corporation,1.08,0.04,forecast_icc,0.047856608857941185,0.30926622619008515,2026-08-20
LEN,85.42,2.0,20577261568.0,210506003.0,89.751,Consumer Cyclical,Lennar Corporation,5.54099,0.16955634281960452,forecast_icc,0.10381877814579077,0.9181554218387337,2026-08-20
LEN-B,83.84,2.0,20196646912.0,30389139.0,89.751,Consumer Cyclical,Lennar Corporation,16.2,0.01,forecast_icc,0.10721528454832507,0.13504497188434086,2026-08-20
LEO,6.17,0.36,384334592.0,62290854.0,6.736,Financial Services,"Dreyfus Strategic Municipals, I",0.2,0.04,trailing_eps_fallback_icc,0.042266742791539635,1.0917341329088586,2026-08-20
LEU,176.13,0.0,3514297088.0,19233658.0,42.37,Energy,Centrus Energy Corp.,3.49126,0.0948969712940313,forecast_icc,0.03193452309892804,0.23188992536876835,2026-08-20
LEVI,21.23,0.64,8170377216.0,100456337.0,5.905,Consumer Cyclical,Levi Strauss & Co,1.54081,0.10940998565689464,forecast_icc,0.0951239530182918,0.07260309460661749,2026-08-20
LFMD,3.28,0.0,158098736.0,48200837.0,0.316,Healthcare,"LifeMD, Inc.",0.38,0.04,forecast_icc,0.08432279620160743,0.09634146911838688,2026-08-20
LFS,2.32,0.0,60692636.0,26160619.0,0.47218084,Communication Services,"LEIFRAS Co., Ltd.",0.11,0.01,trailing_eps_fallback_icc,0.037222750691566,0.20352622440620244,2026-08-20
LFST,12.65,0.0,4833003520.0,382055609.0,3.867,Healthcare,"LifeStance Health Group, Inc.",0.39551,0.3419382569340854,forecast_icc,0.0903974763461936,0.30569169542069774,2026-08-20
LFT,0.6173,0.16,32399686.0,52486129.0,2.81,Real Estate,"Lument Finance Trust, Inc.",0.01,0.04,forecast_icc,0.023756149244205556,4.552081847027777,2026-08-20
LFTO,18.36,0.0,3108926720.0,169331527.0,-0.033,Communication Services,"Liftoff Mobile, Inc.",0.72394,0.75,forecast_icc,0.19091183381727328,,2026-08-20
LFUS,411.97,3.2,10463521792.0,25398747.0,103.099,Technology,"Littelfuse, Inc.",17.015,0.18086982074640034,forecast_icc,0.07528833229672871,0.2502585141988301,2026-08-20
LFVN,6.65,0.2,83895216.0,12615822.0,2.644,Consumer Defensive,Lifevantage Corporation,0.57333,0.01,forecast_icc,0.0662210145874495,0.39759398638415805,2026-08-20
LGCL,0.083,0.0,3551603.0,42790404.0,16.474367,Technology,Lucas GC Limited,0.6,0.04,trailing_eps_fallback_icc,0.4,198.48637912916166,2026-08-20
LGCY,10.52,0.0,133099448.0,12652038.0,3.919,Consumer Defensive,Legacy Education Inc.,0.67333,0.18317912464913189,forecast_icc,0.0945282919714715,0.37252849404754856,2026-08-20
LGI,18.52,1.81,,,18.381,Financial Services,,2.56,0.75,trailing_eps_fallback_icc,0.4,,2026-08-20
LGIH,56.75,0.0,1319339392.0,23248272.0,91.734,Consumer Cyclical,"LGI Homes, Inc.",2.92,0.17123287671232879,forecast_icc,0.08004518503419844,1.6164582036886532,2026-08-20
LGL,7.6,0.0,95859928.0,12613149.0,6.915,Technology,"LGL Group, Inc. (The)",0.02,0.04,forecast_icc,0.010000000000000002,0.9098684628158702,2026-08-20
LGN,60.08,0.0,9870239744.0,76904346.0,7.506,Industrials,Legence Corp.,1.49066,0.633397287107724,forecast_icc,0.13240642622322213,0.0584832826808386,2026-08-20
LGND,287.39,0.0,5729294848.0,19935609.0,48.57,Healthcare,Ligand Pharmaceuticals Incorpor,9.31514,0.28124107635526685,forecast_icc,0.08040825482292224,0.1690037875198564,2026-08-20
LGO,0.6418,0.0,66191400.0,103134000.0,1.512,Basic Materials,Largo Inc.,0.09,0.04,forecast_icc,0.09510651538018766,2.3558741467924835,2026-08-20
LGPS,0.8688,0.05,20513124.0,23610870.0,1.1306305,Industrials,LogProstyle Inc.,0.2,0.01,trailing_eps_fallback_icc,0.13242818248744148,1.3013702717116613,2026-08-20
LH,332.81,2.88,26990891008.0,81100000.0,106.388,Healthcare,Labcorp Holdings Inc.,18.34664,0.07833314437957029,forecast_icc,0.06381883479198047,0.31966587532966856,2026-08-20
LHX,270.44,5.0,50359881728.0,186214616.0,102.781,Industrials,"L3Harris Technologies, Inc.",11.99713,0.12205835895751727,forecast_icc,0.06952767638305102,0.3800510205816185,2026-08-20
LI,12.92,0.0,12665424896.0,807696399.0,10.243011,Consumer Cyclical,Li Auto Inc.,0.1668,0.75,forecast_icc,0.1113444334612613,0.6532148086267716,2026-08-20
LIEN,9.78,1.36,223185360.0,22820590.0,13.255,Financial Services,"Chicago Atlantic BDC, Inc.",1.5,0.09333333333333327,forecast_icc,0.20004620986724408,1.355317035355724,2026-08-20
LIF,45.82,0.0,3733430528.0,81480369.0,7.5615616,Technology,"Life360, Inc.",1.37072,0.3020821174273376,forecast_icc,0.08046114577797148,0.1650275329254045,2026-08-20
LIFE,33.52,0.0,3212505088.0,31554807.0,7.468,Financial Services,Ethos Technologies Inc.,1.75345,0.5006587014172061,forecast_icc,0.1577314092927543,0.07335437368060597,2026-08-20
LII,406.05,5.44,14033361920.0,34560675.0,37.536,Industrials,"Lennox International, Inc.",23.67104,0.11227178864975929,forecast_icc,0.0772786749139921,0.0924418185888275,2026-08-20
LILA,8.17,0.0,1600503040.0,36900000.0,2.643,Communication Services,Liberty Latin America Ltd.,0.14,0.75,forecast_icc,0.12893983173493873,0.06093502952671679,2026-08-20
LILAK,8.21,0.0,1608338944.0,156500000.0,2.687,Communication Services,Liberty Latin America Ltd.,0.01025,0.75,forecast_icc,0.024740599423102194,0.26145950240697524,2026-08-20
LIME,42.03,0.0,2691010048.0,64025936.0,13.423,Industrials,"Neutron Holdings, Inc.",4.0851,0.01,forecast_icc,0.06261571881688466,0.31936712371874426,2026-08-20
LIN,481.29,6.4,221865148416.0,460980163.0,84.778,Basic Materials,Linde plc,19.57375,0.113,forecast_icc,0.06150985496532091,0.17614743251849846,2026-08-20
LINC,26.16,0.0,829833920.0,31721479.0,6.273,Consumer Defensive,Lincoln Educational Services Co,0.782,0.3350383631713556,forecast_icc,0.08670806482760382,0.23979356949761704,2026-08-20
LIND,31.32,0.0,2055208576.0,65619689.0,-2.989,Consumer Cyclical,Lindblad Expeditions Holdings I,0.18358,0.75,forecast_icc,0.07072260198198846,,2026-08-20
LION,11.46,0.0,3410033920.0,297559680.0,-4.096,,Lionsgate Studios Corp,0.31,0.3935483870967742,forecast_icc,0.09250066479739882,,2026-08-20
LITB,3.07,0.0,60560604.0,19726582.0,-0.155,Consumer Cyclical,"LightInTheBox Holding Co., Ltd.",0.63,0.4285714285714286,forecast_icc,0.26363683115237146,,2026-08-20
LITE,879.28,0.0,78871420928.0,89700000.0,52.414,Technology,Lumentum Holdings Inc.,21.62373,0.5267102391678034,forecast_icc,0.11186900313772546,0.059610131840935505,2026-08-20
LIVE,9.22,0.0,28320670.0,3071656.0,30.244,Consumer Cyclical,Live Ventures Incorporated,7.5,0.04,forecast_icc,0.25077826513287327,3.280260109100526,2026-08-20
LIVN,78.21,0.0,4296351744.0,54933538.0,24.074,Healthcare,LivaNova PLC,4.35556,0.07372415946514344,forecast_icc,0.06014929212479292,0.3078123190585766,2026-08-20
LKFN,60.44,2.08,1502407808.0,24857840.0,31.107,Financial Services,Lakeland Financial Corporation,4.382,0.028753993610223683,forecast_icc,0.06883748926292477,0.5146757257001688,2026-08-20
LKFT,28.27,0.0,1851251712.0,65484670.0,2.8575108,Healthcare,Lakefront Biotherapeutics,10.45,0.04,trailing_eps_fallback_icc,0.16643927711072337,0.10107925926360252,2026-08-20
LKQ,25.98,1.2,6572994048.0,253002086.0,25.442,Consumer Cyclical,LKQ Corporation,2.6848,0.15178411799761604,forecast_icc,0.1393611868005601,0.9792917846883771,2026-08-20
LKSP,10.22,0.0,160385872.0,11860000.0,-0.266,Financial Services,Lake Superior Acquisition Corp.,0.2,0.04,trailing_eps_fallback_icc,0.024509703088507348,,2026-08-20
LLY,1244.4,6.92,1109682946048.0,891741406.0,38.002,Healthcare,Eli Lilly and Company,36.72512,0.28877073784918905,forecast_icc,0.08077704166779076,0.030538413725740142,2026-08-20
LLYVA,101.9,0.0,9375347712.0,25573685.0,-6.8,Communication Services,"Liberty Live Holdings, Inc. - S",1.86,0.04,forecast_icc,0.0232775455975072,,2026-08-20
LMAT,82.32,1.0,1882597120.0,22869257.0,18.384,Healthcare,"LeMaitre Vascular, Inc.",2.87875,0.10421189752496729,forecast_icc,0.053259341529309334,0.2233236289493527,2026-08-20
LMB,42.75,0.0,509793440.0,11924993.0,17.041,Industrials,"Limbach Holdings, Inc.",3.9555,0.11055997977499699,forecast_icc,0.09549095198193036,0.39861989144662197,2026-08-20
LMNR,13.96,0.3,253122832.0,18132007.0,7.429,Consumer Defensive,Limoneira Co,0.51333,0.04,forecast_icc,0.04293918810464692,0.5321632937600824,2026-08-20
LMRI,11.68,0.0,1122155776.0,96074976.0,6.402,Healthcare,"Lumexa Imaging Holdings, Inc.",0.77125,0.18012317666126432,forecast_icc,0.09550758721335806,0.548116410846688,2026-08-20
LMT,571.48,13.8,131892297728.0,230790753.0,38.122,Industrials,Lockheed Martin Corporation,30.46459,0.07298145158034286,forecast_icc,0.06659718581762919,0.06670749723392065,2026-08-20
LNC,41.98,1.8,8036958720.0,191447336.0,54.136,Financial Services,Lincoln National Corporation,7.87207,0.09557333712733751,forecast_icc,0.15680037679401831,1.2895665316663467,2026-08-20
LNG,279.17,2.22,57658142720.0,206534158.0,29.779,Energy,"Cheniere Energy, Inc.",22.80495,0.01,forecast_icc,0.057387468418865134,0.10666976771953156,2026-08-20
LNN,116.14,1.52,1181014272.0,10168885.0,49.08,Industrials,Lindsay Corporation,5.26,0.14955703422053235,forecast_icc,0.07480150267478669,0.42259343314692815,2026-08-20
LNSR,8.44,0.0,103692696.0,12285865.0,1.214,Healthcare,"LENSAR, Inc.",0.2,0.04,trailing_eps_fallback_icc,0.028143661651596014,0.14383886894019998,2026-08-20
LNT,69.46,2.14,18009915392.0,259284699.0,29.038,Utilities,Alliant Energy Corporation,3.42089,0.07740675672120423,forecast_icc,0.06718504767096867,0.41805355137350775,2026-08-20
LNTH,100.24,0.0,6542902272.0,65272369.0,20.099,Healthcare,"Lantheus Holdings, Inc.",5.6,0.12927321428571426,forecast_icc,0.07408548961959727,0.200508778825147,2026-08-20
LNZA,6.22,0.0,81414592.0,13089163.0,4.763,Industrials,"LanzaTech Global, Inc.",19.67,0.04,trailing_eps_fallback_icc,0.4,0.7657556445041203,2026-08-20
LOAN,4.03,0.44,46044804.0,11425509.0,3.763,Real Estate,"Manhattan Bridge Capital, Inc",0.42,0.04761904761904767,forecast_icc,0.1296108427428001,0.9337468429011012,2026-08-20
LOAR,74.37,0.0,6967611904.0,93688471.0,12.802,Industrials,Loar Holdings Inc.,1.37023,0.180115746991381,forecast_icc,0.04079505629082936,0.17213929568227568,2026-08-20
LOB,40.73,0.12,1885131776.0,46283620.0,26.286,Financial Services,"Live Oak Bancshares, Inc.",3.122,0.3549007046764896,forecast_icc,0.15281687215910444,0.6453719844994009,2026-08-20
LOBO,0.6501,0.0,8998644.0,10111618.0,0.556,Consumer Cyclical,LOBO TECHNOLOGIES LTD.,0.2,0.04,forecast_icc,0.15054795878044513,0.6247674214026026,2026-08-20
LOCO,15.37,0.0,468097920.0,30455298.0,10.415,Consumer Cyclical,"El Pollo Loco Holdings, Inc.",1.02667,0.07792182492914002,forecast_icc,0.06921550677528232,0.6776187526532909,2026-08-20
LOGI,95.34,1.7,13651575808.0,143188332.0,16.381,Technology,Logitech International S.A. - R,5.75741,0.05598871714885689,forecast_icc,0.06455682699115262,0.17181665321870512,2026-08-20
LOMA,9.32,0.0,1087612544.0,116696630.0,7.45991,Basic Materials,Loma Negra Compania Industrial ,0.6066,0.2686778766897462,forecast_icc,0.11706919512319602,0.8004195629278251,2026-08-20
LOOP,0.645,0.0,31205340.0,48380371.0,-0.198,Basic Materials,"Loop Industries, Inc.",0.025,0.04,forecast_icc,0.0392061824621831,,2026-08-20
LOPE,146.27,0.0,3812532992.0,26065037.0,25.847,Consumer Defensive,"Grand Canyon Education, Inc.",10.22667,0.10723529751131111,forecast_icc,0.07942674944256545,0.17670745741811536,2026-08-20
LOVE,16.27,0.0,238167072.0,14638418.0,14.041,Consumer Cyclical,The Lovesac Company,1.24,0.75,forecast_icc,0.2520973189598473,0.8629993450060133,2026-08-20
LOW,217.34,5.0,,,-16.524,Consumer Cyclical,"Lowe's Companies, Inc.",12.36341,0.06273592803279993,forecast_icc,0.06590646703415987,,2026-08-20
LPA,3.19,0.0,101118648.0,31698635.0,8.626,Real Estate,Logistic Properties of the Amer,0.01,0.75,forecast_icc,0.04677225039403844,2.7040751722669394,2026-08-20
LPAA,10.74,0.0,80803584.0,7523610.0,-0.418,Financial Services,Launch One Acquisition Corp.,0.25,0.01,trailing_eps_fallback_icc,0.022608784550055272,,2026-08-20
LPBB,10.7899,0.0,310209632.0,23000000.0,-0.374,Financial Services,Launch Two Acquisition Corp.,0.26,0.01,trailing_eps_fallback_icc,0.02320176381798885,,2026-08-20
LPG,49.65,3.35,2124160128.0,42782681.0,28.902,Energy,Dorian LPG Ltd.,6.85,0.01,forecast_icc,0.10427785667535719,0.582114799144747,2026-08-20
LPL,3.33,0.0,3329999872.0,1000000000.0,4.4548125,Technology,"LG Display Co, Ltd AMERICAN DEP",0.10644,0.04,forecast_icc,0.03457334752950693,1.3377815829537665,2026-08-20
LPLA,354.02,1.2,27876343808.0,78742290.0,72.724,Financial Services,LPL Financial Holdings Inc.,24.03819,0.24211307090924894,forecast_icc,0.11500936031992037,0.2054234349167631,2026-08-20
LPTH,13.02,0.0,817518144.0,62789407.0,1.456,Technology,"LightPath Technologies, Inc.",0.02,0.04,forecast_icc,0.010000000000000002,0.11182794811707567,2026-08-20
LPX,73.75,1.2,5156851200.0,69923410.0,24.914,Industrials,Louisiana-Pacific Corporation,1.08176,0.75,forecast_icc,0.14645775692029528,0.3378169679862006,2026-08-20
LQDA,71.05,0.0,6359606784.0,89508891.0,2.19,Healthcare,Liquidia Corporation,3.22,0.75,forecast_icc,0.20287091116024436,0.03082336344806314,2026-08-20
LQDT,42.75,0.0,1339426688.0,31331618.0,7.529,Consumer Cyclical,"Liquidity Services, Inc.",1.65,0.11515151515151523,forecast_icc,0.05499326157933859,0.17611695663182125,2026-08-20
LRCX,310.53,1.04,388572708864.0,1251321000.0,9.967,Technology,Lam Research Corporation,9.45969,0.2217250248158238,forecast_icc,0.06782953895669863,0.03209673793988748,2026-08-20
LRE,1.33,0.07,18143728.0,13641900.0,2.0517595,Real Estate,"Lead Real Estate Co., Ltd",0.46,0.04,trailing_eps_fallback_icc,0.1828999771823755,1.5426762307641517,2026-08-20
LRHC,0.5636,0.0,1172768.0,2080853.0,-19.7,Real Estate,La Rosa Holdings Corp.,43293.21,0.04,trailing_eps_fallback_icc,0.4,,2026-08-20
LRN,84.07,0.0,3493936128.0,41559845.0,39.739,Consumer Defensive,"Stride, Inc.",8.72667,0.06302518601024198,forecast_icc,0.0867483444254128,0.47268943104589,2026-08-20
LSAK,4.56,0.0,391233376.0,85796794.0,2.314,Technology,"Lesaka Technologies, Inc.",0.34,0.38235294117647034,forecast_icc,0.15568777587013283,0.5074561463692709,2026-08-20
LSBK,17.24,0.36,135399296.0,7853788.0,19.319,Financial Services,"Lake Shore Bancorp, Inc.",1.14,0.16,trailing_eps_fallback_icc,0.10074479227371966,1.12059172281073,2026-08-20
LSCC,117.56,0.0,16697078784.0,142030272.0,5.741,Technology,Lattice Semiconductor Corporati,2.12926,0.5070587903778778,forecast_icc,0.0911283042977461,0.04883463760938555,2026-08-20
LSE,5.41,0.0,92105248.0,4315000.0,2.669,Energy,"Leishen Energy Holding Co., Ltd",0.08,0.01,trailing_eps_fallback_icc,0.015861950419364702,0.12503885772068057,2026-08-20
LSF,4.1,0.0,45890824.0,11192884.0,0.993,Consumer Defensive,"Laird Superfood, Inc.",0.03667,0.75,forecast_icc,0.09095623722782953,0.24219512406227442,2026-08-20
LSPD,10.39,0.0,1343422848.0,129299592.0,10.747,Technology,Lightspeed Commerce Inc. Subord,0.62377,0.48798435320711153,forecast_icc,0.16536339540869982,1.0343598944239483,2026-08-20
LSTR,182.42,1.76,6190773760.0,33936925.0,24.655,Industrials,"Landstar System, Inc.",5.91918,0.2911771562952976,forecast_icc,0.08870114581815153,0.13515513864861378,2026-08-20
LTC,40.75,2.28,2196651776.0,53905563.0,19.632,Real Estate,"LTC Properties, Inc.",2.03215,0.01,forecast_icc,0.05127847082724257,0.4817668527977008,2026-08-20
LTH,44.72,0.0,9993219072.0,223461948.0,14.794,Consumer Cyclical,"Life Time Group Holdings, Inc.",1.74596,0.16925359114756344,forecast_icc,0.06665249351007285,0.3308139284141974,2026-08-20
LTM,50.49,1.53,,,6.0,Industrials,LATAM Airlines Group S.A.,4.56513,0.38410297187593767,forecast_icc,0.19651556389818736,,2026-08-20
LTRX,6.07,0.0,270774176.0,44608597.0,1.87,Technology,"Lantronix, Inc.",0.15167,0.75,forecast_icc,0.1550306149723485,0.30807249650720014,2026-08-20
LU,1.4,0.0,1213364480.0,866688892.0,13.604542,Financial Services,Lufax Holding Ltd,3.85903,0.01,forecast_icc,0.4,9.717529750127072,2026-08-20
LUCK,6.58,0.24,897394368.0,77862689.0,-2.654,Consumer Cyclical,LUCKY STRIKE ENTERTAINMENT CORP,0.13667,0.381,forecast_icc,0.09493534495576011,,2026-08-20
LUD,4.2901,0.0,97342368.0,22690000.0,0.979,Basic Materials,Luda Technology Group Limited,0.03,0.04,trailing_eps_fallback_icc,0.010730572488844417,0.22819981120656527,2026-08-20
LULU,115.69,0.0,13137053696.0,108437957.0,42.173,Consumer Cyclical,lululemon athletica inc.,11.03308,0.03841266445996938,forecast_icc,0.07371656193965503,0.3481110807938194,2026-08-20
LUV,39.89,0.72,19514515456.0,489208201.0,14.476,Industrials,Southwest Airlines Company,3.40297,0.44728575332724074,forecast_icc,0.1999256556786907,0.36289796350022174,2026-08-20
LUXE,7.86,0.0,1078876160.0,137261608.0,10.261918,Consumer Cyclical,LuxExperience B.V.,5.91,0.04,trailing_eps_fallback_icc,0.24102457217718676,1.305587627262191,2026-08-20
LVS,45.97,1.2,29774823424.0,647701184.0,0.897,Consumer Cyclical,Las Vegas Sands Corp.,3.09675,0.13778315976426891,forecast_icc,0.0979296558440802,0.019512725693603763,2026-08-20
LW,53.47,1.52,7351224320.0,137483158.0,13.276,Consumer Defensive,"Lamb Weston Holdings, Inc.",3.04926,0.11297167181545698,forecast_icc,0.08315373119436653,0.2482887647221191,2026-08-20
LWAY,25.91,0.0,391415808.0,15106747.0,5.91,Consumer Defensive,"Lifeway Foods, Inc.",0.5,0.75,forecast_icc,0.13682418486989445,0.22809726369048436,2026-08-20
LX,1.34,0.38,220816288.0,129117160.0,10.82533,Financial Services,LexinFintech Holdings Ltd.,5.05262,0.34031057154505984,forecast_icc,0.4,6.329858536806849,2026-08-20
LXFR,17.12,0.52,458118208.0,26759241.0,8.322,Industrials,Luxfer Holdings PLC,1.02,0.3970588235294117,forecast_icc,0.16971424684601277,0.4860981286340838,2026-08-20
LXP,60.88,2.8,3589318400.0,58957264.0,31.447,Real Estate,LXP Industrial Trust,0.05803,0.75,forecast_icc,0.021077189583283196,0.5165407117429315,2026-08-20
LXU,10.69,0.0,769653312.0,71997504.0,7.555,Basic Materials,"LSB Industries, Inc.",0.94442,0.08034560894517262,forecast_icc,0.08372381117685845,0.7067352718934314,2026-08-20
LYB,68.1,2.76,21998884864.0,323037952.0,33.037,Basic Materials,LyondellBasell Industries NV,9.24111,0.01,forecast_icc,0.09235701394957163,0.4851248091074149,2026-08-20
LYFT,17.4,0.0,6586600448.0,378540249.0,7.974,Technology,"Lyft, Inc.",0.55955,0.7340005361451167,forecast_icc,0.17099833855330543,0.4582758540397804,2026-08-20
LYG,5.9,0.22,85540052992.0,14498313399.0,3.8581705,Financial Services,Lloyds Banking Group Plc,0.53836,0.18322312207444846,forecast_icc,0.1369473704541283,0.653927173285805,2026-08-20
LYTS,20.62,0.2,757009792.0,36712404.0,9.914,Technology,LSI Industries Inc.,1.395,0.24014336917562717,forecast_icc,0.11805804580638146,0.4807953306580214,2026-08-20
LYV,182.02,0.0,42403291136.0,232959505.0,0.357,Communication Services,"Live Nation Entertainment, Inc.",1.8881,0.75,forecast_icc,0.09886837755822636,0.0019613228373774124,2026-08-20
LZ,5.86,0.0,1003611840.0,171264812.0,0.759,Industrials,"LegalZoom.com, Inc.",0.71114,0.1329555361813426,forecast_icc,0.11939661581086447,0.12952217892128495,2026-08-20
LZB,33.65,0.97,1347749888.0,40052000.0,26.023,Consumer Cyclical,La-Z-Boy Incorporated,2.51667,0.11787798956557682,forecast_icc,0.09880838953943683,0.7733431887326561,2026-08-20
M,22.58,0.77,5939397120.0,263037954.0,18.389,Consumer Cyclical,Macy's Inc,2.23877,0.0468962868003413,forecast_icc,0.09124929775281401,0.814393252106032,2026-08-20
MA,573.85,3.48,502698278912.0,869464115.0,6.396,Financial Services,Mastercard Incorporated,19.91779,0.15604241233590677,forecast_icc,0.06153241030282368,0.011062485615777289,2026-08-20
MAA,132.06,6.12,15710358528.0,116021957.0,46.839,Real Estate,Mid-America Apartment Communiti,3.66695,0.01,forecast_icc,0.03019407416127845,0.3459088749780949,2026-08-20
MAC,24.69,0.68,7284299776.0,283559375.0,9.952,Real Estate,Macerich Company (The),0.04,0.04,forecast_icc,0.010000000000000002,0.3874062005654612,2026-08-20
MACI,10.98,0.0,237405392.0,21621621.0,-0.323,Financial Services,Melar Acquisition Corp. I,0.18,0.04,trailing_eps_fallback_icc,0.021468269862397027,,2026-08-20
MAGN,12.01,0.0,427556000.0,35600000.0,28.408,Consumer Defensive,Magnera Corporation,0.73838,0.75,forecast_icc,0.2308414411116183,2.365362198168193,2026-08-20
MAIA,1.38,0.0,83939664.0,60825844.0,0.34,Healthcare,"MAIA Biotechnology, Inc.",1.11,0.04,forecast_icc,0.24936265712664174,0.24637681370752212,2026-08-20
MAIN,58.4,3.18,5460894208.0,93508461.0,33.92,Financial Services,Main Street Capital Corporation,3.81286,0.018358922173906222,forecast_icc,0.06727122726657808,0.5808219087037843,2026-08-20
MAIR,26.25,0.0,13170219008.0,177342753.0,7.275,Industrials,Madison Air Solutions Corporati,1.10528,0.16954074985524015,forecast_icc,0.07009095113853203,0.0979610534412003,2026-08-20
MAKO,10.5,0.0,919862080.0,87605909.0,2.162,Basic Materials,Mako Mining Corp,0.59,0.364,trailing_eps_fallback_icc,0.13066440126661438,0.20590475395833252,2026-08-20
MAMA,15.99,0.0,743491712.0,46497291.0,1.36,Consumer Defensive,"Mama's Creations, Inc.",0.23857,0.4531164857274592,forecast_icc,0.07302925804592031,0.08505315491667513,2026-08-20
MAMK,13.16,0.0,218784992.0,9200000.0,0.739,Industrials,MaxsMaking Inc.,0.06,0.04,trailing_eps_fallback_icc,0.010000000000000002,0.03107525766666847,2026-08-20
MAMO,1.02,0.0,42473772.0,41640950.0,0.578,Consumer Cyclical,Massimo Group,0.1,0.75,trailing_eps_fallback_icc,0.2787781719255402,0.5666666266419662,2026-08-20
MAN,60.74,1.44,2824856064.0,46507342.0,45.291,Industrials,ManpowerGroup,3.62035,0.3401798168685346,forecast_icc,0.1474391729524186,0.745653576253151,2026-08-20
MANH,211.21,0.0,12314593280.0,58304972.0,2.702,Technology,"Manhattan Associates, Inc.",5.4795,0.11608723423670031,forecast_icc,0.04140578991726891,0.012792954729561316,2026-08-20
MANU,24.02,0.0,,,1.3988,Communication Services,Manchester,0.1488938,0.04,forecast_icc,0.010000000000000002,,2026-08-20
MAR,356.6,2.92,92989259776.0,260766288.0,-17.284,Consumer Cyclical,Marriott International,11.71647,0.12364816365338727,forecast_icc,0.05360045398081442,,2026-08-20
MAS,73.33,1.28,14459754496.0,197187430.0,-1.851,Industrials,Masco Corporation,4.53199,0.02838046862415844,forecast_icc,0.056478656044074316,,2026-08-20
MASK,1.49,0.0,4785457.0,3211716.0,10.012,Technology,3 E Network Technology Group Lt,1.36,0.04,trailing_eps_fallback_icc,0.2656785578359141,6.719462862585538,2026-08-20
MAT,14.72,0.0,4205504000.0,285700000.0,6.994,Consumer Cyclical,"Mattel, Inc.",1.30859,0.21556025951596758,forecast_icc,0.12341866353718511,0.4751358695652174,2026-08-20
MATH,0.745,0.0,35099360.0,47113236.0,0.855,Financial Services,Metalpha Technology Holding Lim,0.02,0.01,trailing_eps_fallback_icc,0.02512921149331601,1.1476510335231185,2026-08-20
MATV,12.0,0.4,662281152.0,55190098.0,8.539,Basic Materials,"Mativ Holdings, Inc.",0.97,0.2886597938144331,forecast_icc,0.1605187370468396,0.7115833591199647,2026-08-20
MATW,21.66,1.02,676077312.0,31213173.0,15.569,Industrials,Matthews International Corporat,0.53,0.4811320754716981,forecast_icc,0.13053700918280875,0.7187904131842839,2026-08-20
MATX,216.77,1.52,6482172928.0,29903458.0,92.735,Industrials,"Matson, Inc.",16.05339,0.03854886724859985,forecast_icc,0.06425690409346918,0.427803640605066,2026-08-20
MAX,13.17,0.0,806846592.0,52975711.0,0.536,Communication Services,"MediaAlpha, Inc.",1.225,0.2693877551020407,forecast_icc,0.14174577151433376,0.035192540165057795,2026-08-20
MBAI,8.02,0.0,10841966.0,1351866.0,0.49,Healthcare,Check-Cap Ltd.,4.62,0.04,trailing_eps_fallback_icc,0.21035809422712293,0.06109725302588109,2026-08-20
MBBC,15.125,0.0,44630032.0,2950746.0,16.113,Financial Services,"Marathon Bancorp, Inc.",0.42,0.75,trailing_eps_fallback_icc,0.16289884365487162,1.0653223438871835,2026-08-20
MBC,9.14,0.0,1859903232.0,203490490.0,9.679,Consumer Cyclical,"MasterBrand, Inc.",0.1,0.75,forecast_icc,0.10181915756237381,1.058971466269273,2026-08-20
MBGL,20.2,0.24,6464000000.0,320000000.0,33.359,Technology,Mobility Global Inc.,1.55841,0.0516231287016895,forecast_icc,0.07205340898616186,1.6514356435643565,2026-08-20
MBIN,54.13,0.44,2486628096.0,45938075.0,40.109,Financial Services,Merchants Bancorp,5.44333,0.10042933277975075,forecast_icc,0.10054510815964834,0.7409754008405607,2026-08-20
MBLY,8.88,0.0,7549665792.0,252419583.0,9.774,Consumer Cyclical,Mobileye Global Inc.,0.50097,0.01,forecast_icc,0.04195267751819326,0.3267891681849431,2026-08-20
MBRX,0.5906,0.0,11503341.0,19477380.0,2.845,Healthcare,"Moleculin Biotech, Inc.",14.59,0.04,trailing_eps_fallback_icc,0.4,4.81713496105175,2026-08-20
MBUU,29.53,0.0,579881792.0,19637041.0,26.364,Consumer Cyclical,"Malibu Boats, Inc.",1.46818,0.7213625032352982,forecast_icc,0.204550976423154,0.8927870405077316,2026-08-20
MBWM,59.8,1.56,1033698496.0,17285929.0,43.684,Financial Services,Mercantile Bank Corporation,5.68667,0.01,forecast_icc,0.06933286822924967,0.7305017133700077,2026-08-20
MC,66.87,2.6,4953789952.0,74078589.0,6.828,Financial Services,Moelis & Company,3.07498,0.27533187207721666,forecast_icc,0.12557708425477798,0.10210538004095011,2026-08-20
MCB,91.63,1.4,1136008320.0,12397778.0,78.108,Financial Services,Metropolitan Bank Holding Corp.,9.44406,0.20838071761509358,forecast_icc,0.1401313569006567,0.8524283026589101,2026-08-20
MCBS,35.5,1.08,1021733568.0,28781229.0,19.335,Financial Services,"MetroCity Bankshares, Inc.",3.25,0.01,forecast_icc,0.06901182936289885,0.5446479201072897,2026-08-20
MCD,269.13,7.44,190447566848.0,707641531.0,-1.446,Consumer Cyclical,McDonald's Corporation,12.93707,0.08203480386207995,forecast_icc,0.06620310847165861,,2026-08-20
MCFT,25.32,0.0,613307840.0,24222270.0,11.613,Consumer Cyclical,"MasterCraft Boat Holdings, Inc.",1.67,0.1826347305389222,forecast_icc,0.09608505804359557,0.4586493163204957,2026-08-20
MCHB,16.37,1.31,3624752128.0,220312061.0,11.622,Financial Services,Mechanics Bancorp,1.02667,0.1655838779744221,forecast_icc,0.12530332613191036,0.7063839629648739,2026-08-20
MCHP,75.81,1.82,41165488128.0,543008691.0,11.88,Technology,Microchip Technology Incorporat,3.65058,0.25206953415621625,forecast_icc,0.11038693952067014,0.156707561174094,2026-08-20
MCHX,1.78,0.0,78921440.0,39676963.0,0.652,Communication Services,"Marchex, Inc.",0.04,0.75,forecast_icc,0.147376860942725,0.3277864655789352,2026-08-20
MCI,18.21,1.6,374320224.0,20555752.0,16.628,Financial Services,Barings Corporate Investors,1.37,0.01,trailing_eps_fallback_icc,0.07729782269178898,0.9131247053752564,2026-08-20
MCK,838.75,3.76,97790164992.0,116590363.0,-36.552,Healthcare,McKesson Corporation,44.62685,0.13287583595974173,forecast_icc,0.07448568346332951,,2026-08-20
MCN,5.64,0.72,118403168.0,20993470.0,6.378,Financial Services,Madison Covered Call & Equity S,0.31,0.04,trailing_eps_fallback_icc,0.06947307533666561,1.1308510905721711,2026-08-20
MCO,498.77,4.12,86377480192.0,173180984.0,17.467,Financial Services,Moody's Corporation,16.97255,0.11434698969807133,forecast_icc,0.053006697865440544,0.03502014924265134,2026-08-20
MCRI,125.65,1.2,2251964672.0,17922521.0,32.181,Consumer Cyclical,"Monarch Casino & Resort, Inc.",6.64,0.03840361445783125,forecast_icc,0.05142409270165259,0.2561162062052988,2026-08-20
MCS,29.61,0.36,912940288.0,23847575.0,14.842,Communication Services,Marcus Corporation (The),1.27667,0.01,forecast_icc,0.03706466457144131,0.3876986400998879,2026-08-20
MCTA,29.355,0.0,445550176.0,15178000.0,0.302,Healthcare,Charming Medical Limited,0.07,0.01,trailing_eps_fallback_icc,0.010000000000000002,0.010287855884496384,2026-08-20
MCY,103.87,1.27,,,51.202,Financial Services,Mercury General Corporation,13.5,0.01,forecast_icc,0.08021687278769593,,2026-08-20
MD,26.22,0.0,2130460800.0,81253271.0,11.111,Healthcare,"Pediatrix Medical Group, Inc.",2.34837,0.038873772020592945,forecast_icc,0.07085668187802352,0.42376048133859123,2026-08-20
MDA,31.25,0.0,5064481280.0,162063406.0,7.7147512,Industrials,MDA Space Ltd.,1.32394,0.6340770729791381,forecast_icc,0.17154992868649904,0.24687204607745875,2026-08-20
MDB,420.37,0.0,33811169280.0,80431927.0,36.458,Technology,"MongoDB, Inc.",6.12723,0.1974709615927588,forecast_icc,0.036849994483569376,0.08672835802518569,2026-08-20
MDGL,519.09,0.0,11993121792.0,23104126.0,22.678,Healthcare,"Madrigal Pharmaceuticals, Inc.",9.625,0.04,forecast_icc,0.02355126239866516,0.0436879887084532,2026-08-20
MDLN,32.58,0.0,43834216448.0,877351218.0,13.195,Healthcare,Medline Inc.,1.52021,0.03503463337302071,forecast_icc,0.043647626945826884,0.2641007473064618,2026-08-20
MDLZ,64.14,2.08,81862402048.0,1276308057.0,20.803,Consumer Defensive,"Mondelez International, Inc.",3.0459,0.10330280048589913,forecast_icc,0.07377625518690112,0.32433737400232654,2026-08-20
MDRR,11.35,0.27,25418564.0,1628500.0,14.757,Real Estate,"Medalist Diversified, Inc.",3.97,0.04,trailing_eps_fallback_icc,0.1711626723961771,0.9454418628841503,2026-08-20
MDT,92.3,2.88,118142230528.0,1279980861.0,38.638,Healthcare,Medtronic plc.,5.94885,0.07758978626121005,forecast_icc,0.07942567140894596,0.41861322819359525,2026-08-20
MDU,20.31,0.57,4272197376.0,210349456.0,13.915,Utilities,"MDU Resources Group, Inc.",0.97982,0.08148435426915146,forecast_icc,0.06636907011484083,0.6851304896826939,2026-08-20
MDXG,4.3,0.0,626770048.0,145760468.0,1.482,Healthcare,"MiMedx Group, Inc",0.17333,0.04,forecast_icc,0.040236167604391526,0.3446511432148079,2026-08-20
MEC,22.65,0.0,577582528.0,25500331.0,12.766,Industrials,"Mayville Engineering Company, I",0.25854,0.75,forecast_icc,0.10420579962847654,0.5636202789465266,2026-08-20
MEDP,612.64,0.0,17099797504.0,27911655.0,15.545,Healthcare,"Medpace Holdings, Inc.",17.70463,0.09068305861235171,forecast_icc,0.04031623259369754,0.025373790354739866,2026-08-20
MEGI,15.09,1.5,785397312.0,52047534.0,,Financial Services,NYLI CBRE Global Infrastructure Megatrends Term Fund,3.1,0.04,trailing_eps_fallback_icc,0.16490770061549187,,2026-08-20
MEI,14.47,0.2,513611840.0,35494942.0,19.106,Technology,"Methode Electronics, Inc.",0.66,0.04,forecast_icc,0.047848649920640154,1.3203869323806867,2026-08-20
MELI,1921.96,0.0,97437220864.0,50696802.0,154.527,Consumer Cyclical,"MercadoLibre, Inc.",38.30553,0.4615863558081563,forecast_icc,0.08848948829481273,0.08040074063266336,2026-08-20
MEOH,58.71,0.74,4542055936.0,77364263.0,33.165,Basic Materials,Methanex Corporation,9.06647,0.01,forecast_icc,0.08975770148294415,0.5648952409543817,2026-08-20
MET,93.46,2.37,59391672320.0,635476927.0,43.028,Financial Services,"MetLife, Inc.",9.81456,0.1103686767414942,forecast_icc,0.1143089800443452,0.4603894813338706,2026-08-20
META,545.83,2.1,1390505361408.0,2205128509.0,102.52,Communication Services,"Meta Platforms, Inc.",31.72211,0.06839898102616737,forecast_icc,0.06177753803965402,0.16258101623841703,2026-08-20
METC,11.15,0.28,706778880.0,51875261.0,6.55,Basic Materials,"Ramaco Resources, Inc.",0.1525,0.04,forecast_icc,0.020563977994873466,0.480748603509488,2026-08-20
MFA,8.94,1.44,903726080.0,101087938.0,17.568,Real Estate,"MFA Financial, Inc.",1.048,0.33396946564885477,forecast_icc,0.27883770909393013,1.9651008575341768,2026-08-20
MFC,42.47,1.36,70580969472.0,1661901655.0,22.005041,Financial Services,Manulife Financial Corporation,4.50989,0.10580745871850517,forecast_icc,0.1166163209685166,0.5181313650098066,2026-08-20
MFG,10.13,0.18,123063754752.0,12148445290.0,5.929412,Financial Services,"Mizuho Financial Group, Inc. Sp",0.7352,0.19102285092491833,forecast_icc,0.11341590216634276,0.5853318666331268,2026-08-20
MFI,8.56,0.0,429510720.0,49045623.0,10.18962,Technology,mF International Limited,1.72,0.04,trailing_eps_fallback_icc,0.11814358903059732,1.1635478179293406,2026-08-20
MFIN,11.45,0.56,262894832.0,22960249.0,17.632,Financial Services,Medallion Financial Corp.,1.14667,0.42586794805829054,forecast_icc,0.23583294527043497,1.5399127753412818,2026-08-20
MFM,5.36,0.31,220765712.0,41187631.0,5.975,Financial Services,MFS Municipal Income Trust,0.41,0.04,trailing_eps_fallback_icc,0.0854442745466949,1.1147387562838562,2026-08-20
MFP,48.95,0.0,2213254144.0,45214588.0,17.373,Industrials,"Midera Food Processing, Inc.",2.15,0.21240465116279061,forecast_icc,0.0813758953885696,0.3549131668649436,2026-08-20
MG,19.51,0.0,621391424.0,31849893.0,7.533,Industrials,Mistras Group Inc,1.025,0.23414634146341462,forecast_icc,0.09581690951862798,0.38610968015065494,2026-08-20
MGA,70.39,1.98,18830721024.0,267519846.0,43.982,Consumer Cyclical,"Magna International, Inc.",7.04416,0.10064081451869367,forecast_icc,0.10928981941900284,0.6248331039356382,2026-08-20
MGEE,80.48,1.9,3037840128.0,37746521.0,38.128,Utilities,MGE Energy Inc.,3.93,0.07888040712468203,forecast_icc,0.06437536055189141,0.4737574368785216,2026-08-20
MGF,2.84,0.23,,,3.189,Financial Services,,0.11,0.037,trailing_eps_fallback_icc,0.049111474625101015,,2026-08-20
MGM,43.17,0.0,11045097472.0,255851235.0,9.992,Consumer Cyclical,MGM Resorts International,1.87312,0.10441402579653225,forecast_icc,0.057277264972335984,0.23145703753188213,2026-08-20
MGN,0.111,0.0,,,0.7318515,Industrials,Megan Holdings Limited,0.01,0.04,trailing_eps_fallback_icc,0.07153335959967844,,2026-08-20
MGNI,23.35,0.0,3348954112.0,143424157.0,6.53,Communication Services,"Magnite, Inc.",1.105,0.16742081447963808,forecast_icc,0.07507792456919166,0.27965738373485366,2026-08-20
MGPI,17.77,0.48,380528128.0,21414076.0,27.593,Consumer Defensive,"MGP Ingredients, Inc.",1.652,0.18886198547215494,forecast_icc,0.13378627171781854,1.5527856039803711,2026-08-20
MGRC,116.44,1.96,2844124416.0,24425663.0,50.989,Industrials,McGrath RentCorp,6.35,0.09370078740157495,forecast_icc,0.07054736984048204,0.43789931400349824,2026-08-20
MGRT,98.81,0.0,1358637440.0,13750000.0,1.132,Technology,Mega Fortune Company Limited,0.17,0.75,trailing_eps_fallback_icc,0.03108099661762881,0.011456330836871387,2026-08-20
MGTX,14.54,0.0,1396465152.0,96042996.0,2.289,Healthcare,MeiraGTx Holdings plc,0.51,0.01,forecast_icc,0.0304013931944892,0.1574277865288256,2026-08-20
MGY,28.22,0.66,6843125760.0,236968592.0,11.815,Energy,Magnolia Oil & Gas Corporation,2.97847,0.08826343726812746,forecast_icc,0.10586865116822508,0.4091381647324862,2026-08-20
MGYR,19.46,0.4,125621744.0,6455383.0,20.469,Financial Services,"Magyar Bancorp, Inc.",1.87,0.233,trailing_eps_fallback_icc,0.14617059546159872,1.0518500254780734,2026-08-20
MH,12.86,0.0,2460231424.0,191308814.0,4.122,Consumer Defensive,"McGraw Hill, Inc.",1.97417,0.0517331334180946,forecast_icc,0.10551714486598407,0.3205287614877648,2026-08-20
MHD,11.43,0.71,,,12.825,Financial Services,,0.31,0.04,trailing_eps_fallback_icc,0.036331634375090946,,2026-08-20
MHF,6.83,0.41,151788720.0,22223825.0,6.893,Financial Services,Western Asset Municipal High In,0.38,0.04,trailing_eps_fallback_icc,0.07026534334407797,1.0092240432951802,2026-08-20
MHH,7.46,0.0,89613856.0,12012581.0,7.632,Industrials,"Mastech Digital, Inc",0.325,0.75,forecast_icc,0.19942923213124353,1.0230562804037804,2026-08-20
MHK,133.47,0.0,9041009664.0,67738145.0,125.969,Consumer Cyclical,"Mohawk Industries, Inc.",9.83665,0.02260627347725097,forecast_icc,0.056462853736533675,0.9438001622188067,2026-08-20
MHO,149.95,0.0,3791190528.0,25283031.0,127.881,Consumer Cyclical,"M/I Homes, Inc.",12.3175,0.17657803937487304,forecast_icc,0.10744607673811998,0.8528242681110116,2026-08-20
MIAX,41.32,0.0,4100220672.0,99230898.0,11.665,Financial Services,"Miami International Holdings, I",1.71962,0.12167222991125959,forecast_icc,0.05934673868687523,0.28230881159022647,2026-08-20
MICC,19.74,0.0,12087348224.0,612327650.0,2.0454342,Consumer Defensive,The Magnum Ice Cream Company N.,1.13628,0.11612454676664208,forecast_icc,0.07226695458407006,0.10361875025895091,2026-08-20
MIDD,112.52,0.0,5088418304.0,45222349.0,48.869,Industrials,The Middleby Corporation,6.87336,0.13031617724082545,forecast_icc,0.07870081891288738,0.4343139343602597,2026-08-20
MIN,2.46,0.24,,,2.733,Financial Services,,0.1,0.01,trailing_eps_fallback_icc,0.0418094211958758,,2026-08-20
MIND,4.65,0.0,42264108.0,9089055.0,4.569,Technology,"MIND Technology, Inc.",0.08,0.75,forecast_icc,0.12919947279058575,0.9825805928519774,2026-08-20
MIR,15.23,0.0,3792843264.0,243278092.0,7.505,Industrials,"Mirion Technologies, Inc.",0.54128,0.23776973100798116,forecast_icc,0.07629023296322968,0.4813808410670987,2026-08-20
MITK,18.52,0.0,835666432.0,45122374.0,5.554,Technology,"Mitek Systems, Inc.",1.146,0.04013961605584648,forecast_icc,0.05524554412981432,0.299891985126429,2026-08-20
MITT,6.71,0.96,213401328.0,31803475.0,10.207,Real Estate,"TPG Mortgage Investment Trust, ",1.04667,0.1608243285849409,forecast_icc,0.23957554909259338,1.521162367485361,2026-08-20
MIY,12.48,0.65,361480064.0,28964750.0,12.424,Financial Services,Blackrock MuniYield Michigan Qu,0.34,0.04,trailing_eps_fallback_icc,0.03646293300602366,0.9955128645766755,2026-08-20
MKC,55.22,1.92,14845982720.0,254055150.0,26.02,Consumer Defensive,"McCormick & Company, Incorporat",3.08759,0.0681631952428916,forecast_icc,0.07145040198972319,0.4452729824408687,2026-08-20
MKC-V,55.53,1.92,14929326080.0,14796402.0,26.02,Consumer Defensive,"McCormick & Company, Incorporat",6.01,0.01,trailing_eps_fallback_icc,0.07834816068953165,0.025788329491695315,2026-08-20
MKL,1788.29,0.0,22156838912.0,12389958.0,1531.531,Financial Services,Markel Group Inc.,94.08,0.20043229166666676,forecast_icc,0.08800803954760808,0.8564220212577767,2026-08-20
MKSI,281.88,1.0,19060037632.0,67617558.0,44.201,Technology,MKS Inc.,13.13414,0.3326788050074081,forecast_icc,0.11384885603740102,0.15680785835071745,2026-08-20
MKTW,18.2,1.15,50827344.0,2792711.0,-4.831,Financial Services,"MarketWise, Inc.",0.63,0.75,forecast_icc,0.2381019720765769,,2026-08-20
MKTX,161.9,3.12,5697729024.0,35192891.0,35.205,Financial Services,"MarketAxess Holdings, Inc.",8.003,0.10177683368736723,forecast_icc,0.06936089994918959,0.2174490437218448,2026-08-20
MLAB,119.15,0.64,666747776.0,5595869.0,33.71,Technology,"Mesa Laboratories, Inc.",9.95,0.032160804020100464,forecast_icc,0.06684940854046426,0.2829206947215974,2026-08-20
MLCI,3.24,0.12,36251608.0,11188768.0,5.431,Financial Services,Mount Logan Capital Inc.,0.37675574,0.04,forecast_icc,0.09824242144716888,1.6762345826976834,2026-08-20
MLCO,5.35,0.0,2034305664.0,380244063.0,-4.302,Consumer Cyclical,Melco Resorts & Entertainment L,0.42981,0.671482748191061,forecast_icc,0.2372437157166839,,2026-08-20
MLGO,4.27,0.0,46720284.0,10941519.0,31.44734,Technology,"MicroAlgo, Inc.",2.12,0.75,trailing_eps_fallback_icc,0.4,7.364716963395599,2026-08-20
MLI,61.96,0.7,13704398848.0,221181388.0,16.04,Industrials,"Mueller Industries, Inc.",4.2,0.042857142857142705,forecast_icc,0.0632006317048765,0.2588766937440494,2026-08-20
MLKN,22.76,0.75,1550484992.0,68123238.0,19.692,Consumer Cyclical,"MillerKnoll, Inc.",2.015,0.1736972704714641,forecast_icc,0.12918390078332231,0.8652020558842017,2026-08-20
MLM,525.27,3.36,31550785536.0,60065839.0,192.27,Basic Materials,"Martin Marietta Materials, Inc.",18.39809,0.16966489456242462,forecast_icc,0.0648750641548752,0.36604029561649265,2026-08-20
MLR,56.38,0.84,640036160.0,11352184.0,37.005,Consumer Cyclical,"Miller Industries, Inc.",1.95,0.4256410256410257,forecast_icc,0.12681589091201995,0.6563497426770388,2026-08-20
MMD,15.03,0.81,,,16.381,Financial Services,,1.39,0.04,trailing_eps_fallback_icc,0.0931080223609474,,2026-08-20
MMED,20.18,0.0,5667408896.0,280842845.0,12.859,Healthcare,"MiniMed Group, Inc.",0.62062,0.05547678128323308,forecast_icc,0.03630269854346534,0.6372150324999243,2026-08-20
MMI,32.7,0.5,1238381824.0,37871003.0,15.051,Real Estate,"Marcus & Millichap, Inc.",0.48,0.75,forecast_icc,0.14652296906176698,0.46027521973142266,2026-08-20
MMLP,2.3,0.02,89986784.0,39124686.0,-2.332,Energy,Martin Midstream Partners L.P.,0.15,0.04,forecast_icc,0.059853704818425446,,2026-08-20
MMM,178.09,3.12,91845009408.0,515722417.0,5.724,Industrials,3M Company,8.94196,0.09350522704194608,forecast_icc,0.06713635981424704,0.032141050819587284,2026-08-20
MMS,57.76,1.32,3024184320.0,52357763.0,33.243,Industrials,"Maximus, Inc.",8.01,0.043695380774032344,forecast_icc,0.10445871492557413,0.575536717090379,2026-08-20
MMSI,90.27,0.0,5390059520.0,59710420.0,28.133,Healthcare,"Merit Medical Systems, Inc.",4.3022,0.07189344986286095,forecast_icc,0.05350897900703876,0.311653932507966,2026-08-20
MMT,4.44,0.48,242749520.0,54673317.0,4.935,Financial Services,MFS Multimarket Income Trust,0.38,0.01,trailing_eps_fallback_icc,0.08790111551156088,1.1114865207354476,2026-08-20
MMU,10.19,0.65,556566016.0,54618848.0,10.98,Financial Services,Western Asset Managed Municipal,0.95,0.04,trailing_eps_fallback_icc,0.0980773319542908,1.0775270745959453,2026-08-20
MMYT,60.79,0.0,5717826048.0,88762972.0,-0.716,Consumer Cyclical,MakeMyTrip Limited,2.00652,0.2372067061379901,forecast_icc,0.07269756319976073,,2026-08-20
MNDO,1.01,0.22,20387018.0,20185166.0,1.163,Technology,MIND C.T.I. Ltd.,0.16,0.75,trailing_eps_fallback_icc,0.4,1.1514851293112118,2026-08-20
MNDY,91.3,0.0,3859627264.0,42274119.0,14.618,Technology,monday.com Ltd.,5.46593,0.22269403376918473,forecast_icc,0.1005427878623476,0.16010952075759824,2026-08-20
MNKD,4.26,0.0,1360605824.0,319391004.0,-0.217,Healthcare,MannKind Corporation,0.03,0.75,forecast_icc,0.07909455618887012,,2026-08-20
MNR,12.61,1.8,2105215488.0,166948094.0,11.045,Energy,Mach Natural Resources LP,1.26,0.05753968253968256,forecast_icc,0.1298162052203632,0.8758921396601468,2026-08-20
MNRO,11.96,1.12,373918144.0,31264060.0,18.632,Consumer Cyclical,"Monro, Inc.",0.12,0.75,forecast_icc,0.116081609719484,1.5578595884344144,2026-08-20
MNSB,25.26,0.4,179878384.0,7121076.0,27.306,Financial Services,"MainStreet Bancshares, Inc.",2.26,0.07079646017699126,forecast_icc,0.08732496910840248,1.0809975992223724,2026-08-20
MNSBP,26.2,1.88,,,27.295,Financial Services,"MainStreet Bancshares, Inc. - D",2.633,0.094,trailing_eps_fallback_icc,0.13006534615750953,,2026-08-20
MNSO,11.13,0.67,3322311680.0,298500597.0,5.351792,Consumer Cyclical,MINISO Group Holding Limited,9.9801,0.1299906814560976,forecast_icc,0.35026153571719887,0.48084384034065814,2026-08-20
MNST,47.49,0.0,93035372544.0,1959051764.0,4.78,Consumer Defensive,Monster Beverage Corporation,1.15618,0.1298759708695878,forecast_icc,0.04171379590640288,0.10065276438261456,2026-08-20
MNTK,1.89,0.0,269024736.0,142341139.0,1.841,Basic Materials,"Montauk Renewables, Inc.",0.17564,0.746185379184696,forecast_icc,0.27192524601978285,0.974074134576978,2026-08-20
MNTN,12.67,0.0,947756032.0,61892533.0,4.505,Technology,"MNTN, Inc.",1.04803,0.24629065961852237,forecast_icc,0.12705353236532402,0.29419581806998196,2026-08-20
MNY,0.9,0.0,39674460.0,30827897.0,1.032,Communication Services,MoneyHero Limited,0.02,0.04,forecast_icc,0.02688279469147995,0.8018858909232791,2026-08-20
MO,66.94,4.24,111772655616.0,1669743926.0,-1.598,Consumer Defensive,"Altria Group, Inc.",5.67712,0.03292338368750336,forecast_icc,0.0897781977552029,,2026-08-20
MOB,5.945,0.0,76498200.0,12867653.0,0.888,Industrials,Mobilicom Limited,0.32515,0.04,forecast_icc,0.050512490469149074,0.14936921213832483,2026-08-20
MOD,190.74,0.0,10130718720.0,53112708.0,22.627,Consumer Cyclical,Modine Manufacturing Company,7.6441,0.4628380057822372,forecast_icc,0.13019161668650037,0.11862744165855194,2026-08-20
MOG-A,381.52,1.2,12083183616.0,28443048.0,70.193,Industrials,Moog Inc.,11.41239,0.03414096433788183,forecast_icc,0.0325957010447558,0.16522987084466068,2026-08-20
MOG-B,384.335,1.2,12172338176.0,3228121.0,70.193,Industrials,Moog Inc.,11.78,0.75,trailing_eps_fallback_icc,0.17541423511239673,0.018615281146211228,2026-08-20
MOGU,1.87,0.0,15302758.0,7172513.0,9.20715,Consumer Cyclical,MOGU Inc.,0.07,0.04,forecast_icc,0.03834060474755452,4.3154575840479215,2026-08-20
MOH,196.94,0.0,10280267776.0,52200000.0,80.212,Healthcare,Molina Healthcare Inc,5.24194,0.6312605638370528,forecast_icc,0.13674161642844085,0.40729156975609115,2026-08-20
MOMO,5.7,0.0,842160192.0,107565168.0,10.899766,Communication Services,Hello Group Inc.,6.74265,0.07380332658524469,forecast_icc,0.32669976372504317,1.392175944776416,2026-08-20
MORN,217.49,2.0,8158827008.0,37513571.0,27.291,Financial Services,"Morningstar, Inc.",12.31584,0.1317116818666042,forecast_icc,0.0792116311564807,0.12548162439982452,2026-08-20
MOS,23.35,0.88,7422863360.0,317895646.0,36.062,Basic Materials,Mosaic Company (The),0.39959,0.75,forecast_icc,0.1603933079834886,1.5444111295148508,2026-08-20
MOV,35.34,1.6,,,22.741,Consumer Cyclical,Movado Group Inc.,1.871,0.21806520577231425,forecast_icc,0.12105996095582106,,2026-08-20
MP,55.04,0.0,9802711040.0,178101588.0,10.993,Basic Materials,MP Materials Corp.,0.00081,0.75,forecast_icc,0.010000000000000002,0.19972747833684998,2026-08-20
MPA,11.08,0.57,143481904.0,12949630.0,12.393,Financial Services,Blackrock MuniYield Pennsylvani,0.33,0.75,trailing_eps_fallback_icc,0.2193620763017649,1.1185017769906371,2026-08-20
MPAA,11.77,0.0,222843872.0,18933207.0,14.056,Consumer Cyclical,"Motorcar Parts of America, Inc.",2.02,0.01,forecast_icc,0.09180431546686363,1.1942224625858233,2026-08-20
MPB,37.22,0.92,942976768.0,25335215.0,35.619,Financial Services,Mid Penn Bancorp,3.35,0.1512447761194029,forecast_icc,0.11821241602811833,0.9569854249951151,2026-08-20
MPC,358.23,4.0,100599857152.0,280824763.0,67.41,Energy,Marathon Petroleum Corporation,50.23425,0.01,forecast_icc,0.08392709246593161,0.1881751904003936,2026-08-20
MPLX,58.6,4.31,59412090880.0,1013858251.0,13.833,Energy,MPLX LP,4.32007,0.11005377227683799,forecast_icc,0.12037807772065368,0.23605803092185332,2026-08-20
MPT,4.08,0.36,2436576000.0,597200000.0,7.603,Real Estate,"Medical Properties Trust, Inc.",0.11,0.01,forecast_icc,0.029450371754265146,1.8634803921568628,2026-08-20
MPTI,80.78,0.0,351108320.0,4346476.0,20.478,Technology,"M-tron Industries, Inc.",2.17,0.39400921658986165,forecast_icc,0.09221302419536903,0.25350335055574874,2026-08-20
MPV,16.26,1.48,175172800.0,10773235.0,15.294,Financial Services,Barings Participation Investors,0.72,0.01,forecast_icc,0.045538939494557645,0.9405904118105094,2026-08-20
MPWR,1310.6,8.0,64406814720.0,49143000.0,79.269,Technology,"Monolithic Power Systems, Inc.",27.38798,0.2704489341674705,forecast_icc,0.062379496011319424,0.0604829859066193,2026-08-20
MQ,15.8,0.0,1644761600.0,95911790.0,6.874,Technology,"Marqeta, Inc.",0.27,0.75,forecast_icc,0.12876014566786365,0.4008469339629524,2026-08-20
MQY,11.12,0.7,798789824.0,71833617.0,12.428,Financial Services,Blackrock MuniYield Quality Fun,0.31,0.04,trailing_eps_fallback_icc,0.037142774649712273,1.117625895139095,2026-08-20
MRAM,16.97,0.0,413219616.0,24350009.0,3.012,Technology,"Everspin Technologies, Inc.",0.47,0.02836170212765965,forecast_icc,0.02938520575533754,0.17748970346073792,2026-08-20
MRBK,19.59,0.56,233690048.0,11929048.0,17.177,Financial Services,Meridian Corporation,1.73,0.3843930635838151,forecast_icc,0.19324048493165324,0.8768249193735456,2026-08-20
MRCY,94.23,0.0,5657879040.0,60043283.0,24.835,Industrials,Mercury Systems Inc,1.665,0.3234354354354354,forecast_icc,0.060554684710236076,0.26355723103352174,2026-08-20
MRDN,13.99,0.0,177007312.0,12652417.0,3.932,Consumer Cyclical,Meridian Holdings Inc.,0.73,0.5753424657534245,forecast_icc,0.17493664048038193,0.28105790140466064,2026-08-20
MRK,148.99,3.4,367583920128.0,2467171638.0,16.986,Healthcare,"Merck & Company, Inc.",2.7474,0.75,forecast_icc,0.1675042750470589,0.11400764600495861,2026-08-20
MRM,1.005,0.0,7941460.0,7901950.0,0.19295928,Consumer Cyclical,MEDIROM Healthcare Technologies,0.37,0.04,trailing_eps_fallback_icc,0.1660760799210349,0.19199927753788346,2026-08-20
MRP,30.58,3.08,5077745152.0,154228116.0,35.242,Real Estate,"Millrose Properties, Inc.",3.10667,0.048283209996556,forecast_icc,0.12647986876129835,1.0704174985881607,2026-08-20
MRSH,190.21,3.96,90770358272.0,477211268.0,31.769,Financial Services,Marsh,10.45106,0.09132949193670314,forecast_icc,0.07183628524496766,0.1670206558804404,2026-08-20
MRT,2.03,0.0,174465888.0,85943792.0,-0.973,Technology,"Marti Technologies, Inc.",0.03,0.04,forecast_icc,0.019825964859011738,,2026-08-20
MRTN,14.73,0.24,1202876416.0,81661669.0,9.38,Industrials,"Marten Transport, Ltd.",0.3,0.75,forecast_icc,0.16952196857775925,0.6367956383808593,2026-08-20
MRVL,251.01,0.24,225292632064.0,875766423.0,20.804,Technology,"Marvell Technology, Inc.",4.05405,0.5414166080832747,forecast_icc,0.09179877531917363,0.080870130981098,2026-08-20
MRX,69.59,0.64,,,18.94,Financial Services,Marex Group Limited,6.13198,0.04239413696717853,forecast_icc,0.07428913298568274,,2026-08-20
MS,207.45,4.6,325813960704.0,1570566292.0,67.801,Financial Services,Morgan Stanley,12.97822,0.05170508744650659,forecast_icc,0.06625917986993135,0.32683057820420974,2026-08-20
MSA,188.44,2.16,7269692928.0,38578289.0,36.216,Industrials,MSA Safety Incorporated,9.18188,0.0905500834251809,forecast_icc,0.06279046585152448,0.19218849107679944,2026-08-20
MSB,23.15,0.89,,,1.398,Basic Materials,Mesabi Trust,0.86,0.01,trailing_eps_fallback_icc,0.03851428707193459,,2026-08-20
MSBI,32.53,1.32,675066176.0,20752112.0,22.153,Financial Services,"Midland States Bancorp, Inc.",3.368,0.01,forecast_icc,0.07830531229147752,0.681002179460403,2026-08-20
MSCI,568.75,8.2,41348124672.0,72700000.0,-36.994,Financial Services,MSCI Inc.,19.66069,0.14425282123872574,forecast_icc,0.06246478474346938,,2026-08-20
MSD,7.23,0.61,146272176.0,20231283.0,7.867,Financial Services,Morgan Stanley Emerging Markets,1.05,0.548,trailing_eps_fallback_icc,0.3500927248005846,1.0881051182352002,2026-08-20
MSDL,15.38,1.8,1293536768.0,84105122.0,19.81,Financial Services,Morgan Stanley Direct Lending Fund,1.79963,0.01,forecast_icc,0.12002992707110882,1.2880364192477287,2026-08-20
MSEX,58.76,1.44,1107270272.0,18843946.0,27.654,Utilities,Middlesex Water Company,2.67,0.11985018726591767,forecast_icc,0.07271340673561066,0.47062627423632303,2026-08-20
MSFT,481.15,3.64,3572801208320.0,7425545491.0,59.565,Technology,Microsoft Corporation,19.7106,0.195969681288241,forecast_icc,0.07819260502561443,0.12379715281707325,2026-08-20
MSGE,79.83,0.0,3776376832.0,40438480.0,0.968,Communication Services,Madison Square Garden Entertain,1.16393,0.75,forecast_icc,0.11869958112825618,0.010365609784569296,2026-08-20
MSGM,3.8,0.0,17437448.0,4588802.0,1.334,Communication Services,Motorsport Games Inc.,0.3,0.75,forecast_icc,0.25571321566842176,0.35105262352610317,2026-08-20
MSGS,398.52,0.0,9596337152.0,19550424.0,-10.936,Communication Services,Madison Square Garden Sports Co,0.32,0.04,trailing_eps_fallback_icc,0.010000000000000002,,2026-08-20
MSI,473.63,4.84,78382825472.0,165493788.0,16.145,Technology,"Motorola Solutions, Inc.",17.69282,0.07845555428699313,forecast_icc,0.04929642890949715,0.0340877888896013,2026-08-20
MSIF,12.72,0.36,576791296.0,45345229.0,15.868,Financial Services,"MSC Income Fund, Inc.",1.39141,0.0543046262424447,forecast_icc,0.09724631963643648,1.2474843132376257,2026-08-20
MSM,117.7,3.48,,,25.417,Industrials,"MSC Industrial Direct Company, ",4.60354,0.18295702872137531,forecast_icc,0.08501129782765726,,2026-08-20
MSN,0.3825,0.0,8048814.0,21042652.0,0.633,Technology,Emerson Radio Corporation,4.07,0.04,forecast_icc,0.4,1.654902040971502,2026-08-20
MSS,1.59,0.0,1384157.0,810539.0,14.727,Consumer Defensive,Maison Solutions Inc.,2.5,0.04,forecast_icc,0.34737209419386617,8.623882878170612,2026-08-20
MSTR,112.39,0.0,44650487808.0,377641410.0,83.116,Technology,Strategy Inc,49.49,0.04,forecast_icc,0.18278106217702877,0.7029720160848103,2026-08-20
MT,71.11,0.6,53619908608.0,754041698.0,36.351,Basic Materials,Arcelor Mittal NY Registry Shar,4.40114,0.6612264095211695,forecast_icc,0.2205501993624549,0.5111938918879181,2026-08-20
MTA,11.2,0.0,1047153728.0,93495874.0,2.734,Basic Materials,Metalla Royalty & Streaming Ltd,0.05667,0.75,forecast_icc,0.06446498201565165,0.24410715703052915,2026-08-20
MTB,238.25,6.0,34407174144.0,144416262.0,176.03,Financial Services,M&T Bank Corporation,19.30029,0.09158048920508444,forecast_icc,0.09288852052657301,0.7388457562212524,2026-08-20
MTC,3.05,0.0,303742816.0,99587811.0,0.13,Financial Services,"MMTec, Inc.",0.77,0.04,trailing_eps_fallback_icc,0.13476995334006514,0.04262295187913185,2026-08-20
MTCH,40.35,0.8,9412303872.0,233266526.0,-1.031,Communication Services,"Match Group, Inc.",4.015,0.18306351183063518,forecast_icc,0.1322653493637046,,2026-08-20
MTD,1393.23,0.0,27915536384.0,20036559.0,0.64,Healthcare,"Mettler-Toledo International, I",47.34282,0.09184602860581603,forecast_icc,0.045716349116746255,0.00045936419001964176,2026-08-20
MTDR,58.42,1.5,7229721088.0,123754216.0,47.812,Energy,Matador Resources Company,7.41456,0.14386962948576842,forecast_icc,0.13880863545378774,0.8184183737340878,2026-08-20
MTG,30.71,0.68,6299383296.0,205124840.0,24.266,Financial Services,MGIC Investment Corporation,3.2525,0.05395849346656423,forecast_icc,0.09283533806425473,0.790166137469467,2026-08-20
MTH,71.05,1.92,4630619648.0,65174093.0,77.607,Consumer Cyclical,Meritage Homes Corporation,4.99806,0.22087569977151134,forecast_icc,0.12595267262642829,1.0922870414622747,2026-08-20
MTLS,6.51,0.0,376673888.0,57860806.0,5.0274134,Technology,Materialise NV,0.18242,0.3595000548185505,forecast_icc,0.08798788694050913,0.7722600389523163,2026-08-20
MTN,150.22,8.88,5352868864.0,35633526.0,15.484,Consumer Cyclical,"Vail Resorts, Inc.",4.33582,0.4378295224432749,forecast_icc,0.13419446043100136,0.1030754779543951,2026-08-20
MTR,2.68,0.25,4994421.0,1863590.0,1.697,Energy,Mesa Royalty Trust,0.2,0.01,trailing_eps_fallback_icc,0.07667629194881428,0.6332089805805318,2026-08-20
MTRN,232.72,0.58,4848424448.0,20833725.0,46.005,Basic Materials,Materion Corporation,6.994,0.1995996568487275,forecast_icc,0.06260373630562122,0.19768391338352562,2026-08-20
MTRX,11.18,0.0,314536448.0,28133850.0,4.957,Industrials,Matrix Service Company,0.25,0.75,forecast_icc,0.1470271488986895,0.44338103051891775,2026-08-20
MTSI,266.18,0.0,20328413184.0,76370931.0,20.176,Technology,MACOM Technology Solutions Hold,5.51178,0.5386826034420824,forecast_icc,0.10390767373052495,0.07579833654054087,2026-08-20
MTUS,19.58,0.0,811576960.0,41449284.0,16.684,Basic Materials,Metallus Inc.,0.8575,0.5451895043731778,forecast_icc,0.15447943818833776,0.8520939951967095,2026-08-20
MTW,19.09,0.0,688422976.0,36061969.0,19.442,Industrials,"Manitowoc Company, Inc. (The)",0.917,0.01,forecast_icc,0.037538917503176686,1.0184389913476681,2026-08-20
MTX,70.46,0.48,2193332480.0,31128762.0,49.629,Basic Materials,Minerals Technologies Inc.,6.02667,0.16191860513351486,forecast_icc,0.10912415763682348,0.7043571111015507,2026-08-20
MTZ,271.86,0.0,21831700480.0,80304948.0,44.541,Industrials,"MasTec, Inc.",9.31259,0.34083643755389215,forecast_icc,0.09512420196057284,0.1638380249923619,2026-08-20
MU,974.33,0.53,,,89.215,Technology,"Micron Technology, Inc.",73.42721,0.75,forecast_icc,0.25166825931552983,,2026-08-20
MUA,10.02,0.67,510259936.0,50924144.0,11.285,Financial Services,,0.31,0.75,trailing_eps_fallback_icc,0.22398168328659873,1.1262474760315102,2026-08-20
MUC,10.6,0.64,998349568.0,94183923.0,11.787,Financial Services,Blackrock MuniHoldings Californ,0.23,0.04,trailing_eps_fallback_icc,0.030307402663414543,1.1119811496738186,2026-08-20
MUFG,21.56,0.54,243129368576.0,11276872492.0,12.638834,Financial Services,"Mitsubishi UFJ Financial Group,",1.57758,0.06614561543630115,forecast_icc,0.07922376273213161,0.5862167960223277,2026-08-20
MUJ,12.16,0.65,,,12.629,Financial Services,,0.46,0.75,trailing_eps_fallback_icc,0.24979407873064152,,2026-08-20
MUR,38.28,1.4,5487421440.0,143349576.0,36.685,Energy,Murphy Oil Corporation,2.89218,0.024638853736627553,forecast_icc,0.06971223355744635,0.9583333908393958,2026-08-20
MUSA,570.2,2.6,10480475136.0,18380347.0,42.584,Consumer Cyclical,Murphy USA Inc.,34.94429,0.01,forecast_icc,0.045743831357523024,0.07468255842327491,2026-08-20
MUX,20.27,0.0,1210931584.0,59740087.0,11.828,Basic Materials,McEwen Inc.,1.53,0.75,forecast_icc,0.2511122869458865,0.5835224370826222,2026-08-20
MVBF,30.04,0.68,388927904.0,12947000.0,26.611,Financial Services,MVB Financial Corp.,1.59,0.5807106918238991,forecast_icc,0.2043384053070073,0.8858521424063212,2026-08-20
MVST,0.7838,0.0,301398144.0,384534486.0,1.412,Consumer Cyclical,"Microvast Holdings, Inc.",0.12,0.04,forecast_icc,0.10039231970294893,1.8014798864587567,2026-08-20
MWA,25.13,0.28,3923438080.0,156125679.0,6.845,Industrials,MUELLER WATER PRODUCTS,1.569,0.02198852772466542,forecast_icc,0.05278768786231425,0.27238362144739137,2026-08-20
MWC,1.57,0.0,93288488.0,59419414.0,0.8939938,Consumer Cyclical,"Micware Co., Ltd.",0.17,0.325,trailing_eps_fallback_icc,0.16948264402876878,0.5694227535945614,2026-08-20
MWH,28.92,0.0,5853023744.0,123745401.0,3.75,Utilities,"SOLV Energy, Inc.",1.2738,0.420489872821479,forecast_icc,0.12725769723526092,0.0792829952596208,2026-08-20
MXC,9.88,0.1,,,9.933,Energy,Mexco Energy Corporation,0.75,0.75,trailing_eps_fallback_icc,0.2652373040571385,,2026-08-20
MXE,13.3,0.23,58522780.0,4400209.0,15.896,Financial Services,"Mexico Equity and Income Fund, ",4.92,0.04,trailing_eps_fallback_icc,0.17346498683366163,1.1951879637980287,2026-08-20
MXF,21.48,1.4,309742976.0,14420065.0,24.651,Financial Services,"Mexico Fund, Inc. (The)",6.38,0.502,trailing_eps_fallback_icc,0.38875161046679796,1.1476257731668467,2026-08-20
MXL,65.28,0.0,5920451584.0,90693191.0,5.346,Technology,"MaxLinear, Inc",1.75,0.47602857142857147,forecast_icc,0.10751583690543287,0.0818933813083269,2026-08-20
MYE,33.51,0.54,1260581504.0,37618070.0,8.148,Consumer Cyclical,"Myers Industries, Inc.",1.86,0.07526881720430101,forecast_icc,0.06595293134004454,0.24315130230563817,2026-08-20
MYFW,30.99,0.0,302621344.0,9765129.0,28.734,Financial Services,"First Western Financial, Inc.",2.425,0.1051546391752578,forecast_icc,0.0846624714436634,0.9272023346971852,2026-08-20
MYI,10.72,0.67,,,11.9,Financial Services,,0.38,0.75,trailing_eps_fallback_icc,0.2411844313604371,,2026-08-20
MYN,9.78,0.61,374703168.0,38313208.0,10.862,Financial Services,Blackrock MuniYield New York Qu,0.16,0.04,trailing_eps_fallback_icc,0.02395470716344139,1.110633965325855,2026-08-20
MYPS,0.519,0.0,62342996.0,103663613.0,1.652,Communication Services,"PLAYSTUDIOS, Inc.",0.01296,0.04,forecast_icc,0.029202745905502397,2.746937100616724,2026-08-20
MYRG,318.0,0.0,4951021568.0,15569250.0,48.456,Industrials,"MYR Group, Inc.",12.185,0.19586951169470646,forecast_icc,0.07130599376304014,0.15237735639773323,2026-08-20
MZTI,112.89,4.0,3095712512.0,27422381.0,38.1,Consumer Defensive,The Marzetti Company,6.745,0.07012601927353601,forecast_icc,0.07531029334262229,0.3374966868047468,2026-08-20
NAAS,3.265,0.0,55685760.0,16641753.0,-13.1215,Consumer Cyclical,Naas Technology Inc.,0.01,0.04,forecast_icc,0.010000000000000002,,2026-08-20
NABL,3.43,0.0,647945920.0,188905524.0,4.241,Technology,"N-able, Inc.",0.38833,0.11160610820693728,forecast_icc,0.1079493193827531,1.2364432008214512,2026-08-20
NAD,11.66,0.85,2722193408.0,233464265.0,11.953,Financial Services,Nuveen Quality Municipal Income,0.79,0.04,trailing_eps_fallback_icc,0.08438908301490555,1.0251286155289228,2026-08-20
NAGE,3.15,0.0,249246912.0,79126002.0,1.044,Healthcare,"Niagen Bioscience, Inc.",0.09,0.11111111111111116,forecast_icc,0.04359673118398387,0.3314285638491682,2026-08-20
NAMM,1.44,0.0,80427472.0,55852406.0,-0.726,Basic Materials,Namib Minerals,1.84,0.04,forecast_icc,0.313824550625423,,2026-08-20
NAT,6.99,0.88,,,2.153,Energy,Nordic American Tankers Limited,0.835,0.01,forecast_icc,0.12252630360902084,,2026-08-20
NATH,97.25,2.0,398497536.0,4097661.0,-1.748,Consumer Cyclical,"Nathan's Famous, Inc.",4.83,0.01,trailing_eps_fallback_icc,0.04267886500742457,,2026-08-20
NATL,46.81,0.0,3459115776.0,73896934.0,6.287,Technology,NCR Atleos Corporation,4.705,0.1540913921360254,forecast_icc,0.11364226970291835,0.13430889688093514,2026-08-20
NATR,14.32,0.0,251967840.0,17595520.0,9.613,Consumer Defensive,"Nature's Sunshine Products, Inc",1.08,0.13888888888888884,forecast_icc,0.0920656347696861,0.6712988997326007,2026-08-20
NAVI,9.1,0.64,853432832.0,93783828.0,25.569,Financial Services,Navient Corporation,0.7461,0.27398472054684375,forecast_icc,0.18679548062857387,2.8097802289987364,2026-08-20
NAVN,28.56,0.0,7263700992.0,239026566.0,4.896,Technology,"Navan, Inc.",0.25337,0.5185696807041087,forecast_icc,0.05995046157535379,0.1611126433239613,2026-08-20
NAZ,12.34,0.74,,,11.908,Financial Services,,0.56,0.04,trailing_eps_fallback_icc,0.0580701875540347,,2026-08-20
NBB,15.39,1.16,,,,Financial Services,,0.94,0.04,trailing_eps_fallback_icc,0.07664348739526095,,2026-08-20
NBBK,21.98,0.28,963130368.0,43818490.0,21.213,Financial Services,"NB Bancorp, Inc.",2.135,0.22014051522248246,forecast_icc,0.13812592247731403,0.9651046828688512,2026-08-20
NBH,10.24,0.65,,,11.225,Financial Services,,0.7,0.04,trailing_eps_fallback_icc,0.08277356714347028,,2026-08-20
NBHC,41.66,1.28,1855517568.0,44539547.0,37.476,Financial Services,National Bank Holdings Corporat,3.3,0.19090909090909092,forecast_icc,0.1264246215606245,0.8995679114863546,2026-08-20
NBIX,152.93,0.0,15545208832.0,101649181.0,36.354,Healthcare,"Neurocrine Biosciences, Inc.",10.18869,0.1732342430675584,forecast_icc,0.09424185551786202,0.23771660876417874,2026-08-20
NBN,128.56,0.04,,,66.352,Financial Services,Northeast Bank,14.6,0.07876712328767121,forecast_icc,0.09734269894905109,,2026-08-20
NBR,91.82,0.0,1358940032.0,14800044.0,36.763,Energy,Nabors Industries Ltd.,4.63021,0.04,forecast_icc,0.047597909676292446,0.40038118295127245,2026-08-20
NBRG,10.05,0.0,75839816.0,6108750.0,0.557,Financial Services,Newbridge Acquisition Limited,0.03,0.04,trailing_eps_fallback_icc,0.010000000000000002,0.044865269056032525,2026-08-20
NBTB,51.88,1.6,2695687936.0,51960061.0,37.39,Financial Services,NBT Bancorp Inc.,4.175,0.08811017964071866,forecast_icc,0.09391963900507772,0.720701626788747,2026-08-20
NBXG,15.02,1.44,1182997760.0,78761496.0,,Financial Services,Neuberger Berman Income Funds - Neuberger Next Generation Connectivity Fund Inc.,4.43,0.04,trailing_eps_fallback_icc,0.19070352446598637,,2026-08-20
NC,41.14,1.05,310220704.0,5978790.0,57.792,Energy,"NACCO Industries, Inc.",2.29,0.04,trailing_eps_fallback_icc,0.05882213556870014,1.1138077737068124,2026-08-20
NCDL,12.37,1.52,610917952.0,49387065.0,,Financial Services,Nuveen Churchill Direct Lending Corp.,1.57722,0.01,forecast_icc,0.1280220961439732,,2026-08-20
NCI,12.41,0.0,30271490.0,2364282.0,14.203646,Consumer Cyclical,Neo-Concept International Group,0.08,0.04,trailing_eps_fallback_icc,0.010000000000000002,1.109341646948069,2026-08-20
NCLH,16.75,0.0,7691396096.0,459187846.0,5.603,Consumer Cyclical,Norwegian Cruise Line Holdings ,1.53472,0.09954910341951617,forecast_icc,0.09159509344153738,0.334507476799437,2026-08-20
NCMI,2.55,0.12,239879616.0,94070443.0,3.685,Communication Services,"National CineMedia, Inc.",0.17,0.01,forecast_icc,0.06113378969219385,1.4450981214468843,2026-08-20
NCNA,1.53,0.0,6367815.0,4161971.0,7.215401,Healthcare,NuCana plc,67.74,0.04,trailing_eps_fallback_icc,0.4,4.715948832585589,2026-08-20
NCNO,20.36,0.0,2230498048.0,109552950.0,8.919,Technology,"nCino, Inc.",1.25333,0.19252710778486093,forecast_icc,0.09468591089112477,0.4380648357554627,2026-08-20
NCSM,50.1,0.0,131488600.0,2624523.0,47.564,Energy,"NCS Multistage Holdings, Inc.",2.53,0.557312252964427,forecast_icc,0.16814447101843955,0.9493812541315368,2026-08-20
NCV,16.58,1.63,,,17.579,Financial Services,,3.72,0.34,trailing_eps_fallback_icc,0.3170323302680981,,2026-08-20
NCZ,15.42,1.44,293426272.0,19028938.0,15.882,Financial Services,AllianzGI Convertible & Income ,3.56,0.546,trailing_eps_fallback_icc,0.4,1.0299609208680536,2026-08-20
NDAQ,97.55,1.16,54528241664.0,558977372.0,21.331,Financial Services,"Nasdaq, Inc.",4.13591,0.1309240288110718,forecast_icc,0.06687580123646492,0.21866735398519233,2026-08-20
NDLS,15.05,0.0,89798232.0,5966660.0,-8.55,Consumer Cyclical,Noodles & Company,0.46,0.04,forecast_icc,0.033552936914211295,,2026-08-20
NDMO,9.96,0.7,602422784.0,60484217.0,,Financial Services,Nuveen Dynamic Municipal Opportunities Fund,0.61,0.04,trailing_eps_fallback_icc,0.07683754848251331,,2026-08-20
NDSN,334.7,3.28,18648797184.0,55717948.0,57.472,Industrials,Nordson Corporation,11.66833,0.07759636554674065,forecast_icc,0.04660679053646584,0.17171198098520754,2026-08-20
NE,46.98,2.0,7499991552.0,159642218.0,28.088,Energy,Noble Corporation plc A,0.5042,0.75,forecast_icc,0.12108106472810751,0.5978714226669039,2026-08-20
NEA,11.14,0.82,3365700608.0,302127505.0,11.801,Financial Services,,0.78,0.609,trailing_eps_fallback_icc,0.29675637906949837,1.0593356634367046,2026-08-20
NECB,26.25,1.0,361359040.0,13766059.0,29.359,Financial Services,"NorthEast Community Bancorp, In",3.16,0.12974683544303778,forecast_icc,0.1366604388283027,1.118438122320117,2026-08-20
NEE,85.03,2.49,177370726400.0,2085978209.0,27.388,Utilities,"NextEra Energy, Inc.",4.05004,0.09033244116107486,forecast_icc,0.06883475784145515,0.3220980843211566,2026-08-20
NEGG,18.56,0.0,389266752.0,20973423.0,8.028,Consumer Cyclical,"Newegg Commerce, Inc.",0.26,0.04,trailing_eps_fallback_icc,0.01901809546444682,0.4325430799802805,2026-08-20
NEM,127.64,1.04,134493282304.0,1053692271.0,33.28,Basic Materials,Newmont Corporation,9.40949,0.1244807104317025,forecast_icc,0.09036591418918227,0.2607333108252729,2026-08-20
NEO,16.53,0.0,2123699072.0,128475440.0,6.142,Healthcare,"NeoGenomics, Inc.",0.18091,0.75,forecast_icc,0.10183665018245114,0.3715668396167195,2026-08-20
NEOG,11.83,0.0,2579602688.0,218056016.0,9.614,Healthcare,Neogen Corporation,0.31,0.22580645161290325,forecast_icc,0.06055975655728585,0.8126796221666831,2026-08-20
NEON,0.8525,0.0,14307443.0,16782922.0,1.361,Technology,Neonode Inc.,0.48,0.04,trailing_eps_fallback_icc,0.20788843703387572,1.5964807158064513,2026-08-20
NEPH,4.405,0.0,47838832.0,10860120.0,1.102,Healthcare,"Nephros, Inc.",0.17,0.23529411764705865,forecast_icc,0.07979395140035528,0.25017024328687626,2026-08-20
NESR,32.72,0.0,3299869440.0,100851754.0,9.868,Energy,National Energy Services Reunit,1.87998,0.47017521462994294,forecast_icc,0.157668882299414,0.30158923756450196,2026-08-20
NET,278.91,0.0,99314196480.0,322618775.0,4.32,Technology,"Cloudflare, Inc.",1.26262,0.3234227241767118,forecast_icc,0.02349344350755802,0.014033372442183202,2026-08-20
NEU,927.61,12.0,8530678272.0,9196406.0,199.898,Basic Materials,NewMarket Corp,25.82,0.229,forecast_icc,0.07054425603787604,0.21549788984797855,2026-08-20
NEXA,14.07,0.13,1863411200.0,132438611.0,9.089,Basic Materials,Nexa Resources S.A.,2.53333,0.21710554882309063,forecast_icc,0.18334870360911448,0.6459843835751335,2026-08-20
NEXN,9.74,0.0,542720384.0,55720779.0,7.845,Communication Services,Nexxen International Ltd.,1.071,0.15883286647992523,forecast_icc,0.12099192445690854,0.8054414835743483,2026-08-20
NEXT,7.0,0.0,1863298048.0,266185433.0,-0.216,Energy,NextDecade Corporation,0.065,0.04,forecast_icc,0.013646401947108661,,2026-08-20
NFE,0.2998,0.0,85633272.0,285634650.0,-1.938,Energy,New Fortress Energy Inc.,0.05,0.04,forecast_icc,0.10574937844933988,,2026-08-20
NFG,83.94,2.22,7978085376.0,95045099.0,41.286,Energy,National Fuel Gas Company,7.37553,0.019967378615502795,forecast_icc,0.07093458607319444,0.49185133680299187,2026-08-20
NFJ,15.55,1.22,1463282432.0,92967244.0,14.823,Financial Services,"AllianzGI NFJ Dividend, Interes",1.59,0.75,trailing_eps_fallback_icc,0.38836690628928616,0.9417549392214667,2026-08-20
NFLX,80.14,0.0,333698105344.0,4163939676.0,7.241,Communication Services,"Netflix, Inc.",3.58436,0.06528083116651229,forecast_icc,0.04960505577059335,0.09035438532932062,2026-08-20
NGG,80.62,3.24,81052131328.0,1005360077.0,8.853282,Utilities,"National Grid Transco, PLC Nati",6.06975,0.08733308620618652,forecast_icc,0.09451848856566014,0.10981495646552968,2026-08-20
NGL,17.05,0.0,,,-4.424,Energy,NGL ENERGY PARTNERS LP,1.38,0.29710144927536253,forecast_icc,0.1392801738860484,,2026-08-20
NGS,35.52,0.6,458147104.0,12898285.0,22.834,Energy,"Natural Gas Services Group, Inc",1.88,0.38829787234042556,forecast_icc,0.14665456421579204,0.6428490699135796,2026-08-20
NGVC,27.33,0.6,629843136.0,23045851.0,10.021,Consumer Defensive,Natural Grocers by Vitamin Cott,2.11,0.09478672985782,forecast_icc,0.0899470441271154,0.36666665026734535,2026-08-20
NGVT,69.31,0.0,2382733568.0,34377922.0,1.36,Basic Materials,Ingevity Corporation,5.24333,0.1468532402118501,forecast_icc,0.09441261011022206,0.01962198986403838,2026-08-20
NHC,236.75,2.68,3707835392.0,15661395.0,71.66,Healthcare,National HealthCare Corporation,0.43,0.671,forecast_icc,0.029389632456925274,0.3026821439057023,2026-08-20
NHI,73.91,3.76,3629752320.0,49110434.0,31.259,Real Estate,"National Health Investors, Inc.",14.55137,0.01,forecast_icc,0.11895212341192696,0.4229332805842796,2026-08-20
NHP,17.075,0.3,755995648.0,44275000.0,14.513,Real Estate,"National Healthcare Properties,",0.39,0.01,forecast_icc,0.02473547030430201,0.849956050276099,2026-08-20
NHS,5.96,1.09,,,6.82,Financial Services,,0.6,0.01,trailing_eps_fallback_icc,0.10333531909754645,,2026-08-20
NI,41.64,1.2,19968882688.0,479560100.0,20.148,Utilities,NiSource Inc,2.05409,0.09725961374623315,forecast_icc,0.07210600523626176,0.48386166846512346,2026-08-20
NIC,171.69,1.36,3598195200.0,20957513.0,108.32,Financial Services,Nicolet Bankshares Inc.,12.048,0.11420982735723761,forecast_icc,0.08474638642920054,0.6309045735373111,2026-08-20
NICE,100.37,0.0,5881399808.0,58597188.0,2.56928,Technology,NICE Ltd,11.17161,0.13291101282626228,forecast_icc,0.11368958002828189,0.025598086866982804,2026-08-20
NIE,26.14,2.32,724312320.0,27708965.0,,Financial Services,AllianzGI Equity & Convertible ,4.13,0.04,trailing_eps_fallback_icc,0.14137807019061877,,2026-08-20
NIM,9.2371,0.35,114970456.0,12446597.0,9.873,Financial Services,Nuveen Select Maturities Munici,0.38,0.04,trailing_eps_fallback_icc,0.05180689421840767,1.068842000426614,2026-08-20
NINE,10.18,0.0,142010896.0,13949990.0,9.288,Energy,"Nine Energy Service, Inc.",4.56,0.01,forecast_icc,0.1632743730098899,0.9123772243504471,2026-08-20
NIO,4.53,0.0,,,0.2594414,Consumer Cyclical,NIO Inc.,0.44067,0.75,forecast_icc,0.2779225208767838,,2026-08-20
NIQ,18.15,0.0,5353448960.0,294955864.0,3.075,,NIQ Global Intelligence plc,1.09328,0.17007536953022107,forecast_icc,0.0879213385497194,0.16942148670452628,2026-08-20
NIVF,0.5567,0.0,3295647.0,5919948.0,331.51,Healthcare,NewGenIvf Group Limited,14.22,0.75,forecast_icc,0.4,595.4891289874189,2026-08-20
NJR,54.84,1.9,5564502016.0,101467946.0,26.259,Utilities,NewJersey Resources Corporation,3.56,0.01,forecast_icc,0.056013889560764016,0.47882933393729227,2026-08-20
NKE,40.21,1.64,59651481600.0,1202110951.0,10.024,Consumer Cyclical,"Nike, Inc.",1.72175,0.2970059532452447,forecast_icc,0.12956391409651824,0.20200604996915952,2026-08-20
NKLR,5.77,0.0,637590272.0,110500908.0,-0.875,Utilities,Terra Innovatum Global N.V.,4.69,0.04,trailing_eps_fallback_icc,0.250681482754607,,2026-08-20
NKSH,40.83,1.5,260112432.0,6370620.0,30.197,Financial Services,"National Bankshares, Inc.",3.5,0.10285714285714276,forecast_icc,0.10528390858084447,0.7395786916482331,2026-08-20
NLY,23.29,3.0,17554010112.0,753714442.0,20.148,Real Estate,Annaly Capital Management Inc.,3.08308,0.01,forecast_icc,0.13357122956220813,0.8650922769512872,2026-08-20
NMAI,14.16,1.39,473307136.0,33425645.0,,Financial Services,Nuveen Multi-Asset Income Fund,2.43,0.04,trailing_eps_fallback_icc,0.15189054251512546,,2026-08-20
NMAX,10.87,0.0,1403976192.0,89921348.0,0.876,Communication Services,"Newsmax, Inc.",0.07,0.04,forecast_icc,0.010000000000000002,0.05610572408338959,2026-08-20
NMCO,10.38,0.82,580719808.0,55946027.0,10.643,Financial Services,Nuveen Municipal Credit Opportunities Fund,0.49,0.04,trailing_eps_fallback_icc,0.0602586010511018,1.0253371026066327,2026-08-20
NMFC,7.55,1.14,713115584.0,94452390.0,10.886,Financial Services,New Mountain Finance Corporatio,1.08857,0.01,forecast_icc,0.14773925708345692,1.4418542247703845,2026-08-20
NMI,10.55,0.46,,,9.918,Financial Services,,0.57,0.04,trailing_eps_fallback_icc,0.06414278342119373,,2026-08-20
NMIH,45.39,0.0,3414138112.0,75217851.0,35.893,Financial Services,NMI Holdings Inc,5.25873,0.041382615194162975,forecast_icc,0.084863110413396,0.7907689253852306,2026-08-20
NML,10.64,0.84,602851008.0,56658928.0,,Financial Services,1525,2.45,0.04,trailing_eps_fallback_icc,0.1624339748507378,,2026-08-20
NMM,85.32,0.24,2425188608.0,28424619.0,117.99,Industrials,Navios Maritime Partners LP,17.3425,0.01,forecast_icc,0.10313723856276877,1.3829113268744169,2026-08-20
NMP,10.33,0.0,164978720.0,12137500.0,0.049,Financial Services,NMP Acquisition Corp.,0.28,0.04,trailing_eps_fallback_icc,0.030917242276097046,0.003604934624295788,2026-08-20
NMR,9.45,0.32,27618502656.0,2922593052.0,8.235066,Financial Services,Nomura Holdings Inc,0.93492,0.017948059727035393,forecast_icc,0.07815616108323209,0.8714356087343069,2026-08-20
NMRK,15.98,0.24,3910880256.0,159943094.0,7.956,Real Estate,"Newmark Group, Inc.",1.95243,0.1301659982688239,forecast_icc,0.1259582982947378,0.3253761743054503,2026-08-20
NMT,12.47,0.73,,,11.338,Financial Services,,1.03,0.04,trailing_eps_fallback_icc,0.08949528541948909,,2026-08-20
NMZ,10.11,0.79,2177367552.0,215367714.0,10.368,Financial Services,Nuveen Municipal High Income Op,0.69,0.04,trailing_eps_fallback_icc,0.08496180773136952,1.0255193050438183,2026-08-20
NNBR,3.81,0.0,314633088.0,82580864.0,0.403,Industrials,"NN, Inc.",0.13,0.46153846153846145,forecast_icc,0.11942255209334551,0.10577427950616561,2026-08-20
NNDM,1.52,0.0,320475296.0,210839011.0,2.286,Technology,Nano Dimension Ltd.,0.01,0.04,forecast_icc,0.010178518429133764,1.5039473717999157,2026-08-20
NNI,126.6,1.32,4529676800.0,25162763.0,105.379,Financial Services,"Nelnet, Inc.",7.5,0.14666666666666672,forecast_icc,0.08594341324917229,0.5853898455132605,2026-08-20
NNN,46.09,2.48,8768538624.0,190248177.0,23.241,Real Estate,"NNN REIT, Inc.",2.06991,0.016305056741597435,forecast_icc,0.04892354023905565,0.5042525409598971,2026-08-20
NNNN,7.33,0.0,321722496.0,43891200.0,0.687,Healthcare,Anbio Biotechnology,0.15,0.04,trailing_eps_fallback_icc,0.025325626302701527,0.09372442019099592,2026-08-20
NNY,8.17,0.35,,,8.961,Financial Services,,0.32,0.75,trailing_eps_fallback_icc,0.2545076784961652,,2026-08-20
NOA,13.56,0.34,364952416.0,26913894.0,12.413822,Energy,North American Construction Gro,1.81991,0.35208334478078585,forecast_icc,0.21477950577852034,0.9154735653068481,2026-08-20
NOAH,8.78,0.65,602709760.0,68645763.0,21.336563,Financial Services,Noah Holdings Limited,9.69229,0.07310346677616941,forecast_icc,0.3504287882970093,2.43013261794959,2026-08-20
NOC,563.86,9.4,80103653376.0,142063026.0,125.888,Industrials,Northrop Grumman Corporation,28.99309,0.04990430478434682,forecast_icc,0.055861496220456774,0.22326110562200985,2026-08-20
NODK,15.285,0.0,311886208.0,20404723.0,12.205,Financial Services,"NI Holdings, Inc.",0.38,0.04,trailing_eps_fallback_icc,0.029112308987058466,0.7984952134048838,2026-08-20
NOEM,10.99,0.0,105347392.0,9585750.0,-0.204,Financial Services,CO2 Energy Transition Corp.,0.15,0.04,trailing_eps_fallback_icc,0.018634506550031404,,2026-08-20
NOG,26.91,1.8,2867237120.0,106549128.0,18.809,Energy,"Northern Oil and Gas, Inc.",4.09698,0.05234343345586234,forecast_icc,0.13415221425953072,0.6989594737640673,2026-08-20
NOK,10.15,0.16,,,4.3666587,Technology,Nokia Corporation Sponsored,0.40631,0.22300706357214928,forecast_icc,0.08785725133567024,,2026-08-20
NOMD,11.61,0.68,,,20.858564,Consumer Defensive,Nomad Foods Limited,1.42757,0.04078258859460471,forecast_icc,0.11125699239202069,,2026-08-20
NOV,20.27,0.36,7225811456.0,356478125.0,17.366,Energy,NOV Inc.,0.88418,0.42539980546947453,forecast_icc,0.14418984540050472,0.8567341061203023,2026-08-20
NOVT,145.52,0.0,5503241728.0,37817770.0,42.745,Technology,Novanta Inc.,3.69333,0.18231243891014337,forecast_icc,0.05182907155354044,0.29373970080676054,2026-08-20
NOW,129.75,0.0,134143598592.0,1033862000.0,12.106,Technology,"ServiceNow, Inc.",4.06673,0.2308439458729743,forecast_icc,0.06911973609019195,0.09330250197079788,2026-08-20
NP,32.56,0.0,4468309504.0,93798090.0,-1.62,Financial Services,Neptune Insurance Holdings Inc.,0.54767,0.23030291964138994,forecast_icc,0.045045910557145574,,2026-08-20
NPAC,10.455,0.0,401376064.0,30887075.0,-0.315,Financial Services,New Providence Acquisition Corp,0.25,0.04,trailing_eps_fallback_icc,0.028324549051194706,,2026-08-20
NPB,17.32,0.1,598957440.0,34581842.0,17.687,Financial Services,"Northpointe Bancshares, Inc.",2.46667,0.11215930789282713,forecast_icc,0.1257879346547005,1.0211894846051166,2026-08-20
NPCT,9.74,1.07,280073696.0,28755000.0,,Financial Services,102479,0.9,0.04,trailing_eps_fallback_icc,0.11238176521957699,,2026-08-20
NPFD,18.59,1.88,449211360.0,24164141.0,20.263,Financial Services,Nuveen Variable Rate Preferred & Income Fund,2.15,0.236,trailing_eps_fallback_icc,0.22057310344152803,1.0899946721805969,2026-08-20
NPK,150.71,1.0,1075476736.0,7136067.0,55.4,Industrials,"National Presto Industries, Inc",0.87,0.75,forecast_icc,0.08069332170551002,0.367593364474227,2026-08-20
NPKI,13.8,0.0,1171756544.0,84909894.0,4.374,Industrials,NPK International Inc.,0.55,0.13939999999999975,forecast_icc,0.061321116873579454,0.31695651989975143,2026-08-20
NPO,312.75,1.28,6620191744.0,21167681.0,75.006,Industrials,Enpro Inc.,9.58873,0.13527964600108677,forecast_icc,0.05184009451288174,0.2398273558352693,2026-08-20
NPV,10.62,0.74,207756080.0,19562720.0,11.595,Financial Services,Nuveen Virginia Quality Municip,1.14,0.117,trailing_eps_fallback_icc,0.14243310692918276,1.0918079432380512,2026-08-20
NRC,21.82,0.64,482648928.0,22119566.0,0.296,Healthcare,NRC Health,0.33,0.75,forecast_icc,0.14914620714275484,0.013565536264901845,2026-08-20
NRDS,10.01,0.0,639870976.0,32237522.0,5.1,Communication Services,"NerdWallet, Inc.",1.30365,0.7308249913703833,forecast_icc,0.30579320416902955,0.2569445534594774,2026-08-20
NREF,17.26,2.0,397569216.0,18848029.0,20.14,Real Estate,"NexPoint Real Estate Finance, I",1.72333,0.01547585198423973,forecast_icc,0.10635196799734048,0.954800544869148,2026-08-20
NRG,115.36,1.9,24249880576.0,210210483.0,19.994,Utilities,"NRG Energy, Inc.",8.8307,0.26790061942994337,forecast_icc,0.13826399010171642,0.17331831321518504,2026-08-20
NRIM,25.74,0.64,572580288.0,22244766.0,15.627,Financial Services,Northrim BanCorp Inc,2.615,0.0497131931166348,forecast_icc,0.08998585345582943,0.6071095452765569,2026-08-20
NRIX,27.05,0.0,2807294464.0,103781683.0,3.883,Healthcare,"Nurix Therapeutics, Inc.",1.78718,0.01,forecast_icc,0.04729531482633813,0.14354898649100176,2026-08-20
NRO,2.955,0.37,187234208.0,63361833.0,3.257,Financial Services,70968,0.36,0.01,trailing_eps_fallback_icc,0.1249463674263217,1.102199711716141,2026-08-20
NRP,104.45,3.0,,,48.148,Energy,Natural Resource Partners LP Li,7.84,0.01,trailing_eps_fallback_icc,0.05992444942679176,,2026-08-20
NRT,8.66,1.01,79590504.0,9190590.0,0.206,Energy,North European Oil Royality Tru,1.01,0.01,trailing_eps_fallback_icc,0.11963900690079765,0.02378753048227964,2026-08-20
NRXP,3.51,0.0,151968144.0,43295767.0,-0.503,Healthcare,"NRX Pharmaceuticals, Inc.",0.5,0.04,forecast_icc,0.09603642052735106,,2026-08-20
NSC,346.62,5.4,77853753344.0,224608373.0,72.362,Industrials,Norfolk Southern Corporation,12.97314,0.10246863904960546,forecast_icc,0.05667702777121353,0.20876464382148618,2026-08-20
NSIT,146.27,0.0,4292856320.0,29348850.0,54.38,Technology,"Insight Enterprises, Inc.",12.50413,0.059835430373804455,forecast_icc,0.07561262461949603,0.37177821572188097,2026-08-20
NSP,52.14,2.4,1991501440.0,38195270.0,1.597,Industrials,"Insperity, Inc.",2.11328,0.2765558752271351,forecast_icc,0.12040738003048734,0.03062907460915519,2026-08-20
NSSC,37.77,0.6,1349421440.0,35727337.0,4.976,Industrials,"NAPCO Security Technologies, In",1.49,0.08724832214765099,forecast_icc,0.05521833297738754,0.13174477864528372,2026-08-20
NSYS,11.7099,0.0,33417314.0,2853766.0,12.31,Healthcare,Nortech Systems Incorporated,0.36,0.01,trailing_eps_fallback_icc,0.02771174129416265,1.0512472504522656,2026-08-20
NTAP,192.81,2.08,37835927552.0,196234265.0,6.893,Technology,"NetApp, Inc.",9.00638,0.1129110697083624,forecast_icc,0.06629020214272996,0.035750221447220724,2026-08-20
NTB,58.66,2.0,2306903552.0,39326687.0,29.209,Financial Services,Bank of N.T. Butterfield & Son ,6.29,0.1467933227344993,forecast_icc,0.1329982599358569,0.49793724561528613,2026-08-20
NTCT,38.04,0.0,2765786112.0,72707312.0,22.875,Technology,"NetScout Systems, Inc.",2.74,0.020682481751824744,forecast_icc,0.05483449722518585,0.6013407019378366,2026-08-20
NTES,119.81,3.02,76708372480.0,640250196.0,7.461495,Communication Services,"NetEase, Inc.",64.64186,0.10577124482494793,forecast_icc,0.252550573846397,0.06227773425187159,2026-08-20
NTGR,21.1,0.0,573477312.0,27179021.0,16.816,Technology,"NETGEAR, Inc.",0.285,0.75,forecast_icc,0.1140419614323337,0.7969668678645128,2026-08-20
NTIC,8.14,0.04,77264888.0,9492001.0,7.669,Basic Materials,Northern Technologies Internati,0.1,0.75,forecast_icc,0.11722588968885994,0.942137593844697,2026-08-20
NTNX,66.33,0.0,17930360832.0,270320509.0,-2.722,Technology,"Nutanix, Inc.",1.92837,0.13784180421807002,forecast_icc,0.048945841428665315,,2026-08-20
NTR,73.12,2.2,34893602816.0,477210074.0,54.155,Basic Materials,Nutrien Ltd.,5.02104,0.01,forecast_icc,0.056788059067413355,0.7406317912697709,2026-08-20
NTRS,182.51,3.28,33391235072.0,182955653.0,65.402,Financial Services,Northern Trust Corporation,12.73912,0.01,forecast_icc,0.0539051713349622,0.358347500225882,2026-08-20
NTSK,14.38,0.0,5808421888.0,251821667.0,0.435,Technology,"Netskope, Inc.",0.01423,0.04,forecast_icc,0.010000000000000002,0.01885924047137672,2026-08-20
NTST,20.61,0.9,2100780928.0,101527998.0,15.488,Real Estate,NetSTREIT Corp.,0.31714,0.11414517247903144,forecast_icc,0.03251399938683089,0.7485148080247613,2026-08-20
NTWK,4.03,0.0,47861952.0,11876414.0,3.138,Technology,NETSOL Technologies Inc.,0.38,0.01,forecast_icc,0.06128947296976954,0.7786599913852239,2026-08-20
NTWO,11.25,0.0,271309216.0,17998375.0,-0.219,Financial Services,Newbury Street II Acquisition C,0.2,0.04,trailing_eps_fallback_icc,0.022822903621373673,,2026-08-20
NU,14.21,0.0,68644085760.0,3808087961.0,2.589,Financial Services,Nu Holdings Ltd.,0.84055,0.3062637558741299,forecast_icc,0.12018528346736096,0.14362693627386144,2026-08-20
NUE,240.48,2.24,54559064064.0,226875676.0,96.884,Basic Materials,Nucor Corporation,18.75761,0.020617765269669297,forecast_icc,0.060620762694438945,0.40287756710415407,2026-08-20
NUS,4.65,0.24,226346336.0,48676634.0,16.339,Consumer Defensive,"Nu Skin Enterprises, Inc.",1.0,0.32000000000000006,forecast_icc,0.2672547014063399,3.5137636286986322,2026-08-20
NUTX,188.54,0.0,1291116800.0,6847973.0,57.617,Healthcare,Nutex Health Inc.,28.3,0.018657243816254443,forecast_icc,0.08914757188362862,0.30559563653807303,2026-08-20
NUV,8.98,0.39,1863723520.0,207541595.0,9.2,Financial Services,"Nuveen Municipal Value Fund, In",0.51,0.551,trailing_eps_fallback_icc,0.2273311444639755,1.0244988881183406,2026-08-20
NUWE,1.12,0.0,3556150.0,3175134.0,35.336,Healthcare,"Nuwellis, Inc.",2548.34,0.04,trailing_eps_fallback_icc,0.4,31.550000709756336,2026-08-20
NVDA,216.85,1.0,5252323999744.0,24221000000.0,8.07,Technology,NVIDIA Corporation,9.00521,0.443522138850732,forecast_icc,0.13263458412819207,0.037214663453649655,2026-08-20
NVEC,110.095,4.0,532547904.0,4837166.0,12.358,Technology,NVE Corporation,2.83,0.75,forecast_icc,0.20221565968928223,0.11224848878195942,2026-08-20
NVGS,22.02,0.28,1354078720.0,61493127.0,20.144,Energy,Navigator Holdings Ltd.,1.78119,0.01,forecast_icc,0.05829257878952411,0.9148046801060428,2026-08-20
NVMI,383.87,0.0,12209430528.0,31806161.0,43.649,Technology,Nova Ltd.,10.67346,0.27982865912272104,forecast_icc,0.0728171337608482,0.11370777026047059,2026-08-20
NVO,46.14,1.8,204034539520.0,3347203124.0,7.010801,Healthcare,Novo Nordisk A/S,23.08517,0.01,forecast_icc,0.18929868387370286,0.1150127574681642,2026-08-20
NVR,6300.0,0.0,16872364032.0,2678153.0,1266.244,Consumer Cyclical,"NVR, Inc.",361.1004,0.13991529779529466,forecast_icc,0.07793246703597675,0.20099110953866833,2026-08-20
NVS,156.24,4.74,296967700480.0,1900714840.0,21.856,Healthcare,Novartis AG,8.80321,0.11424582623838342,forecast_icc,0.08386120665053898,0.13988734625312474,2026-08-20
NVST,26.93,0.0,4325434880.0,160617709.0,18.904,Healthcare,Envista Holdings Corporation,1.53256,0.08799655478415191,forecast_icc,0.06470054995446792,0.7019680691473038,2026-08-20
NVT,154.3,0.84,24974680064.0,161857939.0,24.632,Industrials,nVent Electric plc,5.13238,0.2569860376667352,forecast_icc,0.08007609210306643,0.159637070153901,2026-08-20
NWBI,15.31,0.8,2241330688.0,146396520.0,13.166,Financial Services,"Northwest Bancshares, Inc.",1.40857,0.028525383899983492,forecast_icc,0.08687889138218513,0.859960822666432,2026-08-20
NWE,70.81,2.68,4356078592.0,61517850.0,47.068,Utilities,"NorthWestern Energy Group, Inc.",3.75125,0.05732489170276556,forecast_icc,0.06693473943786798,0.664708430448814,2026-08-20
NWFL,33.78,1.28,368272032.0,10902074.0,26.733,Financial Services,Norwood Financial Corp.,3.305,0.16490166414523455,forecast_icc,0.13554872263961804,0.7913854947366733,2026-08-20
NWG,18.31,0.94,72774893568.0,3974598267.0,13.178455,Financial Services,NatWest Group plc,1.951,0.11019989748846748,forecast_icc,0.12856741721545617,0.719740858924034,2026-08-20
NWL,5.79,0.28,2465960960.0,425900000.0,5.762,Consumer Defensive,Newell Brands Inc.,0.7601,0.01,forecast_icc,0.09354793962397187,0.9951640921355057,2026-08-20
NWN,50.59,1.97,2129511936.0,42093538.0,37.044,Utilities,Northwest Natural Holding Compa,3.078,0.05003248862898002,forecast_icc,0.07081707018036856,0.732239625104407,2026-08-20
NWPX,109.82,0.0,1058357504.0,9637202.0,43.423,Basic Materials,"NWPX Infrastructure, Inc.",5.45824,0.01,forecast_icc,0.03837464316034589,0.39540157353672434,2026-08-20
NWSA,29.65,0.2,16015863808.0,359884595.0,15.689,Communication Services,News Corporation,1.30152,0.16434630278443674,forecast_icc,0.0738956928456781,0.35253979920425405,2026-08-20
NX,19.72,0.32,905699392.0,45927965.0,15.991,Industrials,Quanex Building Products Corpor,1.65,0.2742424242424244,forecast_icc,0.14610485840607568,0.8109027065737502,2026-08-20
NXB,1.88,0.0,47268644.0,25142895.0,0.489,Consumer Cyclical,NextBoat Inc.,0.05,,forecast_icc,0.010000000000000002,0.2601063752749074,2026-08-20
NXG,56.88,7.2,417053664.0,7332167.0,,Financial Services,733085,23.37,0.04,trailing_eps_fallback_icc,0.23668277012560568,,2026-08-20
NXGL,0.3873,0.0,3775270.0,9747663.0,0.471,Healthcare,"NexGel, Inc",0.4,0.04,forecast_icc,0.28252698301891643,1.2161115027534455,2026-08-20
NXP,14.19,0.64,,,14.183,Financial Services,,0.57,0.04,trailing_eps_fallback_icc,0.05177463234830383,,2026-08-20
NXPI,222.97,4.06,56225046528.0,252164174.0,45.187,Technology,NXP Semiconductors N.V.,15.0591,0.20160633769614367,forecast_icc,0.11239327279716294,0.20265954826490953,2026-08-20
NXPL,8.57,0.0,23252312.0,2713222.0,6.096,Technology,NextPlat Corp,0.61,0.04,forecast_icc,0.06092012430064486,0.7113185696114864,2026-08-20
NXST,187.29,7.44,5770086400.0,30808301.0,73.524,Communication Services,"Nexstar Media Group, Inc.",33.50086,0.01,forecast_icc,0.10831190745158048,0.3925676958189049,2026-08-20
NXT,87.86,0.0,13498665984.0,151729520.0,16.861,Technology,Nextpower Inc.,4.65947,0.23999939907328516,forecast_icc,0.09771728507676272,0.18952327880046613,2026-08-20
NXTS,1.8,0.0,2615999.0,1453333.0,1.311,Basic Materials,Nexentis Technologies Inc.,8.16,0.04,trailing_eps_fallback_icc,0.4,0.7283334446993289,2026-08-20
NYAX,47.38,0.0,1770976256.0,37378139.0,6.53,Technology,Nayax Ltd.,0.92,0.701086956521739,forecast_icc,0.12858311191628868,0.1378218634174619,2026-08-20
NYC,7.05,0.0,22303606.0,3163632.0,16.722,Real Estate,American Strategic Investment C,1.4,0.04,forecast_icc,0.11732952517138984,2.3719148510783414,2026-08-20
NYT,65.3,0.92,10531818496.0,160502862.0,12.675,Communication Services,New York Times Company (The),2.85992,0.09214593415200434,forecast_icc,0.05980192981204632,0.193164530572062,2026-08-20
O,63.17,3.25,59772592128.0,946218033.0,41.798,Real Estate,Realty Income Corporation,1.55432,0.019880076174790373,forecast_icc,0.029577306639622658,0.6616748569083237,2026-08-20
OACC,10.75,0.0,264264752.0,19783010.0,-0.294,Financial Services,Oaktree Acquisition Corp. III L,0.28,0.01,trailing_eps_fallback_icc,0.024578495542151697,,2026-08-20
OBA,10.3,0.0,325737504.0,25300000.0,-0.354,Financial Services,Oxley Bridge Acquisition Limite,0.39,0.04,trailing_eps_fallback_icc,0.038623709750889135,,2026-08-20
OBDC,11.28,1.24,5598324736.0,496305424.0,14.259,Financial Services,Blue Owl Capital Corporation,1.31364,0.01,forecast_icc,0.11582129742526248,1.2640958455497497,2026-08-20
OBE,12.11,0.0,808046592.0,66725570.0,15.116762,Energy,Obsidian Energy Ltd.,1.17,0.4786324786324787,forecast_icc,0.20318179435576067,1.2482876247367922,2026-08-20
OBK,52.76,1.0,1627628928.0,30849678.0,41.525,Financial Services,"Origin Bancorp, Inc.",4.088,0.0680039138943247,forecast_icc,0.08024401239313611,0.78705462707898,2026-08-20
OBT,38.14,0.67,511379712.0,13407963.0,22.869,Financial Services,"Orange County Bancorp, Inc.",3.445,0.09579100145137875,forecast_icc,0.09689851135698746,0.5996067083846298,2026-08-20
OC,147.16,3.06,11632803840.0,79048683.0,47.747,Industrials,Owens Corning Inc,10.04519,0.20025803394460429,forecast_icc,0.11416786022482997,0.3244563837845133,2026-08-20
OCC,14.12,0.0,124638536.0,8827092.0,1.859,Technology,Optical Cable Corporation,0.12,0.04,trailing_eps_fallback_icc,0.012671249336549194,0.13165722700722352,2026-08-20
OCFC,19.08,0.8,1843990656.0,96645219.0,24.499,Financial Services,OceanFirst Financial Corp.,1.80167,0.2853130706511182,forecast_icc,0.1771236045440745,1.284014760366009,2026-08-20
OCTV,18.14,0.0,4869461504.0,257412788.0,18.924,Technology,Octave Intelligence plc,1.43981,0.03369194546502663,forecast_icc,0.06352826777299861,1.0003733669750765,2026-08-20
ODC,92.24,0.82,,,19.687,Basic Materials,Oil-Dri Corporation Of America,3.82,0.253,trailing_eps_fallback_icc,0.09241351504769388,,2026-08-20
ODD,12.51,0.0,577018176.0,34577554.0,5.308,Consumer Defensive,ODDITY Tech Ltd.,0.05575,0.75,forecast_icc,0.059378189277348725,0.3180795064452181,2026-08-20
ODFL,204.52,1.16,42533675008.0,207968283.0,21.918,Industrials,"Old Dominion Freight Line, Inc.",5.80532,0.13448182012361065,forecast_icc,0.04951849621748672,0.10716799867250257,2026-08-20
OEC,6.09,0.08,343406880.0,56388649.0,6.728,Basic Materials,Orion S.A.,0.16527,0.75,forecast_icc,0.18309661949047717,1.104761880344389,2026-08-20
OESX,19.07,0.0,77982680.0,4089286.0,4.604,Industrials,"Orion Energy Systems, Inc.",0.95,0.7263157894736842,forecast_icc,0.2058598232568868,0.2414263365147235,2026-08-20
OFG,51.78,1.35,2188507392.0,42265494.0,33.296,Financial Services,OFG Bancorp,5.09,0.01,forecast_icc,0.07085941312557098,0.643028163107068,2026-08-20
OFIX,10.01,0.0,404620736.0,40421652.0,10.537,Healthcare,Orthofix Medical Inc.,0.41,0.01,forecast_icc,0.03379318266916498,1.0526473540001668,2026-08-20
OFLX,27.755,1.36,280167904.0,10094322.0,8.209,Industrials,"Omega Flex, Inc.",1.17,0.01,trailing_eps_fallback_icc,0.04335491644633274,0.2957665318365661,2026-08-20
OFRM,16.78,0.0,704603200.0,41990653.0,3.699,Consumer Defensive,"Once Upon a Farm, PBC",0.4396,0.04,forecast_icc,0.030196893988177945,0.22044098784535748,2026-08-20
OGC,30.72,0.3,6833587712.0,222447523.0,11.4,Basic Materials,OceanaGold Corporation,3.77,0.75,trailing_eps_fallback_icc,0.3160259659304495,0.3710937605654604,2026-08-20
OGE,46.73,1.7,9653542912.0,206581287.0,24.113,Utilities,OGE Energy Corp,2.4275,0.07199176107106053,forecast_icc,0.07014165322402077,0.5160068814982857,2026-08-20
OGEN,0.54,0.0,2436457.0,4511957.0,1.413,Healthcare,Oragenics Inc.,0.98,0.04,trailing_eps_fallback_icc,0.37251376072983644,2.6166664303946265,2026-08-20
OGI,1.2,0.0,169207808.0,141006497.0,2.5902295,Healthcare,Organigram Global Inc.,0.443,0.01,forecast_icc,0.14623394896918562,2.158524435356207,2026-08-20
OGN,13.74,0.08,3608253696.0,262609433.0,3.831,Healthcare,Organon & Co.,3.621,0.01,forecast_icc,0.12191720822063978,0.27882095400838464,2026-08-20
OGS,81.39,2.72,5115871744.0,62856270.0,56.338,Utilities,"ONE Gas, Inc.",4.92,0.02868089430894316,forecast_icc,0.06082736015640218,0.692198068376751,2026-08-20
OHI,46.75,2.72,14927148032.0,303013000.0,18.022,Real Estate,"Omega Healthcare Investors, Inc",1.97894,0.0328610266102054,forecast_icc,0.052055501644647006,0.36583681452700956,2026-08-20
OI,6.38,0.0,980349184.0,153659747.0,2.493,Consumer Cyclical,"O-I Glass, Inc.",0.56249,0.75,forecast_icc,0.2672892278331761,0.3907523518385465,2026-08-20
OIA,6.03,0.35,289028992.0,47931837.0,6.272,Financial Services,Invesco Municipal Income Opport,0.19,0.75,trailing_eps_fallback_icc,0.22623152283344938,1.0401326163985654,2026-08-20
OII,52.49,0.0,5224311296.0,99529645.0,11.697,Energy,"Oceaneering International, Inc.",2.05826,0.1270150515483952,forecast_icc,0.058075391761287176,0.22284243637173182,2026-08-20
OIS,8.7,0.0,524806784.0,60322619.0,9.634,Energy,"Oil States International, Inc.",0.49,0.4948979591836735,forecast_icc,0.1620426633726716,1.1073563245821152,2026-08-20
OKE,94.6,4.28,59632967680.0,630369667.0,35.486,Energy,"ONEOK, Inc.",5.79746,0.07102248225947227,forecast_icc,0.08112174079297066,0.37511629679742275,2026-08-20
OKTA,134.16,0.0,23317995520.0,166119894.0,39.345,Technology,"Okta, Inc.",3.84412,0.11486894269689807,forecast_icc,0.044356232552926866,0.2802979880420699,2026-08-20
OLED,86.5,2.0,3976131328.0,45966835.0,36.425,Technology,Universal Display Corporation,4.19516,0.12764233068583808,forecast_icc,0.07708949671736506,0.42109825525234756,2026-08-20
OLLI,74.75,0.0,4518883328.0,60453292.0,31.165,Consumer Defensive,Ollie's Bargain Outlet Holdings,4.44157,0.13350909700849023,forecast_icc,0.07812849357825924,0.4169230998964176,2026-08-20
OLN,18.63,0.8,,,15.015,Basic Materials,Olin Corporation,0.79051,0.04,forecast_icc,0.054516992171469325,,2026-08-20
OLOX,2.1,0.0,2969192.0,1413901.0,5.774,Industrials,Olenox Industries Inc.,414.86,0.04,trailing_eps_fallback_icc,0.4,2.7495239021255613,2026-08-20
OLP,24.41,1.8,534590080.0,21900454.0,14.444,Real Estate,"One Liberty Properties, Inc.",1.05,0.01,forecast_icc,0.04423908527889096,0.5917247053592914,2026-08-20
OMAB,101.96,5.77,4921729024.0,42050428.0,11.0773945,Industrials,Grupo Aeroportuario del Centro ,7.0595,0.19734683759473048,forecast_icc,0.1376936851022198,0.09464340226339246,2026-08-20
OMC,87.07,3.2,23887302656.0,274345967.0,35.218,Communication Services,Omnicom Group Inc.,10.59339,0.13698919798100517,forecast_icc,0.1393483779389456,0.40447916639843495,2026-08-20
OMCL,35.5,0.0,1614501248.0,45478909.0,28.317,Healthcare,"Omnicell, Inc.",2.26875,0.01,forecast_icc,0.046127949211386146,0.7976619824532958,2026-08-20
OMDA,23.71,0.0,1451447936.0,61216703.0,3.952,Healthcare,"Omada Health, Inc.",0.436,0.27555045871559636,forecast_icc,0.05480815098048708,0.16668073601229055,2026-08-20
OMER,18.63,0.0,1348594304.0,72388316.0,-0.712,Healthcare,Omeros Corporation,0.66,0.7348484848484849,forecast_icc,0.17886857825898944,,2026-08-20
OMF,61.7,4.2,7098058752.0,115041469.0,29.396,Financial Services,"OneMain Holdings, Inc.",7.09182,0.21179048537610923,forecast_icc,0.18401997079487142,0.47643435210664203,2026-08-20
OMSE,4.37,0.0,185500832.0,42448704.0,4.468,Energy,OMS Energy Technologies Inc.,0.64,0.234375,forecast_icc,0.16644376161745866,1.0224256539830505,2026-08-20
ON,74.71,0.0,29085476864.0,389311721.0,18.543,Technology,ON Semiconductor Corporation,3.20248,0.41403849516624613,forecast_icc,0.12404713072132056,0.24819972098990026,2026-08-20
ONB,25.83,0.58,9881782272.0,382570000.0,21.837,Financial Services,Old National Bancorp,2.60633,0.10858179892799469,forecast_icc,0.1098697011258867,0.8454123821035348,2026-08-20
ONC,369.16,0.0,41760178176.0,104271757.0,45.779,Healthcare,BeOne Medicines Ltd.,7.59764,0.3535650544116329,forecast_icc,0.07189590528230436,0.1143064271322088,2026-08-20
ONCH,10.3,0.0,222093760.0,17250000.0,-0.363,Financial Services,1RT Acquisition Corp.,0.36,0.04,trailing_eps_fallback_icc,0.03667256493838711,,2026-08-20
ONCO,0.667,0.0,2634054.0,3949107.0,3.55,Healthcare,"Onconetix, Inc.",749.08,0.04,trailing_eps_fallback_icc,0.4,5.322339576181809,2026-08-20
ONEW,11.41,0.0,190154704.0,16665619.0,17.212,Consumer Cyclical,OneWater Marine Inc.,0.466,0.75,forecast_icc,0.19388600235378445,1.508501384367541,2026-08-20
ONIT,35.91,0.0,300010816.0,8354520.0,72.337,Financial Services,Onity Group Inc.,4.905,0.6799184505606524,forecast_icc,0.2965106894704225,2.0143970850704265,2026-08-20
ONL,2.85,0.08,162577424.0,57044714.0,10.708,Real Estate,Orion Properties Inc.,0.02,0.01,forecast_icc,0.010000000000000002,3.7571932343570653,2026-08-20
ONON,29.9,0.0,9993019392.0,301715535.0,7.1669364,Consumer Cyclical,On Holding AG,1.41103,0.18993217720388644,forecast_icc,0.08000012137165385,0.21638865746303695,2026-08-20
ONT,14.66,0.0,514821440.0,35117424.0,12.257,Industrials,"Onterris, Inc.",1.49302,0.08642215107634188,forecast_icc,0.09345265131198077,0.8360845771458159,2026-08-20
ONTO,298.84,0.0,18266128384.0,61123436.0,42.863,Technology,Onto Innovation Inc.,8.10318,0.43829829770534534,forecast_icc,0.10104169786018702,0.14343126152353666,2026-08-20
OOMA,20.51,0.0,563508672.0,27474823.0,3.487,Technology,"Ooma, Inc.",1.31,0.14067938931297697,forecast_icc,0.08360665657039312,0.17001461124097839,2026-08-20
OPAL,2.13,0.0,372231520.0,30357544.0,0.868,Utilities,OPAL Fuels Inc.,1.02,0.1470588235294117,forecast_icc,0.24777252527647853,0.07079021194121336,2026-08-20
OPBK,15.42,0.56,230260928.0,14932615.0,15.988,Financial Services,OP Bancorp,2.005,0.02743142144638422,forecast_icc,0.09834600402650351,1.036835257695131,2026-08-20
OPCH,23.49,0.0,3518455552.0,149785243.0,8.412,Healthcare,"Option Care Health, Inc.",1.88225,0.10609642714835976,forecast_icc,0.08619323977446236,0.35810981423362886,2026-08-20
OPFI,7.16,0.0,610091072.0,85208247.0,4.856,Financial Services,OppFi Inc.,1.4125,0.3486725663716814,forecast_icc,0.23221545363640794,0.6782122644010762,2026-08-20
OPHC,9.22,0.0,116379176.0,12622470.0,5.646,Financial Services,"OptimumBank Holdings, Inc.",1.225,0.0897959183673469,forecast_icc,0.1107319534606302,0.6123644114819992,2026-08-20
OPLN,34.19,0.0,4173568512.0,122069865.0,12.781,Consumer Cyclical,"OPENLANE, Inc.",1.44077,0.1984910846283583,forecast_icc,0.07632887976987546,0.37382277062881003,2026-08-20
OPP,7.5,1.09,187425984.0,24990131.0,,Financial Services,RiverNorth/DoubleLine Strategic,1.0,0.04,trailing_eps_fallback_icc,0.157332521454573,,2026-08-20
OPRA,18.29,0.8,1637923840.0,89552967.0,11.274,Communication Services,Opera Limited,1.42131,0.24550590652285575,forecast_icc,0.15175222598464788,0.6164023779994556,2026-08-20
OPRT,7.33,0.0,337086560.0,45987253.0,8.86,Financial Services,Oportun Financial Corporation,1.57833,0.2544905057877629,forecast_icc,0.20789660034151536,1.2087312575737224,2026-08-20
OPRX,7.96,0.0,149934176.0,18835951.0,6.907,Healthcare,OptimizeRx Corporation,0.89,0.18820224719101142,forecast_icc,0.13117653732811385,0.8677135328839236,2026-08-20
OPXS,10.809,0.0,75229264.0,6959873.0,3.996,Industrials,"Optex Systems Holdings, Inc.",0.77,0.16883116883116878,forecast_icc,0.09688999355349892,0.3696919394027303,2026-08-20
OPY,111.75,0.8,1196619520.0,10608340.0,91.842,Financial Services,"Oppenheimer Holdings, Inc.",2.56,0.246,forecast_icc,0.06238565750935052,0.8142029659352372,2026-08-20
OR,35.29,0.26,6616729600.0,187495864.0,7.922,Basic Materials,OR Royalties Inc.,1.33153,0.040231913663229424,forecast_icc,0.04005388968832391,0.22448283735336563,2026-08-20
ORA,108.3,0.48,6660119040.0,61496941.0,42.239,Utilities,"Ormat Technologies, Inc.",2.62415,0.01046815159194403,forecast_icc,0.023994516526746223,0.3900184479133574,2026-08-20
ORC,6.71,1.2,1333997056.0,198807315.0,7.221,Real Estate,"Orchid Island Capital, Inc.",1.12,0.01,forecast_icc,0.17087814714518135,1.0761550148540957,2026-08-20
ORCL,142.07,2.0,409228541952.0,2880471000.0,13.04,Technology,Oracle Corporation,8.05313,0.35536617439430396,forecast_icc,0.1402266139587226,0.0917857333724433,2026-08-20
ORI,41.8,1.26,10091895808.0,241432922.0,25.321,Financial Services,Old Republic International Corp,2.94333,0.12117907268298156,forecast_icc,0.09724915598823503,0.6057655701435082,2026-08-20
ORIO,0.88,0.0,20759632.0,23590492.0,2.0009546,Technology,Orion Digital Corp.,0.0141976,0.04,forecast_icc,0.02120872658722185,2.273812150603787,2026-08-20
ORIQ,10.38,0.0,89527504.0,8625000.0,0.12,Financial Services,Origin Investment Corp I,0.24,0.04,trailing_eps_fallback_icc,0.02765637100207073,0.011560693125098182,2026-08-20
ORLY,89.08,0.0,72062230528.0,808960792.0,-2.249,Consumer Cyclical,"O'Reilly Automotive, Inc.",3.27953,0.1127753062176593,forecast_icc,0.052718238759550284,,2026-08-20
ORMP,4.79,0.25,199251312.0,41597354.0,7.684,Healthcare,Oramed Pharmaceuticals Inc.,2.31,,forecast_icc,0.010000000000000002,1.6041754753213369,2026-08-20
ORN,9.18,0.0,371746752.0,40495290.0,4.061,Industrials,"Orion Group Holdings, Inc.",0.2537,0.75,forecast_icc,0.1625369944896765,0.4423747398067381,2026-08-20
ORRF,42.1,1.2,828091200.0,19669626.0,31.604,Financial Services,"Orrstown Financial Services, In",4.3,0.01918604651162803,forecast_icc,0.07845005500106439,0.7506888856010062,2026-08-20
OSBC,25.2,0.28,1282068096.0,50875716.0,17.723,Financial Services,"Old Second Bancorp, Inc.",2.20333,0.08321041332891599,forecast_icc,0.08832753673991756,0.7032936218295849,2026-08-20
OSCR,31.57,0.0,9743922176.0,273469000.0,6.657,Healthcare,"Oscar Health, Inc.",1.75056,0.07502741979709349,forecast_icc,0.06030213584286093,0.18683268401752884,2026-08-20
OSG,4.51,0.0,203182224.0,45051486.0,15.831,Financial Services,"Octave Specialty Group, Inc.",0.165,0.75,forecast_icc,0.18467987663573926,3.510199174047824,2026-08-20
OSIS,218.09,0.0,3594753536.0,16482890.0,54.258,Technology,"OSI Systems, Inc.",10.41723,0.0981335729363757,forecast_icc,0.05974042833220257,0.24878719407705174,2026-08-20
OSK,152.73,2.28,9429511168.0,61739749.0,73.207,Industrials,Oshkosh Corporation (Holding Co,10.74299,0.3017223324232825,forecast_icc,0.14101488742520696,0.4793230236983372,2026-08-20
OSPN,15.59,0.52,574525376.0,36852173.0,7.435,Technology,OneSpan Inc.,1.244,0.048231511254019255,forecast_icc,0.08041568126595922,0.47690827542315556,2026-08-20
OSS,11.4,0.0,282366784.0,24769017.0,1.83,Technology,"One Stop Systems, Inc.",0.045,0.75,forecast_icc,0.054787925085993616,0.16052632136080142,2026-08-20
OSTX,1.58,0.0,72878800.0,46125825.0,-0.164,Healthcare,OS Therapies Incorporated,0.32333,0.04,forecast_icc,0.11941447220445756,,2026-08-20
OSW,26.08,0.2,2647086336.0,101498712.0,5.736,Consumer Cyclical,OneSpaWorld Holdings Limited,1.13667,0.14809047480799165,forecast_icc,0.07025701373225587,0.21993865636878115,2026-08-20
OTEX,24.6,1.12,5969494528.0,242662360.0,16.91,Technology,Open Text Corporation,3.90448,0.09137964594517056,forecast_icc,0.14415343666061575,0.6873983196320638,2026-08-20
OTF,11.11,1.4,5090439168.0,458185389.0,16.477,Financial Services,Blue Owl Technology Finance Cor,1.25498,0.06923616312610559,forecast_icc,0.15085193488772675,1.4830784546079072,2026-08-20
OTIS,71.77,1.76,27320637440.0,380669339.0,-15.099,Industrials,Otis Worldwide Corporation,4.05882,0.12748532824811165,forecast_icc,0.0850645264087514,,2026-08-20
OTTR,92.04,2.26,3864352768.0,41985580.0,44.735,Industrials,Otter Tail Corporation,6.075,0.01,forecast_icc,0.05363296976623799,0.48603868074706785,2026-08-20
OUT,29.78,1.23,5245307904.0,176135251.0,3.936,Real Estate,OUTFRONT Media Inc.,1.39525,0.08746102848951787,forecast_icc,0.07265532552255649,0.13216923784537474,2026-08-20
OVBC,44.66,1.0,210393344.0,4711001.0,36.804,Financial Services,Ohio Valley Banc Corp.,3.01,0.01,trailing_eps_fallback_icc,0.05380771237818853,0.8240929941395866,2026-08-20
OVLY,34.11,0.75,286957472.0,8412708.0,26.229,Financial Services,Oak Valley Bancorp (CA),2.82,0.01,trailing_eps_fallback_icc,0.06188905830081094,0.7689533804228663,2026-08-20
OVV,66.7,1.2,18449219584.0,276600000.0,41.573,Energy,Ovintiv Inc. (DE),7.42319,0.01,forecast_icc,0.07419394027677945,0.6232833723748691,2026-08-20
OWL,11.4,0.79,27842676736.0,683908596.0,2.919,Financial Services,Blue Owl Capital Inc.,0.8867,0.11494304725386262,forecast_icc,0.12253289568297288,0.07170033293324804,2026-08-20
OWLS,5.62,0.0,496433728.0,37825411.0,-0.04,Technology,OBOOK Holdings Inc.,0.28,0.04,forecast_icc,0.047176121645097546,,2026-08-20
OWLT,5.58,0.0,163056944.0,29221677.0,0.803,Healthcare,"Owlet, Inc.",0.25,0.01,forecast_icc,0.03586890601157455,0.14390682209155103,2026-08-20
OXBR,1.32,0.0,10742922.0,8138577.0,0.813,Financial Services,Oxbridge Re Holdings Limited,0.02,0.04,trailing_eps_fallback_icc,0.02021165743005693,0.6159090702697088,2026-08-20
OXM,34.36,2.8,513026848.0,14930932.0,35.127,Consumer Cyclical,"Oxford Industries, Inc.",2.46346,0.22562574590210516,forecast_icc,0.16162322104539018,1.0223224192040725,2026-08-20
OXY,61.52,1.12,61497692160.0,999637371.0,33.469,Energy,Occidental Petroleum Corporatio,5.75011,0.01,forecast_icc,0.06608927497051431,0.5440344506417166,2026-08-20
OYSE,10.35,0.0,351012512.0,26008000.0,-1.042,Financial Services,Oyster Enterprises II Acquisiti,0.31,0.456,trailing_eps_fallback_icc,0.11026534341926608,,2026-08-20
OZK,49.28,1.86,5373373440.0,109037618.0,54.467,Financial Services,Bank OZK,5.79042,0.053042784461230674,forecast_icc,0.10480674894944275,1.105255758960613,2026-08-20
P,109.98,0.0,,,4.376,Technology,"Everpure, Inc.",2.43939,0.2580399198160195,forecast_icc,0.05930995831905511,,2026-08-20
PAA,24.59,1.63,17349879808.0,705566460.0,12.815,Energy,"Plains All American Pipeline, L",1.71654,0.09688093490393479,forecast_icc,0.10796192997524423,0.5211467909265184,2026-08-20
PAAS,51.92,0.74,21526964224.0,414618000.0,17.45,Basic Materials,Pan American Silver Corp.,3.68977,0.276131032557585,forecast_icc,0.13408668153686631,0.3360940272262702,2026-08-20
PAC,209.45,8.82,12462656512.0,51922658.0,0.35627165,Industrials,Grupo Aeroportuario Del Pacific,12.4745,0.01,forecast_icc,0.055123053678895695,0.001484320058105899,2026-08-20
PACH,10.3,0.0,325737504.0,22114799.0,-0.359,Financial Services,Pioneer Acquisition I Corp,0.36,0.04,trailing_eps_fallback_icc,0.03667256493838711,,2026-08-20
PACS,43.58,0.0,6900266496.0,158335612.0,7.013,Healthcare,"PACS Group, Inc.",2.51881,0.07744530155112916,forecast_icc,0.06266992241813163,0.16092242924236183,2026-08-20
PAG,216.55,5.76,14219294720.0,65662873.0,88.563,Consumer Cyclical,"Penske Automotive Group, Inc.",13.61375,0.04159397667799092,forecast_icc,0.06468879852452877,0.4089725359809548,2026-08-20
PAGP,26.8,1.63,6244411392.0,197904124.0,7.984,Energy,"Plains GP Holdings, L.P.",1.88232,0.14255280717412555,forecast_icc,0.12193814292726007,0.25303690401313006,2026-08-20
PAGS,8.44,1.12,2326452224.0,155186514.0,10.441223,Technology,PagSeguro Digital Ltd.,8.6315,0.11194346289752644,forecast_icc,0.3975872153487371,0.6964841068090732,2026-08-20
PAHC,35.18,0.48,1427066752.0,21068682.0,8.92,Healthcare,Phibro Animal Health Corporatio,3.07209,0.08852279718367617,forecast_icc,0.09099932732651872,0.13169155764901458,2026-08-20
PAL,5.21,0.0,146155728.0,28052923.0,11.009,Industrials,"Proficient Auto Logistics, Inc.",0.0575,0.75,forecast_icc,0.10230590298315556,2.113051835416262,2026-08-20
PALI,2.06,0.0,358997344.0,174270558.0,0.701,Healthcare,"Palisade Bio, Inc.",0.65,0.04,trailing_eps_fallback_icc,0.1526664512214312,0.3402912673303789,2026-08-20
PAM,79.39,0.0,4255603200.0,53603767.0,76.1,Industrials,Pampa Energia S.A.,10.41751,0.14448078283582166,forecast_icc,0.12855110494987432,0.9585589814153725,2026-08-20
PANL,7.9,0.4,517242816.0,65473772.0,6.852,Industrials,Pangaea Logistics Solutions Ltd,0.88,0.25,forecast_icc,0.1833872351970537,0.8673417433099738,2026-08-20
PANW,349.56,0.0,284891381760.0,815000000.0,34.032,Technology,"Palo Alto Networks, Inc.",3.77535,0.01,forecast_icc,0.012225357631305698,0.09735668319853073,2026-08-20
PAPL,1.07,0.0,27040182.0,25271197.0,2.022,Financial Services,Pineapple Financial Inc.,0.04,0.04,forecast_icc,0.03830764916404117,1.8897195416066352,2026-08-20
PAR,18.95,0.0,783823360.0,41362708.0,19.674,Technology,PAR Technology Corporation,0.76715,0.75,forecast_icc,0.1931372918241091,1.0382057472642816,2026-08-20
PARA,1.39,0.0,4935835.0,3517105.0,4.545,Technology,"Banzai International, Inc.",16.1,0.04,trailing_eps_fallback_icc,0.4,3.238609520982772,2026-08-20
PARK,21.68,0.0,103094512.0,4755282.0,6.338,Healthcare,"Park Dental Partners, Inc.",1.66,0.01,forecast_icc,0.05275581720417101,0.29234317842253327,2026-08-20
PARR,72.45,0.0,3629718016.0,50099627.0,40.233,Energy,"Par Pacific Holdings, Inc. Comm",19.28338,0.01,forecast_icc,0.12060638185536299,0.5553209048763197,2026-08-20
PATH,15.92,0.0,8248474624.0,453429560.0,3.656,Technology,"UiPath, Inc.",0.78277,0.15813074083063983,forecast_icc,0.07479859129832678,0.20097515564109228,2026-08-20
PATK,85.48,1.88,2745469440.0,32118264.0,35.209,Consumer Cyclical,"Patrick Industries, Inc.",4.29111,0.24961140590663033,forecast_icc,0.11069256987540999,0.41189748488914163,2026-08-20
PAX,11.31,0.65,1825364352.0,68448417.0,3.489,Financial Services,Patria Investments Limited,1.375,0.1027490909090909,forecast_icc,0.1373099429039878,0.13083225091545997,2026-08-20
PAXS,14.0,1.79,658322688.0,47023048.0,,Financial Services,PIMCO Access Income Fund,1.82,0.04,trailing_eps_fallback_icc,0.15235435755695848,,2026-08-20
PAY,38.42,0.0,4838601216.0,63114220.0,4.871,Technology,"Paymentus Holdings, Inc.",0.92625,0.15623211875843435,forecast_icc,0.04569563655011709,0.063536826428971,2026-08-20
PAYC,226.72,1.5,10218637312.0,45071619.0,17.827,Technology,"Paycom Software, Inc.",12.03156,0.15092805920429253,forecast_icc,0.07972989919745843,0.07863002936501522,2026-08-20
PAYO,7.09,0.0,2402452480.0,338850836.0,1.929,Technology,Payoneer Global Inc.,0.29052,0.6021272201569599,forecast_icc,0.16196282616397173,0.2720733367612749,2026-08-20
PAYP,14.29,0.0,9676375040.0,677143135.0,3.8250697,Technology,PayPay Corporation - American D,122.8362,0.3045932713646302,forecast_icc,0.4,0.2676745865620675,2026-08-20
PAYS,13.82,0.0,780307008.0,56462156.0,1.066,Technology,"Paysign, Inc.",0.49,0.23469387755102034,forecast_icc,0.07555967027879287,0.07713458636014199,2026-08-20
PAYX,122.91,4.76,43716980736.0,355682860.0,10.504,Technology,"Paychex, Inc.",5.98121,0.06743117195350101,forecast_icc,0.06697410663030678,0.08546090554610071,2026-08-20
PB,72.58,2.4,8722429952.0,120176771.0,82.52,Financial Services,"Prosperity Bancshares, Inc.",6.3965,0.1445118424138201,forecast_icc,0.11923482881945702,1.1369523398288908,2026-08-20
PBA,49.17,2.09,28595058688.0,581555000.0,18.992233,Energy,Pembina Pipeline Corp.,3.1064,0.013620267834148825,forecast_icc,0.059326598031201536,0.3862565271443236,2026-08-20
PBAM,87.2,0.0,499280672.0,5725696.0,49.866,Financial Services,"Private Bancorp of America, Inc",8.4875,0.022385861561119214,forecast_icc,0.06846875900772917,0.5718578201561145,2026-08-20
PBF,69.56,1.1,8245423104.0,118536838.0,54.06,Energy,PBF Energy Inc.,17.56383,0.01,forecast_icc,0.12241537078992082,0.7771707262870862,2026-08-20
PBFS,17.12,0.0,413957344.0,24179750.0,13.451,Financial Services,"Pioneer Bancorp, Inc.",0.7,0.01,trailing_eps_fallback_icc,0.0337537528927595,0.7856892067845522,2026-08-20
PBH,50.52,0.0,2393360896.0,47374522.0,40.461,Healthcare,Prestige Consumer Healthcare In,4.59,0.10702614379084974,forecast_icc,0.09338463237210448,0.8008907214309229,2026-08-20
PBHC,16.61,0.4,104288264.0,4898360.0,20.027,Financial Services,"Pathfinder Bancorp, Inc.",0.01,0.75,trailing_eps_fallback_icc,0.014411713496227972,0.9406567139711904,2026-08-20
PBI,16.17,0.4,2216748800.0,137090212.0,-6.299,Industrials,Pitney Bowes Inc.,1.675,0.08756417910447745,forecast_icc,0.10511471722513688,,2026-08-20
PBR,19.01,1.69,122507403264.0,3721115691.0,13.4361725,Energy,Petroleo Brasileiro S.A. Petrob,4.16,0.01,forecast_icc,0.14333667511581616,0.4081186196477398,2026-08-20
PBR-A,17.04,1.69,116664606720.0,2723250690.0,13.4361725,Energy,Petroleo Brasileiro S.A. Petrob,4.59847,0.01,forecast_icc,0.1636626005312195,0.3136346751624658,2026-08-20
PBT,34.07,0.38,1587961728.0,46608796.0,0.003,Energy,Permian Basin Royalty Trust,0.35,0.615,trailing_eps_fallback_icc,0.09380534981333188,8.805400378012134e-05,2026-08-20
PBYI,9.11,0.0,470258752.0,51620066.0,2.711,Healthcare,Puma Biotechnology Inc,0.55,0.01,forecast_icc,0.04418350308679042,0.2975851025224513,2026-08-20
PCAP,10.36,0.0,392954784.0,25430000.0,-0.332,Financial Services,ProCap Acquisition Corp,0.31,0.121,trailing_eps_fallback_icc,0.04690418660956247,,2026-08-20
PCAR,128.94,1.4,67869499392.0,526364953.0,38.607,Industrials,PACCAR Inc.,5.96453,0.2053321887893933,forecast_icc,0.0881604699150832,0.2994183237318286,2026-08-20
PCB,27.59,0.88,387490560.0,14044602.0,23.638,Financial Services,PCB Bancorp,2.94667,0.019228485035650333,forecast_icc,0.08191472171885883,0.8567597158392711,2026-08-20
PCF,5.33,0.7,99758680.0,18716450.0,6.664,Financial Services,High Income Securities Fund,0.21,0.04,trailing_eps_fallback_icc,0.05083891874334916,1.2502814070915933,2026-08-20
PCG,17.96,0.2,39554510848.0,2202366906.0,14.676,Utilities,Pacific Gas & Electric Co.,1.65272,0.09055375381189812,forecast_icc,0.09350651470875893,0.8171491953639037,2026-08-20
PCM,5.4,0.77,,,5.957,Financial Services,,0.56,0.01,trailing_eps_fallback_icc,0.10643550073491326,,2026-08-20
PCN,11.66,1.35,,,11.94,Financial Services,,1.27,0.01,trailing_eps_fallback_icc,0.11176555965055146,,2026-08-20
PCOR,63.28,0.0,9615733760.0,151955338.0,8.417,Technology,"Procore Technologies, Inc.",1.70152,0.3919201654990834,forecast_icc,0.091874701188004,0.13301201050994987,2026-08-20
PCQ,8.76,0.43,,,9.927,Financial Services,,0.03,0.75,trailing_eps_fallback_icc,0.055475244411319014,,2026-08-20
PCRX,23.83,0.0,949908800.0,39861886.0,16.874,Healthcare,"Pacira BioSciences, Inc.",2.88337,0.19653044874573844,forecast_icc,0.13944382319520032,0.7080989926232918,2026-08-20
PCSA,2.145,0.0,7190005.0,3351984.0,0.949,Healthcare,"Processa Pharmaceuticals, Inc.",0.65,0.04,trailing_eps_fallback_icc,0.14929424425359084,0.44242428426683983,2026-08-20
PCTY,152.36,0.0,8435564032.0,55366000.0,22.061,Technology,Paylocity Holding Corporation,8.72032,0.11073676195368987,forecast_icc,0.07066110896590017,0.14479521717416322,2026-08-20
PCYO,11.69,0.0,281698240.0,24097370.0,6.29,Utilities,Pure Cycle Corporation,0.09,0.333,forecast_icc,0.03502889696329936,0.5380667529197201,2026-08-20
PD,12.12,0.0,934725504.0,77122565.0,2.825,Technology,"PagerDuty, Inc.",1.31556,0.06841193104077337,forecast_icc,0.09107240887431323,0.23308580454118003,2026-08-20
PDCC,8.78,1.56,60008128.0,6834639.0,,Financial Services,Pearl Diver Credit Company Inc.,1.565,0.03833865814696491,forecast_icc,0.20373023357915787,,2026-08-20
PDD,89.52,0.0,127422447616.0,1423396462.0,44.719173,Consumer Cyclical,PDD Holdings Inc.,68.09264,0.21180174538687302,forecast_icc,0.34093240406198977,0.4995439486737125,2026-08-20
PDEX,66.31,0.0,211711840.0,3192759.0,14.139,Healthcare,"Pro-Dex, Inc.",2.06,0.224,forecast_icc,0.06742968209703049,0.21322576716068403,2026-08-20
PDFS,44.81,0.0,1892201600.0,42227216.0,7.027,Technology,"PDF Solutions, Inc.",1.29,0.26227131782945734,forecast_icc,0.07117719619841789,0.15681767039621994,2026-08-20
PDI,14.99,2.65,6918850560.0,461564414.0,,Financial Services,PIMCO Dynamic Income Fund,2.06,0.04,trailing_eps_fallback_icc,0.1617491191954893,,2026-08-20
PDLB,20.31,0.0,491256224.0,24187901.0,13.89,Financial Services,"Ponce Financial Group, Inc.",10.53,0.01,forecast_icc,0.17718116076469104,0.6838996199465963,2026-08-20
PDO,12.54,1.53,1786769024.0,142485564.0,,Financial Services,Pimco Dynamic Income Opportunities Fund,1.8,0.04,trailing_eps_fallback_icc,0.15452357800539984,,2026-08-20
PDS,89.12,0.0,1145427712.0,12852644.0,89.41833,Energy,Precision Drilling Corporation,6.76665,0.75,forecast_icc,0.25171306431672813,1.0033474400211821,2026-08-20
PEBK,43.96,0.84,233925536.0,5321327.0,30.319,Financial Services,Peoples Bancorp of North Caroli,3.64,0.011,trailing_eps_fallback_icc,0.06162912302068013,0.6896951742498091,2026-08-20
PEBO,39.97,1.68,1436614400.0,35942315.0,35.156,Financial Services,Peoples Bancorp Inc.,3.63857,0.06674600186336943,forecast_icc,0.09792430852789125,0.879559627231914,2026-08-20
PECO,39.43,1.3,5577237504.0,128700000.0,18.488,Real Estate,"Phillips Edison & Company, Inc.",0.84174,0.01,forecast_icc,0.024121874815392963,0.4266279853231081,2026-08-20
PED,13.03,0.0,,,15.052,Energy,Pedevco Corp.,0.7,0.5714285714285716,forecast_icc,0.17638218066876965,,2026-08-20
PEG,74.62,2.68,37192105984.0,498420030.0,34.797,Utilities,Public Service Enterprise Group,4.36992,0.06933307703573544,forecast_icc,0.07435471686250084,0.46632265974320364,2026-08-20
PEGA,33.61,0.12,5525650432.0,164404945.0,3.41,Technology,Pegasystems Inc.,2.45525,0.07355259138580594,forecast_icc,0.0734063014220524,0.10145789520150378,2026-08-20
PEN,323.76,0.0,12752719872.0,39389422.0,38.862,Healthcare,"Penumbra, Inc.",4.78747,0.28083100259636096,forecast_icc,0.047765156031474784,0.1200333523458736,2026-08-20
PENG,51.14,0.0,2620551680.0,51242699.0,8.569,Technology,"Penguin Solutions, Inc.",2.61471,0.2789716641616087,forecast_icc,0.10466454067444664,0.16755963680556,2026-08-20
PENN,18.44,0.0,2475836160.0,134066591.0,14.628,Consumer Cyclical,"PENN Entertainment, Inc.",0.95524,0.25093170302751133,forecast_icc,0.09892866870928485,0.7921065718452064,2026-08-20
PEO,28.37,2.16,795162176.0,28028274.0,27.435,Financial Services,"Adams Natural Resources Fund, I",0.06,0.75,forecast_icc,0.038388098364954784,0.967042598854702,2026-08-20
PEP,142.08,5.92,194081275904.0,1366000000.0,16.177,Consumer Defensive,"Pepsico, Inc.",8.55981,0.048906459372345834,forecast_icc,0.07109296882221916,0.1138583920425709,2026-08-20
PERF,1.86,0.0,189438528.0,85059953.0,1.594,Technology,Perfect Corp.,0.08,0.16874999999999996,forecast_icc,0.07089283798100354,0.715723282446536,2026-08-20
PERI,9.5,0.0,392377440.0,39330319.0,16.836,Communication Services,Perion Network Ltd,1.25,0.13200000000000012,forecast_icc,0.12458480206959782,1.6875721771465757,2026-08-20
PESI,16.88,0.0,358165760.0,21218351.0,2.75,Industrials,Perma-Fix Environmental Service,0.09,0.04,forecast_icc,0.010000000000000002,0.16291469416283677,2026-08-20
PETS,1.76,0.0,38154888.0,21678914.0,1.06,Healthcare,"PetMed Express, Inc.",0.07,0.2857142857142856,forecast_icc,0.09191333387866185,0.6022727373750907,2026-08-20
PETZ,1.24,0.0,12800852.0,10323268.0,2.968,Real Estate,"TDH Holdings, Inc.",0.17,0.01,trailing_eps_fallback_icc,0.07925573286585397,2.393548446931501,2026-08-20
PFBC,103.58,3.2,1227745792.0,11853116.0,66.947,Financial Services,Preferred Bank,10.738,0.022350530825107073,forecast_icc,0.0815953576996612,0.6463313187653752,2026-08-20
PFE,27.79,1.72,158393942016.0,5699673589.0,14.946,Healthcare,"Pfizer, Inc.",2.97515,0.01,forecast_icc,0.08825439472030142,0.5378193154166773,2026-08-20
PFG,110.54,3.36,23667126272.0,214104641.0,56.574,Financial Services,Principal Financial Group Inc,9.56896,0.08426830083938053,forecast_icc,0.09632599762913252,0.5117966507942414,2026-08-20
PFGC,103.98,0.0,16332395520.0,157072459.0,31.386,Consumer Defensive,Performance Food Group Company,5.70954,0.17074755584512946,forecast_icc,0.0832290793860343,0.30184648615306126,2026-08-20
PFIS,70.22,2.49,702928000.0,10010367.0,53.563,Financial Services,Peoples Financial Services Corp,6.37,0.15934065934065922,forecast_icc,0.12737965556084385,0.762788347627353,2026-08-20
PFLT,7.37,1.17,731235904.0,99217896.0,10.468,Financial Services,PennantPark Floating Rate Capit,1.05429,0.01,forecast_icc,0.14658816545610887,1.420352761190457,2026-08-20
PFS,23.69,0.96,3089711872.0,130422618.0,22.289,Financial Services,"Provident Financial Services, I",2.46333,0.05548180714723561,forecast_icc,0.10007464631176355,0.9408611071297979,2026-08-20
PFSI,75.74,1.2,3934811904.0,51951572.0,83.492,Financial Services,"PennyMac Financial Services, In",7.14819,0.5584014974420097,forecast_icc,0.23921343473439227,1.1023501898564958,2026-08-20
PFX,50.12,0.0,96795400.0,1931273.0,81.69,Financial Services,PhenixFIN Corporation,3.12,0.01,forecast_icc,0.04522158558072498,1.629888314630654,2026-08-20
PG,142.97,4.35,332324208640.0,2324433060.0,22.947,Consumer Defensive,Procter & Gamble Company (The),6.99141,0.058039794547880996,forecast_icc,0.06103150168041094,0.16050219647284494,2026-08-20
PGAC,10.69,0.0,117862592.0,8869250.0,-0.164,Financial Services,Pantages Capital Acquisition Co,0.18,0.01,trailing_eps_fallback_icc,0.017603537644725296,,2026-08-20
PGC,45.17,0.2,800771584.0,17727952.0,39.127,Financial Services,Peapack-Gladstone Financial Cor,3.5725,0.3456962911126664,forecast_icc,0.1538003354257813,0.8662165238670607,2026-08-20
PGEN,7.44,0.0,2663782144.0,358035247.0,0.122,Healthcare,"Precigen, Inc.",0.2203,0.75,forecast_icc,0.1678107054720862,0.016397850039045835,2026-08-20
PGNY,25.96,0.0,1991827712.0,76726798.0,5.904,Healthcare,"Progyny, Inc.",2.08312,0.11015688006451874,forecast_icc,0.08743330505007654,0.22742680637631374,2026-08-20
PGP,8.56,0.83,,,8.92,Financial Services,,2.1,0.75,trailing_eps_fallback_icc,0.4,,2026-08-20
PGR,220.34,0.4,128099459072.0,581371770.0,59.093,Financial Services,Progressive Corporation (The),17.85152,0.01,forecast_icc,0.05543711191720563,0.2681900630454678,2026-08-20
PGY,20.24,0.0,1688539008.0,72137266.0,7.13,Technology,Pagaya Technologies Ltd.,3.72082,0.09412978859498722,forecast_icc,0.13482781617749418,0.30460575926475725,2026-08-20
PGZ,9.95,1.26,66606392.0,6694109.0,,Financial Services,Principal Real Estate Income Fu,0.98,0.04,trailing_eps_fallback_icc,0.11917412569587985,,2026-08-20
PH,1000.13,8.0,126102781952.0,126086389.0,122.157,Industrials,Parker-Hannifin Corporation,35.47279,0.11371617513028975,forecast_icc,0.054318218675851626,0.1221411199868356,2026-08-20
PHAR,11.68,0.0,826688576.0,70778124.0,3.82,Healthcare,Pharming Group N.V.,0.46,0.01,forecast_icc,0.032911751092053576,0.3270547598325588,2026-08-20
PHAT,8.6,0.0,695748096.0,80900934.0,-4.3,Healthcare,"Phathom Pharmaceuticals, Inc.",1.10975,0.04,forecast_icc,0.0902924886571207,,2026-08-20
PHG,27.5,1.01,26879254528.0,977427472.0,13.564032,Healthcare,Koninklijke Philips N.V. NY Reg,1.76278,0.0799135456494855,forecast_icc,0.0823526282691639,0.49323754474204085,2026-08-20
PHI,19.24,1.52,,,9.511949,Communication Services,PLDT Inc. Sponsored,2.58185,0.03994035284776398,forecast_icc,0.12604972044535023,,2026-08-20
PHIN,71.63,1.2,2624386048.0,36638088.0,42.06,Consumer Cyclical,PHINIA Inc.,5.96515,0.15713938459217291,forecast_icc,0.11111043720897565,0.5871841844512047,2026-08-20
PHM,127.67,1.04,,,69.343,Consumer Cyclical,"PulteGroup, Inc.",10.17706,0.10454591011549508,forecast_icc,0.08876576329804509,,2026-08-20
PHR,12.0,0.0,741742656.0,61811889.0,5.813,Healthcare,"Phreesia, Inc.",1.32927,0.20848285148991552,forecast_icc,0.136685701515547,0.4844166745036165,2026-08-20
PI,159.73,0.0,4880456192.0,30554413.0,7.581,Technology,"Impinj, Inc.",2.09651,0.33970264868758093,forecast_icc,0.05157737745538614,0.047461342923780514,2026-08-20
PICS,10.05,0.0,1302354816.0,43135919.0,9.103142,Technology,PicS N.V.,7.52175,0.75,forecast_icc,0.4,0.30150953575273454,2026-08-20
PII,64.43,2.72,3666294016.0,56903524.0,14.701,Consumer Cyclical,Polaris Inc.,3.13694,0.08277812135393092,forecast_icc,0.07328928463284334,0.22817010929109294,2026-08-20
PIM,3.16,0.26,152262512.0,48184341.0,3.389,Financial Services,Putnam Master Intermediate Inco,0.22,0.01,trailing_eps_fallback_icc,0.071544551365052,1.0724683935925081,2026-08-20
PINE,19.63,1.21,369918816.0,17620712.0,19.168,Real Estate,"Alpine Income Property Trust, I",0.82305,0.01,forecast_icc,0.043122309535192804,0.9130484663315964,2026-08-20
PINS,23.23,0.0,13155450880.0,492198008.0,5.117,Communication Services,"Pinterest, Inc.",2.02941,0.18375291340833044,forecast_icc,0.11331008632152983,0.19144742585485597,2026-08-20
PIPR,72.86,0.8,5149037056.0,70670291.0,20.322,Financial Services,Piper Sandler Companies,4.632,0.19430051813471505,forecast_icc,0.1027342235344596,0.27891849254191886,2026-08-20
PJT,170.79,1.0,7275175936.0,25564818.0,12.196,Financial Services,PJT Partners Inc.,7.99383,0.13443993680125788,forecast_icc,0.06951794796806954,0.04285649214133314,2026-08-20
PK,15.82,1.0,3185172480.0,201338330.0,15.346,Real Estate,Park Hotels & Resorts Inc.,0.53,0.06603773584905648,forecast_icc,0.05049415283577899,0.970037896403023,2026-08-20
PKBK,34.15,0.8,401654208.0,11761470.0,29.397,Financial Services,"Parke Bancorp, Inc.",3.84,0.488,trailing_eps_fallback_icc,0.24165257533987006,0.86081989607837,2026-08-20
PKE,33.9,0.5,737366144.0,21751211.0,6.274,Industrials,Park Aerospace Corp.,0.67,0.17164179104477606,forecast_icc,0.047529403825695815,0.18507372344722137,2026-08-20
PKG,249.56,6.0,22235371520.0,89098299.0,52.642,Consumer Cyclical,Packaging Corporation of Americ,10.49928,0.2321216311975678,forecast_icc,0.09787740915859844,0.21093925288089813,2026-08-20
PKOH,45.29,0.5,656252544.0,14490010.0,27.926,Industrials,Park-Ohio Holdings Corp.,3.26333,0.12768245932835498,forecast_icc,0.09133619677244598,0.6166041152291518,2026-08-20
PKX,57.28,1.62,17326231552.0,302483116.0,32.27769,Basic Materials,POSCO Holdings Inc.,4.85851,0.18688857283405835,forecast_icc,0.12796913777831131,0.5635072011579475,2026-08-20
PL,22.17,0.0,7901444096.0,332908730.0,1.245,Industrials,Planet Labs PBC,0.00333,0.04,forecast_icc,0.010000000000000002,0.05245514159365129,2026-08-20
PLAB,30.52,0.0,1799571968.0,58963698.0,21.345,Technology,"Photronics, Inc.",1.86,0.08602150537634401,forecast_icc,0.0672243283724051,0.6993774943098024,2026-08-20
PLBC,61.63,1.32,428884160.0,6959016.0,39.079,Financial Services,Plumas Bancorp,5.76667,0.017341030438710714,forecast_icc,0.07094886326855801,0.6340905345256864,2026-08-20
PLBY,1.23,0.0,147363456.0,119807688.0,0.29,Consumer Cyclical,"Playboy, Inc.",0.04,0.04,forecast_icc,0.03497229341668329,0.23577235810756228,2026-08-20
PLD,140.68,4.28,136753807360.0,950333372.0,57.515,Real Estate,"Prologis, Inc.",3.33,0.022522522522522515,forecast_icc,0.02918263932935175,0.399684842021937,2026-08-20
PLGO,23.89,0.6,2042517504.0,85496757.0,26.841,Financial Services,Pelagos Insurance Capital Limit,2.98275,0.3078534909060431,forecast_icc,0.19374365635016677,1.1235244986360715,2026-08-20
PLMK,10.75,0.0,115051776.0,10702490.0,-0.287,Financial Services,Plum Acquisition Corp. IV,0.21,0.01,trailing_eps_fallback_icc,0.019778993249662313,,2026-08-20
PLMR,128.87,1.8,3415553792.0,26503871.0,37.459,Financial Services,"Palomar Holdings, Inc.",10.10191,0.12510604430251293,forecast_icc,0.09654648540227895,0.2906727764365422,2026-08-20
PLNT,53.12,0.0,4029110784.0,75216965.0,-6.094,Consumer Cyclical,"Planet Fitness, Inc.",3.26486,0.12086888871192025,forecast_icc,0.07660659054080565,,2026-08-20
PLOW,41.11,1.18,948697344.0,23077046.0,12.084,Consumer Cyclical,"Douglas Dynamics, Inc.",3.12,0.034455128205128194,forecast_icc,0.07108347627238454,0.2939430848285372,2026-08-20
PLPC,421.37,0.83,2059951872.0,4888701.0,101.326,Industrials,Preformed Line Products Company,13.27,0.07460437076111526,forecast_icc,0.04048574949255991,0.24046800522823086,2026-08-20
PLTK,2.35,0.4,896332672.0,381418186.0,-1.049,Communication Services,Playtika Holding Corp.,0.925,0.01,forecast_icc,0.23414651191265057,,2026-08-20
PLTR,173.96,0.0,418036056064.0,2300713329.0,4.068,Technology,Palantir Technologies Inc.,1.60272,0.4439452930018968,forecast_icc,0.052172843976073024,0.02238874299622404,2026-08-20
PLTS,17.5,0.0,316034432.0,11205435.0,0.299,Technology,Platinum Analytics Cayman Limit,0.01,0.04,trailing_eps_fallback_icc,0.010000000000000002,0.01060145580909361,2026-08-20
PLUN,10.03,0.0,141135504.0,11196337.0,0.034,Financial Services,Plutonian Acquisition Corp II,0.01,0.04,trailing_eps_fallback_icc,0.010000000000000002,0.002697233844150229,2026-08-20
PLUS,86.85,1.08,2265952768.0,26090418.0,41.04,Technology,ePlus inc.,5.475,0.08767123287671241,forecast_icc,0.07377989440240862,0.4725388674650433,2026-08-20
PLX,2.38,0.0,191760512.0,80571642.0,0.834,Healthcare,"Protalix BioTherapeutics, Inc. ",0.19,0.01,forecast_icc,0.05438756688623547,0.3504201606845939,2026-08-20
PLXS,241.91,0.0,6447409664.0,26652099.0,57.306,Technology,Plexus Corp.,8.69,0.15857307249712305,forecast_icc,0.0609384508987999,0.23688973787752785,2026-08-20
PM,191.52,5.88,298505633792.0,1558613439.0,-5.507,Consumer Defensive,Philip Morris International Inc,8.38096,0.09400116454439589,forecast_icc,0.06690178103441535,,2026-08-20
PML,7.34,0.47,,,8.099,Financial Services,,0.01,0.75,trailing_eps_fallback_icc,0.027846277036738143,,2026-08-20
PMM,6.28,0.4,268993728.0,42833397.0,6.701,Financial Services,Putnam Managed Municipal Income,0.55,0.04,trailing_eps_fallback_icc,0.09482034913294235,1.0670382370290805,2026-08-20
PMT,9.39,1.6,,,15.044,Real Estate,PennyMac Mortgage Investment Tr,1.06167,0.30612148784462234,forecast_icc,0.26020533037538407,,2026-08-20
PMTR,10.41,0.0,320893440.0,24788000.0,-0.273,Financial Services,Perimeter Acquisition Corp. I,0.27,0.342,trailing_eps_fallback_icc,0.08083429816051313,,2026-08-20
PMTS,27.51,0.0,317208704.0,11530669.0,-0.996,Financial Services,CPI Card Group Inc.,2.98,0.17114093959731558,forecast_icc,0.12376358159171186,,2026-08-20
PNBK,1.03,0.0,122304464.0,111475640.0,0.756,Financial Services,Patriot National Bancorp Inc.,1.01,0.04,forecast_icc,0.275340856256142,0.689063841856173,2026-08-20
PNC,241.62,8.0,96392773632.0,398943667.0,143.638,Financial Services,"PNC Financial Services Group, I",18.90073,0.13836555519284177,forecast_icc,0.11016409449288778,0.5944789041895842,2026-08-20
PNFP,101.99,2.0,15411978240.0,151112640.0,93.347,Financial Services,"Pinnacle Financial Partners, In",10.18295,0.12429305849483696,forecast_icc,0.1131749614005724,0.9152563925550936,2026-08-20
PNNT,3.68,0.48,240289632.0,65296094.0,6.727,Financial Services,PennantPark Investment Corporat,0.53328,0.044029402940294116,forecast_icc,0.16280777561671478,1.8279890841815432,2026-08-20
PNR,63.78,1.06,10179288064.0,159600000.0,23.486,Industrials,Pentair plc.,4.64697,0.11471130650725114,forecast_icc,0.09065501882049831,0.36823455397204485,2026-08-20
PNRG,213.97,0.0,338628928.0,1582600.0,137.636,Energy,PrimeEnergy Resources Corporati,13.97,0.01,forecast_icc,0.046875795288015554,0.643249042208231,2026-08-20
PNTG,39.0,0.0,1362233856.0,34929074.0,10.24,Healthcare,"The Pennant Group, Inc.",1.40143,0.13251464575469352,forecast_icc,0.055759305787229985,0.26256410834646,2026-08-20
PNW,99.38,3.64,12044580864.0,121197234.0,58.047,Utilities,Pinnacle West Capital Corporati,4.71,0.1976878980891721,forecast_icc,0.10299233384321896,0.584091378640272,2026-08-20
PODD,146.87,0.0,10186050560.0,69354199.0,20.507,Healthcare,Insulet Corporation,6.5029,0.1857571237447908,forecast_icc,0.07595272041380585,0.13962688978573068,2026-08-20
POLE,10.8699,0.0,320770752.0,23760000.0,-0.364,Financial Services,Andretti Acquisition Corp. II,0.26,0.01,trailing_eps_fallback_icc,0.02307413770852155,,2026-08-20
POOL,190.33,5.2,6916734464.0,36340747.0,34.672,Industrials,Pool Corporation,10.99832,0.07462867056059475,forecast_icc,0.07185689387754765,0.18216781149284264,2026-08-20
POR,50.17,2.15,5900380160.0,117607740.0,35.617,Utilities,Portland General Electric Co,3.39546,0.05571262803861643,forecast_icc,0.07926079849702675,0.7099262694931169,2026-08-20
POST,78.52,0.0,3558729216.0,45322586.0,70.023,Consumer Defensive,"Post Holdings, Inc.",7.65274,0.01,forecast_icc,0.06273702307623083,0.891785591668349,2026-08-20
POWI,54.84,0.86,3064091648.0,55873298.0,12.2,Technology,"Power Integrations, Inc.",1.39007,0.3475004855870567,forecast_icc,0.09285754760234913,0.22246535479607166,2026-08-20
POWL,197.4,0.36,7191788032.0,36432564.0,20.756,Industrials,"Powell Industries, Inc.",5.36154,0.28131842716831357,forecast_icc,0.07309641830074665,0.10514691131319484,2026-08-20
POWW,2.26,0.0,262194720.0,116015357.0,2.034,Industrials,Outdoor Holding Company,0.05,0.19999999999999996,forecast_icc,0.0498112400627162,0.8999999547588143,2026-08-20
PPC,31.24,0.0,7438510592.0,238108524.0,15.748,Consumer Defensive,Pilgrim's Pride Corporation,2.485,0.22046680080482894,forecast_icc,0.11743631464878054,0.5040972906571886,2026-08-20
PPCB,1.1,0.0,2506208.0,2278371.0,11.24,Healthcare,"Propanc Biopharma, Inc.",570.5,0.04,trailing_eps_fallback_icc,0.4,10.218182225896653,2026-08-20
PPG,112.44,2.96,24995411968.0,222300000.0,37.98,Basic Materials,"PPG Industries, Inc.",7.89675,0.09827840567321999,forecast_icc,0.08808268951322637,0.3377801498454582,2026-08-20
PPHC,10.11,0.24,305489120.0,30216533.0,3.711,Industrials,"Public Policy Holding Company, ",1.25833,0.10013271558335268,forecast_icc,0.12058478377400095,0.3670623489406104,2026-08-20
PPIH,26.89,0.0,218500416.0,8125713.0,11.355,Industrials,Perma-Pipe International Holdin,2.11,0.19431279620853092,forecast_icc,0.10948241836051442,0.4222759517080279,2026-08-20
PPL,35.2,1.14,26489579520.0,752544841.0,19.997,Utilities,PPL Corporation,1.94774,0.08691611816772271,forecast_icc,0.07577735933827248,0.568096566958153,2026-08-20
PPLI,37.62,0.0,2801332992.0,68674426.0,68.262,Communication Services,People Incorporated,8.81053,0.01,forecast_icc,0.11158642689118559,1.6734367820603602,2026-08-20
PPT,3.44,0.31,,,3.773,Financial Services,,0.31,0.592,trailing_eps_fallback_icc,0.3351360362766439,,2026-08-20
PR,23.87,0.63,19992487936.0,837557029.0,14.335,Energy,Permian Resources Corporation,2.18088,0.01,forecast_icc,0.06761570609089851,0.6005445669968567,2026-08-20
PRAA,18.63,0.0,701382336.0,37648006.0,27.77,Financial Services,"PRA Group, Inc.",3.4,0.01,forecast_icc,0.09548573202524901,1.4906065821138672,2026-08-20
PRCH,17.08,0.0,1938918912.0,113519836.0,-0.24,Financial Services,"Porch Group, Inc.",0.08,0.75,forecast_icc,0.061337315166489215,,2026-08-20
PRDO,32.48,0.68,2032502784.0,62577055.0,16.514,Consumer Defensive,Perdoceo Education Corporation,3.13,0.054313099041533475,forecast_icc,0.08739759675643877,0.5084359511853933,2026-08-20
PRG,38.2,0.56,1521568384.0,39831633.0,20.219,Industrials,"PROG Holdings, Inc.",4.9375,0.14177215189873427,forecast_icc,0.1336737594769316,0.5292931925345526,2026-08-20
PRGO,13.7,1.16,1895638528.0,138367770.0,18.138,Healthcare,Perrigo Company plc,2.18825,0.0960173654746943,forecast_icc,0.1683648922415154,1.3239415506646635,2026-08-20
PRGS,43.21,0.0,1772169216.0,41012942.0,12.25,Technology,Progress Software Corporation,6.12146,0.0176575522832787,forecast_icc,0.08536914054813949,0.283499191253303,2026-08-20
PRI,297.86,4.8,9167340544.0,30777350.0,81.654,Financial Services,"Primerica, Inc.",25.03,0.07835597283260087,forecast_icc,0.08665016158244632,0.2741355276198192,2026-08-20
PRIM,79.24,0.32,4299161088.0,54254935.0,29.841,Industrials,Primoris Services Corporation,2.14053,0.75,forecast_icc,0.16734229391089295,0.37659010262585446,2026-08-20
PRK,202.14,4.4,3651489280.0,18064161.0,95.58,Financial Services,Park National Corporation,12.985,0.018675394686176405,forecast_icc,0.05564100489458934,0.47284063459718,2026-08-20
PRKS,44.81,0.0,2031744128.0,45341309.0,-13.612,Consumer Cyclical,United Parks & Resorts Inc.,3.21,0.4198255451713395,forecast_icc,0.16224749353749435,,2026-08-20
PRLB,78.79,0.0,1884806144.0,23921897.0,28.916,Industrials,"Proto Labs, Inc.",2.214,0.07836495031616986,forecast_icc,0.03771567172404326,0.3670009119261445,2026-08-20
PRM,31.07,0.0,5085752832.0,163686923.0,6.241,Basic Materials,"Perimeter Solutions, SA",1.54588,0.18647631122726227,forecast_icc,0.08187545701575971,0.2008690001635927,2026-08-20
PRMB,23.1,0.48,8360900096.0,361943705.0,8.222,Consumer Defensive,Primo Brands Corporation,1.30752,0.14034966960352424,forecast_icc,0.08688488372716685,0.3559307141983101,2026-08-20
PROP,0.585,0.0,65986832.0,112798010.0,0.005,Energy,Prairie Operating Co.,0.51,0.01,forecast_icc,0.23476760316884449,0.00854700904568354,2026-08-20
PROV,17.9,0.56,112126224.0,6264035.0,20.15,Financial Services,"Provident Financial Holdings, I",1.22,0.040983606557376984,forecast_icc,0.06964556128328636,1.1256983491212544,2026-08-20
PRPO,29.43,0.0,52685232.0,1790188.0,7.943,Healthcare,"Precipio, Inc.",0.39,0.04,forecast_icc,0.01820683028819381,0.26989466961064157,2026-08-20
PRSU,48.02,0.0,1318113664.0,27449264.0,19.67,Consumer Cyclical,Pursuit Attractions and Hospita,1.7,0.11372352941176467,forecast_icc,0.05146204448488578,0.40962098916531675,2026-08-20
PRTA,9.03,0.0,463572864.0,51336974.0,5.544,Healthcare,Prothena Corporation plc,0.65,0.01,forecast_icc,0.05041183701084562,0.6139535032318026,2026-08-20
PRTH,5.59,0.0,460841664.0,82440372.0,-0.961,Technology,"Priority Technology Holdings, I",1.09,0.15825688073394484,forecast_icc,0.16382131716022885,,2026-08-20
PRU,120.59,5.6,41603547136.0,345000000.0,92.061,Financial Services,"Prudential Financial, Inc.",14.17383,0.04198371223585995,forecast_icc,0.10373838324090967,0.7634215634588721,2026-08-20
PRVA,21.2,0.0,2707965184.0,127734207.0,6.195,Healthcare,"Privia Health Group, Inc.",0.8758,0.21420415620004563,forecast_icc,0.07871784307191676,0.2922169816068802,2026-08-20
PS,40.23,0.49,16092000256.0,400000000.0,2.096,Financial Services,Pershing Square Inc.,0.51882,0.75,forecast_icc,0.13410315607733259,0.05210042174138031,2026-08-20
PSA,322.74,12.0,60270317568.0,186745748.0,27.561,Real Estate,Public Storage,10.31709,0.01,forecast_icc,0.033989428670102684,0.08539692120953253,2026-08-20
PSBD,10.24,1.44,313868480.0,30651221.0,,Financial Services,Palmer Square Capital BDC Inc.,1.50819,0.01,forecast_icc,0.14673203570054338,,2026-08-20
PSF,19.22,1.51,231181744.0,12028187.0,,Financial Services,Cohen & Steers Select Preferred,2.09,0.04,trailing_eps_fallback_icc,0.11368109082074651,,2026-08-20
PSFE,6.59,0.0,344099968.0,52215472.0,10.921,Technology,Paysafe Limited,2.00638,0.07613712257897287,forecast_icc,0.16792139094584735,1.6572078545267404,2026-08-20
PSHG,1.69,0.0,21010348.0,12432158.0,27.619,Industrials,Performance Shipping Inc.,1.29,0.01,forecast_icc,0.21872354125157634,16.34260278801665,2026-08-20
PSIX,36.3,0.0,837275840.0,23065450.0,8.059,Industrials,"Power Solutions International, ",2.86,0.1398601398601398,forecast_icc,0.09478895149778921,0.22201101795795275,2026-08-20
PSKY,10.29,0.2,11544821760.0,1090445692.0,10.5,Communication Services,Paramount Skydance Corporation,0.57007,0.508218288982055,forecast_icc,0.18437712610502743,0.9917589031708013,2026-08-20
PSMT,169.46,1.4,5229624832.0,30860524.0,46.26,Consumer Defensive,"PriceSmart, Inc.",5.56,0.15377697841726623,forecast_icc,0.05972917918465448,0.27298475246340576,2026-08-20
PSN,46.06,0.0,4919456256.0,106805394.0,24.639,Technology,Parsons Corporation,2.43134,0.40692375397928715,forecast_icc,0.13649568992970418,0.5349327173214323,2026-08-20
PSO,16.07,0.35,9668645888.0,601658086.0,7.341818,Communication Services,"Pearson, Plc",0.88048,0.11087134290387057,forecast_icc,0.0775865775049519,0.45686482024568986,2026-08-20
PSTL,22.85,0.98,861588544.0,30248873.0,10.566,Real Estate,"Postal Realty Trust, Inc.",0.645,0.01,forecast_icc,0.030616244026055492,0.3709538553451333,2026-08-20
PSUS,39.52,0.0,,,,Financial Services,"Pershing Square USA, Ltd.",2.03,0.75,forecast_icc,0.21405517728033774,,2026-08-20
PSX,240.0,5.08,96224403456.0,400935020.0,78.958,Energy,Phillips 66,25.13465,0.01,forecast_icc,0.07226737895726065,0.32899167126180867,2026-08-20
PTA,18.43,1.61,1018689792.0,55273457.0,,Financial Services,240905,2.38,0.04,trailing_eps_fallback_icc,0.12817819911287232,,2026-08-20
PTC,153.52,0.0,16657882112.0,108506261.0,31.339,Technology,PTC Inc.,8.18823,0.0854836759592732,forecast_icc,0.061298235009727836,0.20413625757558726,2026-08-20
PTCT,70.52,0.0,5885655552.0,83460802.0,-1.985,Healthcare,"PTC Therapeutics, Inc.",1.59667,0.5657587353679845,forecast_icc,0.11402930693354396,,2026-08-20
PTEN,12.18,0.4,4645267968.0,381384874.0,8.128,Energy,"Patterson-UTI Energy, Inc.",0.32612,0.04,forecast_icc,0.03595765718575507,0.6673234520002614,2026-08-20
PTGX,150.69,0.0,9750891520.0,64708285.0,13.012,Healthcare,"Protagonist Therapeutics, Inc.",4.74981,0.01,forecast_icc,0.028207498710073442,0.08634945868211238,2026-08-20
PTLO,4.77,0.0,345914112.0,72518678.0,6.622,Consumer Cyclical,Portillo's Inc.,0.19119,0.21486479418379623,forecast_icc,0.07738265855241966,1.388259886072529,2026-08-20
PTN,10.2,0.0,18148604.0,1779275.0,5.963,Healthcare,"Palatin Technologies, Inc.",0.11,0.04,trailing_eps_fallback_icc,0.015435116933390478,0.584607875349531,2026-08-20
PTON,5.58,0.0,2448904704.0,423035077.0,-0.318,Consumer Cyclical,"Peloton Interactive, Inc.",0.3134,0.09597957881301844,forecast_icc,0.06612927959258885,,2026-08-20
PTRN,20.04,0.0,3989996288.0,155696579.0,3.66,Technology,Pattern Group Inc. - Series A,0.62657,0.2546882231833636,forecast_icc,0.07355149368917246,0.14281955119954237,2026-08-20
PUBM,16.39,0.0,746565440.0,37303647.0,5.259,Technology,"PubMatic, Inc.",0.52,0.5615384615384615,forecast_icc,0.13496333118266224,0.26277653513267374,2026-08-20
PUK,27.57,0.53,34219534336.0,1241187366.0,3.973,Financial Services,Prudential Public Limited Compa,1.74954,0.13787052596682559,forecast_icc,0.09131689009122013,0.14410591788591895,2026-08-20
PUMP,11.33,0.0,1391595008.0,122823917.0,8.063,Energy,ProPetro Holding Corp.,0.0126,0.75,forecast_icc,0.02270508214416797,0.7116504709184758,2026-08-20
PVH,76.09,0.15,,,106.229,Consumer Cyclical,PVH Corp.,12.08067,0.04392885493933707,forecast_icc,0.10506360691246186,,2026-08-20
PW,7.8,0.0,2863536.0,367120.0,-11.535,Real Estate,Power REIT (MD),3.68,0.591,forecast_icc,0.4,,2026-08-20
PWCM,1.34,0.0,1252445.0,934661.0,18.47,Financial Services,"PowerCompute, Inc.",138.25,0.04,trailing_eps_fallback_icc,0.4,13.783590233503267,2026-08-20
PWP,15.97,0.28,1596870272.0,74019967.0,-2.192,Financial Services,Perella Weinberg Partners,1.0025,0.458852867830424,forecast_icc,0.17839809938580353,,2026-08-20
PWR,662.47,0.44,99597983744.0,150343393.0,64.136,Industrials,"Quanta Services, Inc.",16.72777,0.17417324604534867,forecast_icc,0.05052951363053598,0.09681344431863442,2026-08-20
PXED,28.13,0.84,1014012672.0,36047376.0,9.005,Consumer Defensive,"Phoenix Education Partners, Inc",4.46571,0.03199043377200961,forecast_icc,0.11003743452008752,0.32012087209892387,2026-08-20
PXS,5.16,0.0,52834240.0,10239194.0,9.457,Energy,Pyxis Tankers Inc.,0.97,,forecast_icc,0.010000000000000002,1.8327519740607607,2026-08-20
PYPL,62.3,0.56,53295210496.0,855460874.0,22.993,Financial Services,"PayPal Holdings, Inc.",5.38576,0.07570147945693817,forecast_icc,0.08448412980208742,0.36906903439959726,2026-08-20
PZZA,23.32,1.84,767733760.0,32921687.0,-13.763,Consumer Cyclical,"Papa John's International, Inc.",1.18177,0.12684363285580091,forecast_icc,0.09348080760368715,,2026-08-20
Q,133.52,0.32,27933526016.0,209208543.0,34.676,Technology,"Qnity Electronics, Inc.",4.59013,0.1675900246833968,forecast_icc,0.06191861264146803,0.25970639843006926,2026-08-20
QCOM,160.74,3.68,168814608384.0,1050000000.0,26.167,Technology,QUALCOMM Incorporated,10.52302,0.01,forecast_icc,0.05285284396690272,0.1627545759399106,2026-08-20
QCRH,101.08,0.4,1655247104.0,16375614.0,70.247,Financial Services,"QCR Holdings, Inc.",8.532,0.048757618377871514,forecast_icc,0.07269179729139508,0.6949643674821375,2026-08-20
QDEL,14.85,0.0,1018345088.0,68575427.0,25.987,Healthcare,QuidelOrtho Corporation,0.77936,0.75,forecast_icc,0.21601597161652342,1.749966335035732,2026-08-20
QETA,11.74,0.0,43998560.0,3747748.0,-1.363,Financial Services,Quetta Acquisition Corporation,0.23,0.04,trailing_eps_fallback_icc,0.0245296709992718,,2026-08-20
QFIN,11.45,1.54,1394059136.0,121751884.0,29.666697,Financial Services,"Qfin Holdings, Inc.",28.85664,0.08022763564988855,forecast_icc,0.4,2.590977784608951,2026-08-20
QGEN,44.9,0.35,9271625728.0,206495000.0,16.261,Healthcare,Qiagen N.V.,2.43378,0.07227029558957665,forecast_icc,0.0612059489114688,0.3621603474414967,2026-08-20
QLYS,182.21,0.0,6303555072.0,34595001.0,16.225,Technology,"Qualys, Inc.",7.78229,0.08131282694425424,forecast_icc,0.05156876786547909,0.08904560756806537,2026-08-20
QMCO,20.49,0.0,807510912.0,39410001.0,-13.585,Technology,Quantum Corporation,0.465,0.75,forecast_icc,0.14807584275720148,,2026-08-20
QNBC,43.87,1.56,217856528.0,4965957.0,36.934,Financial Services,QNB Corp. Common Stock,3.36,0.01,trailing_eps_fallback_icc,0.06292990676633231,0.8418965340253656,2026-08-20
QNST,20.37,0.0,1170162176.0,57445370.0,5.65,Communication Services,"QuinStreet, Inc.",1.59,0.17610062893081757,forecast_icc,0.10420927859342977,0.27736868201420994,2026-08-20
QRHC,1.39,0.0,29319070.0,21092856.0,1.256,Industrials,Quest Resource Holding Corporat,0.035,0.04,forecast_icc,0.029373636436222594,0.903597117371049,2026-08-20
QRVO,96.31,0.0,8496625152.0,88221633.0,39.356,Technology,"Qorvo, Inc.",7.55875,0.05352736894327781,forecast_icc,0.06952004433361267,0.40863878613389487,2026-08-20
QSEA,10.62,0.0,107628584.0,10134518.0,-0.381,Financial Services,Quartzsea Acquisition Corporati,0.17,0.04,trailing_eps_fallback_icc,0.021082125266682246,,2026-08-20
QSR,79.55,2.6,36442730496.0,348758065.0,11.025,Consumer Cyclical,Restaurant Brands International,4.04805,0.09246921357196669,forecast_icc,0.07381138766362827,0.1055095931147925,2026-08-20
QTEX,0.8508,0.0,47397020.0,55708771.0,0.065,Technology,QTREX Quantum Ltd.,0.1,,forecast_icc,0.010000000000000002,0.0763986874069298,2026-08-20
QTTB,15.86,0.0,472143712.0,29769466.0,4.462,Healthcare,Q32 Bio Inc.,3.14,0.04,trailing_eps_fallback_icc,0.11712135182361505,0.2813367072693324,2026-08-20
QTWO,63.82,0.0,3979476736.0,62354695.0,10.318,Technology,"Q2 Holdings, Inc.",2.83444,0.15836990728327294,forecast_icc,0.070101952370485,0.16167345248930737,2026-08-20
QUAD,10.21,0.4,526422752.0,38297540.0,2.421,Industrials,"Quad Graphics, Inc",1.31,0.11450381679389299,forecast_icc,0.13570079233855792,0.17612905974854215,2026-08-20
QUIK,11.34,0.0,207723168.0,18317741.0,1.706,Technology,QuickLogic Corporation,0.105,0.04,forecast_icc,0.013614041277940758,0.15044092792769267,2026-08-20
QUMS,10.315,0.0,117659592.0,11406650.0,-0.283,Financial Services,Quantumsphere Acquisition Corp.,0.17,0.04,trailing_eps_fallback_icc,0.0215552052583724,,2026-08-20
QXL,4.47,0.0,59613668.0,13336392.0,1.369,Technology,Quantum X Labs Inc.,0.35,0.04,trailing_eps_fallback_icc,0.0650616564149285,0.30626400388582026,2026-08-20
QXO,13.34,0.0,13840125952.0,1037490709.0,12.814,Industrials,"QXO, Inc.",0.28954,0.75,forecast_icc,0.14492484672679418,0.9605697225034907,2026-08-20
R,247.85,4.04,9504271360.0,38346868.0,75.078,Industrials,"Ryder System, Inc.",14.67291,0.20759822012129825,forecast_icc,0.10523979337020595,0.30291708292554476,2026-08-20
RA,12.54,1.42,692893888.0,55254696.0,,Financial Services,Brookfield Real Assets Income F,1.12,0.04,trailing_eps_fallback_icc,0.10892049983568286,,2026-08-20
RACE,428.37,4.23,75292377088.0,175764832.0,24.086552,Consumer Cyclical,Ferrari N.V.,9.86496,0.1105498653821202,forecast_icc,0.03992369716422861,0.05622838499030475,2026-08-20
RAIL,7.22,0.0,236753040.0,32791280.0,1.105,Industrials,"Freightcar America, Inc.",0.40667,0.75,forecast_icc,0.22255241674778026,0.15304709244704945,2026-08-20
RAL,63.93,0.2,7073216000.0,110640008.0,13.869,Technology,Ralliant Corporation,2.85803,0.15774502017123693,forecast_icc,0.07161649376790036,0.2169403947160669,2026-08-20
RAMP,37.65,0.0,2288931328.0,60794982.0,16.078,Technology,"LiveRamp Holdings, Inc.",2.95,0.08700677966101678,forecast_icc,0.07950772078479573,0.4270384649110801,2026-08-20
RANG,10.79,0.0,72271104.0,6697971.0,0.013,Financial Services,Range Capital Acquisition Corp.,0.23,0.04,trailing_eps_fallback_icc,0.02608785066629364,0.001204819328621298,2026-08-20
RARE,25.32,0.0,2496270336.0,98588873.0,-2.96,Healthcare,Ultragenyx Pharmaceutical Inc.,0.66562,0.04,forecast_icc,0.03026925112874379,,2026-08-20
RAVE,3.1,0.0,44055856.0,14211566.0,1.157,Consumer Cyclical,"Rave Restaurant Group, Inc.",0.21,0.131,trailing_eps_fallback_icc,0.08415673397934964,0.37322579459130245,2026-08-20
RAY,2.82,0.0,16566775.0,5874743.0,6.0600057,Consumer Defensive,Raytech Holding Limited,0.92,0.335,trailing_eps_fallback_icc,0.28327198584744384,2.148938225214932,2026-08-20
RBA,87.39,1.32,16184628224.0,185200000.0,30.16,Industrials,"RB Global, Inc.",4.35058,0.11280335035788336,forecast_icc,0.0708247023416326,0.3451195741226314,2026-08-20
RBB,26.59,0.64,449795488.0,16915964.0,31.455,Financial Services,RBB Bancorp,2.386,0.05196982397317673,forecast_icc,0.0840270012139116,1.1829635063391297,2026-08-20
RBBN,2.0,0.0,357646720.0,178823352.0,2.196,Technology,Ribbon Communications Inc.,0.06,0.75,forecast_icc,0.1688228409772533,1.097999950878901,2026-08-20
RBC,504.61,0.0,15975570432.0,31659245.0,109.663,Industrials,RBC Bearings Incorporated,14.64337,0.13806657893640595,forecast_icc,0.04892185100521708,0.21732230465340294,2026-08-20
RBCAA,94.34,1.98,1852285824.0,17497409.0,58.916,Financial Services,"Republic Bancorp, Inc.",6.97,0.01,forecast_icc,0.05697813956389319,0.5565433451398049,2026-08-20
RBKB,12.69,0.0,198420400.0,15635966.0,9.156,Financial Services,"Rhinebeck Bancorp, Inc.",0.9,0.01,trailing_eps_fallback_icc,0.04986102190657156,0.7215130334179349,2026-08-20
RBNE,2.91,0.0,1694484.0,582297.0,89.299,Energy,Robin Energy Ltd.,0.16,0.04,trailing_eps_fallback_icc,0.0507068258156157,30.686946470429938,2026-08-20
RBRK,97.52,0.0,20072400896.0,160956763.0,-2.339,Technology,"Rubrik, Inc.",0.31475,0.75,forecast_icc,0.04773603610369015,,2026-08-20
RCBC,48.775,0.19,682600064.0,13994875.0,40.578,Financial Services,RIVER CITY BANK,4.69,0.3,trailing_eps_fallback_icc,0.1554710493744501,0.8319425498178682,2026-08-20
RCG,2.851,0.02,,,2.827,Financial Services,,0.11,0.01,trailing_eps_fallback_icc,0.03359562772305347,,2026-08-20
RCI,36.35,1.42,19637188608.0,429076558.0,21.790506,Communication Services,"Rogers Communication, Inc.",4.76553,0.019636850465740485,forecast_icc,0.09577997751952216,0.4761269802006857,2026-08-20
RCKY,46.38,0.68,347474848.0,7491911.0,35.208,Consumer Cyclical,"Rocky Brands, Inc.",4.945,0.01,forecast_icc,0.07108692240337341,0.7591202759170643,2026-08-20
RCL,287.62,5.0,76924567552.0,267452084.0,38.273,Consumer Cyclical,Royal Caribbean Cruises Ltd.,17.79981,0.13949868004209032,forecast_icc,0.08956951569856908,0.13306793832818714,2026-08-20
RCMT,41.03,0.0,291754432.0,7110759.0,6.304,Industrials,"RCM Technologies, Inc.",2.955,0.10490693739424706,forecast_icc,0.08029166171203139,0.153643680504569,2026-08-20
RDAC,6.65,0.0,39574352.0,5951030.0,-0.93,Financial Services,Rising Dragon Acquisition Corp.,0.15,0.01,trailing_eps_fallback_icc,0.022079288408850428,,2026-08-20
RDCM,10.19,0.0,170564048.0,16738377.0,7.112,Communication Services,Radcom Ltd.,0.355,0.323943661971831,forecast_icc,0.0926352168515015,0.6979392118085753,2026-08-20
RDDT,150.31,0.0,28919119872.0,146103200.0,17.084,Communication Services,"Reddit, Inc.",5.39385,0.30184932840179113,forecast_icc,0.08973939640374745,0.08631061663867222,2026-08-20
RDHL,0.625,0.0,3800575.0,6080920.0,0.838,Healthcare,Redhill Biopharma Ltd.,0.03,0.04,forecast_icc,0.045892439333984014,1.3408,2026-08-20
RDN,36.66,1.02,4850166272.0,132301318.0,36.003,Financial Services,Radian Group Inc.,4.9176,0.06832601268911653,forecast_icc,0.11487665074936249,0.9820785690280766,2026-08-20
RDNT,77.05,0.0,6063662592.0,78697757.0,13.757,Healthcare,"RadNet, Inc.",0.51429,0.7240661883373192,forecast_icc,0.07338399581988042,0.17854638621835112,2026-08-20
RDNW,5.97,0.0,232896192.0,38961088.0,-0.228,Consumer Cyclical,"RideNow Group, Inc.",0.15,0.75,forecast_icc,0.15543725250113838,,2026-08-20
RDVT,70.53,0.0,1131793152.0,16046975.0,7.407,Technology,"Red Violet, Inc.",1.635,0.051987767584097844,forecast_icc,0.02948549137581369,0.10501914030400496,2026-08-20
RDWR,26.98,0.0,1135385472.0,42082490.0,7.615,Technology,Radware Ltd.,1.21667,0.12054213550099857,forecast_icc,0.06242498055455942,0.2822461351258157,2026-08-20
RDY,12.11,0.08,10087630848.0,833000073.0,0.8057629,Healthcare,Dr. Reddy's Laboratories Ltd,43.85,0.41573546180159626,forecast_icc,0.4,0.06653698619966507,2026-08-20
RDZN,1.55,0.0,132005848.0,85165063.0,-0.372,Technology,"Roadzen, Inc.",0.1,0.04,forecast_icc,0.05686335490444783,,2026-08-20
REAL,11.65,0.0,1417468416.0,121671115.0,-3.105,Consumer Cyclical,"The RealReal, Inc.",0.09927,0.75,forecast_icc,0.08846404395593688,,2026-08-20
RECT,1.2808,0.1,19830306.0,15482750.0,1.5086282,Consumer Cyclical,Rectitude Holdings Ltd,0.2,0.01,trailing_eps_fallback_icc,0.11632683464562732,1.1778796183755307,2026-08-20
REF,14.51,0.0,857195776.0,59076208.0,9.125,Consumer Cyclical,Reformation Inc.,0.1,0.04,trailing_eps_fallback_icc,0.010596571417830703,0.6288766383281852,2026-08-20
REFI,10.61,1.88,271840352.0,25621146.0,14.152,Real Estate,Chicago Atlantic Real Estate Fi,1.325,0.36352452830188686,forecast_icc,0.3038530321661784,1.3338360384112509,2026-08-20
REG,76.51,3.02,14304212992.0,183120547.0,36.397,Real Estate,Regency Centers Corporation,2.47431,0.018821408796795946,forecast_icc,0.03680878270624832,0.4659493362470619,2026-08-20
REGN,826.64,3.76,85106712576.0,101137842.0,316.111,Healthcare,"Regeneron Pharmaceuticals, Inc.",53.54745,0.01,forecast_icc,0.04767605026826682,0.3756552615507525,2026-08-20
REI,1.49,0.0,388204000.0,260539607.0,2.892,Energy,"Ring Energy, Inc.",0.26,0.01,forecast_icc,0.09278828311854925,1.9409396694624477,2026-08-20
RELL,17.51,0.24,257265552.0,12656822.0,11.194,Technology,"Richardson Electronics, Ltd.",0.505,0.4653465346534653,forecast_icc,0.12377463383357623,0.5507168152384428,2026-08-20
RELX,35.38,0.91,61653688320.0,1742614098.0,0.238596,Industrials,RELX PLC PLC,1.91676,0.1270998977441098,forecast_icc,0.08343386762266661,0.006743809894525513,2026-08-20
RELY,24.71,0.0,5230712832.0,211684054.0,5.324,Technology,"Remitly Global, Inc.",1.84936,0.01,forecast_icc,0.05188096334930074,0.2154593340703587,2026-08-20
RENT,3.66,0.0,122926328.0,33586429.0,-1.593,Consumer Cyclical,"Rent the Runway, Inc.",7.57,0.04,trailing_eps_fallback_icc,0.39694446889106516,,2026-08-20
REPX,37.97,1.6,823795200.0,21695947.0,28.564,Energy,"Riley Exploration Permian, Inc.",6.53,0.20888208269525266,forecast_icc,0.19619337933649483,0.7522780299132601,2026-08-20
RERE,4.08,0.1,903682688.0,132812930.0,2.422037,Consumer Cyclical,ATRenew Inc.,2.80103,0.45080916662799053,forecast_icc,0.4,0.3559632543701114,2026-08-20
RES,6.36,0.16,1409738624.0,221657012.0,5.089,Energy,"RPC, Inc.",0.27667,0.01,forecast_icc,0.0397836716271428,0.800157216993439,2026-08-20
REVB,1.07,0.0,4262255.0,3983416.0,2.576,Healthcare,"Revelation Biosciences, Inc.",27.03,0.04,trailing_eps_fallback_icc,0.4,2.407476703294383,2026-08-20
REX,44.39,0.0,1462105344.0,32937718.0,19.104,Basic Materials,REX American Resources Corporat,2.27,0.75,forecast_icc,0.2136494626765656,0.4303671874630669,2026-08-20
REXR,37.05,1.74,8470906880.0,222988124.0,33.216,Real Estate,"Rexford Industrial Realty, Inc.",0.98361,0.01,forecast_icc,0.029067917281832112,0.8743778714262056,2026-08-20
REYN,25.5,0.92,5375170048.0,210790982.0,10.958,Consumer Cyclical,Reynolds Consumer Products Inc.,1.61158,0.04185954156790239,forecast_icc,0.06845812771778145,0.42972548963645363,2026-08-20
REZI,20.03,0.0,3041502976.0,151847378.0,16.659,Industrials,"Resideo Technologies, Inc.",2.33,0.01,forecast_icc,0.07093479581143314,0.8317024477907332,2026-08-20
RF,30.22,1.1,25745309696.0,851929506.0,20.488,Financial Services,Regions Financial Corporation,2.62923,0.08116064399082612,forecast_icc,0.09824358694596336,0.6779616141747111,2026-08-20
RFAI,12.73,0.0,106216128.0,8343765.0,-0.636,Financial Services,RF Acquisition Corp II,0.12,0.01,trailing_eps_fallback_icc,0.010884620210842466,,2026-08-20
RFI,11.52,0.96,,,11.092,Financial Services,,0.42,0.04,trailing_eps_fallback_icc,0.04724685918720917,,2026-08-20
RFIL,11.25,0.0,122037312.0,10847761.0,3.399,Industrials,"RF Industries, Ltd.",0.675,0.3037037037037036,forecast_icc,0.12048669191348912,0.30213333147652416,2026-08-20
RFM,14.49,1.06,88601984.0,6114699.0,,Financial Services,RiverNorth Flexible Municipal I,0.09,0.04,trailing_eps_fallback_icc,0.01018565097337763,,2026-08-20
RFMZ,13.09,0.96,318764480.0,24351756.0,,Financial Services,"RiverNorth Flexible Municipal Income Fund II, Inc.",0.06,0.04,trailing_eps_fallback_icc,0.010000000000000002,,2026-08-20
RGA,242.55,3.92,15838918656.0,65301665.0,209.735,Financial Services,"Reinsurance Group of America, I",28.42226,0.040926724335081044,forecast_icc,0.09095728190955724,0.8647083179246426,2026-08-20
RGCO,22.07,0.86,229959600.0,10419556.0,10.984,Utilities,RGC Resources Inc.,1.37,0.021897810218977964,forecast_icc,0.06111928251757115,0.49768917281122427,2026-08-20
RGEN,180.29,0.0,10174777344.0,56435621.0,37.429,Healthcare,Repligen Corporation,2.06415,0.27851658067485396,forecast_icc,0.03946320650300139,0.2076044307401603,2026-08-20
RGLD,252.36,1.9,21381920768.0,84727857.0,87.456,Basic Materials,"Royal Gold, Inc.",10.52478,0.22695866326897107,forecast_icc,0.08604144472338782,0.3465525638314815,2026-08-20
RGR,37.97,0.84,606694400.0,15978256.0,18.137,Industrials,"Sturm, Ruger & Company, Inc.",1.595,0.2695924764890283,forecast_icc,0.10605887603688258,0.47766656338347613,2026-08-20
RGS,26.53,0.0,,,75.817,Consumer Cyclical,Regis Corporation,3.04,0.75,forecast_icc,0.2963235557485483,,2026-08-20
RGT,15.27,0.19,100214768.0,6562853.0,,Financial Services,,2.9,0.04,trailing_eps_fallback_icc,0.11892296998482366,,2026-08-20
RH,156.41,0.0,2960250112.0,18926221.0,3.012,Consumer Cyclical,RH,4.76157,0.75,forecast_icc,0.1699617555798728,0.019257081494876066,2026-08-20
RHI,43.88,2.36,4491636736.0,102361828.0,12.004,Industrials,Robert Half Inc.,1.27389,0.5499140428137439,forecast_icc,0.16373375596794515,0.2735642830293211,2026-08-20
RHLD,124.61,0.0,1028959872.0,8257442.0,-4.023,Industrials,Resolute Holdings Management,5.64,0.04,trailing_eps_fallback_icc,0.04392380799601259,,2026-08-20
RHP,128.64,4.8,8874138624.0,68984288.0,11.996,Real Estate,"Ryman Hospitality Properties, I",4.38,0.07990867579908678,forecast_icc,0.05485199704403321,0.09325248949908674,2026-08-20
RIBB,10.84,0.0,54345756.0,3763446.0,-0.071,Financial Services,Ribbon Acquisition Corp,0.07,0.04,trailing_eps_fallback_icc,0.01001501081763954,,2026-08-20
RICK,30.79,0.32,235374160.0,7644500.0,30.709,Consumer Cyclical,"RCI Hospitality Holdings, Inc.",4.18,0.75,forecast_icc,0.32854770471218797,0.9973692545519866,2026-08-20
RIG,6.01,0.0,6712450048.0,1116880085.0,7.493,Energy,Transocean Ltd (Switzerland),0.1729,0.6599190283400809,forecast_icc,0.14776678077001215,1.2467552707373235,2026-08-20
RIGL,45.25,0.0,845263872.0,18679864.0,22.806,Healthcare,"Rigel Pharmaceuticals, Inc.",3.54272,0.3941717098726403,forecast_icc,0.1625682965179901,0.5039999844971489,2026-08-20
RILY,6.93,0.0,278584288.0,40199755.0,2.2,Financial Services,"BRC Group Holdings, Inc.",12.22,0.01,trailing_eps_fallback_icc,0.3385262789355806,0.31746033358492926,2026-08-20
RIO,102.17,4.65,166220726272.0,1255153315.0,40.264,Basic Materials,Rio Tinto Plc,8.72055,0.014861447959130913,forecast_icc,0.07380400645588059,0.30403845662701257,2026-08-20
RITM,10.16,1.0,5673415680.0,558407031.0,12.328,Real Estate,Rithm Capital Corp.,2.29335,0.024898074868641817,forecast_icc,0.16150600229833378,1.2133857743644123,2026-08-20
RIV,10.99,1.57,300810176.0,27371263.0,,Financial Services,"RiverNorth Opportunities Fund, ",2.31,0.04,trailing_eps_fallback_icc,0.1922188873988594,,2026-08-20
RJET,18.56,0.0,868969920.0,46819500.0,30.208,Industrials,Republic Airways Holdings Inc.,1.51,0.01,trailing_eps_fallback_icc,0.05514052459782859,1.6275862068965516,2026-08-20
RJF,172.35,2.16,33108436992.0,192100000.0,66.098,Financial Services,"Raymond James Financial, Inc.",12.12372,0.16972183455243117,forecast_icc,0.10263780001151568,0.383510275736305,2026-08-20
RKLB,72.95,0.0,46645030912.0,598459739.0,3.933,Industrials,Rocket Lab Corporation,0.05,0.04,forecast_icc,0.010000000000000002,0.05046072662975707,2026-08-20
RKT,14.06,0.0,39812894720.0,1906422676.0,8.318,Financial Services,"Rocket Companies, Inc.",0.61805,0.4034139632715801,forecast_icc,0.12335152519309645,0.3983037136709862,2026-08-20
RL,372.52,3.74,22195574784.0,37700963.0,45.664,Consumer Cyclical,Ralph Lauren Corporation,18.89766,0.10672326626682893,forecast_icc,0.06806116153815728,0.07756396449228355,2026-08-20
RLGT,8.65,0.0,405093888.0,46831666.0,5.185,Industrials,"Radiant Logistics, Inc.",0.39,0.16666666666666674,forecast_icc,0.07262100948559469,0.5994219992033056,2026-08-20
RLI,65.1,0.72,5974419968.0,91772970.0,,Financial Services,RLI Corp.,2.84375,0.01,forecast_icc,0.03717785567348575,,2026-08-20
RLJ,11.48,0.6,1758125184.0,152375872.0,11.863,Real Estate,RLJ Lodging Trust,0.01828,0.01,forecast_icc,0.010000000000000002,1.0281605576136268,2026-08-20
RLTY,15.6,1.32,260869536.0,16722406.0,,Financial Services,Cohen & Steers Real Estate Oppo,1.08,0.04,trailing_eps_fallback_icc,0.08609331877219539,,2026-08-20
RLX,1.81,0.1,2212280832.0,913539574.0,1.9028686,Consumer Defensive,RLX Technology Inc.,0.92905,0.19324040686722976,forecast_icc,0.30836050634012546,0.7857708411505941,2026-08-20
RLYB,16.6,0.0,88154288.0,5310499.0,9.504,Healthcare,Rallybio Corporation,7.99,0.04,trailing_eps_fallback_icc,0.1915687552541977,0.5725300906065964,2026-08-20
RM,33.33,1.2,307495744.0,9225794.0,40.507,Financial Services,Regional Management Corp.,4.95333,0.17631371218957748,forecast_icc,0.1681610437647164,1.215331414661791,2026-08-20
RMAX,14.17,0.0,780910912.0,21317742.0,20.824,Real Estate,"RE/MAX Holdings, Inc.",1.29267,0.10414877733682992,forecast_icc,0.09274629834690085,0.5684651764835372,2026-08-20
RMBI,15.9,0.6,254998512.0,16037643.0,15.297,Financial Services,"Richmond Mutual Bancorporation,",1.22,0.01,trailing_eps_fallback_icc,0.06372401111413362,0.9620755158406572,2026-08-20
RMBS,92.15,0.0,9994736640.0,108461603.0,13.522,Technology,"Rambus, Inc.",3.0325,0.2190173124484749,forecast_icc,0.06903038095565373,0.14673901360206326,2026-08-20
RMCF,1.2,0.0,11327505.0,9439587.0,0.441,Consumer Defensive,Rocky Mountain Chocolate Factor,0.96,0.04,forecast_icc,0.2486832090780885,0.36749998053410704,2026-08-20
RMD,228.44,2.64,32952995840.0,144252306.0,45.509,Healthcare,ResMed Inc.,12.08573,0.09364349526259486,forecast_icc,0.0671356453512412,0.19921643014275936,2026-08-20
RMI,15.22,1.07,97020488.0,6374539.0,,Financial Services,RiverNorth Opportunistic Munici,0.12,0.04,trailing_eps_fallback_icc,0.012655148672165321,,2026-08-20
RMIX,17.68,0.0,1726141568.0,49339225.0,-0.501,Basic Materials,"Suncrete, Inc.",0.17667,0.75,forecast_icc,0.09683359498889088,,2026-08-20
RMM,14.34,1.02,283066272.0,19739628.0,,Financial Services,RiverNorth Managed Duration Mun,0.19,0.04,trailing_eps_fallback_icc,0.020009474019120177,,2026-08-20
RMMZ,14.61,1.07,123527544.0,8455000.0,,Financial Services,RiverNorth Managed Duration Mun,0.08,0.04,trailing_eps_fallback_icc,0.010000000000000002,,2026-08-20
RMNI,5.1,0.0,476115584.0,93356000.0,-0.179,Technology,"Rimini Street, Inc.",0.35,0.37142857142857144,forecast_icc,0.14665746609379238,,2026-08-20
RMR,19.81,1.8,338359264.0,16080226.0,13.116,Real Estate,The RMR Group Inc.,0.63,0.22222222222222232,forecast_icc,0.08687261132610169,0.6233263476303105,2026-08-20
RMT,14.05,0.82,761390656.0,54191506.0,11.795,Financial Services,"Royce Micro-Cap Trust, Inc.",1.66,0.75,trailing_eps_fallback_icc,0.3741162705672686,0.8395017829979778,2026-08-20
RMTI,7.64,0.0,30792752.0,4030465.0,9.085,Healthcare,"Rockwell Medical, Inc.",0.07,0.04,forecast_icc,0.013495200078434265,1.1891361488248926,2026-08-20
RNG,65.58,0.28,5476334080.0,73736624.0,-7.287,Technology,"Ringcentral, Inc.",5.0714,0.08428047481957646,forecast_icc,0.07962629082439887,,2026-08-20
RNGR,17.4,0.24,407195200.0,23402023.0,12.889,Energy,"Ranger Energy Services, Inc.",1.17,0.10256410256410264,forecast_icc,0.08171643166468912,0.7407471268006105,2026-08-20
RNP,20.35,1.63,976801664.0,48000079.0,20.626,Financial Services,Cohen & Steers Reit and Preferr,1.2,0.01,trailing_eps_fallback_icc,0.060618896278835724,1.0135625950919758,2026-08-20
RNR,322.15,1.64,13385942016.0,41551893.0,264.766,Financial Services,RenaissanceRe Holdings Ltd.,43.39141,0.01,forecast_icc,0.07986534295367498,0.8218718181274094,2026-08-20
RNST,41.83,0.96,3823448832.0,91404465.0,42.355,Financial Services,Renasant Corporation,3.78429,0.03812604213736259,forecast_icc,0.07875224862549313,1.012550784692965,2026-08-20
RNW,6.82,0.0,2486307072.0,246197388.0,3.7469025,Utilities,ReNew Energy Global plc,27.16522,0.75,forecast_icc,0.4,0.37102320102746744,2026-08-20
ROAD,113.19,0.0,6424161280.0,48206437.0,17.33,Industrials,"Construction Partners, Inc.",3.10833,0.24986729208288683,forecast_icc,0.06681085830762912,0.1300430541510315,2026-08-20
ROCK,46.39,0.0,1376016512.0,29661919.0,29.69,Industrials,"Gibraltar Industries, Inc.",3.855,0.24773022049286642,forecast_icc,0.12776115999054027,0.6400085808781342,2026-08-20
ROG,126.54,0.0,2261059328.0,17868335.0,67.302,Technology,Rogers Corporation,3.75,0.18666666666666676,forecast_icc,0.0585068732851666,0.5318633913218574,2026-08-20
ROK,431.45,5.52,48009146368.0,111273953.0,31.464,Industrials,"Rockwell Automation, Inc.",13.21695,0.12149701708790595,forecast_icc,0.052337559737446804,0.07292618015648863,2026-08-20
ROKU,157.12,0.0,23319588864.0,132050905.0,19.027,Communication Services,"Roku, Inc.",2.99,0.3120401337792642,forecast_icc,0.0617988082631057,0.10774343338933233,2026-08-20
ROL,36.38,0.73,17504069632.0,481145404.0,2.971,Consumer Cyclical,"Rollins, Inc.",1.17035,0.11115478275729496,forecast_icc,0.054725174205965676,0.08166575118455288,2026-08-20
ROLR,6.09,0.0,67168520.0,11029313.0,1.345,Consumer Cyclical,"High Roller Technologies, Inc.",0.15,0.04,trailing_eps_fallback_icc,0.028922418584319654,0.2208538461916386,2026-08-20
ROOT,57.41,0.0,889467584.0,13687016.0,20.758,Financial Services,"Root, Inc.",4.74,0.01,forecast_icc,0.05573143453800429,0.3194215092699769,2026-08-20
ROP,410.45,3.64,40593862656.0,98900874.0,189.083,Technology,"Roper Technologies, Inc.",22.21842,0.09334552141871488,forecast_icc,0.06705141589981495,0.4606724449213745,2026-08-20
ROST,228.99,1.78,73455665152.0,320781076.0,19.64,Consumer Cyclical,"Ross Stores, Inc.",7.83765,0.101562330545508,forecast_icc,0.05039045681430557,0.08576792980641146,2026-08-20
RPAY,3.86,0.0,340391744.0,82898508.0,6.901,Technology,Repay Holdings Corporation,0.96636,0.20503746015977486,forecast_icc,0.20405393111678738,1.6806594572046962,2026-08-20
RPC,8.63,0.16,951357760.0,78989717.0,3.334,Financial Services,"Ridgepost Capital, Inc.",1.00249,0.16002154634958954,forecast_icc,0.13450931283040213,0.2768167008781218,2026-08-20
RPD,11.845,0.0,798360576.0,67400640.0,2.922,Technology,"Rapid7, Inc.",1.83,0.1092896174863387,forecast_icc,0.12792154162209124,0.24668636703824415,2026-08-20
RPGL,2.46,0.0,39723808.0,16117920.0,306.39362,Technology,Republic Power Group Limited,21.26,0.04,trailing_eps_fallback_icc,0.4,124.31909487807411,2026-08-20
RPM,110.31,2.16,14080299008.0,127643000.0,25.944,Basic Materials,RPM International Inc.,6.01186,0.12380527823335874,forecast_icc,0.07990567826726791,0.2351917377690961,2026-08-20
RPRX,60.58,0.94,35005272064.0,445277344.0,15.329,Healthcare,Royalty Pharma plc,5.32994,0.07633857041542691,forecast_icc,0.08817049129332957,0.1949893831333943,2026-08-20
RPT,13.15,1.44,102209216.0,7772564.0,30.835,Real Estate,Rithm Property Trust Inc.,0.215,0.75,forecast_icc,0.15616675693304216,2.344866933917192,2026-08-20
RQI,12.34,1.08,1668140160.0,135181538.0,12.087,Financial Services,,0.35,0.04,trailing_eps_fallback_icc,0.03766011194837582,0.9794975799911202,2026-08-20
RR,1.6,0.0,357753568.0,183661127.0,1.691,Industrials,Richtech Robotics Inc.,0.07,0.04,trailing_eps_fallback_icc,0.04281650763443168,0.868114237108042,2026-08-20
RRBI,100.81,0.8,663743680.0,6584106.0,58.401,Financial Services,"Red River Bancshares, Inc.",7.29667,0.05390541164668283,forecast_icc,0.06851179323088907,0.5793175680497629,2026-08-20
RRC,40.67,0.4,9503746048.0,233679515.0,20.152,Energy,Range Resources Corporation,4.12059,0.01,forecast_icc,0.0672549637121232,0.4955003598050688,2026-08-20
RRGB,9.42,0.0,178073344.0,18903752.0,-5.843,Consumer Cyclical,"Red Robin Gourmet Burgers, Inc.",0.28,0.01,forecast_icc,0.027052247148907235,,2026-08-20
RRR,61.09,1.04,6230430208.0,59130385.0,2.954,Consumer Cyclical,"Red Rock Resorts, Inc.",2.03601,0.26377571819391843,forecast_icc,0.08901710056734158,0.028035167951278656,2026-08-20
RRX,165.85,1.4,11040564224.0,66569573.0,103.836,Industrials,Regal Rexnord Corporation,10.63694,0.23207802243878417,forecast_icc,0.11184644880659078,0.6260837799396148,2026-08-20
RS,380.31,5.0,19416557568.0,51054555.0,144.977,Basic Materials,"Reliance, Inc.",23.05479,0.01,forecast_icc,0.04746360063904287,0.38120744083048164,2026-08-20
RSF,14.49,1.65,61612376.0,4039779.0,,Financial Services,RiverNorth Specialty Finance Co,1.9,0.01,forecast_icc,0.12444554159147969,,2026-08-20
RSG,219.5,2.68,67213750272.0,306212978.0,38.896,Industrials,"Republic Services, Inc.",7.27639,0.10728534341892071,forecast_icc,0.051998563572483,0.17720272926430763,2026-08-20
RSI,25.61,0.0,6255166464.0,115626347.0,1.603,Consumer Cyclical,"Rush Street Interactive, Inc.",0.62,0.35608064516129034,forecast_icc,0.07997877941410372,0.029631351189089633,2026-08-20
RSKD,5.95,0.0,785624512.0,91847753.0,1.89,Technology,Riskified Ltd.,0.25,0.56,forecast_icc,0.15465482896464622,0.22096084136692515,2026-08-20
RSSS,2.2,0.0,73584568.0,33447532.0,0.594,Technology,"Research Solutions, Inc",0.13,0.17946153846153834,forecast_icc,0.08920620654776201,0.27000000880619424,2026-08-20
RSVR,9.77,0.0,644143424.0,65930743.0,5.758,Communication Services,"Reservoir Media, Inc..",0.72,0.05555555555555558,forecast_icc,0.06725399018255782,0.5893551095136229,2026-08-20
RTAC,10.45,0.0,398903424.0,24150000.0,-0.33,Financial Services,Renatus Tactical Acquisition Co,0.29,0.75,trailing_eps_fallback_icc,0.16285137170716057,,2026-08-20
RTO,23.34,0.64,11745807360.0,503247977.0,10.92,Industrials,Rentokil Initial plc,1.40439,0.10399532893284635,forecast_icc,0.0826257333255268,0.4678663407638247,2026-08-20
RTX,212.29,2.92,286115561472.0,1347758144.0,49.25,Industrials,RTX Corporation,7.24276,0.08465005053322217,forecast_icc,0.048669111055002934,0.23199398260795343,2026-08-20
RUN,9.36,0.0,2232821248.0,238549287.0,14.185,Technology,Sunrun Inc.,1.43188,0.01,forecast_icc,0.08520520023186348,1.5154915061498915,2026-08-20
RUSHA,77.11,0.56,8358087680.0,91714400.0,30.0,Consumer Cyclical,"Rush Enterprises, Inc.",3.73333,0.229634133601905,forecast_icc,0.09435753290112756,0.32919396222462216,2026-08-20
RUSHB,77.57,0.56,9054778368.0,25016016.0,30.0,Consumer Cyclical,"Rush Enterprises, Inc.",3.32,0.011,trailing_eps_fallback_icc,0.036316439688554567,0.08288225835015822,2026-08-20
RVLV,24.15,0.0,1716712960.0,41061483.0,7.571,Consumer Cyclical,"Revolve Group, Inc.",0.91,0.2527472527472525,forecast_icc,0.0822097146264838,0.18108821628107238,2026-08-20
RVSB,5.12,0.08,102160312.0,19953186.0,7.205,Financial Services,Riverview Bancorp Inc,0.28,0.3214285714285714,forecast_icc,0.13021208579326904,1.4072265669079005,2026-08-20
RVT,18.55,1.44,2304813568.0,124248724.0,17.689,Financial Services,"Royce Value Trust, Inc.",2.9,0.499,trailing_eps_fallback_icc,0.33041618248696525,0.9535850141420201,2026-08-20
RVTY,124.13,0.28,13851219968.0,111586401.0,64.783,Healthcare,"Revvity, Inc.",5.34931,0.101424295843763,forecast_icc,0.05711722813358444,0.5218963984893522,2026-08-20
RWAY,6.6,1.32,276605376.0,41909904.0,11.905,Financial Services,Runway Growth Finance Corp.,1.40833,0.01,forecast_icc,0.20845326480175908,1.8037878161847438,2026-08-20
RXO,21.67,0.0,3573949184.0,164926128.0,9.132,Industrials,"RXO, Inc.",0.12085,0.75,forecast_icc,0.06856029302263822,0.42141209159844617,2026-08-20
RXT,3.25,0.0,828336768.0,254872850.0,-4.884,Technology,"Rackspace Technology, Inc.",0.13587,0.04,forecast_icc,0.041369127194394006,,2026-08-20
RY,205.21,4.98,285172629504.0,1389662335.0,66.40324,Financial Services,Royal Bank Of Canada,16.14355,0.09403136237072984,forecast_icc,0.09171983689351737,0.3235867401105934,2026-08-20
RYAAY,54.51,0.9,28280657920.0,518815956.0,21.121387,Industrials,Ryanair Holdings plc,3.99554,0.2464247636114265,forecast_icc,0.1292317693554753,0.3874772864000956,2026-08-20
RYAM,8.58,0.0,580387328.0,67644208.0,2.88,Basic Materials,Rayonier Advanced Materials Inc,1.145,0.04,forecast_icc,0.09221523369177331,0.33566432215418734,2026-08-20
RYAN,43.04,0.52,16785861632.0,122077702.0,4.195,Financial Services,"Ryan Specialty Holdings, Inc.",2.16968,0.11689742266140613,forecast_icc,0.07117430672273273,0.030508768100037203,2026-08-20
RYN,21.28,1.04,,,17.455,Real Estate,Rayonier Inc. REIT,0.41717,0.47421914327492387,forecast_icc,0.11112203847843738,,2026-08-20
RYOJ,4.71,0.0,54400500.0,11550000.0,0.528,Industrials,"rYojbaba Co., Ltd.",0.01,0.04,trailing_eps_fallback_icc,0.010000000000000002,0.11210191082802548,2026-08-20
RYZ,24.17,0.75,1254390400.0,51898653.0,24.829,Industrials,Ryerson Holding Corporation,1.315,0.75,forecast_icc,0.2657245864779564,1.0272652400217668,2026-08-20
S,20.94,0.0,7178310144.0,336745012.0,4.211,Technology,"SentinelOne, Inc.",0.49264,0.04,forecast_icc,0.027999923674035164,0.1975441597096867,2026-08-20
SA,33.27,0.0,3588875520.0,107871216.0,8.006878,Basic Materials,"Seabridge Gold, Inc.",0.19,0.75,trailing_eps_fallback_icc,0.0695862404439408,0.24066358986550976,2026-08-20
SABR,2.08,0.0,839453056.0,403583214.0,-2.632,Technology,Sabre Corporation,0.17667,0.04,forecast_icc,0.06876008143639545,,2026-08-20
SABS,3.7,0.0,336649568.0,90986368.0,2.572,Healthcare,"SAB Biotherapeutics, Inc.",0.24,0.04,trailing_eps_fallback_icc,0.057080415070187296,0.6951351219200138,2026-08-20
SACH,0.7802,0.16,37414204.0,47954632.0,3.311,Real Estate,Sachem Capital Corp.,0.05,0.01,forecast_icc,0.06586957050382924,4.243783632333859,2026-08-20
SAFE,15.37,0.71,1088446208.0,70816280.0,34.327,Real Estate,Safehold Inc. New,1.62857,0.042982493844292646,forecast_icc,0.09827804893768566,2.233376739882032,2026-08-20
SAFT,103.54,3.68,1520017152.0,14680482.0,59.705,Financial Services,"Safety Insurance Group, Inc.",6.25,0.21,forecast_icc,0.1191424789186667,0.576637031139238,2026-08-20
SAGT,0.6289,0.0,11980545.0,19050000.0,1.2564628,Technology,SAGTEC GLOBAL LIMITED,0.09,0.04,trailing_eps_fallback_icc,0.09631011382368249,1.9978737478136428,2026-08-20
SAH,77.78,1.64,2458999296.0,19585427.0,32.447,Consumer Cyclical,"Sonic Automotive, Inc.",7.64581,0.04,forecast_icc,0.08299689627759521,0.25843372582608504,2026-08-20
SAIA,359.63,0.0,9593004032.0,26674650.0,102.489,Industrials,"Saia, Inc.",11.33156,0.24590788911676786,forecast_icc,0.07223160531672185,0.28498457779549485,2026-08-20
SAIC,126.29,1.48,5339139584.0,42276819.0,33.093,Technology,Science Applications Internatio,10.17841,0.08081517643718428,forecast_icc,0.08352544776076154,0.262039744261348,2026-08-20
SAIL,18.51,0.0,10498556928.0,567182997.0,12.063,Technology,"SailPoint, Inc.",0.32296,0.23807901907356932,forecast_icc,0.04737472087998848,0.6517018043273499,2026-08-20
SAM,190.82,0.0,1963858688.0,8223681.0,70.883,Consumer Defensive,"Boston Beer Company, Inc. (The)",9.01426,0.16646291542511515,forecast_icc,0.07477782837967506,0.296823383415966,2026-08-20
SAMG,9.82,0.84,76809896.0,7821782.0,5.939,Financial Services,Silvercrest Asset Management Gr,0.43,0.75,forecast_icc,0.2701506235446959,0.6047861762239595,2026-08-20
SAN,14.21,0.28,202443964416.0,14246584458.0,8.815294,Financial Services,"Banco Santander, S.A. Sponsored",1.14246,0.2512122962729548,forecast_icc,0.13886704101245362,0.6203584821873549,2026-08-20
SANG,4.06,0.0,135111888.0,33278790.0,7.464,Technology,Sangoma Technologies Corporatio,0.13,0.04,forecast_icc,0.03461348823229203,1.8384236371561917,2026-08-20
SANM,190.72,0.0,10222088192.0,53597356.0,47.758,Technology,Sanmina Corporation,12.09831,0.15035488427722554,forecast_icc,0.0857181045917414,0.2504089653473418,2026-08-20
SAP,217.09,2.93,250566197248.0,1154204232.0,3.1771898,Technology,SAP  SE,8.16597,0.17558722356315304,forecast_icc,0.07264035290192317,0.01463535765519746,2026-08-20
SAR,18.72,3.0,301034752.0,16080916.0,23.234,Financial Services,Saratoga Investment Corp New,1.95429,0.043857359961929854,forecast_icc,0.12780705402402626,1.2411324601619418,2026-08-20
SARO,25.23,0.0,8349096960.0,330919431.0,8.095,Industrials,"StandardAero, Inc.",1.20256,0.2447195981905268,forecast_icc,0.09283917430768984,0.3208482075102168,2026-08-20
SB,8.28,0.3,843181120.0,101833473.0,8.546,Industrials,"Safe Bulkers, Inc",1.01,0.01,forecast_icc,0.08502826659101359,1.032125648470402,2026-08-20
SBAC,180.54,5.0,19153147904.0,106088110.0,-43.642,Real Estate,SBA Communications Corporation,7.71872,0.06319052899962685,forecast_icc,0.05632776310300647,,2026-08-20
SBC,3.68,0.0,374670496.0,101812635.0,2.489,Industrials,SBC Medical Group Holdings Inco,0.45667,0.18247312063415588,forecast_icc,0.1368633900558069,0.6763586970963413,2026-08-20
SBCF,34.74,0.76,3363624192.0,96822799.0,28.506,Financial Services,Seacoast Banking Corporation of,2.53167,0.09492943393096254,forecast_icc,0.08695410100605849,0.8205526392806964,2026-08-20
SBET,7.59,0.0,1646903424.0,216983308.0,6.501,Financial Services,"SharpLink, Inc.",1.99,0.04,forecast_icc,0.13768528878055586,0.8565216786555179,2026-08-20
SBFG,26.63,0.64,166517168.0,6252992.0,23.456,Financial Services,"SB Financial Group, Inc.",2.56,0.015625,forecast_icc,0.07222014922706743,0.8808111626784333,2026-08-20
SBFM,1.16,0.0,4497711.0,3877337.0,43.832,Healthcare,Sunshine Biopharma Inc.,199.8,0.04,forecast_icc,0.4,37.786206224455064,2026-08-20
SBGI,14.35,1.0,1035576128.0,48410345.0,5.259,Communication Services,"Sinclair, Inc.",0.4,0.01,forecast_icc,0.03029260174746979,0.24584383269503102,2026-08-20
SBH,16.23,0.0,1519489664.0,93622292.0,9.262,Consumer Cyclical,"Sally Beauty Holdings, Inc. (Na",2.066,0.0842207163601163,forecast_icc,0.10604442048152152,0.5706716465719901,2026-08-20
SBI,7.63,0.5,107448072.0,14082315.0,8.459,Financial Services,Western Asset Intermediate Muni,0.01,0.04,forecast_icc,0.010000000000000002,1.108649977311831,2026-08-20
SBLK,30.06,1.88,3356841728.0,111671386.0,22.517,Industrials,Star Bulk Carriers Corp.,4.31391,0.01,forecast_icc,0.10439369153136557,0.7490685597679748,2026-08-20
SBR,72.66,4.77,1059335232.0,14579345.0,0.577,Energy,Sabine Royalty Trust,4.9,0.172,trailing_eps_fallback_icc,0.13367894459308027,0.00794109533118974,2026-08-20
SBRA,20.53,1.2,5244650496.0,255462756.0,10.768,Real Estate,"Sabra Health Care REIT, Inc.",0.67,0.15920895522388046,forecast_icc,0.0726352101074147,0.524500719105306,2026-08-20
SBS,4.46,0.03,15684507648.0,3516705733.0,2.490964,Utilities,Companhia de saneamento Basico ,0.291,0.6597938144329898,forecast_icc,0.2227501664460637,0.5585121048166046,2026-08-20
SBSI,31.97,1.48,952961088.0,29807980.0,29.61,Financial Services,"Southside Bancshares, Inc.",3.282,0.01,forecast_icc,0.0799928090036276,0.9261808261787075,2026-08-20
SBSW,11.82,0.31,8550236672.0,707641816.0,1.7247494,Basic Materials,D/B/A Sibanye-Stillwater Limite,29.55298,0.24386542406214184,forecast_icc,0.4,0.14274514781067693,2026-08-20
SBUX,103.99,2.48,118548594688.0,1140000000.0,-6.733,Consumer Cyclical,Starbucks Corporation,2.59046,0.20270531102584077,forecast_icc,0.06669336817914806,,2026-08-20
SBXD,10.83,0.0,275677664.0,20455000.0,-0.523,Financial Services,SilverBox Corp IV,0.21,0.132,trailing_eps_fallback_icc,0.03606435713320251,,2026-08-20
SCCO,198.73,4.4,167796408320.0,844343686.0,14.688,Basic Materials,Southern Copper Corporation,7.65627,0.01,forecast_icc,0.03627827438002003,0.07390932967001901,2026-08-20
SCD,15.65,1.44,358484160.0,22906336.0,17.268,Financial Services,LMP Capital and Income Fund Inc,3.05,0.04,trailing_eps_fallback_icc,0.15718193314202444,1.1033865765449722,2026-08-20
SCHL,39.98,1.0,754125760.0,18034475.0,40.046,Communication Services,Scholastic Corporation,1.6,0.5093749999999999,forecast_icc,0.16815443537377373,0.9576765894457709,2026-08-20
SCHW,109.79,1.28,189863772160.0,1729335714.0,25.423,Financial Services,Charles Schwab Corporation (The,6.48819,0.20288709177752184,forecast_icc,0.10122183456280961,0.23156024636428457,2026-08-20
SCI,83.37,1.44,11362629632.0,136291587.0,11.469,Consumer Cyclical,Service Corporation Internation,4.19034,0.09731429907835643,forecast_icc,0.06809252539849242,0.13756747002479433,2026-08-20
SCKT,0.6516,0.0,5402859.0,8291681.0,0.289,Technology,"Socket Mobile, Inc.",0.05,0.04,forecast_icc,0.06416724917005731,0.44352366200931764,2026-08-20
SCL,63.67,1.58,1446157312.0,22713323.0,52.935,Basic Materials,Stepan Company,2.69,0.37174721189591087,forecast_icc,0.13509469237297117,0.8313962409402111,2026-08-20
SCLX,5.8,0.0,40801476.0,7034737.0,-29.544,Healthcare,Scilex Holding Company,0.73,0.04,forecast_icc,0.08888441938000147,,2026-08-20
SCM,8.64,1.33,246066656.0,28479937.0,12.798,Financial Services,Stellus Capital Investment Corp,1.045,0.01,forecast_icc,0.12404992813842897,1.4812499980736926,2026-08-20
SCNI,0.294,0.0,1519798.0,5169383.0,1.735,Healthcare,Scinai Immunotherapeutics Ltd.,1.75,0.04,trailing_eps_fallback_icc,0.4,5.90136288177771,2026-08-20
SCOR,5.1,0.0,77440064.0,15184326.0,6.989,Technology,"comScore, Inc.",7.28,0.04,trailing_eps_fallback_icc,0.3313423308116653,1.370392132088114,2026-08-20
SCSC,56.39,0.0,1146100096.0,20324529.0,43.61,Technology,"ScanSource, Inc.",4.413,0.18060276455925672,forecast_icc,0.10559214515608828,0.7733641352822991,2026-08-20
SCZM,9.76,0.0,907585216.0,92990284.0,2.263,Basic Materials,Santacruz Silver Mining Ltd.,0.81,0.6975308641975309,forecast_icc,0.24726087404492714,0.23186474281661282,2026-08-20
SD,14.34,0.52,531659744.0,37075296.0,14.29,Energy,"SandRidge Energy, Inc.",2.35,0.01,forecast_icc,0.10161621055235676,0.996513250850905,2026-08-20
SDA,0.7201,0.0,73456936.0,55969794.0,0.325,Consumer Cyclical,SunCar Technology Group Inc.,0.08,0.75,forecast_icc,0.292777781919643,0.24763057160456572,2026-08-20
SDHC,12.48,0.0,104738200.0,8392484.0,9.475,Real Estate,Smith Douglas Homes Corp.,0.29667,0.4494219166076785,forecast_icc,0.09575387682811193,0.7592147459093243,2026-08-20
SDHI,10.5,0.0,365799008.0,27938000.0,7.596,Financial Services,Siddhi Acquisition Corp,0.4,0.04,trailing_eps_fallback_icc,0.03877480770259212,0.5801465924150346,2026-08-20
SDHY,16.21,1.3,399950208.0,24673056.0,,Financial Services,PGIM Short Duration High Yield Opportunities Fund,1.2,0.04,trailing_eps_fallback_icc,0.09160114689180643,,2026-08-20
SDOT,8.44,0.0,11140926.0,1320015.0,-671.892,Consumer Defensive,Sadot Group Inc.,2.4,0.75,forecast_icc,0.4,,2026-08-20
SDRL,47.89,0.0,2995109632.0,62541443.0,45.794,Energy,Seadrill Limited,0.73967,0.75,forecast_icc,0.12229140543321215,0.956233057428864,2026-08-20
SE,117.24,0.0,,,21.016,Consumer Cyclical,Sea Limited,3.74628,0.3718542127123441,forecast_icc,0.09745855162820327,,2026-08-20
SEB,4356.35,9.0,4172490240.0,957794.0,5727.745,Industrials,Seaboard Corporation,660.26,0.518,trailing_eps_fallback_icc,0.2611822311258555,1.3148023072499744,2026-08-20
SEDG,30.9,0.0,1901145600.0,61525748.0,6.753,Technology,"SolarEdge Technologies, Inc.",1.0163,0.04,forecast_icc,0.035235271878422264,0.21854369083777697,2026-08-20
SEG,27.11,0.0,347266528.0,12809536.0,31.544,Real Estate,Seaport Entertainment Group Inc,1.5,0.04,forecast_icc,0.05093914060312155,1.1635558598495275,2026-08-20
SEI,54.24,0.48,5457973760.0,65831540.0,14.359,Energy,"Solaris Energy Infrastructure, ",1.01826,0.75,forecast_icc,0.15041946471254486,0.17319157702583018,2026-08-20
SEIC,107.6,1.04,12914064384.0,120019182.0,20.835,Financial Services,SEI Investments Company,6.23911,0.10859721979577208,forecast_icc,0.07449496932173222,0.19363382298667656,2026-08-20
SELF,5.55,0.29,63388884.0,11421420.0,4.061,Real Estate,"Global Self Storage, Inc.",0.23,0.198,forecast_icc,0.09954548166431831,0.7317116770820574,2026-08-20
SENEA,192.62,0.0,1304125440.0,5221238.0,114.339,Consumer Defensive,Seneca Foods Corp.,13.83,0.053506869125090395,forecast_icc,0.06546457589198751,0.45777124912309053,2026-08-20
SENEB,188.8,0.0,1278262272.0,1549219.0,114.339,Consumer Defensive,Seneca Foods Corp.,17.29,0.331,trailing_eps_fallback_icc,0.15778967467355687,0.13857574859332153,2026-08-20
SEVN,7.69,1.12,174229296.0,22656606.0,14.148,Real Estate,Seven Hills Realty Trust,1.01279,0.143939019935031,forecast_icc,0.21114458476468767,1.8397919812980243,2026-08-20
SEZL,117.42,0.0,3954120192.0,33675014.0,5.856,Financial Services,Sezzle Inc.,5.26,0.2636254752851712,forecast_icc,0.09364247013933241,0.04987225284223227,2026-08-20
SF,79.88,1.36,12062017536.0,151001734.0,35.149,Financial Services,Stifel Financial Corporation,6.52336,0.12343638860955086,forecast_icc,0.09976654904577098,0.4400225694022735,2026-08-20
SFBC,47.75,0.84,122624056.0,2568043.0,43.995,Financial Services,"Sound Financial Bancorp, Inc.",3.12,0.241,trailing_eps_fallback_icc,0.12108876838187033,0.9213612358818077,2026-08-20
SFBS,87.28,1.52,4771816960.0,54672510.0,36.179,Financial Services,"ServisFirst Bancshares, Inc.",6.43,0.13011975116640762,forecast_icc,0.09621925382853924,0.41451647367672717,2026-08-20
SFD,22.28,1.25,8766672896.0,393477263.0,17.444,Consumer Defensive,"Smithfield Foods, Inc.",2.4685,0.01,forecast_icc,0.08763133848283189,0.7829443914696278,2026-08-20
SFL,12.52,0.88,,,7.255,Industrials,SFL Corporation Ltd,0.23238,0.75,forecast_icc,0.16813611525642458,,2026-08-20
SFM,78.38,0.0,7308748288.0,93247625.0,15.646,Consumer Defensive,"Sprouts Farmers Market, Inc.",5.55091,0.0721611411462264,forecast_icc,0.07030524259914375,0.1996172645794092,2026-08-20
SFNC,22.98,0.86,3320926976.0,144513789.0,24.106,Financial Services,Simmons First National Corporat,2.04833,0.07404568599786177,forecast_icc,0.09743262623541915,1.0489990965805567,2026-08-20
SFST,62.82,0.0,595015616.0,9471755.0,47.766,Financial Services,"Southern First Bancshares, Inc.",5.0,0.23499999999999988,forecast_icc,0.12140417798286018,0.7603629840363719,2026-08-20
SFWL,0.81,0.0,66822984.0,40617513.0,1.599,Industrials,Shengfeng Development Limited,0.14,0.038,trailing_eps_fallback_icc,0.1071319869153119,0.9719321017900069,2026-08-20
SG,6.58,0.0,783291840.0,107147757.0,3.928,Consumer Cyclical,"Sweetgreen, Inc.",0.09,0.04,trailing_eps_fallback_icc,0.018665604860745533,0.5373174696879263,2026-08-20
SGA,9.18,1.0,58366332.0,6357988.0,23.314,Communication Services,"Saga Communications, Inc.",0.48,0.01,forecast_icc,0.05376207332014726,2.5396513221355077,2026-08-20
SGC,12.6,0.56,200909536.0,15945201.0,12.128,Consumer Cyclical,"Superior Group of Companies, In",0.655,0.40966412213740444,forecast_icc,0.1787336819182811,0.9625396662505856,2026-08-20
SGHC,13.22,0.17,6716775424.0,508076788.0,1.637,Consumer Cyclical,Super Group (SGHC) Limited,0.76188,0.1607470992807265,forecast_icc,0.08940009170008889,0.12382752875496467,2026-08-20
SGI,64.26,0.68,13518087168.0,210365491.0,14.966,Consumer Cyclical,Somnigroup International Inc.,3.01734,0.19025698131466795,forecast_icc,0.08514544812604308,0.23289759114430944,2026-08-20
SGML,10.73,0.0,1207857920.0,112568313.0,0.65,Basic Materials,Sigma Lithium Corporation,0.55,0.75,forecast_icc,0.21386335965636583,0.06057782313502569,2026-08-20
SGRY,13.94,0.0,1825000448.0,130918260.0,12.883,Healthcare,"Surgery Partners, Inc.",0.4848,0.2742780528052806,forecast_icc,0.08254491393854935,0.9241750846846915,2026-08-20
SGU,12.58,0.79,412765088.0,32811216.0,12.054,Energy,Star Group L.P.,0.88,0.04,forecast_icc,0.08351670856466209,0.9581876209065434,2026-08-20
SHAK,73.85,0.0,3159415296.0,40350732.0,13.483,Consumer Cyclical,"Shake Shack, Inc.",1.12357,0.2447555559511203,forecast_icc,0.04380022143309292,0.17219924213344062,2026-08-20
SHBI,23.14,0.56,772234432.0,33372276.0,18.436,Financial Services,"Shore Bancshares, Inc.",2.165,0.04849884526558901,forecast_icc,0.08492062809843415,0.796715679644805,2026-08-20
SHC,19.22,0.0,5484902912.0,285374795.0,2.333,Healthcare,Sotera Health Company,0.98463,0.09164863959050606,forecast_icc,0.06111089394831859,0.12138398936440463,2026-08-20
SHEL,93.65,3.12,258376073216.0,2758954292.0,64.904,Energy,Shell PLC,10.95646,0.01,forecast_icc,0.08182325850949279,0.6930485750445998,2026-08-20
SHG,71.71,1.87,33765683200.0,470864361.0,79.06874,Financial Services,Shinhan Financial Group Co Ltd,8.51995,0.0959160558453982,forecast_icc,0.11713913964619663,1.1026180490603887,2026-08-20
SHIM,3.89,0.0,160796352.0,41335823.0,-1.676,Industrials,Shimmick Corporation,0.045,0.75,forecast_icc,0.10496576331680829,,2026-08-20
SHIP,16.92,1.4,366625920.0,21668198.0,14.834,Industrials,Seanergy Maritime Holdings Corp,3.57,0.01,forecast_icc,0.1378394384830116,0.8767139244601144,2026-08-20
SHLS,7.375,0.0,1241212160.0,168299950.0,3.586,Technology,"Shoals Technologies Group, Inc.",0.44342,0.24306526543683193,forecast_icc,0.1057894733761981,0.48623727687295615,2026-08-20
SHMD,4.81,0.0,315900256.0,65675726.0,-3.56885,Industrials,SCHMID Group N.V.,0.08,0.75,forecast_icc,0.12700647693049516,,2026-08-20
SHO,11.28,0.36,2097447552.0,185943941.0,8.796,Real Estate,"Sunstone Hotel Investors, Inc. ",0.28,0.01,forecast_icc,0.027453395652896506,0.7797872721424787,2026-08-20
SHOE,15.29,0.64,415143488.0,27151308.0,24.802,Consumer Cyclical,"Shoe Station Group, Inc.",1.49667,0.23162086498693757,forecast_icc,0.1612598495453469,1.6221059958334214,2026-08-20
SHOO,45.71,0.84,3344924928.0,73177095.0,12.842,Consumer Cyclical,"Steven Madden, Ltd.",2.19122,0.26600706455764356,forecast_icc,0.1098660268964865,0.28094509569513426,2026-08-20
SHOP,147.18,0.0,190988795904.0,1219581025.0,9.61,Technology,Shopify Inc.,1.90461,0.2860585631704129,forecast_icc,0.044058385607031014,0.06136576543548195,2026-08-20
SHPH,3.71,0.0,2170828.0,585129.0,6.028,Healthcare,Shuttle Pharmaceuticals Holding,0.1,0.04,trailing_eps_fallback_icc,0.030798007667938485,1.6247982852625817,2026-08-20
SHW,346.91,3.2,84215226368.0,242758151.0,15.973,Basic Materials,Sherwin-Williams Company (The),12.08898,0.12608094313995077,forecast_icc,0.056720280140995366,0.04604364451837889,2026-08-20
SID,0.8913,0.0,1181947520.0,1326093947.0,1.7625633,Basic Materials,Companhia Siderurgica Nacional ,0.15,0.01,forecast_icc,0.09065378831986348,1.9775197153714112,2026-08-20
SIF,20.99,0.0,,,6.626,Industrials,"SIFCO Industries, Inc.",0.63,0.04,trailing_eps_fallback_icc,0.0331445364666213,,2026-08-20
SIFY,14.26,0.0,1032917632.0,72434615.0,2.7296407,Communication Services,Sify Technologies Limited - Ame,0.02,0.75,forecast_icc,0.026921107233566027,0.1914193998315158,2026-08-20
SIG,81.02,1.4,,,47.788,Consumer Cyclical,Signet Jewelers Limited,10.80265,0.1382966216622774,forecast_icc,0.13594665769809822,,2026-08-20
SIGA,2.97,0.0,213393648.0,71849716.0,2.301,Healthcare,SIGA Technologies Inc.,0.05,0.75,forecast_icc,0.12779011133404788,0.7747475056802066,2026-08-20
SIGI,90.81,1.72,5409471488.0,59569119.0,58.134,Financial Services,"Selective Insurance Group, Inc.",8.15125,0.07652200582732727,forecast_icc,0.09069183949787785,0.6401718119095483,2026-08-20
SII,126.56,1.6,3256727552.0,25732678.0,15.241,Financial Services,Sprott Inc.,4.6175,0.027070925825663172,forecast_icc,0.03753589941666202,0.12042510131286537,2026-08-20
SILC,41.4,0.0,237951104.0,5747611.0,20.102,Technology,Silicom Ltd,0.24,0.04,forecast_icc,0.010000000000000002,0.4855555380066654,2026-08-20
SIM,27.5,0.0,4218923776.0,153415405.0,23.248093,Basic Materials,"Grupo Simec, S.A.B. de C.V.",1.29,0.04,trailing_eps_fallback_icc,0.04511404639790417,0.8453851722474602,2026-08-20
SIMA,10.98,0.0,90249392.0,3552768.0,-0.002,Financial Services,SIM Acquisition Corp. I,0.24,0.01,trailing_eps_fallback_icc,0.021559480728536973,,2026-08-20
SIMO,249.65,2.0,8465070080.0,33907750.0,30.873,Technology,Silicon Motion Technology Corpo,11.13541,0.4254293286012818,forecast_icc,0.13636807660123884,0.12366512691056186,2026-08-20
SIRI,28.39,1.08,9569328128.0,337066891.0,34.914,Communication Services,SiriusXM Holdings Inc.,2.99399,0.08972641859191244,forecast_icc,0.11318249034487293,1.2297993417050481,2026-08-20
SITC,3.02,0.0,158475520.0,52475339.0,5.379,Real Estate,SITE Centers Corp.,2.41,0.04,trailing_eps_fallback_icc,0.24837204051319894,1.7811258702984536,2026-08-20
SITE,95.59,0.0,4173018880.0,43655390.0,38.57,Industrials,"SiteOne Landscape Supply, Inc.",4.2273,0.21677903153313016,forecast_icc,0.08267630682385596,0.4034940748458823,2026-08-20
SITM,598.81,0.0,17937664000.0,29955519.0,38.664,Technology,SiTime Corporation,11.14301,0.3393795751776225,forecast_icc,0.06517600604421758,0.06456806118210263,2026-08-20
SJM,123.05,4.48,13151669248.0,106880690.0,51.975,Consumer Defensive,The J.M. Smucker Company,10.04786,0.01,forecast_icc,0.0659343739643431,0.4223892616212789,2026-08-20
SKHY,163.08,0.0,1157631311872.0,7098548910.0,26.232302,Technology,SK hynix Inc.,26.24293,0.28440650491389485,forecast_icc,0.19099074059614762,0.16085542681786094,2026-08-20
SKIL,8.15,0.0,73085360.0,8967529.0,-8.241,Consumer Defensive,Skillsoft Corp.,4.19,,forecast_icc,0.010000000000000002,,2026-08-20
SKIN,0.63,0.0,81988680.0,130140763.0,0.428,Consumer Defensive,SkinHealth Systems Inc.,0.15,0.04,forecast_icc,0.13034565877403048,0.6793650850824772,2026-08-20
SKM,38.31,0.97,14706754560.0,383888128.0,24.135666,Communication Services,"SK Telecom Co., Ltd.",2.6335,0.022073286500854383,forecast_icc,0.06080384563569262,0.6300095375205098,2026-08-20
SKT,38.23,1.25,4570086400.0,114878989.0,5.867,Real Estate,Tanger Inc.,1.09445,0.07963817442551058,forecast_icc,0.04682596088547589,0.14747971251987707,2026-08-20
SKWD,55.86,0.0,2264735488.0,40543065.0,28.55,Financial Services,Skyward Specialty Insurance Gro,5.02554,0.09973256605260317,forecast_icc,0.09063187331350842,0.5110992042484389,2026-08-20
SKY,89.95,0.0,4882498048.0,54280134.0,28.98,Consumer Cyclical,"Champion Homes, Inc.",3.47815,0.2258643244253411,forecast_icc,0.0779332885546814,0.32217898867657674,2026-08-20
SKYQ,2.68,0.0,23673486.0,8833390.0,0.531,Energy,Sky Quarry Inc.,0.17,0.04,trailing_eps_fallback_icc,0.05618561460501026,0.1981343216626398,2026-08-20
SKYW,100.785,0.0,3913312768.0,38828325.0,68.717,Industrials,"SkyWest, Inc.",10.90596,0.10930537064137402,forecast_icc,0.10440160776221852,0.6818177250852954,2026-08-20
SLAB,218.1,0.0,7277290496.0,33366761.0,32.812,Technology,"Silicon Laboratories, Inc.",2.92237,0.4923469649633687,forecast_icc,0.07397445745811815,0.15044475172920183,2026-08-20
SLB,53.55,1.18,79475867648.0,1484143231.0,17.568,Energy,SLB Limited,2.49877,0.29335633131500694,forecast_icc,0.11807458889824984,0.3280672366823055,2026-08-20
SLDE,22.52,0.28,2630599936.0,116811719.0,10.339,Financial Services,"Slide Insurance Holdings, Inc.",3.781,0.01,forecast_icc,0.09455805780390458,0.4591030153286676,2026-08-20
SLE,4.33,0.0,7339869.0,1695120.0,9.916,Communication Services,"Super League Enterprise, Inc.",116.78,0.04,trailing_eps_fallback_icc,0.4,2.2900694712671306,2026-08-20
SLF,78.26,2.74,43568484352.0,556714560.0,30.048798,Financial Services,Sun Life Financial Inc.,8.02361,0.08172755156344857,forecast_icc,0.10705659587669347,0.38396110413078804,2026-08-20
SLGN,41.12,0.84,4345644544.0,105682020.0,22.514,Consumer Cyclical,Silgan Holdings Inc.,3.82112,0.0713508081400216,forecast_icc,0.09138754752238942,0.547519470170453,2026-08-20
SLM,25.85,0.52,4859800064.0,188000000.0,,Financial Services,SLM Corporation,3.11846,0.07830788273699207,forecast_icc,0.10884648054819424,,2026-08-20
SLND,0.6438,0.0,35045420.0,54435257.0,-3.117,Industrials,"Southland Holdings, Inc.",0.17,0.04,forecast_icc,0.138238595840677,,2026-08-20
SLP,18.38,0.0,371732512.0,20224838.0,6.877,Healthcare,"Simulations Plus, Inc.",0.86,0.026162790697674465,forecast_icc,0.04133291329047439,0.37415670256466566,2026-08-20
SLQT,0.8353,0.0,147303296.0,176347774.0,2.182,Financial Services,"SelectQuote, Inc.",0.07,0.01,forecast_icc,0.0563340803538076,2.612235118404954,2026-08-20
SLVM,36.72,1.8,1459996160.0,39760243.0,23.995,Basic Materials,Sylvamo Corporation,1.455,0.75,forecast_icc,0.25609529818810917,0.6534585890862892,2026-08-20
SM,37.64,0.88,8952826880.0,237854068.0,32.898,Energy,SM Energy Company,7.17984,0.0372180995676783,forecast_icc,0.12212639616519938,0.8740170265711651,2026-08-20
SMA,34.44,1.6,1906904960.0,55368903.0,20.886,Real Estate,"SmartStop Self Storage REIT, In",0.59667,0.013441265691253035,forecast_icc,0.020794394184835058,0.6064460118966809,2026-08-20
SMBC,74.06,1.02,815482688.0,11011109.0,52.066,Financial Services,"Southern Missouri Bancorp, Inc.",6.725,0.06319702602230493,forecast_icc,0.08471319340679873,0.7030246130669545,2026-08-20
SMBK,50.95,0.34,871167168.0,17098473.0,33.735,Financial Services,"SmartFinancial, Inc.",3.738,0.11869181380417348,forecast_icc,0.08782257353540296,0.6621197490479807,2026-08-20
SMCI,36.5,0.0,23610865664.0,646873027.0,16.713,Technology,"Super Micro Computer, Inc.",4.3382,0.12258540408464347,forecast_icc,0.11463717233342952,0.45789040749721666,2026-08-20
SMFG,24.54,0.59,155910848512.0,6353334642.0,15.334825,Financial Services,Sumitomo Mitsui Financial Group,1.80549,0.12293061717317721,forecast_icc,0.09715544231833018,0.6248909285745371,2026-08-20
SMG,61.13,2.64,3559005184.0,58220274.0,-4.923,Basic Materials,Scotts Miracle-Gro Company (The,4.4161,0.07159258168972626,forecast_icc,0.08826949757296088,,2026-08-20
SMID,27.86,0.0,147786320.0,5304606.0,10.489,Basic Materials,Smith-Midland Corporation,1.46,0.01,trailing_eps_fallback_icc,0.03969679477595957,0.37648959886138317,2026-08-20
SMP,38.22,1.32,853846016.0,22340293.0,32.131,Consumer Cyclical,"Standard Motor Products, Inc.",4.24,0.15172877358490555,forecast_icc,0.1372567454645216,0.840685487701567,2026-08-20
SMPL,10.99,0.0,971968832.0,88441207.0,16.035,Consumer Defensive,The Simply Good Foods Company,1.64594,0.036915075883689585,forecast_icc,0.09770391550461877,1.4590537346006174,2026-08-20
SMSI,2.97,0.0,16601944.0,5589880.0,3.581,Technology,"Smith Micro Software, Inc.",0.46,0.04,forecast_icc,0.10110474321370455,1.2057238766737197,2026-08-20
SMTC,124.88,0.0,11632717824.0,93151168.0,6.156,Technology,Semtech Corporation,2.65303,0.47928217924410954,forecast_icc,0.09493106762343417,0.04929532366244732,2026-08-20
SMTI,34.24,0.0,314598336.0,9188035.0,0.767,Healthcare,Sanara MedTech Inc.,0.18,0.75,forecast_icc,0.06605364130170982,0.022400699681386745,2026-08-20
SMWB,8.16,0.0,720109440.0,88248704.0,0.238,Technology,Similarweb Ltd.,0.2117,0.4758148323098723,forecast_icc,0.10555363676852292,0.029166666044539005,2026-08-20
SN,179.98,0.0,25470838784.0,141520379.0,20.178,Consumer Cyclical,"SharkNinja, Inc.",6.59275,0.16207348981836112,forecast_icc,0.062450601201821665,0.11211245266315294,2026-08-20
SNA,391.27,9.76,20239271936.0,51727124.0,116.806,Industrials,Snap-On Incorporated,19.83044,0.07713696720798935,forecast_icc,0.06596083531117325,0.29853042466398727,2026-08-20
SNAL,2.89,0.0,25882294.0,3206095.0,-2.167,Communication Services,"Snail, Inc.",0.48,0.75,forecast_icc,0.3415130984534557,,2026-08-20
SNAP,5.21,0.0,8811140096.0,1437047479.0,1.146,Communication Services,Snap Inc.,0.77546,0.04,forecast_icc,0.09867064239780865,0.1869061657164689,2026-08-20
SND,4.85,0.0,205635440.0,42399061.0,5.946,Energy,"Smart Sand, Inc.",0.31,0.01,forecast_icc,0.04613288448860853,1.2259794163204554,2026-08-20
SNDK,1600.62,0.0,234361192448.0,146419001.0,93.088,Technology,Sandisk Corporation,214.09818,0.23644965127681128,forecast_icc,0.15973005197578333,0.05815746123630169,2026-08-20
SNDL,1.33,0.0,330720672.0,248662159.0,3.072973,Consumer Defensive,SNDL Inc.,0.03,0.04,forecast_icc,0.02717202295797916,2.310506011334868,2026-08-20
SNDR,35.14,0.4,6160073216.0,92271399.0,17.452,Industrials,"Schneider National, Inc.",1.06616,0.6078355969085316,forecast_icc,0.15609593674974132,0.2614125512608193,2026-08-20
SNEX,66.19,0.0,7983622144.0,120616735.0,22.77,Financial Services,StoneX Group Inc.,4.63,0.02159827213822907,forecast_icc,0.054022714902277044,0.3440096495566311,2026-08-20
SNFCA,8.86,0.0,230701888.0,22366641.0,16.633,Financial Services,Security National Financial Cor,1.25,0.065,trailing_eps_fallback_icc,0.1054497237504608,1.6125760520564096,2026-08-20
SNN,29.04,0.79,12153424896.0,418506356.0,2.4344,Healthcare,"Smith & Nephew SNATS, Inc.",2.22395,0.09135097461723518,forecast_icc,0.09073853310208813,0.08382919891015386,2026-08-20
SNOW,321.29,0.0,111359115264.0,346600000.0,5.596,Technology,Snowflake Inc.,1.93669,0.39747197538067525,forecast_icc,0.034838196139631156,0.017417286365842943,2026-08-20
SNPS,397.92,0.0,76193456128.0,191479325.0,159.201,Technology,"Synopsys, Inc.",14.78528,0.16768096376937058,forecast_icc,0.06418598463018765,0.40008291483870195,2026-08-20
SNT,1.71,0.0,39897124.0,23331653.0,1.803,Industrials,Senstar Technologies Corporatio,0.06,0.04,trailing_eps_fallback_icc,0.036765870183654736,1.0543860344169167,2026-08-20
SNWV,4.9,0.0,42151316.0,8602309.0,0.214,Healthcare,"SANUWAVE Health, Inc.",0.81,0.04,trailing_eps_fallback_icc,0.10518487791141473,0.04367346741914297,2026-08-20
SNX,250.77,1.92,,,112.812,Technology,TD SYNNEX Corporation,18.97409,0.12856901174180146,forecast_icc,0.09273734799158884,,2026-08-20
SNY,45.15,2.42,108185608192.0,2396137370.0,33.315964,Healthcare,Sanofi,4.94445,0.08418934360747898,forecast_icc,0.12108271703587536,0.7378950647141423,2026-08-20
SNYR,0.1163,0.0,,,-2.212,Healthcare,Synergy CHC Corp.,0.15,0.04,forecast_icc,0.31526779508835123,,2026-08-20
SO,91.43,3.04,105177694208.0,1150362966.0,34.398,Utilities,Southern Company (The),4.58625,0.07365494685200336,forecast_icc,0.06785292432075474,0.37622221710065046,2026-08-20
SOBO,38.41,2.0,8011870208.0,208588127.0,12.776,Energy,South Bow Corporation,1.81843,0.07051687444663801,forecast_icc,0.07057906195633101,0.33262170271942576,2026-08-20
SOC,5.07,0.0,972778752.0,191869572.0,2.806,Energy,Sable Offshore Corp.,0.57,0.04,forecast_icc,0.08271295558563396,0.5534516640347014,2026-08-20
SOFI,17.92,0.0,23144939520.0,1291570324.0,8.584,Financial Services,"SoFi Technologies, Inc.",0.59549,0.37869653562612293,forecast_icc,0.10103425361897422,0.4790178713422708,2026-08-20
SOGP,12.46,0.0,52009860.0,3058071.0,14.272988,Communication Services,Sound Group Inc.,7.12,0.04,trailing_eps_fallback_icc,0.2094826419526038,0.8392218453606297,2026-08-20
SOHU,14.425,0.0,433693408.0,26069022.0,49.053,Communication Services,Sohu.com Limited,7.72,0.04,trailing_eps_fallback_icc,0.2024860982826654,2.9485431703079974,2026-08-20
SOLS,56.62,0.3,8993938432.0,158847369.0,9.985,Basic Materials,Solstice Advanced Materials Inc,2.87917,0.1613069044203712,forecast_icc,0.07955216286055122,0.17635110485321587,2026-08-20
SOLV,88.61,0.0,15083525120.0,170223729.0,28.635,Healthcare,Solventum Corporation,7.1848,0.01,forecast_icc,0.05500559095792401,0.32315764658036383,2026-08-20
SON,58.33,2.16,5767378944.0,98875003.0,36.22,Consumer Cyclical,Sonoco Products Company,5.8198,0.09008728822296286,forecast_icc,0.10954815498628612,0.6209497665114755,2026-08-20
SONM,3.44,0.0,5120319.0,1488268.0,-0.777,Financial Services,"DNA X, Inc.",0.84,0.75,forecast_icc,0.3941574166023233,,2026-08-20
SONO,16.05,0.0,1898618240.0,118293979.0,3.227,Technology,"Sonos, Inc.",1.22,0.069672131147541,forecast_icc,0.07292356836923497,0.20105920305126743,2026-08-20
SONY,23.58,0.16,138032742400.0,5853805875.0,8.9315405,Technology,Sony Group Corporation,1.36362,0.033748404980859625,forecast_icc,0.05260343414469991,0.3787761029929406,2026-08-20
SOR,46.29,2.5,,,48.267,Financial Services,"Source Capital, Inc. Cmn Shs of",7.24,0.75,trailing_eps_fallback_icc,0.39775907998551785,,2026-08-20
SORA,2.09,0.0,51965756.0,24864000.0,0.877,Consumer Cyclical,AsiaStrategy,0.5,0.75,trailing_eps_fallback_icc,0.39119796481747227,0.41961725717990134,2026-08-20
SOTK,5.35,0.0,84084464.0,15716723.0,1.311,Technology,Sono-Tek Corporation,0.1,0.01,forecast_icc,0.01911184973995482,0.24504674077484753,2026-08-20
SOUL,10.445,0.0,354642528.0,25620000.0,-0.338,Financial Services,Soulpower Acquisition Corporati,0.22,0.01,trailing_eps_fallback_icc,0.02095912639117626,,2026-08-20
SOWG,3.14,0.0,63177168.0,20120117.0,-0.072,Consumer Defensive,Sow Good Inc.,1.14,0.04,forecast_icc,0.1648265125718381,,2026-08-20
SPB,86.16,1.88,1981300608.0,22995596.0,80.378,Consumer Defensive,"Spectrum Brands Holdings, Inc.",6.2588,0.01,forecast_icc,0.056547309495337816,0.9328922667387584,2026-08-20
SPCB,11.35,0.0,71283136.0,6280452.0,8.254,Industrials,"SuperCom, Ltd.",1.35,0.01,forecast_icc,0.07202087815411506,0.7272246104324029,2026-08-20
SPCX,134.0,0.0,1766358515712.0,7696293669.0,9.656,Industrials,Space Exploration Technologies ,0.06518,0.75,forecast_icc,0.011683620254190452,0.042072665886805125,2026-08-20
SPE,13.32,1.3,141500416.0,10623154.0,16.306,Financial Services,"Special Opportunities Fund, Inc",1.98,0.01,trailing_eps_fallback_icc,0.12294379648508447,1.2241741333396505,2026-08-20
SPEG,10.35,0.0,158700000.0,11500000.0,-0.52,Financial Services,Silver Pegasus Acquisition Corp,0.06,0.04,trailing_eps_fallback_icc,0.010000000000000002,,2026-08-20
SPFI,44.25,0.72,833630336.0,18839105.0,33.429,Financial Services,"South Plains Financial, Inc.",3.9025,0.06790518898142239,forecast_icc,0.08575678767905737,0.7554576817187709,2026-08-20
SPG,219.9,8.9,83479199744.0,323551515.0,13.581,Real Estate,"Simon Property Group, Inc.",6.35333,0.05336728927979495,forecast_icc,0.04109487448103806,0.05263770063309485,2026-08-20
SPGI,432.16,3.88,127400771584.0,294800000.0,106.855,Financial Services,S&P Global Inc.,17.87075,0.1325590699886685,forecast_icc,0.06496692915678592,0.24725795305902312,2026-08-20
SPH,17.61,1.3,1174805248.0,66712387.0,10.688,Utilities,"Suburban Propane Partners, L.P.",1.93,0.07772020725388606,forecast_icc,0.1293147290457669,0.6069278235433964,2026-08-20
SPMC,9.08,1.59,187309728.0,20628825.0,9.632,Financial Services,"Sound Point Meridian Capital, I",1.11,0.13288288288288275,forecast_icc,0.1938134692758563,1.0607929685317785,2026-08-20
SPNT,23.6,0.0,2741494528.0,116165016.0,19.609,Financial Services,SiriusPoint Ltd.,2.605,0.05950095969289815,forecast_icc,0.08890469416750035,0.8308897849253706,2026-08-20
SPOK,10.44,1.25,218385328.0,20918137.0,6.753,Healthcare,"Spok Holdings, Inc.",0.66,,forecast_icc,0.010000000000000002,0.6468391464512672,2026-08-20
SPOT,533.13,0.0,109603110912.0,205584205.0,44.968483,Communication Services,Spotify Technology S.A.,12.28682,0.25933317164245917,forecast_icc,0.061070581382058634,0.08434806047643707,2026-08-20
SPRB,51.985,0.0,149405568.0,2874013.0,25.249,Healthcare,"Spruce Biosciences, Inc.",8.09286,0.04,forecast_icc,0.10142101743472154,0.4856977903059142,2026-08-20
SPRC,6.625,0.0,3797735.0,573243.0,11.6,Healthcare,SciSparc Ltd.,98.07,0.04,trailing_eps_fallback_icc,0.4,1.7509433385952415,2026-08-20
SPRO,1.21,0.0,70464144.0,58234827.0,0.76,Healthcare,"Spero Therapeutics, Inc.",0.14,0.04,trailing_eps_fallback_icc,0.08425232461901155,0.6280991438709594,2026-08-20
SPSC,79.43,0.0,2859493888.0,36000174.0,25.929,Technology,"SPS Commerce, Inc.",4.90345,0.08599251547379883,forecast_icc,0.06779643785408285,0.32643836574131535,2026-08-20
SPT,10.07,0.0,610163584.0,55022855.0,3.772,Technology,"Sprout Social, Inc",1.12822,0.3648047366648348,forecast_icc,0.18397430252276048,0.3401484692013347,2026-08-20
SPWR,0.2537,0.0,51027440.0,201133009.0,-0.511,Technology,SunPower Inc.,0.04,0.01,forecast_icc,0.08690132280392604,,2026-08-20
SPXC,204.48,0.0,10241556480.0,50085860.0,46.893,Industrials,"SPX Technologies, Inc.",8.47755,0.1541093830174991,forecast_icc,0.06610669350600434,0.22932805551251523,2026-08-20
SQM,78.45,1.03,22408286208.0,142818904.0,22.089,Basic Materials,Sociedad Quimica y Minera S.A.,6.9621,0.01,forecast_icc,0.06231028018579467,0.14078393774396403,2026-08-20
SR,83.3,3.3,4924097024.0,59112807.0,60.618,Utilities,Spire Inc.,4.017,0.3686830968384365,forecast_icc,0.15659069218731891,0.7277070531431511,2026-08-20
SRAD,12.61,0.0,3731950080.0,217450452.0,3.0827854,Technology,Sportradar Group AG,0.26,0.75,forecast_icc,0.14135009215882322,0.1796254141344251,2026-08-20
SRBK,19.79,0.24,143849600.0,7268802.0,25.43,Financial Services,"SR Bancorp, Inc.",0.82,0.01,forecast_icc,0.036118574091170946,1.2849923451994305,2026-08-20
SRCE,86.15,1.68,2074649344.0,24081826.0,53.541,Financial Services,1st Source Corporation,7.24,0.021639502762430984,forecast_icc,0.06738193796973427,0.6214857704001472,2026-08-20
SRE,87.38,2.63,57137811456.0,653900348.0,49.996,Utilities,DBA Sempra,5.10335,0.08546934856515831,forecast_icc,0.07680889224153545,0.5721675535959821,2026-08-20
SRG,2.11,0.0,118844920.0,56324607.0,5.324,Real Estate,Seritage Growth Properties,2.18,0.04,forecast_icc,0.2825791135975847,2.5232227651632058,2026-08-20
SRPT,19.22,0.0,2030151296.0,105627021.0,14.465,Healthcare,"Sarepta Therapeutics, Inc.",4.3927,0.01,forecast_icc,0.10992501217220968,0.7526014744691225,2026-08-20
SRV,46.52,6.0,290023136.0,6234375.0,,Financial Services,Cushing MLP & Infrastructure To,14.54,0.04,trailing_eps_fallback_icc,0.21395340355870685,,2026-08-20
SSB,105.78,2.64,10257966080.0,96974534.0,94.167,Financial Services,SouthState Bank Corporation,9.47672,0.09481972665648031,forecast_icc,0.09939725014698986,0.8902155526700669,2026-08-20
SSBI,12.79,0.0,86545016.0,6766616.0,14.979,Financial Services,Summit State Bank,0.33,0.04,trailing_eps_fallback_icc,0.029878251554149048,1.171149371143452,2026-08-20
SSD,187.88,1.2,7700201984.0,40984682.0,50.044,Basic Materials,"Simpson Manufacturing Company, ",9.0575,0.07203974606679564,forecast_icc,0.055974809905605105,0.26636150977205325,2026-08-20
SSL,12.27,0.0,,,14.733059,Basic Materials,Sasol Ltd.,2.52602,0.01,forecast_icc,0.10302622363627278,,2026-08-20
SSNC,82.12,1.2,19269869568.0,234654996.0,28.307,Technology,"SS&C Technologies Holdings, Inc",7.06482,0.09412554035346976,forecast_icc,0.09238973345895948,0.34470285065149014,2026-08-20
SSRM,36.83,0.03,7509980160.0,203909312.0,16.432,Basic Materials,SSR Mining Inc.,4.08954,0.41621796094426267,forecast_icc,0.1987827906898435,0.4461580115258254,2026-08-20
SSTK,5.35,1.44,197670112.0,36947684.0,9.88,Communication Services,"Shutterstock, Inc.",0.89,0.04,forecast_icc,0.1926821521164256,1.8467289476721702,2026-08-20
SSYS,7.86,0.0,688433856.0,87587000.0,9.51,Technology,"Stratasys, Ltd.",0.11,0.7045454545454546,forecast_icc,0.1089118306089708,1.2099236008520766,2026-08-20
ST,41.93,0.48,6102318592.0,145535862.0,20.33,Technology,Sensata Technologies Holding pl,3.75888,0.0895958370578469,forecast_icc,0.09187714740367003,0.48485571997811544,2026-08-20
STAA,23.07,0.0,1156821632.0,50143984.0,7.078,Healthcare,STAAR Surgical Company,0.7625,0.3426229508196721,forecast_icc,0.09352289493712995,0.30680539586590305,2026-08-20
STAG,36.37,1.55,7157895168.0,192808329.0,18.753,Real Estate,"Stag Industrial, Inc.",1.09737,0.01,forecast_icc,0.032382761699169094,0.5051393613448629,2026-08-20
STBA,50.2,1.48,1770327680.0,35265492.0,39.808,Financial Services,"S&T Bancorp, Inc.",3.94,0.013416243654822413,forecast_icc,0.0637965907316832,0.7929880560507306,2026-08-20
STC,68.96,2.1,2104810880.0,30522199.0,54.628,Financial Services,Stewart Information Services Co,5.52333,0.31804545446315924,forecast_icc,0.16682594605714807,0.7921693596395701,2026-08-20
STE,235.74,2.58,22984677376.0,97500110.0,73.915,Healthcare,STERIS plc (Ireland),11.17167,0.09626492726691693,forecast_icc,0.0628708392384526,0.3135445633087315,2026-08-20
STEP,48.84,1.72,6304459264.0,82288907.0,-6.548,Financial Services,StepStone Group Inc.,2.47887,0.4065844517864996,forecast_icc,0.1665648222070089,,2026-08-20
STEW,18.22,0.8,1757164160.0,96441500.0,23.113,Financial Services,"SRH Total Return Fund, Inc.",1.53,0.04,trailing_eps_fallback_icc,0.08394636105695497,1.2685510211521729,2026-08-20
STG,2.94,0.0,39471252.0,5076094.0,11.097163,Consumer Defensive,Sunlands Technology Group,4.05,0.032,trailing_eps_fallback_icc,0.31902413546074204,1.4271207440119202,2026-08-20
STGW,8.51,0.0,2080486144.0,244475451.0,2.739,Communication Services,Stagwell Inc.,1.1075,0.11738148984198649,forecast_icc,0.11891271742679954,0.32185663058614433,2026-08-20
STHO,9.77,0.0,118107296.0,12081333.0,19.773,Real Estate,Star Holdings - Shares of Benef,1.2,0.04,trailing_eps_fallback_icc,0.08752120109860206,2.0226032218111234,2026-08-20
STKS,1.64,0.0,51765452.0,31564301.0,-2.906,Consumer Cyclical,"The ONE Group Hospitality, Inc.",0.17,0.04,forecast_icc,0.0784744993516896,,2026-08-20
STLA,5.26,0.0,19816124416.0,2900941252.0,21.814438,Consumer Cyclical,Stellantis N.V.,0.645,0.75,forecast_icc,0.3042051913713978,3.19348030699185,2026-08-20
STLD,219.0,2.12,31388852224.0,143328088.0,65.591,Basic Materials,"Steel Dynamics, Inc.",16.76278,0.1345600192808114,forecast_icc,0.09602211502529079,0.2995022740213465,2026-08-20
STM,49.92,0.36,44551278592.0,892453480.0,19.768,Technology,STMicroelectronics N.V.,1.35841,0.75,forecast_icc,0.17314928180901046,0.3959935820070481,2026-08-20
STN,73.88,0.7,8304089600.0,112399703.0,20.948357,Industrials,Stantec Inc,6.20618,0.11788894295685926,forecast_icc,0.09623246662322382,0.2835457248845161,2026-08-20
STNE,9.16,0.0,2112256000.0,216544468.0,9.891501,Technology,StoneCo Ltd.,10.15435,0.19623314146154103,forecast_icc,0.39218074593324925,1.014057870715703,2026-08-20
STNG,78.4,1.8,3926377984.0,50081352.0,67.826,Energy,Scorpio Tankers Inc.,11.38783,0.01,forecast_icc,0.08979803848806689,0.8651275538407257,2026-08-20
STRA,82.38,2.4,1829458688.0,22207559.0,74.377,Consumer Defensive,"Strategic Education, Inc.",7.20667,0.17206282513282822,forecast_icc,0.12565060545814266,0.9028526451989496,2026-08-20
STRL,520.53,0.0,15922242560.0,30588518.0,44.357,Industrials,"Sterling Infrastructure, Inc.",20.03286,0.26185527178845147,forecast_icc,0.08517160639235752,0.08521506237661536,2026-08-20
STRR,9.97,0.0,36783348.0,3689403.0,16.455,Industrials,"Star Equity Holdings, Inc.",1.28,0.04,forecast_icc,0.09000362860238875,1.650451350023929,2026-08-20
STRS,19.4,0.0,154864816.0,7982723.0,26.521,Real Estate,Stratus Properties Inc.,2.67,0.04,trailing_eps_fallback_icc,0.09400627013537288,1.3670619457101219,2026-08-20
STRT,79.41,0.0,331838432.0,4178799.0,58.867,Consumer Cyclical,STRATTEC SECURITY CORPORATION,6.19,0.01,forecast_icc,0.05345017462233488,0.7413046139664738,2026-08-20
STRW,13.64,0.68,770924608.0,14157336.0,0.587,Real Estate,"Strawberry Fields REIT, Inc.",0.675,0.2296296296296294,forecast_icc,0.12419557830378747,0.010779726247887523,2026-08-20
STT,183.07,3.68,50289651712.0,274701765.0,87.008,Financial Services,State Street Corporation,13.69424,0.1174749383682483,forecast_icc,0.09450189089640382,0.4752717578160665,2026-08-20
STUB,6.83,0.0,2609674240.0,357339966.0,4.272,Communication Services,"StubHub Holdings, Inc.",0.54371,0.33210718949439966,forecast_icc,0.14742370840775643,0.5849604948209934,2026-08-20
STVN,22.35,0.06,6104370176.0,49832201.0,6.568166,Healthcare,Stevanato Group S.p.A.,0.70433,0.1930913066318345,forecast_icc,0.06342722068137782,0.05361833553282959,2026-08-20
STWD,16.41,1.92,6232008704.0,370168950.0,17.979,Real Estate,"STARWOOD PROPERTY TRUST, INC. S",1.54686,0.22405388981549734,forecast_icc,0.19644433344438672,1.0679169218390743,2026-08-20
STX,850.24,2.96,192702234624.0,226644518.0,4.88,Technology,Seagate Technology Holdings PLC,35.78091,0.5475123466675387,forecast_icc,0.15588756914540836,0.005739555900833599,2026-08-20
STZ,134.14,4.12,22911694848.0,170752511.0,48.147,Consumer Defensive,"Constellation Brands, Inc.",11.80013,0.05015283729925013,forecast_icc,0.08493775792301983,0.35882204270168355,2026-08-20
SU,67.94,1.71,80219832320.0,1180745189.0,29.42112,Energy,Suncor Energy  Inc.,10.0526,0.01,forecast_icc,0.09160908840426357,0.4330456059346657,2026-08-20
SUI,122.29,4.32,15451671552.0,121800957.0,45.054,Real Estate,"Sun Communities, Inc.",2.25399,0.31695349136420314,forecast_icc,0.07416284882739321,0.3551473572428936,2026-08-20
SUJA,7.5,0.0,178415248.0,23788700.0,,Consumer Defensive,"Suja Life, Inc.",0.17,0.75,forecast_icc,0.14799007954035426,,2026-08-20
SUN,75.41,4.01,14208289792.0,136896651.0,47.506,Energy,Sunoco LP,9.28257,0.08052511319602207,forecast_icc,0.12652737037484518,0.4577195705895411,2026-08-20
SUNB,77.1,3.0,31606956032.0,409947556.0,18.059,Industrials,"Sunbelt Rentals Holdings, Inc.",4.07972,0.09656790171874552,forecast_icc,0.07969731620963533,0.2342282789367219,2026-08-20
SUNC,76.7,4.01,3951368960.0,51517198.0,50.236,Energy,SunocoCorp LLC,10.32433,0.19507319119013045,forecast_icc,0.1779905271085932,0.6549674264607271,2026-08-20
SUNE,2.25,0.0,9277135.0,4123171.0,5.947,Technology,"SUNation Energy, Inc.",2.18,0.04,trailing_eps_fallback_icc,0.27370234037934404,2.6431110398846194,2026-08-20
SUNS,7.62,1.2,102990784.0,13515851.0,13.453,Real Estate,"Sunrise Realty Trust, Inc.",1.08,0.08333333333333326,forecast_icc,0.19156625379582942,1.7654855749326075,2026-08-20
SUPN,47.45,0.0,2760071680.0,58127013.0,17.73,Healthcare,"Supernus Pharmaceuticals, Inc.",2.565,0.7387914230019494,forecast_icc,0.21611562620191982,0.37339317958945184,2026-08-20
SUPV,7.65,0.0,722987776.0,75198595.0,9.061073,Financial Services,Grupo Supervielle S.A.,0.6064,0.75,forecast_icc,0.25613148725892676,0.9424501788429063,2026-08-20
SURG,0.175,0.0,4396331.0,25121895.0,-0.726,Communication Services,"SurgePays, Inc.",0.05,0.04,forecast_icc,0.1444893865023381,,2026-08-20
SUZ,8.5,0.0,10468265984.0,1231560722.0,7.6110044,Basic Materials,Suzano S.A.,1.539,0.01,forecast_icc,0.09500421299726358,0.8954122954399298,2026-08-20
SVCC,10.65,0.0,230198928.0,15555000.0,-0.236,Financial Services,Stellar V Capital Corp.,0.22,0.01,trailing_eps_fallback_icc,0.0206494416582631,,2026-08-20
SVCO,6.75,0.0,228728880.0,33885758.0,2.38,Technology,"Silvaco Group, Inc.",0.05167,0.75,forecast_icc,0.08310896851835892,0.352592571781928,2026-08-20
SVM,12.64,0.03,2796047872.0,221206309.0,4.461,Basic Materials,Silvercorp Metals Inc.,0.85,0.75,forecast_icc,0.24276461229882973,0.3529271992554068,2026-08-20
SVV,10.47,0.0,1604365824.0,153234555.0,2.805,Consumer Cyclical,"Savers Value Village, Inc.",0.49578,0.23056597684456825,forecast_icc,0.08929922278344693,0.26790830391996684,2026-08-20
SW,48.19,1.81,25276758016.0,524522908.0,34.386,Consumer Cyclical,Smurfit WestRock plc,1.91407,0.75,forecast_icc,0.2526898702408119,0.7135505551412564,2026-08-20
SWAG,1.86,0.0,34669632.0,18639589.0,1.673,Communication Services,"Stran & Company, Inc.",0.01,0.04,trailing_eps_fallback_icc,0.010000000000000002,0.8994624574324873,2026-08-20
SWBI,13.91,0.52,623719936.0,44839680.0,8.442,Industrials,"Smith & Wesson Brands, Inc.",0.47,,forecast_icc,0.010000000000000002,0.6069015221600997,2026-08-20
SWIM,7.09,0.0,834110784.0,117646086.0,3.379,Industrials,"Latham Group, Inc.",0.2102,0.33653663177925797,forecast_icc,0.08656779708321463,0.4765867223148142,2026-08-20
SWK,98.85,3.36,14927994880.0,151016641.0,57.75,Industrials,"Stanley Black & Decker, Inc.",5.6046,0.13824358562609307,forecast_icc,0.09318164739627377,0.5842185161407291,2026-08-20
SWKS,67.94,2.84,10223121408.0,150472782.0,38.128,Technology,"Skyworks Solutions, Inc.",5.04242,0.01,forecast_icc,0.06370086809838582,0.5612010268807325,2026-08-20
SWMR,45.91,0.0,547373440.0,11922750.0,2.178,Technology,"Swarmer, Inc",0.27,0.04,forecast_icc,0.010000000000000002,0.047440645823078297,2026-08-20
SWVL,1.46,0.0,14547943.0,9964344.0,0.594,Industrials,Swvl Holdings Corp,0.12,0.04,trailing_eps_fallback_icc,0.0672480803357901,0.40684929381425267,2026-08-20
SWX,91.3,2.58,6614306816.0,72445853.0,56.945,Utilities,"Southwest Gas Holdings, Inc.",4.25269,0.16116622655307578,forecast_icc,0.08682476382578697,0.6237129927365317,2026-08-20
SXC,9.4,0.48,797823552.0,84874850.0,6.9,Basic Materials,"SunCoke Energy, Inc.",0.32,0.01,forecast_icc,0.03582102040199979,0.7340425881536272,2026-08-20
SXI,309.42,1.36,3750004992.0,12119465.0,62.658,Industrials,Standex International Corporati,9.96,0.1909638554216866,forecast_icc,0.06470049446094961,0.20250144722207347,2026-08-20
SXT,132.58,1.64,5642977792.0,42562811.0,29.748,Basic Materials,Sensient Technologies Corporati,4.18204,0.1858447073676961,forecast_icc,0.06665324770260861,0.2243777218870189,2026-08-20
SYBT,82.05,1.28,2549018112.0,31066643.0,40.118,Financial Services,"Stock Yards Bancorp, Inc.",5.33,0.06597936210131339,forecast_icc,0.06999747675549212,0.4889457544482132,2026-08-20
SYF,76.71,1.36,24959197184.0,325370840.0,46.713,Financial Services,Synchrony Financial,9.36805,0.11792315369794126,forecast_icc,0.12294838373355521,0.6089558064256687,2026-08-20
SYK,327.7,3.52,125696892928.0,383573046.0,62.538,Healthcare,Stryker Corporation,15.01589,0.11581331509487613,forecast_icc,0.06614809496544816,0.19083917344312096,2026-08-20
SYM,41.46,0.0,25098424320.0,129873381.0,5.402,Industrials,Symbotic Inc.,0.57441,0.34851412753956224,forecast_icc,0.05476011102281107,0.02795299000515105,2026-08-20
SYNA,98.0,0.0,3832484352.0,39106986.0,23.795,Technology,Synaptics Incorporated,5.17718,0.2704425961623895,forecast_icc,0.1046206176486073,0.2428061399348931,2026-08-20
SYY,83.06,2.2,39747829760.0,478543630.0,5.571,Consumer Defensive,Sysco Corporation,5.08005,0.05720022440724004,forecast_icc,0.06861112342563,0.06707200314651846,2026-08-20
SZZL,10.45,0.0,326736672.0,23600000.0,-0.349,Financial Services,Sizzle Acquisition Corp. II,0.26,0.01,trailing_eps_fallback_icc,0.023760914814424328,,2026-08-20
T,25.15,1.11,172337496064.0,6852385650.0,16.056,Communication Services,AT&T Inc.,2.33771,0.0966800843560578,forecast_icc,0.11140952218885491,0.6384095539808806,2026-08-20
TAC,12.59,0.2,3982216960.0,316300000.0,1.9053077,Utilities,TransAlta Corporation,0.31,0.75,forecast_icc,0.18122941963775985,0.15133500549151396,2026-08-20
TACH,10.47,0.0,361215008.0,27600000.0,-0.396,Financial Services,Titan Acquisition Corp.,0.24,0.01,trailing_eps_fallback_icc,0.02234911981474439,,2026-08-20
TACO,10.47,0.0,392821344.0,37518750.0,7.974,Financial Services,Berto Acquisition Corp.,0.33,0.04,trailing_eps_fallback_icc,0.03425125553844256,0.7616045234548151,2026-08-20
TAK,18.13,0.62,57898205184.0,3193502878.0,14.986196,Healthcare,Takeda Pharmaceutical Company L,51.156,0.75,forecast_icc,0.4,0.8265966087235055,2026-08-20
TAL,11.47,0.0,,,6.82,Consumer Defensive,TAL Education Group,1.31725,0.01,forecast_icc,0.0703144226355964,,2026-08-20
TALK,5.25,0.0,870574976.0,165823816.0,0.676,Healthcare,"Talkspace, Inc.",0.13667,0.6097168361747274,forecast_icc,0.13111349651202053,0.12876191334036233,2026-08-20
TALO,17.75,0.0,2963637248.0,166965468.0,12.174,Energy,"Talos Energy, Inc.",0.96195,0.4992255314725298,forecast_icc,0.16009819354488763,0.6858591107274408,2026-08-20
TAOP,0.834,0.0,8009069.0,9552783.0,2.035,Technology,Taoping Inc.,0.37,0.04,forecast_icc,0.18350637992197472,2.427237598402511,2026-08-20
TAOX,3.68,0.0,27538332.0,7483242.0,3.113,Financial Services,Tao Synergies Inc.,1.65,0.04,trailing_eps_fallback_icc,0.18453833395583075,0.8459238688094834,2026-08-20
TAP,42.61,1.92,7944802304.0,174117990.0,54.144,Consumer Defensive,Molson Coors Beverage Company,4.75383,0.033316294440482785,forecast_icc,0.09620749030054954,1.1866178779317804,2026-08-20
TARS,71.49,0.0,3137195264.0,43882996.0,8.013,Healthcare,"Tarsus Pharmaceuticals, Inc.",2.325,0.04,forecast_icc,0.03497351081123151,0.11208561066729955,2026-08-20
TASK,7.76,0.0,711491328.0,36654327.0,3.004,Technology,"TaskUs, Inc.",1.32661,0.1164697989612622,forecast_icc,0.1379296619966205,0.15475887614472794,2026-08-20
TATT,36.2,0.0,470532576.0,12998137.0,13.901,Industrials,TAT Technologies Ltd.,1.55,0.31612903225806455,forecast_icc,0.1025820886200893,0.38400551131448124,2026-08-20
TAVI,10.71,0.0,170512128.0,15920833.0,-0.301,Financial Services,Tavia Acquisition Corp.,0.16,0.04,trailing_eps_fallback_icc,0.019992813791163175,,2026-08-20
TAYD,55.79,0.0,179923584.0,3225015.0,21.791,Industrials,"Taylor Devices, Inc.",3.85,0.10389610389610393,forecast_icc,0.07786662589963933,0.39058971760478045,2026-08-20
TBBB,49.77,0.0,6000409600.0,77938244.0,2.0988083,Consumer Defensive,BBB Foods Inc.,0.059374534,0.04,forecast_icc,0.010000000000000002,0.02726104454512992,2026-08-20
TBBK,66.91,0.0,2729045504.0,40786809.0,17.013,Financial Services,"The Bancorp, Inc.",5.98667,0.35300592817041854,forecast_icc,0.1620384363479942,0.254266915117367,2026-08-20
TBCH,12.13,0.0,217244816.0,17909711.0,5.705,Technology,Turtle Beach Corporation,0.52667,0.75,forecast_icc,0.1991366894014478,0.47032147020253867,2026-08-20
TBI,10.53,0.0,320578944.0,30444344.0,8.365,Industrials,"TrueBlue, Inc.",0.81667,0.04,forecast_icc,0.06463812305478689,0.7943969569005754,2026-08-20
TBLA,3.68,0.0,994171840.0,252115754.0,3.475,Communication Services,Taboola.com Ltd.,0.61082,0.01,forecast_icc,0.08984869915558791,0.8812382426261439,2026-08-20
TBPH,16.95,0.0,880022912.0,51918754.0,5.641,Healthcare,"Theravance Biopharma, Inc.",0.21,0.75,forecast_icc,0.10892289254914422,0.33280234789386937,2026-08-20
TC,2.15,0.0,56809332.0,26411433.0,11.322809,Communication Services,Token Cat Limited,0.58,0.04,forecast_icc,0.1399143827638193,5.264128282221256,2026-08-20
TCBI,98.04,0.8,4262227200.0,43474369.0,75.707,Financial Services,"Texas Capital Bancshares, Inc.",7.40114,0.11170846653353395,forecast_icc,0.08796936033708003,0.7722052109007703,2026-08-20
TCBK,55.68,1.44,1779901952.0,31966630.0,42.033,Financial Services,TriCo Bancshares,4.292,0.020969245107176127,forecast_icc,0.06534241393335927,0.7549030199557868,2026-08-20
TCBS,17.53,0.24,50358908.0,2872727.0,20.084,Financial Services,"Texas Community Bancshares, Inc",1.21,0.522,trailing_eps_fallback_icc,0.1992017766113542,1.1456930135975147,2026-08-20
TCBX,45.29,0.0,754303616.0,16654970.0,40.309,Financial Services,"Third Coast Bancshares, Inc.",3.95001,0.07847828233346243,forecast_icc,0.08247097940873027,0.8900198427923218,2026-08-20
TCI,37.34,0.0,327619840.0,8773965.0,,Real Estate,Transcontinental Realty Investo,0.94,0.04,trailing_eps_fallback_icc,0.029368914459192763,,2026-08-20
TCMD,23.43,0.0,530743072.0,22652286.0,9.86,Healthcare,"Tactile Systems Technology, Inc",1.165,0.24892703862660936,forecast_icc,0.09614205935303077,0.4208279895549913,2026-08-20
TCOM,46.43,0.3,29237213184.0,629705222.0,37.686844,Consumer Cyclical,Trip.com Group Limited,24.35483,0.1717174786274427,forecast_icc,0.27382527888691344,0.8116916724637229,2026-08-20
TD,116.85,3.2,193042153472.0,1652051000.0,51.98987,Financial Services,Toronto Dominion Bank (The),9.78084,0.13278409625349163,forecast_icc,0.10925407288363054,0.444928297672705,2026-08-20
TDAC,10.84,0.0,209307440.0,19308802.0,-0.299,Financial Services,Translational Development Acqui,0.26,0.04,trailing_eps_fallback_icc,0.02838589003985792,,2026-08-20
TDAY,6.52,0.0,957252928.0,146817941.0,0.975,Communication Services,"USA TODAY Co., Inc.",0.2954,0.01,forecast_icc,0.036133576925880664,0.14953988469283636,2026-08-20
TDC,27.57,0.0,2564009984.0,93000000.0,6.315,Technology,Teradata Corporation,2.70887,0.07504236083680649,forecast_icc,0.08775654719064546,0.2290533202541539,2026-08-20
TDF,10.84,0.6,272970272.0,25181761.0,13.019,Financial Services,"Templeton Dragon Fund, Inc.",3.04,0.528,trailing_eps_fallback_icc,0.3836506327267951,1.2010148360001633,2026-08-20
TDG,1180.4,0.0,65248411648.0,55276525.0,-167.974,Industrials,Transdigm Group Incorporated,41.18984,0.1750502065557915,forecast_icc,0.06299407310377894,,2026-08-20
TDS,34.71,0.16,3995676160.0,107573000.0,,Communication Services,"Telephone and Data Systems, Inc",3.70093,0.01,forecast_icc,0.06810689142124782,,2026-08-20
TDW,96.49,0.0,4800978944.0,49756231.0,27.515,Energy,Tidewater Inc.,2.81343,0.75,forecast_icc,0.16662405404080316,0.2851590710840243,2026-08-20
TDY,633.95,0.0,29387177984.0,46355673.0,235.54,Technology,Teledyne Technologies Incorpora,24.7178,0.08124185809416695,forecast_icc,0.048275023448003274,0.37154350868139485,2026-08-20
TE,4.36,0.0,1284138112.0,294527066.0,0.848,Industrials,T1 Energy Inc.,0.095,0.04,forecast_icc,0.026504707905838365,0.1944953970558581,2026-08-20
TEAM,174.91,0.0,44276510720.0,159005198.0,4.187,Technology,Atlassian Corporation,5.42266,0.2447083165826367,forecast_icc,0.07126077889880256,0.015036296971009373,2026-08-20
TECH,72.28,0.32,11261993984.0,155810652.0,13.323,Healthcare,Bio-Techne Corp,2.0466,0.01,forecast_icc,0.02675368015202613,0.18432484687393702,2026-08-20
TECK,66.16,0.35,32458098688.0,483000468.0,40.077656,Basic Materials,Teck Resources Ltd,5.88602,0.01,forecast_icc,0.06022056070766356,0.596385105314244,2026-08-20
TEI,6.76,0.65,319264096.0,47228418.0,6.768,Financial Services,Templeton Emerging Markets Inco,2.0,0.75,trailing_eps_fallback_icc,0.4,1.0011834623082703,2026-08-20
TEL,200.54,2.98,58058977280.0,289513228.0,45.685,Technology,TE Connectivity plc,11.45376,0.12679766295085626,forecast_icc,0.08084686374002248,0.2278099346702788,2026-08-20
TEN,42.32,2.0,1275000192.0,30127603.0,64.99,Energy,Tsakos Energy Navigation Ltd,4.6,0.01,forecast_icc,0.08319467589195317,1.5356804895053693,2026-08-20
TENB,34.11,0.0,3756875008.0,110139983.0,1.796,Technology,"Tenable Holdings, Inc.",1.98348,0.10139754371105347,forecast_icc,0.06904991433598856,0.05265317825234392,2026-08-20
TEO,13.2,0.04,,,12.552488,Communication Services,Telecom Argentina SA,1.57012,0.01,forecast_icc,0.0729035113446238,,2026-08-20
TER,383.15,0.52,59901960192.0,156340750.0,20.083,Technology,"Teradyne, Inc.",9.09271,0.27058159778547863,forecast_icc,0.064945045888268,0.05241550146583222,2026-08-20
TEVA,36.81,0.0,42894553088.0,1165296084.0,6.653,Healthcare,Teva Pharmaceutical Industries ,2.14291,0.43523059764525796,forecast_icc,0.15026023255927845,0.18073891179019805,2026-08-20
TEX,64.2,0.68,7338059776.0,114300000.0,43.354,Industrials,Terex Corporation,5.0234,0.18775729585539702,forecast_icc,0.11307985900092887,0.675295970769699,2026-08-20
TFC,50.23,2.08,61362286592.0,1221626188.0,48.038,Financial Services,Truist Financial Corporation,4.61039,0.08229021839800965,forecast_icc,0.10397853570813745,0.9563606912066227,2026-08-20
TFII,139.52,1.88,11467572224.0,82193031.0,33.28,Industrials,TFI International Inc.,5.98628,0.318904227667266,forecast_icc,0.11306771242533775,0.23853209888272864,2026-08-20
TFIN,73.93,0.0,1766523008.0,23894537.0,38.43,Financial Services,"Triumph Financial, Inc.",2.046,0.5454545454545456,forecast_icc,0.12276203843362377,0.5198160752797848,2026-08-20
TFPM,33.29,0.24,6857840640.0,206003031.0,10.403,Basic Materials,Triple Flag Precious Metals Cor,1.39345,0.1080698984534787,forecast_icc,0.05921523775984039,0.3124962570569444,2026-08-20
TFSL,17.5,1.13,4907748352.0,280442755.0,6.894,Financial Services,TFS Financial Corporation,0.36,0.08333333333333348,forecast_icc,0.03593034247618879,0.3939428459452519,2026-08-20
TFX,134.96,1.36,5718578688.0,42372397.0,68.548,Healthcare,Teleflex Incorporated,7.07617,0.5477200236851292,forecast_icc,0.17996935070762243,0.5079134568264246,2026-08-20
TG,7.86,0.0,273729408.0,34825622.0,6.674,Industrials,Tredegar Corporation,1.11,0.75,forecast_icc,0.32114571636650224,0.8491093555720546,2026-08-20
TGB,8.69,0.0,3180742656.0,366023318.0,1.6764579,Basic Materials,Trekor Metals Limited,0.56125,0.75,forecast_icc,0.23559961428247134,0.19291805386638364,2026-08-20
TGEN,3.26,0.0,98412296.0,30187822.0,0.659,Industrials,Tecogen Inc.,0.15,0.04,forecast_icc,0.04446847146156341,0.2021472469050006,2026-08-20
TGLS,40.58,0.6,1800316160.0,44364616.0,16.572,Basic Materials,Tecnoglass Holdings Inc.,2.58,0.3294573643410852,forecast_icc,0.1416413781191278,0.40837850189157887,2026-08-20
TGS,28.12,0.95,4233528320.0,69513693.0,15.589187,Energy,Transportadora de Gas del Sur S,2.69999,0.01,forecast_icc,0.07232505554034463,0.2559713499773142,2026-08-20
TGT,158.25,4.64,,,36.098,Consumer Defensive,Target Corporation,9.90867,0.01,forecast_icc,0.0530419295924488,,2026-08-20
TGTX,50.56,0.0,7739906048.0,153083580.0,4.114,Healthcare,"TG Therapeutics, Inc.",0.95,0.75,forecast_icc,0.13502743418497454,0.08136866832934456,2026-08-20
TH,17.63,0.0,1756360832.0,99623423.0,3.691,Industrials,Target Hospitality Corp.,0.71313,0.04,forecast_icc,0.040343210225468495,0.20935906084530584,2026-08-20
THC,272.6,0.0,21949478912.0,80519000.0,57.858,Healthcare,Tenet Healthcare Corporation,21.20792,0.01,forecast_icc,0.053374444648752184,0.21224505240773892,2026-08-20
THFF,79.07,2.24,940292224.0,11891896.0,55.104,Financial Services,First Financial Corporation,7.65667,0.02133172776154657,forecast_icc,0.07681468519323664,0.6969014743059281,2026-08-20
THG,223.11,3.8,7768739328.0,34820221.0,105.229,Financial Services,Hanover Insurance Group Inc,20.38375,0.01,forecast_icc,0.06472319908287838,0.4716462840248616,2026-08-20
THO,78.74,2.08,4098997248.0,52057373.0,82.877,Consumer Cyclical,"Thor Industries, Inc.",3.50677,0.3061791905371609,forecast_icc,0.12221007811468651,1.052540082632668,2026-08-20
THRM,40.67,0.0,1248780800.0,30705208.0,23.55,Consumer Cyclical,Gentherm Inc,2.91978,0.12197836823322294,forecast_icc,0.08479148940801362,0.579050901807587,2026-08-20
TIC,9.02,0.0,1968347648.0,218220356.0,9.529,Industrials,"TIC Solutions, Inc.",0.44834,0.21604139715394566,forecast_icc,0.08859598901213983,1.0564301354168102,2026-08-20
TIGO,90.47,3.0,15172723712.0,167710000.0,18.768,Communication Services,Millicom International Cellular,4.40002,0.5528293053213396,forecast_icc,0.20368159294102994,0.2074499832558475,2026-08-20
TIGR,5.07,0.0,906012352.0,172193213.0,4.735,Financial Services,UP Fintech Holding Limited,0.51561,0.75,forecast_icc,0.28282776199941584,0.8999158364178682,2026-08-20
TILE,39.08,0.12,2258842112.0,57800460.0,11.736,Consumer Cyclical,"Interface, Inc.",2.3775,0.02208201892744488,forecast_icc,0.04972305702645219,0.3003070444615476,2026-08-20
TIMB,17.47,1.6,8346009600.0,477733839.0,10.064762,Communication Services,TIM S.A.,1.76467,0.16945377889350421,forecast_icc,0.17560200315176566,0.5761169252526762,2026-08-20
TJX,140.69,1.92,155420868608.0,1104704446.0,9.414,Consumer Cyclical,"TJX Companies, Inc. (The)",5.29297,0.09161019238726076,forecast_icc,0.05367528353374451,0.06691307124832717,2026-08-20
TK,13.18,0.0,1155772288.0,87691370.0,8.419,Energy,Teekay Corporation Ltd.,0.43,0.75,forecast_icc,0.17541085949426394,0.6387708475927744,2026-08-20
TKC,5.4,0.22,4701115904.0,870577022.0,111.665,Communication Services,Turkcell Iletisim Hizmetleri AS,25.67,0.75,forecast_icc,0.4,20.678703768804166,2026-08-20
TKLF,1.79,0.24,7576678.0,4232781.0,9.702,Consumer Cyclical,"Tokyo Lifestyle Co., Ltd.",0.2,0.01,trailing_eps_fallback_icc,0.11463869792025794,5.420111724689898,2026-08-20
TKO,195.45,3.11,36992765952.0,73111098.0,45.689,Communication Services,"TKO Group Holdings, Inc.",4.65347,0.0572411555248018,forecast_icc,0.03398379985755749,0.09029800477359017,2026-08-20
TKR,124.52,1.44,8628842496.0,69296839.0,46.032,Industrials,Timken Company (The),6.27026,0.16141276438297614,forecast_icc,0.0820652279314048,0.3696755496842945,2026-08-20
TLF,2.59,0.0,21217474.0,8192075.0,5.71,Consumer Cyclical,"Tandy Leather Factory, Inc.",0.58,0.04,forecast_icc,0.12583379359328484,2.2046332306098266,2026-08-20
TLIH,5.7986,0.0,17050406.0,2940435.0,4.436026,Industrials,Ten-League International Holdin,1.57,0.75,trailing_eps_fallback_icc,0.4,0.7650167457191341,2026-08-20
TLK,14.7,1.22,14491398144.0,985809408.0,,Communication Services,"PT Telekomunikasi Indonesia, Tb",1.14686,,forecast_icc,0.010000000000000002,,2026-08-20
TLN,316.99,0.0,15188340736.0,47914259.0,33.737,Utilities,Talen Energy Corporation,22.11295,0.3894876079401437,forecast_icc,0.1524638829636723,0.10642922646919212,2026-08-20
TLRY,4.67,0.0,642502848.0,137580913.0,3.018,Healthcare,"Tilray Brands, Inc.",0.26,0.01,forecast_icc,0.04152833732429573,0.6462526924612169,2026-08-20
TLS,4.43,0.0,331083968.0,74736789.0,1.29,Technology,Telos Corporation,0.1575,0.6761904761904762,forecast_icc,0.16685485121537125,0.2911963946559925,2026-08-20
TLX,12.42,0.0,4207611136.0,338777049.0,1.226,Healthcare,Telix Pharmaceuticals Limited,0.1546,0.3130659767141011,forecast_icc,0.046254054030675215,0.0987117508365678,2026-08-20
TLYS,3.83,0.0,116770648.0,23182312.0,2.551,Consumer Cyclical,"Tilly's, Inc.",0.02,0.04,forecast_icc,0.010000000000000002,0.5064464308873237,2026-08-20
TM,192.24,6.27,227632398336.0,1184105248.0,12.371997,Consumer Cyclical,Toyota Motor Corporation,16.906,0.21269253519460563,forecast_icc,0.14135537757428873,0.06435703653359699,2026-08-20
TMDE,0.758049,0.0,17863424.0,23565000.0,0.916,Energy,TMD Energy Limited,0.08,0.015,trailing_eps_fallback_icc,0.06893355909004273,1.2083652047894065,2026-08-20
TMDX,90.85,0.0,3150236672.0,34675145.0,14.96,Healthcare,"TransMedics Group, Inc.",1.559,0.4788325849903785,forecast_icc,0.08373036862514527,0.1646670467049912,2026-08-20
TME,8.85,0.24,14489874432.0,804799234.0,7.131018,Communication Services,Tencent Music Entertainment Gro,6.25491,0.0791634092257123,forecast_icc,0.27059041594391686,0.3960722952412823,2026-08-20
TMO,627.55,1.88,232034910208.0,369747286.0,142.473,Healthcare,Thermo Fisher Scientific Inc,25.11793,0.09523674920664238,forecast_icc,0.05316249575616372,0.22703051463702448,2026-08-20
TMP,97.12,2.8,1396867712.0,14382905.0,67.036,Financial Services,Tompkins Financial Corporation,7.815,0.06461932181701857,forecast_icc,0.08493983171599795,0.6902388904096883,2026-08-20
TMUS,181.22,4.08,194389557248.0,1072671613.0,52.348,Communication Services,"T-Mobile US, Inc.",10.94575,0.2694872439074527,forecast_icc,0.12751292362074118,0.2888643525520542,2026-08-20
TNC,68.02,1.24,1159693568.0,17049303.0,31.178,Industrials,Tennant Company,3.85,0.4597402597402598,forecast_icc,0.1716365075895806,0.45836519542893595,2026-08-20
TNDM,22.57,0.0,1570391296.0,69578707.0,1.875,Healthcare,"Tandem Diabetes Care, Inc.",0.17548,0.04,forecast_icc,0.011751384714391515,0.08307488455730717,2026-08-20
TNET,68.7,1.16,3153655296.0,45904738.0,1.799,Industrials,"TriNet Group, Inc.",4.84161,0.010798060975584445,forecast_icc,0.0543673941279066,0.026186319020580745,2026-08-20
TNK,91.12,1.0,3160051968.0,30054115.0,63.212,Energy,Teekay Tankers Ltd.,17.96734,0.01,forecast_icc,0.10395177065685346,0.6011865426954903,2026-08-20
TNL,70.74,2.4,4335094272.0,61282085.0,-16.628,Consumer Cyclical,Travel   Leisure Co.,7.60702,0.17791723960236716,forecast_icc,0.1440214087945232,,2026-08-20
TOL,145.12,1.04,,,87.246,Consumer Cyclical,"Toll Brothers, Inc.",12.76563,0.09994571360755389,forecast_icc,0.09234074966378339,,2026-08-20
TOMZ,1.82,0.0,14819491.0,8142577.0,-0.0,Industrials,"TOMI Environmental Solutions, I",0.12,0.04,forecast_icc,0.05774256045283688,,2026-08-20
TONT,10.85,0.0,153632016.0,14159632.0,-0.383,Financial Services,Graf Global Corp.,0.27,0.01,trailing_eps_fallback_icc,0.023764038572836634,,2026-08-20
TOON,0.6496,0.0,40407788.0,62204105.0,0.377,Communication Services,"Kartoon Studios, Inc.",0.08,0.04,trailing_eps_fallback_icc,0.0876691646357376,0.580357122864533,2026-08-20
TOPS,0.7941,0.0,4400640.0,5541670.0,19.279,Energy,"TOP Ships, Inc.",2.19,0.04,forecast_icc,0.4,24.277799576879726,2026-08-20
TORO,6.0,0.0,207355968.0,34559330.0,7.534,Energy,Toro Corp.,0.02,0.04,trailing_eps_fallback_icc,0.010000000000000002,1.2556667393339747,2026-08-20
TOST,35.32,0.0,20414959616.0,514000000.0,3.431,Technology,"Toast, Inc.",1.38658,0.24828715256241973,forecast_icc,0.083358404806399,0.08638439816544381,2026-08-20
TOUR,4.87,1.2,52906496.0,10284640.0,13.936576,Consumer Cyclical,Tuniu Corporation,2.4,0.41666666666666674,forecast_icc,0.4,2.709169531708167,2026-08-20
TOVX,0.2302,0.0,10564492.0,45892668.0,0.336,Healthcare,"Theriva Biologics, Inc.",1.44,0.04,trailing_eps_fallback_icc,0.4,1.4596003715086348,2026-08-20
TOWN,37.49,1.09,3465473536.0,92437275.0,31.677,Financial Services,Towne Bank,3.14,0.09341719745222932,forecast_icc,0.09707012046744279,0.844945295284171,2026-08-20
TOYO,4.515,0.0,192876048.0,42718948.0,3.702,Technology,"TOYO Co., Ltd",2.295,0.4509803921568629,forecast_icc,0.3912132419752953,0.8199335642546969,2026-08-20
TP,7.65,0.0,91612768.0,11975525.0,0.554,Technology,Ticketplus Ltd.,0.19,0.511,trailing_eps_fallback_icc,0.1095446979155551,0.0724182992702502,2026-08-20
TPB,86.74,0.32,1739043456.0,20048922.0,21.452,Consumer Defensive,"Turning Point Brands, Inc.",1.88,0.2872340425531916,forecast_icc,0.0653484745062593,0.24731381683425857,2026-08-20
TPC,90.36,0.36,4754264576.0,52614703.0,,Industrials,Tutor Perini Corporation,5.37588,0.12841804504564824,forecast_icc,0.07856097417605398,,2026-08-20
TPCS,5.8,0.0,58581804.0,10100311.0,0.765,Industrials,TechPrecision Corporation,1.58,0.04,forecast_icc,0.14068411899322453,0.13189655127383923,2026-08-20
TPG,51.57,2.24,31374006272.0,160109058.0,7.069,Financial Services,TPG Inc.,1.97,0.75,forecast_icc,0.25111109970973977,0.036074797754219054,2026-08-20
TPL,369.56,2.4,25490282496.0,68974683.0,22.558,Energy,Texas Pacific Land Corporation,8.71095,0.09975146224005416,forecast_icc,0.03806826596403756,0.06104015910212689,2026-08-20
TPR,129.82,1.85,25885028352.0,199391678.0,3.373,Consumer Cyclical,"Tapestry, Inc.",7.97863,0.11183248251892874,forecast_icc,0.08008276791397761,0.02598212838511478,2026-08-20
TPVG,5.38,0.75,219018320.0,40709723.0,8.667,Financial Services,TriplePoint Venture Growth BDC ,0.87,0.01,forecast_icc,0.15143382854977283,1.6109664672845632,2026-08-20
TR,41.67,0.36,3132044288.0,43072874.0,12.704,Consumer Defensive,"Tootsie Roll Industries, Inc.",1.27,0.01,trailing_eps_fallback_icc,0.028837113015276507,0.17470946799587528,2026-08-20
TRAK,7.98,0.08,145025040.0,18173565.0,2.778,Technology,"ReposiTrak, Inc.",0.37,0.16216216216216206,forecast_icc,0.07749945533248487,0.34812032163549134,2026-08-20
TRC,16.46,0.0,444772928.0,27021444.0,,Industrials,Tejon Ranch Co,0.11,,forecast_icc,0.010000000000000002,,2026-08-20
TREE,30.59,0.0,429470176.0,14039561.0,22.856,Financial Services,"LendingTree, Inc.",5.3377,0.240425651497836,forecast_icc,0.1834602661529675,0.7471722698062275,2026-08-20
TREX,47.3,0.0,4818223616.0,101865190.0,9.584,Industrials,"Trex Company, Inc.",1.76848,0.14032954853885804,forecast_icc,0.0588995060355505,0.20262155905717097,2026-08-20
TRGP,302.25,5.0,64811778048.0,214431021.0,14.607,Energy,"Targa Resources, Inc.",11.49723,0.05065220057352948,forecast_icc,0.04530885119623815,0.04832754196972158,2026-08-20
TRI,105.88,2.62,45869817856.0,433224578.0,25.68,Industrials,Thomson Reuters Corp,4.43669,0.1458204201781057,forecast_icc,0.07595797187052578,0.24253872552896494,2026-08-20
TRIN,18.27,2.55,1642247424.0,89887651.0,13.267,Financial Services,Trinity Capital Inc.,2.08,0.012822115384615307,forecast_icc,0.11897142428578344,0.7261630911329716,2026-08-20
TRIP,10.03,0.0,1167102464.0,116361169.0,5.709,Consumer Cyclical,"TripAdvisor, Inc.",0.8499,0.2647370278856336,forecast_icc,0.13376462698809355,0.5691924525154631,2026-08-20
TRLV,10.25,0.0,1971924224.0,169976549.0,6.072,Healthcare,Trulieve Cannabis Corp. Subordi,0.55566,0.04,forecast_icc,0.05018806908499297,0.5233961797144594,2026-08-20
TRMB,59.68,0.0,13916173312.0,233179848.0,24.33,Technology,Trimble Inc.,3.66919,0.1237902643362705,forecast_icc,0.07736561996919739,0.40767426322205313,2026-08-20
TRMD,31.06,2.8,3179522816.0,102367118.0,22.262,Energy,TORM plc,8.92,0.01,forecast_icc,0.16391638300473066,0.716741760571156,2026-08-20
TRMK,46.58,1.0,2712152576.0,58225687.0,36.816,Financial Services,Trustmark Corporation,3.93833,0.043589541760086226,forecast_icc,0.07699068199559977,0.790382116242711,2026-08-20
TRN,29.74,1.24,2369370624.0,79669486.0,14.343,Industrials,"Trinity Industries, Inc.",2.225,0.01,forecast_icc,0.06399836905407119,0.48227973543830005,2026-08-20
TRNO,68.4,2.28,7453569536.0,108970310.0,40.633,Real Estate,Terreno Realty Corporation,2.08,0.01,forecast_icc,0.03259614695693236,0.5940496811419297,2026-08-20
TRNS,91.51,0.0,856516480.0,9359813.0,32.207,Industrials,"Transcat, Inc.",1.905,0.13779527559055116,forecast_icc,0.038510656870768656,0.351950609626332,2026-08-20
TROW,112.19,5.2,23931906048.0,213315850.0,51.579,Financial Services,"T. Rowe Price Group, Inc.",10.2122,0.01,forecast_icc,0.07428563280059308,0.45974684193904786,2026-08-20
TRP,63.03,2.5,,,,Energy,TC Energy Corporation,3.72423,0.053031096360858454,forecast_icc,0.07087527277176175,,2026-08-20
TRS,38.57,0.16,1383655296.0,35873873.0,40.216,Consumer Cyclical,TriMas Corporation,1.652,0.27966101694915246,forecast_icc,0.09728795837394089,1.0426756438100606,2026-08-20
TRST,57.2,1.6,973986752.0,17027740.0,38.525,Financial Services,TrustCo Bank Corp NY,2.87,0.241,forecast_icc,0.11244624504196599,0.6735139694179331,2026-08-20
TRT,11.14,0.0,,,3.83,Technology,Trio-Tech International,0.05,0.04,trailing_eps_fallback_icc,0.010000000000000002,,2026-08-20
TRTX,7.86,0.96,603404416.0,76769009.0,13.567,Real Estate,"TPG RE Finance Trust, Inc.",0.996,0.11646586345381538,forecast_icc,0.18786337369557626,1.7260814098897812,2026-08-20
TRU,85.11,0.5,16307076096.0,191600000.0,24.656,Financial Services,TransUnion,4.84925,0.15634788884879125,forecast_icc,0.08431440220648956,0.28969568622782,2026-08-20
TRUP,30.68,0.0,1338276096.0,43620472.0,9.338,Financial Services,"Trupanion, Inc.",4.04,0.054455445544554504,forecast_icc,0.09718974946634992,0.3043676628114861,2026-08-20
TRV,364.49,5.0,76023504896.0,208575022.0,158.778,Financial Services,"The Travelers Companies, Inc.",34.05444,0.01,forecast_icc,0.06473270903279724,0.4356169172734164,2026-08-20
TRVG,4.89,0.0,345030848.0,23063075.0,3.333462,Communication Services,trivago N.V.,0.05497,0.75,forecast_icc,0.10334031829923113,0.22282032044755024,2026-08-20
TRX,1.17,0.0,,,0.27,Basic Materials,TRX Gold Corporation,0.17,0.04,forecast_icc,0.09721858364906699,,2026-08-20
TS,52.68,2.38,,,16.801,Energy,Tenaris S.A.,3.73218,0.09107545723946875,forecast_icc,0.09513316704175734,,2026-08-20
TSBK,46.33,1.2,360246720.0,7775668.0,35.163,Financial Services,"Timberland Bancorp, Inc.",3.99,0.09,trailing_eps_fallback_icc,0.09599646305694087,0.7589682256760034,2026-08-20
TSCO,35.05,0.96,18262456320.0,521040137.0,5.025,Consumer Cyclical,Tractor Supply Company,1.8725,0.09250200267022701,forecast_icc,0.07366735830071691,0.14336662289823893,2026-08-20
TSEM,223.78,0.0,25294131200.0,113031240.0,27.202,Technology,Tower Semiconductor Ltd.,3.85575,0.6873215327757245,forecast_icc,0.11860206110493243,0.12155688472431107,2026-08-20
TSI,4.375,0.34,278748416.0,63713920.0,5.112,Financial Services,"TCW Strategic Income Fund, Inc.",0.41,0.01,trailing_eps_fallback_icc,0.0885451856399061,1.1684570757883697,2026-08-20
TSLA,345.13,0.0,1363107381248.0,3949547394.0,21.995,Consumer Cyclical,"Tesla, Inc.",1.78059,0.2214939991800473,forecast_icc,0.018878852065237095,0.06372960496442727,2026-08-20
TSLX,18.77,1.68,1789590656.0,95343139.0,16.242,Financial Services,"Sixth Street Specialty Lending,",1.7377,0.05277665880186455,forecast_icc,0.11720919684113629,0.8653170256818775,2026-08-20
TSM,416.0,4.34,2157573177344.0,5186474013.0,4.8580594,Technology,Taiwan Semiconductor Manufactur,16.89809,0.28897822179903176,forecast_icc,0.10065815726383615,0.011678027469143462,2026-08-20
TSN,58.4,2.04,20545208320.0,281792507.0,51.39,Consumer Defensive,"Tyson Foods, Inc.",3.95055,0.13351305514422052,forecast_icc,0.10147895765818815,0.7048513068924677,2026-08-20
TSQ,5.76,0.8,105014248.0,16916343.0,-2.255,Communication Services,"Townsquare Media, Inc.",0.34,0.01,forecast_icc,0.060680175002679415,,2026-08-20
TSSI,8.79,0.0,248045632.0,28219070.0,2.804,Technology,"TSS, Inc.",0.21,0.1428571428571428,forecast_icc,0.043225571762423365,0.3189988537270433,2026-08-20
TT,451.1,4.2,99252461568.0,220023177.0,38.837,Industrials,Trane Technologies plc,15.24248,0.14695508867323426,forecast_icc,0.059933073473838305,0.08609398689114234,2026-08-20
TTAM,14.95,0.16,2756381440.0,184373341.0,5.904,Basic Materials,Titan America SA,1.105,0.1430859728506788,forecast_icc,0.09699332255812954,0.39491638909889043,2026-08-20
TTAN,92.57,0.0,8830953472.0,82746425.0,16.123,Technology,"ServiceTitan, Inc.",1.31119,0.25167214515058833,forecast_icc,0.04246363629185344,0.1510732238036414,2026-08-20
TTC,97.79,1.56,,,14.343,Industrials,Toro Company (The),4.606,0.09986973512809372,forecast_icc,0.0654412493735598,,2026-08-20
TTD,13.32,0.0,6258804224.0,426771565.0,5.209,Communication Services,"The Trade Desk, Inc.",1.16099,0.01,forecast_icc,0.05794953602078318,0.3551881481706177,2026-08-20
TTE,90.9,4.24,201540419584.0,2217166424.0,57.733,Energy,TotalEnergies SE,10.64217,0.01,forecast_icc,0.08676156418730818,0.6351265389890755,2026-08-20
TTEC,1.43,0.0,70493192.0,49295940.0,1.958,Technology,"TTEC Holdings, Inc.",0.84667,0.27558552919083,forecast_icc,0.33592826786639984,1.3692308119626644,2026-08-20
TTEK,36.57,0.29,9363545088.0,256044428.0,7.233,Industrials,"Tetra Tech, Inc.",1.57707,0.10191684579631843,forecast_icc,0.059260992630391834,0.19778506220869493,2026-08-20
TTGT,3.88,0.0,280650720.0,72332660.0,7.008,Technology,"TechTarget, Inc.",1.1,0.01,forecast_icc,0.12525773054225697,1.8061855721588742,2026-08-20
TTI,7.23,0.0,1070566208.0,148072779.0,2.754,Industrials,"Tetra Technologies, Inc.",0.25,0.48,forecast_icc,0.12406579600705825,0.38091285743814546,2026-08-20
TTMI,114.38,0.0,12049803264.0,105348864.0,17.697,Technology,"TTM Technologies, Inc.",4.85,0.42113402061855676,forecast_icc,0.12488964362367627,0.15472110252438392,2026-08-20
TTWO,240.15,0.0,44903354368.0,186980443.0,18.937,Communication Services,"Take-Two Interactive Software, ",1.91688,0.75,forecast_icc,0.08517350294620854,0.07885488064148624,2026-08-20
TU,10.02,0.54,15781500928.0,1575000000.0,6.078713,Communication Services,Telus Corporation,0.512,0.07605468749999988,forecast_icc,0.07742441427038516,0.6066579483586113,2026-08-20
TUYA,1.75,0.11,1072943616.0,542948046.0,1.634,Technology,Tuya Inc.,0.1175,0.1276595744680853,forecast_icc,0.11537366036219077,0.8268627483627247,2026-08-20
TV,2.7,0.09,1423062016.0,527060000.0,11.330861,Communication Services,Grupo Televisa S.A.B.,3.15305,0.18284518164951402,forecast_icc,0.4,4.196615138001126,2026-08-20
TVA,10.54,0.0,316200000.0,22500000.0,-0.359,Financial Services,Texas Ventures Acquisition III ,0.09,0.04,trailing_eps_fallback_icc,0.012721825703485748,,2026-08-20
TVAI,10.37,0.0,282020768.0,20487500.0,-0.313,Financial Services,Thayer Ventures Acquisition Cor,0.26,0.75,trailing_eps_fallback_icc,0.15528128225317012,,2026-08-20
TVTX,64.46,0.0,6076069376.0,94261082.0,1.068,Healthcare,"Travere Therapeutics, Inc.",1.7353,0.75,forecast_icc,0.16056056704069477,0.01656841443806451,2026-08-20
TW,106.1,0.56,22920597504.0,114038202.0,31.086,Financial Services,Tradeweb Markets Inc.,4.05938,0.13230345520744535,forecast_icc,0.060197640352573356,0.1546640111259466,2026-08-20
TWFG,28.44,0.0,1537233024.0,12880333.0,3.606,Financial Services,"TWFG, Inc.",1.14347,0.0120860188723797,forecast_icc,0.03395663911600788,0.030214339708330387,2026-08-20
TWG,0.8,0.0,52730572.0,59579883.0,18.928,Consumer Defensive,Top Wealth Group Holding Limite,3.87,0.01,trailing_eps_fallback_icc,0.4,21.386607098136544,2026-08-20
TWI,6.67,0.0,430497504.0,64542352.0,7.695,Industrials,"Titan International, Inc. (DE)",0.29,0.04,forecast_icc,0.042615755169909106,1.1536731201117487,2026-08-20
TWIN,24.47,0.2,352926560.0,14422827.0,12.873,Industrials,"Twin Disc, Incorporated",1.99,0.01,forecast_icc,0.0572649364856543,0.5260727670113577,2026-08-20
TWLO,219.89,0.0,33769654272.0,153575220.0,51.175,Technology,Twilio Inc.,5.93067,0.14520619086882247,forecast_icc,0.047635872893570144,0.23273000724844375,2026-08-20
TWLV,10.05,0.0,235546880.0,17745000.0,-0.272,Financial Services,Twelve Seas Investment Company ,0.12,0.04,trailing_eps_fallback_icc,0.016758900778232354,,2026-08-20
TWN,96.57,0.0,554508736.0,5742039.0,79.33,Financial Services,"Taiwan Fund, Inc. (The)",38.86,0.04,trailing_eps_fallback_icc,0.17421593915620825,0.8214766049601065,2026-08-20
TWO,12.04,1.36,1265822464.0,105134760.0,10.876,Real Estate,Two Harbors Investment Corp,1.19836,0.01,forecast_icc,0.10217011697411127,0.9033222922484018,2026-08-20
TX,54.21,2.2,,,,Basic Materials,Ternium S.A. Ternium S.A.,6.90667,0.0167316521565386,forecast_icc,0.09313147856068371,,2026-08-20
TXG,63.87,0.0,8321696768.0,120212296.0,6.313,Healthcare,"10x Genomics, Inc.",0.105,0.75,forecast_icc,0.030118012917660156,0.09119537106497942,2026-08-20
TXMD,2.06,0.0,23843186.0,11574362.0,2.33,Healthcare,"TherapeuticsMD, Inc.",0.35,0.01,forecast_icc,0.09121141124658794,1.1310679478824683,2026-08-20
TXN,265.6,5.68,242558582784.0,913247686.0,19.723,Technology,Texas Instruments Incorporated,8.50003,0.1804746571482687,forecast_icc,0.07075649327673683,0.07425828393389729,2026-08-20
TXNM,57.46,1.69,5921029632.0,103046111.0,32.009,Utilities,"TXNM Energy, Inc.",2.86066,0.13949927639076298,forecast_icc,0.08468809355054974,0.5570657760557209,2026-08-20
TXO,14.06,1.41,779576512.0,55446407.0,12.627,Energy,"TXO Partners, L.P.",1.14,0.04,forecast_icc,0.09963297097265034,0.8980796245295292,2026-08-20
TXRH,201.19,3.0,13206298624.0,65640926.0,23.411,Consumer Cyclical,"Texas Roadhouse, Inc.",6.58845,0.18066313017477564,forecast_icc,0.06840960281103578,0.11636263591626626,2026-08-20
TXT,84.37,0.08,14510536704.0,171986917.0,46.843,Industrials,Textron Inc.,6.45362,0.12028752854986813,forecast_icc,0.08810021436420168,0.5552091778114702,2026-08-20
TY,35.54,1.14,1891914496.0,53233385.0,36.348,Financial Services,Tri Continental Corporation,4.91,0.165,trailing_eps_fallback_icc,0.15613770600336718,1.0227349502691268,2026-08-20
TYG,44.79,5.42,,,46.545,Financial Services,,7.19,0.04,trailing_eps_fallback_icc,0.1608193478140122,,2026-08-20
TYGO,1.09,0.0,83683352.0,76773711.0,0.538,Technology,"Tigo Energy, Inc.",0.16,0.04,trailing_eps_fallback_icc,0.0978317569152295,0.49357794030525926,2026-08-20
TYL,348.14,0.0,14257124352.0,40952274.0,74.204,Technology,"Tyler Technologies, Inc.",13.09892,0.17197066628393798,forecast_icc,0.06559760891347033,0.21314414217546693,2026-08-20
TZOO,6.7,0.0,68355656.0,10202337.0,-0.793,Communication Services,Travelzoo,0.62333,0.04,forecast_icc,0.07308240344017677,,2026-08-20
U,46.54,0.0,20481738752.0,440088933.0,6.819,Technology,Unity Software Inc.,1.21129,0.43726935746187956,forecast_icc,0.09853962406435135,0.146519124692671,2026-08-20
UA,5.15,0.0,2212159488.0,206256035.0,3.325,Consumer Cyclical,"Under Armour, Inc.",0.38,0.04,forecast_icc,0.06245893236854039,0.3100144090402039,2026-08-20
UAA,5.3,0.0,2276591360.0,188839506.0,3.325,Consumer Cyclical,"Under Armour, Inc.",0.10862,0.75,forecast_icc,0.14093309271031262,0.2758032769877507,2026-08-20
UAL,111.71,0.0,36257685504.0,324569728.0,51.441,Industrials,"United Airlines Holdings, Inc.",10.32471,0.49565072529882204,forecast_icc,0.20382777000250074,0.4604869601013571,2026-08-20
UAMY,5.27,0.0,788757632.0,149669384.0,0.922,Basic Materials,United States Antimony Corporat,0.06,0.01,forecast_icc,0.012781665563278748,0.17495256647862142,2026-08-20
UAN,124.49,14.47,,,32.827,Basic Materials,"CVR Partners, LP",15.16,0.75,trailing_eps_fallback_icc,0.4,,2026-08-20
UBCP,16.2,0.77,92915392.0,5735518.0,11.676,Financial Services,"United Bancorp, Inc.",1.35,0.19999999999999996,forecast_icc,0.14353964327621138,0.7207407376379578,2026-08-20
UBER,78.55,0.0,160443105280.0,2042560121.0,13.39,Technology,"Uber Technologies, Inc.",3.28086,0.4117243649530915,forecast_icc,0.12185634902051834,0.17046466392220405,2026-08-20
UBS,53.2,1.1,162884681728.0,3061742149.0,29.122,Financial Services,UBS Group AG Registered,3.36583,0.21073553922806565,forecast_icc,0.1125831367815579,0.5474060170499792,2026-08-20
UBSI,47.7,1.52,6497339904.0,136212571.0,39.382,Financial Services,"United Bankshares, Inc.",3.68833,0.04609132046210607,forecast_icc,0.0775209475931894,0.8256184146714451,2026-08-20
UCB,35.53,1.04,4255208448.0,119763827.0,31.27,Financial Services,"United Community Banks, Inc.",2.91833,0.10581736815233356,forecast_icc,0.10025276837527242,0.8801013901093853,2026-08-20
UCFI,5.511,0.0,287867008.0,52234983.0,0.381,Consumer Defensive,CN Healthy Food Tech Group Corp,0.18,0.01,trailing_eps_fallback_icc,0.028924869255250354,0.06913445434844691,2026-08-20
UCL,0.39,0.0,14855976.0,25884952.0,0.757,Communication Services,uCloudlink Group Inc.,0.48,0.04,forecast_icc,0.30809343926854027,1.3189916747307615,2026-08-20
UCTT,73.01,0.0,3305676032.0,45277029.0,14.016,Technology,"Ultra Clean Holdings, Inc.",3.16458,0.75,forecast_icc,0.19898840064724188,0.19197369382868792,2026-08-20
UDR,37.69,1.73,13845956608.0,321264222.0,9.013,Real Estate,"UDR, Inc.",1.00481,0.01,forecast_icc,0.029171569322205493,0.2091263547087089,2026-08-20
UE,21.53,0.84,2964404224.0,126244466.0,10.22,Real Estate,Urban Edge Properties,0.50333,0.01,forecast_icc,0.026081971076446407,0.43523701392485936,2026-08-20
UEIC,4.78,0.0,61590600.0,12885062.0,11.079,Technology,Universal Electronics Inc.,0.45,0.22222222222222232,forecast_icc,0.1292183380274663,2.317782289797469,2026-08-20
UFCS,53.27,0.8,1369328768.0,25705439.0,38.022,Financial Services,"United Fire Group, Inc",4.99,0.01,forecast_icc,0.06523205728566606,0.7137600731820746,2026-08-20
UFG,0.58,0.0,18829700.0,9815000.0,0.324,Industrials,Uni-Fuels Holdings Limited,0.01,,forecast_icc,0.010000000000000002,0.16888532477947074,2026-08-20
UFI,7.58,0.0,,,12.475,Consumer Cyclical,"Unifi, Inc. New",0.06,0.75,forecast_icc,0.08475850884911085,,2026-08-20
UFPI,88.12,1.44,4860830720.0,55161491.0,54.525,Basic Materials,"UFP Industries, Inc.",4.53,0.23454746136865334,forecast_icc,0.10437615442445047,0.6187584941808054,2026-08-20
UFPT,304.25,0.0,2356656640.0,7745790.0,56.725,Healthcare,"UFP Technologies, Inc.",10.62,0.11793785310734473,forecast_icc,0.05177675428819113,0.18644206809440003,2026-08-20
UG,7.125,0.6,32734522.0,4594319.0,2.445,Consumer Defensive,"United-Guardian, Inc.",0.54,0.162,trailing_eps_fallback_icc,0.14379272205471982,0.3431579039095179,2026-08-20
UGI,37.89,1.5,8127214080.0,214494967.0,25.276,Utilities,UGI Corporation,2.79667,0.16448132958125194,forecast_icc,0.11904344128556998,0.6670889597006899,2026-08-20
UGP,6.55,0.38,6979811328.0,1065620026.0,3.0287085,Energy,Ultrapar Participacoes S.A. (Ne,0.74022,0.01,forecast_icc,0.08942769171477727,0.4623982338275062,2026-08-20
UHAL,71.55,0.0,13987611648.0,19435630.0,40.01,Industrials,U-Haul Holding Company,1.12,0.75,forecast_icc,0.12313570789043415,0.05559344767848104,2026-08-20
UHAL-B,63.28,0.2,12370873344.0,176058583.0,39.595,Industrials,U-Haul Holding Company Series N,1.12,0.75,forecast_icc,0.13644979713980676,0.5635042409730939,2026-08-20
UHS,172.87,0.8,10188355584.0,51687770.0,127.49,Healthcare,"Universal Health Services, Inc.",22.52094,0.0664772429569993,forecast_icc,0.10283017519187754,0.6467848263608464,2026-08-20
UHT,41.3,3.0,574015616.0,13898684.0,10.354,Real Estate,Universal Health Realty Income ,1.39,0.334,trailing_eps_fallback_icc,0.12037102201135796,0.2507021936769051,2026-08-20
UI,573.87,3.2,34731806720.0,60522085.0,19.864,Technology,Ubiquiti Inc.,15.252,0.1299501704694468,forecast_icc,0.046406003678970964,0.03461411340135432,2026-08-20
UIS,2.66,0.0,193956432.0,72915955.0,-4.115,Technology,Unisys Corporation New,0.644,0.639751552795031,forecast_icc,0.35571762799823514,,2026-08-20
UL,63.4,2.12,136516968448.0,2153264479.0,8.706234,Consumer Defensive,Unilever PLC,3.17303,0.07165705965591251,forecast_icc,0.06723612100376208,0.1373223023568887,2026-08-20
ULBI,6.85,0.0,114143392.0,16663269.0,7.782,Industrials,Ultralife Corporation,0.9,0.75,forecast_icc,0.31239676868789223,1.1360584006299725,2026-08-20
ULCC,5.76,0.0,1326042880.0,230215771.0,0.966,Industrials,"Frontier Group Holdings, Inc.",0.41023,0.04,forecast_icc,0.06094509160795901,0.16770832839583588,2026-08-20
ULH,19.41,0.42,511799072.0,26367805.0,21.276,Industrials,"Universal Logistics Holdings, I",0.5,0.75,forecast_icc,0.19478471518882612,1.0961360617316631,2026-08-20
ULS,75.26,0.58,15194857472.0,78143173.0,7.9,Industrials,UL Solutions Inc.,2.31791,0.12195037771095518,forecast_icc,0.050736626387222344,0.04062763127838308,2026-08-20
ULTA,515.14,0.0,22145515520.0,42989311.0,63.475,Consumer Cyclical,"Ulta Beauty, Inc.",28.79121,0.10455586965605135,forecast_icc,0.0680411337587018,0.12321892047446904,2026-08-20
UMBF,145.86,2.0,11078071296.0,75950030.0,97.412,Financial Services,UMB Financial Corporation,13.20477,0.05502632760737236,forecast_icc,0.08169306329622816,0.66784588442136,2026-08-20
UMC,18.0,0.4,45142355968.0,2507908580.0,5.530177,Technology,United Microelectronics Corpora,0.9184,0.01,forecast_icc,0.04396462746907767,0.3072320451562184,2026-08-20
UMH,16.6,0.9,1413758848.0,85166195.0,6.529,Real Estate,"UMH Properties, Inc.",0.152,0.013157894736842035,forecast_icc,0.011720612251092746,0.39331324995180506,2026-08-20
UNB,23.8,1.44,117711656.0,4945868.0,18.861,Financial Services,"Union Bankshares, Inc.",2.59,0.154,trailing_eps_fallback_icc,0.15243977725713032,0.7924790077543383,2026-08-20
UNCY,5.45,0.0,149292000.0,27393027.0,1.912,Healthcare,"Unicycive Therapeutics, Inc.",1.39857,0.04,forecast_icc,0.1360241502854117,0.35082568137609516,2026-08-20
UNF,288.65,1.46,5219996160.0,14532908.0,121.547,Industrials,Unifirst Corporation,7.4432,0.0747245808254513,forecast_icc,0.03620231734576136,0.33839706285837573,2026-08-20
UNFI,46.76,0.0,2829874944.0,60519140.0,26.326,Consumer Defensive,"United Natural Foods, Inc.",2.564,0.25347113884555394,forecast_icc,0.1028238729077261,0.5630025747314438,2026-08-20
UNH,384.85,9.28,345439371264.0,897594847.0,108.781,Healthcare,UnitedHealth Group Incorporated,19.81226,0.1323983230585506,forecast_icc,0.08166235114822473,0.2826581830965795,2026-08-20
UNIT,10.06,0.0,2441815040.0,242725135.0,1.317,Real Estate,Uniti Group Inc.,3.84,0.04,trailing_eps_fallback_icc,0.1693472403418229,0.13091450317015002,2026-08-20
UNM,86.95,2.02,13764775936.0,158306798.0,68.283,Financial Services,Unum Group,8.68252,0.09294766957058553,forecast_icc,0.10419426424334788,0.785313407068452,2026-08-20
UNP,303.97,5.68,180581138432.0,594075498.0,32.708,Industrials,Union Pacific Corporation,13.05258,0.08445763213096558,forecast_icc,0.058804541255130585,0.10760271840849528,2026-08-20
UNTY,59.11,0.62,593616768.0,10042578.0,37.022,Financial Services,"Unity Bancorp, Inc.",5.846,0.087581252138214,forecast_icc,0.09632816237404263,0.6263238216276262,2026-08-20
UPBD,18.54,1.56,1080871040.0,58299405.0,12.58,Technology,"Upbound Group, Inc.",4.14429,0.10582512324185811,forecast_icc,0.19803809049121435,0.6785328570742352,2026-08-20
UPLD,4.68,0.0,13839653.0,2957191.0,-17.841,Technology,"Upland Software, Inc.",6.67,0.01,forecast_icc,0.30346904495694227,,2026-08-20
UPS,102.58,6.56,87273177088.0,749349405.0,17.705,Industrials,"United Parcel Service, Inc.",7.21206,0.12053005659963989,forecast_icc,0.11587276993599882,0.15201957414873618,2026-08-20
UPST,28.86,0.0,2808454656.0,97313046.0,8.196,Financial Services,"Upstart Holdings, Inc.",2.29429,0.42714739636227317,forecast_icc,0.1724749442183684,0.2839916689813916,2026-08-20
UPWK,8.66,0.0,1081663104.0,124903365.0,4.61,Communication Services,Upwork Inc.,1.38967,0.01,forecast_icc,0.08790343772969222,0.532332581670457,2026-08-20
UPXI,0.9333,0.0,68553088.0,73452358.0,-0.776,Communication Services,"Upexi, Inc.",0.53,0.04,trailing_eps_fallback_icc,0.20880861490885094,,2026-08-20
URBN,72.65,0.0,6221388800.0,85635083.0,30.497,Consumer Cyclical,"Urban Outfitters, Inc.",6.17822,0.08614779014020235,forecast_icc,0.08348513875772279,0.4197797646485299,2026-08-20
URGN,46.8,0.0,2287610368.0,48880564.0,-2.709,Healthcare,UroGen Pharma Ltd.,2.79429,0.04,forecast_icc,0.05381319045722936,,2026-08-20
URI,1095.26,7.88,68171706368.0,62242489.0,147.968,Industrials,"United Rentals, Inc.",49.23641,0.1614484077941507,forecast_icc,0.07454600963702451,0.13509851965030395,2026-08-20
UROY,4.15,0.0,1581429504.0,381067318.0,2.134,Energy,Uranium Royalty Corp.,0.014,0.75,forecast_icc,0.049225494628043875,0.5142168238009552,2026-08-20
USA,5.92,0.67,,,6.837,Financial Services,,0.56,0.01,trailing_eps_fallback_icc,0.0971207992193196,,2026-08-20
USAC,26.36,2.1,3820706560.0,144943345.0,-0.887,Energy,"USA Compression Partners, LP",1.44061,0.15498295860781197,forecast_icc,0.10892694062571551,,2026-08-20
USAS,5.25,0.0,1775327360.0,338157614.0,0.73,Basic Materials,Americas Gold and Silver Corpor,0.122,0.75,forecast_icc,0.14976862262142443,0.1390476279371935,2026-08-20
USB,61.78,2.08,96256417792.0,1558051446.0,38.911,Financial Services,U.S. Bancorp,5.23763,0.10557064932039872,forecast_icc,0.10407867942953564,0.6298316642772951,2026-08-20
USCB,22.5,0.48,415675584.0,18474470.0,12.228,Financial Services,"USCB Financial Holdings, Inc.",2.092,0.11472275334608018,forecast_icc,0.10652379733215997,0.543466654899798,2026-08-20
USEA,2.71,0.4,25848358.0,9538139.0,6.213,Industrials,United Maritime Corporation,0.44,0.01,forecast_icc,0.15674119144536836,2.2926198100088215,2026-08-20
USFD,108.46,0.0,23463229440.0,216330723.0,19.783,Consumer Defensive,US Foods Holding Corp.,4.78925,0.15309495223678016,forecast_icc,0.06868466434521989,0.18239904715814773,2026-08-20
USIO,2.66,0.0,75797800.0,28495414.0,0.656,Technology,"Usio, Inc.",0.03,0.75,forecast_icc,0.10352529527429011,0.2466165453878609,2026-08-20
USLM,120.2,0.24,3448341248.0,28688363.0,23.105,Basic Materials,"United States Lime & Minerals, ",5.04,0.13095238095238093,forecast_icc,0.06240772860640653,0.1922212969784944,2026-08-20
USNA,13.18,0.0,243520720.0,18476534.0,28.506,Consumer Defensive,"USANA Health Sciences, Inc.",0.76,0.75,forecast_icc,0.22475324266633934,2.162822441572939,2026-08-20
USPH,78.0,1.84,1163970432.0,14922698.0,31.505,Healthcare,"U.S. Physical Therapy, Inc.",2.89361,0.16899996889698343,forecast_icc,0.07568489022031033,0.40391026057438545,2026-08-20
UTF,27.09,1.92,,,25.602,Financial Services,,3.96,0.04,trailing_eps_fallback_icc,0.127232404046424,,2026-08-20
UTG,38.65,2.52,3533698304.0,91428150.0,44.001,Financial Services,53270,13.81,0.75,trailing_eps_fallback_icc,0.4,1.1384475079822773,2026-08-20
UTHR,521.0,0.0,22346049536.0,42890692.0,149.971,Healthcare,United Therapeutics Corporation,26.0418,0.10180018278306413,forecast_icc,0.06249040289886605,0.28785222012371003,2026-08-20
UTI,22.92,0.0,1262782720.0,55095231.0,6.249,Consumer Defensive,Universal Technical Institute I,0.60333,0.21823877479986065,forecast_icc,0.05941726018601401,0.2726439735562742,2026-08-20
UTL,54.17,1.9,987880576.0,18236674.0,34.008,Utilities,UNITIL Corporation,3.31,0.06042296072507547,forecast_icc,0.07298273826442825,0.6278014007555505,2026-08-20
UTMD,71.42,1.24,227388272.0,3183818.0,37.805,Healthcare,"Utah Medical Products, Inc.",3.28,0.01,trailing_eps_fallback_icc,0.039573592364384555,0.5293335422769737,2026-08-20
UTZ,14.13,0.25,2034185984.0,88613213.0,7.859,Consumer Defensive,Utz Brands Inc,0.7768,0.07461380020597308,forecast_icc,0.06593898121079136,0.3423537702278259,2026-08-20
UUUU,13.9,0.0,3474513408.0,249965000.0,2.959,Energy,Energy Fuels Inc,0.485,0.04,forecast_icc,0.036631847397174594,0.21287770347841467,2026-08-20
UVE,42.33,0.64,1178059008.0,27830355.0,22.895,Financial Services,UNIVERSAL INSURANCE HOLDINGS IN,5.2,0.01,forecast_icc,0.07821961744746353,0.5408693226723326,2026-08-20
UVSP,41.76,0.92,1151772800.0,27580768.0,34.06,Financial Services,Univest Financial Corporation,3.80667,0.031523615128183025,forecast_icc,0.07615174847871964,0.8156130775791892,2026-08-20
UVV,45.52,3.32,1133414144.0,24899257.0,55.691,Consumer Defensive,Universal Corporation,3.18,0.24213836477987427,forecast_icc,0.1646679879911569,1.2234402834371194,2026-08-20
UWMC,1.42,0.4,4069707776.0,342266194.0,0.391,Financial Services,UWM Holdings Corporation,0.12162,0.75,forecast_icc,0.38447565848743903,0.032883462209056656,2026-08-20
UYSC,10.84,0.0,83016496.0,5221060.0,-0.314,Financial Services,UY Scuti Acquisition Corp.,0.09,0.01,trailing_eps_fallback_icc,0.010000000000000002,,2026-08-20
V,365.73,2.68,682835247104.0,1704112694.0,18.87,Financial Services,Visa Inc.,13.21863,0.1334608805905,forecast_icc,0.058966796753331996,0.04709277482695962,2026-08-20
VABK,46.48,1.44,252167104.0,5425282.0,35.89,Financial Services,Virginia National Bankshares Co,4.56,0.75,trailing_eps_fallback_icc,0.31906324245647755,0.7721600791354608,2026-08-20
VAC,110.28,3.2,3793115904.0,34395320.0,58.016,Consumer Cyclical,Marriott Vacations Worldwide Co,8.62888,0.1104743605195575,forecast_icc,0.09898488584429771,0.5260790694572985,2026-08-20
VAL,89.0,0.0,6179786752.0,69435807.0,45.803,Energy,Valaris Limited,3.21988,0.75,forecast_icc,0.18376088426391635,0.5146404553509422,2026-08-20
VALE,14.23,1.2,60559499264.0,4255762795.0,8.737821,Basic Materials,VALE S.A.,1.88955,0.0656240903918921,forecast_icc,0.14129576115410247,0.6140422885444037,2026-08-20
VALN,6.82,0.0,646696000.0,94823458.0,0.9894504,Healthcare,Valneva SE,1.19,0.04,forecast_icc,0.10866210959210088,0.14508070012414365,2026-08-20
VALU,37.9,1.4,355637440.0,9383573.0,11.479,Financial Services,"Value Line, Inc.",2.3,0.01,trailing_eps_fallback_icc,0.05418159348857832,0.302875969602638,2026-08-20
VBF,14.62,0.8,167034800.0,11425089.0,16.628,Financial Services,Invesco Bond Fund,1.02,0.75,trailing_eps_fallback_icc,0.32237590732109844,1.1373461092658534,2026-08-20
VBNK,19.43,0.07,625562368.0,32195697.0,12.294241,Financial Services,VersaBank,1.133,0.4816151809355693,forecast_icc,0.16500205749322056,0.6327453157811708,2026-08-20
VC,105.34,1.5,2812096256.0,26695429.0,58.277,Consumer Cyclical,Visteon Corporation,8.53763,0.22682290050049003,forecast_icc,0.12872729901237834,0.5532276900243488,2026-08-20
VCEL,42.11,0.0,2156310528.0,51206614.0,7.231,Healthcare,Vericel Corporation,0.516,0.63953488372093,forecast_icc,0.09147885977913628,0.17171693085292028,2026-08-20
VCTR,113.08,2.0,6955502592.0,61509572.0,37.728,Financial Services,"Victory Capital Holdings, Inc. ",7.99705,0.07318698770171506,forecast_icc,0.07695624744862839,0.3336398918296888,2026-08-20
VCV,10.47,0.78,514231968.0,49114802.0,10.527,Financial Services,Invesco California Value Munici,0.26,0.75,trailing_eps_fallback_icc,0.19835986775279324,1.0054441435542958,2026-08-20
VCYT,41.79,0.0,3359528704.0,80390731.0,17.276,Healthcare,"Veracyte, Inc.",1.90636,0.021937094777481736,forecast_icc,0.03945972827110167,0.41340032817769906,2026-08-20
VECO,47.2,0.0,2880780544.0,61033485.0,14.768,Technology,Veeco Instruments Inc.,1.51372,0.75,forecast_icc,0.17405019948717138,0.3128813502844873,2026-08-20
VEEV,250.53,0.0,40696918016.0,162443291.0,44.828,Healthcare,Veeva Systems Inc.,9.06152,0.10663222064289446,forecast_icc,0.05082837020387233,0.1789326613402292,2026-08-20
VEL,18.32,0.0,723300288.0,39481457.0,17.672,Financial Services,"Velocity Financial, Inc.",2.80667,0.08075762380329721,forecast_icc,0.11679398833862609,0.9646288266153711,2026-08-20
VENU,1.92,0.0,107924256.0,56210552.0,2.781,Consumer Cyclical,Venu Holding Corporation,1.88,0.04,forecast_icc,0.2751430466671315,1.4484375515361443,2026-08-20
VEON,56.43,0.0,3885837056.0,68861195.0,21.714,Communication Services,VEON Ltd.,6.75567,0.22568005838059002,forecast_icc,0.14769797070906898,0.3847953392490372,2026-08-20
VERX,13.58,0.0,2202920192.0,80062339.0,1.529,Technology,"Vertex, Inc.",0.8219,0.2439956199050981,forecast_icc,0.10641482905987709,0.055569564787483684,2026-08-20
VET,12.84,0.38,1961952000.0,152800000.0,10.447673,Energy,Vermilion Energy Inc.,0.49,0.75,forecast_icc,0.23614319744758394,0.8136816978193147,2026-08-20
VFC,13.95,0.36,5484227072.0,393134570.0,9.454,Consumer Cyclical,V.F. Corporation,1.08483,0.2353456301909056,forecast_icc,0.1359232771863369,0.6777061153714389,2026-08-20
VFF,2.57,0.0,314275776.0,122286297.0,2.578,Consumer Defensive,"Village Farms International, In",0.2,0.25,forecast_icc,0.1239352659878078,1.0031128637353202,2026-08-20
VG,14.29,0.16,35726327808.0,531488393.0,3.432,Energy,"Venture Global, Inc.",1.66155,0.01,forecast_icc,0.07422913695068523,0.05105669338810541,2026-08-20
VGI,7.295,0.96,82529024.0,11313094.0,,Financial Services,Virtus Global Multi-Sector Inco,0.94,0.04,trailing_eps_fallback_icc,0.1524852403008975,,2026-08-20
VGM,10.35,0.78,561300864.0,54231968.0,10.595,Financial Services,Invesco Trust for Investment Gr,0.31,0.75,trailing_eps_fallback_icc,0.22004133520683766,1.0236715063385329,2026-08-20
VGNT,46.65,0.52,3304465152.0,70835265.0,-0.677,Consumer Cyclical,Versigent PLC,7.35561,0.06148368388209802,forecast_icc,0.11553492197962545,,2026-08-20
VHI,16.68,0.32,472397504.0,28321193.0,35.902,Basic Materials,"Valhi, Inc.",3.24,0.75,forecast_icc,0.3831006390857793,2.15239805984665,2026-08-20
VIA,26.57,0.0,2262224384.0,77449688.0,7.656,Technology,"Via Transportation, Inc.",0.43781,0.04,forecast_icc,0.021551979560633747,0.2621114048287086,2026-08-20
VIAV,38.56,0.0,9514673152.0,246749828.0,5.864,Technology,Viavi Solutions Inc.,1.64374,0.18675094601335984,forecast_icc,0.07435759527652153,0.15207469224393175,2026-08-20
VICI,26.57,1.8,29255628800.0,1101077562.0,26.369,Real Estate,VICI Properties Inc.,2.75,0.08727272727272739,forecast_icc,0.12664885650002244,0.9924351457582754,2026-08-20
VICR,207.64,0.0,9573602304.0,34389014.0,18.098,Technology,Vicor Corporation,3.49333,0.5896952191748275,forecast_icc,0.10081879051258047,0.06500921550835291,2026-08-20
VIK,90.53,0.0,40390602752.0,318386000.0,2.33,Consumer Cyclical,Viking Holdings Ltd,3.29739,0.32750751351826723,forecast_icc,0.09580204612236065,0.018366633064500794,2026-08-20
VINP,9.33,0.66,612526336.0,51185028.0,5.9942875,Financial Services,Vinci Compass Investments Ltd.,5.1836,0.16598695887028314,forecast_icc,0.3126844226902733,0.5009054394806464,2026-08-20
VIOT,0.7,0.0,47125208.0,33066880.0,3.3587132,Consumer Cyclical,"Viomi Technology Co., Ltd",0.12,0.41666666666666674,forecast_icc,0.2403383853635136,2.3567464431948184,2026-08-20
VIP,1.86,0.0,34279616.0,15696508.0,-3.093,Financial Services,Vulcan Infrastructure and Power,0.12,0.04,trailing_eps_fallback_icc,0.05686335490444783,,2026-08-20
VIPS,14.3,0.62,6867868672.0,402468750.0,12.672565,Consumer Cyclical,Vipshop Holdings Limited,17.24998,0.056060354852585315,forecast_icc,0.33661161624618663,0.7426337978239882,2026-08-20
VIRC,5.89,0.1,92647008.0,15729543.0,6.511,Consumer Cyclical,Virco Manufacturing Corporation,0.01,0.75,forecast_icc,0.032799608143746356,1.105432940403213,2026-08-20
VIRT,61.19,0.96,5403118592.0,88300678.0,19.937,Financial Services,"Virtu Financial, Inc.",7.30146,0.01,forecast_icc,0.07692453491804019,0.3258212062738304,2026-08-20
VISN,11.31,0.0,2608384768.0,230626412.0,10.893,Technology,"Vistance Networks, Inc.",0.85058,0.01,forecast_icc,0.052065920186089534,0.9631299556477092,2026-08-20
VIST,70.5,0.0,7798527488.0,110617402.0,29.929,Energy,Vista Energy S.A.B. de C.V.,163.6064,0.09330075107086278,forecast_icc,0.4,0.4245247874745966,2026-08-20
VITL,10.62,0.0,455932736.0,42931522.0,7.524,Consumer Defensive,"Vital Farms, Inc.",0.262,0.04,forecast_icc,0.02895535474200625,0.7084746192210247,2026-08-20
VIV,11.23,0.99,,,4.190701,Communication Services,Telefonica Brasil S.A.,4.75267,0.13231089050996592,forecast_icc,0.2733460630917247,,2026-08-20
VKI,8.86,0.67,393599040.0,44424272.0,9.157,Financial Services,9268,0.25,0.75,trailing_eps_fallback_icc,0.21293619620962245,1.0335214707434246,2026-08-20
VKQ,9.71,0.75,,,,Financial Services,,0.3,0.75,trailing_eps_fallback_icc,0.22381475566395703,,2026-08-20
VLGEA,43.14,1.0,638881408.0,10684446.0,34.765,Consumer Defensive,"Village Super Market, Inc.",3.67,0.01,trailing_eps_fallback_icc,0.06347183119039446,0.5813986141071114,2026-08-20
VLO,341.51,4.8,98330107904.0,287927461.0,86.83,Energy,Valero Energy Corporation,43.42041,0.01,forecast_icc,0.07965202968666774,0.25425316794158614,2026-08-20
VLOS,10.8,0.0,253604656.0,23481911.0,-0.567,Financial Services,Velos Acquisition I Corp.,0.11,0.01,trailing_eps_fallback_icc,0.011631096183134425,,2026-08-20
VLT,9.93,1.07,,,11.027,Financial Services,,0.71,0.01,trailing_eps_fallback_icc,0.07347205280050917,,2026-08-20
VLTO,99.46,0.52,24247685120.0,243793344.0,12.682,Industrials,Veralto Corp,4.39995,0.0873487198718168,forecast_icc,0.0559407192340718,0.12750855074647227,2026-08-20
VLY,14.12,0.44,7802785792.0,552605226.0,13.483,Financial Services,Valley National Bancorp,1.27953,0.205692715293897,forecast_icc,0.1401292867153615,0.9548866854447156,2026-08-20
VMC,270.67,2.08,35073077248.0,129578739.0,65.276,Basic Materials,Vulcan Materials Company (Holdi,9.15343,0.1790902426740575,forecast_icc,0.06593210333262192,0.24116451793366175,2026-08-20
VMD,8.57,0.0,326416096.0,38088228.0,3.781,Healthcare,"Viemed Healthcare, Inc.",0.425,0.3999999999999999,forecast_icc,0.13059856197405406,0.44119022264147173,2026-08-20
VMET,10.5,0.0,1142709760.0,108829507.0,3.462,Basic Materials,Versamet Royalties Corporation,0.36,0.75,trailing_eps_fallback_icc,0.17938850325544153,0.32971430403639856,2026-08-20
VMI,481.67,3.08,9298571264.0,19304858.0,89.155,Industrials,"Valmont Industries, Inc.",22.94987,0.12673928000463608,forecast_icc,0.06871991167771763,0.18509559868121261,2026-08-20
VMO,9.69,0.75,,,10.234,Financial Services,,0.28,0.75,trailing_eps_fallback_icc,0.2157446189236688,,2026-08-20
VMRK,65.14,0.0,,,,,Vivmark Residential,2.42628,0.09603590682031737,forecast_icc,0.04973719598972293,,2026-08-20
VNCE,5.81,0.0,74642776.0,12847294.0,3.9,Consumer Cyclical,Vince Holding Corp.,0.61,0.180327868852459,forecast_icc,0.12442352787917554,0.6712564736338317,2026-08-20
VNDA,5.38,0.0,325289280.0,60462687.0,4.669,Healthcare,Vanda Pharmaceuticals Inc.,0.2,0.04,forecast_icc,0.03816991648880208,0.8678438023011394,2026-08-20
VNET,6.65,0.0,1893199488.0,279561356.0,2.1311576,Technology,"VNET Group, Inc.",0.15182573,0.04,forecast_icc,0.027408105039443936,0.31469969872805376,2026-08-20
VNO,38.66,0.74,7656567808.0,186720531.0,,Real Estate,Vornado Realty Trust,0.31,0.01,forecast_icc,0.01002649321489249,,2026-08-20
VNOM,45.03,2.45,23595032576.0,194405049.0,26.309,Energy,"Viper Energy, Inc.",2.5484,0.01,forecast_icc,0.057395031454119644,0.21676606792835648,2026-08-20
VNT,32.81,0.1,4435912192.0,135200000.0,8.933,Technology,Vontier Corporation,3.49769,0.08587381957806439,forecast_icc,0.09709637342559463,0.2722645417053377,2026-08-20
VOD,16.01,0.54,36999151616.0,2311002604.0,12.640343,Communication Services,Vodafone Group Plc,1.1035,0.3896692342546444,forecast_icc,0.18095615439758717,0.7895279840908763,2026-08-20
VOR,23.065,0.0,1364578432.0,59162294.0,-2.776,Healthcare,Vor Biopharma Inc.,180.58,0.04,trailing_eps_fallback_icc,0.4,,2026-08-20
VOXR,5.54,0.06,385003840.0,69495284.0,2.198,Basic Materials,Vox Royalty Corp.,0.13,0.75,forecast_icc,0.16887407851873715,0.396750936904941,2026-08-20
VOYA,97.49,1.88,8832238592.0,90596349.0,51.719,Financial Services,"Voya Financial, Inc.",9.13841,0.23966423042958218,forecast_icc,0.145686375110594,0.5305056611780218,2026-08-20
VPG,62.26,0.0,828120256.0,12278113.0,24.98,Technology,"Vishay Precision Group, Inc.",0.56667,0.75,forecast_icc,0.09186716628253902,0.3703656087600881,2026-08-20
VPV,11.12,0.8,,,11.06,Financial Services,,0.28,0.75,trailing_eps_fallback_icc,0.19990256070319357,,2026-08-20
VREX,18.49,0.0,779321216.0,42148256.0,11.251,Healthcare,Varex Imaging Corporation,0.888,0.23198198198198217,forecast_icc,0.09037710595364035,0.6084911054904477,2026-08-20
VRME,0.7,0.0,9215637.0,13165196.0,0.791,Industrials,"VerifyMe, Inc.",0.04,0.04,forecast_icc,0.05214131589667122,1.1300000245235353,2026-08-20
VRNS,40.85,0.0,4692050944.0,114860485.0,3.87,Technology,"Varonis Systems, Inc.",0.15124,0.75,forecast_icc,0.052467142123827304,0.09473683944510897,2026-08-20
VRRM,4.66,0.0,708239808.0,151982804.0,1.471,Technology,Verra Mobility Corporation,1.14056,0.01,forecast_icc,0.11463475158424996,0.3156652621875782,2026-08-20
VRSK,187.68,2.0,24427679744.0,130156012.0,-8.913,Industrials,"Verisk Analytics, Inc.",7.70876,0.12809972031818329,forecast_icc,0.06435432698201693,,2026-08-20
VRSN,276.9,3.24,25031759872.0,90400000.0,-24.935,Technology,"VeriSign, Inc.",9.56071,0.1251392417508741,forecast_icc,0.05713195463687504,,2026-08-20
VRT,264.63,0.25,101879414784.0,384988173.0,12.359,Industrials,"Vertiv Holdings, LLC",6.70757,0.3564957205068304,forecast_icc,0.08300968425043986,0.04670294622515095,2026-08-20
VRTS,168.08,9.6,1123131136.0,6682122.0,137.293,Financial Services,"Virtus Investment Partners, Inc",23.31033,0.05362086251031184,forecast_icc,0.1239889819929757,0.8168312197392416,2026-08-20
VRTX,540.26,0.0,136934801408.0,253460924.0,79.921,Healthcare,Vertex Pharmaceuticals Incorpor,19.02533,0.1481898080085864,forecast_icc,0.05807339147663222,0.14793062317772898,2026-08-20
VSAT,74.03,0.0,10198062080.0,137755810.0,34.127,Technology,"ViaSat, Inc.",0.094,0.75,forecast_icc,0.0250489565620568,0.46098881248132195,2026-08-20
VSEC,214.51,0.4,6020216832.0,28064972.0,104.534,Industrials,VSE Corporation,6.80762,0.17681656731721218,forecast_icc,0.0602184208955191,0.4873153019097104,2026-08-20
VSH,31.83,0.4,4882058752.0,141282019.0,15.252,Technology,"Vishay Intertechnology, Inc.",0.84544,0.75,forecast_icc,0.18057790314460354,0.44137800531491844,2026-08-20
VSNT,38.63,1.5,5376140288.0,138792303.0,58.311,Communication Services,"Versant Media Group, Inc.",4.27178,0.5606936686814399,forecast_icc,0.27951295760504047,1.5053770077945183,2026-08-20
VST,138.94,0.92,46633156608.0,335635195.0,8.947,Utilities,Vistra Corp.,9.23402,0.13242336490499285,forecast_icc,0.08638416298130924,0.06439469913880635,2026-08-20
VSTS,12.82,0.14,1694292480.0,132160105.0,6.641,Industrials,Vestis Corporation,0.61259,0.2687278603960235,forecast_icc,0.10531262717910458,0.5180187409584678,2026-08-20
VSXY,86.8,0.0,6899881472.0,79491720.0,10.0,Consumer Cyclical,Victorias Secret & Co.,4.66159,0.1990329479855586,forecast_icc,0.08878004949184362,0.11520737033321607,2026-08-20
VTEX,3.68,0.0,608422272.0,87285403.0,1.35,Technology,VTEX,0.22324,0.23373947321268584,forecast_icc,0.10403193658097953,0.19367353805549054,2026-08-20
VTMX,34.5,0.83,3201189376.0,92788099.0,35.05,Real Estate,"Corporacion Inmobiliaria Vesta,",2.14123,0.01,forecast_icc,0.05120808592213939,1.0159420415213822,2026-08-20
VTN,10.8,0.82,158287360.0,14656237.0,11.151,Financial Services,Invesco Trust for Investment Gr,0.3,0.75,trailing_eps_fallback_icc,0.21110132434323436,1.0324999973908213,2026-08-20
VTOL,45.94,0.5,1361753472.0,29642000.0,36.747,Energy,"Bristow Group, Inc.",3.53,0.5051926345609066,forecast_icc,0.2006768221640881,0.7998911670849039,2026-08-20
VTR,92.68,2.0,47539867648.0,512946359.0,28.559,Real Estate,"Ventas, Inc.",0.61,0.5,forecast_icc,0.05322231286249385,0.3081463157438406,2026-08-20
VTRS,16.12,0.48,18515286016.0,1148590864.0,12.588,Healthcare,Viatris Inc.,2.50058,0.06713642434955092,forecast_icc,0.12468096828897346,0.7808932459124697,2026-08-20
VTS,17.16,1.75,722510080.0,42104317.0,14.02,Energy,"Vitesse Energy, Inc.",0.1,0.75,forecast_icc,0.08121914828856436,0.8170163166996923,2026-08-20
VTSI,3.09,0.0,34977636.0,11319624.0,3.92,Technology,"VirTra, Inc.",0.43,0.04,forecast_icc,0.09465451788153023,1.268608492580802,2026-08-20
VVR,2.95,0.35,454078816.0,153925029.0,3.727,Financial Services,Invesco Senior Income Trust  (D,0.09,0.04,trailing_eps_fallback_icc,0.03991700203069669,1.2633898849027125,2026-08-20
VVV,33.81,0.0,4311994880.0,127536079.0,2.769,Consumer Cyclical,Valvoline Inc.,1.76029,0.1337109226320663,forecast_icc,0.07182533586185746,0.08189884556426004,2026-08-20
VVX,79.01,0.0,2476596736.0,31345358.0,36.192,Industrials,"V2X, Inc.",6.22646,0.11383675475310207,forecast_icc,0.08750500276252182,0.4580685988338475,2026-08-20
VYX,7.65,0.0,1056234752.0,138069898.0,6.7,Technology,NCR Voyix Corporation,0.916,0.12008733624454138,forecast_icc,0.11430262270202995,0.8758169666812856,2026-08-20
VZ,49.19,2.83,204373393408.0,4154775202.0,25.012,Communication Services,Verizon Communications Inc.,5.01242,0.05348115281640409,forecast_icc,0.1059305875426716,0.5084773297518491,2026-08-20
W,103.31,0.0,14150170624.0,115990166.0,,Consumer Cyclical,Wayfair Inc.,2.89271,0.33868241199428906,forecast_icc,0.0840484572580672,,2026-08-20
WAB,292.31,1.24,49374330880.0,168910851.0,66.316,Industrials,Westinghouse Air Brake Technolo,10.86295,0.14538131907078666,forecast_icc,0.06136302857074727,0.22686873513567704,2026-08-20
WABC,58.35,1.92,1348535680.0,23111153.0,37.09,Financial Services,Westamerica Bancorporation,4.635,0.01,forecast_icc,0.0636016772097997,0.63564700399325,2026-08-20
WAFD,36.65,1.08,2711925760.0,73995238.0,36.814,Financial Services,"WaFd, Inc.",3.225,0.042635658914728536,forecast_icc,0.08156828679398587,1.0044746548415837,2026-08-20
WAFDP,16.57,1.22,,,36.814,Financial Services,"WaFd, Inc. - Depositary Shares",2.738,0.151,trailing_eps_fallback_icc,0.18908849070366573,,2026-08-20
WAL,79.15,1.68,8635333632.0,109100864.0,67.88,Financial Services,Western Alliance Bancorporation,8.91029,0.26663105241243557,forecast_icc,0.169079972652599,0.8576121043981917,2026-08-20
WASH,39.37,2.24,750955968.0,19074321.0,29.024,Financial Services,"Washington Trust Bancorp, Inc.",3.22622,0.09732132340633926,forecast_icc,0.11132914929749627,0.7372111232811989,2026-08-20
WAT,404.69,0.0,39734833152.0,98185855.0,155.777,Healthcare,Waters Corporation,14.5756,0.13645338785367334,forecast_icc,0.056634078882908834,0.384929209991288,2026-08-20
WATT,12.32,0.0,68093512.0,5527071.0,5.68,Technology,Energous Corporation,0.81,0.04,forecast_icc,0.05762692157095255,0.4610389794551939,2026-08-20
WAY,24.84,0.0,4763030528.0,191748416.0,20.541,Healthcare,Waystar Holding Corp.,1.66976,0.12470654465312392,forecast_icc,0.08209715556106156,0.826932388927993,2026-08-20
WB,7.19,0.61,1766385792.0,157850548.0,16.128,Communication Services,Weibo Corporation,1.2588,0.09918176040673665,forecast_icc,0.17651585472311393,1.4412557266221488,2026-08-20
WBD,28.23,0.0,70776471552.0,2507136702.0,13.093,Communication Services,"Warner Bros. Discovery, Inc. - ",0.04875,0.01,forecast_icc,0.010000000000000002,0.46379736259059673,2026-08-20
WBI,32.49,0.2,4011092480.0,55453118.0,13.704,Energy,WaterBridge Infrastructure LLC,0.56508,0.75,forecast_icc,0.14061770710474253,0.18945699528523463,2026-08-20
WBS,77.57,1.6,12568934400.0,162033448.0,57.326,Financial Services,Webster Financial Corporation,6.46098,0.10983782645976303,forecast_icc,0.0982789309522677,0.739022827587357,2026-08-20
WBTN,8.37,0.0,1135901696.0,135711070.0,8.95,Communication Services,WEBTOON Entertainment Inc.,0.075,0.75,forecast_icc,0.0910529663025268,1.0692950638045353,2026-08-20
WCC,338.09,2.0,16476091392.0,48732854.0,103.407,Industrials,"WESCO International, Inc.",16.87218,0.18773803977909198,forecast_icc,0.08523617543912068,0.30585641422363385,2026-08-20
WCN,168.33,1.4,42346651648.0,251569244.0,31.414,Industrials,"Waste Connections, Inc.",5.63557,0.10160817805474864,forecast_icc,0.049802426174883244,0.1866215137080205,2026-08-20
WD,40.18,2.72,1379208448.0,34325745.0,51.31,Financial Services,"Walker & Dunlop, Inc",4.88333,0.16109294272555807,forecast_icc,0.16736387132809638,1.2770034714506042,2026-08-20
WDAY,197.32,0.0,48732807168.0,201000000.0,26.839,Technology,"Workday, Inc.",10.76709,0.17391142825034422,forecast_icc,0.0836609064724404,0.11069830189347979,2026-08-20
WDC,469.05,0.6,169111715840.0,360540944.0,,Technology,Western Digital Corporation,20.09143,0.5802523762619187,forecast_icc,0.1620372398330337,,2026-08-20
WDFC,211.92,4.08,2844198656.0,13421096.0,20.742,Basic Materials,WD-40 Company,6.224,0.049164524421593914,forecast_icc,0.03817247208005148,0.09787655747770664,2026-08-20
WDH,1.0,0.06,359301952.0,279111455.0,2.1088178,Financial Services,Waterdrop Inc.,1.13095,0.2997922100888635,forecast_icc,0.4,1.6381631138143637,2026-08-20
WDI,12.97,1.78,673300160.0,51912116.0,,Financial Services,Western Asset Diversified Income Fund,1.38,0.04,trailing_eps_fallback_icc,0.1279321578958591,,2026-08-20
WDS,24.12,1.12,,,18.891,Energy,Woodside Energy Group Limited,1.89122,0.01,forecast_icc,0.06764604536378938,,2026-08-20
WEAV,7.29,0.0,583193600.0,79999119.0,1.049,Healthcare,"Weave Communications, Inc.",0.168,0.4642857142857142,forecast_icc,0.09672520265566986,0.1438957420503243,2026-08-20
WEC,108.51,3.81,35357917184.0,325849383.0,,Utilities,"WEC Energy Group, Inc.",5.59747,0.07373509817828405,forecast_icc,0.0698431932319993,,2026-08-20
WELL,237.4,3.4,171063803904.0,720572011.0,64.563,Real Estate,Welltower Inc.,2.88641,0.11903714302541912,forecast_icc,0.027495259702420165,0.27195870595921645,2026-08-20
WEN,8.81,0.28,1679529728.0,190639000.0,,Consumer Cyclical,Wendy's Company (The),0.51911,0.051569031611797156,forecast_icc,0.06717048150396004,,2026-08-20
WENN,10.39,0.0,389819840.0,30015000.0,-0.371,Financial Services,Wen Acquisition Corp,0.32,0.264,trailing_eps_fallback_icc,0.07462278503111638,,2026-08-20
WERN,38.045,0.56,2281830912.0,59977156.0,22.564,Industrials,"Werner Enterprises, Inc.",1.07219,0.75,forecast_icc,0.18854773709496675,0.5930871305437027,2026-08-20
WES,48.65,3.72,20100943872.0,413174593.0,8.537,Energy,"Western Midstream Partners, LP",3.70401,0.034025286108838815,forecast_icc,0.09119296059410187,0.17547790406769811,2026-08-20
WEST,8.29,0.0,809331008.0,97627387.0,-0.207,Consumer Defensive,Westrock Coffee Company,0.18,0.04,forecast_icc,0.026437940240440952,,2026-08-20
WETH,1.26,0.0,16860732.0,13381534.0,11.515,Technology,Wetouch Technology Inc.,0.7,0.524,trailing_eps_fallback_icc,0.4,9.13888934418743,2026-08-20
WEX,197.85,0.0,6743047168.0,34081611.0,39.201,Technology,WEX Inc.,20.02723,0.05301931420371164,forecast_icc,0.08194212257758415,0.1981349380368149,2026-08-20
WEYS,44.9,1.1,428839136.0,9550983.0,25.886,Consumer Cyclical,"Weyco Group, Inc.",1.45,0.75,forecast_icc,0.215381252632579,0.576525613413231,2026-08-20
WF,66.81,2.82,16213355520.0,242678579.0,96.27789,Financial Services,Woori Financial Group Inc.,13279.091,0.17945821743370827,forecast_icc,0.4,1.441070079879326,2026-08-20
WFC,83.7,2.0,253108731904.0,3023999336.0,53.194,Financial Services,Wells Fargo & Company,7.30556,0.0901245079090447,forecast_icc,0.09588187713142346,0.6355316921274572,2026-08-20
WFCF,13.31,0.0,66279316.0,4979663.0,1.824,Industrials,"Where Food Comes From, Inc.",0.49,0.01,forecast_icc,0.03143305629379689,0.13703981664506015,2026-08-20
WFG,68.92,1.28,5396699648.0,76022344.0,72.002,Basic Materials,West Fraser Timber Co. Ltd,2.4375,0.04,forecast_icc,0.04093280522415557,1.0142793132311074,2026-08-20
WFRD,91.24,1.1,6540579328.0,71685443.0,24.903,Energy,Weatherford International plc,5.44831,0.2955889073859601,forecast_icc,0.12642826260975515,0.2729395207220702,2026-08-20
WGO,31.97,1.44,903756480.0,28268893.0,43.773,Consumer Cyclical,"Winnebago Industries, Inc.",1.80459,0.32469979330485055,forecast_icc,0.15802092318665906,1.3691899097520164,2026-08-20
WGS,82.55,0.0,2461850880.0,29822541.0,8.566,Healthcare,GeneDx Holdings Corp.,0.1275,0.75,forecast_icc,0.02883153424924282,0.10376740861168651,2026-08-20
WH,75.31,1.72,5588839424.0,74211122.0,6.4,Consumer Cyclical,"Wyndham Hotels & Resorts, Inc.",4.79209,0.11540476076200568,forecast_icc,0.08667139712395511,0.08498207673679622,2026-08-20
WHD,68.85,0.6,5520352768.0,69733168.0,17.802,Energy,"Cactus, Inc. Class A Common Sto",2.95973,0.22422653417710392,forecast_icc,0.08763992428434653,0.22487509565185818,2026-08-20
WHG,19.63,0.6,187332064.0,9543152.0,,Financial Services,Westwood Holdings Group Inc,0.87,0.417,trailing_eps_fallback_icc,0.15600750552000792,,2026-08-20
WHK,27.23,2.0,647950080.0,23795450.0,14.036,Energy,WhiteHawk Minerals Corp,0.34247,0.75,forecast_icc,0.13350473829198423,0.5154609074205223,2026-08-20
WHLR,0.3617,0.0,908736.0,2512404.0,-301.401,Real Estate,Wheeler Real Estate Investment ,59.18,0.04,trailing_eps_fallback_icc,0.4,,2026-08-20
WHR,40.47,4.45,2638618880.0,65199378.0,58.185,Consumer Cyclical,Whirlpool Corporation,2.33306,0.5999117039424617,forecast_icc,0.2630851159275108,1.437731624557314,2026-08-20
WILC,28.89,1.4,401756224.0,13906412.0,45.579,Consumer Defensive,"G. Willi-Food International,  L",1.96,0.01,trailing_eps_fallback_icc,0.06232568671788219,1.5776740089731627,2026-08-20
WIMI,1.33,0.0,24452122.0,17379276.0,17.72781,Communication Services,WiMi Hologram Cloud Inc.,0.17,0.75,forecast_icc,0.3091098680305516,12.599990416601065,2026-08-20
WINA,342.89,4.08,1231718912.0,3592169.0,-10.488,Consumer Cyclical,Winmark Corporation,11.37,0.09850483729111703,forecast_icc,0.05003858184579191,,2026-08-20
WING,113.63,1.32,3095570432.0,27242546.0,-28.377,Consumer Cyclical,Wingstop Inc.,4.44803,0.20562810952264243,forecast_icc,0.08033745492601951,,2026-08-20
WIT,1.91,0.09,18894925824.0,9892631919.0,0.89487636,Technology,Wipro Limited,0.13872,0.07569204152249132,forecast_icc,0.09187119870196284,0.4685216827498743,2026-08-20
WIX,82.39,0.0,3447981312.0,41849511.0,-2.448,Technology,Wix.com Ltd.,4.645,0.47147470398277735,forecast_icc,0.15653797081013543,,2026-08-20
WK,75.39,0.0,4102458880.0,50846905.0,-0.224,Technology,Workiva Inc.,3.3587,0.20549319677256084,forecast_icc,0.08057707108592554,,2026-08-20
WKC,35.92,0.92,1837366144.0,51151620.0,22.18,Energy,World Kinect Corporation,3.6,0.01,forecast_icc,0.07161625439834571,0.6174833118074478,2026-08-20
WKEY,6.39,0.0,75909672.0,8241328.0,5.487,Technology,WISeKey International Holding L,1.3006507,0.04,forecast_icc,0.11904035240355759,0.5957102111572818,2026-08-20
WLDN,85.58,0.0,1303562368.0,15232091.0,20.737,Industrials,"Willdan Group, Inc.",5.07,0.07001972386587751,forecast_icc,0.0617778459803556,0.24231128392546536,2026-08-20
WLFC,54.18,0.53,1145587968.0,21144111.0,29.889,Industrials,Willis Lease Finance Corporatio,4.72667,0.2672769624280942,forecast_icc,0.14272846273428452,0.551661113185679,2026-08-20
WLK,78.85,2.13,10076756992.0,127796548.0,66.716,Basic Materials,Westlake Corporation,3.22463,0.04265915779484786,forecast_icc,0.04879047163378469,0.8461129412108382,2026-08-20
WLKP,21.53,1.89,758843840.0,35245879.0,14.148,Basic Materials,Westlake Chemical Partners LP,1.58012,0.17488545173784265,forecast_icc,0.14517397439804947,0.6571295302232407,2026-08-20
WLTH,9.16,0.0,1368148736.0,149361216.0,4.109,Technology,Wealthfront Corporation,0.665,0.1729323308270676,forecast_icc,0.09906889983596903,0.4485807868655591,2026-08-20
WLY,52.08,1.42,2643768064.0,42005091.0,16.68,Communication Services,"John Wiley & Sons, Inc.",4.8,0.10416666666666674,forecast_icc,0.10527281565570312,0.26501754349053214,2026-08-20
WLYB,53.19,1.42,2700115456.0,8758499.0,16.68,Communication Services,"John Wiley & Sons, Inc.",4.16,0.75,trailing_eps_fallback_icc,0.2911328305866884,0.054105746846997045,2026-08-20
WM,224.92,3.54,89903939584.0,399715184.0,24.815,Industrials,"Waste Management, Inc.",8.12753,0.12201862066335023,forecast_icc,0.05983865262661629,0.11032811617440234,2026-08-20
WMB,71.68,2.1,87676649472.0,1223167472.0,10.756,Energy,"Williams Companies, Inc. (The)",2.4601,0.06539978049672768,forecast_icc,0.04964109667641542,0.1500557948788128,2026-08-20
WMG,27.1,0.8,14176274432.0,147729456.0,1.239,Communication Services,Warner Music Group Corp.,1.78149,0.10613587502596133,forecast_icc,0.08864868106216728,0.012911487913272363,2026-08-20
WMK,70.18,1.36,,,56.02,Consumer Defensive,"Weis Markets, Inc.",4.01,0.01,trailing_eps_fallback_icc,0.04701298845206944,,2026-08-20
WMS,142.44,0.8,10740737024.0,75405342.0,25.122,Industrials,"Advanced Drainage Systems, Inc.",6.43673,0.1699372196752078,forecast_icc,0.07601667402711898,0.1763689956742395,2026-08-20
WMT,103.84,0.99,826366885888.0,7958079155.0,11.848,Consumer Defensive,Walmart Inc.,2.87104,0.14247102095407937,forecast_icc,0.05155542816448133,0.11409862064731748,2026-08-20
WNC,11.67,0.32,475402816.0,40737173.0,7.179,Industrials,Wabash National Corporation,1.225,0.04,forecast_icc,0.0888081440356715,0.6151670859412831,2026-08-20
WNEB,13.79,0.28,276432576.0,20045872.0,12.551,Financial Services,"Western New England Bancorp, In",0.92667,0.19424390559746185,forecast_icc,0.11121617915969428,0.9101522805763674,2026-08-20
WOOF,2.85,0.0,813860928.0,247774472.0,4.136,Consumer Cyclical,Petco Health and Wellness Compa,0.22265,0.24769818100157193,forecast_icc,0.12357845433881243,1.259177312652611,2026-08-20
WOR,56.39,0.8,2758981376.0,48926784.0,20.428,Industrials,"Worthington Enterprises, Inc.",3.734,0.10672201392608471,forecast_icc,0.0823108029915175,0.36226280911002423,2026-08-20
WPC,72.01,3.76,16404400128.0,227807251.0,38.069,Real Estate,W. P. Carey Inc. REIT,3.28815,0.01,forecast_icc,0.04695852871716355,0.5286626862701578,2026-08-20
WPM,150.25,0.78,68237533184.0,454159968.0,20.355,Basic Materials,Wheaton Precious Metals Corp,4.81269,0.051222912757730166,forecast_icc,0.037601265051330324,0.13547421363713053,2026-08-20
WPP,26.27,1.01,5666568192.0,215704907.0,3.17454,Communication Services,WPP plc,3.71747,0.01,forecast_icc,0.09391240115725308,0.1208427803682875,2026-08-20
WRB,69.18,0.4,25681520640.0,371227529.0,,Financial Services,W.R. Berkley Corporation,4.88297,0.01,forecast_icc,0.05110830363683727,,2026-08-20
WRBY,27.46,0.0,3394277120.0,108239371.0,3.062,Healthcare,Warby Parker Inc.,0.4195,0.45492252681764,forecast_icc,0.07438741177462116,0.09764345758604412,2026-08-20
WRLD,183.94,0.0,857745344.0,4663180.0,78.279,Financial Services,World Acceptance Corporation,13.18,0.14871016691957517,forecast_icc,0.09187629550913379,0.4255681126961617,2026-08-20
WRN,2.45,0.0,554129792.0,226175426.0,0.88766295,Basic Materials,Western Copper and Gold Corpora,0.01,0.04,trailing_eps_fallback_icc,0.010000000000000002,0.3623114092747908,2026-08-20
WSBC,40.88,1.52,3920632832.0,95905889.0,39.636,Financial Services,"WesBanco, Inc.",3.58429,0.07936299797170432,forecast_icc,0.09837576043790819,0.9695694494464715,2026-08-20
WSBF,21.04,0.64,378236672.0,17977028.0,19.946,Financial Services,"Waterstone Financial, Inc.",1.01,0.141,forecast_icc,0.08388898009595883,0.9480037950630024,2026-08-20
WSBK,12.99,0.0,116400048.0,8960743.0,12.818,Financial Services,"Winchester Bancorp, Inc.",0.49,0.04,trailing_eps_fallback_icc,0.03853013176756111,0.9867590756835427,2026-08-20
WSC,22.0,0.28,3986201088.0,181190958.0,4.81,Industrials,WillScot Holdings Corporation,1.13704,0.16583409554633066,forecast_icc,0.08505076096172381,0.21863636297818398,2026-08-20
WSE,12.52,0.0,12316293120.0,983729421.0,1.878,Technology,Wise Group plc,0.57517,0.20658240172470754,forecast_icc,0.08236397339989218,0.14999999063338304,2026-08-20
WSFS,79.9,0.8,4105901312.0,51388000.0,52.244,Financial Services,WSFS Financial Corporation,6.57833,0.04687207847584407,forecast_icc,0.07288075425944263,0.6538673163316401,2026-08-20
WSM,235.7,3.04,27752876032.0,117746611.0,15.88,Consumer Cyclical,"Williams-Sonoma, Inc.",9.40413,0.09478495086733174,forecast_icc,0.05635135668647359,0.06737378066777797,2026-08-20
WSO,314.45,13.2,12971752448.0,35588756.0,77.598,Industrials,"Watsco, Inc.",12.18715,0.08537927243038768,forecast_icc,0.06314531738340567,0.21289461845332927,2026-08-20
WSO-B,309.28,13.2,12758477824.0,5663438.0,77.598,Industrials,"Watsco, Inc.",11.66,0.01,trailing_eps_fallback_icc,0.03898672373539637,0.03444544623476237,2026-08-20
WST,353.77,0.88,24896831488.0,70375762.0,42.474,Healthcare,"West Pharmaceutical Services, I",8.95851,0.11232336627407902,forecast_icc,0.040778629618836285,0.12006106546645233,2026-08-20
WTBA,28.46,1.04,485064928.0,17043743.0,16.489,Financial Services,West Bancorporation,2.6,0.08269230769230762,forecast_icc,0.10155637156888042,0.579374558135442,2026-08-20
WTFC,152.61,2.2,10294371328.0,67455414.0,105.256,Financial Services,Wintrust Financial Corporation,13.1059,0.0534385276860041,forecast_icc,0.078735961502724,0.6897057459616052,2026-08-20
WTG,10.5,0.0,77031936.0,7336375.0,1.15,Financial Services,Wintergreen Acquisition Corp.,0.29,0.75,trailing_eps_fallback_icc,0.16249013357666303,0.10952381165650568,2026-08-20
WTM,2117.7,1.0,5054359040.0,2386721.0,2197.768,Financial Services,White Mountains Insurance Group,90.0,0.688,forecast_icc,0.18429973411101408,1.0378089481209472,2026-08-20
WTRG,40.41,1.44,11461609472.0,283632983.0,24.732,Utilities,"Essential Utilities, Inc.",2.22632,0.07029088361062219,forecast_icc,0.0718387390159167,0.6120266924721827,2026-08-20
WTS,369.9,2.3,12348390400.0,27466760.0,62.773,Industrials,"Watts Water Technologies, Inc.",12.8744,0.09424516870689126,forecast_icc,0.04894614341672365,0.13962717970756738,2026-08-20
WTTR,19.96,0.28,2848965632.0,128942892.0,8.137,Energy,"Select Water Solutions, Inc.",0.52,0.31319230769230777,forecast_icc,0.08563457446191702,0.3682769284469909,2026-08-20
WTW,341.15,3.84,31683260416.0,92871937.0,82.663,Financial Services,Willis Towers Watson Public Lim,19.87121,0.15200533837647523,forecast_icc,0.08686882101405013,0.24230690994018056,2026-08-20
WU,7.29,0.94,2273597696.0,311878981.0,2.934,Financial Services,Western Union Company (The),1.29423,0.17209460451388092,forecast_icc,0.24332844980495938,0.4024691491656051,2026-08-20
WW,15.0,0.0,149981408.0,9998760.0,31.833,Healthcare,"WW International, Inc.",9.18,0.01,trailing_eps_fallback_icc,0.19410792655841125,2.1221998868019694,2026-08-20
WWD,342.2,1.28,20205479936.0,59045820.0,42.378,Industrials,"Woodward, Inc.",9.45756,0.13456642093732407,forecast_icc,0.047915855182985134,0.1238398576963156,2026-08-20
WWW,20.45,0.4,1678256640.0,82066339.0,,Consumer Cyclical,"Wolverine World Wide, Inc.",1.64645,0.11807828965349687,forecast_icc,0.09848841910028183,,2026-08-20
WY,24.62,0.84,17744521216.0,720736000.0,13.091,Real Estate,Weyerhaeuser Company,0.33128,0.75,forecast_icc,0.13907997630401148,0.5317221502427716,2026-08-20
WYFI,21.16,0.0,822026240.0,38848118.0,12.582,Technology,"WhiteFiber, Inc.",0.51575,0.04,forecast_icc,0.028709815763552422,0.5946124307126741,2026-08-20
WYHG,5.71,0.0,71838456.0,12581166.0,14.780072,Consumer Defensive,Wing Yip Food Holdings Group Li,0.5,0.01,trailing_eps_fallback_icc,0.05814207264712323,2.588454007474103,2026-08-20
WYNN,99.6,1.0,10256198656.0,102973891.0,-1.663,Consumer Cyclical,"Wynn Resorts, Limited",4.69692,0.018512131354164074,forecast_icc,0.04161926523361659,,2026-08-20
WYY,9.17,0.0,91684000.0,9998255.0,1.214,Technology,WidePoint Corporation,0.03,0.75,forecast_icc,0.04818845477470517,0.13238822008202086,2026-08-20
XAIR,5.16,0.0,4941376.0,957631.0,10.389,Healthcare,"Beyond Air, Inc.",313.2,0.04,trailing_eps_fallback_icc,0.4,2.013372076725187,2026-08-20
XBIT,2.31,0.0,70426656.0,30487731.0,4.214,Healthcare,XBiotech Inc.,0.13,0.04,forecast_icc,0.051569268741551766,1.8242424918485411,2026-08-20
XBP,2.885,0.0,33980708.0,11778409.0,5.316,Technology,"XBP Global Holdings, Inc.",2.17,0.04,forecast_icc,0.24106638250575407,1.8426344219784943,2026-08-20
XEL,78.71,2.37,49164963840.0,624634306.0,38.141,Utilities,Xcel Energy Inc.,4.11442,0.10364765872225012,forecast_icc,0.07711928289393655,0.4845763162295453,2026-08-20
XERS,8.6,0.0,1567954688.0,182320306.0,0.082,Healthcare,"Xeris Biopharma Holdings, Inc.",0.39,0.04,forecast_icc,0.043987542411719205,0.009534883377956391,2026-08-20
XFOR,4.03,0.0,399561408.0,99146743.0,1.617,Healthcare,"X4 Pharmaceuticals, Inc.",1.43,0.04,trailing_eps_fallback_icc,0.1627921275965446,0.4012406609374046,2026-08-20
XHLD,7.51,0.0,89950600.0,11977443.0,0.418,Communication Services,"TEN Holdings, Inc.",1.65,0.04,forecast_icc,0.12445404285831907,0.05565911927213381,2026-08-20
XHR,19.39,0.56,1918219264.0,92245835.0,12.032,Real Estate,"Xenia Hotels & Resorts, Inc.",0.5,0.27,forecast_icc,0.08451306227396926,0.5786105413233927,2026-08-20
XIFR,11.34,0.0,1069361984.0,94272795.0,33.936,Utilities,"XPLR Infrastructure, LP",1.64,0.01,forecast_icc,0.0821149696466984,2.9917292918466045,2026-08-20
XMAX,8.55,0.0,551675264.0,64523426.0,,Consumer Cyclical,"XMAX, Inc.",0.5,0.04,trailing_eps_fallback_icc,0.053016943636976774,,2026-08-20
XMTR,83.12,0.0,4764735488.0,55848262.0,5.398,Industrials,"Xometry, Inc.",0.69938,0.75,forecast_icc,0.08782172430653612,0.06327086131753805,2026-08-20
XNET,5.04,0.0,320815072.0,63653784.0,18.801,Technology,Xunlei Limited,13.51,0.04,trailing_eps_fallback_icc,0.4,3.7303571354153835,2026-08-20
XOM,166.15,4.12,683194122240.0,4111911960.0,63.08,Energy,ExxonMobil Holdings Corporation,11.59078,0.01,forecast_icc,0.0558260922880599,0.3796569642408052,2026-08-20
XP,15.99,0.2,7926104064.0,393938855.0,9.08312,Financial Services,XP Inc.,10.617,0.13830837336347357,forecast_icc,0.2895515816527564,0.4514442232571222,2026-08-20
XPEL,50.36,0.0,1388462848.0,27570748.0,10.433,Consumer Cyclical,"XPEL, Inc.",2.25,0.20000000000000018,forecast_icc,0.07951402168121302,0.2071683907843388,2026-08-20
XPER,6.15,0.0,299946720.0,48771822.0,8.515,Technology,Xperi Inc.,0.881,0.5227014755959136,forecast_icc,0.2547515416415963,1.3845527776733149,2026-08-20
XPEV,12.0,0.0,11479122944.0,782239490.0,4.6544256,Consumer Cyclical,XPeng Inc.,0.38206863,0.04,forecast_icc,0.034483254612438535,0.317173666084828,2026-08-20
XPO,196.84,0.0,23047299072.0,117086465.0,,Industrials,"XPO, Inc.",5.45056,0.1807117066870192,forecast_icc,0.05479385762417588,,2026-08-20
XPOF,5.06,0.0,250556016.0,42219000.0,-7.618,Consumer Cyclical,"Xponential Fitness, Inc.",0.29333,0.75,forecast_icc,0.22525361765459329,,2026-08-20
XPRO,18.41,0.0,2068347904.0,112349149.0,13.509,Energy,Expro Ltd,0.983,0.19959308240081386,forecast_icc,0.08860219628284352,0.7337859607205617,2026-08-20
XRAY,10.78,0.64,2149034752.0,199353876.0,6.58,Healthcare,DENTSPLY SIRONA Inc.,1.50406,0.013649721420687877,forecast_icc,0.10397333680331389,0.6103896192740581,2026-08-20
XRN,37.03,1.92,536198688.0,13237830.0,28.418,Real Estate,Chiron Real Estate Inc.,3.72,0.04,trailing_eps_fallback_icc,0.09654550337048498,0.7015918937496542,2026-08-20
XRPN,10.5,0.0,414435008.0,23710000.0,-0.413,Financial Services,Armada Acquisition Corp. II,0.1,0.046,trailing_eps_fallback_icc,0.014465180607596516,,2026-08-20
XRTX,2.02,0.0,3669461.0,1816565.0,1.497,Healthcare,XORTX Therapeutics Inc.,0.8018253,0.04,forecast_icc,0.17294575331492423,0.7410891694992807,2026-08-20
XRX,2.84,0.1,372933216.0,131314511.0,2.461,Industrials,Xerox Holdings Corporation,0.13604,0.75,forecast_icc,0.26239044036116554,0.8665492847142905,2026-08-20
XYF,5.5,0.56,211838944.0,22249506.0,29.530441,Financial Services,X Financial,0.37,0.01,forecast_icc,0.0691375980177581,3.101590820865053,2026-08-20
XYL,113.44,1.72,26486745088.0,233486812.0,47.13,Industrials,Xylem Inc.,5.66539,0.09485489966268856,forecast_icc,0.06633768379404403,0.4154619003958151,2026-08-20
XYZ,80.08,0.0,48111665152.0,540816000.0,36.698,Technology,"Block, Inc.",4.05455,0.28075865385801135,forecast_icc,0.10449815835178777,0.41251670473880836,2026-08-20
XZO,16.18,0.0,1457590272.0,90085918.0,3.024,Financial Services,"Exzeo Group, Inc.",1.0,0.1499999999999999,forecast_icc,0.08426356375558164,0.1868973889748902,2026-08-20
YALA,5.53,0.0,839614336.0,127094974.0,5.463,Technology,Yalla Group Limited,0.8,0.07499999999999996,forecast_icc,0.11083738130132026,0.8269509144755718,2026-08-20
YB,13.4,1.26,617474688.0,32391451.0,12.317207,Technology,Yuanbao Inc.,30.06452,0.112452818139122,forecast_icc,0.4,0.6461353230358764,2026-08-20
YCBD,0.505,0.0,5658547.0,11205045.0,0.773,Healthcare,"cbdMD, Inc.",0.23,0.04,trailing_eps_fallback_icc,0.1860722817913859,1.5306932654266192,2026-08-20
YDDL,1.82,0.0,101980664.0,45829373.0,0.77,Industrials,One and One Green Technologies.,0.2,0.25,forecast_icc,0.14855731801149885,0.34603243228539876,2026-08-20
YELP,23.6,0.0,1280621440.0,54263621.0,11.287,Communication Services,Yelp Inc.,1.765,0.40347875354107643,forecast_icc,0.16140619556814706,0.47826271769040507,2026-08-20
YETI,44.0,0.0,3211507200.0,72988796.0,8.671,Consumer Cyclical,"YETI Holdings, Inc.",2.97158,0.132841787870426,forecast_icc,0.08448216310082468,0.1970681710182683,2026-08-20
YEXT,6.24,0.0,625548224.0,100248116.0,1.297,Technology,"Yext, Inc.",0.68,0.01,forecast_icc,0.06782023490246558,0.2078525706948534,2026-08-20
YHC,1.87,0.0,2438177.0,1303838.0,1.33,Consumer Defensive,LQR House Inc.,30.0,0.04,trailing_eps_fallback_icc,0.4,0.7112299640264017,2026-08-20
YHNA,10.96,0.0,46972600.0,4285821.0,-0.511,Financial Services,YHN Acquisition I Limited,0.16,0.04,trailing_eps_fallback_icc,0.019638774489542134,,2026-08-20
YI,3.44,0.0,30261556.0,5196964.0,-12.403272,Healthcare,"111, Inc.",0.14,0.04,forecast_icc,0.0405317015653609,,2026-08-20
YJ,3.98,0.0,19603650.0,2550640.0,28.063757,Consumer Cyclical,Yunji Inc. - American Depositor,0.1,0.04,forecast_icc,0.02932931379218162,3.6513884482981482,2026-08-20
YMM,8.62,0.17,9015608320.0,932510215.0,5.775951,Technology,Full Truck Alliance Co. Ltd.,4.98155,0.17354036394294936,forecast_icc,0.2937019945496616,0.597423170757208,2026-08-20
YORW,34.2,0.91,555017472.0,16228581.0,16.757,Utilities,The York Water Company,1.68,0.125,forecast_icc,0.07862751481991359,0.4899707586448738,2026-08-20
YOU,42.9,0.58,5825308672.0,102911049.0,1.807,Technology,"Clear Secure, Inc.",2.04667,0.21986934874698894,forecast_icc,0.09484504322787574,0.03192281748722413,2026-08-20
YOUL,0.5111,0.0,41407436.0,69855502.0,1.4246725,Consumer Defensive,Youlife Group Inc.,0.09,0.04,trailing_eps_fallback_icc,0.10925911928807858,2.4034623315748167,2026-08-20
YPF,50.92,0.0,19964461056.0,392023246.0,26.748478,Energy,YPF Sociedad Anonima,6.49124,0.01,forecast_icc,0.07548543735846802,0.5252345726592094,2026-08-20
YSG,2.98,0.0,279540320.0,63776824.0,4.651773,Consumer Defensive,Yatsen Holding Limited,1.56,0.75,forecast_icc,0.4,1.0612970175785446,2026-08-20
YSS,9.2,0.0,1263689856.0,137357605.0,17.356,Industrials,York Space Systems Inc.,0.145,0.04,forecast_icc,0.020833291535815646,1.8865219033458793,2026-08-20
YSWY,24.62,0.0,767788544.0,31185561.0,,Consumer Defensive,"Yesway, Inc.",1.7952,0.01,forecast_icc,0.05089425389130654,,2026-08-20
YSXT,1.06,0.0,33795448.0,26705175.0,1.208,Industrials,"YSX Tech. Co., Ltd",0.11,0.01,trailing_eps_fallback_icc,0.06555642118243832,0.9545620285903592,2026-08-20
YTRA,0.9805,0.0,62742368.0,63990178.0,0.87685436,Consumer Cyclical,"Yatra Online, Inc.",0.09025464,0.01,forecast_icc,0.06025155357135514,0.8942930967552274,2026-08-20
YUM,152.33,3.0,41571024896.0,272901085.0,-26.444,Consumer Cyclical,"Yum! Brands, Inc.",6.63874,0.12349933872993968,forecast_icc,0.06964798371407344,,2026-08-20
YUMC,48.88,1.16,16698595328.0,341624294.0,15.195,Consumer Cyclical,"Yum China Holdings, Inc.",2.94509,0.14100417983830726,forecast_icc,0.09174595648915701,0.3108633418180885,2026-08-20
Z,35.72,0.0,8032534016.0,177255435.0,19.241,Communication Services,"Zillow Group, Inc.",2.22442,0.254124670700677,forecast_icc,0.11065566337182797,0.4245947565290709,2026-08-20
ZBH,98.97,0.96,18877310976.0,190737689.0,66.232,Healthcare,"Zimmer Biomet Holdings, Inc.",8.53381,0.06251018009540865,forecast_icc,0.08030908662834957,0.6692128255930682,2026-08-20
ZBRA,360.52,0.0,17056438272.0,47310660.0,71.719,Technology,Zebra Technologies Corporation,21.12142,0.05352907143553809,forecast_icc,0.05688259439058296,0.1989321082415019,2026-08-20
ZD,55.4,0.0,1899511424.0,34287208.0,63.995,Communication Services,"Ziff Davis, Inc.",5.12828,0.16976257146645657,forecast_icc,0.11299631623623141,1.1551443430329167,2026-08-20
ZDGE,2.88,0.08,37637660.0,12543856.0,1.882,Communication Services,"Zedge, Inc.",0.31,0.01,forecast_icc,0.07575029937561928,0.6272317936874927,2026-08-20
ZEPP,5.36,0.0,78604304.0,8460126.0,12.234,Technology,Zepp Health Corporation,0.05,0.04,forecast_icc,0.013698506090062401,1.3167368225027474,2026-08-20
ZETA,27.85,0.0,6941824512.0,225619195.0,3.701,Technology,Zeta Global Holdings Corp.,0.96052,0.258443343189106,forecast_icc,0.0789688048725753,0.12028777726252611,2026-08-20
ZG,36.57,0.0,8223677440.0,41402072.0,19.241,Communication Services,"Zillow Group, Inc.",2.26479,0.2913426851937706,forecast_icc,0.11950887588234888,0.09686873946164892,2026-08-20
ZGN,13.63,0.14,3657093120.0,268312050.0,4.37009,Consumer Cyclical,Ermenegildo Zegna N.V.,0.42676,0.3074327490861375,forecast_icc,0.09078796349511997,0.3206229013344074,2026-08-20
ZH,3.21,0.0,274363616.0,80517419.0,7.0276217,Communication Services,Zhihu Inc.,0.34897,0.75,forecast_icc,0.29031327471136004,2.0623943117603183,2026-08-20
ZIM,27.16,1.99,3273314048.0,120519666.0,31.731,Industrials,ZIM Integrated Shipping Service,14.28,0.01,forecast_icc,0.2094780796201322,1.168298997825338,2026-08-20
ZION,67.89,1.92,9908773888.0,145953355.0,52.179,Financial Services,Zions Bancorporation N.A.,7.72756,0.01,forecast_icc,0.07868689417124075,0.7685814810819306,2026-08-20
ZIP,5.17,0.0,425109248.0,69196677.0,-1.027,Communication Services,"ZipRecruiter, Inc.",0.49848,0.01,forecast_icc,0.062262392555028745,,2026-08-20
ZJK,1.82,0.0,117066496.0,55322249.0,0.681,Industrials,"ZJK Industrial Co., Ltd.",0.28,0.3928571428571428,forecast_icc,0.2217617766723844,0.32182095523726967,2026-08-20
ZJYL,3.03,0.0,226230176.0,73663428.0,3.787,Healthcare,JIN MEDICAL INTERNATIONAL LTD.,0.2,0.04,trailing_eps_fallback_icc,0.05778729928806403,1.2330954551173579,2026-08-20
ZKH,2.9,0.0,461901760.0,129693749.0,2.664304,Consumer Cyclical,ZKH Group Limited,0.74999,0.75,forecast_icc,0.4,0.7480888885023863,2026-08-20
ZM,106.3,0.0,31170586624.0,264645644.0,33.975,Technology,"Zoom Communications, Inc.",6.08107,0.03689975612844454,forecast_icc,0.05129250907439509,0.2884557760609183,2026-08-20
ZOOZ,5.4,0.0,43746104.0,8101130.0,14.716,Industrials,ZOOZ Strategy Ltd.,1.04,0.75,forecast_icc,0.36099992572283857,2.725185060594196,2026-08-20
ZS,174.95,0.0,28291080192.0,161709525.0,14.635,Technology,"Zscaler, Inc.",4.13327,0.11243881962707492,forecast_icc,0.03831111257248543,0.08365247570307406,2026-08-20
ZTO,21.38,0.69,16248953856.0,553907203.0,12.358908,Industrials,ZTO Express (Cayman) Inc.,13.47122,0.11419752628195523,forecast_icc,0.27926623677163775,0.4213002401927877,2026-08-20
ZTS,75.02,2.12,31000033280.0,413223602.0,,Healthcare,Zoetis Inc.,6.24973,0.06390676077206559,forecast_icc,0.08621726406422703,,2026-08-20
ZUMZ,17.47,0.0,294757600.0,16872215.0,17.958,Consumer Cyclical,Zumiez Inc.,0.905,0.6574585635359116,forecast_icc,0.19340786400352672,1.0279335866827521,2026-08-20
ZVRA,11.89,0.0,706073152.0,59383781.0,3.481,Healthcare,"Zevra Therapeutics, Inc.",1.14,0.01,forecast_icc,0.06201659066194265,0.2927670328144696,2026-08-20
ZYME,26.57,0.0,1885387008.0,70959241.0,1.125,Healthcare,Zymeworks Inc.,1.12191,0.048952233245091126,forecast_icc,0.04381689972100833,0.042340986644265666,2026-08-20
